mtllib B.mtl
usemtl AXIS
v 0.515819 0.015427 0.773000
v 0.515600 0.015926 0.773000
v 0.515374 0.016423 0.773000
v 0.515141 0.016916 0.773000
v 0.514901 0.017405 0.773000
v 0.514654 0.017892 0.773000
v 0.514400 0.018374 0.773000
v 0.514140 0.018854 0.773000
v 0.513873 0.019329 0.773000
v 0.513600 0.019801 0.773000
v 0.513319 0.020269 0.773000
v 0.513033 0.020733 0.773000
v 0.512740 0.021192 0.773000
v 0.512440 0.021648 0.773000
v 0.512134 0.022100 0.773000
v 0.511822 0.022547 0.773000
v 0.511504 0.022990 0.773000
v 0.511179 0.023428 0.773000
v 0.510849 0.023862 0.773000
v 0.510512 0.024291 0.773000
v 0.510169 0.024715 0.773000
v 0.509821 0.025134 0.773000
v 0.509466 0.025549 0.773000
v 0.509106 0.025958 0.773000
v 0.508740 0.026363 0.773000
v 0.508369 0.026762 0.773000
v 0.507992 0.027156 0.773000
v 0.507610 0.027545 0.773000
v 0.507977 0.027172 0.773000
v 0.508339 0.026793 0.773000
v 0.508696 0.026410 0.773000
v 0.509048 0.026022 0.773000
v 0.509395 0.025629 0.773000
v 0.509737 0.025232 0.773000
v 0.510073 0.024829 0.773000
v 0.510405 0.024422 0.773000
v 0.510730 0.024011 0.773000
v 0.511051 0.023595 0.773000
v 0.511365 0.023174 0.773000
v 0.511675 0.022749 0.773000
v 0.511979 0.022319 0.773000
v 0.512278 0.021884 0.773000
v 0.512571 0.021445 0.773000
v 0.512859 0.021003 0.773000
v 0.513140 0.020556 0.773000
v 0.513415 0.020106 0.773000
v 0.513685 0.019652 0.773000
v 0.513948 0.019194 0.773000
v 0.514205 0.018732 0.773000
v 0.514456 0.018267 0.773000
v 0.514700 0.017799 0.773000
v 0.514939 0.017327 0.773000
v 0.515170 0.016853 0.773000
v 0.515396 0.016375 0.773000
v 0.515614 0.015894 0.773000
v 0.515826 0.015411 0.773000
v 0.516031 0.014925 0.773000
v 0.518963 0.001701 0.773000
v 0.518852 0.003399 0.773000
v 0.518666 0.005091 0.773000
v 0.518408 0.006772 0.773000
v 0.518076 0.008441 0.773000
v 0.517671 0.010094 0.773000
v 0.517195 0.011728 0.773000
v 0.516648 0.013339 0.773000
v 0.516031 0.014925 0.773000
v 0.516654 0.013322 0.773000
v 0.517198 0.011713 0.773000
v 0.517672 0.010081 0.773000
v 0.518076 0.008430 0.773000
v 0.518407 0.006763 0.773000
v 0.518665 0.005084 0.773000
v 0.518851 0.003394 0.773000
v 0.518963 0.001699 0.773000
v 0.519000 0.000000 0.773000
v 0.452035 0.027183 0.773000
v 0.451656 0.026789 0.773000
v 0.451284 0.026389 0.773000
v 0.450917 0.025984 0.773000
v 0.450555 0.025574 0.773000
v 0.450200 0.025159 0.773000
v 0.449850 0.024738 0.773000
v 0.449506 0.024313 0.773000
v 0.449169 0.023884 0.773000
v 0.448837 0.023449 0.773000
v 0.448511 0.023010 0.773000
v 0.448192 0.022567 0.773000
v 0.447879 0.022119 0.773000
v 0.447572 0.021666 0.773000
v 0.447272 0.021210 0.773000
v 0.446978 0.020749 0.773000
v 0.446690 0.020284 0.773000
v 0.446409 0.019815 0.773000
v 0.446135 0.019343 0.773000
v 0.445867 0.018866 0.773000
v 0.445606 0.018386 0.773000
v 0.445352 0.017902 0.773000
v 0.445104 0.017415 0.773000
v 0.444863 0.016924 0.773000
v 0.444630 0.016430 0.773000
v 0.444403 0.015933 0.773000
v 0.444183 0.015432 0.773000
v 0.443970 0.014929 0.773000
v 0.444182 0.015430 0.773000
v 0.444401 0.015928 0.773000
v 0.444627 0.016424 0.773000
v 0.444860 0.016916 0.773000
v 0.445100 0.017404 0.773000
v 0.445346 0.017890 0.773000
v 0.445600 0.018372 0.773000
v 0.445860 0.018850 0.773000
v 0.446126 0.019325 0.773000
v 0.446400 0.019796 0.773000
v 0.446680 0.020263 0.773000
v 0.446966 0.020726 0.773000
v 0.447258 0.021185 0.773000
v 0.447557 0.021640 0.773000
v 0.447863 0.022091 0.773000
v 0.448174 0.022537 0.773000
v 0.448492 0.022980 0.773000
v 0.448816 0.023417 0.773000
v 0.449145 0.023851 0.773000
v 0.449481 0.024279 0.773000
v 0.449823 0.024703 0.773000
v 0.450171 0.025122 0.773000
v 0.450524 0.025536 0.773000
v 0.450883 0.025945 0.773000
v 0.451248 0.026349 0.773000
v 0.451618 0.026748 0.773000
v 0.451994 0.027142 0.773000
v 0.452376 0.027530 0.773000
v 0.452418 0.027573 0.773000
v 0.442328 0.010092 0.773000
v 0.441333 0.005089 0.773000
v 0.441000 0.000000 0.773000
v 0.441334 0.005079 0.773000
v 0.442325 0.010072 0.773000
v 0.443967 0.014921 0.773000
v 0.491840 0.031500 0.766888
v 0.495836 0.035640 0.768052
v 0.497545 0.031500 0.768663
v 0.499116 0.033994 0.769289
v 0.502995 0.031500 0.771112
v 0.492357 0.036991 0.767018
v 0.488708 0.038015 0.766224
v 0.485964 0.031500 0.765813
v 0.484865 0.038695 0.765692
v 0.480944 0.038989 0.765462
v 0.480000 0.031500 0.765453
v 0.477007 0.038885 0.765543
v 0.474036 0.031500 0.765813
v 0.473226 0.038407 0.765918
v 0.469545 0.037572 0.766568
v 0.468160 0.031500 0.766888
v 0.466010 0.036404 0.767469
v 0.462455 0.031500 0.768663
v 0.463601 0.035385 0.768245
v 0.457005 0.031500 0.771112
v 0.461293 0.034221 0.769120
v 0.487056 0.031200 0.779156
v 0.486794 0.031200 0.779156
v 0.486794 0.031200 0.776152
v 0.486444 0.031200 0.776673
v 0.486444 0.031200 0.776235
v 0.486773 0.031200 0.775744
v 0.487056 0.031200 0.775744
v 0.518767 -0.031500 0.783623
v 0.518767 -0.034150 0.783623
v 0.518566 -0.031500 0.783260
v 0.518116 -0.034150 0.782642
v 0.518116 -0.031500 0.782642
v 0.519110 -0.034150 0.784130
v 0.518767 -0.034150 0.783623
v 0.519110 -0.031500 0.784130
v 0.518767 -0.031500 0.783623
v 0.518208 -0.026678 0.784089
v 0.518330 -0.029238 0.783626
v 0.518057 -0.026678 0.782914
v 0.518134 -0.028115 0.783079
v 0.517463 -0.026678 0.781889
v 0.517587 -0.028212 0.782033
v 0.517591 -0.029201 0.782034
v 0.518202 -0.030299 0.782876
v 0.518489 -0.030445 0.783537
v 0.518566 -0.031500 0.783260
v 0.518116 -0.031500 0.782642
v 0.517944 -0.030995 0.782441
v 0.518767 -0.031500 0.783623
v 0.511099 -0.031500 0.775850
v 0.507126 -0.034150 0.773000
v 0.507126 -0.031500 0.773000
v 0.511098 -0.034150 0.775851
v 0.514773 -0.031500 0.779074
v 0.514773 -0.034150 0.779075
v 0.518116 -0.031500 0.782642
v 0.518116 -0.034150 0.782642
v 0.500877 -0.034150 0.770066
v 0.495147 -0.034150 0.767825
v 0.489183 -0.034150 0.766311
v 0.483077 -0.034150 0.765548
v 0.476924 -0.034150 0.765548
v 0.470818 -0.034150 0.766311
v 0.464854 -0.034150 0.767825
v 0.459123 -0.034150 0.770066
v 0.453715 -0.034150 0.773000
v 0.452874 -0.034150 0.773000
v 0.448900 -0.034150 0.775852
v 0.445224 -0.034150 0.779077
v 0.441881 -0.034150 0.782646
v 0.441232 -0.034150 0.783625
v 0.440890 -0.034150 0.784130
v 0.438196 -0.034150 0.787891
v 0.435867 -0.034150 0.791872
v 0.433920 -0.034150 0.796043
v 0.432368 -0.034150 0.800376
v 0.431222 -0.034150 0.804843
v 0.430489 -0.034150 0.809410
v 0.430173 -0.034150 0.814873
v 0.430462 -0.034150 0.820343
v 0.431349 -0.034150 0.825747
v 0.432819 -0.034150 0.831019
v 0.435102 -0.034150 0.836607
v 0.438059 -0.034150 0.841896
v 0.441632 -0.034150 0.846789
v 0.445756 -0.034150 0.851195
v 0.450158 -0.034150 0.854899
v 0.454963 -0.034150 0.858078
v 0.460102 -0.034150 0.860681
v 0.465500 -0.034150 0.862669
v 0.469056 -0.034150 0.863607
v 0.472671 -0.034150 0.864283
v 0.476325 -0.034150 0.864691
v 0.480000 -0.034150 0.864827
v 0.485740 -0.034150 0.864493
v 0.491416 -0.034150 0.863499
v 0.496940 -0.034150 0.861859
v 0.502225 -0.034150 0.859595
v 0.506492 -0.034150 0.857198
v 0.510511 -0.034150 0.854391
v 0.514235 -0.034150 0.851204
v 0.517621 -0.034150 0.847670
v 0.520643 -0.034150 0.843821
v 0.523279 -0.034150 0.839688
v 0.525497 -0.034150 0.835317
v 0.527270 -0.034150 0.830756
v 0.528571 -0.034150 0.826106
v 0.529418 -0.034150 0.821353
v 0.529803 -0.034150 0.816541
v 0.528000 -0.034150 0.815500
v 0.528000 -0.034150 0.814500
v 0.529803 -0.034150 0.813459
v 0.529320 -0.034150 0.807927
v 0.528225 -0.034150 0.802475
v 0.526531 -0.034150 0.797178
v 0.524258 -0.034150 0.792112
v 0.521874 -0.034150 0.787999
v 0.519110 -0.034150 0.784130
v 0.518767 -0.034150 0.783623
v 0.518116 -0.034150 0.782642
v 0.514773 -0.034150 0.779075
v 0.511098 -0.034150 0.775851
v 0.507126 -0.034150 0.773000
v 0.506286 -0.034150 0.773000
v 0.518330 -0.029238 0.783626
v 0.518208 -0.026678 0.784089
v 0.518428 -0.029250 0.784078
v 0.518141 -0.024776 0.785024
v 0.517878 -0.013254 0.791786
v 0.518124 -0.011305 0.793456
v 0.517612 -0.000713 0.798398
v 0.517433 -0.000522 0.798017
v 0.517614 -0.009293 0.792408
v 0.517285 -0.000000 0.797007
v 0.519110 -0.031500 0.784130
v 0.518767 -0.031500 0.783623
v 0.519084 -0.030988 0.784380
v 0.518489 -0.030445 0.783537
v 0.518830 -0.025988 0.786769
v 0.528404 -0.031500 0.803188
v 0.528225 -0.034150 0.802475
v 0.527469 -0.031500 0.799855
v 0.526531 -0.034150 0.797178
v 0.525867 -0.031500 0.795531
v 0.524258 -0.034150 0.792112
v 0.524130 -0.031500 0.791867
v 0.521874 -0.034150 0.787999
v 0.522101 -0.031500 0.788355
v 0.519110 -0.034150 0.784130
v 0.519110 -0.031500 0.784130
v 0.529803 -0.031500 0.813459
v 0.529803 -0.034150 0.813459
v 0.529575 -0.031500 0.810006
v 0.529320 -0.034150 0.807927
v 0.529107 -0.031500 0.806576
v 0.507126 -0.031500 0.773000
v 0.507126 -0.030614 0.773000
v 0.511099 -0.031500 0.775850
v 0.509059 -0.028552 0.774313
v 0.512007 -0.024757 0.776589
v 0.514773 -0.031500 0.779074
v 0.513715 -0.022064 0.778079
v 0.515879 -0.017820 0.780178
v 0.517591 -0.029201 0.782034
v 0.517944 -0.030995 0.782441
v 0.518116 -0.031500 0.782642
v 0.517463 -0.026678 0.781889
v 0.517463 -0.013675 0.781889
v 0.517463 -0.026678 0.781889
v 0.517463 -0.013675 0.781889
v 0.518057 -0.026678 0.782914
v 0.517620 -0.012727 0.782082
v 0.518010 -0.009953 0.782783
v 0.518208 -0.026678 0.784089
v 0.518147 -0.008753 0.783236
v 0.518193 -0.008311 0.783505
v 0.518206 -0.008174 0.783640
v 0.518210 -0.008138 0.783690
v 0.518215 -0.008085 0.783821
v 0.518214 -0.008090 0.783955
v 0.518208 -0.008157 0.784089
v 0.506286 -0.028811 0.773000
v 0.506286 -0.034150 0.773000
v 0.507126 -0.034150 0.773000
v 0.507126 -0.031500 0.773000
v 0.507126 -0.030614 0.773000
v 0.507192 -0.029973 0.773000
v 0.507830 -0.028187 0.773000
v 0.508714 -0.026655 0.773000
v 0.510015 -0.024902 0.773000
v 0.488115 0.031200 0.777413
v 0.487947 0.031200 0.777305
v 0.487780 0.031200 0.777093
v 0.487669 0.031200 0.776809
v 0.487669 0.031200 0.776600
v 0.487781 0.031200 0.776242
v 0.487948 0.031200 0.776029
v 0.488228 0.031200 0.775815
v 0.488505 0.031200 0.775744
v 0.488728 0.031200 0.775744
v 0.489005 0.031200 0.775815
v 0.489286 0.031200 0.776029
v 0.489452 0.031200 0.776242
v 0.489565 0.031200 0.776600
v 0.489565 0.031200 0.776809
v 0.489453 0.031200 0.777093
v 0.489287 0.031200 0.777305
v 0.489119 0.031200 0.777413
v 0.489290 0.031200 0.777522
v 0.489512 0.031200 0.777734
v 0.489623 0.031200 0.778090
v 0.489623 0.031200 0.778300
v 0.489511 0.031200 0.778658
v 0.489344 0.031200 0.778871
v 0.489064 0.031200 0.779085
v 0.488786 0.031200 0.779156
v 0.488447 0.031200 0.779156
v 0.488169 0.031200 0.779085
v 0.487889 0.031200 0.778871
v 0.487723 0.031200 0.778658
v 0.487610 0.031200 0.778300
v 0.487610 0.031200 0.778090
v 0.487722 0.031200 0.777734
v 0.487944 0.031200 0.777522
v 0.461769 0.031200 0.780529
v 0.461732 0.031200 0.780765
v 0.461557 0.031200 0.780988
v 0.461382 0.031200 0.781100
v 0.461161 0.031200 0.781156
v 0.460752 0.031200 0.781156
v 0.460531 0.031200 0.781100
v 0.460357 0.031200 0.780988
v 0.460178 0.031200 0.780761
v 0.460089 0.031200 0.780533
v 0.460044 0.031200 0.780243
v 0.460044 0.031200 0.779357
v 0.460089 0.031200 0.779067
v 0.460178 0.031200 0.778839
v 0.460357 0.031200 0.778612
v 0.460531 0.031200 0.778500
v 0.460752 0.031200 0.778444
v 0.461161 0.031200 0.778444
v 0.461382 0.031200 0.778500
v 0.461557 0.031200 0.778612
v 0.461732 0.031200 0.778835
v 0.461769 0.031200 0.779071
v 0.461574 0.031200 0.779071
v 0.461532 0.031200 0.778912
v 0.461375 0.031200 0.778778
v 0.461173 0.031200 0.778714
v 0.460740 0.031200 0.778714
v 0.460538 0.031200 0.778778
v 0.460385 0.031200 0.778908
v 0.460285 0.031200 0.779100
v 0.460236 0.031200 0.779349
v 0.460236 0.031200 0.780251
v 0.460285 0.031200 0.780500
v 0.460385 0.031200 0.780692
v 0.460538 0.031200 0.780822
v 0.460740 0.031200 0.780886
v 0.461173 0.031200 0.780886
v 0.461375 0.031200 0.780822
v 0.461532 0.031200 0.780688
v 0.461574 0.031200 0.780529
v 0.441232 -0.034150 0.783625
v 0.440890 -0.034150 0.784130
v 0.441232 -0.031500 0.783625
v 0.440890 -0.031500 0.784130
v 0.469056 -0.034150 0.863607
v 0.472671 -0.034150 0.864283
v 0.470424 -0.031500 0.863895
v 0.476325 -0.034150 0.864691
v 0.475190 -0.031500 0.864593
v 0.480000 -0.034150 0.864827
v 0.480000 -0.031500 0.864827
v 0.454992 -0.031500 0.858094
v 0.454963 -0.034150 0.858078
v 0.458045 -0.031500 0.859729
v 0.460102 -0.034150 0.860681
v 0.461204 -0.031500 0.861146
v 0.465500 -0.034150 0.862669
v 0.465747 -0.031500 0.862744
v 0.449726 -0.031500 0.854573
v 0.450158 -0.034150 0.854899
v 0.452303 -0.031500 0.856417
v 0.444948 -0.031500 0.850413
v 0.445756 -0.034150 0.851195
v 0.447270 -0.031500 0.852569
v 0.438540 -0.031500 0.842632
v 0.438059 -0.034150 0.841896
v 0.440380 -0.031500 0.845212
v 0.441632 -0.034150 0.846789
v 0.442573 -0.031500 0.847893
v 0.435367 -0.031500 0.837149
v 0.435102 -0.034150 0.836607
v 0.436867 -0.031500 0.839941
v 0.432822 -0.031500 0.831029
v 0.432819 -0.034150 0.831019
v 0.434048 -0.031500 0.834267
v 0.431114 -0.031500 0.824624
v 0.431349 -0.034150 0.825747
v 0.431824 -0.031500 0.827713
v 0.430173 -0.031500 0.815176
v 0.430173 -0.034150 0.814873
v 0.430286 -0.031500 0.818343
v 0.430462 -0.034150 0.820343
v 0.430600 -0.031500 0.821497
v 0.430632 -0.031500 0.808269
v 0.430489 -0.034150 0.809410
v 0.430282 -0.031500 0.811715
v 0.433920 -0.034150 0.796043
v 0.432368 -0.034150 0.800376
v 0.433488 -0.031500 0.797128
v 0.431222 -0.034150 0.804843
v 0.431739 -0.031500 0.802616
v 0.436412 -0.031500 0.790862
v 0.435867 -0.034150 0.791872
v 0.434840 -0.031500 0.793944
v 0.438515 -0.031500 0.787406
v 0.438196 -0.034150 0.787891
v 0.440890 -0.031500 0.784130
v 0.440890 -0.034150 0.784130
v 0.445224 -0.031500 0.779077
v 0.441881 -0.034150 0.782646
v 0.441881 -0.031500 0.782646
v 0.445224 -0.034150 0.779077
v 0.448900 -0.031500 0.775851
v 0.448900 -0.034150 0.775852
v 0.452874 -0.031500 0.773000
v 0.452874 -0.034150 0.773000
v 0.495307 -0.031500 0.862417
v 0.496940 -0.034150 0.861859
v 0.499097 -0.031500 0.861023
v 0.502225 -0.034150 0.859595
v 0.503770 -0.031500 0.858790
v 0.506492 -0.034150 0.857198
v 0.508187 -0.031500 0.856084
v 0.510511 -0.034150 0.854391
v 0.511873 -0.031500 0.853298
v 0.514235 -0.034150 0.851204
v 0.515284 -0.031500 0.850183
v 0.517621 -0.034150 0.847670
v 0.518744 -0.031500 0.846329
v 0.520643 -0.034150 0.843821
v 0.521786 -0.031500 0.842137
v 0.523279 -0.034150 0.839688
v 0.524121 -0.031500 0.838151
v 0.525497 -0.034150 0.835317
v 0.526077 -0.031500 0.833966
v 0.527270 -0.034150 0.830756
v 0.527592 -0.031500 0.829753
v 0.528571 -0.034150 0.826106
v 0.528722 -0.031500 0.825421
v 0.529418 -0.034150 0.821353
v 0.529462 -0.031500 0.821005
v 0.529803 -0.034150 0.816541
v 0.529803 -0.031500 0.816541
v 0.480000 -0.031500 0.864827
v 0.480000 -0.034150 0.864827
v 0.483435 -0.031500 0.864708
v 0.485740 -0.034150 0.864493
v 0.487449 -0.031500 0.864265
v 0.491416 -0.034150 0.863499
v 0.491415 -0.031500 0.863499
v 0.528000 -0.034150 0.814500
v 0.529803 -0.034150 0.813459
v 0.529803 -0.031500 0.813459
v 0.528000 -0.025962 0.814500
v 0.528000 -0.034150 0.814500
v 0.528000 -0.034150 0.815500
v 0.528000 -0.025962 0.815500
v 0.528000 -0.025962 0.814500
v 0.529803 -0.034150 0.816541
v 0.528000 -0.034150 0.815500
v 0.528000 -0.025962 0.815500
v 0.529803 -0.031500 0.816541
v 0.441881 -0.034150 0.782646
v 0.441232 -0.034150 0.783625
v 0.441232 -0.031500 0.783625
v 0.441692 -0.031500 0.782880
v 0.441861 -0.031500 0.782669
v 0.441881 -0.031500 0.782646
v 0.509587 0.023579 0.793337
v 0.506401 0.027240 0.788880
v 0.506249 0.028041 0.789874
v 0.503485 0.030276 0.786596
v 0.504014 0.030137 0.787560
v 0.516737 0.005353 0.799227
v 0.516975 0.003648 0.798882
v 0.517110 0.002514 0.798263
v 0.517433 -0.000522 0.798017
v 0.517285 -0.000000 0.797007
v 0.503016 0.030437 0.785264
v 0.506040 0.027606 0.787704
v 0.502949 0.030497 0.784627
v 0.508810 0.024344 0.790934
v 0.511279 0.020659 0.794174
v 0.514336 0.015095 0.799626
v 0.515096 0.012882 0.800337
v 0.514222 0.014574 0.798517
v 0.515651 0.011034 0.800715
v 0.515504 0.010788 0.799519
v 0.516182 0.009002 0.800888
v 0.516439 0.006970 0.799586
v 0.513054 0.018261 0.798169
v 0.512409 0.018675 0.796549
v 0.513897 0.015403 0.797737
v 0.512718 0.018004 0.796158
v 0.505133 0.029884 0.789109
v 0.505919 0.029725 0.789985
v 0.509163 0.025403 0.793473
v 0.504448 0.030035 0.788216
v 0.517385 0.002140 0.799635
v 0.517612 -0.000713 0.798398
v 0.516886 0.005636 0.800612
v 0.511509 0.021444 0.796279
v 0.516238 0.007940 0.799604
v 0.515604 0.010459 0.799462
v 0.514783 0.013074 0.798778
v 0.518982 -0.001199 0.773258
v 0.518918 -0.002528 0.774148
v 0.518794 -0.004003 0.775883
v 0.518651 -0.005205 0.777884
v 0.518490 -0.006289 0.780145
v 0.518256 -0.007584 0.783422
v 0.518250 -0.007617 0.783505
v 0.518242 -0.007666 0.783607
v 0.518221 -0.007890 0.783900
v 0.518208 -0.008157 0.784089
v 0.518208 -0.026678 0.784089
v 0.518141 -0.024776 0.785024
v 0.517614 -0.009293 0.792408
v 0.517285 -0.000000 0.797007
v 0.519000 0.000000 0.773000
v 0.480000 -0.031500 0.864827
v 0.483435 -0.031500 0.864708
v 0.480000 -0.020932 0.861469
v 0.486166 -0.023519 0.861838
v 0.480000 -0.014035 0.859522
v 0.485872 -0.015759 0.859607
v 0.480000 -0.000250 0.856000
v 0.485351 -0.000250 0.855647
v 0.480000 0.008853 0.853869
v 0.518124 -0.011305 0.793456
v 0.519680 -0.015759 0.793791
v 0.518830 -0.025988 0.786769
v 0.519279 -0.023519 0.788754
v 0.522101 -0.031500 0.788355
v 0.516886 0.005636 0.800612
v 0.516182 0.009002 0.800888
v 0.517164 0.008999 0.803726
v 0.516260 0.013625 0.804000
v 0.518089 0.008999 0.807424
v 0.517162 0.013625 0.807608
v 0.518649 0.008999 0.811194
v 0.517709 0.013625 0.811286
v 0.518837 0.008999 0.815000
v 0.517893 0.013625 0.815000
v 0.518649 0.008999 0.818806
v 0.517709 0.013625 0.818714
v 0.518089 0.008999 0.822576
v 0.517162 0.013625 0.822392
v 0.517164 0.008999 0.826274
v 0.516260 0.013625 0.826000
v 0.515881 0.008999 0.829862
v 0.515008 0.013625 0.829501
v 0.514250 0.008999 0.833307
v 0.513417 0.013625 0.832862
v 0.512290 0.008999 0.836576
v 0.511505 0.013625 0.836051
v 0.510020 0.008999 0.839638
v 0.509290 0.013625 0.839038
v 0.507462 0.008999 0.842462
v 0.506794 0.013625 0.841794
v 0.504638 0.008999 0.845020
v 0.504038 0.013625 0.844290
v 0.501576 0.008999 0.847290
v 0.501051 0.013625 0.846505
v 0.498307 0.008999 0.849250
v 0.497862 0.013625 0.848417
v 0.494862 0.008999 0.850881
v 0.494501 0.013625 0.850008
v 0.490052 0.008999 0.852512
v 0.489807 0.013625 0.851600
v 0.485069 0.008999 0.853503
v 0.484945 0.013625 0.852567
v 0.480000 0.013405 0.852935
v 0.513054 0.018261 0.798169
v 0.512422 0.020568 0.797670
v 0.514336 0.015095 0.799626
v 0.513966 0.020568 0.800931
v 0.515096 0.012882 0.800337
v 0.515008 0.013625 0.800499
v 0.515651 0.011034 0.800715
v 0.480000 0.030514 0.851007
v 0.480000 0.025371 0.851252
v 0.484387 0.030514 0.850737
v 0.484727 0.025784 0.850909
v 0.488684 0.030514 0.849942
v 0.489374 0.025784 0.849984
v 0.492874 0.030514 0.848627
v 0.493861 0.025784 0.848463
v 0.496869 0.030514 0.846810
v 0.497073 0.025784 0.846943
v 0.500613 0.030514 0.844520
v 0.500122 0.025784 0.845114
v 0.504054 0.030514 0.841793
v 0.502977 0.025784 0.842998
v 0.505612 0.025784 0.840612
v 0.503852 0.030893 0.788033
v 0.503327 0.030872 0.787577
v 0.502829 0.031011 0.787163
v 0.502827 0.030970 0.787162
v 0.502437 0.030998 0.786847
v 0.510114 0.025784 0.794878
v 0.509017 0.030514 0.793684
v 0.511943 0.025784 0.797927
v 0.511553 0.030514 0.797656
v 0.513463 0.025784 0.801139
v 0.513266 0.030514 0.801221
v 0.514659 0.025784 0.804486
v 0.514808 0.030514 0.805792
v 0.515522 0.025784 0.807934
v 0.515669 0.030514 0.810095
v 0.516045 0.025784 0.811450
v 0.516220 0.025784 0.815000
v 0.516003 0.030514 0.814472
v 0.516045 0.025784 0.818550
v 0.515798 0.030514 0.818856
v 0.515522 0.025784 0.822066
v 0.515062 0.030514 0.823184
v 0.514659 0.025784 0.825514
v 0.513807 0.030514 0.827391
v 0.513463 0.025784 0.828861
v 0.511943 0.025784 0.832073
v 0.512048 0.030514 0.831412
v 0.510114 0.025784 0.835122
v 0.509812 0.030514 0.835189
v 0.507998 0.025784 0.837977
v 0.507135 0.030514 0.838667
v 0.524130 -0.031500 0.791867
v 0.521664 -0.023519 0.792730
v 0.525867 -0.031500 0.795531
v 0.523648 -0.023519 0.796920
v 0.527469 -0.031500 0.799855
v 0.525208 -0.023519 0.801286
v 0.528404 -0.031500 0.803188
v 0.526333 -0.023519 0.805784
v 0.529107 -0.031500 0.806576
v 0.528000 -0.025962 0.814500
v 0.527244 -0.023519 0.815000
v 0.528000 -0.025962 0.815500
v 0.527015 -0.023519 0.819630
v 0.529803 -0.031500 0.816541
v 0.529462 -0.031500 0.821005
v 0.528722 -0.031500 0.825421
v 0.526333 -0.023519 0.824216
v 0.527592 -0.031500 0.829753
v 0.525208 -0.023519 0.828714
v 0.526077 -0.031500 0.833966
v 0.523648 -0.023519 0.833080
v 0.524121 -0.031500 0.838151
v 0.521664 -0.023519 0.837270
v 0.521786 -0.031500 0.842137
v 0.519279 -0.023519 0.841246
v 0.518744 -0.031500 0.846329
v 0.516519 -0.023519 0.844971
v 0.515284 -0.031500 0.850183
v 0.513407 -0.023519 0.848407
v 0.511873 -0.031500 0.853298
v 0.509971 -0.023519 0.851519
v 0.508187 -0.031500 0.856084
v 0.506246 -0.023519 0.854279
v 0.503770 -0.031500 0.858790
v 0.502270 -0.023519 0.856664
v 0.499097 -0.031500 0.861023
v 0.498080 -0.023519 0.858648
v 0.495307 -0.031500 0.862417
v 0.492227 -0.023519 0.860632
v 0.491415 -0.031500 0.863499
v 0.487449 -0.031500 0.864265
v 0.491645 -0.015759 0.858458
v 0.497218 -0.015759 0.856569
v 0.501209 -0.015759 0.854680
v 0.504996 -0.015759 0.852408
v 0.508543 -0.015759 0.849779
v 0.511815 -0.015759 0.846815
v 0.514779 -0.015759 0.843543
v 0.517408 -0.015759 0.839996
v 0.519680 -0.015759 0.836209
v 0.521569 -0.015759 0.832218
v 0.523055 -0.015759 0.828061
v 0.524126 -0.015759 0.823777
v 0.524775 -0.015759 0.819410
v 0.524994 -0.015759 0.815000
v 0.524775 -0.015759 0.810590
v 0.527015 -0.023519 0.810370
v 0.524126 -0.015759 0.806223
v 0.523055 -0.015759 0.801939
v 0.521569 -0.015759 0.797782
v 0.517879 -0.000250 0.799310
v 0.519233 -0.000250 0.803098
v 0.520210 -0.000250 0.807002
v 0.520801 -0.000250 0.810982
v 0.521000 -0.000250 0.815000
v 0.520801 -0.000250 0.819018
v 0.520210 -0.000250 0.822998
v 0.519233 -0.000250 0.826902
v 0.517879 -0.000250 0.830690
v 0.516158 -0.000250 0.834326
v 0.514088 -0.000250 0.837777
v 0.511692 -0.000250 0.841009
v 0.508991 -0.000250 0.843991
v 0.506009 -0.000250 0.846692
v 0.502777 -0.000250 0.849088
v 0.499326 -0.000250 0.851158
v 0.495690 -0.000250 0.852879
v 0.490611 -0.000250 0.854601
v 0.517385 0.002140 0.799635
v 0.515180 0.020568 0.804328
v 0.516056 0.020568 0.807828
v 0.516586 0.020568 0.811397
v 0.516765 0.020568 0.815000
v 0.516586 0.020568 0.818603
v 0.516056 0.020568 0.822172
v 0.515180 0.020568 0.825672
v 0.513966 0.020568 0.829069
v 0.512422 0.020568 0.832330
v 0.510567 0.020568 0.835424
v 0.508418 0.020568 0.838323
v 0.505996 0.020568 0.840996
v 0.503323 0.020568 0.843418
v 0.500424 0.020568 0.845567
v 0.497330 0.020568 0.847422
v 0.494069 0.020568 0.848966
v 0.489515 0.020568 0.850510
v 0.484798 0.020568 0.851448
v 0.480000 0.020238 0.851809
v 0.511509 0.021444 0.796279
v 0.509163 0.025403 0.793473
v 0.505919 0.029725 0.789985
v 0.505229 0.030514 0.789310
v 0.505309 0.030055 0.789377
v 0.504787 0.030317 0.788879
v 0.504309 0.030533 0.788439
v 0.503829 0.030719 0.788011
v 0.517612 -0.000713 0.798398
v 0.507323 0.030514 0.791550
v 0.505694 0.029849 0.789758
v 0.529803 -0.031500 0.813459
v 0.529575 -0.031500 0.810006
v 0.519110 -0.031500 0.784130
v 0.519084 -0.030988 0.784380
v 0.515303 -0.016573 0.778076
v 0.514729 -0.018025 0.778284
v 0.513198 -0.020467 0.775876
v 0.511671 -0.022977 0.775313
v 0.511786 -0.022598 0.774539
v 0.508714 -0.026655 0.773000
v 0.510015 -0.024902 0.773000
v 0.511779 -0.023498 0.776051
v 0.514923 -0.018503 0.779033
v 0.512112 -0.024095 0.776650
v 0.515879 -0.017820 0.780178
v 0.513715 -0.022064 0.778079
v 0.512007 -0.024757 0.776589
v 0.509059 -0.028552 0.774313
v 0.508718 -0.028054 0.773972
v 0.507192 -0.029973 0.773000
v 0.507830 -0.028187 0.773000
v 0.517463 -0.013675 0.781889
v 0.516955 -0.013137 0.780956
v 0.516875 -0.012699 0.779902
v 0.508463 -0.027420 0.773371
v 0.507126 -0.030614 0.773000
v 0.518221 -0.007890 0.783900
v 0.518215 -0.008085 0.783821
v 0.518242 -0.007666 0.783607
v 0.518210 -0.008138 0.783690
v 0.518250 -0.007617 0.783505
v 0.518206 -0.008174 0.783640
v 0.518256 -0.007584 0.783422
v 0.518193 -0.008311 0.783505
v 0.518229 -0.007717 0.783134
v 0.518129 -0.008210 0.782682
v 0.518155 -0.008076 0.782652
v 0.517422 -0.010980 0.780692
v 0.517422 -0.011026 0.780973
v 0.516875 -0.012699 0.779902
v 0.517270 -0.012481 0.781456
v 0.516955 -0.013137 0.780956
v 0.517620 -0.012727 0.782082
v 0.517463 -0.013675 0.781889
v 0.517870 -0.009525 0.782151
v 0.517937 -0.009043 0.781828
v 0.518010 -0.009953 0.782783
v 0.518147 -0.008753 0.783236
v 0.518214 -0.008090 0.783955
v 0.518208 -0.008157 0.784089
v 0.443125 -0.012699 0.779902
v 0.444461 -0.016062 0.778339
v 0.443777 -0.014793 0.779924
v 0.446036 -0.019170 0.776646
v 0.446106 -0.019550 0.777425
v 0.448047 -0.022360 0.774692
v 0.449315 -0.024278 0.774452
v 0.449985 -0.024902 0.773000
v 0.450876 -0.026057 0.773000
v 0.452303 -0.028468 0.773000
v 0.449229 -0.024803 0.775189
v 0.452744 -0.029687 0.773000
v 0.448921 -0.025415 0.775788
v 0.452874 -0.030614 0.773000
v 0.449873 -0.027279 0.775098
v 0.443529 -0.015223 0.780686
v 0.443039 -0.013147 0.780977
v 0.442992 -0.015004 0.781381
v 0.442537 -0.013675 0.781889
v 0.447012 -0.023266 0.777428
v 0.445539 -0.020595 0.778773
v 0.445938 -0.020045 0.778169
v 0.444885 -0.019454 0.779408
v 0.463893 0.031200 0.778444
v 0.463176 0.031200 0.779759
v 0.463176 0.031200 0.781156
v 0.462984 0.031200 0.781156
v 0.462984 0.031200 0.779759
v 0.462267 0.031200 0.778444
v 0.462447 0.031200 0.778444
v 0.463080 0.031200 0.779625
v 0.463713 0.031200 0.778444
v 0.441792 -0.026678 0.784089
v 0.441690 -0.029012 0.783656
v 0.441623 -0.027803 0.784800
v 0.441484 -0.030579 0.783539
v 0.441034 -0.028691 0.785489
v 0.441232 -0.031500 0.783625
v 0.440890 -0.031500 0.784130
v 0.442532 -0.005061 0.794454
v 0.442567 -0.000521 0.798017
v 0.442715 -0.000000 0.797007
v 0.442299 -0.008071 0.794254
v 0.442186 -0.015222 0.789597
v 0.442040 -0.015704 0.790627
v 0.442388 -0.000713 0.798398
v 0.442265 -0.003199 0.797195
v 0.441731 -0.014385 0.792068
v 0.480000 -0.031500 0.864827
v 0.480000 -0.020932 0.861469
v 0.475190 -0.031500 0.864593
v 0.473834 -0.023519 0.861838
v 0.470424 -0.031500 0.863895
v 0.442265 -0.003199 0.797195
v 0.441731 -0.014385 0.792068
v 0.442388 -0.000713 0.798398
v 0.440320 -0.015759 0.793791
v 0.442121 -0.000250 0.799310
v 0.438431 -0.015759 0.797782
v 0.440767 -0.000250 0.803098
v 0.436945 -0.015759 0.801939
v 0.439790 -0.000250 0.807002
v 0.435874 -0.015759 0.806223
v 0.439199 -0.000250 0.810982
v 0.435225 -0.015759 0.810590
v 0.439000 -0.000250 0.815000
v 0.435006 -0.015759 0.815000
v 0.439199 -0.000250 0.819018
v 0.435225 -0.015759 0.819410
v 0.439790 -0.000250 0.822998
v 0.435874 -0.015759 0.823777
v 0.440767 -0.000250 0.826902
v 0.436945 -0.015759 0.828061
v 0.442121 -0.000250 0.830690
v 0.438431 -0.015759 0.832218
v 0.443842 -0.000250 0.834326
v 0.440320 -0.015759 0.836209
v 0.445912 -0.000250 0.837777
v 0.442592 -0.015759 0.839996
v 0.448308 -0.000250 0.841009
v 0.445221 -0.015759 0.843543
v 0.451009 -0.000250 0.843991
v 0.448185 -0.015759 0.846815
v 0.453991 -0.000250 0.846692
v 0.451457 -0.015759 0.849779
v 0.457223 -0.000250 0.849088
v 0.455004 -0.015759 0.852408
v 0.460674 -0.000250 0.851158
v 0.458791 -0.015759 0.854680
v 0.464310 -0.000250 0.852879
v 0.462782 -0.015759 0.856569
v 0.469389 -0.000250 0.854601
v 0.468355 -0.015759 0.858458
v 0.474649 -0.000250 0.855647
v 0.474128 -0.015759 0.859607
v 0.480000 -0.014035 0.859522
v 0.480000 0.030514 0.851007
v 0.474864 0.030514 0.850637
v 0.480000 0.025371 0.851252
v 0.475273 0.025784 0.850909
v 0.480000 0.020238 0.851809
v 0.475202 0.020568 0.851448
v 0.480000 0.013405 0.852935
v 0.475055 0.013625 0.852567
v 0.480000 0.008853 0.853869
v 0.474931 0.008999 0.853503
v 0.480000 -0.000250 0.856000
v 0.470626 0.025784 0.849984
v 0.470555 0.030514 0.849744
v 0.466139 0.025784 0.848463
v 0.466399 0.030514 0.848339
v 0.462927 0.025784 0.846943
v 0.462448 0.030514 0.846437
v 0.459878 0.025784 0.845114
v 0.458757 0.030514 0.844070
v 0.457023 0.025784 0.842998
v 0.455379 0.030514 0.841273
v 0.454388 0.025784 0.840612
v 0.452002 0.025784 0.837977
v 0.452368 0.030514 0.838084
v 0.449886 0.025784 0.835122
v 0.449767 0.030514 0.834553
v 0.448057 0.025784 0.832073
v 0.447613 0.030514 0.830734
v 0.446537 0.025784 0.828861
v 0.445941 0.030514 0.826680
v 0.445341 0.025784 0.825514
v 0.444478 0.025784 0.822066
v 0.444775 0.030514 0.822452
v 0.443955 0.025784 0.818550
v 0.444129 0.030514 0.818115
v 0.443780 0.025784 0.815000
v 0.444016 0.030514 0.813731
v 0.443955 0.025784 0.811450
v 0.444439 0.030514 0.809366
v 0.444478 0.025784 0.807934
v 0.445341 0.025784 0.804486
v 0.445387 0.030514 0.805085
v 0.446537 0.025784 0.801139
v 0.446734 0.030514 0.801221
v 0.448057 0.025784 0.797927
v 0.448802 0.030514 0.797027
v 0.465747 -0.031500 0.862744
v 0.467773 -0.023519 0.860632
v 0.461204 -0.031500 0.861146
v 0.461920 -0.023519 0.858648
v 0.458045 -0.031500 0.859729
v 0.457730 -0.023519 0.856664
v 0.454992 -0.031500 0.858094
v 0.453754 -0.023519 0.854279
v 0.452303 -0.031500 0.856417
v 0.449726 -0.031500 0.854573
v 0.450029 -0.023519 0.851519
v 0.447270 -0.031500 0.852569
v 0.444948 -0.031500 0.850413
v 0.446593 -0.023519 0.848407
v 0.442573 -0.031500 0.847893
v 0.443481 -0.023519 0.844971
v 0.440380 -0.031500 0.845212
v 0.440721 -0.023519 0.841246
v 0.438540 -0.031500 0.842632
v 0.436867 -0.031500 0.839941
v 0.438336 -0.023519 0.837270
v 0.435367 -0.031500 0.837149
v 0.434048 -0.031500 0.834267
v 0.436352 -0.023519 0.833080
v 0.432822 -0.031500 0.831029
v 0.434792 -0.023519 0.828714
v 0.431824 -0.031500 0.827713
v 0.433667 -0.023519 0.824216
v 0.431114 -0.031500 0.824624
v 0.430600 -0.031500 0.821497
v 0.432985 -0.023519 0.819630
v 0.430286 -0.031500 0.818343
v 0.430173 -0.031500 0.815176
v 0.432756 -0.023519 0.815000
v 0.430282 -0.031500 0.811715
v 0.432985 -0.023519 0.810370
v 0.430632 -0.031500 0.808269
v 0.433667 -0.023519 0.805784
v 0.431739 -0.031500 0.802616
v 0.434792 -0.023519 0.801286
v 0.433488 -0.031500 0.797128
v 0.436352 -0.023519 0.796920
v 0.434840 -0.031500 0.793944
v 0.438336 -0.023519 0.792730
v 0.436412 -0.031500 0.790862
v 0.438515 -0.031500 0.787406
v 0.440721 -0.023519 0.788754
v 0.440890 -0.031500 0.784130
v 0.441034 -0.028691 0.785489
v 0.469948 0.008999 0.852512
v 0.465138 0.008999 0.850881
v 0.461693 0.008999 0.849250
v 0.458424 0.008999 0.847290
v 0.455362 0.008999 0.845020
v 0.452538 0.008999 0.842462
v 0.449980 0.008999 0.839638
v 0.447710 0.008999 0.836576
v 0.445750 0.008999 0.833307
v 0.444119 0.008999 0.829862
v 0.442836 0.008999 0.826274
v 0.441911 0.008999 0.822576
v 0.441351 0.008999 0.818806
v 0.441163 0.008999 0.815000
v 0.441351 0.008999 0.811194
v 0.441911 0.008999 0.807424
v 0.442836 0.008999 0.803726
v 0.443155 0.005863 0.800652
v 0.443575 0.007952 0.800877
v 0.470193 0.013625 0.851600
v 0.465499 0.013625 0.850008
v 0.462138 0.013625 0.848417
v 0.458949 0.013625 0.846505
v 0.455962 0.013625 0.844290
v 0.453206 0.013625 0.841794
v 0.450710 0.013625 0.839038
v 0.448495 0.013625 0.836051
v 0.446583 0.013625 0.832862
v 0.444992 0.013625 0.829501
v 0.443740 0.013625 0.826000
v 0.442838 0.013625 0.822392
v 0.442291 0.013625 0.818714
v 0.442107 0.013625 0.815000
v 0.442291 0.013625 0.811286
v 0.442838 0.013625 0.807608
v 0.443740 0.013625 0.804000
v 0.444092 0.010088 0.800828
v 0.444992 0.013625 0.800499
v 0.444971 0.013091 0.800282
v 0.470485 0.020568 0.850510
v 0.465931 0.020568 0.848966
v 0.462670 0.020568 0.847422
v 0.459576 0.020568 0.845567
v 0.456677 0.020568 0.843418
v 0.454004 0.020568 0.840996
v 0.451582 0.020568 0.838323
v 0.449433 0.020568 0.835424
v 0.447578 0.020568 0.832330
v 0.446034 0.020568 0.829069
v 0.444820 0.020568 0.825672
v 0.443944 0.020568 0.822172
v 0.443414 0.020568 0.818603
v 0.443235 0.020568 0.815000
v 0.443414 0.020568 0.811397
v 0.443944 0.020568 0.807828
v 0.444820 0.020568 0.804328
v 0.446034 0.020568 0.800931
v 0.447578 0.020568 0.797670
v 0.454771 0.030514 0.789310
v 0.455731 0.030796 0.788406
v 0.455018 0.030222 0.789063
v 0.454734 0.030078 0.789336
v 0.454407 0.029904 0.789657
v 0.454081 0.029725 0.789985
v 0.449886 0.025784 0.794878
v 0.449705 0.023601 0.794804
v 0.447434 0.019330 0.797577
v 0.446133 0.016324 0.799117
v 0.451292 0.030514 0.793269
v 0.452519 0.027782 0.791600
v 0.457171 0.031011 0.787163
v 0.456839 0.030912 0.787438
v 0.456528 0.030833 0.787701
v 0.456217 0.030735 0.787970
v 0.455803 0.030579 0.788337
v 0.455390 0.030400 0.788714
v 0.457173 0.030970 0.787162
v 0.457563 0.030998 0.786847
v 0.442643 0.002397 0.799728
v 0.441232 -0.031500 0.783625
v 0.441484 -0.030579 0.783539
v 0.441692 -0.031500 0.782880
v 0.441535 -0.030575 0.783393
v 0.441861 -0.031500 0.782669
v 0.441920 -0.030964 0.782610
v 0.441881 -0.031500 0.782646
v 0.442127 -0.030751 0.782359
v 0.441690 -0.029012 0.783656
v 0.441691 -0.029317 0.783462
v 0.442013 -0.029496 0.782578
v 0.441943 -0.026678 0.782914
v 0.442537 -0.026678 0.781889
v 0.442408 -0.029203 0.782035
v 0.441792 -0.026678 0.784089
v 0.502666 0.030648 0.784593
v 0.502350 0.030700 0.784556
v 0.502704 0.030647 0.785613
v 0.502341 0.030700 0.785305
v 0.502623 0.030700 0.786612
v 0.503392 0.030546 0.787118
v 0.503720 0.030528 0.787727
v 0.504014 0.030137 0.787560
v 0.504021 0.030440 0.788036
v 0.504448 0.030035 0.788216
v 0.504294 0.030352 0.788316
v 0.504570 0.030256 0.788600
v 0.502982 0.030677 0.786973
v 0.503218 0.030642 0.787214
v 0.503485 0.030276 0.786596
v 0.504890 0.030137 0.788930
v 0.505133 0.029884 0.789109
v 0.505214 0.030012 0.789262
v 0.505448 0.029918 0.789502
v 0.503016 0.030437 0.785264
v 0.503456 0.030593 0.787456
v 0.505919 0.029725 0.789985
v 0.502949 0.030497 0.784627
v 0.503941 0.030785 0.773000
v 0.504008 0.030556 0.774947
v 0.504343 0.030468 0.773000
v 0.504053 0.030501 0.775160
v 0.504051 0.030483 0.775371
v 0.503535 0.031096 0.773000
v 0.503761 0.030784 0.774548
v 0.503916 0.030645 0.774749
v 0.503568 0.030947 0.774385
v 0.503292 0.031168 0.774235
v 0.503125 0.031402 0.773000
v 0.502987 0.031403 0.774135
v 0.517285 -0.000000 0.797007
v 0.519000 0.000000 0.773000
v 0.517110 0.002514 0.798263
v 0.518963 0.001699 0.773000
v 0.518851 0.003394 0.773000
v 0.516737 0.005353 0.799227
v 0.518665 0.005084 0.773000
v 0.516238 0.007940 0.799604
v 0.518407 0.006763 0.773000
v 0.518076 0.008430 0.773000
v 0.515604 0.010459 0.799462
v 0.517672 0.010081 0.773000
v 0.517198 0.011713 0.773000
v 0.514783 0.013074 0.798778
v 0.516654 0.013322 0.773000
v 0.513897 0.015403 0.797737
v 0.516031 0.014925 0.773000
v 0.515826 0.015411 0.773000
v 0.512718 0.018004 0.796158
v 0.515396 0.016375 0.773000
v 0.515170 0.016853 0.773000
v 0.514939 0.017327 0.773000
v 0.514700 0.017799 0.773000
v 0.514456 0.018267 0.773000
v 0.514205 0.018732 0.773000
v 0.513948 0.019194 0.773000
v 0.511279 0.020659 0.794174
v 0.513685 0.019652 0.773000
v 0.513415 0.020106 0.773000
v 0.513140 0.020556 0.773000
v 0.512859 0.021003 0.773000
v 0.512571 0.021445 0.773000
v 0.512278 0.021884 0.773000
v 0.508810 0.024344 0.790934
v 0.511979 0.022319 0.773000
v 0.511675 0.022749 0.773000
v 0.511365 0.023174 0.773000
v 0.511051 0.023595 0.773000
v 0.510730 0.024011 0.773000
v 0.510405 0.024422 0.773000
v 0.510073 0.024829 0.773000
v 0.509737 0.025232 0.773000
v 0.506040 0.027606 0.787704
v 0.509395 0.025629 0.773000
v 0.509048 0.026022 0.773000
v 0.508696 0.026410 0.773000
v 0.508339 0.026793 0.773000
v 0.507977 0.027172 0.773000
v 0.507610 0.027545 0.773000
v 0.506286 0.028811 0.773000
v 0.502949 0.030497 0.784627
v 0.505906 0.029152 0.773000
v 0.505522 0.029488 0.773000
v 0.505133 0.029820 0.773000
v 0.504740 0.030147 0.773000
v 0.515614 0.015894 0.773000
v 0.467850 0.030700 0.777115
v 0.467806 0.031200 0.777159
v 0.467806 0.031200 0.775744
v 0.467850 0.030700 0.775700
v 0.502827 0.030970 0.787162
v 0.502838 0.030874 0.787149
v 0.502437 0.030998 0.786847
v 0.502870 0.030783 0.787110
v 0.502451 0.030888 0.786830
v 0.502921 0.030713 0.787047
v 0.502493 0.030787 0.786778
v 0.502982 0.030677 0.786973
v 0.502556 0.030721 0.786698
v 0.502623 0.030700 0.786612
v 0.503829 0.030719 0.788011
v 0.504309 0.030533 0.788439
v 0.503657 0.030752 0.787859
v 0.503946 0.030554 0.788075
v 0.503670 0.030620 0.787810
v 0.504021 0.030440 0.788036
v 0.503720 0.030528 0.787727
v 0.504570 0.030256 0.788600
v 0.504559 0.030375 0.788661
v 0.504890 0.030137 0.788930
v 0.504787 0.030317 0.788879
v 0.505309 0.030055 0.789377
v 0.505919 0.029725 0.789985
v 0.505448 0.029918 0.789502
v 0.505694 0.029849 0.789758
v 0.505214 0.030012 0.789262
v 0.504294 0.030352 0.788316
v 0.504253 0.030470 0.788369
v 0.502921 0.030713 0.787047
v 0.503149 0.030710 0.787306
v 0.503218 0.030642 0.787214
v 0.503395 0.030674 0.787544
v 0.503456 0.030593 0.787456
v 0.503366 0.030800 0.787601
v 0.503106 0.030828 0.787370
v 0.503327 0.030872 0.787577
v 0.502838 0.030874 0.787149
v 0.502827 0.030970 0.787162
v 0.502870 0.030783 0.787110
v 0.502982 0.030677 0.786973
v 0.467850 0.030700 0.775700
v 0.467806 0.031200 0.775744
v 0.467544 0.031200 0.775744
v 0.467500 0.030700 0.775700
v 0.467500 0.030700 0.779200
v 0.467544 0.031200 0.779156
v 0.467806 0.031200 0.779156
v 0.467850 0.030700 0.779200
v 0.441895 -0.009139 0.783068
v 0.442284 -0.010312 0.781927
v 0.442126 -0.011007 0.782485
v 0.443039 -0.013147 0.780977
v 0.442537 -0.013675 0.781889
v 0.441837 -0.008601 0.783315
v 0.441926 -0.008485 0.782542
v 0.441757 -0.007648 0.783266
v 0.441820 -0.007957 0.782790
v 0.441784 -0.007975 0.783972
v 0.441770 -0.007777 0.783776
v 0.441785 -0.008082 0.783836
v 0.441750 -0.007617 0.783506
v 0.441789 -0.008128 0.783707
v 0.441802 -0.008252 0.783556
v 0.441745 -0.007585 0.783426
v 0.441744 -0.007584 0.783422
v 0.441979 -0.008684 0.782097
v 0.442404 -0.010371 0.781011
v 0.443125 -0.012699 0.779902
v 0.441786 -0.008095 0.783970
v 0.441792 -0.008157 0.784089
v 0.495337 0.031200 0.777517
v 0.496157 0.031200 0.776489
v 0.497342 0.031200 0.775918
v 0.498658 0.031200 0.775918
v 0.499843 0.031200 0.776489
v 0.500663 0.031200 0.777517
v 0.500956 0.031200 0.778800
v 0.500663 0.031200 0.780083
v 0.499843 0.031200 0.781111
v 0.498658 0.031200 0.781682
v 0.497342 0.031200 0.781682
v 0.496157 0.031200 0.781111
v 0.495337 0.031200 0.780083
v 0.495044 0.031200 0.778800
v 0.443349 0.005856 0.799340
v 0.442954 0.003115 0.798510
v 0.443082 0.004091 0.799014
v 0.442715 -0.000000 0.797007
v 0.442567 -0.000521 0.798017
v 0.447655 0.018739 0.795643
v 0.448117 0.019699 0.795944
v 0.450050 0.022754 0.792392
v 0.451131 0.024640 0.792552
v 0.450888 0.023923 0.791513
v 0.454800 0.029231 0.788888
v 0.454683 0.028401 0.787913
v 0.455417 0.030004 0.788403
v 0.456161 0.030181 0.787266
v 0.453147 0.026725 0.788604
v 0.456810 0.030367 0.785885
v 0.456346 0.029895 0.785281
v 0.457046 0.030482 0.784804
v 0.457051 0.030497 0.784627
v 0.454859 0.029883 0.789118
v 0.454081 0.029725 0.789985
v 0.452519 0.027782 0.791600
v 0.446601 0.016561 0.797084
v 0.446080 0.015337 0.798213
v 0.446133 0.016324 0.799117
v 0.447434 0.019330 0.797577
v 0.445417 0.013636 0.798562
v 0.444863 0.011988 0.799298
v 0.444971 0.013091 0.800282
v 0.443770 0.007958 0.799662
v 0.443155 0.005863 0.800652
v 0.443575 0.007952 0.800877
v 0.444092 0.010088 0.800828
v 0.444547 0.010982 0.799369
v 0.443872 0.008421 0.799616
v 0.442643 0.002397 0.799728
v 0.449705 0.023601 0.794804
v 0.442388 -0.000713 0.798398
v 0.471196 0.031200 0.779156
v 0.470805 0.031200 0.779156
v 0.470350 0.031200 0.775744
v 0.470612 0.031200 0.775744
v 0.470994 0.031200 0.778671
v 0.471503 0.031200 0.775744
v 0.471897 0.031200 0.775744
v 0.472406 0.031200 0.778671
v 0.472788 0.031200 0.775744
v 0.473050 0.031200 0.775744
v 0.472595 0.031200 0.779156
v 0.472204 0.031200 0.779156
v 0.471700 0.031200 0.776101
v 0.456330 0.030620 0.787810
v 0.456053 0.030554 0.788075
v 0.456343 0.030752 0.787859
v 0.455803 0.030579 0.788337
v 0.456217 0.030735 0.787970
v 0.456528 0.030833 0.787701
v 0.456634 0.030800 0.787601
v 0.456839 0.030912 0.787438
v 0.456894 0.030828 0.787370
v 0.457162 0.030874 0.787149
v 0.457130 0.030783 0.787110
v 0.454407 0.029904 0.789657
v 0.454734 0.030078 0.789336
v 0.454552 0.029918 0.789502
v 0.455018 0.030222 0.789063
v 0.455019 0.030103 0.789023
v 0.455441 0.030375 0.788661
v 0.455430 0.030256 0.788600
v 0.455747 0.030470 0.788369
v 0.455683 0.030344 0.788340
v 0.456015 0.030451 0.787999
v 0.456479 0.030578 0.787523
v 0.456605 0.030674 0.787544
v 0.456851 0.030710 0.787306
v 0.456781 0.030642 0.787214
v 0.457079 0.030713 0.787047
v 0.457018 0.030677 0.786973
v 0.455390 0.030400 0.788714
v 0.454081 0.029725 0.789985
v 0.457173 0.030970 0.787162
v 0.457130 0.030783 0.787110
v 0.457444 0.030721 0.786698
v 0.457079 0.030713 0.787047
v 0.457377 0.030700 0.786612
v 0.457018 0.030677 0.786973
v 0.457507 0.030787 0.786778
v 0.457162 0.030874 0.787149
v 0.457549 0.030888 0.786830
v 0.457173 0.030970 0.787162
v 0.457563 0.030998 0.786847
v 0.457990 0.031185 0.786557
v 0.457170 0.031192 0.787211
v 0.458056 0.031354 0.786647
v 0.457219 0.031357 0.787316
v 0.458158 0.031465 0.786782
v 0.457311 0.031466 0.787459
v 0.458270 0.031500 0.786928
v 0.457423 0.031500 0.787604
v 0.457588 0.030998 0.786827
v 0.457563 0.030998 0.786847
v 0.457971 0.031000 0.786527
v 0.457171 0.031011 0.787163
v 0.457219 0.031357 0.787316
v 0.456100 0.031225 0.788289
v 0.457311 0.031466 0.787459
v 0.456763 0.031426 0.787918
v 0.457423 0.031500 0.787604
v 0.457170 0.031192 0.787211
v 0.454771 0.030514 0.789310
v 0.455094 0.030720 0.789016
v 0.455731 0.030796 0.788406
v 0.457171 0.031011 0.787163
v 0.467806 0.031200 0.779156
v 0.467544 0.031200 0.779156
v 0.467544 0.031200 0.775744
v 0.467806 0.031200 0.775744
v 0.467806 0.031200 0.777159
v 0.469527 0.031200 0.777159
v 0.469527 0.031200 0.775744
v 0.469790 0.031200 0.775744
v 0.469790 0.031200 0.779156
v 0.469527 0.031200 0.779156
v 0.469527 0.031200 0.777518
v 0.467806 0.031200 0.777518
v 0.458342 0.031500 0.786872
v 0.458923 0.031500 0.786434
v 0.458230 0.031465 0.786726
v 0.458814 0.031465 0.786286
v 0.458126 0.031354 0.786592
v 0.458713 0.031354 0.786150
v 0.458058 0.031184 0.786504
v 0.458647 0.031184 0.786060
v 0.458037 0.031000 0.786476
v 0.458626 0.031000 0.786032
v 0.458626 0.031000 0.786032
v 0.458647 0.031184 0.786060
v 0.462882 0.031000 0.783330
v 0.461801 0.031184 0.783980
v 0.467473 0.031000 0.781250
v 0.467485 0.031184 0.781283
v 0.458814 0.031465 0.786286
v 0.458923 0.031500 0.786434
v 0.461943 0.031465 0.784222
v 0.463120 0.031500 0.783770
v 0.467582 0.031465 0.781546
v 0.467647 0.031500 0.781719
v 0.458713 0.031354 0.786150
v 0.461857 0.031354 0.784076
v 0.467523 0.031354 0.781387
v 0.481310 0.031200 0.777118
v 0.481368 0.031200 0.776751
v 0.481425 0.031200 0.776533
v 0.481538 0.031200 0.776243
v 0.481706 0.031200 0.776029
v 0.481985 0.031200 0.775815
v 0.482317 0.031200 0.775745
v 0.482648 0.031200 0.775815
v 0.482927 0.031200 0.776029
v 0.483095 0.031200 0.776243
v 0.483208 0.031200 0.776533
v 0.483265 0.031200 0.776751
v 0.483323 0.031200 0.777118
v 0.483323 0.031200 0.777782
v 0.483265 0.031200 0.778148
v 0.483208 0.031200 0.778367
v 0.483095 0.031200 0.778657
v 0.482927 0.031200 0.778871
v 0.482648 0.031200 0.779085
v 0.482317 0.031200 0.779155
v 0.481985 0.031200 0.779085
v 0.481706 0.031200 0.778871
v 0.481538 0.031200 0.778657
v 0.481425 0.031200 0.778367
v 0.481368 0.031200 0.778148
v 0.481310 0.031200 0.777782
v 0.467473 0.031000 0.781250
v 0.467485 0.031184 0.781283
v 0.470509 0.031000 0.780389
v 0.469746 0.031184 0.780593
v 0.474432 0.031000 0.780000
v 0.474432 0.031184 0.780035
v 0.467582 0.031465 0.781546
v 0.467647 0.031500 0.781719
v 0.469812 0.031465 0.780866
v 0.470606 0.031500 0.780879
v 0.474432 0.031465 0.780316
v 0.474432 0.031500 0.780500
v 0.467523 0.031354 0.781387
v 0.469772 0.031354 0.780701
v 0.474432 0.031354 0.780146
v 0.478744 0.031200 0.777118
v 0.478801 0.031200 0.776751
v 0.478858 0.031200 0.776533
v 0.478972 0.031200 0.776243
v 0.479139 0.031200 0.776029
v 0.479419 0.031200 0.775815
v 0.479750 0.031200 0.775745
v 0.480081 0.031200 0.775815
v 0.480361 0.031200 0.776029
v 0.480528 0.031200 0.776243
v 0.480642 0.031200 0.776533
v 0.480699 0.031200 0.776751
v 0.480756 0.031200 0.777118
v 0.480756 0.031200 0.777782
v 0.480699 0.031200 0.778148
v 0.480642 0.031200 0.778367
v 0.480528 0.031200 0.778657
v 0.480361 0.031200 0.778871
v 0.480081 0.031200 0.779085
v 0.479750 0.031200 0.779155
v 0.479419 0.031200 0.779085
v 0.479139 0.031200 0.778871
v 0.478972 0.031200 0.778657
v 0.478858 0.031200 0.778367
v 0.478801 0.031200 0.778148
v 0.478744 0.031200 0.777782
v 0.502467 0.030787 0.786757
v 0.502046 0.030888 0.786512
v 0.502425 0.030888 0.786810
v 0.502033 0.030999 0.786530
v 0.502412 0.030998 0.786827
v 0.502087 0.030787 0.786459
v 0.502530 0.030721 0.786678
v 0.502149 0.030721 0.786379
v 0.502599 0.030700 0.786592
v 0.502216 0.030700 0.786292
v 0.502493 0.030787 0.786778
v 0.502425 0.030888 0.786810
v 0.502451 0.030888 0.786830
v 0.502412 0.030998 0.786827
v 0.502437 0.030998 0.786847
v 0.502467 0.030787 0.786757
v 0.502556 0.030721 0.786698
v 0.502530 0.030721 0.786678
v 0.502623 0.030700 0.786612
v 0.502599 0.030700 0.786592
v 0.469483 0.030700 0.777115
v 0.469527 0.031200 0.777159
v 0.467806 0.031200 0.777159
v 0.467850 0.030700 0.777115
v 0.473610 0.031200 0.778844
v 0.475238 0.031200 0.776989
v 0.475360 0.031200 0.776676
v 0.475360 0.031200 0.776508
v 0.475235 0.031200 0.776268
v 0.475046 0.031200 0.776107
v 0.474739 0.031200 0.776029
v 0.474495 0.031200 0.776029
v 0.474188 0.031200 0.776107
v 0.473999 0.031200 0.776268
v 0.473890 0.031200 0.776475
v 0.473678 0.031200 0.776475
v 0.473724 0.031200 0.776240
v 0.473947 0.031200 0.775956
v 0.474166 0.031200 0.775816
v 0.474562 0.031200 0.775744
v 0.474787 0.031200 0.775744
v 0.475125 0.031200 0.775816
v 0.475345 0.031200 0.775956
v 0.475567 0.031200 0.776240
v 0.475623 0.031200 0.776523
v 0.475623 0.031200 0.776664
v 0.475567 0.031200 0.776951
v 0.475455 0.031200 0.777164
v 0.473936 0.031200 0.778871
v 0.475623 0.031200 0.778871
v 0.475623 0.031200 0.779156
v 0.473610 0.031200 0.779156
v 0.467500 0.030700 0.775700
v 0.467544 0.031200 0.775744
v 0.467544 0.031200 0.779156
v 0.467500 0.030700 0.779200
v 0.457660 0.030700 0.785281
v 0.457650 0.030700 0.784556
v 0.457378 0.030660 0.785304
v 0.457331 0.030647 0.784594
v 0.457046 0.030482 0.784804
v 0.457051 0.030497 0.784627
v 0.455417 0.030004 0.788403
v 0.454859 0.029883 0.789118
v 0.455019 0.030103 0.789023
v 0.455430 0.030256 0.788600
v 0.455683 0.030344 0.788340
v 0.456015 0.030451 0.787999
v 0.456125 0.030474 0.787858
v 0.456161 0.030181 0.787266
v 0.456898 0.030588 0.786591
v 0.456781 0.030642 0.787214
v 0.457018 0.030677 0.786973
v 0.457377 0.030700 0.786612
v 0.456810 0.030367 0.785885
v 0.456479 0.030578 0.787523
v 0.454552 0.029918 0.789502
v 0.454081 0.029725 0.789985
v 0.476177 0.031200 0.778844
v 0.477805 0.031200 0.776989
v 0.477927 0.031200 0.776676
v 0.477927 0.031200 0.776508
v 0.477802 0.031200 0.776268
v 0.477612 0.031200 0.776107
v 0.477306 0.031200 0.776029
v 0.477061 0.031200 0.776029
v 0.476754 0.031200 0.776107
v 0.476565 0.031200 0.776268
v 0.476457 0.031200 0.776475
v 0.476245 0.031200 0.776475
v 0.476291 0.031200 0.776240
v 0.476513 0.031200 0.775956
v 0.476733 0.031200 0.775816
v 0.477129 0.031200 0.775744
v 0.477354 0.031200 0.775744
v 0.477691 0.031200 0.775816
v 0.477912 0.031200 0.775956
v 0.478134 0.031200 0.776240
v 0.478190 0.031200 0.776523
v 0.478190 0.031200 0.776664
v 0.478133 0.031200 0.776951
v 0.478022 0.031200 0.777164
v 0.476503 0.031200 0.778871
v 0.478190 0.031200 0.778871
v 0.478190 0.031200 0.779156
v 0.476177 0.031200 0.779156
v 0.457533 0.030787 0.786757
v 0.457549 0.030888 0.786830
v 0.457575 0.030888 0.786810
v 0.457563 0.030998 0.786847
v 0.457588 0.030998 0.786827
v 0.457507 0.030787 0.786778
v 0.457470 0.030721 0.786678
v 0.457444 0.030721 0.786698
v 0.457401 0.030700 0.786592
v 0.457377 0.030700 0.786612
v 0.457914 0.030788 0.786460
v 0.457575 0.030888 0.786810
v 0.457954 0.030890 0.786513
v 0.457588 0.030998 0.786827
v 0.457971 0.031000 0.786527
v 0.457533 0.030787 0.786757
v 0.457851 0.030721 0.786380
v 0.457470 0.030721 0.786678
v 0.457784 0.030700 0.786292
v 0.457401 0.030700 0.786592
v 0.458270 0.031500 0.786928
v 0.458342 0.031500 0.786872
v 0.458158 0.031465 0.786782
v 0.458230 0.031465 0.786726
v 0.458056 0.031354 0.786647
v 0.458126 0.031354 0.786592
v 0.457990 0.031185 0.786557
v 0.458058 0.031184 0.786504
v 0.457971 0.031000 0.786527
v 0.458037 0.031000 0.786476
v 0.483877 0.031200 0.778844
v 0.485505 0.031200 0.776989
v 0.485627 0.031200 0.776676
v 0.485627 0.031200 0.776508
v 0.485501 0.031200 0.776268
v 0.485312 0.031200 0.776107
v 0.485005 0.031200 0.776029
v 0.484761 0.031200 0.776029
v 0.484454 0.031200 0.776107
v 0.484265 0.031200 0.776268
v 0.484157 0.031200 0.776475
v 0.483945 0.031200 0.776475
v 0.483991 0.031200 0.776240
v 0.484213 0.031200 0.775956
v 0.484433 0.031200 0.775816
v 0.484829 0.031200 0.775744
v 0.485054 0.031200 0.775744
v 0.485391 0.031200 0.775816
v 0.485612 0.031200 0.775956
v 0.485834 0.031200 0.776240
v 0.485890 0.031200 0.776523
v 0.485890 0.031200 0.776664
v 0.485833 0.031200 0.776951
v 0.485722 0.031200 0.777164
v 0.484202 0.031200 0.778871
v 0.485890 0.031200 0.778871
v 0.485890 0.031200 0.779156
v 0.483877 0.031200 0.779156
v 0.498658 0.031200 0.775918
v 0.498668 0.030700 0.775875
v 0.497342 0.031200 0.775918
v 0.497332 0.030700 0.775875
v 0.496157 0.031200 0.776489
v 0.496130 0.030700 0.776455
v 0.495337 0.031200 0.777517
v 0.495297 0.030700 0.777498
v 0.495044 0.031200 0.778800
v 0.495000 0.030700 0.778800
v 0.499870 0.030700 0.776455
v 0.499843 0.031200 0.776489
v 0.500703 0.030700 0.777498
v 0.500663 0.031200 0.777517
v 0.501000 0.030700 0.778800
v 0.500956 0.031200 0.778800
v 0.497342 0.031200 0.781682
v 0.497332 0.030700 0.781725
v 0.498658 0.031200 0.781682
v 0.498668 0.030700 0.781725
v 0.499843 0.031200 0.781111
v 0.499870 0.030700 0.781146
v 0.500663 0.031200 0.780083
v 0.500703 0.030700 0.780102
v 0.500956 0.031200 0.778800
v 0.501000 0.030700 0.778800
v 0.496130 0.030700 0.781146
v 0.496157 0.031200 0.781111
v 0.495297 0.030700 0.780102
v 0.495337 0.031200 0.780083
v 0.495000 0.030700 0.778800
v 0.495044 0.031200 0.778800
v 0.463967 0.030700 0.778400
v 0.463893 0.031200 0.778444
v 0.463713 0.031200 0.778444
v 0.463687 0.030700 0.778400
v 0.463687 0.030700 0.778400
v 0.463713 0.031200 0.778444
v 0.463080 0.031200 0.779625
v 0.463080 0.030700 0.779532
v 0.463080 0.030700 0.779532
v 0.463080 0.031200 0.779625
v 0.462447 0.031200 0.778444
v 0.462473 0.030700 0.778400
v 0.462473 0.030700 0.778400
v 0.462447 0.031200 0.778444
v 0.462267 0.031200 0.778444
v 0.462193 0.030700 0.778400
v 0.462193 0.030700 0.778400
v 0.462267 0.031200 0.778444
v 0.462984 0.031200 0.779759
v 0.462940 0.030700 0.779770
v 0.462940 0.030700 0.779770
v 0.462984 0.031200 0.779759
v 0.462984 0.031200 0.781156
v 0.462940 0.030700 0.781200
v 0.462940 0.030700 0.781200
v 0.462984 0.031200 0.781156
v 0.463176 0.031200 0.781156
v 0.463220 0.030700 0.781200
v 0.463220 0.030700 0.781200
v 0.463176 0.031200 0.781156
v 0.463176 0.031200 0.779759
v 0.463220 0.030700 0.779770
v 0.463220 0.030700 0.779770
v 0.463176 0.031200 0.779759
v 0.463893 0.031200 0.778444
v 0.463967 0.030700 0.778400
v 0.461820 0.030700 0.780485
v 0.461769 0.031200 0.780529
v 0.461574 0.031200 0.780529
v 0.461540 0.030700 0.780485
v 0.461540 0.030700 0.780485
v 0.461574 0.031200 0.780529
v 0.461532 0.031200 0.780688
v 0.461493 0.030700 0.780664
v 0.461493 0.030700 0.780664
v 0.461532 0.031200 0.780688
v 0.461375 0.031200 0.780822
v 0.461353 0.030700 0.780783
v 0.461353 0.030700 0.780783
v 0.461375 0.031200 0.780822
v 0.461173 0.031200 0.780886
v 0.461167 0.030700 0.780843
v 0.461167 0.030700 0.780843
v 0.461173 0.031200 0.780886
v 0.460740 0.031200 0.780886
v 0.460747 0.030700 0.780843
v 0.460747 0.030700 0.780843
v 0.460740 0.031200 0.780886
v 0.460538 0.031200 0.780822
v 0.460560 0.030700 0.780783
v 0.460560 0.030700 0.780783
v 0.460538 0.031200 0.780822
v 0.460385 0.031200 0.780692
v 0.460420 0.030700 0.780664
v 0.460420 0.030700 0.780664
v 0.460385 0.031200 0.780692
v 0.460285 0.031200 0.780500
v 0.460327 0.030700 0.780485
v 0.460327 0.030700 0.780485
v 0.460285 0.031200 0.780500
v 0.460236 0.031200 0.780251
v 0.460280 0.030700 0.780247
v 0.460280 0.030700 0.780247
v 0.460236 0.031200 0.780251
v 0.460236 0.031200 0.779349
v 0.460280 0.030700 0.779353
v 0.460280 0.030700 0.779353
v 0.460236 0.031200 0.779349
v 0.460285 0.031200 0.779100
v 0.460327 0.030700 0.779115
v 0.460327 0.030700 0.779115
v 0.460285 0.031200 0.779100
v 0.460385 0.031200 0.778908
v 0.460420 0.030700 0.778936
v 0.460420 0.030700 0.778936
v 0.460385 0.031200 0.778908
v 0.460538 0.031200 0.778778
v 0.460560 0.030700 0.778817
v 0.460560 0.030700 0.778817
v 0.460538 0.031200 0.778778
v 0.460740 0.031200 0.778714
v 0.460747 0.030700 0.778757
v 0.460747 0.030700 0.778757
v 0.460740 0.031200 0.778714
v 0.461173 0.031200 0.778714
v 0.461167 0.030700 0.778757
v 0.461167 0.030700 0.778757
v 0.461173 0.031200 0.778714
v 0.461375 0.031200 0.778778
v 0.461353 0.030700 0.778817
v 0.461353 0.030700 0.778817
v 0.461375 0.031200 0.778778
v 0.461532 0.031200 0.778912
v 0.461493 0.030700 0.778936
v 0.461493 0.030700 0.778936
v 0.461532 0.031200 0.778912
v 0.461574 0.031200 0.779071
v 0.461540 0.030700 0.779115
v 0.461540 0.030700 0.779115
v 0.461574 0.031200 0.779071
v 0.461769 0.031200 0.779071
v 0.461820 0.030700 0.779115
v 0.461820 0.030700 0.779115
v 0.461769 0.031200 0.779071
v 0.461732 0.031200 0.778835
v 0.461773 0.030700 0.778817
v 0.461773 0.030700 0.778817
v 0.461732 0.031200 0.778835
v 0.461557 0.031200 0.778612
v 0.461587 0.030700 0.778579
v 0.461587 0.030700 0.778579
v 0.461557 0.031200 0.778612
v 0.461382 0.031200 0.778500
v 0.461400 0.030700 0.778460
v 0.461400 0.030700 0.778460
v 0.461382 0.031200 0.778500
v 0.461161 0.031200 0.778444
v 0.461167 0.030700 0.778400
v 0.461167 0.030700 0.778400
v 0.461161 0.031200 0.778444
v 0.460752 0.031200 0.778444
v 0.460747 0.030700 0.778400
v 0.460747 0.030700 0.778400
v 0.460752 0.031200 0.778444
v 0.460531 0.031200 0.778500
v 0.460513 0.030700 0.778460
v 0.460513 0.030700 0.778460
v 0.460531 0.031200 0.778500
v 0.460357 0.031200 0.778612
v 0.460327 0.030700 0.778579
v 0.460327 0.030700 0.778579
v 0.460357 0.031200 0.778612
v 0.460178 0.031200 0.778839
v 0.460140 0.030700 0.778817
v 0.460140 0.030700 0.778817
v 0.460178 0.031200 0.778839
v 0.460089 0.031200 0.779067
v 0.460047 0.030700 0.779055
v 0.460047 0.030700 0.779055
v 0.460089 0.031200 0.779067
v 0.460044 0.031200 0.779357
v 0.460000 0.030700 0.779353
v 0.460000 0.030700 0.779353
v 0.460044 0.031200 0.779357
v 0.460044 0.031200 0.780243
v 0.460000 0.030700 0.780247
v 0.460000 0.030700 0.780247
v 0.460044 0.031200 0.780243
v 0.460089 0.031200 0.780533
v 0.460047 0.030700 0.780545
v 0.460047 0.030700 0.780545
v 0.460089 0.031200 0.780533
v 0.460178 0.031200 0.780761
v 0.460140 0.030700 0.780783
v 0.460140 0.030700 0.780783
v 0.460178 0.031200 0.780761
v 0.460357 0.031200 0.780988
v 0.460327 0.030700 0.781021
v 0.460327 0.030700 0.781021
v 0.460357 0.031200 0.780988
v 0.460531 0.031200 0.781100
v 0.460513 0.030700 0.781140
v 0.460513 0.030700 0.781140
v 0.460531 0.031200 0.781100
v 0.460752 0.031200 0.781156
v 0.460747 0.030700 0.781200
v 0.460747 0.030700 0.781200
v 0.460752 0.031200 0.781156
v 0.461161 0.031200 0.781156
v 0.461167 0.030700 0.781200
v 0.461167 0.030700 0.781200
v 0.461161 0.031200 0.781156
v 0.461382 0.031200 0.781100
v 0.461400 0.030700 0.781140
v 0.461400 0.030700 0.781140
v 0.461382 0.031200 0.781100
v 0.461557 0.031200 0.780988
v 0.461587 0.030700 0.781021
v 0.461587 0.030700 0.781021
v 0.461557 0.031200 0.780988
v 0.461732 0.031200 0.780765
v 0.461773 0.030700 0.780783
v 0.461773 0.030700 0.780783
v 0.461732 0.031200 0.780765
v 0.461769 0.031200 0.780529
v 0.461820 0.030700 0.780485
v 0.488033 0.030700 0.777413
v 0.488115 0.031200 0.777413
v 0.487944 0.031200 0.777522
v 0.487917 0.030700 0.777487
v 0.487917 0.030700 0.777487
v 0.487944 0.031200 0.777522
v 0.487722 0.031200 0.777734
v 0.487683 0.030700 0.777711
v 0.487683 0.030700 0.777711
v 0.487722 0.031200 0.777734
v 0.487610 0.031200 0.778090
v 0.487567 0.030700 0.778083
v 0.487567 0.030700 0.778083
v 0.487610 0.031200 0.778090
v 0.487610 0.031200 0.778300
v 0.487567 0.030700 0.778306
v 0.487567 0.030700 0.778306
v 0.487610 0.031200 0.778300
v 0.487723 0.031200 0.778658
v 0.487683 0.030700 0.778679
v 0.487683 0.030700 0.778679
v 0.487723 0.031200 0.778658
v 0.487889 0.031200 0.778871
v 0.487858 0.030700 0.778902
v 0.487858 0.030700 0.778902
v 0.487889 0.031200 0.778871
v 0.488169 0.031200 0.779085
v 0.488150 0.030700 0.779126
v 0.488150 0.030700 0.779126
v 0.488169 0.031200 0.779085
v 0.488447 0.031200 0.779156
v 0.488442 0.030700 0.779200
v 0.488442 0.030700 0.779200
v 0.488447 0.031200 0.779156
v 0.488786 0.031200 0.779156
v 0.488792 0.030700 0.779200
v 0.488792 0.030700 0.779200
v 0.488786 0.031200 0.779156
v 0.489064 0.031200 0.779085
v 0.489083 0.030700 0.779126
v 0.489083 0.030700 0.779126
v 0.489064 0.031200 0.779085
v 0.489344 0.031200 0.778871
v 0.489375 0.030700 0.778902
v 0.489375 0.030700 0.778902
v 0.489344 0.031200 0.778871
v 0.489511 0.031200 0.778658
v 0.489550 0.030700 0.778679
v 0.489550 0.030700 0.778679
v 0.489511 0.031200 0.778658
v 0.489623 0.031200 0.778300
v 0.489667 0.030700 0.778306
v 0.489667 0.030700 0.778306
v 0.489623 0.031200 0.778300
v 0.489623 0.031200 0.778090
v 0.489667 0.030700 0.778083
v 0.489667 0.030700 0.778083
v 0.489623 0.031200 0.778090
v 0.489512 0.031200 0.777734
v 0.489550 0.030700 0.777711
v 0.489550 0.030700 0.777711
v 0.489512 0.031200 0.777734
v 0.489290 0.031200 0.777522
v 0.489317 0.030700 0.777487
v 0.489317 0.030700 0.777487
v 0.489290 0.031200 0.777522
v 0.489119 0.031200 0.777413
v 0.489200 0.030700 0.777413
v 0.489200 0.030700 0.777413
v 0.489119 0.031200 0.777413
v 0.489287 0.031200 0.777305
v 0.489317 0.030700 0.777338
v 0.489317 0.030700 0.777338
v 0.489287 0.031200 0.777305
v 0.489453 0.031200 0.777093
v 0.489492 0.030700 0.777115
v 0.489492 0.030700 0.777115
v 0.489453 0.031200 0.777093
v 0.489565 0.031200 0.776809
v 0.489608 0.030700 0.776817
v 0.489608 0.030700 0.776817
v 0.489565 0.031200 0.776809
v 0.489565 0.031200 0.776600
v 0.489608 0.030700 0.776594
v 0.489608 0.030700 0.776594
v 0.489565 0.031200 0.776600
v 0.489452 0.031200 0.776242
v 0.489492 0.030700 0.776221
v 0.489492 0.030700 0.776221
v 0.489452 0.031200 0.776242
v 0.489286 0.031200 0.776029
v 0.489317 0.030700 0.775998
v 0.489317 0.030700 0.775998
v 0.489286 0.031200 0.776029
v 0.489005 0.031200 0.775815
v 0.489025 0.030700 0.775774
v 0.489025 0.030700 0.775774
v 0.489005 0.031200 0.775815
v 0.488728 0.031200 0.775744
v 0.488733 0.030700 0.775700
v 0.488733 0.030700 0.775700
v 0.488728 0.031200 0.775744
v 0.488505 0.031200 0.775744
v 0.488500 0.030700 0.775700
v 0.488500 0.030700 0.775700
v 0.488505 0.031200 0.775744
v 0.488228 0.031200 0.775815
v 0.488208 0.030700 0.775774
v 0.488208 0.030700 0.775774
v 0.488228 0.031200 0.775815
v 0.487948 0.031200 0.776029
v 0.487917 0.030700 0.775998
v 0.487917 0.030700 0.775998
v 0.487948 0.031200 0.776029
v 0.487781 0.031200 0.776242
v 0.487742 0.030700 0.776221
v 0.487742 0.030700 0.776221
v 0.487781 0.031200 0.776242
v 0.487669 0.031200 0.776600
v 0.487625 0.030700 0.776594
v 0.487625 0.030700 0.776594
v 0.487669 0.031200 0.776600
v 0.487669 0.031200 0.776809
v 0.487625 0.030700 0.776817
v 0.487625 0.030700 0.776817
v 0.487669 0.031200 0.776809
v 0.487780 0.031200 0.777093
v 0.487742 0.030700 0.777115
v 0.487742 0.030700 0.777115
v 0.487780 0.031200 0.777093
v 0.487947 0.031200 0.777305
v 0.487917 0.030700 0.777338
v 0.487917 0.030700 0.777338
v 0.487947 0.031200 0.777305
v 0.488115 0.031200 0.777413
v 0.488033 0.030700 0.777413
v 0.487100 0.030700 0.779200
v 0.487056 0.031200 0.779156
v 0.487056 0.031200 0.775744
v 0.487100 0.030700 0.775700
v 0.487100 0.030700 0.775700
v 0.487056 0.031200 0.775744
v 0.486773 0.031200 0.775744
v 0.486750 0.030700 0.775700
v 0.486750 0.030700 0.775700
v 0.486773 0.031200 0.775744
v 0.486444 0.031200 0.776235
v 0.486400 0.030700 0.776221
v 0.486400 0.030700 0.776221
v 0.486444 0.031200 0.776235
v 0.486444 0.031200 0.776673
v 0.486400 0.030700 0.776817
v 0.486400 0.030700 0.776817
v 0.486444 0.031200 0.776673
v 0.486794 0.031200 0.776152
v 0.486750 0.030700 0.776296
v 0.486750 0.030700 0.776296
v 0.486794 0.031200 0.776152
v 0.486794 0.031200 0.779156
v 0.486750 0.030700 0.779200
v 0.486750 0.030700 0.779200
v 0.486794 0.031200 0.779156
v 0.487056 0.031200 0.779156
v 0.487100 0.030700 0.779200
v 0.483833 0.030700 0.778828
v 0.483877 0.031200 0.778844
v 0.483877 0.031200 0.779156
v 0.483833 0.030700 0.779200
v 0.483833 0.030700 0.779200
v 0.483877 0.031200 0.779156
v 0.485890 0.031200 0.779156
v 0.485933 0.030700 0.779200
v 0.485933 0.030700 0.779200
v 0.485890 0.031200 0.779156
v 0.485890 0.031200 0.778871
v 0.485933 0.030700 0.778828
v 0.485933 0.030700 0.778828
v 0.485890 0.031200 0.778871
v 0.484202 0.031200 0.778871
v 0.484300 0.030700 0.778828
v 0.484300 0.030700 0.778828
v 0.484202 0.031200 0.778871
v 0.485722 0.031200 0.777164
v 0.485758 0.030700 0.777189
v 0.485758 0.030700 0.777189
v 0.485722 0.031200 0.777164
v 0.485833 0.031200 0.776951
v 0.485875 0.030700 0.776966
v 0.485875 0.030700 0.776966
v 0.485833 0.031200 0.776951
v 0.485890 0.031200 0.776664
v 0.485933 0.030700 0.776668
v 0.485933 0.030700 0.776668
v 0.485890 0.031200 0.776664
v 0.485890 0.031200 0.776523
v 0.485933 0.030700 0.776519
v 0.485933 0.030700 0.776519
v 0.485890 0.031200 0.776523
v 0.485834 0.031200 0.776240
v 0.485875 0.030700 0.776221
v 0.485875 0.030700 0.776221
v 0.485834 0.031200 0.776240
v 0.485612 0.031200 0.775956
v 0.485642 0.030700 0.775923
v 0.485642 0.030700 0.775923
v 0.485612 0.031200 0.775956
v 0.485391 0.031200 0.775816
v 0.485408 0.030700 0.775774
v 0.485408 0.030700 0.775774
v 0.485391 0.031200 0.775816
v 0.485054 0.031200 0.775744
v 0.485058 0.030700 0.775700
v 0.485058 0.030700 0.775700
v 0.485054 0.031200 0.775744
v 0.484829 0.031200 0.775744
v 0.484825 0.030700 0.775700
v 0.484825 0.030700 0.775700
v 0.484829 0.031200 0.775744
v 0.484433 0.031200 0.775816
v 0.484417 0.030700 0.775774
v 0.484417 0.030700 0.775774
v 0.484433 0.031200 0.775816
v 0.484213 0.031200 0.775956
v 0.484183 0.030700 0.775923
v 0.484183 0.030700 0.775923
v 0.484213 0.031200 0.775956
v 0.483991 0.031200 0.776240
v 0.483950 0.030700 0.776221
v 0.483950 0.030700 0.776221
v 0.483991 0.031200 0.776240
v 0.483945 0.031200 0.776475
v 0.483892 0.030700 0.776519
v 0.483892 0.030700 0.776519
v 0.483945 0.031200 0.776475
v 0.484157 0.031200 0.776475
v 0.484183 0.030700 0.776519
v 0.484183 0.030700 0.776519
v 0.484157 0.031200 0.776475
v 0.484265 0.031200 0.776268
v 0.484300 0.030700 0.776296
v 0.484300 0.030700 0.776296
v 0.484265 0.031200 0.776268
v 0.484454 0.031200 0.776107
v 0.484475 0.030700 0.776147
v 0.484475 0.030700 0.776147
v 0.484454 0.031200 0.776107
v 0.484761 0.031200 0.776029
v 0.484767 0.030700 0.776072
v 0.484767 0.030700 0.776072
v 0.484761 0.031200 0.776029
v 0.485005 0.031200 0.776029
v 0.485000 0.030700 0.776072
v 0.485000 0.030700 0.776072
v 0.485005 0.031200 0.776029
v 0.485312 0.031200 0.776107
v 0.485292 0.030700 0.776147
v 0.485292 0.030700 0.776147
v 0.485312 0.031200 0.776107
v 0.485501 0.031200 0.776268
v 0.485467 0.030700 0.776296
v 0.485467 0.030700 0.776296
v 0.485501 0.031200 0.776268
v 0.485627 0.031200 0.776508
v 0.485583 0.030700 0.776519
v 0.485583 0.030700 0.776519
v 0.485627 0.031200 0.776508
v 0.485627 0.031200 0.776676
v 0.485583 0.030700 0.776668
v 0.485583 0.030700 0.776668
v 0.485627 0.031200 0.776676
v 0.485505 0.031200 0.776989
v 0.485467 0.030700 0.776966
v 0.485467 0.030700 0.776966
v 0.485505 0.031200 0.776989
v 0.483877 0.031200 0.778844
v 0.483833 0.030700 0.778828
v 0.481267 0.030700 0.777115
v 0.481310 0.031200 0.777118
v 0.481310 0.031200 0.777782
v 0.481267 0.030700 0.777785
v 0.481267 0.030700 0.777785
v 0.481310 0.031200 0.777782
v 0.481368 0.031200 0.778148
v 0.481325 0.030700 0.778157
v 0.481325 0.030700 0.778157
v 0.481368 0.031200 0.778148
v 0.481425 0.031200 0.778367
v 0.481383 0.030700 0.778381
v 0.481383 0.030700 0.778381
v 0.481425 0.031200 0.778367
v 0.481538 0.031200 0.778657
v 0.481500 0.030700 0.778679
v 0.481500 0.030700 0.778679
v 0.481538 0.031200 0.778657
v 0.481706 0.031200 0.778871
v 0.481675 0.030700 0.778902
v 0.481675 0.030700 0.778902
v 0.481706 0.031200 0.778871
v 0.481985 0.031200 0.779085
v 0.481967 0.030700 0.779126
v 0.481967 0.030700 0.779126
v 0.481985 0.031200 0.779085
v 0.482317 0.031200 0.779155
v 0.482317 0.030700 0.779200
v 0.482317 0.030700 0.779200
v 0.482317 0.031200 0.779155
v 0.482648 0.031200 0.779085
v 0.482667 0.030700 0.779126
v 0.482667 0.030700 0.779126
v 0.482648 0.031200 0.779085
v 0.482927 0.031200 0.778871
v 0.482958 0.030700 0.778902
v 0.482958 0.030700 0.778902
v 0.482927 0.031200 0.778871
v 0.483095 0.031200 0.778657
v 0.483133 0.030700 0.778679
v 0.483133 0.030700 0.778679
v 0.483095 0.031200 0.778657
v 0.483208 0.031200 0.778367
v 0.483250 0.030700 0.778381
v 0.483250 0.030700 0.778381
v 0.483208 0.031200 0.778367
v 0.483265 0.031200 0.778148
v 0.483308 0.030700 0.778157
v 0.483308 0.030700 0.778157
v 0.483265 0.031200 0.778148
v 0.483323 0.031200 0.777782
v 0.483367 0.030700 0.777785
v 0.483367 0.030700 0.777785
v 0.483323 0.031200 0.777782
v 0.483323 0.031200 0.777118
v 0.483367 0.030700 0.777115
v 0.483367 0.030700 0.777115
v 0.483323 0.031200 0.777118
v 0.483265 0.031200 0.776751
v 0.483308 0.030700 0.776743
v 0.483308 0.030700 0.776743
v 0.483265 0.031200 0.776751
v 0.483208 0.031200 0.776533
v 0.483250 0.030700 0.776519
v 0.483250 0.030700 0.776519
v 0.483208 0.031200 0.776533
v 0.483095 0.031200 0.776243
v 0.483133 0.030700 0.776221
v 0.483133 0.030700 0.776221
v 0.483095 0.031200 0.776243
v 0.482927 0.031200 0.776029
v 0.482958 0.030700 0.775998
v 0.482958 0.030700 0.775998
v 0.482927 0.031200 0.776029
v 0.482648 0.031200 0.775815
v 0.482667 0.030700 0.775774
v 0.482667 0.030700 0.775774
v 0.482648 0.031200 0.775815
v 0.482317 0.031200 0.775745
v 0.482317 0.030700 0.775700
v 0.482317 0.030700 0.775700
v 0.482317 0.031200 0.775745
v 0.481985 0.031200 0.775815
v 0.481967 0.030700 0.775774
v 0.481967 0.030700 0.775774
v 0.481985 0.031200 0.775815
v 0.481706 0.031200 0.776029
v 0.481675 0.030700 0.775998
v 0.481675 0.030700 0.775998
v 0.481706 0.031200 0.776029
v 0.481538 0.031200 0.776243
v 0.481500 0.030700 0.776221
v 0.481500 0.030700 0.776221
v 0.481538 0.031200 0.776243
v 0.481425 0.031200 0.776533
v 0.481383 0.030700 0.776519
v 0.481383 0.030700 0.776519
v 0.481425 0.031200 0.776533
v 0.481368 0.031200 0.776751
v 0.481325 0.030700 0.776743
v 0.481325 0.030700 0.776743
v 0.481368 0.031200 0.776751
v 0.481310 0.031200 0.777118
v 0.481267 0.030700 0.777115
v 0.478700 0.030700 0.777115
v 0.478744 0.031200 0.777118
v 0.478744 0.031200 0.777782
v 0.478700 0.030700 0.777785
v 0.478700 0.030700 0.777785
v 0.478744 0.031200 0.777782
v 0.478801 0.031200 0.778148
v 0.478758 0.030700 0.778157
v 0.478758 0.030700 0.778157
v 0.478801 0.031200 0.778148
v 0.478858 0.031200 0.778367
v 0.478817 0.030700 0.778381
v 0.478817 0.030700 0.778381
v 0.478858 0.031200 0.778367
v 0.478972 0.031200 0.778657
v 0.478933 0.030700 0.778679
v 0.478933 0.030700 0.778679
v 0.478972 0.031200 0.778657
v 0.479139 0.031200 0.778871
v 0.479108 0.030700 0.778902
v 0.479108 0.030700 0.778902
v 0.479139 0.031200 0.778871
v 0.479419 0.031200 0.779085
v 0.479400 0.030700 0.779126
v 0.479400 0.030700 0.779126
v 0.479419 0.031200 0.779085
v 0.479750 0.031200 0.779155
v 0.479750 0.030700 0.779200
v 0.479750 0.030700 0.779200
v 0.479750 0.031200 0.779155
v 0.480081 0.031200 0.779085
v 0.480100 0.030700 0.779126
v 0.480100 0.030700 0.779126
v 0.480081 0.031200 0.779085
v 0.480361 0.031200 0.778871
v 0.480392 0.030700 0.778902
v 0.480392 0.030700 0.778902
v 0.480361 0.031200 0.778871
v 0.480528 0.031200 0.778657
v 0.480567 0.030700 0.778679
v 0.480567 0.030700 0.778679
v 0.480528 0.031200 0.778657
v 0.480642 0.031200 0.778367
v 0.480683 0.030700 0.778381
v 0.480683 0.030700 0.778381
v 0.480642 0.031200 0.778367
v 0.480699 0.031200 0.778148
v 0.480742 0.030700 0.778157
v 0.480742 0.030700 0.778157
v 0.480699 0.031200 0.778148
v 0.480756 0.031200 0.777782
v 0.480800 0.030700 0.777785
v 0.480800 0.030700 0.777785
v 0.480756 0.031200 0.777782
v 0.480756 0.031200 0.777118
v 0.480800 0.030700 0.777115
v 0.480800 0.030700 0.777115
v 0.480756 0.031200 0.777118
v 0.480699 0.031200 0.776751
v 0.480742 0.030700 0.776743
v 0.480742 0.030700 0.776743
v 0.480699 0.031200 0.776751
v 0.480642 0.031200 0.776533
v 0.480683 0.030700 0.776519
v 0.480683 0.030700 0.776519
v 0.480642 0.031200 0.776533
v 0.480528 0.031200 0.776243
v 0.480567 0.030700 0.776221
v 0.480567 0.030700 0.776221
v 0.480528 0.031200 0.776243
v 0.480361 0.031200 0.776029
v 0.480392 0.030700 0.775998
v 0.480392 0.030700 0.775998
v 0.480361 0.031200 0.776029
v 0.480081 0.031200 0.775815
v 0.480100 0.030700 0.775774
v 0.480100 0.030700 0.775774
v 0.480081 0.031200 0.775815
v 0.479750 0.031200 0.775745
v 0.479750 0.030700 0.775700
v 0.479750 0.030700 0.775700
v 0.479750 0.031200 0.775745
v 0.479419 0.031200 0.775815
v 0.479400 0.030700 0.775774
v 0.479400 0.030700 0.775774
v 0.479419 0.031200 0.775815
v 0.479139 0.031200 0.776029
v 0.479108 0.030700 0.775998
v 0.479108 0.030700 0.775998
v 0.479139 0.031200 0.776029
v 0.478972 0.031200 0.776243
v 0.478933 0.030700 0.776221
v 0.478933 0.030700 0.776221
v 0.478972 0.031200 0.776243
v 0.478858 0.031200 0.776533
v 0.478817 0.030700 0.776519
v 0.478817 0.030700 0.776519
v 0.478858 0.031200 0.776533
v 0.478801 0.031200 0.776751
v 0.478758 0.030700 0.776743
v 0.478758 0.030700 0.776743
v 0.478801 0.031200 0.776751
v 0.478744 0.031200 0.777118
v 0.478700 0.030700 0.777115
v 0.476133 0.030700 0.778828
v 0.476177 0.031200 0.778844
v 0.476177 0.031200 0.779156
v 0.476133 0.030700 0.779200
v 0.476133 0.030700 0.779200
v 0.476177 0.031200 0.779156
v 0.478190 0.031200 0.779156
v 0.478233 0.030700 0.779200
v 0.478233 0.030700 0.779200
v 0.478190 0.031200 0.779156
v 0.478190 0.031200 0.778871
v 0.478233 0.030700 0.778828
v 0.478233 0.030700 0.778828
v 0.478190 0.031200 0.778871
v 0.476503 0.031200 0.778871
v 0.476600 0.030700 0.778828
v 0.476600 0.030700 0.778828
v 0.476503 0.031200 0.778871
v 0.478022 0.031200 0.777164
v 0.478058 0.030700 0.777189
v 0.478058 0.030700 0.777189
v 0.478022 0.031200 0.777164
v 0.478133 0.031200 0.776951
v 0.478175 0.030700 0.776966
v 0.478175 0.030700 0.776966
v 0.478133 0.031200 0.776951
v 0.478190 0.031200 0.776664
v 0.478233 0.030700 0.776668
v 0.478233 0.030700 0.776668
v 0.478190 0.031200 0.776664
v 0.478190 0.031200 0.776523
v 0.478233 0.030700 0.776519
v 0.478233 0.030700 0.776519
v 0.478190 0.031200 0.776523
v 0.478134 0.031200 0.776240
v 0.478175 0.030700 0.776221
v 0.478175 0.030700 0.776221
v 0.478134 0.031200 0.776240
v 0.477912 0.031200 0.775956
v 0.477942 0.030700 0.775923
v 0.477942 0.030700 0.775923
v 0.477912 0.031200 0.775956
v 0.477691 0.031200 0.775816
v 0.477708 0.030700 0.775774
v 0.477708 0.030700 0.775774
v 0.477691 0.031200 0.775816
v 0.477354 0.031200 0.775744
v 0.477358 0.030700 0.775700
v 0.477358 0.030700 0.775700
v 0.477354 0.031200 0.775744
v 0.477129 0.031200 0.775744
v 0.477125 0.030700 0.775700
v 0.477125 0.030700 0.775700
v 0.477129 0.031200 0.775744
v 0.476733 0.031200 0.775816
v 0.476717 0.030700 0.775774
v 0.476717 0.030700 0.775774
v 0.476733 0.031200 0.775816
v 0.476513 0.031200 0.775956
v 0.476483 0.030700 0.775923
v 0.476483 0.030700 0.775923
v 0.476513 0.031200 0.775956
v 0.476291 0.031200 0.776240
v 0.476250 0.030700 0.776221
v 0.476250 0.030700 0.776221
v 0.476291 0.031200 0.776240
v 0.476245 0.031200 0.776475
v 0.476192 0.030700 0.776519
v 0.476192 0.030700 0.776519
v 0.476245 0.031200 0.776475
v 0.476457 0.031200 0.776475
v 0.476483 0.030700 0.776519
v 0.476483 0.030700 0.776519
v 0.476457 0.031200 0.776475
v 0.476565 0.031200 0.776268
v 0.476600 0.030700 0.776296
v 0.476600 0.030700 0.776296
v 0.476565 0.031200 0.776268
v 0.476754 0.031200 0.776107
v 0.476775 0.030700 0.776147
v 0.476775 0.030700 0.776147
v 0.476754 0.031200 0.776107
v 0.477061 0.031200 0.776029
v 0.477067 0.030700 0.776072
v 0.477067 0.030700 0.776072
v 0.477061 0.031200 0.776029
v 0.477306 0.031200 0.776029
v 0.477300 0.030700 0.776072
v 0.477300 0.030700 0.776072
v 0.477306 0.031200 0.776029
v 0.477612 0.031200 0.776107
v 0.477592 0.030700 0.776147
v 0.477592 0.030700 0.776147
v 0.477612 0.031200 0.776107
v 0.477802 0.031200 0.776268
v 0.477767 0.030700 0.776296
v 0.477767 0.030700 0.776296
v 0.477802 0.031200 0.776268
v 0.477927 0.031200 0.776508
v 0.477883 0.030700 0.776519
v 0.477883 0.030700 0.776519
v 0.477927 0.031200 0.776508
v 0.477927 0.031200 0.776676
v 0.477883 0.030700 0.776668
v 0.477883 0.030700 0.776668
v 0.477927 0.031200 0.776676
v 0.477805 0.031200 0.776989
v 0.477767 0.030700 0.776966
v 0.477767 0.030700 0.776966
v 0.477805 0.031200 0.776989
v 0.476177 0.031200 0.778844
v 0.476133 0.030700 0.778828
v 0.473567 0.030700 0.778828
v 0.473610 0.031200 0.778844
v 0.473610 0.031200 0.779156
v 0.473567 0.030700 0.779200
v 0.473567 0.030700 0.779200
v 0.473610 0.031200 0.779156
v 0.475623 0.031200 0.779156
v 0.475667 0.030700 0.779200
v 0.475667 0.030700 0.779200
v 0.475623 0.031200 0.779156
v 0.475623 0.031200 0.778871
v 0.475667 0.030700 0.778828
v 0.475667 0.030700 0.778828
v 0.475623 0.031200 0.778871
v 0.473936 0.031200 0.778871
v 0.474033 0.030700 0.778828
v 0.474033 0.030700 0.778828
v 0.473936 0.031200 0.778871
v 0.475455 0.031200 0.777164
v 0.475492 0.030700 0.777189
v 0.475492 0.030700 0.777189
v 0.475455 0.031200 0.777164
v 0.475567 0.031200 0.776951
v 0.475608 0.030700 0.776966
v 0.475608 0.030700 0.776966
v 0.475567 0.031200 0.776951
v 0.475623 0.031200 0.776664
v 0.475667 0.030700 0.776668
v 0.475667 0.030700 0.776668
v 0.475623 0.031200 0.776664
v 0.475623 0.031200 0.776523
v 0.475667 0.030700 0.776519
v 0.475667 0.030700 0.776519
v 0.475623 0.031200 0.776523
v 0.475567 0.031200 0.776240
v 0.475608 0.030700 0.776221
v 0.475608 0.030700 0.776221
v 0.475567 0.031200 0.776240
v 0.475345 0.031200 0.775956
v 0.475375 0.030700 0.775923
v 0.475375 0.030700 0.775923
v 0.475345 0.031200 0.775956
v 0.475125 0.031200 0.775816
v 0.475142 0.030700 0.775774
v 0.475142 0.030700 0.775774
v 0.475125 0.031200 0.775816
v 0.474787 0.031200 0.775744
v 0.474792 0.030700 0.775700
v 0.474792 0.030700 0.775700
v 0.474787 0.031200 0.775744
v 0.474562 0.031200 0.775744
v 0.474558 0.030700 0.775700
v 0.474558 0.030700 0.775700
v 0.474562 0.031200 0.775744
v 0.474166 0.031200 0.775816
v 0.474150 0.030700 0.775774
v 0.474150 0.030700 0.775774
v 0.474166 0.031200 0.775816
v 0.473947 0.031200 0.775956
v 0.473917 0.030700 0.775923
v 0.473917 0.030700 0.775923
v 0.473947 0.031200 0.775956
v 0.473724 0.031200 0.776240
v 0.473683 0.030700 0.776221
v 0.473683 0.030700 0.776221
v 0.473724 0.031200 0.776240
v 0.473678 0.031200 0.776475
v 0.473625 0.030700 0.776519
v 0.473625 0.030700 0.776519
v 0.473678 0.031200 0.776475
v 0.473890 0.031200 0.776475
v 0.473917 0.030700 0.776519
v 0.473917 0.030700 0.776519
v 0.473890 0.031200 0.776475
v 0.473999 0.031200 0.776268
v 0.474033 0.030700 0.776296
v 0.474033 0.030700 0.776296
v 0.473999 0.031200 0.776268
v 0.474188 0.031200 0.776107
v 0.474208 0.030700 0.776147
v 0.474208 0.030700 0.776147
v 0.474188 0.031200 0.776107
v 0.474495 0.031200 0.776029
v 0.474500 0.030700 0.776072
v 0.474500 0.030700 0.776072
v 0.474495 0.031200 0.776029
v 0.474739 0.031200 0.776029
v 0.474733 0.030700 0.776072
v 0.474733 0.030700 0.776072
v 0.474739 0.031200 0.776029
v 0.475046 0.031200 0.776107
v 0.475025 0.030700 0.776147
v 0.475025 0.030700 0.776147
v 0.475046 0.031200 0.776107
v 0.475235 0.031200 0.776268
v 0.475200 0.030700 0.776296
v 0.475200 0.030700 0.776296
v 0.475235 0.031200 0.776268
v 0.475360 0.031200 0.776508
v 0.475317 0.030700 0.776519
v 0.475317 0.030700 0.776519
v 0.475360 0.031200 0.776508
v 0.475360 0.031200 0.776676
v 0.475317 0.030700 0.776668
v 0.475317 0.030700 0.776668
v 0.475360 0.031200 0.776676
v 0.475238 0.031200 0.776989
v 0.475200 0.030700 0.776966
v 0.475200 0.030700 0.776966
v 0.475238 0.031200 0.776989
v 0.473610 0.031200 0.778844
v 0.473567 0.030700 0.778828
v 0.471233 0.030700 0.779200
v 0.471196 0.031200 0.779156
v 0.471700 0.031200 0.776101
v 0.471700 0.030700 0.776370
v 0.471700 0.030700 0.776370
v 0.471700 0.031200 0.776101
v 0.472204 0.031200 0.779156
v 0.472167 0.030700 0.779200
v 0.472167 0.030700 0.779200
v 0.472204 0.031200 0.779156
v 0.472595 0.031200 0.779156
v 0.472633 0.030700 0.779200
v 0.472633 0.030700 0.779200
v 0.472595 0.031200 0.779156
v 0.473050 0.031200 0.775744
v 0.473100 0.030700 0.775700
v 0.473100 0.030700 0.775700
v 0.473050 0.031200 0.775744
v 0.472788 0.031200 0.775744
v 0.472750 0.030700 0.775700
v 0.472750 0.030700 0.775700
v 0.472788 0.031200 0.775744
v 0.472406 0.031200 0.778671
v 0.472400 0.030700 0.778381
v 0.472400 0.030700 0.778381
v 0.472406 0.031200 0.778671
v 0.471897 0.031200 0.775744
v 0.471933 0.030700 0.775700
v 0.471933 0.030700 0.775700
v 0.471897 0.031200 0.775744
v 0.471503 0.031200 0.775744
v 0.471467 0.030700 0.775700
v 0.471467 0.030700 0.775700
v 0.471503 0.031200 0.775744
v 0.470994 0.031200 0.778671
v 0.471000 0.030700 0.778381
v 0.471000 0.030700 0.778381
v 0.470994 0.031200 0.778671
v 0.470612 0.031200 0.775744
v 0.470650 0.030700 0.775700
v 0.470650 0.030700 0.775700
v 0.470612 0.031200 0.775744
v 0.470350 0.031200 0.775744
v 0.470300 0.030700 0.775700
v 0.470300 0.030700 0.775700
v 0.470350 0.031200 0.775744
v 0.470805 0.031200 0.779156
v 0.470767 0.030700 0.779200
v 0.470767 0.030700 0.779200
v 0.470805 0.031200 0.779156
v 0.471196 0.031200 0.779156
v 0.471233 0.030700 0.779200
v 0.467850 0.030700 0.779200
v 0.467806 0.031200 0.779156
v 0.467806 0.031200 0.777518
v 0.467850 0.030700 0.777562
v 0.467850 0.030700 0.777562
v 0.467806 0.031200 0.777518
v 0.469527 0.031200 0.777518
v 0.469483 0.030700 0.777562
v 0.469483 0.030700 0.777562
v 0.469527 0.031200 0.777518
v 0.469527 0.031200 0.779156
v 0.469483 0.030700 0.779200
v 0.469483 0.030700 0.779200
v 0.469527 0.031200 0.779156
v 0.469790 0.031200 0.779156
v 0.469833 0.030700 0.779200
v 0.469833 0.030700 0.779200
v 0.469790 0.031200 0.779156
v 0.469790 0.031200 0.775744
v 0.469833 0.030700 0.775700
v 0.469833 0.030700 0.775700
v 0.469790 0.031200 0.775744
v 0.469527 0.031200 0.775744
v 0.469483 0.030700 0.775700
v 0.469483 0.030700 0.775700
v 0.469527 0.031200 0.775744
v 0.469527 0.031200 0.777159
v 0.469483 0.030700 0.777115
v 0.501077 0.031500 0.786434
v 0.501727 0.031500 0.786925
v 0.501186 0.031465 0.786286
v 0.501816 0.031477 0.786805
v 0.501287 0.031354 0.786150
v 0.501971 0.031293 0.786602
v 0.501353 0.031184 0.786060
v 0.501374 0.031000 0.786032
v 0.502033 0.030999 0.786530
v 0.501727 0.031500 0.786925
v 0.502577 0.031500 0.787604
v 0.501816 0.031477 0.786805
v 0.502689 0.031466 0.787459
v 0.501971 0.031293 0.786602
v 0.502781 0.031357 0.787316
v 0.502830 0.031192 0.787211
v 0.502829 0.031011 0.787163
v 0.502437 0.030998 0.786847
v 0.502412 0.030998 0.786827
v 0.502033 0.030999 0.786530
v 0.502830 0.031192 0.787211
v 0.502781 0.031357 0.787316
v 0.503668 0.031165 0.787958
v 0.503038 0.031424 0.787670
v 0.503793 0.031265 0.788225
v 0.503198 0.031434 0.787897
v 0.502829 0.031011 0.787163
v 0.503852 0.030893 0.788033
v 0.505229 0.030514 0.789310
v 0.504769 0.030802 0.788902
v 0.502689 0.031466 0.787459
v 0.502577 0.031500 0.787604
v 0.503198 0.031434 0.787897
v 0.502577 0.031500 0.787604
v 0.503641 0.031456 0.788599
v 0.503663 0.031500 0.789089
v 0.504784 0.031431 0.789762
v 0.504528 0.031500 0.790023
v 0.505020 0.031212 0.789522
v 0.505177 0.030878 0.789363
v 0.504769 0.030802 0.788902
v 0.503793 0.031265 0.788225
v 0.505229 0.030514 0.789310
v 0.504528 0.031500 0.790023
v 0.505696 0.031500 0.791226
v 0.504784 0.031431 0.789762
v 0.505836 0.031431 0.790841
v 0.505020 0.031212 0.789522
v 0.507097 0.031212 0.791745
v 0.505177 0.030878 0.789363
v 0.508133 0.030878 0.792648
v 0.505229 0.030514 0.789310
v 0.507323 0.030514 0.791550
v 0.509017 0.030514 0.793684
v 0.511553 0.030514 0.797656
v 0.511488 0.030878 0.797692
v 0.513266 0.030514 0.801221
v 0.513752 0.030878 0.802674
v 0.514808 0.030514 0.805792
v 0.516003 0.030514 0.814472
v 0.515896 0.030878 0.813378
v 0.515798 0.030514 0.818856
v 0.515724 0.030878 0.818850
v 0.515062 0.030514 0.823184
v 0.514428 0.030878 0.825285
v 0.513807 0.030514 0.827391
v 0.512048 0.030514 0.831412
v 0.512467 0.030878 0.830396
v 0.509812 0.030514 0.835189
v 0.509750 0.030878 0.835147
v 0.507135 0.030514 0.838667
v 0.506347 0.030878 0.839433
v 0.504054 0.030514 0.841793
v 0.500613 0.030514 0.844520
v 0.502328 0.030878 0.843151
v 0.496869 0.030514 0.846810
v 0.496834 0.030878 0.846744
v 0.492874 0.030514 0.848627
v 0.490777 0.030878 0.849277
v 0.488684 0.030514 0.849942
v 0.484387 0.030514 0.850737
v 0.485456 0.030878 0.850514
v 0.485422 0.031212 0.850293
v 0.491744 0.031212 0.848722
v 0.486427 0.031431 0.849781
v 0.480000 0.030514 0.851007
v 0.480000 0.030878 0.850933
v 0.480000 0.031212 0.850709
v 0.480000 0.031431 0.850372
v 0.509201 0.031431 0.795042
v 0.508208 0.031500 0.794273
v 0.510679 0.031500 0.798142
v 0.511979 0.031431 0.799883
v 0.512500 0.031500 0.801992
v 0.514194 0.031431 0.805955
v 0.513840 0.031500 0.806045
v 0.515270 0.031431 0.812327
v 0.514680 0.031500 0.810240
v 0.515003 0.031500 0.814494
v 0.515167 0.031431 0.818789
v 0.514892 0.031500 0.817828
v 0.514086 0.031500 0.822965
v 0.513891 0.031431 0.825125
v 0.513121 0.031500 0.826333
v 0.511483 0.031431 0.831123
v 0.511470 0.031500 0.830332
v 0.509325 0.031500 0.834114
v 0.508023 0.031431 0.836581
v 0.506726 0.031500 0.837609
v 0.503629 0.031431 0.841321
v 0.503382 0.031500 0.841053
v 0.498445 0.031431 0.845180
v 0.500359 0.031500 0.843475
v 0.496666 0.031500 0.845784
v 0.492647 0.031431 0.848034
v 0.492737 0.031500 0.847608
v 0.488607 0.031500 0.848930
v 0.480000 0.031500 0.850007
v 0.484263 0.031500 0.849745
v 0.515369 0.031212 0.819906
v 0.515672 0.031212 0.813388
v 0.515231 0.030878 0.807946
v 0.515669 0.030514 0.810095
v 0.510735 0.031212 0.796823
v 0.513153 0.031212 0.801732
v 0.514782 0.031212 0.806926
v 0.513887 0.031212 0.826260
v 0.511271 0.031212 0.832238
v 0.507613 0.031212 0.837639
v 0.503032 0.031212 0.842287
v 0.497683 0.031212 0.846021
v 0.480000 0.030514 0.851007
v 0.480000 0.030878 0.850933
v 0.474864 0.030514 0.850637
v 0.474874 0.030878 0.850563
v 0.470555 0.030514 0.849744
v 0.469522 0.030878 0.849370
v 0.466399 0.030514 0.848339
v 0.458757 0.030514 0.844070
v 0.459694 0.030878 0.844642
v 0.455379 0.030514 0.841273
v 0.455430 0.030878 0.841219
v 0.452368 0.030514 0.838084
v 0.451736 0.030878 0.837185
v 0.449767 0.030514 0.834553
v 0.447613 0.030514 0.830734
v 0.448174 0.030878 0.831679
v 0.445941 0.030514 0.826680
v 0.446011 0.030878 0.826656
v 0.444775 0.030514 0.822452
v 0.444637 0.030878 0.821363
v 0.444129 0.030514 0.818115
v 0.445387 0.030514 0.805085
v 0.444439 0.030514 0.809366
v 0.445775 0.030878 0.804059
v 0.444357 0.030878 0.810461
v 0.445673 0.031212 0.805168
v 0.454823 0.030878 0.789363
v 0.454771 0.030514 0.789310
v 0.450672 0.030878 0.794242
v 0.451292 0.030514 0.793269
v 0.448802 0.030514 0.797027
v 0.480000 0.031500 0.850007
v 0.475444 0.031500 0.849707
v 0.480000 0.031431 0.850372
v 0.478655 0.031431 0.850346
v 0.480000 0.031212 0.850709
v 0.476094 0.031212 0.850493
v 0.472801 0.031431 0.849630
v 0.470810 0.031500 0.848778
v 0.466639 0.031431 0.847752
v 0.466775 0.031500 0.847413
v 0.460909 0.031431 0.844775
v 0.462937 0.031500 0.845565
v 0.459341 0.031500 0.843258
v 0.455813 0.031431 0.840810
v 0.456056 0.031500 0.840538
v 0.451525 0.031431 0.835982
v 0.453134 0.031500 0.837442
v 0.450603 0.031500 0.834003
v 0.448184 0.031431 0.830457
v 0.448509 0.031500 0.830289
v 0.445906 0.031431 0.824415
v 0.446887 0.031500 0.826356
v 0.445752 0.031500 0.822240
v 0.444761 0.031431 0.818060
v 0.445124 0.031500 0.818016
v 0.444793 0.031431 0.811603
v 0.445015 0.031500 0.813761
v 0.445427 0.031500 0.809517
v 0.445997 0.031431 0.805260
v 0.446351 0.031500 0.805351
v 0.448335 0.031431 0.799238
v 0.447770 0.031500 0.801336
v 0.449667 0.031500 0.797527
v 0.455472 0.031500 0.790023
v 0.455216 0.031431 0.789763
v 0.452090 0.031500 0.793873
v 0.451130 0.031431 0.794566
v 0.454980 0.031212 0.789522
v 0.450855 0.031212 0.794371
v 0.448033 0.031212 0.799087
v 0.444457 0.031212 0.811571
v 0.444426 0.031212 0.818089
v 0.445581 0.031212 0.824505
v 0.447881 0.031212 0.830604
v 0.451254 0.031212 0.836181
v 0.454800 0.031212 0.840300
v 0.458932 0.031212 0.843830
v 0.464523 0.031212 0.847180
v 0.464426 0.030878 0.847381
v 0.462448 0.030514 0.846437
v 0.447833 0.030878 0.798988
v 0.444079 0.030878 0.815923
v 0.444016 0.030514 0.813731
v 0.446734 0.030514 0.801221
v 0.470633 0.031212 0.849457
v 0.456337 0.031500 0.789089
v 0.457423 0.031500 0.787604
v 0.456081 0.031440 0.788865
v 0.456763 0.031426 0.787918
v 0.454980 0.031212 0.789522
v 0.456100 0.031225 0.788289
v 0.454823 0.030878 0.789363
v 0.455216 0.031431 0.789763
v 0.455094 0.030720 0.789016
v 0.454771 0.030514 0.789310
v 0.455472 0.031500 0.790023
v 0.502577 0.031500 0.787604
v 0.503663 0.031500 0.789089
v 0.504528 0.031500 0.790023
v 0.505696 0.031500 0.791226
v 0.508208 0.031500 0.794273
v 0.510679 0.031500 0.798142
v 0.512500 0.031500 0.801992
v 0.513840 0.031500 0.806045
v 0.514680 0.031500 0.810240
v 0.515003 0.031500 0.814494
v 0.514892 0.031500 0.817828
v 0.514086 0.031500 0.822965
v 0.513121 0.031500 0.826333
v 0.511470 0.031500 0.830332
v 0.509325 0.031500 0.834114
v 0.506726 0.031500 0.837609
v 0.503382 0.031500 0.841053
v 0.500359 0.031500 0.843475
v 0.496666 0.031500 0.845784
v 0.492737 0.031500 0.847608
v 0.488607 0.031500 0.848930
v 0.484263 0.031500 0.849745
v 0.480000 0.031500 0.850007
v 0.475444 0.031500 0.849707
v 0.470810 0.031500 0.848778
v 0.466775 0.031500 0.847413
v 0.462937 0.031500 0.845565
v 0.459341 0.031500 0.843258
v 0.456056 0.031500 0.840538
v 0.453134 0.031500 0.837442
v 0.450603 0.031500 0.834003
v 0.448509 0.031500 0.830289
v 0.446887 0.031500 0.826356
v 0.445752 0.031500 0.822240
v 0.445124 0.031500 0.818016
v 0.445015 0.031500 0.813761
v 0.445427 0.031500 0.809517
v 0.446351 0.031500 0.805351
v 0.447770 0.031500 0.801336
v 0.449667 0.031500 0.797527
v 0.452090 0.031500 0.793873
v 0.455472 0.031500 0.790023
v 0.456337 0.031500 0.789089
v 0.457423 0.031500 0.787604
v 0.458270 0.031500 0.786928
v 0.458342 0.031500 0.786872
v 0.458923 0.031500 0.786434
v 0.463120 0.031500 0.783770
v 0.467647 0.031500 0.781719
v 0.470606 0.031500 0.780879
v 0.474432 0.031500 0.780500
v 0.485568 0.031500 0.780500
v 0.488634 0.031500 0.780743
v 0.492353 0.031500 0.781719
v 0.496881 0.031500 0.783771
v 0.501077 0.031500 0.786434
v 0.501727 0.031500 0.786925
v 0.474432 0.031500 0.780500
v 0.485568 0.031500 0.780500
v 0.474432 0.031465 0.780316
v 0.485568 0.031465 0.780316
v 0.474432 0.031354 0.780146
v 0.485568 0.031354 0.780146
v 0.474432 0.031184 0.780035
v 0.485568 0.031184 0.780035
v 0.474432 0.031000 0.780000
v 0.485568 0.031000 0.780000
v 0.485568 0.031000 0.780000
v 0.485568 0.031184 0.780035
v 0.488714 0.031000 0.780249
v 0.487928 0.031184 0.780175
v 0.492527 0.031000 0.781250
v 0.492515 0.031184 0.781283
v 0.485568 0.031465 0.780316
v 0.485568 0.031500 0.780500
v 0.487894 0.031465 0.780454
v 0.488634 0.031500 0.780743
v 0.492418 0.031465 0.781546
v 0.492353 0.031500 0.781719
v 0.485568 0.031354 0.780146
v 0.487914 0.031354 0.780286
v 0.492477 0.031354 0.781387
v 0.492527 0.031000 0.781250
v 0.492515 0.031184 0.781283
v 0.496948 0.031000 0.783239
v 0.495983 0.031184 0.782782
v 0.501374 0.031000 0.786032
v 0.501353 0.031184 0.786060
v 0.492418 0.031465 0.781546
v 0.492353 0.031500 0.781719
v 0.495858 0.031465 0.783033
v 0.496881 0.031500 0.783771
v 0.501186 0.031465 0.786286
v 0.501077 0.031500 0.786434
v 0.492477 0.031354 0.781387
v 0.495934 0.031354 0.782882
v 0.501287 0.031354 0.786150
v 0.498052 0.030788 0.783752
v 0.498019 0.030890 0.783810
v 0.502087 0.030787 0.786459
v 0.502046 0.030888 0.786512
v 0.501374 0.031000 0.786032
v 0.502033 0.030999 0.786530
v 0.497100 0.030700 0.782981
v 0.498103 0.030721 0.783664
v 0.501245 0.030700 0.785566
v 0.502149 0.030721 0.786379
v 0.502216 0.030700 0.786292
v 0.492593 0.030721 0.781072
v 0.492632 0.030700 0.780969
v 0.492558 0.030788 0.781168
v 0.492535 0.030890 0.781230
v 0.492527 0.031000 0.781250
v 0.496948 0.031000 0.783239
v 0.492632 0.030700 0.780969
v 0.489550 0.030700 0.780095
v 0.492593 0.030721 0.781072
v 0.490307 0.030721 0.780375
v 0.485568 0.030700 0.779700
v 0.485568 0.030721 0.779810
v 0.492535 0.030890 0.781230
v 0.490267 0.030890 0.780538
v 0.492527 0.031000 0.781250
v 0.488714 0.031000 0.780249
v 0.485568 0.030890 0.779979
v 0.485568 0.031000 0.780000
v 0.492558 0.030788 0.781168
v 0.490283 0.030788 0.780473
v 0.485568 0.030788 0.779912
v 0.485568 0.030788 0.779912
v 0.474432 0.030890 0.779979
v 0.485568 0.030890 0.779979
v 0.474432 0.031000 0.780000
v 0.485568 0.031000 0.780000
v 0.474432 0.030788 0.779912
v 0.485568 0.030721 0.779810
v 0.474432 0.030721 0.779810
v 0.485568 0.030700 0.779700
v 0.474432 0.030700 0.779700
v 0.474432 0.030700 0.779700
v 0.471239 0.030700 0.779953
v 0.474432 0.030721 0.779810
v 0.472046 0.030721 0.779952
v 0.467368 0.030700 0.780969
v 0.467407 0.030721 0.781072
v 0.474432 0.030890 0.779979
v 0.472066 0.030890 0.780119
v 0.474432 0.031000 0.780000
v 0.470509 0.031000 0.780389
v 0.467465 0.030890 0.781230
v 0.467473 0.031000 0.781250
v 0.474432 0.030788 0.779912
v 0.472058 0.030788 0.780053
v 0.467442 0.030788 0.781168
v 0.461843 0.030700 0.783568
v 0.462963 0.030721 0.783072
v 0.466230 0.030700 0.781413
v 0.467407 0.030721 0.781072
v 0.467368 0.030700 0.780969
v 0.457851 0.030721 0.786380
v 0.457784 0.030700 0.786292
v 0.462882 0.031000 0.783330
v 0.467473 0.031000 0.781250
v 0.463042 0.030890 0.783221
v 0.467465 0.030890 0.781230
v 0.467442 0.030788 0.781168
v 0.463011 0.030788 0.783162
v 0.457914 0.030788 0.786460
v 0.457954 0.030890 0.786513
v 0.457971 0.031000 0.786527
v 0.458037 0.031000 0.786476
v 0.458626 0.031000 0.786032
v 0.463687 0.030700 0.778400
v 0.463080 0.030700 0.779532
v 0.462473 0.030700 0.778400
v 0.462193 0.030700 0.778400
v 0.462940 0.030700 0.779770
v 0.462940 0.030700 0.781200
v 0.463220 0.030700 0.781200
v 0.463220 0.030700 0.779770
v 0.463967 0.030700 0.778400
v 0.461540 0.030700 0.780485
v 0.461493 0.030700 0.780664
v 0.461353 0.030700 0.780783
v 0.461167 0.030700 0.780843
v 0.460747 0.030700 0.780843
v 0.460560 0.030700 0.780783
v 0.460420 0.030700 0.780664
v 0.460327 0.030700 0.780485
v 0.460280 0.030700 0.780247
v 0.460280 0.030700 0.779353
v 0.460327 0.030700 0.779115
v 0.460420 0.030700 0.778936
v 0.460560 0.030700 0.778817
v 0.460747 0.030700 0.778757
v 0.461167 0.030700 0.778757
v 0.461353 0.030700 0.778817
v 0.461493 0.030700 0.778936
v 0.461540 0.030700 0.779115
v 0.461820 0.030700 0.779115
v 0.461773 0.030700 0.778817
v 0.461587 0.030700 0.778579
v 0.461400 0.030700 0.778460
v 0.461167 0.030700 0.778400
v 0.460747 0.030700 0.778400
v 0.460513 0.030700 0.778460
v 0.460327 0.030700 0.778579
v 0.460140 0.030700 0.778817
v 0.460047 0.030700 0.779055
v 0.460000 0.030700 0.779353
v 0.460000 0.030700 0.780247
v 0.460047 0.030700 0.780545
v 0.460140 0.030700 0.780783
v 0.460327 0.030700 0.781021
v 0.460513 0.030700 0.781140
v 0.460747 0.030700 0.781200
v 0.461167 0.030700 0.781200
v 0.461400 0.030700 0.781140
v 0.461587 0.030700 0.781021
v 0.461773 0.030700 0.780783
v 0.461820 0.030700 0.780485
v 0.487917 0.030700 0.777487
v 0.487683 0.030700 0.777711
v 0.487567 0.030700 0.778083
v 0.487567 0.030700 0.778306
v 0.487683 0.030700 0.778679
v 0.487858 0.030700 0.778902
v 0.488150 0.030700 0.779126
v 0.488442 0.030700 0.779200
v 0.488792 0.030700 0.779200
v 0.489083 0.030700 0.779126
v 0.489375 0.030700 0.778902
v 0.489550 0.030700 0.778679
v 0.489667 0.030700 0.778306
v 0.489667 0.030700 0.778083
v 0.489550 0.030700 0.777711
v 0.489317 0.030700 0.777487
v 0.489200 0.030700 0.777413
v 0.489317 0.030700 0.777338
v 0.489492 0.030700 0.777115
v 0.489608 0.030700 0.776817
v 0.489608 0.030700 0.776594
v 0.489492 0.030700 0.776221
v 0.489317 0.030700 0.775998
v 0.489025 0.030700 0.775774
v 0.488733 0.030700 0.775700
v 0.488500 0.030700 0.775700
v 0.488208 0.030700 0.775774
v 0.487917 0.030700 0.775998
v 0.487742 0.030700 0.776221
v 0.487625 0.030700 0.776594
v 0.487625 0.030700 0.776817
v 0.487742 0.030700 0.777115
v 0.487917 0.030700 0.777338
v 0.488033 0.030700 0.777413
v 0.487100 0.030700 0.775700
v 0.486750 0.030700 0.775700
v 0.486400 0.030700 0.776221
v 0.486400 0.030700 0.776817
v 0.486750 0.030700 0.776296
v 0.486750 0.030700 0.779200
v 0.487100 0.030700 0.779200
v 0.483833 0.030700 0.779200
v 0.485933 0.030700 0.779200
v 0.485933 0.030700 0.778828
v 0.484300 0.030700 0.778828
v 0.485758 0.030700 0.777189
v 0.485875 0.030700 0.776966
v 0.485933 0.030700 0.776668
v 0.485933 0.030700 0.776519
v 0.485875 0.030700 0.776221
v 0.485642 0.030700 0.775923
v 0.485408 0.030700 0.775774
v 0.485058 0.030700 0.775700
v 0.484825 0.030700 0.775700
v 0.484417 0.030700 0.775774
v 0.484183 0.030700 0.775923
v 0.483950 0.030700 0.776221
v 0.483892 0.030700 0.776519
v 0.484183 0.030700 0.776519
v 0.484300 0.030700 0.776296
v 0.484475 0.030700 0.776147
v 0.484767 0.030700 0.776072
v 0.485000 0.030700 0.776072
v 0.485292 0.030700 0.776147
v 0.485467 0.030700 0.776296
v 0.485583 0.030700 0.776519
v 0.485583 0.030700 0.776668
v 0.485467 0.030700 0.776966
v 0.483833 0.030700 0.778828
v 0.481267 0.030700 0.777785
v 0.481325 0.030700 0.778157
v 0.481383 0.030700 0.778381
v 0.481500 0.030700 0.778679
v 0.481675 0.030700 0.778902
v 0.481967 0.030700 0.779126
v 0.482317 0.030700 0.779200
v 0.482667 0.030700 0.779126
v 0.482958 0.030700 0.778902
v 0.483133 0.030700 0.778679
v 0.483250 0.030700 0.778381
v 0.483308 0.030700 0.778157
v 0.483367 0.030700 0.777785
v 0.483367 0.030700 0.777115
v 0.483308 0.030700 0.776743
v 0.483250 0.030700 0.776519
v 0.483133 0.030700 0.776221
v 0.482958 0.030700 0.775998
v 0.482667 0.030700 0.775774
v 0.482317 0.030700 0.775700
v 0.481967 0.030700 0.775774
v 0.481675 0.030700 0.775998
v 0.481500 0.030700 0.776221
v 0.481383 0.030700 0.776519
v 0.481325 0.030700 0.776743
v 0.481267 0.030700 0.777115
v 0.478700 0.030700 0.777785
v 0.478758 0.030700 0.778157
v 0.478817 0.030700 0.778381
v 0.478933 0.030700 0.778679
v 0.479108 0.030700 0.778902
v 0.479400 0.030700 0.779126
v 0.479750 0.030700 0.779200
v 0.480100 0.030700 0.779126
v 0.480392 0.030700 0.778902
v 0.480567 0.030700 0.778679
v 0.480683 0.030700 0.778381
v 0.480742 0.030700 0.778157
v 0.480800 0.030700 0.777785
v 0.480800 0.030700 0.777115
v 0.480742 0.030700 0.776743
v 0.480683 0.030700 0.776519
v 0.480567 0.030700 0.776221
v 0.480392 0.030700 0.775998
v 0.480100 0.030700 0.775774
v 0.479750 0.030700 0.775700
v 0.479400 0.030700 0.775774
v 0.479108 0.030700 0.775998
v 0.478933 0.030700 0.776221
v 0.478817 0.030700 0.776519
v 0.478758 0.030700 0.776743
v 0.478700 0.030700 0.777115
v 0.476133 0.030700 0.779200
v 0.478233 0.030700 0.779200
v 0.478233 0.030700 0.778828
v 0.476600 0.030700 0.778828
v 0.478058 0.030700 0.777189
v 0.478175 0.030700 0.776966
v 0.478233 0.030700 0.776668
v 0.478233 0.030700 0.776519
v 0.478175 0.030700 0.776221
v 0.477942 0.030700 0.775923
v 0.477708 0.030700 0.775774
v 0.477358 0.030700 0.775700
v 0.477125 0.030700 0.775700
v 0.476717 0.030700 0.775774
v 0.476483 0.030700 0.775923
v 0.476250 0.030700 0.776221
v 0.476192 0.030700 0.776519
v 0.476483 0.030700 0.776519
v 0.476600 0.030700 0.776296
v 0.476775 0.030700 0.776147
v 0.477067 0.030700 0.776072
v 0.477300 0.030700 0.776072
v 0.477592 0.030700 0.776147
v 0.477767 0.030700 0.776296
v 0.477883 0.030700 0.776519
v 0.477883 0.030700 0.776668
v 0.477767 0.030700 0.776966
v 0.476133 0.030700 0.778828
v 0.473567 0.030700 0.779200
v 0.475667 0.030700 0.779200
v 0.475667 0.030700 0.778828
v 0.474033 0.030700 0.778828
v 0.475492 0.030700 0.777189
v 0.475608 0.030700 0.776966
v 0.475667 0.030700 0.776668
v 0.475667 0.030700 0.776519
v 0.475608 0.030700 0.776221
v 0.475375 0.030700 0.775923
v 0.475142 0.030700 0.775774
v 0.474792 0.030700 0.775700
v 0.474558 0.030700 0.775700
v 0.474150 0.030700 0.775774
v 0.473917 0.030700 0.775923
v 0.473683 0.030700 0.776221
v 0.473625 0.030700 0.776519
v 0.473917 0.030700 0.776519
v 0.474033 0.030700 0.776296
v 0.474208 0.030700 0.776147
v 0.474500 0.030700 0.776072
v 0.474733 0.030700 0.776072
v 0.475025 0.030700 0.776147
v 0.475200 0.030700 0.776296
v 0.475317 0.030700 0.776519
v 0.475317 0.030700 0.776668
v 0.475200 0.030700 0.776966
v 0.473567 0.030700 0.778828
v 0.471700 0.030700 0.776370
v 0.472167 0.030700 0.779200
v 0.472633 0.030700 0.779200
v 0.473100 0.030700 0.775700
v 0.472750 0.030700 0.775700
v 0.472400 0.030700 0.778381
v 0.471933 0.030700 0.775700
v 0.471467 0.030700 0.775700
v 0.471000 0.030700 0.778381
v 0.470650 0.030700 0.775700
v 0.470300 0.030700 0.775700
v 0.470767 0.030700 0.779200
v 0.471233 0.030700 0.779200
v 0.467850 0.030700 0.777562
v 0.469483 0.030700 0.777562
v 0.469483 0.030700 0.779200
v 0.469833 0.030700 0.779200
v 0.469833 0.030700 0.775700
v 0.469483 0.030700 0.775700
v 0.469483 0.030700 0.777115
v 0.467850 0.030700 0.777115
v 0.467850 0.030700 0.775700
v 0.467500 0.030700 0.775700
v 0.467500 0.030700 0.779200
v 0.467850 0.030700 0.779200
v 0.500703 0.030700 0.777498
v 0.499870 0.030700 0.776455
v 0.498668 0.030700 0.775875
v 0.497332 0.030700 0.775875
v 0.496130 0.030700 0.776455
v 0.495297 0.030700 0.777498
v 0.495000 0.030700 0.778800
v 0.495297 0.030700 0.780102
v 0.496130 0.030700 0.781146
v 0.497332 0.030700 0.781725
v 0.498668 0.030700 0.781725
v 0.499870 0.030700 0.781146
v 0.500703 0.030700 0.780102
v 0.501000 0.030700 0.778800
v 0.457660 0.030700 0.785281
v 0.457650 0.030700 0.784556
v 0.456567 0.030700 0.775300
v 0.503433 0.030700 0.775300
v 0.502350 0.030700 0.784556
v 0.502341 0.030700 0.785305
v 0.502623 0.030700 0.786612
v 0.502599 0.030700 0.786592
v 0.502216 0.030700 0.786292
v 0.501245 0.030700 0.785566
v 0.497100 0.030700 0.782981
v 0.492632 0.030700 0.780969
v 0.489550 0.030700 0.780095
v 0.485568 0.030700 0.779700
v 0.474432 0.030700 0.779700
v 0.471239 0.030700 0.779953
v 0.467368 0.030700 0.780969
v 0.466230 0.030700 0.781413
v 0.461843 0.030700 0.783568
v 0.457784 0.030700 0.786292
v 0.457401 0.030700 0.786592
v 0.457377 0.030700 0.786612
v 0.502350 0.030700 0.784556
v 0.502666 0.030648 0.784593
v 0.504051 0.030483 0.775371
v 0.503753 0.030647 0.775337
v 0.503592 0.030687 0.775318
v 0.503433 0.030700 0.775300
v 0.502949 0.030497 0.784627
v 0.503433 0.030700 0.775300
v 0.503592 0.030687 0.775318
v 0.503440 0.030701 0.775279
v 0.503571 0.030691 0.775288
v 0.503434 0.030705 0.775248
v 0.503566 0.030698 0.775235
v 0.503424 0.030708 0.775231
v 0.503538 0.030712 0.775184
v 0.503389 0.030717 0.775200
v 0.503831 0.030630 0.775196
v 0.504053 0.030501 0.775160
v 0.503770 0.030678 0.775061
v 0.504008 0.030556 0.774947
v 0.503649 0.030756 0.774952
v 0.503916 0.030645 0.774749
v 0.503480 0.030850 0.774877
v 0.503682 0.030845 0.774534
v 0.503184 0.030986 0.774827
v 0.503337 0.031087 0.774478
v 0.502710 0.031158 0.774834
v 0.501845 0.031000 0.775000
v 0.502359 0.030914 0.775013
v 0.502370 0.031223 0.774888
v 0.502543 0.030990 0.774975
v 0.502646 0.031324 0.774716
v 0.502817 0.031380 0.774527
v 0.503753 0.030647 0.775337
v 0.504051 0.030483 0.775371
v 0.503333 0.030730 0.775169
v 0.503487 0.030733 0.775137
v 0.503256 0.030747 0.775139
v 0.503369 0.030775 0.775078
v 0.502899 0.030817 0.775062
v 0.503067 0.030865 0.775008
v 0.503292 0.031168 0.774235
v 0.502878 0.031390 0.774440
v 0.503761 0.030784 0.774548
v 0.503568 0.030947 0.774385
v 0.502987 0.031403 0.774135
v 0.503389 0.030717 0.775200
v 0.503333 0.030730 0.775169
v 0.456621 0.030720 0.775193
v 0.503256 0.030747 0.775139
v 0.456747 0.030747 0.775138
v 0.502899 0.030817 0.775062
v 0.457116 0.030820 0.775060
v 0.502359 0.030914 0.775013
v 0.457552 0.030898 0.775018
v 0.501845 0.031000 0.775000
v 0.458155 0.031000 0.775000
v 0.456565 0.030704 0.775250
v 0.503424 0.030708 0.775231
v 0.456577 0.030708 0.775230
v 0.503434 0.030705 0.775248
v 0.456560 0.030701 0.775279
v 0.503440 0.030701 0.775279
v 0.456567 0.030700 0.775300
v 0.503433 0.030700 0.775300
v 0.456553 0.030866 0.774868
v 0.456479 0.030963 0.774495
v 0.456341 0.030750 0.774958
v 0.456083 0.030645 0.774749
v 0.456245 0.030689 0.775042
v 0.455985 0.030549 0.774969
v 0.456169 0.030630 0.775192
v 0.455947 0.030501 0.775162
v 0.455949 0.030483 0.775371
v 0.456247 0.030647 0.775337
v 0.456428 0.030694 0.775261
v 0.456447 0.030705 0.775205
v 0.456408 0.030687 0.775318
v 0.456567 0.030700 0.775300
v 0.456560 0.030701 0.775279
v 0.456565 0.030704 0.775250
v 0.457384 0.031314 0.774740
v 0.457542 0.031232 0.774860
v 0.457982 0.031075 0.774989
v 0.457808 0.031060 0.774979
v 0.457552 0.030898 0.775018
v 0.456577 0.030708 0.775230
v 0.456496 0.030727 0.775150
v 0.456621 0.030720 0.775193
v 0.456578 0.030757 0.775100
v 0.456747 0.030747 0.775138
v 0.456765 0.030818 0.775038
v 0.457085 0.031397 0.774369
v 0.457013 0.031403 0.774135
v 0.456957 0.031263 0.774492
v 0.456690 0.031154 0.774243
v 0.456945 0.031038 0.774821
v 0.457212 0.031368 0.774571
v 0.457235 0.030940 0.774981
v 0.456268 0.030809 0.774518
v 0.458155 0.031000 0.775000
v 0.457116 0.030820 0.775060
v 0.456410 0.030928 0.774401
v 0.457051 0.030497 0.784627
v 0.457331 0.030647 0.784594
v 0.456567 0.030700 0.775300
v 0.456408 0.030687 0.775318
v 0.456247 0.030647 0.775337
v 0.455949 0.030483 0.775371
v 0.457650 0.030700 0.784556
v 0.445417 0.013636 0.798562
v 0.443967 0.014921 0.773000
v 0.444547 0.010982 0.799369
v 0.442325 0.010072 0.773000
v 0.443872 0.008421 0.799616
v 0.443349 0.005856 0.799340
v 0.441334 0.005079 0.773000
v 0.442954 0.003115 0.798510
v 0.441000 0.000000 0.773000
v 0.442715 -0.000000 0.797007
v 0.457013 0.031403 0.774135
v 0.456875 0.031402 0.773000
v 0.456690 0.031154 0.774243
v 0.456466 0.031096 0.773000
v 0.456410 0.030928 0.774401
v 0.456268 0.030809 0.774518
v 0.456060 0.030785 0.773000
v 0.456083 0.030645 0.774749
v 0.453147 0.026725 0.788604
v 0.456346 0.029895 0.785281
v 0.455949 0.030483 0.775371
v 0.455659 0.030469 0.773000
v 0.455261 0.030148 0.773000
v 0.454868 0.029821 0.773000
v 0.454479 0.029489 0.773000
v 0.454095 0.029153 0.773000
v 0.453715 0.028811 0.773000
v 0.452418 0.027573 0.773000
v 0.452376 0.027530 0.773000
v 0.451994 0.027142 0.773000
v 0.450050 0.022754 0.792392
v 0.451618 0.026748 0.773000
v 0.451248 0.026349 0.773000
v 0.450883 0.025945 0.773000
v 0.450524 0.025536 0.773000
v 0.450171 0.025122 0.773000
v 0.449823 0.024703 0.773000
v 0.449481 0.024279 0.773000
v 0.449145 0.023851 0.773000
v 0.448816 0.023417 0.773000
v 0.447655 0.018739 0.795643
v 0.448492 0.022980 0.773000
v 0.448174 0.022537 0.773000
v 0.447863 0.022091 0.773000
v 0.447557 0.021640 0.773000
v 0.447258 0.021185 0.773000
v 0.446966 0.020726 0.773000
v 0.446680 0.020263 0.773000
v 0.446400 0.019796 0.773000
v 0.446126 0.019325 0.773000
v 0.446601 0.016561 0.797084
v 0.445860 0.018850 0.773000
v 0.445600 0.018372 0.773000
v 0.445346 0.017890 0.773000
v 0.445100 0.017404 0.773000
v 0.444860 0.016916 0.773000
v 0.444627 0.016424 0.773000
v 0.444401 0.015928 0.773000
v 0.444182 0.015430 0.773000
v 0.443970 0.014929 0.773000
v 0.455947 0.030501 0.775162
v 0.455985 0.030549 0.774969
v 0.457051 0.030497 0.784627
v 0.441000 0.000000 0.773000
v 0.441009 -0.000815 0.773119
v 0.441036 -0.001668 0.773500
v 0.441119 -0.003043 0.774665
v 0.441221 -0.004148 0.776097
v 0.441342 -0.005153 0.777788
v 0.441521 -0.006353 0.780292
v 0.441744 -0.007584 0.783422
v 0.441745 -0.007585 0.783426
v 0.441750 -0.007617 0.783506
v 0.441770 -0.007777 0.783776
v 0.441784 -0.007975 0.783972
v 0.441792 -0.008157 0.784089
v 0.441792 -0.026678 0.784089
v 0.442186 -0.015222 0.789597
v 0.442532 -0.005061 0.794454
v 0.442715 -0.000000 0.797007
v 0.441943 -0.026678 0.782914
v 0.441792 -0.026678 0.784089
v 0.441792 -0.008157 0.784089
v 0.441786 -0.008095 0.783970
v 0.441785 -0.008082 0.783836
v 0.441789 -0.008128 0.783707
v 0.441802 -0.008252 0.783556
v 0.441837 -0.008601 0.783315
v 0.441895 -0.009139 0.783068
v 0.442126 -0.011007 0.782485
v 0.442537 -0.026678 0.781889
v 0.442537 -0.013675 0.781889
v 0.452874 -0.030614 0.773000
v 0.452874 -0.031500 0.773000
v 0.449873 -0.027279 0.775098
v 0.448900 -0.031500 0.775851
v 0.447012 -0.023266 0.777428
v 0.445224 -0.031500 0.779077
v 0.441881 -0.031500 0.782646
v 0.442127 -0.030751 0.782359
v 0.442408 -0.029203 0.782035
v 0.442537 -0.026678 0.781889
v 0.442537 -0.013675 0.781889
v 0.442992 -0.015004 0.781381
v 0.444885 -0.019454 0.779408
v 0.450876 -0.026057 0.773000
v 0.452303 -0.028468 0.773000
v 0.452744 -0.029687 0.773000
v 0.452874 -0.030614 0.773000
v 0.452874 -0.031500 0.773000
v 0.452874 -0.034150 0.773000
v 0.453715 -0.034150 0.773000
v 0.453715 -0.028811 0.773000
v 0.449985 -0.024902 0.773000
v 0.496412 -0.032500 0.768250
v 0.495147 -0.034150 0.767825
v 0.491058 -0.032500 0.766702
v 0.489183 -0.034150 0.766311
v 0.485564 -0.032500 0.765766
v 0.483077 -0.034150 0.765548
v 0.480000 -0.032500 0.765453
v 0.476924 -0.034150 0.765548
v 0.474436 -0.032500 0.765766
v 0.468942 -0.032500 0.766702
v 0.470818 -0.034150 0.766311
v 0.463588 -0.032500 0.768250
v 0.464854 -0.034150 0.767825
v 0.458442 -0.032500 0.770389
v 0.459123 -0.034150 0.770066
v 0.456255 -0.030938 0.771513
v 0.453715 -0.034150 0.773000
v 0.453715 -0.028811 0.773000
v 0.500877 -0.034150 0.770066
v 0.501558 -0.032500 0.770388
v 0.503746 -0.030938 0.771513
v 0.506286 -0.028811 0.773000
v 0.506286 -0.034150 0.773000
v 0.502987 0.031403 0.774135
v 0.503125 0.031402 0.773000
v 0.503099 0.031420 0.773000
v 0.503043 0.031451 0.773000
v 0.503014 0.031463 0.773000
v 0.502968 0.031480 0.773000
v 0.502921 0.031491 0.773000
v 0.502873 0.031498 0.773000
v 0.502825 0.031500 0.773000
v 0.502692 0.031500 0.774099
v 0.502987 0.031403 0.774135
v 0.502692 0.031500 0.774099
v 0.502845 0.031465 0.774241
v 0.502674 0.031500 0.774173
v 0.502702 0.031465 0.774441
v 0.502579 0.031500 0.774304
v 0.502425 0.031465 0.774597
v 0.502364 0.031500 0.774424
v 0.501845 0.031500 0.774500
v 0.502646 0.031324 0.774716
v 0.502878 0.031390 0.774440
v 0.502530 0.031354 0.774739
v 0.501845 0.031354 0.774854
v 0.501845 0.031000 0.775000
v 0.502370 0.031223 0.774888
v 0.502692 0.031500 0.774099
v 0.502674 0.031500 0.774173
v 0.502579 0.031500 0.774304
v 0.502364 0.031500 0.774424
v 0.501845 0.031500 0.774500
v 0.458155 0.031500 0.774500
v 0.457915 0.031500 0.774486
v 0.457625 0.031500 0.774420
v 0.457420 0.031500 0.774303
v 0.457352 0.031500 0.774222
v 0.457308 0.031500 0.774099
v 0.457175 0.031500 0.773000
v 0.502825 0.031500 0.773000
v 0.458155 0.031000 0.775000
v 0.501845 0.031000 0.775000
v 0.458155 0.031250 0.774933
v 0.501845 0.031354 0.774854
v 0.458155 0.031433 0.774750
v 0.501845 0.031500 0.774500
v 0.458155 0.031500 0.774500
v 0.458155 0.031433 0.774750
v 0.458155 0.031500 0.774500
v 0.458024 0.031465 0.774680
v 0.457915 0.031500 0.774486
v 0.457561 0.031465 0.774592
v 0.457625 0.031500 0.774420
v 0.457297 0.031465 0.774440
v 0.457420 0.031500 0.774303
v 0.457179 0.031465 0.774292
v 0.457352 0.031500 0.774222
v 0.457013 0.031403 0.774135
v 0.457308 0.031500 0.774099
v 0.458155 0.031000 0.775000
v 0.458155 0.031250 0.774933
v 0.457982 0.031075 0.774989
v 0.458007 0.031184 0.774961
v 0.457384 0.031314 0.774740
v 0.457872 0.031354 0.774837
v 0.457387 0.031354 0.774702
v 0.457212 0.031368 0.774571
v 0.457085 0.031397 0.774369
v 0.457013 0.031403 0.774135
v 0.457308 0.031500 0.774099
v 0.457175 0.031500 0.773000
v 0.457143 0.031499 0.773000
v 0.457111 0.031496 0.773000
v 0.457080 0.031491 0.773000
v 0.457049 0.031484 0.773000
v 0.457002 0.031470 0.773000
v 0.456958 0.031451 0.773000
v 0.456915 0.031428 0.773000
v 0.456875 0.031402 0.773000
v 0.502825 0.031500 0.773000
v 0.502873 0.031498 0.773000
v 0.502921 0.031491 0.773000
v 0.502968 0.031480 0.773000
v 0.503014 0.031463 0.773000
v 0.503043 0.031451 0.773000
v 0.503099 0.031420 0.773000
v 0.503125 0.031402 0.773000
v 0.503535 0.031096 0.773000
v 0.503941 0.030785 0.773000
v 0.504343 0.030468 0.773000
v 0.504740 0.030147 0.773000
v 0.505133 0.029820 0.773000
v 0.505522 0.029488 0.773000
v 0.505906 0.029152 0.773000
v 0.506286 0.028811 0.773000
v 0.505873 0.029182 0.773000
v 0.505456 0.029547 0.773000
v 0.505033 0.029906 0.773000
v 0.504605 0.030259 0.773000
v 0.504172 0.030606 0.773000
v 0.503734 0.030946 0.773000
v 0.503292 0.031281 0.773000
v 0.502845 0.031609 0.773000
v 0.502393 0.031931 0.773000
v 0.501936 0.032246 0.773000
v 0.501476 0.032555 0.773000
v 0.501010 0.032857 0.773000
v 0.500541 0.033152 0.773000
v 0.500067 0.033441 0.773000
v 0.499590 0.033723 0.773000
v 0.499108 0.033998 0.773000
v 0.498623 0.034267 0.773000
v 0.498133 0.034528 0.773000
v 0.497640 0.034782 0.773000
v 0.497144 0.035030 0.773000
v 0.496644 0.035270 0.773000
v 0.496141 0.035503 0.773000
v 0.495634 0.035729 0.773000
v 0.495124 0.035948 0.773000
v 0.494612 0.036159 0.773000
v 0.494096 0.036364 0.773000
v 0.493577 0.036560 0.773000
v 0.493056 0.036750 0.773000
v 0.492532 0.036932 0.773000
v 0.492005 0.037106 0.773000
v 0.491476 0.037273 0.773000
v 0.490945 0.037433 0.773000
v 0.490412 0.037585 0.773000
v 0.489876 0.037729 0.773000
v 0.489338 0.037866 0.773000
v 0.488799 0.037994 0.773000
v 0.488258 0.038116 0.773000
v 0.487715 0.038229 0.773000
v 0.487170 0.038335 0.773000
v 0.486624 0.038433 0.773000
v 0.486077 0.038524 0.773000
v 0.485529 0.038606 0.773000
v 0.484979 0.038681 0.773000
v 0.484428 0.038748 0.773000
v 0.483877 0.038807 0.773000
v 0.483324 0.038858 0.773000
v 0.482771 0.038901 0.773000
v 0.482218 0.038937 0.773000
v 0.481664 0.038965 0.773000
v 0.481109 0.038984 0.773000
v 0.480555 0.038996 0.773000
v 0.480000 0.039000 0.773000
v 0.479446 0.038996 0.773000
v 0.478891 0.038984 0.773000
v 0.478337 0.038965 0.773000
v 0.477783 0.038937 0.773000
v 0.477229 0.038901 0.773000
v 0.476676 0.038858 0.773000
v 0.476124 0.038807 0.773000
v 0.475572 0.038748 0.773000
v 0.475022 0.038681 0.773000
v 0.474472 0.038606 0.773000
v 0.473923 0.038524 0.773000
v 0.473376 0.038433 0.773000
v 0.472830 0.038335 0.773000
v 0.472286 0.038229 0.773000
v 0.471743 0.038116 0.773000
v 0.471202 0.037995 0.773000
v 0.470662 0.037866 0.773000
v 0.470124 0.037729 0.773000
v 0.469589 0.037585 0.773000
v 0.469055 0.037433 0.773000
v 0.468524 0.037273 0.773000
v 0.467995 0.037106 0.773000
v 0.467469 0.036932 0.773000
v 0.466945 0.036750 0.773000
v 0.466423 0.036561 0.773000
v 0.465905 0.036364 0.773000
v 0.465389 0.036160 0.773000
v 0.464876 0.035948 0.773000
v 0.464366 0.035729 0.773000
v 0.463860 0.035503 0.773000
v 0.463356 0.035270 0.773000
v 0.462856 0.035030 0.773000
v 0.462360 0.034783 0.773000
v 0.461867 0.034528 0.773000
v 0.461378 0.034267 0.773000
v 0.460892 0.033999 0.773000
v 0.460411 0.033723 0.773000
v 0.459933 0.033441 0.773000
v 0.459460 0.033153 0.773000
v 0.458990 0.032857 0.773000
v 0.458525 0.032555 0.773000
v 0.458064 0.032246 0.773000
v 0.457608 0.031931 0.773000
v 0.457156 0.031609 0.773000
v 0.456709 0.031281 0.773000
v 0.456266 0.030947 0.773000
v 0.455828 0.030606 0.773000
v 0.455395 0.030259 0.773000
v 0.454968 0.029906 0.773000
v 0.454545 0.029547 0.773000
v 0.454127 0.029182 0.773000
v 0.453715 0.028811 0.773000
v 0.454095 0.029153 0.773000
v 0.454479 0.029489 0.773000
v 0.454868 0.029821 0.773000
v 0.455261 0.030148 0.773000
v 0.455659 0.030469 0.773000
v 0.456060 0.030785 0.773000
v 0.456466 0.031096 0.773000
v 0.456875 0.031402 0.773000
v 0.456915 0.031428 0.773000
v 0.456958 0.031451 0.773000
v 0.457002 0.031470 0.773000
v 0.457049 0.031484 0.773000
v 0.457080 0.031491 0.773000
v 0.457111 0.031496 0.773000
v 0.457143 0.031499 0.773000
v 0.457175 0.031500 0.773000
v 0.454395 0.004515 0.739300
v 0.455568 0.008893 0.739300
v 0.457483 0.013000 0.739300
v 0.460083 0.016712 0.739300
v 0.463288 0.019917 0.739300
v 0.467000 0.022517 0.739300
v 0.471107 0.024432 0.739300
v 0.475485 0.025605 0.739300
v 0.480000 0.026000 0.739300
v 0.484515 0.025605 0.739300
v 0.488893 0.024432 0.739300
v 0.493000 0.022517 0.739300
v 0.496712 0.019917 0.739300
v 0.499917 0.016712 0.739300
v 0.502517 0.013000 0.739300
v 0.504432 0.008893 0.739300
v 0.505605 0.004515 0.739300
v 0.506000 0.000000 0.739300
v 0.505605 -0.004515 0.739300
v 0.504432 -0.008893 0.739300
v 0.502517 -0.013000 0.739300
v 0.499917 -0.016712 0.739300
v 0.496712 -0.019917 0.739300
v 0.493000 -0.022517 0.739300
v 0.488893 -0.024432 0.739300
v 0.484515 -0.025605 0.739300
v 0.480000 -0.026000 0.739300
v 0.475485 -0.025605 0.739300
v 0.471107 -0.024432 0.739300
v 0.467000 -0.022517 0.739300
v 0.463288 -0.019917 0.739300
v 0.460083 -0.016712 0.739300
v 0.457483 -0.013000 0.739300
v 0.455568 -0.008893 0.739300
v 0.454395 -0.004515 0.739300
v 0.454000 0.000000 0.739300
v 0.454000 0.000000 0.739300
v 0.454000 0.000000 0.740600
v 0.454395 0.004515 0.739300
v 0.454395 0.004515 0.740600
v 0.455568 0.008893 0.739300
v 0.455568 0.008893 0.740600
v 0.457483 0.013000 0.739300
v 0.457483 0.013000 0.740600
v 0.460083 0.016712 0.739300
v 0.460083 0.016712 0.740600
v 0.463288 0.019917 0.739300
v 0.463288 0.019917 0.740600
v 0.467000 0.022517 0.739300
v 0.467000 0.022517 0.740600
v 0.471107 0.024432 0.739300
v 0.471107 0.024432 0.740600
v 0.475485 0.025605 0.739300
v 0.475485 0.025605 0.740600
v 0.480000 0.026000 0.739300
v 0.480000 0.026000 0.740600
v 0.484515 0.025605 0.739300
v 0.484515 0.025605 0.740600
v 0.488893 0.024432 0.739300
v 0.488893 0.024432 0.740600
v 0.493000 0.022517 0.739300
v 0.493000 0.022517 0.740600
v 0.496712 0.019917 0.739300
v 0.496712 0.019917 0.740600
v 0.499917 0.016712 0.739300
v 0.499917 0.016712 0.740600
v 0.502517 0.013000 0.739300
v 0.502517 0.013000 0.740600
v 0.504432 0.008893 0.739300
v 0.504432 0.008893 0.740600
v 0.505605 0.004515 0.739300
v 0.505605 0.004515 0.740600
v 0.506000 0.000000 0.739300
v 0.506000 0.000000 0.740600
v 0.506000 0.000000 0.739300
v 0.506000 0.000000 0.740600
v 0.505605 -0.004515 0.739300
v 0.505605 -0.004515 0.740600
v 0.504432 -0.008893 0.739300
v 0.504432 -0.008893 0.740600
v 0.502517 -0.013000 0.739300
v 0.502517 -0.013000 0.740600
v 0.499917 -0.016712 0.739300
v 0.499917 -0.016712 0.740600
v 0.496712 -0.019917 0.739300
v 0.496712 -0.019917 0.740600
v 0.493000 -0.022517 0.739300
v 0.493000 -0.022517 0.740600
v 0.488893 -0.024432 0.739300
v 0.488893 -0.024432 0.740600
v 0.484515 -0.025605 0.739300
v 0.484515 -0.025605 0.740600
v 0.480000 -0.026000 0.739300
v 0.480000 -0.026000 0.740600
v 0.475485 -0.025605 0.739300
v 0.475485 -0.025605 0.740600
v 0.471107 -0.024432 0.739300
v 0.471107 -0.024432 0.740600
v 0.467000 -0.022517 0.739300
v 0.467000 -0.022517 0.740600
v 0.463288 -0.019917 0.739300
v 0.463288 -0.019917 0.740600
v 0.460083 -0.016712 0.739300
v 0.460083 -0.016712 0.740600
v 0.457483 -0.013000 0.739300
v 0.457483 -0.013000 0.740600
v 0.455568 -0.008893 0.739300
v 0.455568 -0.008893 0.740600
v 0.454395 -0.004515 0.739300
v 0.454395 -0.004515 0.740600
v 0.454000 0.000000 0.739300
v 0.454000 0.000000 0.740600
v 0.505605 0.004515 0.740600
v 0.504432 0.008893 0.740600
v 0.502517 0.013000 0.740600
v 0.499917 0.016712 0.740600
v 0.496712 0.019917 0.740600
v 0.493000 0.022517 0.740600
v 0.488893 0.024432 0.740600
v 0.484515 0.025605 0.740600
v 0.480000 0.026000 0.740600
v 0.475485 0.025605 0.740600
v 0.471107 0.024432 0.740600
v 0.467000 0.022517 0.740600
v 0.463288 0.019917 0.740600
v 0.460083 0.016712 0.740600
v 0.457483 0.013000 0.740600
v 0.455568 0.008893 0.740600
v 0.454395 0.004515 0.740600
v 0.454000 0.000000 0.740600
v 0.454395 -0.004515 0.740600
v 0.455568 -0.008893 0.740600
v 0.457483 -0.013000 0.740600
v 0.460083 -0.016712 0.740600
v 0.463288 -0.019917 0.740600
v 0.467000 -0.022517 0.740600
v 0.471107 -0.024432 0.740600
v 0.475485 -0.025605 0.740600
v 0.480000 -0.026000 0.740600
v 0.484515 -0.025605 0.740600
v 0.488893 -0.024432 0.740600
v 0.493000 -0.022517 0.740600
v 0.496712 -0.019917 0.740600
v 0.499917 -0.016712 0.740600
v 0.502517 -0.013000 0.740600
v 0.504432 -0.008893 0.740600
v 0.505605 -0.004515 0.740600
v 0.506000 0.000000 0.740600
v 0.484959 0.031310 0.740600
v 0.489796 0.030149 0.740600
v 0.494392 0.028245 0.740600
v 0.498633 0.025646 0.740600
v 0.502415 0.022415 0.740600
v 0.505646 0.018633 0.740600
v 0.508245 0.014392 0.740600
v 0.510148 0.009796 0.740600
v 0.511310 0.004959 0.740600
v 0.511700 0.000000 0.740600
v 0.511310 -0.004959 0.740600
v 0.510148 -0.009796 0.740600
v 0.508245 -0.014392 0.740600
v 0.505646 -0.018633 0.740600
v 0.502415 -0.022415 0.740600
v 0.498633 -0.025646 0.740600
v 0.494392 -0.028245 0.740600
v 0.489796 -0.030149 0.740600
v 0.484959 -0.031310 0.740600
v 0.480000 -0.031700 0.740600
v 0.475041 -0.031310 0.740600
v 0.470204 -0.030149 0.740600
v 0.465608 -0.028245 0.740600
v 0.461367 -0.025646 0.740600
v 0.457585 -0.022415 0.740600
v 0.454354 -0.018633 0.740600
v 0.451755 -0.014392 0.740600
v 0.449852 -0.009796 0.740600
v 0.448690 -0.004959 0.740600
v 0.448300 0.000000 0.740600
v 0.448690 0.004959 0.740600
v 0.449852 0.009796 0.740600
v 0.451755 0.014392 0.740600
v 0.454354 0.018633 0.740600
v 0.457585 0.022415 0.740600
v 0.461367 0.025646 0.740600
v 0.465608 0.028245 0.740600
v 0.470204 0.030149 0.740600
v 0.475041 0.031310 0.740600
v 0.480000 0.031700 0.740600
v 0.480000 -0.031700 0.744700
v 0.480000 -0.031700 0.740700
v 0.484959 -0.031310 0.744700
v 0.484959 -0.031310 0.740600
v 0.489796 -0.030149 0.744700
v 0.489796 -0.030149 0.740600
v 0.494392 -0.028245 0.744700
v 0.494392 -0.028245 0.740600
v 0.498633 -0.025646 0.744700
v 0.498633 -0.025646 0.740600
v 0.502415 -0.022415 0.744700
v 0.502415 -0.022415 0.740600
v 0.505646 -0.018633 0.744700
v 0.505646 -0.018633 0.740600
v 0.508245 -0.014392 0.744700
v 0.508245 -0.014392 0.740600
v 0.510148 -0.009796 0.744700
v 0.510148 -0.009796 0.740600
v 0.511310 -0.004959 0.744700
v 0.511310 -0.004959 0.740600
v 0.511700 0.000000 0.744700
v 0.511700 0.000000 0.740600
v 0.511310 0.004959 0.744700
v 0.511310 0.004959 0.740600
v 0.510148 0.009796 0.744700
v 0.510148 0.009796 0.740600
v 0.508245 0.014392 0.744700
v 0.508245 0.014392 0.740600
v 0.505646 0.018633 0.744700
v 0.505646 0.018633 0.740600
v 0.502415 0.022415 0.744700
v 0.502415 0.022415 0.740600
v 0.498633 0.025646 0.744700
v 0.498633 0.025646 0.740600
v 0.494392 0.028245 0.744700
v 0.494392 0.028245 0.740600
v 0.489796 0.030149 0.744700
v 0.489796 0.030149 0.740600
v 0.484959 0.031310 0.744700
v 0.484959 0.031310 0.740600
v 0.480000 0.031700 0.744700
v 0.480000 0.031700 0.740600
v 0.480000 -0.031700 0.740600
v 0.480000 0.031700 0.744700
v 0.480000 0.031700 0.740600
v 0.475041 0.031310 0.744700
v 0.475041 0.031310 0.740600
v 0.470204 0.030149 0.744700
v 0.470204 0.030149 0.740600
v 0.465608 0.028245 0.744700
v 0.465608 0.028245 0.740600
v 0.461367 0.025646 0.744700
v 0.461367 0.025646 0.740600
v 0.457585 0.022415 0.744700
v 0.457585 0.022415 0.740600
v 0.454354 0.018633 0.744700
v 0.454354 0.018633 0.740600
v 0.451755 0.014392 0.744700
v 0.451755 0.014392 0.740600
v 0.449852 0.009796 0.744700
v 0.449852 0.009796 0.740600
v 0.448690 0.004959 0.744700
v 0.448690 0.004959 0.740600
v 0.448300 0.000000 0.744700
v 0.448300 0.000000 0.740600
v 0.448690 -0.004959 0.744700
v 0.448690 -0.004959 0.740600
v 0.449852 -0.009796 0.744700
v 0.449852 -0.009796 0.740600
v 0.451755 -0.014392 0.744700
v 0.451755 -0.014392 0.740600
v 0.454354 -0.018633 0.744700
v 0.454354 -0.018633 0.740600
v 0.457585 -0.022415 0.744700
v 0.457585 -0.022415 0.740600
v 0.461367 -0.025646 0.744700
v 0.461367 -0.025646 0.740600
v 0.465608 -0.028245 0.744700
v 0.465608 -0.028245 0.740600
v 0.470204 -0.030149 0.744700
v 0.470204 -0.030149 0.740600
v 0.475041 -0.031310 0.744700
v 0.475041 -0.031310 0.740600
v 0.480000 -0.031700 0.740700
v 0.480000 -0.031700 0.740600
v 0.480000 -0.031700 0.744700
v 0.443099 -0.006912 0.741250
v 0.444106 -0.005906 0.741250
v 0.445481 -0.005537 0.741250
v 0.446856 -0.005906 0.741250
v 0.447862 -0.006912 0.741250
v 0.448231 -0.008287 0.741250
v 0.447862 -0.009662 0.741250
v 0.446856 -0.010669 0.741250
v 0.445481 -0.011037 0.741250
v 0.444106 -0.010669 0.741250
v 0.443099 -0.009662 0.741250
v 0.442731 -0.008287 0.741250
v 0.510143 -0.022581 0.744700
v 0.510143 -0.022581 0.744250
v 0.509774 -0.021206 0.744700
v 0.509774 -0.021206 0.744250
v 0.508768 -0.020199 0.744700
v 0.508768 -0.020199 0.744250
v 0.507393 -0.019831 0.744700
v 0.507393 -0.019831 0.744250
v 0.506018 -0.020199 0.744700
v 0.506018 -0.020199 0.744250
v 0.505011 -0.021206 0.744700
v 0.505011 -0.021206 0.744250
v 0.504643 -0.022581 0.744700
v 0.504643 -0.022581 0.744250
v 0.504643 -0.022581 0.744700
v 0.504643 -0.022581 0.744250
v 0.505011 -0.023956 0.744700
v 0.505011 -0.023956 0.744250
v 0.506018 -0.024962 0.744700
v 0.506018 -0.024962 0.744250
v 0.507393 -0.025331 0.744700
v 0.507393 -0.025331 0.744250
v 0.508768 -0.024962 0.744700
v 0.508768 -0.024962 0.744250
v 0.509774 -0.023956 0.744700
v 0.509774 -0.023956 0.744250
v 0.510143 -0.022581 0.744700
v 0.510143 -0.022581 0.744250
v 0.517269 -0.008287 0.744700
v 0.517269 -0.008287 0.744250
v 0.516901 -0.006912 0.744700
v 0.516901 -0.006912 0.744250
v 0.515894 -0.005906 0.744700
v 0.515894 -0.005906 0.744250
v 0.514519 -0.005537 0.744700
v 0.514519 -0.005537 0.744250
v 0.513144 -0.005906 0.744700
v 0.513144 -0.005906 0.744250
v 0.512138 -0.006912 0.744700
v 0.512138 -0.006912 0.744250
v 0.511769 -0.008287 0.744700
v 0.511769 -0.008287 0.744250
v 0.511769 -0.008287 0.744700
v 0.511769 -0.008287 0.744250
v 0.512138 -0.009662 0.744700
v 0.512138 -0.009662 0.744250
v 0.513144 -0.010669 0.744700
v 0.513144 -0.010669 0.744250
v 0.514519 -0.011037 0.744700
v 0.514519 -0.011037 0.744250
v 0.515894 -0.010669 0.744700
v 0.515894 -0.010669 0.744250
v 0.516901 -0.009662 0.744700
v 0.516901 -0.009662 0.744250
v 0.517269 -0.008287 0.744700
v 0.517269 -0.008287 0.744250
v 0.517269 0.008287 0.744700
v 0.517269 0.008287 0.744250
v 0.516901 0.009662 0.744700
v 0.516901 0.009662 0.744250
v 0.515894 0.010669 0.744700
v 0.515894 0.010669 0.744250
v 0.514519 0.011037 0.744700
v 0.514519 0.011037 0.744250
v 0.513144 0.010669 0.744700
v 0.513144 0.010669 0.744250
v 0.512138 0.009662 0.744700
v 0.512138 0.009662 0.744250
v 0.511769 0.008287 0.744700
v 0.511769 0.008287 0.744250
v 0.511769 0.008287 0.744700
v 0.511769 0.008287 0.744250
v 0.512138 0.006912 0.744700
v 0.512138 0.006912 0.744250
v 0.513144 0.005906 0.744700
v 0.513144 0.005906 0.744250
v 0.514519 0.005537 0.744700
v 0.514519 0.005537 0.744250
v 0.515894 0.005906 0.744700
v 0.515894 0.005906 0.744250
v 0.516901 0.006912 0.744700
v 0.516901 0.006912 0.744250
v 0.517269 0.008287 0.744700
v 0.517269 0.008287 0.744250
v 0.510143 0.022581 0.744700
v 0.510143 0.022581 0.744250
v 0.509774 0.023956 0.744700
v 0.509774 0.023956 0.744250
v 0.508768 0.024962 0.744700
v 0.508768 0.024962 0.744250
v 0.507393 0.025331 0.744700
v 0.507393 0.025331 0.744250
v 0.506018 0.024962 0.744700
v 0.506018 0.024962 0.744250
v 0.505011 0.023956 0.744700
v 0.505011 0.023956 0.744250
v 0.504643 0.022581 0.744700
v 0.504643 0.022581 0.744250
v 0.504643 0.022581 0.744700
v 0.504643 0.022581 0.744250
v 0.505011 0.021206 0.744700
v 0.505011 0.021206 0.744250
v 0.506018 0.020199 0.744700
v 0.506018 0.020199 0.744250
v 0.507393 0.019831 0.744700
v 0.507393 0.019831 0.744250
v 0.508768 0.020199 0.744700
v 0.508768 0.020199 0.744250
v 0.509774 0.021206 0.744700
v 0.509774 0.021206 0.744250
v 0.510143 0.022581 0.744700
v 0.510143 0.022581 0.744250
v 0.455357 0.022581 0.744700
v 0.455357 0.022581 0.744250
v 0.454989 0.023956 0.744700
v 0.454989 0.023956 0.744250
v 0.453982 0.024962 0.744700
v 0.453982 0.024962 0.744250
v 0.452607 0.025331 0.744700
v 0.452607 0.025331 0.744250
v 0.451232 0.024962 0.744700
v 0.451232 0.024962 0.744250
v 0.450226 0.023956 0.744700
v 0.450226 0.023956 0.744250
v 0.449857 0.022581 0.744700
v 0.449857 0.022581 0.744250
v 0.449857 0.022581 0.744700
v 0.449857 0.022581 0.744250
v 0.450226 0.021206 0.744700
v 0.450226 0.021206 0.744250
v 0.451232 0.020199 0.744700
v 0.451232 0.020199 0.744250
v 0.452607 0.019831 0.744700
v 0.452607 0.019831 0.744250
v 0.453982 0.020199 0.744700
v 0.453982 0.020199 0.744250
v 0.454989 0.021206 0.744700
v 0.454989 0.021206 0.744250
v 0.455357 0.022581 0.744700
v 0.455357 0.022581 0.744250
v 0.448231 0.008287 0.744700
v 0.448231 0.008287 0.744250
v 0.447862 0.009662 0.744700
v 0.447862 0.009662 0.744250
v 0.446856 0.010669 0.744700
v 0.446856 0.010669 0.744250
v 0.445481 0.011037 0.744700
v 0.445481 0.011037 0.744250
v 0.444106 0.010669 0.744700
v 0.444106 0.010669 0.744250
v 0.443099 0.009662 0.744700
v 0.443099 0.009662 0.744250
v 0.442731 0.008287 0.744700
v 0.442731 0.008287 0.744250
v 0.442731 0.008287 0.744700
v 0.442731 0.008287 0.744250
v 0.443099 0.006912 0.744700
v 0.443099 0.006912 0.744250
v 0.444106 0.005906 0.744700
v 0.444106 0.005906 0.744250
v 0.445481 0.005537 0.744700
v 0.445481 0.005537 0.744250
v 0.446856 0.005906 0.744700
v 0.446856 0.005906 0.744250
v 0.447862 0.006912 0.744700
v 0.447862 0.006912 0.744250
v 0.448231 0.008287 0.744700
v 0.448231 0.008287 0.744250
v 0.448231 -0.008287 0.744700
v 0.448231 -0.008287 0.744250
v 0.447862 -0.006912 0.744700
v 0.447862 -0.006912 0.744250
v 0.446856 -0.005906 0.744700
v 0.446856 -0.005906 0.744250
v 0.445481 -0.005537 0.744700
v 0.445481 -0.005537 0.744250
v 0.444106 -0.005906 0.744700
v 0.444106 -0.005906 0.744250
v 0.443099 -0.006912 0.744700
v 0.443099 -0.006912 0.744250
v 0.442731 -0.008287 0.744700
v 0.442731 -0.008287 0.744250
v 0.442731 -0.008287 0.744700
v 0.442731 -0.008287 0.744250
v 0.443099 -0.009662 0.744700
v 0.443099 -0.009662 0.744250
v 0.444106 -0.010669 0.744700
v 0.444106 -0.010669 0.744250
v 0.445481 -0.011037 0.744700
v 0.445481 -0.011037 0.744250
v 0.446856 -0.010669 0.744700
v 0.446856 -0.010669 0.744250
v 0.447862 -0.009662 0.744700
v 0.447862 -0.009662 0.744250
v 0.448231 -0.008287 0.744700
v 0.448231 -0.008287 0.744250
v 0.455357 -0.022581 0.744700
v 0.455357 -0.022581 0.744250
v 0.454989 -0.021206 0.744700
v 0.454989 -0.021206 0.744250
v 0.453982 -0.020199 0.744700
v 0.453982 -0.020199 0.744250
v 0.452607 -0.019831 0.744700
v 0.452607 -0.019831 0.744250
v 0.451232 -0.020199 0.744700
v 0.451232 -0.020199 0.744250
v 0.450226 -0.021206 0.744700
v 0.450226 -0.021206 0.744250
v 0.449857 -0.022581 0.744700
v 0.449857 -0.022581 0.744250
v 0.449857 -0.022581 0.744700
v 0.449857 -0.022581 0.744250
v 0.450226 -0.023956 0.744700
v 0.450226 -0.023956 0.744250
v 0.451232 -0.024962 0.744700
v 0.451232 -0.024962 0.744250
v 0.452607 -0.025331 0.744700
v 0.452607 -0.025331 0.744250
v 0.453982 -0.024962 0.744700
v 0.453982 -0.024962 0.744250
v 0.454989 -0.023956 0.744700
v 0.454989 -0.023956 0.744250
v 0.455357 -0.022581 0.744700
v 0.455357 -0.022581 0.744250
v 0.503172 0.027045 0.743050
v 0.503172 0.027045 0.744700
v 0.502026 0.026117 0.743050
v 0.502026 0.026117 0.744700
v 0.500568 0.025886 0.743050
v 0.500568 0.025886 0.744700
v 0.499191 0.026414 0.743050
v 0.499191 0.026414 0.744700
v 0.498263 0.027561 0.743050
v 0.498263 0.027561 0.744700
v 0.498032 0.029018 0.743050
v 0.498032 0.029018 0.744700
v 0.498561 0.030395 0.743050
v 0.498561 0.030395 0.744700
v 0.498561 0.030395 0.743050
v 0.498561 0.030395 0.744700
v 0.499707 0.031324 0.743050
v 0.499707 0.031324 0.744700
v 0.501164 0.031555 0.743050
v 0.501164 0.031555 0.744700
v 0.502542 0.031026 0.743050
v 0.502542 0.031026 0.744700
v 0.503470 0.029879 0.743050
v 0.503470 0.029879 0.744700
v 0.503701 0.028422 0.743050
v 0.503701 0.028422 0.744700
v 0.503172 0.027045 0.743050
v 0.503172 0.027045 0.744700
v 0.498561 -0.030395 0.743050
v 0.498561 -0.030395 0.744700
v 0.498032 -0.029018 0.743050
v 0.498032 -0.029018 0.744700
v 0.498263 -0.027561 0.743050
v 0.498263 -0.027561 0.744700
v 0.499191 -0.026414 0.743050
v 0.499191 -0.026414 0.744700
v 0.500568 -0.025886 0.743050
v 0.500568 -0.025886 0.744700
v 0.502026 -0.026117 0.743050
v 0.502026 -0.026117 0.744700
v 0.503172 -0.027045 0.743050
v 0.503172 -0.027045 0.744700
v 0.503172 -0.027045 0.743050
v 0.503172 -0.027045 0.744700
v 0.503701 -0.028422 0.743050
v 0.503701 -0.028422 0.744700
v 0.503470 -0.029879 0.743050
v 0.503470 -0.029879 0.744700
v 0.502542 -0.031026 0.743050
v 0.502542 -0.031026 0.744700
v 0.501164 -0.031555 0.743050
v 0.501164 -0.031555 0.744700
v 0.499707 -0.031324 0.743050
v 0.499707 -0.031324 0.744700
v 0.498561 -0.030395 0.743050
v 0.498561 -0.030395 0.744700
v 0.456828 -0.027045 0.743050
v 0.456828 -0.027045 0.744700
v 0.457974 -0.026117 0.743050
v 0.457974 -0.026117 0.744700
v 0.459432 -0.025886 0.743050
v 0.459432 -0.025886 0.744700
v 0.460809 -0.026414 0.743050
v 0.460809 -0.026414 0.744700
v 0.461737 -0.027561 0.743050
v 0.461737 -0.027561 0.744700
v 0.461968 -0.029018 0.743050
v 0.461968 -0.029018 0.744700
v 0.461439 -0.030395 0.743050
v 0.461439 -0.030395 0.744700
v 0.461439 -0.030395 0.743050
v 0.461439 -0.030395 0.744700
v 0.460293 -0.031324 0.743050
v 0.460293 -0.031324 0.744700
v 0.458836 -0.031555 0.743050
v 0.458836 -0.031555 0.744700
v 0.457458 -0.031026 0.743050
v 0.457458 -0.031026 0.744700
v 0.456530 -0.029879 0.743050
v 0.456530 -0.029879 0.744700
v 0.456299 -0.028422 0.743050
v 0.456299 -0.028422 0.744700
v 0.456828 -0.027045 0.743050
v 0.456828 -0.027045 0.744700
v 0.461439 0.030395 0.743050
v 0.461439 0.030395 0.744700
v 0.461968 0.029018 0.743050
v 0.461968 0.029018 0.744700
v 0.461737 0.027561 0.743050
v 0.461737 0.027561 0.744700
v 0.460809 0.026414 0.743050
v 0.460809 0.026414 0.744700
v 0.459432 0.025886 0.743050
v 0.459432 0.025886 0.744700
v 0.457974 0.026117 0.743050
v 0.457974 0.026117 0.744700
v 0.456828 0.027045 0.743050
v 0.456828 0.027045 0.744700
v 0.456828 0.027045 0.743050
v 0.456828 0.027045 0.744700
v 0.456299 0.028422 0.743050
v 0.456299 0.028422 0.744700
v 0.456530 0.029879 0.743050
v 0.456530 0.029879 0.744700
v 0.457458 0.031026 0.743050
v 0.457458 0.031026 0.744700
v 0.458836 0.031555 0.743050
v 0.458836 0.031555 0.744700
v 0.460293 0.031324 0.743050
v 0.460293 0.031324 0.744700
v 0.461439 0.030395 0.743050
v 0.461439 0.030395 0.744700
v 0.443099 0.009662 0.741250
v 0.444106 0.010669 0.741250
v 0.445481 0.011037 0.741250
v 0.446856 0.010669 0.741250
v 0.447862 0.009662 0.741250
v 0.448231 0.008287 0.741250
v 0.447862 0.006912 0.741250
v 0.446856 0.005906 0.741250
v 0.445481 0.005537 0.741250
v 0.444106 0.005906 0.741250
v 0.443099 0.006912 0.741250
v 0.442731 0.008287 0.741250
v 0.505011 -0.021206 0.741250
v 0.506018 -0.020199 0.741250
v 0.507393 -0.019831 0.741250
v 0.508768 -0.020199 0.741250
v 0.509774 -0.021206 0.741250
v 0.510143 -0.022581 0.741250
v 0.509774 -0.023956 0.741250
v 0.508768 -0.024962 0.741250
v 0.507393 -0.025331 0.741250
v 0.506018 -0.024962 0.741250
v 0.505011 -0.023956 0.741250
v 0.504643 -0.022581 0.741250
v 0.450226 -0.021206 0.741250
v 0.451232 -0.020199 0.741250
v 0.452607 -0.019831 0.741250
v 0.453982 -0.020199 0.741250
v 0.454989 -0.021206 0.741250
v 0.455357 -0.022581 0.741250
v 0.454989 -0.023956 0.741250
v 0.453982 -0.024962 0.741250
v 0.452607 -0.025331 0.741250
v 0.451232 -0.024962 0.741250
v 0.450226 -0.023956 0.741250
v 0.449857 -0.022581 0.741250
v 0.450226 0.023956 0.741250
v 0.451232 0.024962 0.741250
v 0.452607 0.025331 0.741250
v 0.453982 0.024962 0.741250
v 0.454989 0.023956 0.741250
v 0.455357 0.022581 0.741250
v 0.454989 0.021206 0.741250
v 0.453982 0.020199 0.741250
v 0.452607 0.019831 0.741250
v 0.451232 0.020199 0.741250
v 0.450226 0.021206 0.741250
v 0.449857 0.022581 0.741250
v 0.504643 -0.022581 0.741250
v 0.504643 -0.022581 0.744250
v 0.505011 -0.021206 0.741250
v 0.505011 -0.021206 0.744250
v 0.506018 -0.020199 0.741250
v 0.506018 -0.020199 0.744250
v 0.507393 -0.019831 0.741250
v 0.507393 -0.019831 0.744250
v 0.508768 -0.020199 0.741250
v 0.508768 -0.020199 0.744250
v 0.509774 -0.021206 0.741250
v 0.509774 -0.021206 0.744250
v 0.510143 -0.022581 0.741250
v 0.510143 -0.022581 0.744250
v 0.510143 -0.022581 0.741250
v 0.510143 -0.022581 0.744250
v 0.509774 -0.023956 0.741250
v 0.509774 -0.023956 0.744250
v 0.508768 -0.024962 0.741250
v 0.508768 -0.024962 0.744250
v 0.507393 -0.025331 0.741250
v 0.507393 -0.025331 0.744250
v 0.506018 -0.024962 0.741250
v 0.506018 -0.024962 0.744250
v 0.505011 -0.023956 0.741250
v 0.505011 -0.023956 0.744250
v 0.504643 -0.022581 0.741250
v 0.504643 -0.022581 0.744250
v 0.511769 -0.008287 0.741250
v 0.511769 -0.008287 0.744250
v 0.512138 -0.006912 0.741250
v 0.512138 -0.006912 0.744250
v 0.513144 -0.005906 0.741250
v 0.513144 -0.005906 0.744250
v 0.514519 -0.005537 0.741250
v 0.514519 -0.005537 0.744250
v 0.515894 -0.005906 0.741250
v 0.515894 -0.005906 0.744250
v 0.516901 -0.006912 0.741250
v 0.516901 -0.006912 0.744250
v 0.517269 -0.008287 0.741250
v 0.517269 -0.008287 0.744250
v 0.517269 -0.008287 0.741250
v 0.517269 -0.008287 0.744250
v 0.516901 -0.009662 0.741250
v 0.516901 -0.009662 0.744250
v 0.515894 -0.010669 0.741250
v 0.515894 -0.010669 0.744250
v 0.514519 -0.011037 0.741250
v 0.514519 -0.011037 0.744250
v 0.513144 -0.010669 0.741250
v 0.513144 -0.010669 0.744250
v 0.512138 -0.009662 0.741250
v 0.512138 -0.009662 0.744250
v 0.511769 -0.008287 0.741250
v 0.511769 -0.008287 0.744250
v 0.511769 0.008287 0.741250
v 0.511769 0.008287 0.744250
v 0.512138 0.009662 0.741250
v 0.512138 0.009662 0.744250
v 0.513144 0.010669 0.741250
v 0.513144 0.010669 0.744250
v 0.514519 0.011037 0.741250
v 0.514519 0.011037 0.744250
v 0.515894 0.010669 0.741250
v 0.515894 0.010669 0.744250
v 0.516901 0.009662 0.741250
v 0.516901 0.009662 0.744250
v 0.517269 0.008287 0.741250
v 0.517269 0.008287 0.744250
v 0.517269 0.008287 0.741250
v 0.517269 0.008287 0.744250
v 0.516901 0.006912 0.741250
v 0.516901 0.006912 0.744250
v 0.515894 0.005906 0.741250
v 0.515894 0.005906 0.744250
v 0.514519 0.005537 0.741250
v 0.514519 0.005537 0.744250
v 0.513144 0.005906 0.741250
v 0.513144 0.005906 0.744250
v 0.512138 0.006912 0.741250
v 0.512138 0.006912 0.744250
v 0.511769 0.008287 0.741250
v 0.511769 0.008287 0.744250
v 0.504643 0.022581 0.741250
v 0.504643 0.022581 0.744250
v 0.505011 0.023956 0.741250
v 0.505011 0.023956 0.744250
v 0.506018 0.024962 0.741250
v 0.506018 0.024962 0.744250
v 0.507393 0.025331 0.741250
v 0.507393 0.025331 0.744250
v 0.508768 0.024962 0.741250
v 0.508768 0.024962 0.744250
v 0.509774 0.023956 0.741250
v 0.509774 0.023956 0.744250
v 0.510143 0.022581 0.741250
v 0.510143 0.022581 0.744250
v 0.510143 0.022581 0.741250
v 0.510143 0.022581 0.744250
v 0.509774 0.021206 0.741250
v 0.509774 0.021206 0.744250
v 0.508768 0.020199 0.741250
v 0.508768 0.020199 0.744250
v 0.507393 0.019831 0.741250
v 0.507393 0.019831 0.744250
v 0.506018 0.020199 0.741250
v 0.506018 0.020199 0.744250
v 0.505011 0.021206 0.741250
v 0.505011 0.021206 0.744250
v 0.504643 0.022581 0.741250
v 0.504643 0.022581 0.744250
v 0.449857 0.022581 0.741250
v 0.449857 0.022581 0.744250
v 0.450226 0.023956 0.741250
v 0.450226 0.023956 0.744250
v 0.451232 0.024962 0.741250
v 0.451232 0.024962 0.744250
v 0.452607 0.025331 0.741250
v 0.452607 0.025331 0.744250
v 0.453982 0.024962 0.741250
v 0.453982 0.024962 0.744250
v 0.454989 0.023956 0.741250
v 0.454989 0.023956 0.744250
v 0.455357 0.022581 0.741250
v 0.455357 0.022581 0.744250
v 0.455357 0.022581 0.741250
v 0.455357 0.022581 0.744250
v 0.454989 0.021206 0.741250
v 0.454989 0.021206 0.744250
v 0.453982 0.020199 0.741250
v 0.453982 0.020199 0.744250
v 0.452607 0.019831 0.741250
v 0.452607 0.019831 0.744250
v 0.451232 0.020199 0.741250
v 0.451232 0.020199 0.744250
v 0.450226 0.021206 0.741250
v 0.450226 0.021206 0.744250
v 0.449857 0.022581 0.741250
v 0.449857 0.022581 0.744250
v 0.442731 0.008287 0.741250
v 0.442731 0.008287 0.744250
v 0.443099 0.009662 0.741250
v 0.443099 0.009662 0.744250
v 0.444106 0.010669 0.741250
v 0.444106 0.010669 0.744250
v 0.445481 0.011037 0.741250
v 0.445481 0.011037 0.744250
v 0.446856 0.010669 0.741250
v 0.446856 0.010669 0.744250
v 0.447862 0.009662 0.741250
v 0.447862 0.009662 0.744250
v 0.448231 0.008287 0.741250
v 0.448231 0.008287 0.744250
v 0.448231 0.008287 0.741250
v 0.448231 0.008287 0.744250
v 0.447862 0.006912 0.741250
v 0.447862 0.006912 0.744250
v 0.446856 0.005906 0.741250
v 0.446856 0.005906 0.744250
v 0.445481 0.005537 0.741250
v 0.445481 0.005537 0.744250
v 0.444106 0.005906 0.741250
v 0.444106 0.005906 0.744250
v 0.443099 0.006912 0.741250
v 0.443099 0.006912 0.744250
v 0.442731 0.008287 0.741250
v 0.442731 0.008287 0.744250
v 0.442731 -0.008287 0.741250
v 0.442731 -0.008287 0.744250
v 0.443099 -0.006912 0.741250
v 0.443099 -0.006912 0.744250
v 0.444106 -0.005906 0.741250
v 0.444106 -0.005906 0.744250
v 0.445481 -0.005537 0.741250
v 0.445481 -0.005537 0.744250
v 0.446856 -0.005906 0.741250
v 0.446856 -0.005906 0.744250
v 0.447862 -0.006912 0.741250
v 0.447862 -0.006912 0.744250
v 0.448231 -0.008287 0.741250
v 0.448231 -0.008287 0.744250
v 0.448231 -0.008287 0.741250
v 0.448231 -0.008287 0.744250
v 0.447862 -0.009662 0.741250
v 0.447862 -0.009662 0.744250
v 0.446856 -0.010669 0.741250
v 0.446856 -0.010669 0.744250
v 0.445481 -0.011037 0.741250
v 0.445481 -0.011037 0.744250
v 0.444106 -0.010669 0.741250
v 0.444106 -0.010669 0.744250
v 0.443099 -0.009662 0.741250
v 0.443099 -0.009662 0.744250
v 0.442731 -0.008287 0.741250
v 0.442731 -0.008287 0.744250
v 0.449857 -0.022581 0.741250
v 0.449857 -0.022581 0.744250
v 0.450226 -0.021206 0.741250
v 0.450226 -0.021206 0.744250
v 0.451232 -0.020199 0.741250
v 0.451232 -0.020199 0.744250
v 0.452607 -0.019831 0.741250
v 0.452607 -0.019831 0.744250
v 0.453982 -0.020199 0.741250
v 0.453982 -0.020199 0.744250
v 0.454989 -0.021206 0.741250
v 0.454989 -0.021206 0.744250
v 0.455357 -0.022581 0.741250
v 0.455357 -0.022581 0.744250
v 0.455357 -0.022581 0.741250
v 0.455357 -0.022581 0.744250
v 0.454989 -0.023956 0.741250
v 0.454989 -0.023956 0.744250
v 0.453982 -0.024962 0.741250
v 0.453982 -0.024962 0.744250
v 0.452607 -0.025331 0.741250
v 0.452607 -0.025331 0.744250
v 0.451232 -0.024962 0.741250
v 0.451232 -0.024962 0.744250
v 0.450226 -0.023956 0.741250
v 0.450226 -0.023956 0.744250
v 0.449857 -0.022581 0.741250
v 0.449857 -0.022581 0.744250
v 0.498032 0.029018 0.743050
v 0.498263 0.027561 0.743050
v 0.499191 0.026414 0.743050
v 0.500568 0.025886 0.743050
v 0.502026 0.026117 0.743050
v 0.503172 0.027045 0.743050
v 0.503701 0.028422 0.743050
v 0.503470 0.029879 0.743050
v 0.502542 0.031026 0.743050
v 0.501164 0.031555 0.743050
v 0.499707 0.031324 0.743050
v 0.498561 0.030395 0.743050
v 0.499707 -0.031324 0.743050
v 0.501164 -0.031555 0.743050
v 0.502542 -0.031026 0.743050
v 0.503470 -0.029879 0.743050
v 0.503701 -0.028422 0.743050
v 0.503172 -0.027045 0.743050
v 0.502026 -0.026117 0.743050
v 0.500568 -0.025886 0.743050
v 0.499191 -0.026414 0.743050
v 0.498263 -0.027561 0.743050
v 0.498032 -0.029018 0.743050
v 0.498561 -0.030395 0.743050
v 0.461968 -0.029018 0.743050
v 0.461737 -0.027561 0.743050
v 0.460809 -0.026414 0.743050
v 0.459432 -0.025886 0.743050
v 0.457974 -0.026117 0.743050
v 0.456828 -0.027045 0.743050
v 0.456299 -0.028422 0.743050
v 0.456530 -0.029879 0.743050
v 0.457458 -0.031026 0.743050
v 0.458836 -0.031555 0.743050
v 0.460293 -0.031324 0.743050
v 0.461439 -0.030395 0.743050
v 0.457974 0.026117 0.743050
v 0.459432 0.025886 0.743050
v 0.460809 0.026414 0.743050
v 0.461737 0.027561 0.743050
v 0.461968 0.029018 0.743050
v 0.461439 0.030395 0.743050
v 0.460293 0.031324 0.743050
v 0.458836 0.031555 0.743050
v 0.457458 0.031026 0.743050
v 0.456530 0.029879 0.743050
v 0.456299 0.028422 0.743050
v 0.456828 0.027045 0.743050
v 0.505011 0.023956 0.741250
v 0.506018 0.024962 0.741250
v 0.507393 0.025331 0.741250
v 0.508768 0.024962 0.741250
v 0.509774 0.023956 0.741250
v 0.510143 0.022581 0.741250
v 0.509774 0.021206 0.741250
v 0.508768 0.020199 0.741250
v 0.507393 0.019831 0.741250
v 0.506018 0.020199 0.741250
v 0.505011 0.021206 0.741250
v 0.504643 0.022581 0.741250
v 0.512138 0.009662 0.741250
v 0.513144 0.010669 0.741250
v 0.514519 0.011037 0.741250
v 0.515894 0.010669 0.741250
v 0.516901 0.009662 0.741250
v 0.517269 0.008287 0.741250
v 0.516901 0.006912 0.741250
v 0.515894 0.005906 0.741250
v 0.514519 0.005537 0.741250
v 0.513144 0.005906 0.741250
v 0.512138 0.006912 0.741250
v 0.511769 0.008287 0.741250
v 0.512138 -0.006912 0.741250
v 0.513144 -0.005906 0.741250
v 0.514519 -0.005537 0.741250
v 0.515894 -0.005906 0.741250
v 0.516901 -0.006912 0.741250
v 0.517269 -0.008287 0.741250
v 0.516901 -0.009662 0.741250
v 0.515894 -0.010669 0.741250
v 0.514519 -0.011037 0.741250
v 0.513144 -0.010669 0.741250
v 0.512138 -0.009662 0.741250
v 0.511769 -0.008287 0.741250
v 0.502674 0.032500 0.745280
v 0.502938 0.032500 0.745678
v 0.507463 0.028319 0.745051
v 0.507182 0.029072 0.745900
v 0.510885 0.025103 0.745900
v 0.518206 0.005501 0.744700
v 0.518661 0.007844 0.745051
v 0.518600 0.000000 0.744700
v 0.519449 0.000000 0.745051
v 0.518206 -0.005501 0.744700
v 0.518661 -0.007844 0.745051
v 0.517032 -0.010889 0.744700
v 0.519430 0.005416 0.745900
v 0.519800 0.000000 0.745900
v 0.519430 -0.005416 0.745900
v 0.518326 -0.010731 0.745900
v 0.507463 -0.028319 0.745051
v 0.507182 -0.029072 0.745900
v 0.502944 -0.032500 0.745698
v 0.502695 -0.032500 0.745301
v 0.502166 -0.032500 0.744955
v 0.500826 -0.032500 0.744700
v 0.505244 -0.029201 0.744700
v 0.509148 -0.025305 0.744700
v 0.512546 -0.022292 0.745051
v 0.510885 -0.025103 0.745900
v 0.512546 0.022292 0.745051
v 0.509148 0.025305 0.744700
v 0.505244 0.029201 0.744700
v 0.514014 0.020666 0.745900
v 0.516329 0.015375 0.745051
v 0.512457 0.020893 0.744700
v 0.518326 0.010731 0.745900
v 0.516510 0.015846 0.745900
v 0.517032 0.010889 0.744700
v 0.515103 0.016055 0.744700
v 0.516329 -0.015375 0.745051
v 0.516510 -0.015846 0.745900
v 0.515103 -0.016055 0.744700
v 0.514014 -0.020666 0.745900
v 0.512457 -0.020893 0.744700
v 0.502974 -0.032500 0.745900
v 0.500826 0.032500 0.744700
v 0.501741 0.032500 0.744810
v 0.502974 0.032500 0.745900
v 0.475041 0.031310 0.744700
v 0.470204 0.030149 0.744700
v 0.465608 0.028245 0.744700
v 0.461367 0.025646 0.744700
v 0.457585 0.022415 0.744700
v 0.454354 0.018633 0.744700
v 0.451755 0.014392 0.744700
v 0.449852 0.009796 0.744700
v 0.448690 0.004959 0.744700
v 0.448300 0.000000 0.744700
v 0.448690 -0.004959 0.744700
v 0.449852 -0.009796 0.744700
v 0.451755 -0.014392 0.744700
v 0.454354 -0.018633 0.744700
v 0.457585 -0.022415 0.744700
v 0.461367 -0.025646 0.744700
v 0.465608 -0.028245 0.744700
v 0.470204 -0.030149 0.744700
v 0.475041 -0.031310 0.744700
v 0.480000 -0.031700 0.744700
v 0.484959 -0.031310 0.744700
v 0.489796 -0.030149 0.744700
v 0.494392 -0.028245 0.744700
v 0.498633 -0.025646 0.744700
v 0.502415 -0.022415 0.744700
v 0.505646 -0.018633 0.744700
v 0.508245 -0.014392 0.744700
v 0.510148 -0.009796 0.744700
v 0.511310 -0.004959 0.744700
v 0.511700 0.000000 0.744700
v 0.511310 0.004959 0.744700
v 0.510148 0.009796 0.744700
v 0.508245 0.014392 0.744700
v 0.505646 0.018633 0.744700
v 0.502415 0.022415 0.744700
v 0.498633 0.025646 0.744700
v 0.494392 0.028245 0.744700
v 0.489796 0.030149 0.744700
v 0.484959 0.031310 0.744700
v 0.480000 0.031700 0.744700
v 0.509774 -0.021206 0.744700
v 0.508768 -0.020199 0.744700
v 0.507393 -0.019831 0.744700
v 0.506018 -0.020199 0.744700
v 0.505011 -0.021206 0.744700
v 0.504643 -0.022581 0.744700
v 0.505011 -0.023956 0.744700
v 0.506018 -0.024962 0.744700
v 0.507393 -0.025331 0.744700
v 0.508768 -0.024962 0.744700
v 0.509774 -0.023956 0.744700
v 0.510143 -0.022581 0.744700
v 0.516901 -0.006912 0.744700
v 0.515894 -0.005906 0.744700
v 0.514519 -0.005537 0.744700
v 0.513144 -0.005906 0.744700
v 0.512138 -0.006912 0.744700
v 0.511769 -0.008287 0.744700
v 0.512138 -0.009662 0.744700
v 0.513144 -0.010669 0.744700
v 0.514519 -0.011037 0.744700
v 0.515894 -0.010669 0.744700
v 0.516901 -0.009662 0.744700
v 0.517269 -0.008287 0.744700
v 0.516901 0.009662 0.744700
v 0.515894 0.010669 0.744700
v 0.514519 0.011037 0.744700
v 0.513144 0.010669 0.744700
v 0.512138 0.009662 0.744700
v 0.511769 0.008287 0.744700
v 0.512138 0.006912 0.744700
v 0.513144 0.005906 0.744700
v 0.514519 0.005537 0.744700
v 0.515894 0.005906 0.744700
v 0.516901 0.006912 0.744700
v 0.517269 0.008287 0.744700
v 0.509774 0.023956 0.744700
v 0.508768 0.024962 0.744700
v 0.507393 0.025331 0.744700
v 0.506018 0.024962 0.744700
v 0.505011 0.023956 0.744700
v 0.504643 0.022581 0.744700
v 0.505011 0.021206 0.744700
v 0.506018 0.020199 0.744700
v 0.507393 0.019831 0.744700
v 0.508768 0.020199 0.744700
v 0.509774 0.021206 0.744700
v 0.510143 0.022581 0.744700
v 0.454989 0.023956 0.744700
v 0.453982 0.024962 0.744700
v 0.452607 0.025331 0.744700
v 0.451232 0.024962 0.744700
v 0.450226 0.023956 0.744700
v 0.449857 0.022581 0.744700
v 0.450226 0.021206 0.744700
v 0.451232 0.020199 0.744700
v 0.452607 0.019831 0.744700
v 0.453982 0.020199 0.744700
v 0.454989 0.021206 0.744700
v 0.455357 0.022581 0.744700
v 0.447862 0.009662 0.744700
v 0.446856 0.010669 0.744700
v 0.445481 0.011037 0.744700
v 0.444106 0.010669 0.744700
v 0.443099 0.009662 0.744700
v 0.442731 0.008287 0.744700
v 0.443099 0.006912 0.744700
v 0.444106 0.005906 0.744700
v 0.445481 0.005537 0.744700
v 0.446856 0.005906 0.744700
v 0.447862 0.006912 0.744700
v 0.448231 0.008287 0.744700
v 0.447862 -0.006912 0.744700
v 0.446856 -0.005906 0.744700
v 0.445481 -0.005537 0.744700
v 0.444106 -0.005906 0.744700
v 0.443099 -0.006912 0.744700
v 0.442731 -0.008287 0.744700
v 0.443099 -0.009662 0.744700
v 0.444106 -0.010669 0.744700
v 0.445481 -0.011037 0.744700
v 0.446856 -0.010669 0.744700
v 0.447862 -0.009662 0.744700
v 0.448231 -0.008287 0.744700
v 0.454989 -0.021206 0.744700
v 0.453982 -0.020199 0.744700
v 0.452607 -0.019831 0.744700
v 0.451232 -0.020199 0.744700
v 0.450226 -0.021206 0.744700
v 0.449857 -0.022581 0.744700
v 0.450226 -0.023956 0.744700
v 0.451232 -0.024962 0.744700
v 0.452607 -0.025331 0.744700
v 0.453982 -0.024962 0.744700
v 0.454989 -0.023956 0.744700
v 0.455357 -0.022581 0.744700
v 0.498032 0.029018 0.744700
v 0.498263 0.027561 0.744700
v 0.499191 0.026414 0.744700
v 0.500568 0.025886 0.744700
v 0.502026 0.026117 0.744700
v 0.503172 0.027045 0.744700
v 0.503701 0.028422 0.744700
v 0.503470 0.029879 0.744700
v 0.502542 0.031026 0.744700
v 0.501164 0.031555 0.744700
v 0.499707 0.031324 0.744700
v 0.498561 0.030395 0.744700
v 0.502026 -0.026117 0.744700
v 0.500568 -0.025886 0.744700
v 0.499191 -0.026414 0.744700
v 0.498263 -0.027561 0.744700
v 0.498032 -0.029018 0.744700
v 0.498561 -0.030395 0.744700
v 0.499707 -0.031324 0.744700
v 0.501164 -0.031555 0.744700
v 0.502542 -0.031026 0.744700
v 0.503470 -0.029879 0.744700
v 0.503701 -0.028422 0.744700
v 0.503172 -0.027045 0.744700
v 0.461968 -0.029018 0.744700
v 0.461737 -0.027561 0.744700
v 0.460809 -0.026414 0.744700
v 0.459432 -0.025886 0.744700
v 0.457974 -0.026117 0.744700
v 0.456828 -0.027045 0.744700
v 0.456299 -0.028422 0.744700
v 0.456530 -0.029879 0.744700
v 0.457458 -0.031026 0.744700
v 0.458836 -0.031555 0.744700
v 0.460293 -0.031324 0.744700
v 0.461439 -0.030395 0.744700
v 0.457974 0.026117 0.744700
v 0.459432 0.025886 0.744700
v 0.460809 0.026414 0.744700
v 0.461737 0.027561 0.744700
v 0.461968 0.029018 0.744700
v 0.461439 0.030395 0.744700
v 0.460293 0.031324 0.744700
v 0.458836 0.031555 0.744700
v 0.457458 0.031026 0.744700
v 0.456530 0.029879 0.744700
v 0.456299 0.028422 0.744700
v 0.456828 0.027045 0.744700
v 0.454756 -0.029201 0.744700
v 0.450852 -0.025305 0.744700
v 0.447543 -0.020893 0.744700
v 0.444897 -0.016055 0.744700
v 0.442968 -0.010889 0.744700
v 0.441794 -0.005501 0.744700
v 0.441400 0.000000 0.744700
v 0.441794 0.005501 0.744700
v 0.442968 0.010889 0.744700
v 0.444897 0.016055 0.744700
v 0.447543 0.020893 0.744700
v 0.450852 0.025305 0.744700
v 0.454756 0.029201 0.744700
v 0.459174 0.032500 0.744700
v 0.500826 0.032500 0.744700
v 0.505244 0.029201 0.744700
v 0.509148 0.025305 0.744700
v 0.512457 0.020893 0.744700
v 0.515103 0.016055 0.744700
v 0.517032 0.010889 0.744700
v 0.518206 0.005501 0.744700
v 0.518600 0.000000 0.744700
v 0.518206 -0.005501 0.744700
v 0.517032 -0.010889 0.744700
v 0.515103 -0.016055 0.744700
v 0.512457 -0.020893 0.744700
v 0.509148 -0.025305 0.744700
v 0.505244 -0.029201 0.744700
v 0.500826 -0.032500 0.744700
v 0.459174 -0.032500 0.744700
v 0.457330 -0.032500 0.745277
v 0.457064 -0.032500 0.745671
v 0.452537 -0.028319 0.745051
v 0.452818 -0.029072 0.745900
v 0.449115 -0.025103 0.745900
v 0.441794 -0.005501 0.744700
v 0.441339 -0.007844 0.745051
v 0.441400 0.000000 0.744700
v 0.440551 0.000000 0.745051
v 0.441794 0.005501 0.744700
v 0.441339 0.007844 0.745051
v 0.442968 0.010889 0.744700
v 0.440570 -0.005416 0.745900
v 0.440200 0.000000 0.745900
v 0.440570 0.005416 0.745900
v 0.441674 0.010731 0.745900
v 0.452537 0.028319 0.745051
v 0.452818 0.029072 0.745900
v 0.457056 0.032500 0.745698
v 0.457305 0.032500 0.745301
v 0.457834 0.032500 0.744955
v 0.459174 0.032500 0.744700
v 0.454756 0.029201 0.744700
v 0.450852 0.025305 0.744700
v 0.447454 0.022292 0.745051
v 0.449115 0.025103 0.745900
v 0.447454 -0.022292 0.745051
v 0.450852 -0.025305 0.744700
v 0.454756 -0.029201 0.744700
v 0.445986 -0.020666 0.745900
v 0.443671 -0.015375 0.745051
v 0.447543 -0.020893 0.744700
v 0.441674 -0.010731 0.745900
v 0.443490 -0.015846 0.745900
v 0.442968 -0.010889 0.744700
v 0.444897 -0.016055 0.744700
v 0.443671 0.015375 0.745051
v 0.443490 0.015846 0.745900
v 0.444897 0.016055 0.744700
v 0.445986 0.020666 0.745900
v 0.447543 0.020893 0.744700
v 0.457026 0.032500 0.745900
v 0.459174 -0.032500 0.744700
v 0.458261 -0.032500 0.744809
v 0.457026 -0.032500 0.745900
v 0.457026 0.032500 0.750000
v 0.457026 0.032500 0.745900
v 0.452818 0.029072 0.750000
v 0.452818 0.029072 0.745900
v 0.449115 0.025103 0.750000
v 0.449115 0.025103 0.745900
v 0.445986 0.020666 0.750000
v 0.445986 0.020666 0.745900
v 0.443490 0.015846 0.750000
v 0.443490 0.015846 0.745900
v 0.441674 0.010731 0.750000
v 0.441674 0.010731 0.745900
v 0.440570 0.005416 0.750000
v 0.440570 0.005416 0.745900
v 0.440200 0.000000 0.750000
v 0.440200 0.000000 0.745900
v 0.440570 -0.005416 0.750000
v 0.440570 -0.005416 0.745900
v 0.441674 -0.010731 0.750000
v 0.441674 -0.010731 0.745900
v 0.443490 -0.015846 0.750000
v 0.443490 -0.015846 0.745900
v 0.445986 -0.020666 0.750000
v 0.445986 -0.020666 0.745900
v 0.449115 -0.025103 0.750000
v 0.449115 -0.025103 0.745900
v 0.452818 -0.029072 0.750000
v 0.452818 -0.029072 0.745900
v 0.457026 -0.032500 0.750000
v 0.457026 -0.032500 0.745900
v 0.502938 0.032500 0.745678
v 0.502674 0.032500 0.745280
v 0.501741 0.032500 0.744810
v 0.500826 0.032500 0.744700
v 0.459174 0.032500 0.744700
v 0.457834 0.032500 0.744955
v 0.457305 0.032500 0.745301
v 0.457056 0.032500 0.745698
v 0.457026 0.032500 0.745900
v 0.457026 0.032500 0.750000
v 0.458442 0.032500 0.750000
v 0.458442 0.032500 0.755700
v 0.458442 0.032500 0.756700
v 0.501558 0.032500 0.756700
v 0.501558 0.032500 0.755700
v 0.501558 0.032500 0.750000
v 0.502974 0.032500 0.750000
v 0.502974 0.032500 0.745900
v 0.458442 0.032500 0.756700
v 0.457005 0.031500 0.756700
v 0.502995 0.031500 0.756700
v 0.501558 0.032500 0.756700
v 0.457026 0.032500 0.750000
v 0.452818 0.029072 0.750000
v 0.449115 0.025103 0.750000
v 0.445986 0.020666 0.750000
v 0.443490 0.015846 0.750000
v 0.441674 0.010731 0.750000
v 0.440570 0.005416 0.750000
v 0.440200 0.000000 0.750000
v 0.440570 -0.005416 0.750000
v 0.441674 -0.010731 0.750000
v 0.443490 -0.015846 0.750000
v 0.445986 -0.020666 0.750000
v 0.449115 -0.025103 0.750000
v 0.452818 -0.029072 0.750000
v 0.457026 -0.032500 0.750000
v 0.458442 -0.032500 0.750000
v 0.454096 -0.029155 0.750000
v 0.450263 -0.025233 0.750000
v 0.447018 -0.020813 0.750000
v 0.444424 -0.015981 0.750000
v 0.442535 -0.010833 0.750000
v 0.441386 -0.005470 0.750000
v 0.441000 0.000000 0.750000
v 0.441386 0.005470 0.750000
v 0.442535 0.010833 0.750000
v 0.444424 0.015981 0.750000
v 0.447018 0.020813 0.750000
v 0.450263 0.025233 0.750000
v 0.454096 0.029155 0.750000
v 0.458442 0.032500 0.750000
v 0.496412 -0.032500 0.768250
v 0.491058 -0.032500 0.766702
v 0.485564 -0.032500 0.765766
v 0.480000 -0.032500 0.765453
v 0.474436 -0.032500 0.765766
v 0.468942 -0.032500 0.766702
v 0.463588 -0.032500 0.768250
v 0.458442 -0.032500 0.770389
v 0.458442 -0.032500 0.755700
v 0.458442 -0.032500 0.750000
v 0.457026 -0.032500 0.750000
v 0.457026 -0.032500 0.745900
v 0.457064 -0.032500 0.745671
v 0.457330 -0.032500 0.745277
v 0.458261 -0.032500 0.744809
v 0.459174 -0.032500 0.744700
v 0.500826 -0.032500 0.744700
v 0.502166 -0.032500 0.744955
v 0.502695 -0.032500 0.745301
v 0.502944 -0.032500 0.745698
v 0.502974 -0.032500 0.745900
v 0.502974 -0.032500 0.750000
v 0.501558 -0.032500 0.750000
v 0.501558 -0.032500 0.755700
v 0.501558 -0.032500 0.770388
v 0.502974 -0.032500 0.750000
v 0.502974 -0.032500 0.745900
v 0.507182 -0.029072 0.750000
v 0.507182 -0.029072 0.745900
v 0.510885 -0.025103 0.750000
v 0.510885 -0.025103 0.745900
v 0.514014 -0.020666 0.750000
v 0.514014 -0.020666 0.745900
v 0.516510 -0.015846 0.750000
v 0.516510 -0.015846 0.745900
v 0.518326 -0.010731 0.750000
v 0.518326 -0.010731 0.745900
v 0.519430 -0.005416 0.750000
v 0.519430 -0.005416 0.745900
v 0.519800 0.000000 0.750000
v 0.519800 0.000000 0.745900
v 0.519430 0.005416 0.750000
v 0.519430 0.005416 0.745900
v 0.518326 0.010731 0.750000
v 0.518326 0.010731 0.745900
v 0.516510 0.015846 0.750000
v 0.516510 0.015846 0.745900
v 0.514014 0.020666 0.750000
v 0.514014 0.020666 0.745900
v 0.510885 0.025103 0.750000
v 0.510885 0.025103 0.745900
v 0.507182 0.029072 0.750000
v 0.507182 0.029072 0.745900
v 0.502974 0.032500 0.750000
v 0.502974 0.032500 0.745900
v 0.501558 0.032500 0.750000
v 0.505904 0.029155 0.750000
v 0.509737 0.025233 0.750000
v 0.512982 0.020813 0.750000
v 0.515576 0.015981 0.750000
v 0.517465 0.010833 0.750000
v 0.518614 0.005470 0.750000
v 0.519000 0.000000 0.750000
v 0.518614 -0.005470 0.750000
v 0.517465 -0.010833 0.750000
v 0.515576 -0.015981 0.750000
v 0.512982 -0.020813 0.750000
v 0.509737 -0.025233 0.750000
v 0.505904 -0.029155 0.750000
v 0.501558 -0.032500 0.750000
v 0.502974 -0.032500 0.750000
v 0.507182 -0.029072 0.750000
v 0.510885 -0.025103 0.750000
v 0.514014 -0.020666 0.750000
v 0.516510 -0.015846 0.750000
v 0.518326 -0.010731 0.750000
v 0.519430 -0.005416 0.750000
v 0.519800 0.000000 0.750000
v 0.519430 0.005416 0.750000
v 0.518326 0.010731 0.750000
v 0.516510 0.015846 0.750000
v 0.514014 0.020666 0.750000
v 0.510885 0.025103 0.750000
v 0.507182 0.029072 0.750000
v 0.502974 0.032500 0.750000
v 0.515576 -0.015981 0.750000
v 0.515303 -0.016573 0.778076
v 0.512982 -0.020813 0.750000
v 0.513198 -0.020467 0.775876
v 0.509737 -0.025233 0.750000
v 0.511786 -0.022598 0.774539
v 0.510015 -0.024902 0.773000
v 0.505904 -0.029155 0.750000
v 0.506286 -0.028811 0.773000
v 0.501558 -0.032500 0.750000
v 0.503746 -0.030938 0.771513
v 0.501558 -0.032500 0.755700
v 0.454096 -0.029155 0.750000
v 0.458442 -0.032500 0.750000
v 0.456255 -0.030938 0.771513
v 0.458442 -0.032500 0.755700
v 0.458442 -0.032500 0.770389
v 0.453715 -0.028811 0.773000
v 0.450263 -0.025233 0.750000
v 0.449985 -0.024902 0.773000
v 0.447018 -0.020813 0.750000
v 0.448047 -0.022360 0.774692
v 0.444424 -0.015981 0.750000
v 0.446036 -0.019170 0.776646
v 0.444461 -0.016062 0.778339
v 0.442535 -0.010833 0.750000
v 0.443125 -0.012699 0.779902
v 0.442404 -0.010371 0.781011
v 0.441386 0.005470 0.750000
v 0.441333 0.005089 0.773000
v 0.442535 0.010833 0.750000
v 0.442328 0.010092 0.773000
v 0.443967 0.014921 0.773000
v 0.444183 0.015432 0.773000
v 0.444424 0.015981 0.750000
v 0.443970 0.014929 0.773000
v 0.457005 0.031500 0.771112
v 0.457005 0.031500 0.756700
v 0.456709 0.031281 0.773000
v 0.457156 0.031609 0.773000
v 0.461293 0.034221 0.769120
v 0.505904 0.029155 0.750000
v 0.501558 0.032500 0.750000
v 0.501558 0.032500 0.755700
v 0.502995 0.031500 0.756700
v 0.502995 0.031500 0.771112
v 0.503292 0.031281 0.773000
v 0.503734 0.030946 0.773000
v 0.504172 0.030606 0.773000
v 0.504605 0.030259 0.773000
v 0.505033 0.029906 0.773000
v 0.505456 0.029547 0.773000
v 0.505873 0.029182 0.773000
v 0.506286 0.028811 0.773000
v 0.509737 0.025233 0.750000
v 0.507610 0.027545 0.773000
v 0.507992 0.027156 0.773000
v 0.508369 0.026762 0.773000
v 0.508740 0.026363 0.773000
v 0.509106 0.025958 0.773000
v 0.509466 0.025549 0.773000
v 0.509821 0.025134 0.773000
v 0.512982 0.020813 0.750000
v 0.510169 0.024715 0.773000
v 0.510512 0.024291 0.773000
v 0.510849 0.023862 0.773000
v 0.511179 0.023428 0.773000
v 0.511504 0.022990 0.773000
v 0.511822 0.022547 0.773000
v 0.512134 0.022100 0.773000
v 0.512440 0.021648 0.773000
v 0.512740 0.021192 0.773000
v 0.513033 0.020733 0.773000
v 0.515576 0.015981 0.750000
v 0.513319 0.020269 0.773000
v 0.513600 0.019801 0.773000
v 0.513873 0.019329 0.773000
v 0.514140 0.018854 0.773000
v 0.514400 0.018374 0.773000
v 0.514654 0.017892 0.773000
v 0.514901 0.017405 0.773000
v 0.515141 0.016916 0.773000
v 0.515374 0.016423 0.773000
v 0.515600 0.015926 0.773000
v 0.517465 0.010833 0.750000
v 0.515819 0.015427 0.773000
v 0.516031 0.014925 0.773000
v 0.516648 0.013339 0.773000
v 0.517195 0.011728 0.773000
v 0.517671 0.010094 0.773000
v 0.518076 0.008441 0.773000
v 0.518614 0.005470 0.750000
v 0.519000 0.000000 0.750000
v 0.518666 0.005091 0.773000
v 0.518852 0.003399 0.773000
v 0.518963 0.001701 0.773000
v 0.519000 0.000000 0.773000
v 0.518982 -0.001199 0.773258
v 0.518614 -0.005470 0.750000
v 0.518918 -0.002528 0.774148
v 0.518794 -0.004003 0.775883
v 0.518651 -0.005205 0.777884
v 0.518490 -0.006289 0.780145
v 0.517465 -0.010833 0.750000
v 0.518256 -0.007584 0.783422
v 0.518229 -0.007717 0.783134
v 0.518155 -0.008076 0.782652
v 0.517937 -0.009043 0.781828
v 0.517422 -0.010980 0.780692
v 0.516875 -0.012699 0.779902
v 0.441386 -0.005470 0.750000
v 0.441979 -0.008684 0.782097
v 0.441820 -0.007957 0.782790
v 0.441757 -0.007648 0.783266
v 0.441744 -0.007584 0.783422
v 0.441521 -0.006353 0.780292
v 0.441342 -0.005153 0.777788
v 0.441000 0.000000 0.750000
v 0.441221 -0.004148 0.776097
v 0.441119 -0.003043 0.774665
v 0.441036 -0.001668 0.773500
v 0.441009 -0.000815 0.773119
v 0.441000 0.000000 0.773000
v 0.447018 0.020813 0.750000
v 0.444403 0.015933 0.773000
v 0.444630 0.016430 0.773000
v 0.444863 0.016924 0.773000
v 0.445104 0.017415 0.773000
v 0.445352 0.017902 0.773000
v 0.445606 0.018386 0.773000
v 0.445867 0.018866 0.773000
v 0.446135 0.019343 0.773000
v 0.446409 0.019815 0.773000
v 0.446690 0.020284 0.773000
v 0.446978 0.020749 0.773000
v 0.447272 0.021210 0.773000
v 0.450263 0.025233 0.750000
v 0.447572 0.021666 0.773000
v 0.447879 0.022119 0.773000
v 0.448192 0.022567 0.773000
v 0.448511 0.023010 0.773000
v 0.448837 0.023449 0.773000
v 0.449169 0.023884 0.773000
v 0.449506 0.024313 0.773000
v 0.449850 0.024738 0.773000
v 0.450200 0.025159 0.773000
v 0.450555 0.025574 0.773000
v 0.454096 0.029155 0.750000
v 0.450917 0.025984 0.773000
v 0.451284 0.026389 0.773000
v 0.451656 0.026789 0.773000
v 0.452035 0.027183 0.773000
v 0.452418 0.027573 0.773000
v 0.453715 0.028811 0.773000
v 0.454127 0.029182 0.773000
v 0.458442 0.032500 0.755700
v 0.458442 0.032500 0.750000
v 0.454545 0.029547 0.773000
v 0.454968 0.029906 0.773000
v 0.455395 0.030259 0.773000
v 0.455828 0.030606 0.773000
v 0.456266 0.030947 0.773000
v 0.457608 0.031931 0.773000
v 0.458064 0.032246 0.773000
v 0.458525 0.032555 0.773000
v 0.458990 0.032857 0.773000
v 0.459460 0.033153 0.773000
v 0.459933 0.033441 0.773000
v 0.460411 0.033723 0.773000
v 0.460892 0.033999 0.773000
v 0.461378 0.034267 0.773000
v 0.463601 0.035385 0.768245
v 0.461867 0.034528 0.773000
v 0.462360 0.034783 0.773000
v 0.462856 0.035030 0.773000
v 0.463356 0.035270 0.773000
v 0.463860 0.035503 0.773000
v 0.466010 0.036404 0.767469
v 0.464366 0.035729 0.773000
v 0.464876 0.035948 0.773000
v 0.465389 0.036160 0.773000
v 0.465905 0.036364 0.773000
v 0.466423 0.036561 0.773000
v 0.469545 0.037572 0.766568
v 0.466945 0.036750 0.773000
v 0.467469 0.036932 0.773000
v 0.467995 0.037106 0.773000
v 0.468524 0.037273 0.773000
v 0.469055 0.037433 0.773000
v 0.469589 0.037585 0.773000
v 0.473226 0.038407 0.765918
v 0.470124 0.037729 0.773000
v 0.470662 0.037866 0.773000
v 0.471202 0.037995 0.773000
v 0.471743 0.038116 0.773000
v 0.472286 0.038229 0.773000
v 0.472830 0.038335 0.773000
v 0.473376 0.038433 0.773000
v 0.477007 0.038885 0.765543
v 0.473923 0.038524 0.773000
v 0.474472 0.038606 0.773000
v 0.475022 0.038681 0.773000
v 0.475572 0.038748 0.773000
v 0.476124 0.038807 0.773000
v 0.476676 0.038858 0.773000
v 0.477229 0.038901 0.773000
v 0.480944 0.038989 0.765462
v 0.477783 0.038937 0.773000
v 0.478337 0.038965 0.773000
v 0.478891 0.038984 0.773000
v 0.479446 0.038996 0.773000
v 0.480000 0.039000 0.773000
v 0.480555 0.038996 0.773000
v 0.481109 0.038984 0.773000
v 0.484865 0.038695 0.765692
v 0.481664 0.038965 0.773000
v 0.482218 0.038937 0.773000
v 0.482771 0.038901 0.773000
v 0.483324 0.038858 0.773000
v 0.483877 0.038807 0.773000
v 0.484428 0.038748 0.773000
v 0.484979 0.038681 0.773000
v 0.488708 0.038015 0.766224
v 0.485529 0.038606 0.773000
v 0.486077 0.038524 0.773000
v 0.486624 0.038433 0.773000
v 0.487170 0.038335 0.773000
v 0.487715 0.038229 0.773000
v 0.488258 0.038116 0.773000
v 0.488799 0.037994 0.773000
v 0.492357 0.036991 0.767018
v 0.489338 0.037866 0.773000
v 0.489876 0.037729 0.773000
v 0.490412 0.037585 0.773000
v 0.490945 0.037433 0.773000
v 0.491476 0.037273 0.773000
v 0.492005 0.037106 0.773000
v 0.492532 0.036932 0.773000
v 0.495836 0.035640 0.768052
v 0.493056 0.036750 0.773000
v 0.493577 0.036560 0.773000
v 0.494096 0.036364 0.773000
v 0.494612 0.036159 0.773000
v 0.495124 0.035948 0.773000
v 0.495634 0.035729 0.773000
v 0.496141 0.035503 0.773000
v 0.499116 0.033994 0.769289
v 0.496644 0.035270 0.773000
v 0.497144 0.035030 0.773000
v 0.497640 0.034782 0.773000
v 0.498133 0.034528 0.773000
v 0.498623 0.034267 0.773000
v 0.499108 0.033998 0.773000
v 0.499590 0.033723 0.773000
v 0.500067 0.033441 0.773000
v 0.500541 0.033152 0.773000
v 0.501010 0.032857 0.773000
v 0.501476 0.032555 0.773000
v 0.501936 0.032246 0.773000
v 0.502393 0.031931 0.773000
v 0.502845 0.031609 0.773000
v 0.501558 -0.032500 0.770388
v 0.501558 0.032500 0.756700
v 0.518408 0.006772 0.773000
v 0.458442 0.032500 0.756700
v 0.457005 0.031500 0.756700
v 0.502995 0.031500 0.756700
v 0.502995 0.031500 0.771112
v 0.497545 0.031500 0.768663
v 0.491840 0.031500 0.766888
v 0.485964 0.031500 0.765813
v 0.480000 0.031500 0.765453
v 0.474036 0.031500 0.765813
v 0.468160 0.031500 0.766888
v 0.462455 0.031500 0.768663
v 0.457005 0.031500 0.771112
f -2270 -2272 -2275
f -2275 -2272 -2273
f -2275 -2273 -2302
f -2302 -2273 -2193
f -2302 -2193 -2301
f -2301 -2193 -2322
f -2301 -2322 -2323
f -2701 -2699 -2700
f -2700 -2699 -2698
f -2700 -2698 -2697
f -2697 -2698 -2696
f -2697 -2696 -2695
f -2695 -2696 -2694
f -2695 -2694 -2693
f -2727 -2726 -2725
f -2725 -2726 -2724
f -2725 -2724 -2723
f -2723 -2724 -2722
f -2723 -2722 -2721
f -2721 -2722 -2659
f -2721 -2659 -2658
f -2658 -2659 -2717
f -2658 -2717 -2719
f -2719 -2717 -2718
f -2719 -2718 -2720
f -2726 -2666 -2667
f -2667 -2666 -2695
f -2667 -2695 -2692
f -2692 -2695 -2693
f -2692 -2693 -2691
f -2691 -2690 -2692
f -2692 -2690 -2668
f -2692 -2668 -2667
f -2667 -2668 -2724
f -2667 -2724 -2726
f -2724 -2668 -2722
f -2722 -2668 -2669
f -2722 -2669 -2659
f -2659 -2669 -2670
f -2659 -2670 -2717
f -2717 -2670 -2716
f -2717 -2716 -2718
f -2704 -2707 -2709
f -2709 -2707 -2708
f -2709 -2708 -2710
f -2730 -2732 -2731
f -2731 -2732 -2733
f -2731 -2733 -2664
f -2664 -2733 -2662
f -2664 -2662 -2663
f -2663 -2662 -2736
f -2663 -2736 -2656
f -2656 -2736 -2738
f -2656 -2738 -2705
f -2705 -2738 -2740
f -2705 -2740 -2706
f -2664 -2665 -2731
f -2731 -2665 -2729
f -2731 -2729 -2730
f -2730 -2729 -2728
f -2802 -2804 -2803
f -2803 -2804 -2805
f -2803 -2805 -2745
f -2745 -2805 -2746
f -2745 -2746 -2768
f -2768 -2746 -2770
f -2768 -2770 -2769
f -2769 -2770 -2771
f -2800 -2802 -2801
f -2801 -2802 -2803
f -2801 -2803 -2744
f -2744 -2803 -2745
f -2744 -2745 -2765
f -2765 -2745 -2768
f -2765 -2768 -2766
f -2766 -2768 -2767
f -2811 -2813 -2812
f -2812 -2813 -2750
f -2812 -2750 -2751
f -2751 -2750 -2814
f -2751 -2814 -2815
f -2807 -2809 -2808
f -2808 -2809 -2810
f -2808 -2810 -2753
f -2753 -2810 -2812
f -2753 -2812 -2752
f -2752 -2812 -2751
f -2752 -2751 -2747
f -2747 -2751 -2815
f -2806 -2807 -2805
f -2805 -2807 -2808
f -2805 -2808 -2746
f -2746 -2808 -2753
f -2746 -2753 -2770
f -2770 -2753 -2773
f -2770 -2773 -2771
f -2771 -2773 -2772
f -2635 -2636 -2633
f -2633 -2636 -2637
f -2633 -2637 -2632
f -2684 -2683 -2685
f -2685 -2683 -2682
f -2685 -2682 -2716
f -2716 -2670 -2685
f -2685 -2670 -2687
f -2685 -2687 -2686
f -2686 -2687 -2688
f -2670 -2669 -2687
f -2687 -2669 -2690
f -2687 -2690 -2688
f -2688 -2690 -2689
f -2799 -2798 -2797
f -2797 -2798 -2796
f -2797 -2796 -2795
f -2795 -2796 -2794
f -2795 -2794 -2793
f -2793 -2794 -2791
f -2793 -2791 -2792
f -2792 -2791 -2786
f -2792 -2786 -2787
f -2801 -2743 -2798
f -2798 -2743 -2742
f -2798 -2742 -2796
f -2796 -2742 -2789
f -2796 -2789 -2794
f -2794 -2789 -2790
f -2794 -2790 -2791
f -2791 -2790 -2785
f -2791 -2785 -2786
f -2744 -2763 -2743
f -2743 -2763 -2761
f -2743 -2761 -2742
f -2742 -2761 -2758
f -2742 -2758 -2789
f -2789 -2758 -2788
f -2789 -2788 -2790
f -2790 -2788 -2784
f -2790 -2784 -2785
f -2752 -2747 -2776
f -2776 -2747 -2778
f -2776 -2778 -2777
f -2772 -2773 -2774
f -2774 -2773 -2776
f -2774 -2776 -2775
f -2775 -2776 -2777
f -2762 -2760 -2761
f -2761 -2760 -2759
f -2761 -2759 -2758
f -2758 -2759 -2757
f -2758 -2757 -2756
f -4617 -4614 -4615
f -4615 -4614 -4613
f -4615 -4613 -4496
f -4496 -4613 -4495
f -4496 -4495 -4515
f -4515 -4495 -4514
f -4515 -4514 -4533
f -4533 -4514 -4532
f -4533 -4532 -4662
f -4662 -4532 -4664
f -4662 -4664 -4663
f -4663 -4664 -4665
f -4663 -4665 -4561
f -4561 -4665 -4558
f -4561 -4558 -4559
f -4559 -4558 -4557
f -4633 -4635 -4634
f -4634 -4635 -4636
f -4634 -4636 -4626
f -4626 -4636 -4625
f -4626 -4625 -4624
f -4624 -4625 -4623
f -4624 -4623 -4622
f -4622 -4623 -4621
f -4622 -4621 -4620
f -4620 -4621 -4619
f -4620 -4619 -4618
f -4618 -4619 -4617
f -4618 -4617 -4616
f -4616 -4617 -4615
f -4616 -4615 -4497
f -4497 -4615 -4496
f -4497 -4496 -4516
f -4516 -4496 -4515
f -4516 -4515 -4534
f -4534 -4515 -4533
f -4534 -4533 -4660
f -4660 -4533 -4662
f -4660 -4662 -4661
f -4661 -4662 -4663
f -4661 -4663 -4564
f -4564 -4663 -4561
f -4564 -4561 -4562
f -4562 -4561 -4560
f -4618 -4616 -4498
f -4498 -4616 -4497
f -4498 -4497 -4517
f -4517 -4497 -4516
f -4517 -4516 -4535
f -4535 -4516 -4534
f -4535 -4534 -4658
f -4658 -4534 -4660
f -4658 -4660 -4659
f -4659 -4660 -4661
f -4659 -4661 -4566
f -4566 -4661 -4564
f -4566 -4564 -4565
f -4565 -4564 -4563
f -4620 -4618 -4499
f -4499 -4618 -4498
f -4499 -4498 -4518
f -4518 -4498 -4517
f -4518 -4517 -4536
f -4536 -4517 -4535
f -4536 -4535 -4656
f -4656 -4535 -4658
f -4656 -4658 -4657
f -4657 -4658 -4659
f -4657 -4659 -4568
f -4568 -4659 -4566
f -4568 -4566 -4567
f -4567 -4566 -4565
f -4610 -4608 -4609
f -4609 -4608 -4607
f -4609 -4607 -4493
f -4493 -4607 -4492
f -4493 -4492 -4512
f -4512 -4492 -4511
f -4512 -4511 -4530
f -4530 -4511 -4529
f -4530 -4529 -4668
f -4668 -4529 -4670
f -4668 -4670 -4669
f -4669 -4670 -4671
f -4669 -4671 -4554
f -4607 -4606 -4492
f -4492 -4606 -4491
f -4492 -4491 -4511
f -4511 -4491 -4510
f -4511 -4510 -4529
f -4529 -4510 -4528
f -4529 -4528 -4670
f -4670 -4528 -4672
f -4670 -4672 -4671
f -4614 -4612 -4613
f -4613 -4612 -4611
f -4613 -4611 -4495
f -4495 -4611 -4494
f -4495 -4494 -4514
f -4514 -4494 -4513
f -4514 -4513 -4532
f -4532 -4513 -4531
f -4532 -4531 -4664
f -4664 -4531 -4666
f -4664 -4666 -4665
f -4665 -4666 -4667
f -4665 -4667 -4558
f -4558 -4667 -4556
f -4558 -4556 -4557
f -4557 -4556 -4555
f -4612 -4610 -4611
f -4611 -4610 -4609
f -4611 -4609 -4494
f -4494 -4609 -4493
f -4494 -4493 -4513
f -4513 -4493 -4512
f -4513 -4512 -4531
f -4531 -4512 -4530
f -4531 -4530 -4666
f -4666 -4530 -4668
f -4666 -4668 -4667
f -4667 -4668 -4669
f -4667 -4669 -4556
f -4556 -4669 -4554
f -4556 -4554 -4555
f -4555 -4554 -4553
f -4605 -4603 -4604
f -4604 -4603 -4602
f -4604 -4602 -4490
f -4490 -4602 -4489
f -4490 -4489 -4509
f -4509 -4489 -4508
f -4509 -4508 -4527
f -4527 -4508 -4526
f -4527 -4526 -4674
f -4608 -4605 -4606
f -4606 -4605 -4604
f -4606 -4604 -4491
f -4491 -4604 -4490
f -4491 -4490 -4510
f -4510 -4490 -4509
f -4510 -4509 -4528
f -4528 -4509 -4527
f -4528 -4527 -4672
f -4672 -4527 -4674
f -4526 -4508 -4507
f -4507 -4508 -4488
f -4507 -4488 -4487
f -4487 -4488 -4598
f -4487 -4598 -4597
f -4597 -4598 -4599
f -4597 -4599 -4596
f -4508 -4489 -4488
f -4488 -4489 -4600
f -4488 -4600 -4598
f -4598 -4600 -4599
f -4634 -4626 -4503
f -4503 -4626 -4502
f -4503 -4502 -4522
f -4522 -4502 -4521
f -4522 -4521 -4540
f -4540 -4521 -4539
f -4540 -4539 -4648
f -4648 -4539 -4650
f -4648 -4650 -4649
f -4649 -4650 -4651
f -4649 -4651 -4578
f -4578 -4651 -4576
f -4578 -4576 -4577
f -4577 -4576 -4575
f -4626 -4624 -4502
f -4502 -4624 -4501
f -4502 -4501 -4521
f -4521 -4501 -4520
f -4521 -4520 -4539
f -4539 -4520 -4538
f -4539 -4538 -4650
f -4650 -4538 -4652
f -4650 -4652 -4651
f -4651 -4652 -4653
f -4651 -4653 -4576
f -4576 -4653 -4574
f -4576 -4574 -4575
f -4575 -4574 -4573
f -4624 -4622 -4501
f -4501 -4622 -4500
f -4501 -4500 -4520
f -4520 -4500 -4519
f -4520 -4519 -4538
f -4538 -4519 -4537
f -4538 -4537 -4652
f -4652 -4537 -4654
f -4652 -4654 -4653
f -4653 -4654 -4655
f -4653 -4655 -4574
f -4574 -4655 -4571
f -4574 -4571 -4572
f -4572 -4571 -4570
f -4622 -4620 -4500
f -4500 -4620 -4499
f -4500 -4499 -4519
f -4519 -4499 -4518
f -4519 -4518 -4537
f -4537 -4518 -4536
f -4537 -4536 -4654
f -4654 -4536 -4656
f -4654 -4656 -4655
f -4655 -4656 -4657
f -4655 -4657 -4571
f -4571 -4657 -4568
f -4571 -4568 -4569
f -4569 -4568 -4567
f -4633 -4634 -4632
f -4632 -4634 -4503
f -4632 -4503 -4523
f -4523 -4503 -4522
f -4523 -4522 -4541
f -4541 -4522 -4540
f -4541 -4540 -4646
f -4646 -4540 -4648
f -4646 -4648 -4647
f -4647 -4648 -4649
f -4647 -4649 -4581
f -4581 -4649 -4578
f -4581 -4578 -4579
f -4579 -4578 -4577
f -4580 -4582 -4581
f -4581 -4582 -4584
f -4581 -4584 -4647
f -4647 -4584 -4645
f -4647 -4645 -4646
f -4646 -4645 -4644
f -4646 -4644 -4541
f -4541 -4644 -4542
f -4541 -4542 -4523
f -4523 -4542 -4630
f -4523 -4630 -4632
f -4632 -4630 -4631
f -4632 -4631 -4633
f -4930 -4932 -4931
f -4931 -4932 -4933
f -4931 -4933 -4797
f -4797 -4933 -4796
f -4797 -4796 -4947
f -4947 -4796 -4795
f -4947 -4795 -4946
f -4926 -4928 -4927
f -4927 -4928 -4929
f -4927 -4929 -4799
f -4799 -4929 -4798
f -4799 -4798 -4951
f -4951 -4798 -4949
f -4951 -4949 -4950
f -4950 -4949 -4948
f -4950 -4948 -4991
f -4991 -4948 -4990
f -4991 -4990 -4992
f -4928 -4930 -4929
f -4929 -4930 -4931
f -4929 -4931 -4798
f -4798 -4931 -4797
f -4798 -4797 -4949
f -4949 -4797 -4947
f -4949 -4947 -4948
f -4948 -4947 -4946
f -4948 -4946 -4990
f -4873 -4874 -4872
f -4872 -4874 -4841
f -4872 -4841 -4842
f -4842 -4841 -4825
f -4842 -4825 -4824
f -4824 -4825 -4970
f -4824 -4970 -4968
f -4968 -4970 -4969
f -4968 -4969 -4967
f -4967 -4969 -4807
f -4967 -4807 -4806
f -4806 -4807 -4901
f -4806 -4901 -4899
f -4899 -4901 -4900
f -4899 -4900 -4898
f -4898 -4900 -4897
f -4898 -4897 -4896
f -4896 -4897 -4895
f -4896 -4895 -4894
f -4894 -4895 -4893
f -4894 -4893 -4924
f -4924 -4893 -4926
f -4924 -4926 -4925
f -4925 -4926 -4927
f -4925 -4927 -4800
f -4800 -4927 -4799
f -4800 -4799 -4953
f -4953 -4799 -4951
f -4953 -4951 -4952
f -4952 -4951 -4950
f -4952 -4950 -4815
f -4815 -4950 -4991
f -4815 -4991 -4993
f -4993 -4991 -4992
f -4993 -4992 -4994
f -4924 -4925 -4801
f -4801 -4925 -4800
f -4801 -4800 -4955
f -4955 -4800 -4953
f -4955 -4953 -4954
f -4954 -4953 -4952
f -4954 -4952 -4816
f -4816 -4952 -4815
f -4816 -4815 -4851
f -4851 -4815 -4993
f -4851 -4993 -4995
f -4995 -4993 -4994
f -4995 -4994 -4996
f -4894 -4924 -4802
f -4802 -4924 -4801
f -4802 -4801 -4957
f -4957 -4801 -4955
f -4957 -4955 -4956
f -4956 -4955 -4954
f -4956 -4954 -4817
f -4817 -4954 -4816
f -4817 -4816 -4850
f -4850 -4816 -4851
f -4850 -4851 -4854
f -4854 -4851 -4995
f -4854 -4995 -4852
f -4852 -4995 -4997
f -4896 -4894 -4803
f -4803 -4894 -4802
f -4803 -4802 -4959
f -4959 -4802 -4957
f -4959 -4957 -4958
f -4958 -4957 -4956
f -4958 -4956 -4818
f -4818 -4956 -4817
f -4818 -4817 -4849
f -4849 -4817 -4850
f -4849 -4850 -4856
f -4856 -4850 -4854
f -4856 -4854 -4855
f -4855 -4854 -4853
f -4631 -4630 -4629
f -4629 -4630 -4628
f -4629 -4628 -4627
f -4627 -4628 -4640
f -4627 -4640 -4638
f -4638 -4640 -4639
f -4638 -4639 -4684
f -4684 -4639 -4682
f -4684 -4682 -4683
f -4683 -4682 -4681
f -4630 -4542 -4628
f -4628 -4542 -4642
f -4628 -4642 -4640
f -4640 -4642 -4641
f -4640 -4641 -4639
f -4639 -4641 -4590
f -4639 -4590 -4682
f -4682 -4590 -4681
f -4583 -4585 -4584
f -4584 -4585 -4586
f -4584 -4586 -4645
f -4645 -4586 -4643
f -4645 -4643 -4644
f -4644 -4643 -4642
f -4644 -4642 -4542
f -4642 -4643 -4641
f -4641 -4643 -4588
f -4641 -4588 -4590
f -4590 -4588 -4589
f -4590 -4589 -4591
f -4603 -4601 -4602
f -4602 -4601 -4600
f -4602 -4600 -4489
f -4585 -4587 -4586
f -4586 -4587 -4588
f -4586 -4588 -4643
f -4898 -4896 -4804
f -4804 -4896 -4803
f -4804 -4803 -4961
f -4961 -4803 -4959
f -4961 -4959 -4960
f -4960 -4959 -4958
f -4960 -4958 -4819
f -4819 -4958 -4818
f -4819 -4818 -4848
f -4848 -4818 -4849
f -4848 -4849 -4858
f -4858 -4849 -4856
f -4858 -4856 -4857
f -4857 -4856 -4855
f -4857 -4859 -4858
f -4858 -4859 -4860
f -4858 -4860 -4848
f -4848 -4860 -4847
f -4848 -4847 -4819
f -4819 -4847 -4820
f -4819 -4820 -4960
f -4960 -4820 -4962
f -4960 -4962 -4961
f -4961 -4962 -4963
f -4961 -4963 -4804
f -4804 -4963 -4805
f -4804 -4805 -4898
f -4898 -4805 -4899
f -4932 -4934 -4933
f -4933 -4934 -4935
f -4933 -4935 -4796
f -4796 -4935 -4937
f -4796 -4937 -4795
f -4835 -4831 -4830
f -4830 -4831 -4982
f -4830 -4982 -4980
f -4980 -4982 -4981
f -4980 -4981 -4979
f -4979 -4981 -4813
f -4979 -4813 -4812
f -4812 -4813 -4912
f -4812 -4912 -4910
f -4910 -4912 -4911
f -4910 -4911 -4909
f -4900 -4901 -4902
f -4902 -4901 -4903
f -4902 -4903 -4904
f -4904 -4903 -4905
f -4904 -4905 -4906
f -4906 -4905 -4907
f -4906 -4907 -4909
f -4909 -4907 -4908
f -4909 -4908 -4910
f -4910 -4908 -4811
f -4910 -4811 -4812
f -4812 -4811 -4977
f -4812 -4977 -4979
f -4979 -4977 -4978
f -4979 -4978 -4980
f -4980 -4978 -4829
f -4980 -4829 -4830
f -4830 -4829 -4837
f -4830 -4837 -4835
f -4835 -4837 -4836
f -4835 -4836 -4885
f -4885 -4836 -4884
f -4885 -4884 -4886
f -4875 -4876 -4874
f -4874 -4876 -4840
f -4874 -4840 -4841
f -4841 -4840 -4826
f -4841 -4826 -4825
f -4825 -4826 -4972
f -4825 -4972 -4970
f -4970 -4972 -4971
f -4970 -4971 -4969
f -4969 -4971 -4808
f -4969 -4808 -4807
f -4807 -4808 -4903
f -4807 -4903 -4901
f -4899 -4805 -4806
f -4806 -4805 -4965
f -4806 -4965 -4967
f -4967 -4965 -4966
f -4967 -4966 -4968
f -4968 -4966 -4823
f -4968 -4823 -4824
f -4824 -4823 -4843
f -4824 -4843 -4842
f -4842 -4843 -4870
f -4842 -4870 -4872
f -4872 -4870 -4871
f -4872 -4871 -4873
f -4805 -4963 -4965
f -4965 -4963 -4964
f -4965 -4964 -4966
f -4966 -4964 -4822
f -4966 -4822 -4823
f -4823 -4822 -4844
f -4823 -4844 -4843
f -4843 -4844 -4868
f -4843 -4868 -4870
f -4870 -4868 -4869
f -4870 -4869 -4871
f -4963 -4962 -4964
f -4964 -4962 -4821
f -4964 -4821 -4822
f -4822 -4821 -4845
f -4822 -4845 -4844
f -4844 -4845 -4866
f -4844 -4866 -4868
f -4868 -4866 -4867
f -4868 -4867 -4869
f -4977 -4975 -4976
f -4976 -4975 -4974
f -4976 -4974 -4827
f -4827 -4974 -4826
f -4827 -4826 -4840
f -4977 -4976 -4978
f -4978 -4976 -4828
f -4978 -4828 -4829
f -4829 -4828 -4838
f -4829 -4838 -4837
f -4837 -4838 -4882
f -4837 -4882 -4836
f -4836 -4882 -4883
f -4836 -4883 -4783
f -4826 -4974 -4972
f -4972 -4974 -4973
f -4972 -4973 -4971
f -4971 -4973 -4809
f -4971 -4809 -4808
f -4808 -4809 -4905
f -4808 -4905 -4903
f -4974 -4975 -4973
f -4973 -4975 -4810
f -4973 -4810 -4809
f -4809 -4810 -4907
f -4809 -4907 -4905
f -4859 -4861 -4860
f -4860 -4861 -4862
f -4860 -4862 -4847
f -4847 -4862 -4846
f -4847 -4846 -4820
f -4820 -4846 -4821
f -4820 -4821 -4962
f -4861 -4863 -4862
f -4862 -4863 -4864
f -4862 -4864 -4846
f -4846 -4864 -4845
f -4846 -4845 -4821
f -4863 -4865 -4864
f -4864 -4865 -4866
f -4864 -4866 -4845
f -4827 -4840 -4839
f -4839 -4840 -4876
f -4839 -4876 -4880
f -4880 -4876 -4877
f -4880 -4877 -4878
f -4976 -4827 -4828
f -4828 -4827 -4839
f -4828 -4839 -4838
f -4838 -4839 -4880
f -4838 -4880 -4882
f -4882 -4880 -4881
f -4882 -4881 -4883
f -4783 -4782 -4836
f -4836 -4782 -4884
f -4975 -4811 -4810
f -4810 -4811 -4908
f -4810 -4908 -4907
f -5319 -5320 -5355
f -5355 -5320 -5321
f -5355 -5321 -5354
f -5354 -5321 -5322
f -5354 -5322 -5323
f -2704 -2703 -2702
f -2702 -2703 -2701
f -2702 -2701 -2700
f -2741 -2740 -2739
f -2739 -2740 -2738
f -2739 -2738 -2737
f -2737 -2738 -2736
f -2737 -2736 -2735
f -2735 -2736 -2662
f -2735 -2662 -2661
f -2661 -2662 -2733
f -2661 -2733 -2734
f -2734 -2733 -2732
f -2612 -2607 -2611
f -2611 -2607 -2608
f -2611 -2608 -2610
f -2610 -2608 -2609
f -2809 -2811 -2810
f -2810 -2811 -2812
f -2801 -2798 -2800
f -2800 -2798 -2799
f -2755 -2784 -2754
f -2754 -2784 -2788
f -2754 -2788 -2756
f -2756 -2788 -2758
f -2776 -2773 -2752
f -2752 -2773 -2753
f -2766 -2764 -2765
f -2765 -2764 -2763
f -2765 -2763 -2744
f -2761 -2763 -2762
f -2762 -2763 -2764
f -4934 -4936 -4935
f -4935 -4936 -4937
f -4995 -4996 -4997
f -4997 -4996 -4998
f -5060 -5059 -5057
f -5057 -5059 -5058
f -4878 -4879 -4880
f -4880 -4879 -4881
f -5164 -5163 -5162
f -5162 -5163 -5161
f -5162 -5161 -5160
f -5160 -5161 -5159
f -5160 -5159 -5158
f -5157 -5156 -5155
f -5155 -5156 -5154
f -5155 -5154 -5153
f -5153 -5154 -5152
f -5153 -5152 -5151
f -5151 -5152 -5164
f -5151 -5164 -5162
f -5156 -5148 -5149
f -5149 -5148 -5150
f -5149 -5150 -5145
f -5137 -5139 -5138
f -5138 -5139 -5134
f -5138 -5134 -5135
f -5135 -5134 -5136
f -5135 -5136 -5131
f -5135 -5131 -5132
f -5132 -5131 -5133
f -5132 -5133 -5126
f -5132 -5126 -5127
f -5127 -5126 -5128
f -5127 -5128 -5129
f -5129 -5128 -5130
f -5129 -5130 -5123
f -5129 -5123 -5124
f -5124 -5123 -5125
f -5124 -5125 -5118
f -5142 -5144 -5143
f -5143 -5144 -5137
f -5143 -5137 -5138
f -5145 -5147 -5146
f -5146 -5147 -5140
f -5146 -5140 -5141
f -5141 -5140 -5142
f -5141 -5142 -5143
f -5075 -5074 -5073
f -5073 -5074 -5072
f -5073 -5072 -5071
f -5071 -5072 -5070
f -5071 -5070 -5069
f -5069 -5070 -5101
f -5069 -5101 -5102
f -5102 -5101 -5100
f -5100 -5099 -5098
f -5098 -5099 -5097
f -5098 -5097 -5096
f -5096 -5097 -5095
f -5096 -5095 -5094
f -5094 -5095 -5093
f -5094 -5093 -5092
f -5092 -5093 -5091
f -5092 -5091 -5090
f -5090 -5091 -5089
f -5090 -5089 -5088
f -5088 -5089 -5087
f -5088 -5087 -5086
f -5086 -5087 -5085
f -5086 -5085 -5084
f -5084 -5085 -5083
f -5084 -5083 -5082
f -5082 -5083 -5081
f -5082 -5081 -5080
f -5080 -5081 -5079
f -5080 -5079 -5078
f -5078 -5079 -5077
f -5078 -5077 -5076
f -5066 -5065 -5067
f -5067 -5065 -5068
f -5064 -5061 -5063
f -5063 -5061 -5062
f -5282 -5281 -5280
f -5280 -5281 -5279
f -5280 -5279 -5278
f -5278 -5279 -5292
f -5278 -5292 -5293
f -5339 -5340 -5338
f -5338 -5340 -5341
f -5338 -5341 -5337
f -5337 -5341 -5342
f -5337 -5342 -5336
f -5336 -5342 -5343
f -5336 -5343 -5335
f -5335 -5343 -5344
f -5335 -5344 -5334
f -5334 -5344 -5345
f -5334 -5345 -5333
f -5333 -5345 -5346
f -5333 -5346 -5332
f -5332 -5346 -5347
f -5332 -5347 -5331
f -5331 -5347 -5348
f -5331 -5348 -5330
f -5330 -5348 -5349
f -5330 -5349 -5329
f -5329 -5349 -5350
f -5329 -5350 -5328
f -5328 -5350 -5327
f -5354 -5324 -5353
f -5353 -5324 -5325
f -5353 -5325 -5352
f -5352 -5325 -5326
f -5352 -5326 -5351
f -5351 -5326 -5327
f -5351 -5327 -5350
f -2697 -2695 -2666
f -2690 -2669 -2668
f -2743 -2801 -2744
f -4606 -4607 -4608
f -4975 -4977 -4811
f -2704 -2709 -2703
f -2633 -2634 -2635
f -2682 -2683 -2681
f -2685 -2686 -2684
f -2690 -2691 -2689
f -2804 -2806 -2805
f -2768 -2769 -2767
f -4683 -4685 -4684
f -4591 -4681 -4590
f -4635 -4637 -4636
f -4600 -4601 -4599
f -4582 -4583 -4584
f -4579 -4580 -4581
f -4587 -4589 -4588
f -4572 -4573 -4574
f -4562 -4563 -4564
f -4569 -4570 -4571
f -4559 -4560 -4561
f -4936 -4938 -4937
f -4852 -4853 -4854
f -4865 -4867 -4866
f -4875 -4877 -4876
f -4873 -4875 -4874
f -5157 -5148 -5156
f -5118 -5119 -5124
f -5145 -5146 -5149
f -5100 -5101 -5099
f -5323 -5324 -5354
f -5355 -5356 -5319
f -2727 -2728 -2726
f -2726 -2728 -2729
f -2726 -2729 -2666
f -2666 -2729 -2665
f -2666 -2665 -2697
f -2697 -2665 -2664
f -2697 -2664 -2700
f -2700 -2664 -2663
f -2700 -2663 -2702
f -2702 -2663 -2656
f -2702 -2656 -2704
f -2704 -2656 -2705
f -2704 -2705 -2707
f -2707 -2705 -2706
f -2707 -2706 -2708
f -2660 -2718 -2671
f -2671 -2718 -2716
f -2671 -2716 -2682
f -2671 -2682 -2680
f -2680 -2682 -2681
f -2680 -2681 -2679
f -2814 -2816 -2815
f -2815 -2816 -2817
f -2815 -2817 -2748
f -2748 -2817 -2749
f -2748 -2749 -2780
f -2780 -2749 -2783
f -2780 -2783 -2781
f -2781 -2779 -2780
f -2780 -2779 -2778
f -2780 -2778 -2748
f -2748 -2778 -2747
f -2748 -2747 -2815
f -4476 -4475 -4485
f -4485 -4475 -4505
f -4485 -4505 -4486
f -4486 -4505 -4487
f -4486 -4487 -4597
f -4593 -4478 -4485
f -4485 -4478 -4477
f -4485 -4477 -4476
f -4504 -4506 -4505
f -4505 -4506 -4507
f -4505 -4507 -4487
f -4507 -4506 -4526
f -4526 -4506 -4524
f -4526 -4524 -4525
f -4264 -4247 -4246
f -4246 -4247 -4243
f -4246 -4243 -4242
f -4242 -4243 -4236
f -4242 -4236 -4240
f -4240 -4236 -4235
f -4240 -4235 -4269
f -4238 -4240 -4239
f -4239 -4240 -4267
f -4239 -4267 -4234
f -4234 -4267 -4265
f -4234 -4265 -4232
f -4240 -4237 -4242
f -4242 -4237 -4241
f -4242 -4241 -4246
f -4246 -4241 -4245
f -4246 -4245 -4263
f -4263 -4245 -4244
f -4263 -4244 -4233
f -4240 -4269 -4267
f -4267 -4269 -4268
f -4267 -4268 -4266
f -4551 -4552 -4550
f -4550 -4552 -4673
f -4550 -4673 -4675
f -4675 -4673 -4674
f -4675 -4674 -4676
f -4676 -4674 -4525
f -4676 -4525 -4464
f -4553 -4554 -4552
f -4552 -4554 -4671
f -4552 -4671 -4673
f -4673 -4671 -4672
f -4673 -4672 -4674
f -4486 -4597 -4595
f -4595 -4597 -4596
f -4595 -4596 -4594
f -4594 -4593 -4595
f -4595 -4593 -4485
f -4595 -4485 -4486
f -4941 -4943 -4942
f -4942 -4943 -4944
f -4942 -4944 -4916
f -4916 -4944 -4794
f -4916 -4794 -4918
f -4813 -4981 -4942
f -4942 -4981 -4940
f -4942 -4940 -4941
f -4941 -4940 -4939
f -5028 -5035 -5033
f -5033 -5035 -5034
f -5033 -5034 -5032
f -5016 -5015 -5031
f -5031 -5015 -5014
f -5031 -5014 -5033
f -5033 -5014 -5026
f -5033 -5026 -5027
f -5027 -5026 -5025
f -5045 -5016 -5029
f -5029 -5016 -5031
f -5029 -5031 -5030
f -5030 -5031 -5032
f -5020 -5042 -5044
f -5044 -5042 -5043
f -5044 -5043 -5045
f -4833 -4786 -4832
f -4832 -4786 -4814
f -4832 -4814 -4831
f -4831 -4814 -4984
f -4831 -4984 -4982
f -4982 -4984 -4983
f -4982 -4983 -4981
f -4981 -4983 -4939
f -4981 -4939 -4940
f -4833 -4834 -4887
f -4887 -4834 -4885
f -4887 -4885 -4886
f -4885 -4834 -4835
f -4835 -4834 -4831
f -4915 -4913 -4914
f -4914 -4913 -4912
f -4914 -4912 -4813
f -4915 -4914 -4916
f -4916 -4914 -4942
f -4886 -4888 -4887
f -4887 -4888 -4889
f -4887 -4889 -4833
f -2639 -2631 -2638
f -2638 -2631 -2632
f -2638 -2632 -2637
f -2614 -2605 -2613
f -2613 -2605 -2606
f -2613 -2606 -2612
f -2612 -2606 -2607
f -4943 -4945 -4944
f -4944 -4945 -4794
f -5020 -5044 -5018
f -5018 -5044 -5029
f -5018 -5029 -5030
f -4831 -4834 -4832
f -4832 -4834 -4833
f -5118 -5120 -5119
f -5119 -5120 -5121
f -5289 -5291 -5290
f -5290 -5291 -5292
f -5358 -5318 -5357
f -5357 -5318 -5319
f -5357 -5319 -5356
f -5033 -5027 -5028
f -5028 -5027 -5017
f -4240 -4238 -4237
f -4265 -4267 -4266
f -4264 -4246 -4263
f -4525 -4674 -4526
f -4813 -4942 -4914
f -5019 -5042 -5020
f -5044 -5045 -5029
f -2630 -2631 -2639
f -2678 -2680 -2679
f -2816 -2818 -2817
f -2778 -2779 -2777
f -4505 -4475 -4504
f -4464 -4678 -4676
f -4593 -4594 -4592
f -4551 -4553 -4552
f -5031 -5033 -5032
f -5041 -5043 -5042
f -4912 -4913 -4911
f -4888 -4890 -4889
f -5120 -5122 -5121
f -5291 -5293 -5292
f -2720 -2718 -2657
f -2657 -2718 -2660
f -2657 -2660 -2711
f -2296 -2303 -2295
f -2295 -2303 -2304
f -2295 -2304 -2305
f -2305 -2306 -2295
f -2295 -2306 -2307
f -2295 -2307 -2308
f -2262 -2263 -2205
f -2205 -2263 -2290
f -2205 -2290 -2291
f -2278 -2279 -2276
f -2276 -2279 -2280
f -2276 -2280 -2283
f -2283 -2280 -2282
f -2275 -2276 -2270
f -2270 -2276 -2285
f -2270 -2285 -2286
f -2263 -2264 -2290
f -2290 -2264 -2265
f -2290 -2265 -2289
f -2289 -2265 -2288
f -2288 -2266 -2287
f -2287 -2266 -2267
f -2287 -2267 -2286
f -2286 -2267 -2268
f -2286 -2268 -2269
f -2259 -2260 -2243
f -2243 -2260 -2261
f -2243 -2261 -2262
f -2255 -2256 -2248
f -2248 -2256 -2257
f -2248 -2257 -2244
f -2244 -2257 -2258
f -2244 -2258 -2243
f -2243 -2258 -2259
f -2250 -2251 -2248
f -2248 -2251 -2252
f -2248 -2252 -2255
f -2255 -2252 -2254
f -2247 -2244 -2274
f -2274 -2244 -2193
f -2274 -2193 -2273
f -2350 -2318 -2349
f -2349 -2318 -2319
f -2349 -2319 -2320
f -2349 -2320 -2348
f -2348 -2320 -2321
f -2348 -2321 -2322
f -2352 -2316 -2351
f -2351 -2316 -2317
f -2351 -2317 -2318
f -2352 -2353 -2316
f -2316 -2353 -2354
f -2316 -2354 -2329
f -2244 -2245 -2193
f -2193 -2245 -2234
f -2193 -2234 -2235
f -2370 -2205 -2335
f -2335 -2205 -2309
f -2335 -2309 -2310
f -2364 -2365 -2356
f -2356 -2365 -2341
f -2356 -2341 -2355
f -2355 -2341 -2342
f -2355 -2342 -2382
f -2382 -2342 -2343
f -2382 -2343 -2344
f -2205 -2371 -2388
f -2388 -2371 -2372
f -2388 -2372 -2373
f -2381 -2382 -2193
f -2193 -2382 -2348
f -2193 -2348 -2322
f -2358 -2359 -2356
f -2356 -2359 -2360
f -2356 -2360 -2363
f -2363 -2360 -2362
f -2335 -2336 -2370
f -2370 -2336 -2337
f -2370 -2337 -2369
f -2369 -2337 -2338
f -2369 -2338 -2339
f -2365 -2366 -2341
f -2341 -2366 -2367
f -2341 -2367 -2340
f -2340 -2367 -2339
f -2205 -2291 -2309
f -2309 -2291 -2292
f -2309 -2292 -2293
f -2332 -2333 -2313
f -2313 -2333 -2334
f -2313 -2334 -2312
f -2312 -2334 -2311
f -2309 -2293 -2308
f -2308 -2293 -2294
f -2308 -2294 -2295
f -2313 -2314 -2332
f -2332 -2314 -2315
f -2332 -2315 -2331
f -2331 -2315 -2330
f -2310 -2311 -2335
f -2335 -2311 -2334
f -2326 -2327 -2301
f -2301 -2327 -2328
f -2301 -2328 -2300
f -2300 -2328 -2298
f -2300 -2298 -2299
f -2323 -2324 -2301
f -2301 -2324 -2325
f -2301 -2325 -2326
f -2394 -2395 -2389
f -2389 -2395 -2396
f -2389 -2396 -2397
f -2414 -2415 -2214
f -2214 -2415 -2416
f -2214 -2416 -2383
f -2383 -2416 -2417
f -2383 -2417 -2418
f -2467 -2468 -2189
f -2189 -2468 -2424
f -2189 -2424 -2425
f -2409 -2410 -2216
f -2216 -2410 -2411
f -2216 -2411 -2215
f -2215 -2411 -2412
f -2215 -2412 -2413
f -2406 -2407 -2216
f -2216 -2407 -2408
f -2216 -2408 -2409
f -2373 -2374 -2388
f -2388 -2374 -2375
f -2388 -2375 -2387
f -2387 -2375 -2386
f -2393 -2383 -2392
f -2392 -2383 -2422
f -2392 -2422 -2423
f -2403 -2404 -2216
f -2216 -2404 -2405
f -2216 -2405 -2406
f -2433 -2434 -2188
f -2188 -2434 -2435
f -2188 -2435 -2206
f -2206 -2435 -2436
f -2206 -2436 -2205
f -2205 -2436 -2437
f -2205 -2437 -2438
f -2377 -2378 -2386
f -2386 -2378 -2380
f -2386 -2380 -2384
f -2384 -2380 -2381
f -2384 -2381 -2194
f -2194 -2381 -2193
f -2375 -2376 -2386
f -2386 -2376 -2377
f -2430 -2431 -2189
f -2189 -2431 -2432
f -2189 -2432 -2188
f -2188 -2432 -2433
f -2427 -2428 -2189
f -2189 -2428 -2429
f -2189 -2429 -2430
f -2425 -2426 -2189
f -2189 -2426 -2427
f -2388 -2389 -2205
f -2205 -2389 -2398
f -2205 -2398 -2399
f -2390 -2391 -2423
f -2423 -2391 -2392
f -2418 -2419 -2383
f -2383 -2419 -2420
f -2383 -2420 -2421
f -2205 -2399 -2204
f -2204 -2399 -2400
f -2204 -2400 -2401
f -2344 -2345 -2382
f -2382 -2345 -2346
f -2382 -2346 -2347
f -2401 -2402 -2204
f -2204 -2402 -2218
f -2204 -2218 -2219
f -2383 -2384 -2214
f -2214 -2384 -2194
f -2214 -2194 -2195
f -2447 -2448 -2446
f -2446 -2448 -2449
f -2446 -2449 -2450
f -2469 -2470 -2224
f -2224 -2470 -2472
f -2224 -2472 -2464
f -2450 -2451 -2446
f -2446 -2451 -2452
f -2446 -2452 -2453
f -2445 -2446 -2468
f -2468 -2446 -2454
f -2468 -2454 -2424
f -2424 -2454 -2455
f -2424 -2455 -2463
f -2463 -2455 -2456
f -2463 -2456 -2457
f -2457 -2459 -2463
f -2463 -2459 -2460
f -2463 -2460 -2461
f -2485 -2477 -2478
f -2478 -2477 -2481
f -2478 -2481 -2480
f -2480 -2481 -2482
f -2482 -2481 -2483
f -2483 -2481 -2476
f -2483 -2476 -2473
f -2473 -2476 -2474
f -2439 -2440 -2224
f -2224 -2440 -2441
f -2224 -2441 -2469
f -2469 -2441 -2442
f -2469 -2442 -2443
f -2443 -2444 -2469
f -2469 -2444 -2445
f -2469 -2445 -2468
f -2438 -2439 -2205
f -2205 -2439 -2224
f -2205 -2224 -2225
f -2467 -2189 -2466
f -2466 -2189 -2190
f -2466 -2190 -2191
f -2490 -2489 -2488
f -2488 -2489 -2487
f -2488 -2487 -2486
f -2484 -2485 -2489
f -2489 -2485 -2478
f -2489 -2478 -2479
f -2479 -2478 -2480
f -2191 -2192 -2465
f -2465 -2192 -2193
f -2465 -2193 -2223
f -2223 -2193 -2222
f -2497 -2498 -2496
f -2496 -2498 -2495
f -2496 -2495 -2494
f -2500 -2491 -2492
f -2492 -2491 -2498
f -2492 -2498 -2499
f -2499 -2498 -2497
f -2104 -2088 -2089
f -2089 -2088 -2091
f -2089 -2091 -2119
f -2119 -2091 -2090
f -2119 -2090 -2083
f -2100 -2102 -2101
f -2101 -2102 -2103
f -2101 -2103 -2087
f -2087 -2103 -2089
f -2087 -2089 -2094
f -2094 -2089 -2120
f -2094 -2120 -2096
f -2096 -2120 -2118
f -2096 -2118 -2098
f -2098 -2118 -2116
f -2098 -2116 -2109
f -2109 -2116 -2114
f -2109 -2114 -2110
f -2110 -2114 -2111
f -2110 -2111 -2108
f -2107 -2106 -2110
f -2110 -2106 -2105
f -2110 -2105 -2109
f -2109 -2105 -2099
f -2109 -2099 -2098
f -2098 -2099 -2097
f -2098 -2097 -2096
f -2096 -2097 -2095
f -2096 -2095 -2094
f -2094 -2095 -2084
f -2094 -2084 -2087
f -2087 -2084 -2100
f -2087 -2100 -2101
f -2115 -2113 -2114
f -2114 -2113 -2112
f -2114 -2112 -2111
f -2073 -2075 -2074
f -2074 -2075 -2025
f -2074 -2025 -2016
f -2016 -2025 -2017
f -2015 -2014 -2054
f -2054 -2014 -2058
f -2054 -2058 -2059
f -2059 -2058 -2060
f -2059 -2060 -2062
f -2062 -2060 -2061
f -2062 -2061 -2063
f -2048 -2047 -2057
f -2057 -2047 -2046
f -2057 -2046 -2045
f -2045 -2046 -2044
f -2045 -2044 -2043
f -2051 -2050 -2057
f -2057 -2050 -2049
f -2057 -2049 -2048
f -2054 -2053 -2057
f -2057 -2053 -2052
f -2057 -2052 -2051
f -2054 -2057 -2055
f -2055 -2057 -2056
f -2055 -2056 -2013
f -2080 -2079 -2082
f -2082 -2079 -2078
f -2082 -2078 -2077
f -2043 -2042 -2045
f -2045 -2042 -2041
f -2045 -2041 -2040
f -2038 -2037 -2045
f -2045 -2037 -2036
f -2045 -2036 -2035
f -2035 -2036 -2034
f -2035 -2034 -2033
f -2040 -2039 -2045
f -2045 -2039 -2038
f -2020 -2019 -2025
f -2025 -2019 -2018
f -2025 -2018 -2017
f -2023 -2022 -2025
f -2025 -2022 -2021
f -2025 -2021 -2020
f -2028 -2027 -2035
f -2035 -2027 -2026
f -2035 -2026 -2025
f -2025 -2026 -2024
f -2025 -2024 -2023
f -2031 -2030 -2035
f -2035 -2030 -2029
f -2035 -2029 -2028
f -2033 -2032 -2035
f -2035 -2032 -2031
f -1996 -2012 -1997
f -1997 -2012 -2011
f -1997 -2011 -2010
f -2010 -2009 -1997
f -1997 -2009 -2008
f -1997 -2008 -2007
f -2004 -1997 -2005
f -2005 -1997 -2007
f -2005 -2007 -2006
f -2003 -2002 -1997
f -1997 -2002 -2001
f -1997 -2001 -2000
f -1984 -1985 -1986
f -1986 -1985 -1995
f -1986 -1995 -1987
f -1987 -1995 -1988
f -1991 -1990 -1995
f -1995 -1990 -1989
f -1995 -1989 -1988
f -1994 -1993 -1995
f -1995 -1993 -1992
f -1995 -1992 -1991
f -2183 -2182 -2185
f -2185 -2182 -2181
f -2185 -2181 -2180
f -2206 -2207 -2188
f -2188 -2207 -2187
f -2209 -2198 -2208
f -2208 -2198 -2203
f -2208 -2203 -2204
f -2209 -2210 -2198
f -2198 -2210 -2211
f -2198 -2211 -2212
f -2200 -2202 -2199
f -2199 -2202 -2203
f -2199 -2203 -2198
f -2195 -2196 -2214
f -2214 -2196 -2197
f -2214 -2197 -2213
f -2213 -2197 -2212
f -2219 -2220 -2204
f -2204 -2220 -2221
f -2204 -2221 -2208
f -2232 -2222 -2231
f -2231 -2222 -2193
f -2231 -2193 -2230
f -2230 -2193 -2235
f -2230 -2235 -2236
f -2226 -2227 -2225
f -2225 -2227 -2228
f -2225 -2228 -2205
f -2205 -2228 -2229
f -2205 -2229 -2236
f -2236 -2229 -2230
f -2241 -2242 -2240
f -2240 -2242 -2205
f -2240 -2205 -2239
f -2239 -2205 -2237
f -2239 -2237 -2238
f -2242 -2243 -2205
f -2205 -2243 -2262
f -2166 -2164 -2165
f -2165 -2164 -2163
f -2165 -2163 -2147
f -2147 -2163 -2145
f -2147 -2145 -2146
f -2146 -2145 -2155
f -2146 -2155 -2157
f -2157 -2155 -2156
f -2157 -2156 -2158
f -2122 -2123 -2124
f -2124 -2123 -2125
f -2124 -2125 -2128
f -2128 -2125 -2127
f -2128 -2127 -2126
f -2126 -2127 -2139
f -2126 -2139 -2137
f -2137 -2139 -2138
f -2137 -2138 -2136
f -2083 -2086 -2119
f -2119 -2086 -2117
f -2119 -2117 -2118
f -2118 -2117 -2116
f -2146 -2148 -2147
f -2147 -2148 -2149
f -2147 -2149 -2165
f -2165 -2149 -2167
f -2165 -2167 -2166
f -2166 -2167 -2168
f -2172 -2174 -2173
f -2173 -2174 -2175
f -2173 -2175 -2169
f -2169 -2175 -2151
f -2169 -2151 -2168
f -2148 -2150 -2149
f -2149 -2150 -2171
f -2149 -2171 -2167
f -2167 -2171 -2169
f -2167 -2169 -2168
f -2155 -2145 -2161
f -2161 -2145 -2163
f -2161 -2163 -2162
f -2162 -2163 -2164
f -2162 -2164 -2142
f -2170 -2172 -2171
f -2171 -2172 -2173
f -2171 -2173 -2169
f -2174 -2176 -2175
f -2175 -2176 -2177
f -2175 -2177 -2152
f -2144 -2143 -2153
f -2153 -2143 -2154
f -2153 -2154 -2159
f -2159 -2154 -2155
f -2159 -2155 -2161
f -2141 -2144 -2160
f -2160 -2144 -2153
f -2160 -2153 -2159
f -2142 -2141 -2162
f -2162 -2141 -2160
f -2162 -2160 -2161
f -2161 -2160 -2159
f -1873 -1874 -1887
f -1887 -1874 -1875
f -1887 -1875 -1889
f -1889 -1875 -1876
f -1889 -1876 -1891
f -1891 -1876 -1893
f -1891 -1893 -1892
f -1883 -1873 -1885
f -1885 -1873 -1887
f -1885 -1887 -1886
f -1886 -1887 -1888
f -1879 -1880 -1878
f -1878 -1880 -1876
f -1878 -1876 -1877
f -1877 -1876 -1875
f -1877 -1875 -1874
f -1865 -1864 -1872
f -1872 -1864 -1863
f -1872 -1863 -1862
f -1868 -1867 -1872
f -1872 -1867 -1866
f -1872 -1866 -1865
f -1871 -1870 -1872
f -1872 -1870 -1869
f -1872 -1869 -1868
f -1910 -1911 -1909
f -1909 -1911 -1912
f -1909 -1912 -1913
f -1726 -1861 -1838
f -1838 -1861 -1860
f -1838 -1860 -1859
f -1913 -1901 -1909
f -1909 -1901 -1902
f -1909 -1902 -1908
f -1908 -1902 -1907
f -1919 -1917 -1914
f -1914 -1917 -1916
f -1914 -1916 -1915
f -1927 -1925 -1926
f -1926 -1925 -1924
f -1926 -1924 -1918
f -1918 -1924 -1922
f -1918 -1922 -1917
f -1917 -1922 -1916
f -1923 -1921 -1922
f -1922 -1921 -1920
f -1922 -1920 -1916
f -1903 -1904 -1902
f -1902 -1904 -1905
f -1902 -1905 -1906
f -1935 -1934 -1938
f -1938 -1934 -1933
f -1938 -1933 -1932
f -1937 -1936 -1938
f -1938 -1936 -1935
f -1932 -1931 -1938
f -1938 -1931 -1930
f -1938 -1930 -1929
f -1927 -1926 -1928
f -1928 -1926 -1918
f -1942 -1941 -1943
f -1943 -1941 -1940
f -1943 -1940 -1939
f -1967 -1968 -1963
f -1963 -1968 -1969
f -1963 -1969 -1970
f -1952 -1953 -1954
f -1954 -1953 -1955
f -1954 -1955 -1956
f -1956 -1955 -1957
f -1956 -1957 -1958
f -1958 -1957 -1959
f -1958 -1959 -1960
f -1960 -1959 -1961
f -1960 -1961 -1943
f -1943 -1961 -1942
f -1967 -1963 -1966
f -1966 -1963 -1964
f -1966 -1964 -1965
f -1975 -1974 -1978
f -1978 -1974 -1973
f -1978 -1973 -1972
f -1977 -1976 -1978
f -1978 -1976 -1975
f -1983 -1982 -1981
f -1981 -1982 -1980
f -1981 -1980 -1979
f -1979 -1980 -1978
f -1979 -1978 -1971
f -1971 -1978 -1972
f -1729 -1728 -1750
f -1750 -1728 -1727
f -1750 -1727 -1726
f -1732 -1731 -1750
f -1750 -1731 -1730
f -1750 -1730 -1729
f -1742 -1741 -1743
f -1743 -1741 -1740
f -1743 -1740 -1744
f -1744 -1740 -1739
f -1744 -1739 -1745
f -1745 -1739 -1738
f -1745 -1738 -1746
f -1746 -1738 -1737
f -1746 -1737 -1747
f -1747 -1737 -1736
f -1747 -1736 -1748
f -1748 -1736 -1735
f -1748 -1735 -1749
f -1749 -1735 -1734
f -1749 -1734 -1750
f -1750 -1734 -1733
f -1750 -1733 -1732
f -1856 -1855 -1838
f -1838 -1855 -1854
f -1838 -1854 -1839
f -1839 -1854 -1853
f -1839 -1853 -1840
f -1840 -1853 -1852
f -1840 -1852 -1841
f -1841 -1852 -1851
f -1841 -1851 -1842
f -1842 -1851 -1850
f -1842 -1850 -1843
f -1843 -1850 -1849
f -1843 -1849 -1844
f -1844 -1849 -1848
f -1844 -1848 -1845
f -1845 -1848 -1847
f -1845 -1847 -1846
f -1750 -1838 -1751
f -1751 -1838 -1837
f -1751 -1837 -1836
f -1859 -1858 -1838
f -1838 -1858 -1857
f -1838 -1857 -1856
f -1792 -1796 -1793
f -1793 -1796 -1795
f -1793 -1795 -1794
f -1612 -1611 -1573
f -1573 -1611 -1610
f -1573 -1610 -1574
f -1574 -1610 -1609
f -1574 -1609 -1575
f -1575 -1609 -1608
f -1575 -1608 -1607
f -1612 -1573 -1613
f -1613 -1573 -1572
f -1613 -1572 -1578
f -1578 -1572 -1571
f -1578 -1571 -1570
f -1567 -1566 -1578
f -1578 -1566 -1565
f -1578 -1565 -1564
f -1570 -1569 -1578
f -1578 -1569 -1568
f -1578 -1568 -1567
f -1598 -1597 -1544
f -1544 -1597 -1596
f -1544 -1596 -1545
f -1545 -1596 -1548
f -1545 -1548 -1547
f -1575 -1607 -1576
f -1576 -1607 -1606
f -1576 -1606 -1577
f -1577 -1606 -1605
f -1577 -1605 -1538
f -1538 -1605 -1604
f -1538 -1604 -1539
f -1539 -1604 -1603
f -1539 -1603 -1540
f -1540 -1603 -1602
f -1540 -1602 -1541
f -1541 -1602 -1601
f -1541 -1601 -1542
f -1542 -1601 -1600
f -1542 -1600 -1599
f -1598 -1544 -1599
f -1599 -1544 -1543
f -1599 -1543 -1542
f -2714 -2713 -2715
f -2715 -2713 -2672
f -2715 -2672 -2673
f -2673 -2672 -2674
f -2673 -2674 -2676
f -2676 -2674 -2675
f -2676 -2675 -2677
f -2714 -2712 -2713
f -2713 -2712 -2711
f -2713 -2711 -2660
f -2654 -2652 -2653
f -2653 -2652 -2651
f -2653 -2651 -2648
f -2654 -2653 -2655
f -2655 -2653 -2648
f -2655 -2648 -2645
f -2588 -2589 -2644
f -2644 -2589 -2627
f -2644 -2627 -2643
f -2643 -2627 -2628
f -2643 -2628 -2642
f -2642 -2628 -2641
f -2713 -2671 -2672
f -2672 -2671 -2680
f -2672 -2680 -2674
f -2674 -2680 -2678
f -2674 -2678 -2675
f -2599 -2616 -2598
f -2598 -2616 -2617
f -2598 -2617 -2597
f -2597 -2617 -2618
f -2597 -2618 -2596
f -2596 -2618 -2619
f -2596 -2619 -2595
f -2595 -2619 -2620
f -2595 -2620 -2594
f -2594 -2620 -2621
f -2594 -2621 -2622
f -2599 -2600 -2616
f -2616 -2600 -2601
f -2616 -2601 -2602
f -2602 -2603 -2616
f -2616 -2603 -2615
f -2622 -2623 -2594
f -2594 -2623 -2593
f -2573 -2575 -2574
f -2574 -2575 -2576
f -2574 -2576 -2565
f -2573 -2574 -2572
f -2572 -2574 -2564
f -2572 -2564 -2563
f -2563 -2564 -2569
f -2563 -2569 -2567
f -2567 -2569 -2568
f -2567 -2568 -2566
f -2574 -2565 -2564
f -2564 -2565 -2571
f -2564 -2571 -2569
f -2569 -2571 -2570
f -2569 -2570 -2568
f -2555 -2554 -2556
f -2556 -2554 -2549
f -2556 -2549 -2550
f -2550 -2549 -2559
f -2550 -2559 -2561
f -2561 -2559 -2560
f -2561 -2560 -2562
f -2553 -2552 -2554
f -2554 -2552 -2548
f -2554 -2548 -2549
f -2549 -2548 -2557
f -2549 -2557 -2559
f -2559 -2557 -2558
f -2559 -2558 -2560
f -2532 -2531 -2546
f -2546 -2531 -2543
f -2546 -2543 -2544
f -2544 -2543 -2542
f -2535 -2536 -2540
f -2540 -2536 -2547
f -2540 -2547 -2545
f -2545 -2547 -2546
f -2545 -2546 -2544
f -2536 -2534 -2547
f -2547 -2534 -2533
f -2547 -2533 -2546
f -2546 -2533 -2532
f -2541 -2540 -2539
f -2539 -2540 -2538
f -2539 -2538 -2537
f -2526 -2525 -2527
f -2527 -2525 -2517
f -2527 -2517 -2518
f -2518 -2517 -2524
f -2518 -2528 -2527
f -2527 -2528 -2529
f -2527 -2529 -2526
f -2525 -2516 -2517
f -2517 -2516 -2523
f -2517 -2523 -2524
f -2524 -2523 -2522
f -2522 -2523 -2521
f -2521 -2523 -2520
f -2521 -2520 -2519
f -2507 -2508 -2509
f -2509 -2508 -2510
f -2509 -2510 -2515
f -2515 -2510 -2514
f -2515 -2514 -2513
f -2513 -2514 -2512
f -2513 -2512 -2511
f -2493 -2503 -2502
f -2502 -2503 -2504
f -2502 -2504 -2501
f -2501 -2500 -2502
f -2502 -2500 -2492
f -2502 -2492 -2493
f -2493 -2492 -2499
f -2856 -2855 -2859
f -2859 -2855 -2854
f -2859 -2854 -2853
f -2860 -2858 -2859
f -2859 -2858 -2857
f -2859 -2857 -2856
f -2841 -2847 -2842
f -2842 -2847 -2849
f -2842 -2849 -2851
f -2851 -2849 -2850
f -2851 -2850 -2852
f -2852 -2850 -2845
f -2852 -2845 -2846
f -2830 -2832 -2833
f -2833 -2832 -2831
f -2833 -2831 -2834
f -2834 -2831 -2838
f -2834 -2838 -2836
f -2836 -2838 -2837
f -2836 -2837 -2835
f -2825 -2827 -2826
f -2826 -2827 -2828
f -2826 -2828 -2783
f -2783 -2828 -2782
f -2783 -2782 -2781
f -2823 -2825 -2824
f -2824 -2825 -2826
f -2824 -2826 -2783
f -2783 -2749 -2824
f -2824 -2749 -2822
f -2824 -2822 -2823
f -2823 -2822 -2821
f -2749 -2817 -2822
f -2822 -2817 -2818
f -2822 -2818 -2819
f -2821 -2822 -2820
f -2820 -2822 -2819
f -2848 -2843 -2850
f -2850 -2843 -2844
f -2850 -2844 -2845
f -2831 -2840 -2838
f -2838 -2840 -2839
f -2838 -2839 -2837
f -565 -666 -566
f -566 -666 -665
f -566 -665 -555
f -555 -665 -664
f -555 -664 -663
f -621 -620 -564
f -564 -620 -667
f -564 -667 -666
f -3928 -3929 -3930
f -3930 -3929 -3931
f -3930 -3931 -3936
f -3936 -3931 -3935
f -3936 -3935 -3934
f -3934 -3935 -3933
f -3934 -3933 -3932
f -558 -557 -504
f -504 -557 -556
f -504 -556 -505
f -505 -556 -663
f -505 -663 -702
f -497 -496 -631
f -631 -496 -673
f -631 -673 -672
f -546 -545 -491
f -491 -545 -544
f -491 -544 -655
f -655 -544 -543
f -655 -543 -656
f -656 -543 -678
f -656 -678 -657
f -657 -678 -658
f -631 -672 -632
f -632 -672 -671
f -632 -671 -633
f -633 -671 -634
f -645 -644 -675
f -675 -644 -643
f -675 -643 -676
f -676 -643 -642
f -676 -642 -641
f -648 -647 -674
f -674 -647 -646
f -674 -646 -675
f -675 -646 -645
f -3905 -3906 -3904
f -3904 -3906 -3907
f -3904 -3907 -3903
f -3903 -3907 -3908
f -3903 -3908 -3909
f -588 -512 -589
f -589 -512 -693
f -589 -693 -590
f -590 -693 -692
f -590 -692 -691
f -595 -594 -693
f -693 -594 -593
f -693 -593 -694
f -694 -593 -592
f -694 -592 -591
f -3903 -3909 -3898
f -3898 -3909 -3910
f -3898 -3910 -3911
f -526 -525 -700
f -700 -525 -505
f -700 -505 -701
f -701 -505 -702
f -674 -673 -648
f -648 -673 -496
f -648 -496 -649
f -649 -496 -650
f -655 -654 -491
f -491 -654 -653
f -491 -653 -492
f -492 -653 -652
f -492 -652 -493
f -493 -652 -651
f -493 -651 -662
f -3966 -3967 -3961
f -3961 -3967 -3956
f -3961 -3956 -3957
f -3898 -3911 -3897
f -3897 -3911 -3912
f -3897 -3912 -3896
f -3896 -3912 -3913
f -3896 -3913 -3895
f -3895 -3913 -3914
f -3895 -3914 -3894
f -3894 -3914 -3915
f -3894 -3915 -3893
f -3893 -3915 -3916
f -3893 -3916 -3892
f -3892 -3916 -3889
f -3892 -3889 -3890
f -658 -678 -659
f -659 -678 -677
f -659 -677 -660
f -660 -677 -676
f -660 -676 -661
f -661 -676 -641
f -661 -641 -640
f -512 -511 -693
f -693 -511 -595
f -3963 -3964 -3962
f -3962 -3964 -3965
f -3962 -3965 -3961
f -3961 -3965 -3966
f -530 -698 -519
f -519 -698 -603
f -519 -603 -614
f -3967 -3968 -3956
f -3956 -3968 -3969
f -3956 -3969 -3955
f -3955 -3969 -3970
f -3955 -3970 -3954
f -3954 -3970 -3971
f -3954 -3971 -3953
f -3953 -3971 -3972
f -3953 -3972 -3952
f -3952 -3972 -3973
f -3952 -3973 -3951
f -3951 -3973 -3974
f -3951 -3974 -3950
f -3950 -3974 -3947
f -3950 -3947 -3948
f -530 -529 -698
f -698 -529 -528
f -698 -528 -699
f -699 -528 -527
f -699 -527 -700
f -700 -527 -526
f -3938 -3939 -3940
f -3940 -3939 -3941
f -3940 -3941 -3946
f -3946 -3941 -3945
f -3946 -3945 -3944
f -3944 -3945 -3943
f -3944 -3943 -3942
f -662 -661 -495
f -495 -661 -640
f -495 -640 -639
f -551 -680 -552
f -552 -680 -679
f -552 -679 -678
f -682 -681 -548
f -548 -681 -680
f -548 -680 -549
f -549 -680 -550
f -686 -685 -489
f -489 -685 -684
f -489 -684 -683
f -696 -601 -697
f -697 -601 -605
f -697 -605 -604
f -604 -603 -697
f -697 -603 -698
f -583 -689 -515
f -515 -689 -577
f -515 -577 -576
f -531 -542 -686
f -686 -542 -541
f -686 -541 -687
f -687 -541 -540
f -687 -540 -578
f -578 -540 -567
f -694 -591 -695
f -695 -591 -602
f -695 -602 -601
f -667 -620 -668
f -668 -620 -619
f -668 -619 -669
f -669 -619 -618
f -669 -618 -500
f -500 -618 -617
f -500 -617 -616
f -3978 -3983 -3982
f -3982 -3983 -3984
f -3982 -3984 -3981
f -3981 -3984 -3977
f -614 -613 -519
f -519 -613 -612
f -519 -612 -507
f -507 -612 -611
f -507 -611 -610
f -3981 -3980 -3982
f -3982 -3980 -3979
f -3982 -3979 -3996
f -623 -561 -624
f -624 -561 -560
f -624 -560 -625
f -625 -560 -502
f -625 -502 -626
f -626 -502 -501
f -626 -501 -615
f -615 -501 -500
f -615 -500 -616
f -631 -630 -497
f -497 -630 -629
f -497 -629 -628
f -3977 -3984 -3985
f -3985 -3984 -3990
f -3985 -3990 -3986
f -3986 -3990 -3987
f -3975 -3976 -3989
f -3989 -3976 -3988
f -3989 -3988 -3990
f -3990 -3988 -3987
f -3995 -3993 -3994
f -3994 -3993 -3992
f -3994 -3992 -3978
f -3978 -3982 -3994
f -3994 -3982 -3996
f -3994 -3996 -3995
f -586 -513 -587
f -587 -513 -512
f -587 -512 -588
f -4021 -4022 -4010
f -4010 -4022 -4023
f -4010 -4023 -4009
f -4009 -4023 -4024
f -4009 -4024 -4008
f -4008 -4024 -4025
f -4008 -4025 -4007
f -4007 -4025 -4026
f -4007 -4026 -4006
f -4006 -4026 -4027
f -4006 -4027 -4005
f -4005 -4027 -4028
f -4005 -4028 -4004
f -4004 -4028 -4001
f -4004 -4001 -4002
f -4017 -4018 -4016
f -4016 -4018 -4019
f -4016 -4019 -4015
f -4015 -4019 -4020
f -4015 -4020 -4021
f -4021 -4010 -4015
f -4015 -4010 -4011
f -4015 -4011 -4014
f -4014 -4011 -4013
f -599 -598 -510
f -510 -598 -597
f -510 -597 -511
f -511 -597 -596
f -511 -596 -595
f -507 -610 -508
f -508 -610 -609
f -508 -609 -608
f -608 -607 -508
f -508 -607 -509
f -683 -548 -489
f -489 -548 -547
f -489 -547 -490
f -490 -547 -546
f -490 -546 -491
f -536 -535 -571
f -571 -535 -517
f -571 -517 -572
f -572 -517 -516
f -572 -516 -573
f -573 -516 -574
f -533 -489 -534
f -534 -489 -518
f -534 -518 -517
f -533 -532 -489
f -489 -532 -531
f -489 -531 -686
f -507 -506 -519
f -519 -506 -520
f -524 -523 -505
f -505 -523 -522
f -505 -522 -506
f -506 -522 -521
f -506 -521 -520
f -3873 -3874 -3875
f -3875 -3874 -3876
f -3875 -3876 -3877
f -3877 -3876 -3878
f -3877 -3878 -3888
f -3888 -3878 -3887
f -3888 -3887 -3886
f -3886 -3887 -3885
f -3886 -3885 -3884
f -3884 -3885 -3883
f -3884 -3883 -3882
f -3882 -3883 -3881
f -3882 -3881 -3880
f -3880 -3881 -3879
f -455 -458 -459
f -459 -458 -462
f -459 -462 -484
f -484 -462 -486
f -484 -486 -485
f -485 -486 -487
f -485 -487 -444
f -3898 -3899 -3903
f -3903 -3899 -3902
f -461 -460 -486
f -486 -460 -445
f -486 -445 -488
f -662 -495 -493
f -493 -495 -494
f -475 -474 -478
f -478 -474 -473
f -478 -473 -452
f -452 -473 -451
f -452 -451 -464
f -464 -451 -449
f -464 -449 -463
f -481 -483 -482
f -482 -483 -454
f -482 -454 -458
f -458 -454 -453
f -458 -453 -462
f -462 -453 -457
f -462 -457 -461
f -448 -450 -452
f -452 -450 -477
f -452 -477 -478
f -478 -477 -479
f -478 -479 -480
f -480 -479 -481
f -480 -481 -482
f -458 -456 -482
f -482 -456 -476
f -482 -476 -480
f -480 -476 -475
f -480 -475 -478
f -464 -463 -472
f -472 -463 -471
f -472 -471 -470
f -470 -471 -447
f -467 -466 -472
f -472 -466 -465
f -472 -465 -464
f -464 -465 -448
f -464 -448 -452
f -470 -469 -472
f -472 -469 -468
f -472 -468 -467
f -3857 -3858 -3859
f -3859 -3858 -3860
f -3859 -3860 -3861
f -3861 -3860 -3862
f -3861 -3862 -3872
f -3872 -3862 -3871
f -3872 -3871 -3870
f -3870 -3871 -3869
f -3870 -3869 -3868
f -3868 -3869 -3867
f -3868 -3867 -3866
f -3866 -3867 -3865
f -3866 -3865 -3864
f -3864 -3865 -3863
f -714 -717 -718
f -718 -717 -721
f -718 -721 -743
f -743 -721 -745
f -743 -745 -744
f -744 -745 -746
f -744 -746 -703
f -707 -709 -711
f -711 -709 -736
f -711 -736 -737
f -737 -736 -738
f -737 -738 -739
f -739 -738 -740
f -739 -740 -741
f -741 -740 -742
f -741 -742 -713
f -717 -715 -741
f -741 -715 -735
f -741 -735 -739
f -739 -735 -734
f -739 -734 -737
f -737 -734 -733
f -737 -733 -732
f -720 -719 -745
f -745 -719 -704
f -745 -704 -747
f -722 -731 -723
f -723 -731 -724
f -723 -724 -707
f -727 -726 -731
f -731 -726 -725
f -731 -725 -724
f -728 -731 -729
f -729 -731 -730
f -729 -730 -706
f -712 -716 -721
f -721 -716 -720
f -721 -720 -745
f -707 -711 -723
f -723 -711 -710
f -723 -710 -708
f -741 -713 -717
f -717 -713 -712
f -717 -712 -721
f -810 -812 -809
f -809 -812 -813
f -809 -813 -808
f -808 -813 -814
f -808 -814 -819
f -819 -814 -815
f -819 -815 -818
f -818 -815 -816
f -818 -816 -817
f -786 -788 -785
f -785 -788 -789
f -785 -789 -784
f -784 -789 -790
f -784 -790 -795
f -795 -790 -791
f -795 -791 -794
f -794 -791 -792
f -794 -792 -793
f -4327 -4338 -4326
f -4326 -4338 -4340
f -4326 -4340 -4342
f -4342 -4340 -4341
f -4342 -4341 -4343
f -4343 -4341 -4318
f -4315 -4317 -4319
f -4319 -4317 -4318
f -4319 -4318 -4320
f -4320 -4318 -4341
f -4320 -4341 -4322
f -4322 -4341 -4339
f -4322 -4339 -4321
f -4321 -4339 -4337
f -4323 -4325 -4324
f -4324 -4325 -4315
f -4324 -4315 -4319
f -4336 -4335 -4334
f -4334 -4335 -4333
f -4334 -4333 -4332
f -4319 -4320 -4324
f -4324 -4320 -4322
f -4324 -4322 -4323
f -4323 -4322 -4321
f -4290 -4289 -4291
f -4291 -4289 -4298
f -4291 -4298 -4300
f -4300 -4298 -4299
f -4300 -4299 -4305
f -4305 -4299 -4304
f -4305 -4304 -4303
f -4303 -4304 -4302
f -4303 -4302 -4301
f -4286 -4302 -4287
f -4287 -4302 -4288
f -4302 -4304 -4288
f -4288 -4304 -4299
f -4288 -4299 -4297
f -4297 -4299 -4298
f -4295 -4294 -4296
f -4296 -4294 -4285
f -4296 -4285 -4284
f -4290 -4291 -4293
f -4293 -4291 -4292
f -4293 -4292 -4294
f -4397 -4396 -4398
f -4398 -4396 -4358
f -4398 -4358 -4394
f -4390 -4389 -4395
f -4395 -4389 -4388
f -4395 -4388 -4387
f -4387 -4388 -4386
f -4387 -4386 -4385
f -4393 -4392 -4395
f -4395 -4392 -4391
f -4395 -4391 -4390
f -4398 -4394 -4395
f -4395 -4394 -4393
f -4397 -4398 -4399
f -4399 -4398 -4400
f -4399 -4400 -4401
f -4401 -4400 -4403
f -4401 -4403 -4402
f -4402 -4403 -4404
f -4407 -4405 -4406
f -4406 -4405 -4404
f -4406 -4404 -4403
f -4412 -4410 -4411
f -4411 -4410 -4409
f -4411 -4409 -4408
f -4408 -4409 -4407
f -4408 -4407 -4406
f -4366 -4365 -4371
f -4371 -4365 -4364
f -4371 -4364 -4363
f -4363 -4364 -4362
f -4363 -4362 -4361
f -4369 -4368 -4371
f -4371 -4368 -4367
f -4371 -4367 -4366
f -4374 -4373 -4380
f -4380 -4373 -4372
f -4380 -4372 -4371
f -4371 -4372 -4370
f -4371 -4370 -4369
f -4361 -4360 -4363
f -4363 -4360 -4359
f -4363 -4359 -4423
f -4383 -4382 -4387
f -4387 -4382 -4381
f -4387 -4381 -4380
f -4380 -4381 -4379
f -4380 -4379 -4378
f -4377 -4376 -4380
f -4380 -4376 -4375
f -4380 -4375 -4374
f -4385 -4384 -4387
f -4387 -4384 -4383
f -4434 -4446 -4443
f -4443 -4446 -4435
f -4443 -4435 -4428
f -4447 -4445 -4446
f -4446 -4445 -4444
f -4446 -4444 -4436
f -4447 -4446 -4448
f -4448 -4446 -4429
f -4448 -4429 -4426
f -4438 -4437 -4439
f -4439 -4437 -4433
f -4439 -4433 -4432
f -4432 -4433 -4431
f -4432 -4431 -4430
f -4428 -4442 -4443
f -4443 -4442 -4441
f -4443 -4441 -4434
f -4419 -4418 -4425
f -4425 -4418 -4424
f -4425 -4424 -4423
f -4423 -4424 -4422
f -4423 -4422 -4421
f -4425 -4420 -4419
f -4419 -4420 -4417
f -4481 -4480 -4484
f -4484 -4480 -4479
f -4484 -4479 -4474
f -4474 -4479 -4473
f -4474 -4473 -4477
f -4465 -4466 -4472
f -4472 -4466 -4471
f -4472 -4471 -4483
f -4483 -4471 -4470
f -4483 -4470 -4469
f -4477 -4478 -4474
f -4474 -4478 -4593
f -4474 -4593 -4592
f -4469 -4468 -4483
f -4483 -4468 -4467
f -4483 -4467 -4482
f -4457 -4458 -4456
f -4456 -4458 -4453
f -4456 -4453 -4450
f -4450 -4453 -4452
f -4450 -4452 -4451
f -4455 -4452 -4454
f -4454 -4452 -4453
f -4454 -4453 -4458
f -4455 -4454 -4460
f -4460 -4454 -4458
f -4460 -4458 -4459
f -4459 -4458 -4457
f -4459 -4461 -4460
f -4460 -4461 -4462
f -4460 -4462 -4455
f -4483 -4482 -4484
f -4484 -4482 -4481
f -4130 -4132 -4131
f -4131 -4132 -4133
f -4131 -4133 -4122
f -4150 -4151 -4149
f -4149 -4151 -4146
f -4149 -4146 -4147
f -4153 -4154 -4152
f -4152 -4154 -4145
f -4152 -4145 -4146
f -4112 -4114 -4111
f -4111 -4114 -4115
f -4111 -4115 -4110
f -4110 -4115 -4116
f -4110 -4116 -4109
f -4109 -4116 -4117
f -4109 -4117 -4108
f -4108 -4117 -4118
f -4108 -4118 -4107
f -4107 -4118 -4119
f -4107 -4119 -4106
f -4106 -4119 -4094
f -4106 -4094 -4105
f -4105 -4094 -4095
f -4105 -4095 -4104
f -4104 -4095 -4096
f -4104 -4096 -4103
f -4103 -4096 -4097
f -4103 -4097 -4102
f -4102 -4097 -4098
f -4102 -4098 -4101
f -4101 -4098 -4099
f -4101 -4099 -4100
f -4127 -4125 -4126
f -4126 -4125 -4124
f -4126 -4124 -4120
f -4127 -4126 -4128
f -4128 -4126 -4121
f -4128 -4121 -4122
f -4122 -4121 -4131
f -4130 -4131 -4129
f -4129 -4131 -4121
f -4129 -4121 -4120
f -4120 -4121 -4126
f -4086 -4085 -4087
f -4087 -4085 -4080
f -4087 -4080 -4081
f -4081 -4080 -4090
f -4081 -4090 -4092
f -4092 -4090 -4091
f -4092 -4091 -4093
f -4086 -4084 -4085
f -4085 -4084 -4083
f -4085 -4083 -4079
f -4085 -4079 -4080
f -4080 -4079 -4088
f -4080 -4088 -4090
f -4090 -4088 -4089
f -4090 -4089 -4091
f -4071 -4073 -4070
f -4070 -4073 -4074
f -4070 -4074 -4069
f -4069 -4074 -4075
f -4069 -4075 -4068
f -4068 -4075 -4076
f -4068 -4076 -4067
f -4067 -4076 -4077
f -4067 -4077 -4066
f -4066 -4077 -4078
f -4066 -4078 -4065
f -4065 -4078 -4053
f -4065 -4053 -4064
f -4064 -4053 -4054
f -4064 -4054 -4063
f -4063 -4054 -4055
f -4063 -4055 -4062
f -4062 -4055 -4056
f -4062 -4056 -4061
f -4061 -4056 -4057
f -4061 -4057 -4060
f -4060 -4057 -4058
f -4060 -4058 -4059
f -4044 -4045 -4046
f -4046 -4045 -4047
f -4046 -4047 -4052
f -4052 -4047 -4051
f -4052 -4051 -4050
f -4050 -4051 -4049
f -4050 -4049 -4048
f -4034 -4035 -4036
f -4036 -4035 -4037
f -4036 -4037 -4042
f -4042 -4037 -4041
f -4042 -4041 -4040
f -4040 -4041 -4039
f -4040 -4039 -4038
f -4229 -4230 -4227
f -4227 -4230 -4231
f -4227 -4231 -4226
f -4226 -4231 -4219
f -4226 -4219 -4225
f -4225 -4219 -4220
f -4225 -4220 -4224
f -4224 -4220 -4221
f -4224 -4221 -4223
f -4223 -4221 -4222
f -4257 -4256 -4258
f -4258 -4256 -4254
f -4258 -4254 -4255
f -4255 -4254 -4253
f -4233 -4248 -4261
f -4261 -4248 -4249
f -4261 -4249 -4259
f -4259 -4249 -4250
f -4259 -4250 -4257
f -4258 -4255 -4260
f -4260 -4255 -4262
f -4260 -4262 -4261
f -4261 -4262 -4263
f -4261 -4263 -4233
f -4180 -4181 -4182
f -4182 -4181 -4183
f -4182 -4183 -4188
f -4188 -4183 -4187
f -4188 -4187 -4186
f -4186 -4187 -4185
f -4186 -4185 -4184
f -4169 -4177 -4170
f -4170 -4177 -4178
f -4170 -4178 -4168
f -4166 -4165 -4164
f -4164 -4165 -4163
f -4164 -4163 -4162
f -4204 -4191 -4202
f -4202 -4191 -4215
f -4202 -4215 -4200
f -4200 -4215 -4217
f -4200 -4217 -4199
f -4199 -4217 -4198
f -4214 -4213 -4216
f -4216 -4213 -4212
f -4216 -4212 -4218
f -4218 -4212 -4196
f -4218 -4196 -4197
f -4197 -4196 -4195
f -4197 -4195 -4194
f -4194 -4195 -4193
f -4194 -4193 -4192
f -4197 -4198 -4218
f -4218 -4198 -4217
f -4218 -4217 -4216
f -4216 -4217 -4215
f -4216 -4215 -4214
f -4195 -4196 -4210
f -4210 -4196 -4212
f -4210 -4212 -4211
f -4211 -4212 -4213
f -4193 -4195 -4208
f -4208 -4195 -4210
f -4208 -4210 -4209
f -4209 -4210 -4211
f -4209 -4211 -4189
f -4190 -4207 -4205
f -4205 -4207 -4206
f -4205 -4206 -4204
f -4736 -4737 -4748
f -4748 -4737 -4739
f -4748 -4739 -4738
f -4738 -4739 -4745
f -4738 -4745 -4746
f -4746 -4745 -4744
f -4742 -4744 -4743
f -4743 -4744 -4745
f -4743 -4745 -4739
f -4740 -4742 -4741
f -4741 -4742 -4743
f -4741 -4743 -4739
f -4777 -4778 -4776
f -4776 -4778 -4772
f -4776 -4772 -4774
f -4774 -4772 -4759
f -4774 -4759 -4763
f -4763 -4759 -4765
f -4763 -4765 -4764
f -4764 -4765 -4766
f -4764 -4766 -4758
f -4767 -4766 -4770
f -4770 -4766 -4765
f -4770 -4765 -4759
f -4768 -4770 -4769
f -4769 -4770 -4771
f -4769 -4771 -4762
f -4762 -4771 -4778
f -4762 -4778 -4761
f -4761 -4778 -4779
f -4761 -4779 -4760
f -4734 -4735 -4757
f -4757 -4735 -4756
f -4757 -4756 -4755
f -4755 -4756 -4754
f -4755 -4754 -4753
f -4753 -4754 -4752
f -4753 -4752 -4751
f -4751 -4752 -4750
f -4751 -4750 -4749
f -4749 -4750 -4748
f -4749 -4748 -4747
f -4747 -4748 -4738
f -4778 -4771 -4772
f -4772 -4771 -4770
f -4772 -4770 -4759
f -4794 -4793 -4918
f -4918 -4793 -4792
f -4918 -4792 -4785
f -4785 -4792 -4784
f -4785 -4784 -4790
f -4789 -4788 -4791
f -4791 -4788 -4787
f -4791 -4787 -4923
f -4923 -4787 -4922
f -4923 -4922 -4921
f -4921 -4922 -4920
f -4921 -4920 -4919
f -4692 -4694 -4693
f -4693 -4694 -4691
f -4693 -4691 -4688
f -4688 -4691 -4687
f -4697 -4686 -4699
f -4699 -4686 -4689
f -4699 -4689 -4701
f -4701 -4689 -4690
f -4686 -4687 -4689
f -4689 -4687 -4691
f -4689 -4691 -4690
f -4690 -4691 -4694
f -4676 -4677 -4675
f -4675 -4677 -4548
f -4675 -4548 -4550
f -4550 -4548 -4549
f -4550 -4549 -4551
f -4725 -4724 -4727
f -4727 -4724 -4723
f -4727 -4723 -4712
f -4712 -4723 -4721
f -4712 -4721 -4713
f -4713 -4721 -4714
f -4713 -4714 -4711
f -4728 -4727 -4729
f -4729 -4727 -4712
f -4729 -4712 -4718
f -4718 -4712 -4711
f -4718 -4711 -4716
f -4717 -4733 -4718
f -4718 -4733 -4731
f -4718 -4731 -4729
f -4729 -4731 -4730
f -4729 -4730 -4728
f -4548 -4677 -4545
f -4545 -4677 -4679
f -4545 -4679 -4543
f -4722 -4720 -4721
f -4721 -4720 -4719
f -4721 -4719 -4714
f -4989 -4786 -4988
f -4988 -4786 -4833
f -4988 -4833 -4889
f -4781 -4780 -4985
f -4985 -4780 -4987
f -4985 -4987 -4986
f -4986 -4987 -4988
f -4986 -4988 -4891
f -4891 -4988 -4889
f -4891 -4889 -4890
f -5007 -5008 -5001
f -5001 -5008 -5009
f -5001 -5009 -5010
f -5010 -5011 -5001
f -5001 -5011 -5012
f -5001 -5012 -5013
f -5002 -5003 -5001
f -5001 -5003 -5004
f -5001 -5004 -5005
f -5005 -5006 -5001
f -5001 -5006 -5007
f -5013 -4999 -5001
f -5001 -4999 -5000
f -5038 -5040 -5039
f -5039 -5040 -5049
f -5039 -5049 -5037
f -5037 -5049 -5050
f -5037 -5050 -5036
f -5036 -5050 -5027
f -5036 -5027 -5025
f -5027 -5050 -5017
f -5017 -5050 -5022
f -5047 -5046 -5048
f -5048 -5046 -5021
f -5048 -5021 -5024
f -5040 -5047 -5049
f -5049 -5047 -5048
f -5049 -5048 -5050
f -5050 -5048 -5022
f -5054 -5053 -5056
f -5056 -5053 -5052
f -5056 -5052 -5051
f -252 -250 -251
f -251 -250 -249
f -251 -249 -166
f -166 -249 -165
f -166 -165 -164
f -255 -253 -254
f -254 -253 -252
f -254 -252 -251
f -246 -248 -247
f -247 -248 -159
f -247 -159 -154
f -154 -159 -155
f -225 -224 -235
f -235 -224 -223
f -235 -223 -222
f -222 -223 -221
f -222 -221 -220
f -228 -227 -235
f -235 -227 -226
f -235 -226 -225
f -17 -16 -231
f -231 -16 -230
f -231 -230 -235
f -235 -230 -229
f -235 -229 -228
f -234 -233 -235
f -235 -233 -232
f -235 -232 -231
f -116 -115 -239
f -239 -115 -238
f -239 -238 -240
f -240 -238 -237
f -240 -237 -236
f -236 -237 -114
f -236 -114 -113
f -245 -244 -246
f -246 -244 -241
f -246 -241 -242
f -242 -241 -243
f -242 -243 -152
f -217 -216 -222
f -222 -216 -215
f -222 -215 -214
f -214 -215 -213
f -214 -213 -212
f -220 -219 -222
f -222 -219 -218
f -222 -218 -217
f -211 -210 -214
f -214 -210 -209
f -214 -209 -208
f -206 -205 -214
f -214 -205 -204
f -214 -204 -203
f -203 -204 -202
f -203 -202 -201
f -208 -207 -214
f -214 -207 -206
f -195 -194 -203
f -203 -194 -193
f -203 -193 -192
f -192 -193 -191
f -192 -191 -190
f -198 -197 -203
f -203 -197 -196
f -203 -196 -195
f -201 -200 -203
f -203 -200 -199
f -203 -199 -198
f -299 -286 -283
f -283 -286 -285
f -283 -285 -284
f -5108 -5110 -5109
f -5109 -5110 -5107
f -277 -305 -278
f -278 -305 -304
f -278 -304 -279
f -279 -304 -303
f -279 -303 -280
f -280 -303 -302
f -280 -302 -281
f -281 -302 -301
f -281 -301 -300
f -5115 -5117 -5116
f -5116 -5117 -5114
f -5116 -5114 -5113
f -5113 -5114 -5112
f -5113 -5112 -5111
f -297 -296 -287
f -287 -296 -295
f -287 -295 -288
f -288 -295 -294
f -288 -294 -289
f -289 -294 -293
f -289 -293 -290
f -290 -293 -292
f -290 -292 -291
f -15 -265 -266
f -266 -265 -267
f -266 -267 -268
f -268 -267 -269
f -268 -269 -270
f -270 -269 -272
f -270 -272 -271
f -271 -272 -273
f -12 -121 -239
f -239 -121 -129
f -239 -129 -122
f -122 -129 -123
f -263 -262 -264
f -264 -262 -259
f -264 -259 -258
f -258 -259 -257
f -258 -257 -256
f -256 -257 -255
f -256 -255 -254
f -109 -108 -236
f -236 -108 -107
f -236 -107 -106
f -112 -111 -236
f -236 -111 -110
f -236 -110 -109
f -119 -118 -239
f -239 -118 -117
f -239 -117 -116
f -20 -19 -231
f -231 -19 -18
f -231 -18 -17
f -23 -22 -231
f -231 -22 -21
f -231 -21 -20
f -354 -353 -346
f -346 -353 -352
f -346 -352 -347
f -347 -352 -351
f -347 -351 -348
f -348 -351 -349
f -5263 -5261 -5262
f -5262 -5261 -5260
f -5262 -5260 -5259
f -5259 -5260 -5258
f -5259 -5258 -5257
f -357 -356 -346
f -346 -356 -355
f -346 -355 -354
f -5255 -5254 -5259
f -5259 -5254 -5253
f -5259 -5253 -5252
f -341 -339 -342
f -342 -339 -344
f -342 -344 -343
f -5257 -5256 -5259
f -5259 -5256 -5255
f -344 -339 -345
f -345 -339 -338
f -345 -338 -337
f -5265 -5266 -5270
f -5270 -5266 -5269
f -5270 -5269 -5272
f -5272 -5269 -5268
f -5272 -5268 -5267
f -5276 -5274 -5275
f -5275 -5274 -5273
f -5275 -5273 -5272
f -5272 -5273 -5271
f -5272 -5271 -5270
f -370 -382 -371
f -371 -382 -381
f -371 -381 -372
f -372 -381 -380
f -372 -380 -373
f -373 -380 -379
f -373 -379 -374
f -374 -379 -378
f -374 -378 -375
f -375 -378 -377
f -375 -377 -376
f -383 -369 -385
f -385 -369 -368
f -385 -368 -386
f -386 -368 -367
f -386 -367 -366
f -5298 -5297 -5296
f -5296 -5297 -5295
f -5296 -5295 -5294
f -5294 -5295 -5306
f -5294 -5306 -5304
f -5304 -5306 -5305
f -5304 -5305 -5300
f -5302 -5304 -5301
f -5301 -5304 -5300
f -5301 -5300 -5299
f -360 -359 -346
f -346 -359 -358
f -346 -358 -357
f -5366 -5367 -5311
f -5311 -5367 -5309
f -5311 -5309 -5310
f -360 -346 -361
f -361 -346 -345
f -361 -345 -337
f -397 -396 -398
f -398 -396 -413
f -398 -413 -412
f -5172 -5173 -5206
f -5206 -5173 -5201
f -5206 -5201 -5202
f -5208 -5169 -5207
f -5207 -5169 -5170
f -5207 -5170 -5206
f -5206 -5170 -5171
f -5206 -5171 -5172
f -5180 -5181 -5195
f -5195 -5181 -5182
f -5195 -5182 -5194
f -5194 -5182 -5189
f -5194 -5189 -5193
f -5193 -5189 -5190
f -5193 -5190 -5192
f -5192 -5190 -5191
f -407 -404 -408
f -408 -404 -403
f -408 -403 -409
f -409 -403 -402
f -409 -402 -401
f -405 -404 -406
f -406 -404 -407
f -412 -411 -398
f -398 -411 -410
f -398 -410 -399
f -399 -410 -400
f -5243 -5244 -5251
f -5251 -5244 -5245
f -5251 -5245 -5246
f -5246 -5247 -5251
f -5251 -5247 -5248
f -5251 -5248 -5250
f -5250 -5248 -5249
f -35 -34 -38
f -38 -34 -33
f -38 -33 -32
f -39 -37 -38
f -38 -37 -36
f -38 -36 -35
f -5318 -5358 -5317
f -5317 -5358 -5359
f -5317 -5359 -5316
f -5316 -5359 -5360
f -5316 -5360 -5315
f -5315 -5360 -5361
f -5315 -5361 -5314
f -5314 -5361 -5362
f -5314 -5362 -5313
f -5313 -5362 -5363
f -5313 -5363 -5312
f -5312 -5363 -5364
f -5312 -5364 -5311
f -5311 -5364 -5365
f -5311 -5365 -5366
f -32 -31 -38
f -38 -31 -30
f -41 -40 -46
f -46 -40 -39
f -46 -39 -38
f -44 -43 -46
f -46 -43 -42
f -46 -42 -41
f -49 -48 -54
f -54 -48 -47
f -54 -47 -46
f -46 -47 -45
f -46 -45 -44
f -52 -51 -54
f -54 -51 -50
f -54 -50 -49
f -57 -56 -62
f -62 -56 -55
f -62 -55 -54
f -54 -55 -53
f -54 -53 -52
f -60 -59 -62
f -62 -59 -58
f -62 -58 -57
f -65 -64 -70
f -70 -64 -63
f -70 -63 -62
f -62 -63 -61
f -62 -61 -60
f -5 -6 -11
f -11 -6 -7
f -11 -7 -10
f -10 -7 -8
f -10 -8 -9
f -1 -2 -11
f -11 -2 -3
f -11 -3 -4
f -25 -24 -30
f -30 -24 -23
f -30 -23 -231
f -28 -27 -30
f -30 -27 -26
f -30 -26 -25
f -31 -29 -30
f -30 -29 -28
f -5424 -5425 -5426
f -5426 -5425 -5427
f -5426 -5427 -5433
f -5433 -5427 -5428
f -5433 -5428 -5432
f -5437 -5436 -5438
f -5438 -5436 -5435
f -5438 -5435 -5439
f -5439 -5435 -5434
f -5394 -5395 -5393
f -5393 -5395 -5389
f -5393 -5389 -5391
f -5391 -5389 -5390
f -5391 -5390 -5392
f -5386 -5389 -5387
f -5387 -5389 -5388
f -5387 -5388 -5384
f -5390 -5389 -5385
f -5385 -5389 -5386
f -5381 -5383 -5382
f -5382 -5383 -5380
f -5469 -5468 -5470
f -5470 -5468 -5467
f -5470 -5467 -5471
f -5471 -5467 -5466
f -5471 -5466 -5472
f -5472 -5466 -5465
f -5472 -5465 -5473
f -5473 -5465 -5464
f -5473 -5464 -5474
f -5474 -5464 -5463
f -5474 -5463 -5475
f -5475 -5463 -5462
f -5475 -5462 -5476
f -5476 -5462 -5461
f -5476 -5461 -5477
f -5477 -5461 -5460
f -5477 -5460 -5478
f -5478 -5460 -5459
f -5478 -5459 -5479
f -5479 -5459 -5458
f -5479 -5458 -5480
f -5480 -5458 -5457
f -5480 -5457 -5481
f -5481 -5457 -5456
f -5481 -5456 -5482
f -5482 -5456 -5455
f -5482 -5455 -5483
f -5483 -5455 -5454
f -5483 -5454 -5484
f -5484 -5454 -5453
f -5484 -5453 -5485
f -5485 -5453 -5452
f -5485 -5452 -5486
f -5486 -5452 -5451
f -5486 -5451 -5487
f -5487 -5451 -5450
f -5487 -5450 -5488
f -5488 -5450 -5449
f -5488 -5449 -5489
f -5489 -5449 -5448
f -5489 -5448 -5490
f -5490 -5448 -5447
f -5490 -5447 -5491
f -5491 -5447 -5446
f -5491 -5446 -5492
f -5492 -5446 -5445
f -5492 -5445 -5493
f -5493 -5445 -5444
f -5493 -5444 -5494
f -5494 -5444 -5443
f -5494 -5443 -5495
f -5495 -5443 -5442
f -5495 -5442 -5496
f -5496 -5442 -5441
f -5496 -5441 -5440
f -143 -142 -153
f -153 -142 -141
f -153 -141 -140
f -140 -141 -139
f -140 -139 -138
f -133 -132 -140
f -140 -132 -131
f -140 -131 -130
f -136 -135 -140
f -140 -135 -134
f -140 -134 -133
f -138 -137 -140
f -140 -137 -136
f -158 -157 -159
f -159 -157 -156
f -159 -156 -155
f -146 -145 -153
f -153 -145 -144
f -153 -144 -143
f -149 -148 -153
f -153 -148 -147
f -153 -147 -146
f -152 -151 -153
f -153 -151 -150
f -153 -150 -149
f -163 -162 -166
f -166 -162 -161
f -166 -161 -160
f -176 -175 -178
f -178 -175 -174
f -178 -174 -173
f -173 -174 -172
f -173 -172 -171
f -181 -180 -184
f -184 -180 -179
f -184 -179 -178
f -178 -179 -177
f -178 -177 -176
f -171 -170 -173
f -173 -170 -169
f -173 -169 -168
f -188 -187 -192
f -192 -187 -186
f -192 -186 -185
f -185 -186 -13
f -185 -13 -183
f -5506 -5505 -5507
f -5507 -5505 -5508
f -168 -167 -173
f -173 -167 -276
f -185 -183 -184
f -184 -183 -182
f -184 -182 -181
f -190 -189 -192
f -192 -189 -188
f -92 -91 -93
f -93 -91 -90
f -93 -90 -89
f -89 -88 -93
f -93 -88 -87
f -93 -87 -86
f -86 -87 -85
f -86 -85 -84
f -92 -93 -94
f -94 -93 -99
f -94 -99 -95
f -95 -99 -96
f -100 -98 -99
f -99 -98 -97
f -99 -97 -96
f -83 -82 -86
f -86 -82 -81
f -86 -81 -80
f -80 -79 -86
f -86 -79 -78
f -5505 -5504 -5508
f -5508 -5504 -5509
f -73 -72 -78
f -78 -72 -71
f -78 -71 -70
f -70 -71 -69
f -70 -69 -68
f -5498 -5514 -5499
f -5499 -5514 -5513
f -5499 -5513 -5500
f -5500 -5513 -5512
f -5500 -5512 -5501
f -5501 -5512 -5511
f -5501 -5511 -5502
f -5502 -5511 -5510
f -5502 -5510 -5503
f -5503 -5510 -5509
f -5503 -5509 -5504
f -76 -75 -78
f -78 -75 -74
f -78 -74 -73
f -79 -77 -78
f -78 -77 -76
f -68 -67 -70
f -70 -67 -66
f -70 -66 -65
f -5544 -5543 -5545
f -5545 -5543 -5542
f -5545 -5542 -5546
f -5546 -5542 -5541
f -5546 -5541 -5547
f -5547 -5541 -5540
f -5547 -5540 -5548
f -5548 -5540 -5539
f -5548 -5539 -5549
f -5549 -5539 -5538
f -5549 -5538 -5550
f -5550 -5538 -5537
f -5550 -5537 -5551
f -5551 -5537 -5536
f -5551 -5536 -5552
f -5552 -5536 -5535
f -5552 -5535 -5553
f -5553 -5535 -5534
f -5553 -5534 -5554
f -5554 -5534 -5533
f -5554 -5533 -5555
f -5555 -5533 -5532
f -5555 -5532 -5556
f -5556 -5532 -5531
f -5556 -5531 -5557
f -5557 -5531 -5530
f -5557 -5530 -5558
f -5558 -5530 -5529
f -5558 -5529 -5559
f -5559 -5529 -5528
f -5559 -5528 -5560
f -5560 -5528 -5527
f -5560 -5527 -5561
f -5561 -5527 -5526
f -5561 -5526 -5562
f -5562 -5526 -5525
f -5562 -5525 -5563
f -5563 -5525 -5524
f -5563 -5524 -5564
f -5564 -5524 -5523
f -5564 -5523 -5565
f -5565 -5523 -5522
f -5565 -5522 -5566
f -5566 -5522 -5521
f -5566 -5521 -5567
f -5567 -5521 -5520
f -5567 -5520 -5568
f -5568 -5520 -5519
f -5568 -5519 -5569
f -5569 -5519 -5518
f -5569 -5518 -5570
f -5570 -5518 -5517
f -5570 -5517 -5571
f -5571 -5517 -5516
f -5571 -5516 -5515
f -126 -125 -129
f -129 -125 -124
f -129 -124 -123
f -130 -128 -129
f -129 -128 -127
f -129 -127 -126
f -102 -101 -105
f -105 -101 -100
f -105 -100 -99
f -106 -104 -105
f -105 -104 -103
f -105 -103 -102
f -2298 -2328 -2297
f -2297 -2328 -2303
f -2297 -2303 -2296
f -2285 -2276 -2284
f -2284 -2276 -2283
f -2330 -2315 -2329
f -2329 -2315 -2316
f -2414 -2214 -2413
f -2413 -2214 -2215
f -2389 -2383 -2394
f -2394 -2383 -2393
f -2218 -2402 -2217
f -2217 -2402 -2403
f -2217 -2403 -2216
f -2465 -2223 -2464
f -2464 -2223 -2224
f -2088 -2093 -2091
f -2091 -2093 -2092
f -2091 -2092 -2090
f -2102 -2104 -2103
f -2103 -2104 -2089
f -2062 -2063 -2064
f -2064 -2063 -2065
f -2076 -2080 -2081
f -2081 -2080 -2082
f -2071 -2072 -2070
f -2070 -2072 -2069
f -2070 -2069 -2068
f -2068 -2069 -2067
f -2068 -2067 -2066
f -2074 -2072 -2073
f -2073 -2072 -2071
f -2179 -2183 -2184
f -2184 -2183 -2185
f -2137 -2136 -2135
f -2135 -2136 -2134
f -2135 -2134 -2133
f -2133 -2134 -2132
f -2133 -2132 -2131
f -2131 -2132 -2130
f -2131 -2130 -2129
f -2118 -2120 -2119
f -2119 -2120 -2089
f -2114 -2116 -2115
f -2115 -2116 -2117
f -1882 -1883 -1884
f -1884 -1883 -1885
f -1884 -1885 -1886
f -1887 -1889 -1888
f -1888 -1889 -1890
f -1889 -1891 -1890
f -1890 -1891 -1892
f -1900 -1899 -1898
f -1898 -1899 -1897
f -1898 -1897 -1896
f -1896 -1897 -1894
f -1922 -1924 -1923
f -1923 -1924 -1925
f -1945 -1946 -1947
f -1947 -1946 -1948
f -1947 -1948 -1949
f -1949 -1948 -1950
f -1949 -1950 -1951
f -1951 -1950 -1952
f -1951 -1952 -1954
f -1751 -1836 -1752
f -1752 -1836 -1835
f -1752 -1835 -1753
f -1753 -1835 -1834
f -1753 -1834 -1754
f -1754 -1834 -1833
f -1754 -1833 -1755
f -1755 -1833 -1832
f -1755 -1832 -1756
f -1756 -1832 -1831
f -1756 -1831 -1757
f -1757 -1831 -1830
f -1757 -1830 -1758
f -1758 -1830 -1829
f -1758 -1829 -1759
f -1759 -1829 -1828
f -1759 -1828 -1760
f -1760 -1828 -1827
f -1760 -1827 -1761
f -1761 -1827 -1826
f -1761 -1826 -1762
f -1762 -1826 -1825
f -1762 -1825 -1763
f -1763 -1825 -1824
f -1763 -1824 -1764
f -1764 -1824 -1823
f -1764 -1823 -1765
f -1765 -1823 -1822
f -1765 -1822 -1766
f -1766 -1822 -1821
f -1766 -1821 -1767
f -1767 -1821 -1820
f -1767 -1820 -1768
f -1768 -1820 -1819
f -1768 -1819 -1769
f -1769 -1819 -1818
f -1769 -1818 -1770
f -1770 -1818 -1817
f -1770 -1817 -1771
f -1771 -1817 -1816
f -1771 -1816 -1772
f -1772 -1816 -1815
f -1772 -1815 -1773
f -1773 -1815 -1814
f -1773 -1814 -1774
f -1774 -1814 -1813
f -1774 -1813 -1775
f -1775 -1813 -1812
f -1775 -1812 -1776
f -1776 -1812 -1811
f -1776 -1811 -1777
f -1777 -1811 -1810
f -1777 -1810 -1778
f -1778 -1810 -1809
f -1778 -1809 -1779
f -1779 -1809 -1808
f -1779 -1808 -1780
f -1780 -1808 -1807
f -1780 -1807 -1781
f -1781 -1807 -1806
f -1781 -1806 -1782
f -1782 -1806 -1805
f -1782 -1805 -1783
f -1783 -1805 -1804
f -1783 -1804 -1784
f -1784 -1804 -1803
f -1784 -1803 -1785
f -1785 -1803 -1802
f -1785 -1802 -1786
f -1786 -1802 -1801
f -1786 -1801 -1787
f -1787 -1801 -1800
f -1787 -1800 -1788
f -1788 -1800 -1799
f -1788 -1799 -1789
f -1789 -1799 -1798
f -1789 -1798 -1790
f -1790 -1798 -1797
f -1790 -1797 -1791
f -1791 -1797 -1796
f -1791 -1796 -1792
f -1652 -1653 -1654
f -1654 -1653 -1655
f -1654 -1655 -1656
f -1656 -1655 -1657
f -1656 -1657 -1658
f -1658 -1657 -1659
f -1658 -1659 -1660
f -1660 -1659 -1661
f -1660 -1661 -1662
f -1662 -1661 -1663
f -1662 -1663 -1664
f -1664 -1663 -1665
f -1664 -1665 -1666
f -1666 -1665 -1667
f -1666 -1667 -1668
f -1668 -1667 -1669
f -1668 -1669 -1670
f -1670 -1669 -1671
f -1670 -1671 -1672
f -1672 -1671 -1673
f -1672 -1673 -1674
f -1674 -1673 -1675
f -1674 -1675 -1676
f -1676 -1675 -1677
f -1676 -1677 -1678
f -1678 -1677 -1679
f -1678 -1679 -1680
f -1680 -1679 -1681
f -1680 -1681 -1682
f -1682 -1681 -1683
f -1682 -1683 -1684
f -1684 -1683 -1685
f -1684 -1685 -1686
f -1686 -1685 -1687
f -1686 -1687 -1688
f -1688 -1687 -1689
f -1690 -1725 -1691
f -1691 -1725 -1724
f -1691 -1724 -1692
f -1692 -1724 -1723
f -1692 -1723 -1693
f -1693 -1723 -1722
f -1693 -1722 -1694
f -1694 -1722 -1721
f -1694 -1721 -1695
f -1695 -1721 -1720
f -1695 -1720 -1696
f -1696 -1720 -1719
f -1696 -1719 -1697
f -1697 -1719 -1718
f -1697 -1718 -1698
f -1698 -1718 -1717
f -1698 -1717 -1699
f -1699 -1717 -1716
f -1699 -1716 -1700
f -1700 -1716 -1715
f -1700 -1715 -1701
f -1701 -1715 -1714
f -1701 -1714 -1702
f -1702 -1714 -1713
f -1702 -1713 -1703
f -1703 -1713 -1712
f -1703 -1712 -1704
f -1704 -1712 -1711
f -1704 -1711 -1705
f -1705 -1711 -1710
f -1705 -1710 -1706
f -1706 -1710 -1709
f -1706 -1709 -1707
f -1707 -1709 -1708
f -1651 -1650 -1649
f -1649 -1650 -1648
f -1649 -1648 -1647
f -1647 -1648 -1646
f -1647 -1646 -1645
f -1645 -1646 -1644
f -1645 -1644 -1643
f -1643 -1644 -1642
f -1643 -1642 -1641
f -1641 -1642 -1640
f -1641 -1640 -1639
f -1639 -1640 -1638
f -1639 -1638 -1637
f -1637 -1638 -1636
f -1637 -1636 -1635
f -1635 -1636 -1634
f -1635 -1634 -1633
f -1633 -1634 -1632
f -1633 -1632 -1631
f -1631 -1632 -1630
f -1631 -1630 -1629
f -1629 -1630 -1628
f -1629 -1628 -1627
f -1627 -1628 -1626
f -1627 -1626 -1625
f -1625 -1626 -1624
f -1625 -1624 -1623
f -1623 -1624 -1622
f -1623 -1622 -1621
f -1621 -1622 -1620
f -1621 -1620 -1619
f -1619 -1620 -1618
f -1619 -1618 -1617
f -1617 -1618 -1616
f -1617 -1616 -1615
f -1615 -1616 -1614
f -1592 -1591 -1554
f -1554 -1591 -1590
f -1554 -1590 -1555
f -1555 -1590 -1589
f -1555 -1589 -1556
f -1556 -1589 -1588
f -1556 -1588 -1557
f -1557 -1588 -1587
f -1557 -1587 -1558
f -1558 -1587 -1586
f -1558 -1586 -1559
f -1559 -1586 -1585
f -1559 -1585 -1560
f -1560 -1585 -1584
f -1560 -1584 -1561
f -1561 -1584 -1583
f -1561 -1583 -1582
f -1561 -1582 -1562
f -1562 -1582 -1581
f -1562 -1581 -1563
f -1563 -1581 -1580
f -1563 -1580 -1579
f -1549 -1548 -1550
f -1550 -1548 -1596
f -1550 -1596 -1551
f -1551 -1596 -1595
f -1551 -1595 -1552
f -1552 -1595 -1594
f -1552 -1594 -1593
f -1552 -1593 -1553
f -1553 -1593 -1592
f -1553 -1592 -1554
f -1537 -1536 -1535
f -1535 -1536 -1534
f -1535 -1534 -1533
f -1533 -1534 -1532
f -1533 -1532 -1531
f -1531 -1532 -1530
f -1531 -1530 -1529
f -1529 -1530 -1528
f -1529 -1528 -1527
f -1527 -1528 -1526
f -1527 -1526 -1525
f -1525 -1526 -1524
f -1525 -1524 -1523
f -1523 -1524 -1522
f -1523 -1522 -1521
f -1521 -1522 -1520
f -1521 -1520 -1519
f -1519 -1520 -1518
f -1519 -1518 -1517
f -1517 -1518 -1516
f -1517 -1516 -1515
f -1515 -1516 -1514
f -1515 -1514 -1513
f -1513 -1514 -1512
f -1513 -1512 -1511
f -1511 -1512 -1510
f -1511 -1510 -1509
f -1509 -1510 -1508
f -1509 -1508 -1507
f -1507 -1508 -1506
f -1507 -1506 -1505
f -1505 -1506 -1504
f -1505 -1504 -1503
f -1503 -1504 -1502
f -1503 -1502 -1501
f -1501 -1502 -1500
f -1501 -1500 -1499
f -1499 -1500 -1498
f -1499 -1498 -1497
f -1497 -1498 -1496
f -1453 -1454 -1455
f -1455 -1454 -1456
f -1455 -1456 -1457
f -1457 -1456 -1458
f -1457 -1458 -1459
f -1459 -1458 -1460
f -1459 -1460 -1461
f -1461 -1460 -1462
f -1461 -1462 -1463
f -1463 -1462 -1464
f -1463 -1464 -1465
f -1465 -1464 -1466
f -1465 -1466 -1467
f -1467 -1466 -1468
f -1467 -1468 -1469
f -1469 -1468 -1470
f -1469 -1470 -1471
f -1471 -1470 -1472
f -1471 -1472 -1473
f -1473 -1472 -1474
f -1473 -1474 -1475
f -1475 -1474 -1476
f -1475 -1476 -1477
f -1477 -1476 -1478
f -1477 -1478 -1479
f -1479 -1478 -1480
f -1479 -1480 -1481
f -1481 -1480 -1482
f -1481 -1482 -1483
f -1483 -1482 -1484
f -1483 -1484 -1485
f -1485 -1484 -1486
f -1485 -1486 -1487
f -1487 -1486 -1488
f -1487 -1488 -1489
f -1489 -1488 -1490
f -1489 -1490 -1491
f -1491 -1490 -1492
f -1491 -1492 -1493
f -1493 -1492 -1494
f -3114 -3115 -3113
f -3113 -3115 -3116
f -3110 -3111 -3109
f -3109 -3111 -3112
f -3122 -3123 -3121
f -3121 -3123 -3124
f -3118 -3119 -3117
f -3117 -3119 -3120
f -3126 -3127 -3125
f -3125 -3127 -3128
f -3130 -3131 -3129
f -3129 -3131 -3132
f -3134 -3135 -3133
f -3133 -3135 -3136
f -3138 -3139 -3137
f -3137 -3139 -3140
f -3090 -3091 -3089
f -3089 -3091 -3092
f -3086 -3087 -3085
f -3085 -3087 -3088
f -3082 -3083 -3081
f -3081 -3083 -3084
f -3078 -3079 -3077
f -3077 -3079 -3080
f -3102 -3103 -3101
f -3101 -3103 -3104
f -3106 -3107 -3105
f -3105 -3107 -3108
f -3094 -3095 -3093
f -3093 -3095 -3096
f -3098 -3099 -3097
f -3097 -3099 -3100
f -3062 -3063 -3061
f -3061 -3063 -3064
f -3066 -3067 -3065
f -3065 -3067 -3068
f -3070 -3071 -3069
f -3069 -3071 -3072
f -3074 -3075 -3073
f -3073 -3075 -3076
f -3050 -3051 -3049
f -3049 -3051 -3052
f -3046 -3047 -3045
f -3045 -3047 -3048
f -3058 -3059 -3057
f -3057 -3059 -3060
f -3054 -3055 -3053
f -3053 -3055 -3056
f -3038 -3039 -3037
f -3037 -3039 -3040
f -3042 -3043 -3041
f -3041 -3043 -3044
f -3030 -3031 -3029
f -3029 -3031 -3032
f -3034 -3035 -3033
f -3033 -3035 -3036
f -3026 -3027 -3025
f -3025 -3027 -3028
f -3022 -3023 -3021
f -3021 -3023 -3024
f -3018 -3019 -3017
f -3017 -3019 -3020
f -3014 -3015 -3013
f -3013 -3015 -3016
f -3218 -3219 -3217
f -3217 -3219 -3220
f -3214 -3215 -3213
f -3213 -3215 -3216
f -3210 -3211 -3209
f -3209 -3211 -3212
f -3206 -3207 -3205
f -3205 -3207 -3208
f -3230 -3231 -3229
f -3229 -3231 -3232
f -3234 -3235 -3233
f -3233 -3235 -3236
f -3222 -3223 -3221
f -3221 -3223 -3224
f -3226 -3227 -3225
f -3225 -3227 -3228
f -3242 -3243 -3241
f -3241 -3243 -3244
f -3238 -3239 -3237
f -3237 -3239 -3240
f -3250 -3251 -3249
f -3249 -3251 -3252
f -3246 -3247 -3245
f -3245 -3247 -3248
f -3254 -3255 -3253
f -3253 -3255 -3256
f -3258 -3259 -3257
f -3257 -3259 -3260
f -3262 -3263 -3261
f -3261 -3263 -3264
f -3266 -3267 -3265
f -3265 -3267 -3268
f -3166 -3167 -3165
f -3165 -3167 -3168
f -3170 -3171 -3169
f -3169 -3171 -3172
f -3158 -3159 -3157
f -3157 -3159 -3160
f -3162 -3163 -3161
f -3161 -3163 -3164
f -3154 -3155 -3153
f -3153 -3155 -3156
f -3150 -3151 -3149
f -3149 -3151 -3152
f -3146 -3147 -3145
f -3145 -3147 -3148
f -3142 -3143 -3141
f -3141 -3143 -3144
f -3190 -3191 -3189
f -3189 -3191 -3192
f -3194 -3195 -3193
f -3193 -3195 -3196
f -3198 -3199 -3197
f -3197 -3199 -3200
f -3202 -3203 -3201
f -3201 -3203 -3204
f -3178 -3179 -3177
f -3177 -3179 -3180
f -3174 -3175 -3173
f -3173 -3175 -3176
f -3186 -3187 -3185
f -3185 -3187 -3188
f -3182 -3183 -3181
f -3181 -3183 -3184
f -3318 -3319 -3317
f -3317 -3319 -3320
f -3322 -3323 -3321
f -3321 -3323 -3324
f -3326 -3327 -3325
f -3325 -3327 -3328
f -3330 -3331 -3329
f -3329 -3331 -3332
f -3306 -3307 -3305
f -3305 -3307 -3308
f -3302 -3303 -3301
f -3301 -3303 -3304
f -3314 -3315 -3313
f -3313 -3315 -3316
f -3310 -3311 -3309
f -3309 -3311 -3312
f -3294 -3295 -3293
f -3293 -3295 -3296
f -3298 -3299 -3297
f -3297 -3299 -3300
f -3286 -3287 -3285
f -3285 -3287 -3288
f -3290 -3291 -3289
f -3289 -3291 -3292
f -3282 -3283 -3281
f -3281 -3283 -3284
f -3278 -3279 -3277
f -3277 -3279 -3280
f -3274 -3275 -3273
f -3273 -3275 -3276
f -3270 -3271 -3269
f -3269 -3271 -3272
f -3370 -3371 -3369
f -3369 -3371 -3372
f -3366 -3367 -3365
f -3365 -3367 -3368
f -3378 -3379 -3377
f -3377 -3379 -3380
f -3374 -3375 -3373
f -3373 -3375 -3376
f -3382 -3383 -3381
f -3381 -3383 -3384
f -3386 -3387 -3385
f -3385 -3387 -3388
f -3390 -3391 -3389
f -3389 -3391 -3392
f -3394 -3395 -3393
f -3393 -3395 -3396
f -3346 -3347 -3345
f -3345 -3347 -3348
f -3342 -3343 -3341
f -3341 -3343 -3344
f -3338 -3339 -3337
f -3337 -3339 -3340
f -3334 -3335 -3333
f -3333 -3335 -3336
f -3358 -3359 -3357
f -3357 -3359 -3360
f -3362 -3363 -3361
f -3361 -3363 -3364
f -3350 -3351 -3349
f -3349 -3351 -3352
f -3354 -3355 -3353
f -3353 -3355 -3356
f -3422 -3423 -3421
f -3421 -3423 -3424
f -3426 -3427 -3425
f -3425 -3427 -3428
f -3414 -3415 -3413
f -3413 -3415 -3416
f -3418 -3419 -3417
f -3417 -3419 -3420
f -3410 -3411 -3409
f -3409 -3411 -3412
f -3406 -3407 -3405
f -3405 -3407 -3408
f -3402 -3403 -3401
f -3401 -3403 -3404
f -3398 -3399 -3397
f -3397 -3399 -3400
f -3446 -3447 -3445
f -3445 -3447 -3448
f -3450 -3451 -3449
f -3449 -3451 -3452
f -3454 -3455 -3453
f -3453 -3455 -3456
f -3458 -3459 -3457
f -3457 -3459 -3460
f -3434 -3435 -3433
f -3433 -3435 -3436
f -3430 -3431 -3429
f -3429 -3431 -3432
f -3442 -3443 -3441
f -3441 -3443 -3444
f -3438 -3439 -3437
f -3437 -3439 -3440
f -3474 -3475 -3473
f -3473 -3475 -3476
f -3470 -3471 -3469
f -3469 -3471 -3472
f -3466 -3467 -3465
f -3465 -3467 -3468
f -3462 -3463 -3461
f -3461 -3463 -3464
f -3486 -3487 -3485
f -3485 -3487 -3488
f -3490 -3491 -3489
f -3489 -3491 -3492
f -3478 -3479 -3477
f -3477 -3479 -3480
f -3482 -3483 -3481
f -3481 -3483 -3484
f -3498 -3499 -3497
f -3497 -3499 -3500
f -3494 -3495 -3493
f -3493 -3495 -3496
f -3506 -3507 -3505
f -3505 -3507 -3508
f -3502 -3503 -3501
f -3501 -3503 -3504
f -3510 -3511 -3509
f -3509 -3511 -3512
f -3514 -3515 -3513
f -3513 -3515 -3516
f -3518 -3519 -3517
f -3517 -3519 -3520
f -3522 -3523 -3521
f -3521 -3523 -3524
f -2647 -2649 -2650
f -2650 -2649 -2651
f -2650 -2651 -2652
f -2641 -2629 -2640
f -2640 -2629 -2630
f -2640 -2630 -2639
f -2605 -2614 -2604
f -2604 -2614 -2615
f -2604 -2615 -2603
f -2593 -2623 -2592
f -2592 -2623 -2624
f -2592 -2624 -2591
f -2591 -2624 -2625
f -2591 -2625 -2590
f -2590 -2625 -2626
f -2590 -2626 -2589
f -2589 -2626 -2627
f -2587 -2586 -2585
f -2585 -2586 -2584
f -2585 -2584 -2583
f -2583 -2584 -2582
f -2583 -2582 -2581
f -2581 -2582 -2580
f -2581 -2580 -2579
f -2579 -2580 -2578
f -2910 -2911 -2909
f -2909 -2911 -2912
f -2914 -2915 -2913
f -2913 -2915 -2916
f -2902 -2903 -2901
f -2901 -2903 -2904
f -2906 -2907 -2905
f -2905 -2907 -2908
f -2898 -2899 -2897
f -2897 -2899 -2900
f -2894 -2895 -2893
f -2893 -2895 -2896
f -2890 -2891 -2889
f -2889 -2891 -2892
f -2886 -2887 -2885
f -2885 -2887 -2888
f -2934 -2935 -2933
f -2933 -2935 -2936
f -2938 -2939 -2937
f -2937 -2939 -2940
f -2942 -2943 -2941
f -2941 -2943 -2944
f -2946 -2947 -2945
f -2945 -2947 -2948
f -2922 -2923 -2921
f -2921 -2923 -2924
f -2918 -2919 -2917
f -2917 -2919 -2920
f -2930 -2931 -2929
f -2929 -2931 -2932
f -2926 -2927 -2925
f -2925 -2927 -2928
f -2962 -2963 -2961
f -2961 -2963 -2964
f -2958 -2959 -2957
f -2957 -2959 -2960
f -2954 -2955 -2953
f -2953 -2955 -2956
f -2950 -2951 -2949
f -2949 -2951 -2952
f -2974 -2975 -2973
f -2973 -2975 -2976
f -2978 -2979 -2977
f -2977 -2979 -2980
f -2966 -2967 -2965
f -2965 -2967 -2968
f -2970 -2971 -2969
f -2969 -2971 -2972
f -2986 -2987 -2985
f -2985 -2987 -2988
f -2982 -2983 -2981
f -2981 -2983 -2984
f -2994 -2995 -2993
f -2993 -2995 -2996
f -2990 -2991 -2989
f -2989 -2991 -2992
f -2998 -2999 -2997
f -2997 -2999 -3000
f -3002 -3003 -3001
f -3001 -3003 -3004
f -3006 -3007 -3005
f -3005 -3007 -3008
f -3010 -3011 -3009
f -3009 -3011 -3012
f -2872 -2871 -2870
f -2870 -2871 -2869
f -2870 -2869 -2868
f -2868 -2869 -2867
f -2868 -2867 -2866
f -2866 -2867 -2864
f -2866 -2864 -2865
f -2859 -2861 -2860
f -2860 -2861 -2862
f -2874 -2875 -2873
f -2873 -2875 -2876
f -2878 -2879 -2877
f -2877 -2879 -2880
f -2882 -2883 -2881
f -2881 -2883 -2884
f -2847 -2848 -2849
f -2849 -2848 -2850
f -3917 -3918 -3919
f -3919 -3918 -3920
f -3919 -3920 -3921
f -3921 -3920 -3922
f -3921 -3922 -3923
f -3923 -3922 -3924
f -3923 -3924 -3925
f -3925 -3924 -3926
f -635 -670 -636
f -636 -670 -669
f -636 -669 -637
f -637 -669 -500
f -637 -500 -499
f -671 -670 -634
f -634 -670 -635
f -3958 -3959 -3957
f -3957 -3959 -3960
f -3957 -3960 -3961
f -552 -678 -553
f -553 -678 -554
f -583 -582 -689
f -689 -582 -581
f -689 -581 -690
f -690 -581 -580
f -690 -580 -579
f -590 -691 -579
f -579 -691 -690
f -689 -688 -577
f -577 -688 -578
f -606 -600 -509
f -509 -600 -599
f -509 -599 -510
f -601 -600 -605
f -605 -600 -606
f -637 -499 -638
f -638 -499 -498
f -638 -498 -627
f -627 -498 -628
f -3998 -3999 -3997
f -3997 -3999 -4000
f -586 -585 -513
f -513 -585 -584
f -513 -584 -514
f -514 -584 -583
f -514 -583 -515
f -564 -563 -621
f -621 -563 -562
f -621 -562 -622
f -622 -562 -561
f -622 -561 -623
f -4030 -4031 -4029
f -4029 -4031 -4032
f -3830 -3831 -3829
f -3829 -3831 -3832
f -3834 -3835 -3833
f -3833 -3835 -3836
f -560 -559 -502
f -502 -559 -558
f -502 -558 -503
f -503 -558 -504
f -3838 -3839 -3837
f -3837 -3839 -3840
f -3842 -3843 -3841
f -3841 -3843 -3844
f -539 -538 -568
f -568 -538 -537
f -568 -537 -569
f -569 -537 -536
f -569 -536 -570
f -570 -536 -571
f -3818 -3819 -3817
f -3817 -3819 -3820
f -576 -575 -515
f -515 -575 -574
f -515 -574 -516
f -3814 -3815 -3813
f -3813 -3815 -3816
f -540 -539 -567
f -567 -539 -568
f -3826 -3827 -3825
f -3825 -3827 -3828
f -3822 -3823 -3821
f -3821 -3823 -3824
f -3806 -3807 -3805
f -3805 -3807 -3808
f -3810 -3811 -3809
f -3809 -3811 -3812
f -3798 -3799 -3797
f -3797 -3799 -3800
f -3802 -3803 -3801
f -3801 -3803 -3804
f -3794 -3795 -3793
f -3793 -3795 -3796
f -3790 -3791 -3789
f -3789 -3791 -3792
f -3786 -3787 -3785
f -3785 -3787 -3788
f -3782 -3783 -3781
f -3781 -3783 -3784
f -3900 -3901 -3899
f -3899 -3901 -3902
f -3854 -3855 -3853
f -3853 -3855 -3856
f -3850 -3851 -3849
f -3849 -3851 -3852
f -3846 -3847 -3845
f -3845 -3847 -3848
f -873 -872 -871
f -871 -872 -870
f -871 -870 -869
f -869 -870 -868
f -869 -868 -867
f -867 -868 -866
f -867 -866 -865
f -865 -866 -864
f -865 -864 -863
f -863 -864 -862
f -863 -862 -861
f -861 -862 -860
f -3730 -3731 -3729
f -3729 -3731 -3732
f -3726 -3727 -3725
f -3725 -3727 -3728
f -859 -858 -857
f -857 -858 -856
f -857 -856 -855
f -855 -856 -854
f -855 -854 -853
f -853 -854 -852
f -853 -852 -851
f -851 -852 -850
f -851 -850 -849
f -849 -850 -848
f -849 -848 -847
f -847 -848 -846
f -3722 -3723 -3721
f -3721 -3723 -3724
f -3718 -3719 -3717
f -3717 -3719 -3720
f -3742 -3743 -3741
f -3741 -3743 -3744
f -832 -833 -834
f -834 -833 -835
f -834 -835 -836
f -836 -835 -837
f -836 -837 -838
f -838 -837 -839
f -838 -839 -840
f -840 -839 -841
f -840 -841 -842
f -842 -841 -843
f -842 -843 -844
f -844 -843 -845
f -3746 -3747 -3745
f -3745 -3747 -3748
f -3734 -3735 -3733
f -3733 -3735 -3736
f -3738 -3739 -3737
f -3737 -3739 -3740
f -874 -875 -876
f -876 -875 -877
f -876 -877 -878
f -878 -877 -879
f -878 -879 -880
f -880 -879 -881
f -880 -881 -882
f -882 -881 -883
f -882 -883 -884
f -884 -883 -885
f -884 -885 -886
f -886 -885 -887
f -3754 -3755 -3753
f -3753 -3755 -3756
f -888 -889 -890
f -890 -889 -891
f -890 -891 -892
f -892 -891 -893
f -892 -893 -894
f -894 -893 -895
f -894 -895 -896
f -896 -895 -897
f -896 -897 -898
f -898 -897 -899
f -898 -899 -900
f -900 -899 -901
f -3750 -3751 -3749
f -3749 -3751 -3752
f -3762 -3763 -3761
f -3761 -3763 -3764
f -3758 -3759 -3757
f -3757 -3759 -3760
f -3766 -3767 -3765
f -3765 -3767 -3768
f -3770 -3771 -3769
f -3769 -3771 -3772
f -3774 -3775 -3773
f -3773 -3775 -3776
f -3778 -3779 -3777
f -3777 -3779 -3780
f -902 -903 -904
f -904 -903 -905
f -904 -905 -906
f -906 -905 -907
f -906 -907 -908
f -908 -907 -909
f -908 -909 -910
f -910 -909 -911
f -910 -911 -912
f -912 -911 -913
f -912 -913 -914
f -914 -913 -915
f -3678 -3679 -3677
f -3677 -3679 -3680
f -3682 -3683 -3681
f -3681 -3683 -3684
f -3670 -3671 -3669
f -3669 -3671 -3672
f -3674 -3675 -3673
f -3673 -3675 -3676
f -929 -928 -927
f -927 -928 -926
f -927 -926 -925
f -925 -926 -924
f -925 -924 -923
f -923 -924 -922
f -923 -922 -921
f -921 -922 -920
f -921 -920 -919
f -919 -920 -918
f -919 -918 -917
f -917 -918 -916
f -3666 -3667 -3665
f -3665 -3667 -3668
f -3662 -3663 -3661
f -3661 -3663 -3664
f -3658 -3659 -3657
f -3657 -3659 -3660
f -3654 -3655 -3653
f -3653 -3655 -3656
f -930 -931 -932
f -932 -931 -933
f -932 -933 -934
f -934 -933 -935
f -934 -935 -936
f -936 -935 -937
f -936 -937 -938
f -938 -937 -939
f -938 -939 -940
f -940 -939 -941
f -940 -941 -942
f -942 -941 -943
f -3702 -3703 -3701
f -3701 -3703 -3704
f -3706 -3707 -3705
f -3705 -3707 -3708
f -944 -945 -946
f -946 -945 -947
f -946 -947 -948
f -948 -947 -949
f -948 -949 -950
f -950 -949 -951
f -950 -951 -952
f -952 -951 -953
f -952 -953 -954
f -954 -953 -955
f -954 -955 -956
f -956 -955 -957
f -3710 -3711 -3709
f -3709 -3711 -3712
f -3714 -3715 -3713
f -3713 -3715 -3716
f -3690 -3691 -3689
f -3689 -3691 -3692
f -3686 -3687 -3685
f -3685 -3687 -3688
f -3698 -3699 -3697
f -3697 -3699 -3700
f -958 -959 -960
f -960 -959 -961
f -960 -961 -962
f -962 -961 -963
f -962 -963 -964
f -964 -963 -965
f -964 -965 -966
f -966 -965 -967
f -966 -967 -968
f -968 -967 -969
f -968 -969 -970
f -970 -969 -971
f -3694 -3695 -3693
f -3693 -3695 -3696
f -3626 -3627 -3625
f -3625 -3627 -3628
f -748 -759 -749
f -749 -759 -758
f -749 -758 -750
f -750 -758 -757
f -750 -757 -751
f -751 -757 -756
f -751 -756 -752
f -752 -756 -755
f -752 -755 -753
f -753 -755 -754
f -3622 -3623 -3621
f -3621 -3623 -3624
f -760 -771 -761
f -761 -771 -770
f -761 -770 -762
f -762 -770 -769
f -762 -769 -763
f -763 -769 -768
f -763 -768 -764
f -764 -768 -767
f -764 -767 -765
f -765 -767 -766
f -3634 -3635 -3633
f -3633 -3635 -3636
f -3630 -3631 -3629
f -3629 -3631 -3632
f -3638 -3639 -3637
f -3637 -3639 -3640
f -3642 -3643 -3641
f -3641 -3643 -3644
f -3646 -3647 -3645
f -3645 -3647 -3648
f -3650 -3651 -3649
f -3649 -3651 -3652
f -3602 -3603 -3601
f -3601 -3603 -3604
f -737 -732 -711
f -711 -732 -710
f -3598 -3599 -3597
f -3597 -3599 -3600
f -3594 -3595 -3593
f -3593 -3595 -3596
f -3590 -3591 -3589
f -3589 -3591 -3592
f -3614 -3615 -3613
f -3613 -3615 -3616
f -3618 -3619 -3617
f -3617 -3619 -3620
f -3606 -3607 -3605
f -3605 -3607 -3608
f -3610 -3611 -3609
f -3609 -3611 -3612
f -3574 -3575 -3573
f -3573 -3575 -3576
f -3578 -3579 -3577
f -3577 -3579 -3580
f -796 -797 -807
f -807 -797 -798
f -807 -798 -806
f -806 -798 -799
f -806 -799 -805
f -805 -799 -800
f -805 -800 -804
f -804 -800 -801
f -804 -801 -803
f -803 -801 -802
f -3582 -3583 -3581
f -3581 -3583 -3584
f -3586 -3587 -3585
f -3585 -3587 -3588
f -3562 -3563 -3561
f -3561 -3563 -3564
f -3558 -3559 -3557
f -3557 -3559 -3560
f -826 -827 -825
f -825 -827 -828
f -825 -828 -824
f -824 -828 -829
f -824 -829 -823
f -823 -829 -830
f -823 -830 -822
f -822 -830 -831
f -822 -831 -821
f -821 -831 -820
f -3570 -3571 -3569
f -3569 -3571 -3572
f -3566 -3567 -3565
f -3565 -3567 -3568
f -3550 -3551 -3549
f -3549 -3551 -3552
f -772 -783 -773
f -773 -783 -782
f -773 -782 -774
f -774 -782 -781
f -774 -781 -775
f -775 -781 -780
f -775 -780 -776
f -776 -780 -779
f -776 -779 -777
f -777 -779 -778
f -3554 -3555 -3553
f -3553 -3555 -3556
f -3542 -3543 -3541
f -3541 -3543 -3544
f -3546 -3547 -3545
f -3545 -3547 -3548
f -3538 -3539 -3537
f -3537 -3539 -3540
f -3534 -3535 -3533
f -3533 -3535 -3536
f -3530 -3531 -3529
f -3529 -3531 -3532
f -3526 -3527 -3525
f -3525 -3527 -3528
f -1062 -1061 -1063
f -1063 -1061 -1060
f -1063 -1060 -1064
f -1064 -1060 -1059
f -1064 -1059 -1065
f -1065 -1059 -1058
f -1065 -1058 -1066
f -1066 -1058 -1057
f -1066 -1057 -1067
f -1067 -1057 -1056
f -4341 -4340 -4339
f -4339 -4340 -4338
f -4339 -4338 -4337
f -4353 -4352 -4351
f -4351 -4352 -4350
f -4351 -4350 -4349
f -4349 -4350 -4348
f -4349 -4348 -4347
f -4347 -4348 -4346
f -4347 -4346 -4345
f -4345 -4346 -4344
f -4333 -4335 -4342
f -4342 -4335 -4326
f -1068 -1079 -1069
f -1069 -1079 -1078
f -1069 -1078 -1070
f -1070 -1078 -1077
f -1070 -1077 -1071
f -1071 -1077 -1076
f -1071 -1076 -1072
f -1072 -1076 -1075
f -1072 -1075 -1073
f -1073 -1075 -1074
f -4334 -4332 -4328
f -4328 -4332 -4329
f -4328 -4329 -4330
f -4330 -4329 -4331
f -1080 -1091 -1081
f -1081 -1091 -1090
f -1081 -1090 -1082
f -1082 -1090 -1089
f -1082 -1089 -1083
f -1083 -1089 -1088
f -1083 -1088 -1084
f -1084 -1088 -1087
f -1084 -1087 -1085
f -1085 -1087 -1086
f -4326 -4335 -4327
f -4327 -4335 -4336
f -1028 -1029 -1030
f -1030 -1029 -1031
f -1030 -1031 -1032
f -1032 -1031 -1033
f -1032 -1033 -1034
f -1034 -1033 -1035
f -1034 -1035 -1036
f -1036 -1035 -1037
f -1036 -1037 -1038
f -1038 -1037 -1039
f -1038 -1039 -1040
f -1040 -1039 -1041
f -4307 -4308 -4306
f -4306 -4308 -4309
f -4311 -4312 -4310
f -4310 -4312 -4313
f -1055 -1054 -1053
f -1053 -1054 -1052
f -1053 -1052 -1051
f -1051 -1052 -1050
f -1051 -1050 -1049
f -1049 -1050 -1048
f -1049 -1048 -1047
f -1047 -1048 -1046
f -1047 -1046 -1045
f -1045 -1046 -1044
f -1045 -1044 -1043
f -1043 -1044 -1042
f -1000 -1001 -1002
f -1002 -1001 -1003
f -1002 -1003 -1004
f -1004 -1003 -1005
f -1004 -1005 -1006
f -1006 -1005 -1007
f -1006 -1007 -1008
f -1008 -1007 -1009
f -1008 -1009 -1010
f -1010 -1009 -1011
f -1010 -1011 -1012
f -1012 -1011 -1013
f -1014 -1015 -1016
f -1016 -1015 -1017
f -1016 -1017 -1018
f -1018 -1017 -1019
f -1018 -1019 -1020
f -1020 -1019 -1021
f -1020 -1021 -1022
f -1022 -1021 -1023
f -1022 -1023 -1024
f -1024 -1023 -1025
f -1024 -1025 -1026
f -1026 -1025 -1027
f -986 -987 -988
f -988 -987 -989
f -988 -989 -990
f -990 -989 -991
f -990 -991 -992
f -992 -991 -993
f -992 -993 -994
f -994 -993 -995
f -994 -995 -996
f -996 -995 -997
f -996 -997 -998
f -998 -997 -999
f -4414 -4416 -4415
f -4415 -4416 -4420
f -985 -984 -983
f -983 -984 -982
f -983 -982 -981
f -981 -982 -980
f -981 -980 -979
f -979 -980 -978
f -979 -978 -977
f -977 -978 -976
f -977 -976 -975
f -975 -976 -974
f -975 -974 -973
f -973 -974 -972
f -4355 -4356 -4354
f -4354 -4356 -4357
f -1160 -1161 -1162
f -1162 -1161 -1163
f -1162 -1163 -1164
f -1164 -1163 -1165
f -1164 -1165 -1166
f -1166 -1165 -1167
f -1166 -1167 -1168
f -1168 -1167 -1169
f -1168 -1169 -1170
f -1170 -1169 -1171
f -1170 -1171 -1172
f -1172 -1171 -1173
f -1146 -1147 -1148
f -1148 -1147 -1149
f -1148 -1149 -1150
f -1150 -1149 -1151
f -1150 -1151 -1152
f -1152 -1151 -1153
f -1152 -1153 -1154
f -1154 -1153 -1155
f -1154 -1155 -1156
f -1156 -1155 -1157
f -1156 -1157 -1158
f -1158 -1157 -1159
f -4438 -4439 -4440
f -4440 -4439 -4441
f -4440 -4441 -4442
f -1187 -1186 -1185
f -1185 -1186 -1184
f -1185 -1184 -1183
f -1183 -1184 -1182
f -1183 -1182 -1181
f -1181 -1182 -1180
f -1181 -1180 -1179
f -1179 -1180 -1178
f -1179 -1178 -1177
f -1177 -1178 -1176
f -1177 -1176 -1175
f -1175 -1176 -1174
f -1188 -1189 -1190
f -1190 -1189 -1191
f -1190 -1191 -1192
f -1192 -1191 -1193
f -1192 -1193 -1194
f -1194 -1193 -1195
f -1194 -1195 -1196
f -1196 -1195 -1197
f -1196 -1197 -1198
f -1198 -1197 -1199
f -1198 -1199 -1200
f -1200 -1199 -1201
f -1215 -1214 -1213
f -1213 -1214 -1212
f -1213 -1212 -1211
f -1211 -1212 -1210
f -1211 -1210 -1209
f -1209 -1210 -1208
f -1209 -1208 -1207
f -1207 -1208 -1206
f -1207 -1206 -1205
f -1205 -1206 -1204
f -1205 -1204 -1203
f -1203 -1204 -1202
f -1216 -1217 -1218
f -1218 -1217 -1219
f -1218 -1219 -1220
f -1220 -1219 -1221
f -1220 -1221 -1222
f -1222 -1221 -1223
f -1222 -1223 -1224
f -1224 -1223 -1225
f -1224 -1225 -1226
f -1226 -1225 -1227
f -1226 -1227 -1228
f -1228 -1227 -1229
f -1104 -1105 -1106
f -1106 -1105 -1107
f -1106 -1107 -1108
f -1108 -1107 -1109
f -1108 -1109 -1110
f -1110 -1109 -1111
f -1110 -1111 -1112
f -1112 -1111 -1113
f -1112 -1113 -1114
f -1114 -1113 -1115
f -1114 -1115 -1116
f -1116 -1115 -1117
f -1118 -1119 -1120
f -1120 -1119 -1121
f -1120 -1121 -1122
f -1122 -1121 -1123
f -1122 -1123 -1124
f -1124 -1123 -1125
f -1124 -1125 -1126
f -1126 -1125 -1127
f -1126 -1127 -1128
f -1128 -1127 -1129
f -1128 -1129 -1130
f -1130 -1129 -1131
f -1092 -1103 -1093
f -1093 -1103 -1102
f -1093 -1102 -1094
f -1094 -1102 -1101
f -1094 -1101 -1095
f -1095 -1101 -1100
f -1095 -1100 -1096
f -1096 -1100 -1099
f -1096 -1099 -1097
f -1097 -1099 -1098
f -1145 -1144 -1143
f -1143 -1144 -1142
f -1143 -1142 -1141
f -1141 -1142 -1140
f -1141 -1140 -1139
f -1139 -1140 -1138
f -1139 -1138 -1137
f -1137 -1138 -1136
f -1137 -1136 -1135
f -1135 -1136 -1134
f -1135 -1134 -1133
f -1133 -1134 -1132
f -4543 -4544 -4545
f -4545 -4544 -4546
f -4545 -4546 -4548
f -4548 -4546 -4547
f -4548 -4547 -4549
f -4144 -4143 -4142
f -4142 -4143 -4141
f -4142 -4141 -4140
f -4140 -4141 -4139
f -4140 -4139 -4138
f -4138 -4139 -4137
f -4138 -4137 -4136
f -4136 -4137 -4135
f -1258 -1259 -1260
f -1260 -1259 -1261
f -1260 -1261 -1262
f -1262 -1261 -1263
f -1262 -1263 -1264
f -1264 -1263 -1265
f -1264 -1265 -1266
f -1266 -1265 -1267
f -1266 -1267 -1268
f -1268 -1267 -1269
f -1268 -1269 -1270
f -1270 -1269 -1271
f -1272 -1273 -1274
f -1274 -1273 -1275
f -1274 -1275 -1276
f -1276 -1275 -1277
f -1276 -1277 -1278
f -1278 -1277 -1279
f -1278 -1279 -1280
f -1280 -1279 -1281
f -1280 -1281 -1282
f -1282 -1281 -1283
f -1282 -1283 -1284
f -1284 -1283 -1285
f -1244 -1245 -1246
f -1246 -1245 -1247
f -1246 -1247 -1248
f -1248 -1247 -1249
f -1248 -1249 -1250
f -1250 -1249 -1251
f -1250 -1251 -1252
f -1252 -1251 -1253
f -1252 -1253 -1254
f -1254 -1253 -1255
f -1254 -1255 -1256
f -1256 -1255 -1257
f -4158 -4159 -4161
f -4161 -4159 -4165
f -4161 -4165 -4166
f -4145 -4154 -4156
f -4156 -4154 -4155
f -1243 -1242 -1241
f -1241 -1242 -1240
f -1241 -1240 -1239
f -1239 -1240 -1238
f -1239 -1238 -1237
f -1237 -1238 -1236
f -1237 -1236 -1235
f -1235 -1236 -1234
f -1235 -1234 -1233
f -1233 -1234 -1232
f -1233 -1232 -1231
f -1231 -1232 -1230
f -1314 -1315 -1316
f -1316 -1315 -1317
f -1316 -1317 -1318
f -1318 -1317 -1319
f -1318 -1319 -1320
f -1320 -1319 -1321
f -1320 -1321 -1322
f -1322 -1321 -1323
f -1322 -1323 -1324
f -1324 -1323 -1325
f -1324 -1325 -1326
f -1326 -1325 -1327
f -1328 -1329 -1330
f -1330 -1329 -1331
f -1330 -1331 -1332
f -1332 -1331 -1333
f -1332 -1333 -1334
f -1334 -1333 -1335
f -1334 -1335 -1336
f -1336 -1335 -1337
f -1336 -1337 -1338
f -1338 -1337 -1339
f -1338 -1339 -1340
f -1340 -1339 -1341
f -1342 -1343 -1344
f -1344 -1343 -1345
f -1344 -1345 -1346
f -1346 -1345 -1347
f -1346 -1347 -1348
f -1348 -1347 -1349
f -1348 -1349 -1350
f -1350 -1349 -1351
f -1350 -1351 -1352
f -1352 -1351 -1353
f -1352 -1353 -1354
f -1354 -1353 -1355
f -1286 -1287 -1288
f -1288 -1287 -1289
f -1288 -1289 -1290
f -1290 -1289 -1291
f -1290 -1291 -1292
f -1292 -1291 -1293
f -1292 -1293 -1294
f -1294 -1293 -1295
f -1294 -1295 -1296
f -1296 -1295 -1297
f -1296 -1297 -1298
f -1298 -1297 -1299
f -1313 -1312 -1311
f -1311 -1312 -1310
f -1311 -1310 -1309
f -1309 -1310 -1308
f -1309 -1308 -1307
f -1307 -1308 -1306
f -1307 -1306 -1305
f -1305 -1306 -1304
f -1305 -1304 -1303
f -1303 -1304 -1302
f -1303 -1302 -1301
f -1301 -1302 -1300
f -1383 -1382 -1381
f -1381 -1382 -1380
f -1381 -1380 -1379
f -1379 -1380 -1378
f -1379 -1378 -1377
f -1377 -1378 -1376
f -1377 -1376 -1375
f -1375 -1376 -1374
f -1375 -1374 -1373
f -1373 -1374 -1372
f -1373 -1372 -1371
f -1371 -1372 -1370
f -1369 -1368 -1367
f -1367 -1368 -1366
f -1367 -1366 -1365
f -1365 -1366 -1364
f -1365 -1364 -1363
f -1363 -1364 -1362
f -1363 -1362 -1361
f -1361 -1362 -1360
f -1361 -1360 -1359
f -1359 -1360 -1358
f -1359 -1358 -1357
f -1357 -1358 -1356
f -4251 -4253 -4252
f -4252 -4253 -4254
f -4257 -4258 -4259
f -4259 -4258 -4260
f -4259 -4260 -4261
f -1384 -1385 -1386
f -1386 -1385 -1387
f -1386 -1387 -1388
f -1388 -1387 -1389
f -1388 -1389 -1390
f -1390 -1389 -1391
f -1390 -1391 -1392
f -1392 -1391 -1393
f -1392 -1393 -1394
f -1394 -1393 -1395
f -1394 -1395 -1396
f -1396 -1395 -1397
f -1398 -1399 -1400
f -1400 -1399 -1401
f -1400 -1401 -1402
f -1402 -1401 -1403
f -1402 -1403 -1404
f -1404 -1403 -1405
f -1404 -1405 -1406
f -1406 -1405 -1407
f -1406 -1407 -1408
f -1408 -1407 -1409
f -1408 -1409 -1410
f -1410 -1409 -1411
f -4273 -4274 -4272
f -4272 -4274 -4275
f -4272 -4275 -4271
f -4271 -4275 -4276
f -4271 -4276 -4270
f -4270 -4276 -4277
f -4270 -4277 -4283
f -4283 -4277 -4278
f -4283 -4278 -4282
f -4282 -4278 -4279
f -4282 -4279 -4281
f -4281 -4279 -4280
f -1412 -1413 -1414
f -1414 -1413 -1415
f -1414 -1415 -1416
f -1416 -1415 -1417
f -1416 -1417 -1418
f -1418 -1417 -1419
f -1418 -1419 -1420
f -1420 -1419 -1421
f -1420 -1421 -1422
f -1422 -1421 -1423
f -1422 -1423 -1424
f -1424 -1423 -1425
f -4178 -4177 -4176
f -4176 -4177 -4175
f -4176 -4175 -4174
f -4174 -4175 -4173
f -4174 -4173 -4172
f -4172 -4173 -4171
f -1439 -1438 -1437
f -1437 -1438 -1436
f -1437 -1436 -1435
f -1435 -1436 -1434
f -1435 -1434 -1433
f -1433 -1434 -1432
f -1433 -1432 -1431
f -1431 -1432 -1430
f -1431 -1430 -1429
f -1429 -1430 -1428
f -1429 -1428 -1427
f -1427 -1428 -1426
f -1446 -1445 -1447
f -1447 -1445 -1444
f -1447 -1444 -1448
f -1448 -1444 -1443
f -1448 -1443 -1449
f -1449 -1443 -1442
f -1449 -1442 -1450
f -1450 -1442 -1441
f -1450 -1441 -1451
f -1451 -1441 -1440
f -4205 -4204 -4203
f -4203 -4204 -4202
f -4203 -4202 -4201
f -4201 -4202 -4200
f -4201 -4200 -4199
f -4777 -4776 -4775
f -4775 -4776 -4774
f -4775 -4774 -4773
f -4789 -4791 -4790
f -4790 -4791 -4785
f -4701 -4700 -4699
f -4699 -4700 -4698
f -4699 -4698 -4697
f -4697 -4698 -4696
f -4697 -4696 -4695
f -4704 -4705 -4703
f -4703 -4705 -4706
f -4703 -4706 -4709
f -4709 -4706 -4708
f -4680 -4679 -4678
f -4678 -4679 -4677
f -4678 -4677 -4676
f -4725 -4727 -4726
f -4726 -4727 -4728
f -4730 -4731 -4732
f -4732 -4731 -4733
f -4703 -4709 -4702
f -4702 -4709 -4710
f -4721 -4723 -4722
f -4722 -4723 -4724
f -4715 -4717 -4716
f -4716 -4717 -4718
f -4985 -4986 -4892
f -4892 -4986 -4891
f -4892 -4891 -4890
f -5022 -5048 -5023
f -5023 -5048 -5024
f -4915 -4916 -4917
f -4917 -4916 -4918
f -4917 -4918 -4785
f -5165 -5166 -5167
f -5167 -5166 -5168
f -5185 -5187 -5184
f -5184 -5187 -5188
f -5184 -5188 -5183
f -5183 -5188 -5189
f -5183 -5189 -5182
f -281 -300 -282
f -282 -300 -299
f -282 -299 -283
f -299 -298 -286
f -286 -298 -297
f -286 -297 -287
f -5120 -5115 -5122
f -5122 -5115 -5116
f -307 -308 -309
f -309 -308 -310
f -309 -310 -311
f -311 -310 -312
f -311 -312 -313
f -313 -312 -314
f -313 -314 -315
f -315 -314 -316
f -315 -316 -317
f -317 -316 -318
f -317 -318 -319
f -319 -318 -320
f -319 -320 -321
f -321 -320 -322
f -321 -322 -323
f -323 -322 -324
f -323 -324 -325
f -325 -324 -326
f -325 -326 -327
f -327 -326 -328
f -327 -328 -329
f -329 -328 -330
f -329 -330 -331
f -331 -330 -332
f -331 -332 -333
f -333 -332 -334
f -333 -334 -335
f -335 -334 -336
f -5103 -5105 -5104
f -5104 -5105 -5106
f -5105 -5107 -5106
f -5106 -5107 -5110
f -272 -274 -273
f -273 -274 -275
f -260 -262 -261
f -261 -262 -263
f -274 -276 -275
f -275 -276 -167
f -5284 -5285 -5286
f -5286 -5285 -5287
f -5286 -5287 -5288
f -5288 -5287 -5289
f -5288 -5289 -5290
f -370 -369 -382
f -382 -369 -383
f -386 -366 -387
f -387 -366 -365
f -387 -365 -388
f -388 -365 -364
f -388 -364 -389
f -389 -364 -363
f -389 -363 -390
f -390 -363 -362
f -390 -362 -391
f -5305 -5306 -5307
f -5307 -5306 -5308
f -5294 -5304 -5303
f -5303 -5304 -5302
f -5216 -5217 -5215
f -5215 -5217 -5218
f -5215 -5218 -5214
f -5214 -5218 -5219
f -5214 -5219 -5213
f -5213 -5219 -5220
f -5213 -5220 -5212
f -5212 -5220 -5221
f -5212 -5221 -5211
f -5211 -5221 -5222
f -5211 -5222 -5210
f -5210 -5222 -5223
f -5210 -5223 -5209
f -5209 -5223 -5224
f -5209 -5224 -5242
f -5242 -5224 -5225
f -5242 -5225 -5241
f -5241 -5225 -5226
f -5241 -5226 -5240
f -5240 -5226 -5227
f -5240 -5227 -5239
f -5239 -5227 -5228
f -5239 -5228 -5238
f -5238 -5228 -5229
f -5238 -5229 -5237
f -5237 -5229 -5230
f -5237 -5230 -5236
f -5236 -5230 -5231
f -5236 -5231 -5235
f -5235 -5231 -5232
f -5235 -5232 -5234
f -5234 -5232 -5233
f -392 -395 -393
f -393 -395 -394
f -5203 -5204 -5202
f -5202 -5204 -5205
f -5202 -5205 -5206
f -5173 -5174 -5200
f -5200 -5174 -5175
f -5200 -5175 -5199
f -5199 -5175 -5176
f -5199 -5176 -5198
f -5198 -5176 -5177
f -5198 -5177 -5197
f -5197 -5177 -5178
f -5197 -5178 -5196
f -5196 -5178 -5179
f -5196 -5179 -5180
f -414 -415 -416
f -416 -415 -417
f -416 -417 -418
f -418 -417 -419
f -418 -419 -420
f -420 -419 -421
f -420 -421 -422
f -422 -421 -423
f -422 -423 -424
f -424 -423 -425
f -424 -425 -426
f -426 -425 -427
f -426 -427 -428
f -428 -427 -429
f -428 -429 -430
f -430 -429 -431
f -430 -431 -432
f -432 -431 -433
f -432 -433 -434
f -434 -433 -435
f -434 -435 -436
f -436 -435 -437
f -436 -437 -438
f -438 -437 -439
f -438 -439 -440
f -440 -439 -441
f -440 -441 -442
f -442 -441 -443
f -401 -400 -409
f -409 -400 -410
f -5309 -5367 -5375
f -5375 -5367 -5368
f -5375 -5368 -5374
f -5374 -5368 -5369
f -5374 -5369 -5373
f -5373 -5369 -5370
f -5373 -5370 -5372
f -5372 -5370 -5371
f -5376 -5378 -5377
f -5377 -5378 -5379
f -5414 -5415 -5416
f -5416 -5415 -5417
f -5416 -5417 -5418
f -5418 -5417 -5419
f -5418 -5419 -5421
f -5421 -5419 -5420
f -5421 -5420 -5422
f -5421 -5422 -5423
f -5423 -5422 -5424
f -5423 -5424 -5426
f -5429 -5431 -5430
f -5430 -5431 -5432
f -5391 -5392 -5393
f -5393 -5392 -5394
f -5378 -5380 -5379
f -5379 -5380 -5383
f -5405 -5404 -5403
f -5403 -5404 -5402
f -5403 -5402 -5401
f -5408 -5409 -5407
f -5407 -5409 -5410
f -5407 -5410 -5406
f -5406 -5410 -5411
f -5406 -5411 -5412
f -5397 -5398 -5399
f -5399 -5398 -5400
f -158 -159 -160
f -160 -159 -166
f -2367 -2368 -2339
f -2339 -2368 -2369
f -1997 -2000 -1998
f -1998 -2000 -1999
f -1563 -1579 -1564
f -1564 -1579 -1578
f -495 -639 -496
f -496 -639 -650
f -2270 -2286 -2269
f -2272 -2270 -2271
f -2248 -2244 -2247
f -2350 -2351 -2318
f -2371 -2205 -2370
f -2398 -2389 -2397
f -2385 -2386 -2384
f -2422 -2383 -2421
f -2348 -2382 -2347
f -2462 -2463 -2461
f -2454 -2446 -2453
f -2474 -2476 -2475
f -2484 -2489 -2490
f -2479 -2487 -2489
f -2110 -2108 -2107
f -2015 -2054 -2055
f -2003 -1997 -2004
f -2197 -2198 -2212
f -2237 -2205 -2236
f -1907 -1902 -1906
f -1962 -1963 -1970
f -1726 -1838 -1750
f -2535 -2540 -2541
f -2545 -2538 -2540
f -666 -565 -564
f -550 -680 -551
f -601 -696 -695
f -678 -543 -554
f -3949 -3950 -3948
f -3983 -3990 -3984
f -4003 -4004 -4002
f -524 -505 -525
f -534 -517 -535
f -3891 -3892 -3890
f -486 -462 -461
f -455 -456 -458
f -730 -731 -722
f -727 -731 -728
f -714 -715 -717
f -811 -812 -810
f -787 -788 -786
f -4314 -4325 -4323
f -4377 -4380 -4378
f -4446 -4434 -4429
f -4416 -4417 -4420
f -4421 -4363 -4423
f -4449 -4452 -4455
f -4148 -4149 -4147
f -4151 -4152 -4146
f -4113 -4114 -4112
f -4072 -4073 -4071
f -4737 -4741 -4739
f -4770 -4768 -4767
f -4777 -4779 -4778
f -4713 -4711 -4712
f -5054 -5056 -5055
f -211 -214 -212
f -112 -236 -113
f -105 -236 -106
f -119 -239 -122
f -349 -351 -350
f -5 -11 -4
f -5431 -5433 -5432
f -5388 -5389 -5395
f -129 -140 -130
f -152 -153 -242
f -163 -166 -164
f -83 -86 -84
f -5497 -5514 -5498
f -120 -129 -121
f -2280 -2281 -2282
f -2276 -2277 -2278
f -2288 -2265 -2266
f -2252 -2253 -2254
f -2248 -2249 -2250
f -2246 -2234 -2245
f -2356 -2357 -2358
f -2360 -2361 -2362
f -2356 -2363 -2364
f -2379 -2380 -2378
f -2458 -2459 -2457
f -2471 -2472 -2470
f -2481 -2477 -2476
f -2191 -2465 -2466
f -2498 -2491 -2495
f -2100 -2085 -2102
f -2186 -2187 -2207
f -2222 -2232 -2233
f -2144 -2140 -2143
f -2121 -2123 -2122
f -2150 -2170 -2171
f -2175 -2152 -2151
f -2176 -2178 -2177
f -2154 -2156 -2155
f -1877 -1879 -1878
f -1879 -1881 -1880
f -1876 -1880 -1893
f -1917 -1919 -1918
f -1897 -1895 -1894
f -1944 -1946 -1945
f -1546 -1545 -1547
f -1536 -1495 -1534
f -2671 -2713 -2660
f -2628 -2629 -2641
f -2575 -2577 -2576
f -2554 -2555 -2553
f -2552 -2553 -2551
f -2528 -2530 -2529
f -2523 -2516 -2520
f -2506 -2508 -2507
f -2503 -2505 -2504
f -2861 -2863 -2862
f -2827 -2829 -2828
f -3937 -3939 -3938
f -556 -555 -663
f -3927 -3929 -3928
f -683 -682 -548
f -688 -687 -578
f -498 -497 -628
f -3992 -3993 -3991
f -4013 -4011 -4012
f -607 -606 -509
f -4033 -4035 -4034
f -486 -488 -487
f -460 -446 -445
f -745 -747 -746
f -708 -722 -723
f -719 -705 -704
f -4316 -4318 -4317
f -4294 -4295 -4293
f -4411 -4413 -4412
f -4446 -4436 -4435
f -4430 -4427 -4432
f -4461 -4463 -4462
f -4132 -4134 -4133
f -4158 -4160 -4159
f -4161 -4157 -4158
f -4124 -4125 -4123
f -4083 -4084 -4082
f -4043 -4045 -4044
f -4227 -4228 -4229
f -4262 -4264 -4263
f -4179 -4181 -4180
f -1454 -1452 -1456
f -4750 -4736 -4748
f -4706 -4707 -4708
f -4987 -4989 -4988
f -246 -247 -245
f -14 -232 -233
f -5186 -5187 -5185
f -306 -305 -277
f -5262 -5264 -5263
f -341 -340 -339
f -5275 -5277 -5276
f -5283 -5285 -5284
f -385 -384 -383
f -5306 -5295 -5308
f -5180 -5195 -5196
f -5200 -5201 -5173
f -5415 -5414 -5413
f -5394 -5396 -5395
f -2200 -2201 -2202
f -2647 -2646 -2649
f -4169 -4167 -4177
