mtllib BASE.mtl
usemtl BASE
v -0.158000 -0.036429 0.027650
v -0.158000 -0.033700 0.027650
v -0.158000 -0.033700 0.027200
v -0.158000 -0.030971 0.027650
v -0.160500 -0.036572 0.027700
v -0.160500 -0.033700 0.027200
v -0.160500 -0.033700 0.027700
v -0.160500 -0.030828 0.027700
v -0.155000 -0.033700 0.027200
v -0.155000 -0.033700 0.027195
v -0.155000 -0.030971 0.027650
v -0.155000 -0.030957 0.027650
v -0.155000 -0.036443 0.027650
v -0.155000 -0.036429 0.027650
v -0.155040 -0.042225 0.035700
v -0.154990 -0.042200 0.035700
v -0.155040 -0.041512 0.032288
v -0.154990 -0.041553 0.032447
v -0.155040 -0.039493 0.029446
v -0.154990 -0.039710 0.029690
v -0.154990 -0.036953 0.027847
v -0.154990 -0.025200 0.035700
v -0.155040 -0.025175 0.035700
v -0.154990 -0.025847 0.032447
v -0.155040 -0.025888 0.032288
v -0.154990 -0.027690 0.029690
v -0.155040 -0.027907 0.029446
v -0.154990 -0.030447 0.027847
v -0.155040 -0.030894 0.027650
v -0.155000 -0.030957 0.027650
v -0.155040 -0.036506 0.027650
v -0.155000 -0.036443 0.027650
v -0.155000 -0.033700 0.027195
v -0.154990 -0.033700 0.027200
v -0.155050 -0.030828 0.027700
v -0.155050 -0.036572 0.027700
v -0.158000 -0.030828 0.027700
v -0.158000 -0.036572 0.027700
v -0.160500 -0.033700 0.027700
v -0.160500 -0.036572 0.027700
v -0.160500 -0.030828 0.027700
v -0.155050 -0.036429 0.027650
v -0.155050 -0.036572 0.027700
v -0.155050 -0.030971 0.027650
v -0.155050 -0.030828 0.027700
v -0.155040 -0.042225 0.035700
v -0.158000 -0.041512 0.039112
v -0.155040 -0.041512 0.039112
v -0.158000 -0.039493 0.041954
v -0.155040 -0.039493 0.041954
v -0.158000 -0.036506 0.043750
v -0.155040 -0.036506 0.043750
v -0.158000 -0.042225 0.035700
v -0.155040 -0.041512 0.032288
v -0.158000 -0.041512 0.032288
v -0.155040 -0.039493 0.029446
v -0.158000 -0.039493 0.029446
v -0.155040 -0.036506 0.027650
v -0.158000 -0.036506 0.027650
v -0.155040 -0.025175 0.035700
v -0.158000 -0.025888 0.032288
v -0.155040 -0.025888 0.032288
v -0.158000 -0.027907 0.029446
v -0.155040 -0.027907 0.029446
v -0.158000 -0.030894 0.027650
v -0.155040 -0.030894 0.027650
v -0.158000 -0.025175 0.035700
v -0.155040 -0.025888 0.039112
v -0.158000 -0.025888 0.039112
v -0.155040 -0.027907 0.041954
v -0.158000 -0.027907 0.041954
v -0.155040 -0.030894 0.043750
v -0.158000 -0.030894 0.043750
v -0.158000 -0.036506 0.027650
v -0.155040 -0.036506 0.027650
v -0.155050 -0.036429 0.027650
v -0.155000 -0.036443 0.027650
v -0.155000 -0.036429 0.027650
v -0.155050 -0.030971 0.027650
v -0.155000 -0.030971 0.027650
v -0.155000 -0.030957 0.027650
v -0.155040 -0.030894 0.027650
v -0.158000 -0.030894 0.027650
v -0.158000 -0.030971 0.027650
v -0.158000 -0.033700 0.027650
v -0.158000 -0.036429 0.027650
v -0.158000 -0.030971 0.027650
v -0.160500 -0.033700 0.027200
v -0.158000 -0.033700 0.027200
v -0.160500 -0.036572 0.027700
v -0.158000 -0.036429 0.027650
v -0.158000 -0.036572 0.027700
v -0.158000 -0.030828 0.027700
v -0.160500 -0.030828 0.027700
v -0.155000 -0.030957 0.043750
v -0.155000 -0.033700 0.044205
v -0.155000 -0.030971 0.043750
v -0.155000 -0.033700 0.044200
v -0.155000 -0.036429 0.043750
v -0.155000 -0.036443 0.043750
v -0.155040 -0.025175 0.035700
v -0.154990 -0.025200 0.035700
v -0.155040 -0.025888 0.039112
v -0.154990 -0.025847 0.038953
v -0.155040 -0.027907 0.041954
v -0.154990 -0.027690 0.041710
v -0.154990 -0.030447 0.043553
v -0.154990 -0.042200 0.035700
v -0.155040 -0.042225 0.035700
v -0.154990 -0.041553 0.038953
v -0.155040 -0.041512 0.039112
v -0.154990 -0.039710 0.041710
v -0.155040 -0.039493 0.041954
v -0.154990 -0.036953 0.043553
v -0.155040 -0.036506 0.043750
v -0.155000 -0.036443 0.043750
v -0.155040 -0.030894 0.043750
v -0.155000 -0.030957 0.043750
v -0.155000 -0.033700 0.044205
v -0.154990 -0.033700 0.044200
v -0.158000 -0.025200 0.035700
v -0.154990 -0.025200 0.035700
v -0.158000 -0.025900 0.032322
v -0.154990 -0.025847 0.032447
v -0.158000 -0.027885 0.029501
v -0.154990 -0.027690 0.029690
v -0.158000 -0.030828 0.027700
v -0.154990 -0.030447 0.027847
v -0.155050 -0.030828 0.027700
v -0.155000 -0.030971 0.027650
v -0.155050 -0.030971 0.027650
v -0.155050 -0.036572 0.027700
v -0.155050 -0.036429 0.027650
v -0.154990 -0.036953 0.027847
v -0.155000 -0.036429 0.027650
v -0.154990 -0.033700 0.027200
v -0.155000 -0.033700 0.027200
v -0.154990 -0.042200 0.035700
v -0.158000 -0.042200 0.035700
v -0.154990 -0.041553 0.032447
v -0.158000 -0.041500 0.032322
v -0.154990 -0.039710 0.029690
v -0.158000 -0.039515 0.029500
v -0.158000 -0.036572 0.027700
v -0.155050 -0.030971 0.043750
v -0.155050 -0.036429 0.043750
v -0.158000 -0.030894 0.043750
v -0.155040 -0.030894 0.043750
v -0.155000 -0.030971 0.043750
v -0.155000 -0.036429 0.043750
v -0.155000 -0.036443 0.043750
v -0.155040 -0.036506 0.043750
v -0.158000 -0.036506 0.043750
v -0.158000 -0.036429 0.043750
v -0.158000 -0.033700 0.043750
v -0.158000 -0.030971 0.043750
v -0.155000 -0.030957 0.043750
v -0.158000 -0.036572 0.043700
v -0.158000 -0.039493 0.041954
v -0.158000 -0.039515 0.041900
v -0.158000 -0.041512 0.039112
v -0.158000 -0.041500 0.039078
v -0.158000 -0.042225 0.035700
v -0.158000 -0.042200 0.035700
v -0.158000 -0.041512 0.032288
v -0.158000 -0.041500 0.032322
v -0.158000 -0.039493 0.029446
v -0.158000 -0.039515 0.029500
v -0.158000 -0.036429 0.027650
v -0.158000 -0.036572 0.027700
v -0.158000 -0.036506 0.027650
v -0.158000 -0.036506 0.043750
v -0.158000 -0.036429 0.043750
v -0.158000 -0.030828 0.027700
v -0.158000 -0.027907 0.029446
v -0.158000 -0.027885 0.029501
v -0.158000 -0.025888 0.032288
v -0.158000 -0.025900 0.032322
v -0.158000 -0.025175 0.035700
v -0.158000 -0.025200 0.035700
v -0.158000 -0.025888 0.039112
v -0.158000 -0.025900 0.039078
v -0.158000 -0.027907 0.041954
v -0.158000 -0.027885 0.041900
v -0.158000 -0.030828 0.043700
v -0.158000 -0.030894 0.043750
v -0.158000 -0.030971 0.043750
v -0.158000 -0.030894 0.027650
v -0.158000 -0.030971 0.027650
v -0.158000 -0.036429 0.043750
v -0.158000 -0.033700 0.044200
v -0.158000 -0.033700 0.043750
v -0.158000 -0.030971 0.043750
v -0.155050 -0.036572 0.043700
v -0.155050 -0.036429 0.043750
v -0.155050 -0.030828 0.043700
v -0.155050 -0.030971 0.043750
v -0.158000 -0.042200 0.035700
v -0.154990 -0.042200 0.035700
v -0.158000 -0.041500 0.039078
v -0.154990 -0.041553 0.038953
v -0.158000 -0.039515 0.041900
v -0.154990 -0.039710 0.041710
v -0.158000 -0.036572 0.043700
v -0.154990 -0.036953 0.043553
v -0.155050 -0.036572 0.043700
v -0.155000 -0.036429 0.043750
v -0.155050 -0.036429 0.043750
v -0.155050 -0.030828 0.043700
v -0.155050 -0.030971 0.043750
v -0.154990 -0.030447 0.043553
v -0.155000 -0.030971 0.043750
v -0.154990 -0.033700 0.044200
v -0.155000 -0.033700 0.044200
v -0.154990 -0.025200 0.035700
v -0.158000 -0.025200 0.035700
v -0.154990 -0.025847 0.038953
v -0.158000 -0.025900 0.039078
v -0.154990 -0.027690 0.041710
v -0.158000 -0.027885 0.041900
v -0.158000 -0.030828 0.043700
v -0.158000 -0.036429 0.043750
v -0.160500 -0.033700 0.044200
v -0.158000 -0.033700 0.044200
v -0.160500 -0.030828 0.043700
v -0.158000 -0.030971 0.043750
v -0.158000 -0.030828 0.043700
v -0.158000 -0.036572 0.043700
v -0.160500 -0.036572 0.043700
v -0.155050 -0.036572 0.043700
v -0.155050 -0.030828 0.043700
v -0.158000 -0.036572 0.043700
v -0.158000 -0.030828 0.043700
v -0.160500 -0.033700 0.043700
v -0.160500 -0.030828 0.043700
v -0.160500 -0.036572 0.043700
v -0.160500 -0.036572 0.043700
v -0.160500 -0.033700 0.043700
v -0.160500 -0.033700 0.044200
v -0.160500 -0.030828 0.043700
v -0.165684 0.041700 0.125000
v -0.164150 0.041700 0.125000
v -0.165684 0.039643 0.125668
v -0.164150 0.039643 0.125668
v -0.165684 0.038371 0.127418
v -0.164150 0.038371 0.127418
v -0.165684 0.038371 0.129582
v -0.164150 0.038371 0.129582
v -0.165684 0.039643 0.131332
v -0.164150 0.039643 0.131332
v -0.165684 0.041700 0.132000
v -0.164150 0.041700 0.132000
v -0.165684 0.041700 0.132000
v -0.164150 0.041700 0.132000
v -0.165684 0.043757 0.131332
v -0.164150 0.043757 0.131332
v -0.165684 0.045029 0.129582
v -0.164150 0.045029 0.129582
v -0.165684 0.045029 0.127418
v -0.164150 0.045029 0.127418
v -0.165684 0.043757 0.125668
v -0.164150 0.043757 0.125668
v -0.165684 0.041700 0.125000
v -0.164150 0.041700 0.125000
v -0.165684 -0.016300 0.132000
v -0.164150 -0.016300 0.132000
v -0.165684 -0.014243 0.131332
v -0.164150 -0.014243 0.131332
v -0.165684 -0.012971 0.129582
v -0.164150 -0.012971 0.129582
v -0.165684 -0.012971 0.127418
v -0.164150 -0.012971 0.127418
v -0.165684 -0.014243 0.125668
v -0.164150 -0.014243 0.125668
v -0.165684 -0.016300 0.125000
v -0.164150 -0.016300 0.125000
v -0.165684 -0.016300 0.125000
v -0.164150 -0.016300 0.125000
v -0.165684 -0.018357 0.125668
v -0.164150 -0.018357 0.125668
v -0.165684 -0.019629 0.127418
v -0.164150 -0.019629 0.127418
v -0.165684 -0.019629 0.129582
v -0.164150 -0.019629 0.129582
v -0.165684 -0.018357 0.131332
v -0.164150 -0.018357 0.131332
v -0.165684 -0.016300 0.132000
v -0.164150 -0.016300 0.132000
v -0.165684 0.041700 0.066000
v -0.164150 0.041700 0.066000
v -0.165684 0.043195 0.065664
v -0.164150 0.043757 0.065332
v -0.165684 0.044211 0.064938
v -0.165684 0.044858 0.064009
v -0.164150 0.045029 0.063582
v -0.165684 0.045199 0.062422
v -0.164150 0.045029 0.061418
v -0.165684 0.044763 0.060806
v -0.165684 0.043837 0.059728
v -0.164150 0.043757 0.059668
v -0.164150 0.041700 0.059000
v -0.165684 0.041700 0.059000
v -0.165684 0.041700 0.059000
v -0.164150 0.041700 0.059000
v -0.165684 0.040205 0.059336
v -0.164150 0.039643 0.059668
v -0.165684 0.039189 0.060062
v -0.165684 0.038542 0.060991
v -0.164150 0.038371 0.061418
v -0.165684 0.038201 0.062578
v -0.164150 0.038371 0.063582
v -0.165684 0.038638 0.064195
v -0.165684 0.039563 0.065272
v -0.164150 0.039643 0.065332
v -0.164150 0.041700 0.066000
v -0.165684 0.041700 0.066000
v -0.165684 -0.016300 0.066000
v -0.164150 -0.016300 0.066000
v -0.165684 -0.014805 0.065664
v -0.164150 -0.014243 0.065332
v -0.165684 -0.013789 0.064938
v -0.165684 -0.013142 0.064009
v -0.164150 -0.012971 0.063582
v -0.165684 -0.012801 0.062422
v -0.164150 -0.012971 0.061418
v -0.165684 -0.013238 0.060806
v -0.165684 -0.014163 0.059728
v -0.164150 -0.014243 0.059668
v -0.164150 -0.016300 0.059000
v -0.165684 -0.016300 0.059000
v -0.165684 -0.016300 0.059000
v -0.164150 -0.016300 0.059000
v -0.165684 -0.017795 0.059336
v -0.164150 -0.018357 0.059668
v -0.165684 -0.018811 0.060062
v -0.165684 -0.019458 0.060991
v -0.164150 -0.019629 0.061418
v -0.165684 -0.019799 0.062578
v -0.164150 -0.019629 0.063582
v -0.165684 -0.019362 0.064195
v -0.165684 -0.018437 0.065272
v -0.164150 -0.018357 0.065332
v -0.164150 -0.016300 0.066000
v -0.165684 -0.016300 0.066000
v -0.095936 -0.064396 0.012082
v -0.095923 -0.064834 0.012448
v -0.094000 -0.064707 0.012293
v -0.094000 -0.064000 0.012000
v -0.095939 -0.064000 0.012000
v -0.095904 -0.065000 0.013000
v -0.094000 -0.065000 0.013000
v -0.096939 -0.040052 0.011018
v -0.096939 -0.064000 0.011018
v -0.096640 -0.040052 0.011713
v -0.096640 -0.064000 0.011713
v -0.095939 -0.040052 0.012000
v -0.095939 -0.064000 0.012000
v -0.096921 -0.065737 0.012025
v -0.096904 -0.066000 0.013018
v -0.096850 -0.065448 0.012247
v -0.096770 -0.065500 0.013015
v -0.096630 -0.065084 0.012295
v -0.096404 -0.065134 0.013009
v -0.096294 -0.064835 0.012331
v -0.095904 -0.065000 0.013000
v -0.095923 -0.064834 0.012448
v -0.095936 -0.064396 0.012082
v -0.096306 -0.064220 0.011953
v -0.096643 -0.064517 0.011815
v -0.096640 -0.064000 0.011713
v -0.096868 -0.064169 0.011377
v -0.096939 -0.064000 0.011018
v -0.096934 -0.065014 0.011294
v -0.096862 -0.064931 0.011660
v -0.095939 -0.064000 0.012000
v -0.096852 -0.065748 0.014143
v -0.096812 -0.065629 0.014202
v -0.096904 -0.066000 0.013018
v -0.096695 -0.065419 0.014305
v -0.096770 -0.065500 0.013015
v -0.096404 -0.065134 0.013009
v -0.096508 -0.065222 0.014400
v -0.096221 -0.065061 0.014476
v -0.095895 -0.065000 0.014500
v -0.095878 -0.065000 0.014500
v -0.095904 -0.065000 0.013000
v -0.096886 -0.066000 0.014017
v -0.096997 -0.037899 0.007685
v -0.096981 -0.039492 0.008584
v -0.096958 -0.038080 0.007949
v -0.096959 -0.039503 0.008763
v -0.096846 -0.038014 0.008102
v -0.096758 -0.038131 0.008230
v -0.096850 -0.036915 0.007857
v -0.096500 -0.036915 0.008000
v -0.097000 -0.036915 0.007509
v -0.096974 -0.040017 0.008983
v -0.097000 -0.014085 0.007507
v -0.096851 -0.014085 0.007856
v -0.097000 -0.013782 0.007527
v -0.096961 -0.013741 0.007716
v -0.096997 -0.013170 0.007662
v -0.096989 -0.013187 0.007741
v -0.096994 -0.012712 0.007843
v -0.096936 -0.012741 0.008078
v -0.096990 -0.012235 0.008096
v -0.096973 -0.012266 0.008216
v -0.096987 -0.011947 0.008276
v -0.096984 -0.011900 0.008343
v -0.096983 -0.011658 0.008475
v -0.096945 -0.011666 0.008692
v -0.096979 -0.011321 0.008723
v -0.096969 -0.011307 0.008843
v -0.096974 -0.010983 0.008983
v -0.096794 -0.012688 0.008291
v -0.096850 -0.012380 0.008403
v -0.096904 -0.012033 0.008540
v -0.096873 -0.013263 0.007970
v -0.096796 -0.013771 0.007925
v -0.096585 -0.013680 0.008031
v -0.096500 -0.014085 0.008000
v -0.096689 -0.013199 0.008132
v -0.096997 0.013101 0.007685
v -0.096981 0.011508 0.008584
v -0.096958 0.012920 0.007949
v -0.096959 0.011497 0.008763
v -0.096846 0.012986 0.008102
v -0.096758 0.012869 0.008230
v -0.096850 0.014085 0.007857
v -0.096500 0.014085 0.008000
v -0.097000 0.014085 0.007509
v -0.096974 0.010983 0.008983
v -0.096930 0.010939 0.011509
v -0.096930 -0.010939 0.011509
v -0.096781 0.010939 0.011857
v -0.096781 -0.010939 0.011857
v -0.096430 0.010939 0.012000
v -0.096430 -0.010939 0.012000
v -0.094000 0.064707 0.012293
v -0.095923 0.064831 0.012444
v -0.095936 0.064382 0.012076
v -0.095939 0.064000 0.012000
v -0.094000 0.064000 0.012000
v -0.095904 0.065000 0.013000
v -0.094000 0.065000 0.013000
v -0.097000 0.036915 0.007507
v -0.097000 0.014085 0.007509
v -0.096851 0.036915 0.007856
v -0.096850 0.014085 0.007857
v -0.096500 0.036915 0.008000
v -0.096500 0.014085 0.008000
v -0.097000 -0.014085 0.007507
v -0.097000 -0.036915 0.007509
v -0.096851 -0.014085 0.007856
v -0.096850 -0.036915 0.007857
v -0.096500 -0.014085 0.008000
v -0.096500 -0.036915 0.008000
v 0.076067 -0.090807 0.014000
v 0.080000 -0.091500 0.014000
v 0.086500 -0.086500 0.014000
v 0.083933 -0.090807 0.014000
v 0.072608 -0.071190 0.014000
v 0.073500 -0.073500 0.014000
v 0.076067 -0.069193 0.014000
v 0.086500 -0.073500 0.014000
v 0.080000 -0.068500 0.014000
v 0.083933 -0.069193 0.014000
v 0.087392 -0.088810 0.014000
v 0.089959 -0.085750 0.014000
v 0.091325 -0.081997 0.014000
v 0.091325 -0.078003 0.014000
v 0.089959 -0.074250 0.014000
v 0.087392 -0.071190 0.014000
v 0.073500 -0.086500 0.014000
v 0.070041 -0.074250 0.014000
v 0.068675 -0.078003 0.014000
v 0.068675 -0.081997 0.014000
v 0.070041 -0.085750 0.014000
v 0.072608 -0.088810 0.014000
v -0.083933 -0.090807 0.014000
v -0.080000 -0.091500 0.014000
v -0.073500 -0.086500 0.014000
v -0.076067 -0.090807 0.014000
v -0.087392 -0.071190 0.014000
v -0.086500 -0.073500 0.014000
v -0.083933 -0.069193 0.014000
v -0.073500 -0.073500 0.014000
v -0.080000 -0.068500 0.014000
v -0.076067 -0.069193 0.014000
v -0.072608 -0.088810 0.014000
v -0.070041 -0.085750 0.014000
v -0.068675 -0.081997 0.014000
v -0.068675 -0.078003 0.014000
v -0.070041 -0.074250 0.014000
v -0.072608 -0.071190 0.014000
v -0.086500 -0.086500 0.014000
v -0.089959 -0.074250 0.014000
v -0.091325 -0.078003 0.014000
v -0.091325 -0.081997 0.014000
v -0.089959 -0.085750 0.014000
v -0.087392 -0.088810 0.014000
v -0.095878 -0.065146 0.014854
v -0.095878 -0.065000 0.014500
v -0.095894 -0.065062 0.014740
v -0.095890 -0.065314 0.014964
v -0.095884 -0.065500 0.015000
v -0.095895 -0.065000 0.014500
v -0.096852 -0.065748 0.014143
v -0.096886 -0.066000 0.014017
v -0.096857 -0.065834 0.014230
v -0.096853 -0.065881 0.014255
v -0.096781 -0.065703 0.014434
v -0.096762 -0.065766 0.014484
v -0.096619 -0.065530 0.014657
v -0.096625 -0.065670 0.014674
v -0.096577 -0.065638 0.014723
v -0.096444 -0.065590 0.014830
v -0.096335 -0.065386 0.014862
v -0.096360 -0.065556 0.014881
v -0.096080 -0.065404 0.014969
v -0.096238 -0.065535 0.014936
v -0.095951 -0.065502 0.014998
v -0.095894 -0.065062 0.014740
v -0.095895 -0.065000 0.014500
v -0.096251 -0.065088 0.014592
v -0.096221 -0.065061 0.014476
v -0.096547 -0.065275 0.014504
v -0.096508 -0.065222 0.014400
v -0.096740 -0.065514 0.014389
v -0.096695 -0.065419 0.014305
v -0.096812 -0.065629 0.014202
v -0.095995 -0.065258 0.014929
v -0.096351 -0.065277 0.014787
v -0.096349 -0.065188 0.014689
v -0.096632 -0.065430 0.014570
v -0.095890 -0.065314 0.014964
v -0.095884 -0.065500 0.015000
v -0.087000 -0.096321 0.007500
v -0.086943 -0.096222 0.014018
v -0.091142 -0.093142 0.007500
v -0.091062 -0.093062 0.014018
v -0.094321 -0.089000 0.007500
v -0.094222 -0.088943 0.014018
v -0.096318 -0.084176 0.007500
v -0.096209 -0.084147 0.014018
v -0.097000 -0.079000 0.007500
v -0.096886 -0.079000 0.014018
v -0.082147 -0.098209 0.014018
v -0.082176 -0.098319 0.007500
v -0.077000 -0.098886 0.014018
v -0.077000 -0.099000 0.007500
v -0.092000 -0.062000 0.012000
v -0.092586 -0.063414 0.012000
v -0.091293 -0.062000 0.012293
v -0.092086 -0.063914 0.012293
v -0.091000 -0.062000 0.013000
v -0.091402 -0.063500 0.013000
v -0.094000 -0.064000 0.012000
v -0.094000 -0.064707 0.012293
v -0.092500 -0.064598 0.013000
v -0.094000 -0.065000 0.013000
v -0.095904 -0.065000 0.013000
v -0.095878 -0.065000 0.014500
v -0.094000 -0.065000 0.013000
v -0.094000 -0.065000 0.014500
v -0.095920 -0.013368 0.008613
v -0.095768 -0.013388 0.008976
v -0.096945 -0.011666 0.008692
v -0.096853 -0.011826 0.008978
v -0.096969 -0.011307 0.008843
v -0.096974 -0.010983 0.008983
v -0.096850 -0.012380 0.008403
v -0.096794 -0.012688 0.008291
v -0.096689 -0.013199 0.008132
v -0.095835 -0.013713 0.008282
v -0.096585 -0.013680 0.008031
v -0.095764 -0.014154 0.008067
v -0.096500 -0.014085 0.008000
v -0.095962 -0.014454 0.008000
v -0.093975 -0.014983 0.008000
v -0.093975 -0.014282 0.008287
v -0.093975 -0.013983 0.008983
v -0.096904 -0.012033 0.008540
v -0.093930 -0.013789 0.011857
v -0.093930 -0.013439 0.012000
v -0.094911 -0.013615 0.011857
v -0.095277 -0.013259 0.011966
v -0.096267 -0.012571 0.011857
v -0.096255 -0.012278 0.011966
v -0.096781 -0.010939 0.011857
v -0.096430 -0.010939 0.012000
v -0.096930 -0.010939 0.011509
v -0.096594 -0.012319 0.011512
v -0.096202 -0.012840 0.011690
v -0.096097 -0.012187 0.012000
v -0.095186 -0.013101 0.012000
v -0.095207 -0.013654 0.011512
v -0.094449 -0.013856 0.011690
v -0.093930 -0.013939 0.011509
v -0.091444 -0.038053 0.012000
v -0.093939 -0.038053 0.012000
v -0.092000 -0.040088 0.012000
v -0.094949 -0.038327 0.012000
v -0.095939 -0.040052 0.012000
v -0.095673 -0.039056 0.012000
v -0.092000 -0.062000 0.012000
v -0.095939 -0.064000 0.012000
v -0.092586 -0.063414 0.012000
v -0.094000 -0.064000 0.012000
v -0.095673 -0.039056 0.012000
v -0.094949 -0.038327 0.012000
v -0.095989 -0.038875 0.011931
v -0.095134 -0.038012 0.011931
v -0.096156 -0.038509 0.011713
v -0.094877 -0.037520 0.011713
v -0.096186 -0.038180 0.011381
v -0.094456 -0.037174 0.011381
v -0.095922 -0.037802 0.011025
v -0.094384 -0.037086 0.011020
v -0.093939 -0.038053 0.012000
v -0.093939 -0.037352 0.011713
v -0.096673 -0.038818 0.011023
v -0.096939 -0.040052 0.011018
v -0.096640 -0.040052 0.011713
v -0.095939 -0.040052 0.012000
v -0.093939 -0.037053 0.011018
v -0.096939 -0.064000 0.011018
v -0.096939 -0.040052 0.011018
v -0.096974 -0.040017 0.008983
v -0.096981 -0.039492 0.008584
v -0.096997 -0.037899 0.007685
v -0.097000 -0.036915 0.007509
v -0.097000 -0.079000 0.007500
v -0.096886 -0.079000 0.014018
v -0.096886 -0.066000 0.014017
v -0.096904 -0.066000 0.013018
v -0.096921 -0.065737 0.012025
v -0.096934 -0.065014 0.011294
v -0.094983 -0.036146 0.008000
v -0.096500 -0.036915 0.008000
v -0.095802 -0.036868 0.008066
v -0.096758 -0.038131 0.008230
v -0.096761 -0.038242 0.008282
v -0.096959 -0.039503 0.008763
v -0.096401 -0.038124 0.008613
v -0.096339 -0.038171 0.008976
v -0.094675 -0.037100 0.008979
v -0.093975 -0.036718 0.008287
v -0.095269 -0.036979 0.008283
v -0.094692 -0.037025 0.008616
v -0.093975 -0.036017 0.008000
v -0.093975 -0.037017 0.008983
v -0.096974 -0.040017 0.008983
v -0.093975 -0.014983 0.008000
v -0.095962 -0.014454 0.008000
v -0.080983 -0.034018 0.008000
v -0.080983 -0.016982 0.008000
v -0.081248 -0.015986 0.008000
v -0.081972 -0.015257 0.008000
v -0.082982 -0.014983 0.008000
v -0.096500 -0.014085 0.008000
v -0.096500 -0.036915 0.008000
v -0.094983 -0.036146 0.008000
v -0.093975 -0.036017 0.008000
v -0.082982 -0.036017 0.008000
v -0.081986 -0.035752 0.008000
v -0.081257 -0.035028 0.008000
v -0.096939 0.040052 0.011018
v -0.096712 0.038908 0.011023
v -0.096640 0.040052 0.011713
v -0.096182 0.038176 0.011381
v -0.096153 0.038506 0.011713
v -0.094869 0.037517 0.011713
v -0.095127 0.038008 0.011931
v -0.093939 0.037352 0.011713
v -0.093939 0.038053 0.012000
v -0.093939 0.037053 0.011018
v -0.094367 0.037083 0.011020
v -0.094451 0.037173 0.011381
v -0.096047 0.037919 0.011025
v -0.094944 0.038323 0.012000
v -0.095672 0.039054 0.012000
v -0.095988 0.038872 0.011931
v -0.095939 0.040052 0.012000
v -0.095920 0.037632 0.008613
v -0.095768 0.037612 0.008976
v -0.096945 0.039334 0.008692
v -0.096853 0.039174 0.008978
v -0.096969 0.039693 0.008843
v -0.096974 0.040017 0.008983
v -0.096850 0.038620 0.008403
v -0.096794 0.038312 0.008291
v -0.096689 0.037801 0.008132
v -0.095835 0.037287 0.008282
v -0.096585 0.037320 0.008031
v -0.095764 0.036846 0.008067
v -0.096500 0.036915 0.008000
v -0.095962 0.036546 0.008000
v -0.093975 0.036017 0.008000
v -0.093975 0.036718 0.008287
v -0.093975 0.037017 0.008983
v -0.096904 0.038967 0.008540
v -0.097000 -0.014085 0.007507
v -0.097000 -0.013782 0.007527
v -0.096997 0.013101 0.007685
v -0.096997 -0.013170 0.007662
v -0.096981 0.011508 0.008584
v -0.096994 -0.012712 0.007843
v -0.096990 -0.012235 0.008096
v -0.096930 -0.010939 0.011509
v -0.096930 0.010939 0.011509
v -0.096974 -0.010983 0.008983
v -0.096974 0.010983 0.008983
v -0.096979 -0.011321 0.008723
v -0.096983 -0.011658 0.008475
v -0.096987 -0.011947 0.008276
v -0.097000 0.014085 0.007509
v -0.094631 0.014929 0.008000
v -0.096500 0.014085 0.008000
v -0.095802 0.014133 0.008066
v -0.096758 0.012869 0.008230
v -0.096761 0.012758 0.008282
v -0.096959 0.011497 0.008763
v -0.096401 0.012877 0.008613
v -0.096339 0.012829 0.008976
v -0.094675 0.013900 0.008979
v -0.093975 0.014282 0.008287
v -0.095269 0.014021 0.008283
v -0.094692 0.013975 0.008616
v -0.093975 0.014983 0.008000
v -0.093975 0.013983 0.008983
v -0.096974 0.010983 0.008983
v -0.091101 0.013439 0.012000
v -0.093930 0.013439 0.012000
v -0.091531 0.012792 0.012000
v -0.095178 0.013106 0.012000
v -0.092000 0.010912 0.012000
v -0.096092 0.012195 0.012000
v -0.096430 0.010939 0.012000
v -0.092000 -0.010912 0.012000
v -0.096430 -0.010939 0.012000
v -0.091871 -0.011920 0.012000
v -0.096097 -0.012187 0.012000
v -0.091101 -0.013439 0.012000
v -0.095186 -0.013101 0.012000
v -0.093930 -0.013439 0.012000
v -0.093930 0.013939 0.011509
v -0.095538 0.013472 0.011512
v -0.093930 0.013789 0.011857
v -0.095831 0.013211 0.011690
v -0.095562 0.013276 0.011857
v -0.096607 0.011920 0.011857
v -0.096250 0.012286 0.011966
v -0.096781 0.010939 0.011857
v -0.096430 0.010939 0.012000
v -0.096092 0.012195 0.012000
v -0.095178 0.013106 0.012000
v -0.095269 0.013263 0.011966
v -0.096645 0.012215 0.011512
v -0.096847 0.011458 0.011690
v -0.096930 0.010939 0.011509
v -0.093930 0.013439 0.012000
v -0.093975 0.036017 0.008000
v -0.095962 0.036546 0.008000
v -0.080983 0.016982 0.008000
v -0.080983 0.034018 0.008000
v -0.081248 0.035014 0.008000
v -0.081972 0.035743 0.008000
v -0.082982 0.036017 0.008000
v -0.096500 0.036915 0.008000
v -0.096500 0.014085 0.008000
v -0.094631 0.014929 0.008000
v -0.093975 0.014983 0.008000
v -0.082982 0.014983 0.008000
v -0.081986 0.015248 0.008000
v -0.081257 0.015972 0.008000
v 0.100000 0.020000 0.012448
v 0.100000 -0.020000 0.012448
v 0.100000 0.022474 0.011785
v 0.100000 -0.022474 0.011785
v 0.100000 0.024285 0.009974
v 0.100000 -0.024285 0.009974
v 0.100000 0.024948 0.007500
v 0.100000 -0.024948 0.007500
v 0.100000 0.024285 0.005026
v 0.100000 -0.024285 0.005026
v 0.100000 0.022474 0.003215
v 0.100000 -0.022474 0.003215
v 0.100000 0.020000 0.002552
v 0.100000 -0.020000 0.002552
v 0.098844 -0.020000 0.002532
v 0.098844 0.020000 0.002532
v 0.100000 -0.020000 0.002552
v 0.100000 0.020000 0.002552
v -0.094000 0.064000 0.012000
v -0.092586 0.063414 0.012000
v -0.094000 0.064707 0.012293
v -0.092086 0.063914 0.012293
v -0.094000 0.065000 0.013000
v -0.092500 0.064598 0.013000
v -0.092000 0.062000 0.012000
v -0.091293 0.062000 0.012293
v -0.091402 0.063500 0.013000
v -0.091000 0.062000 0.013000
v -0.095939 0.040052 0.012000
v -0.092000 0.040088 0.012000
v -0.095939 0.064000 0.012000
v -0.092000 0.062000 0.012000
v -0.094000 0.064000 0.012000
v -0.092586 0.063414 0.012000
v -0.091444 0.038053 0.012000
v -0.095672 0.039054 0.012000
v -0.094944 0.038323 0.012000
v -0.093939 0.038053 0.012000
v -0.083933 0.069193 0.014000
v -0.080000 0.068500 0.014000
v -0.073500 0.073500 0.014000
v -0.076067 0.069193 0.014000
v -0.087392 0.088810 0.014000
v -0.086500 0.086500 0.014000
v -0.083933 0.090807 0.014000
v -0.073500 0.086500 0.014000
v -0.080000 0.091500 0.014000
v -0.076067 0.090807 0.014000
v -0.072608 0.071190 0.014000
v -0.070041 0.074250 0.014000
v -0.068675 0.078003 0.014000
v -0.068675 0.081997 0.014000
v -0.070041 0.085750 0.014000
v -0.072608 0.088810 0.014000
v -0.086500 0.073500 0.014000
v -0.089959 0.085750 0.014000
v -0.091325 0.081997 0.014000
v -0.091325 0.078003 0.014000
v -0.089959 0.074250 0.014000
v -0.087392 0.071190 0.014000
v -0.096743 0.065492 0.014269
v -0.096783 0.065581 0.014315
v -0.096849 0.065739 0.014147
v -0.096858 0.065786 0.014185
v -0.096886 0.066000 0.014017
v -0.096849 0.065873 0.014270
v -0.096350 0.065221 0.014732
v -0.095997 0.065073 0.014744
v -0.096345 0.065319 0.014822
v -0.095890 0.065244 0.014929
v -0.096243 0.065415 0.014919
v -0.095884 0.065500 0.015000
v -0.096211 0.065530 0.014946
v -0.096583 0.065289 0.014368
v -0.096620 0.065355 0.014485
v -0.096337 0.065145 0.014623
v -0.095894 0.065030 0.014669
v -0.096085 0.065034 0.014600
v -0.096366 0.065127 0.014454
v -0.096377 0.065133 0.014442
v -0.096150 0.065038 0.014486
v -0.096541 0.065507 0.014738
v -0.096500 0.065610 0.014790
v -0.096737 0.065625 0.014503
v -0.096638 0.065677 0.014659
v -0.096760 0.065764 0.014487
v -0.096631 0.065442 0.014585
v -0.095895 0.065000 0.014500
v -0.094000 0.065000 0.014500
v -0.095878 0.065000 0.014500
v -0.094000 0.065000 0.013000
v -0.095904 0.065000 0.013000
v -0.095895 0.065000 0.014500
v -0.095878 0.065000 0.014500
v -0.095894 0.065030 0.014669
v -0.095878 0.065029 0.014668
v -0.095890 0.065244 0.014929
v -0.095878 0.065241 0.014928
v -0.095884 0.065500 0.015000
v 0.086500 0.086500 0.014000
v 0.086500 0.086500 0.000000
v 0.086500 0.073500 0.014000
v 0.086500 0.073500 0.000000
v 0.086500 0.086500 0.014000
v 0.073500 0.086500 0.014000
v 0.086500 0.086500 0.000000
v 0.073500 0.086500 0.000000
v 0.073500 0.073500 0.014000
v 0.073500 0.073500 0.000000
v 0.073500 0.086500 0.014000
v 0.073500 0.086500 0.000000
v 0.073500 0.073500 0.014000
v 0.086500 0.073500 0.014000
v 0.073500 0.073500 0.000000
v 0.086500 0.073500 0.000000
v 0.086500 -0.073500 0.014000
v 0.086500 -0.073500 0.000000
v 0.086500 -0.086500 0.014000
v 0.086500 -0.086500 0.000000
v 0.086500 -0.073500 0.014000
v 0.073500 -0.073500 0.014000
v 0.086500 -0.073500 0.000000
v 0.073500 -0.073500 0.000000
v 0.073500 -0.086500 0.014000
v 0.073500 -0.086500 0.000000
v 0.073500 -0.073500 0.014000
v 0.073500 -0.073500 0.000000
v 0.073500 -0.086500 0.014000
v 0.086500 -0.086500 0.014000
v 0.073500 -0.086500 0.000000
v 0.086500 -0.086500 0.000000
v -0.073500 0.086500 0.014000
v -0.073500 0.086500 0.000000
v -0.073500 0.073500 0.014000
v -0.073500 0.073500 0.000000
v -0.073500 0.086500 0.014000
v -0.086500 0.086500 0.014000
v -0.073500 0.086500 0.000000
v -0.086500 0.086500 0.000000
v -0.086500 0.073500 0.014000
v -0.086500 0.073500 0.000000
v -0.086500 0.086500 0.014000
v -0.086500 0.086500 0.000000
v -0.086500 0.073500 0.014000
v -0.073500 0.073500 0.014000
v -0.086500 0.073500 0.000000
v -0.073500 0.073500 0.000000
v -0.073500 -0.073500 0.014000
v -0.073500 -0.073500 0.000000
v -0.073500 -0.086500 0.014000
v -0.073500 -0.086500 0.000000
v -0.073500 -0.073500 0.014000
v -0.086500 -0.073500 0.014000
v -0.073500 -0.073500 0.000000
v -0.086500 -0.073500 0.000000
v -0.086500 -0.086500 0.014000
v -0.086500 -0.086500 0.000000
v -0.086500 -0.073500 0.014000
v -0.086500 -0.073500 0.000000
v -0.086500 -0.086500 0.014000
v -0.073500 -0.086500 0.014000
v -0.086500 -0.086500 0.000000
v -0.073500 -0.086500 0.000000
v -0.077000 -0.098869 -0.000000
v 0.077000 -0.098869 0.000000
v 0.020000 -0.098875 0.000317
v -0.020000 -0.098875 0.000317
v -0.022116 -0.098880 0.000634
v -0.024631 -0.098904 0.001999
v -0.026558 -0.098948 0.004523
v -0.027215 -0.099000 0.007500
v -0.077000 -0.099000 0.007500
v 0.077000 -0.099000 0.007500
v 0.027215 -0.099000 0.007500
v 0.026706 -0.098954 0.004870
v 0.025277 -0.098915 0.002612
v 0.022697 -0.098884 0.000840
v -0.086935 -0.096207 -0.000000
v -0.087000 -0.096321 0.007500
v -0.091050 -0.093050 -0.000000
v -0.091142 -0.093142 0.007500
v -0.094207 -0.088935 -0.000000
v -0.094321 -0.089000 0.007500
v -0.096192 -0.084143 -0.000000
v -0.096318 -0.084176 0.007500
v -0.096869 -0.079000 0.000000
v -0.097000 -0.079000 0.007500
v -0.082176 -0.098319 0.007500
v -0.082143 -0.098192 -0.000000
v -0.077000 -0.099000 0.007500
v -0.077000 -0.098869 -0.000000
v -0.096743 0.065492 0.014269
v -0.096611 0.065293 0.013012
v -0.096583 0.065289 0.014368
v -0.095895 0.065000 0.014500
v -0.096377 0.065133 0.014442
v -0.096150 0.065038 0.014486
v -0.096849 0.065739 0.014147
v -0.096886 0.066000 0.014017
v -0.096904 0.066000 0.013018
v -0.095904 0.065000 0.013000
v -0.095878 0.065000 0.014500
v -0.096904 0.066000 0.013018
v -0.096850 0.065446 0.012243
v -0.096611 0.065293 0.013012
v -0.096630 0.065081 0.012290
v -0.096294 0.064830 0.012325
v -0.096643 0.064499 0.011807
v -0.096306 0.064209 0.011950
v -0.096640 0.064000 0.011713
v -0.095939 0.064000 0.012000
v -0.096921 0.065737 0.012025
v -0.096863 0.064914 0.011648
v -0.096868 0.064160 0.011376
v -0.096934 0.065014 0.011294
v -0.095936 0.064382 0.012076
v -0.095923 0.064831 0.012444
v -0.095904 0.065000 0.013000
v -0.096939 0.064000 0.011018
v -0.096939 0.064000 0.011018
v -0.096939 0.040052 0.011018
v -0.096640 0.064000 0.011713
v -0.096640 0.040052 0.011713
v -0.095939 0.064000 0.012000
v -0.095939 0.040052 0.012000
v -0.097000 0.036915 0.007507
v -0.096851 0.036915 0.007856
v -0.097000 0.037218 0.007527
v -0.096961 0.037259 0.007716
v -0.096997 0.037830 0.007662
v -0.096989 0.037813 0.007741
v -0.096994 0.038288 0.007843
v -0.096936 0.038259 0.008078
v -0.096990 0.038765 0.008096
v -0.096973 0.038734 0.008216
v -0.096987 0.039053 0.008276
v -0.096984 0.039100 0.008343
v -0.096983 0.039342 0.008475
v -0.096945 0.039334 0.008692
v -0.096979 0.039679 0.008723
v -0.096969 0.039693 0.008843
v -0.096974 0.040017 0.008983
v -0.096794 0.038312 0.008291
v -0.096850 0.038620 0.008403
v -0.096904 0.038967 0.008540
v -0.096873 0.037737 0.007970
v -0.096796 0.037229 0.007925
v -0.096585 0.037320 0.008031
v -0.096500 0.036915 0.008000
v -0.096689 0.037801 0.008132
v -0.097000 -0.079000 0.007500
v -0.097000 -0.036915 0.007509
v -0.097000 -0.014085 0.007507
v -0.097000 0.036915 0.007507
v -0.097000 0.079000 0.007500
v -0.096869 0.079000 -0.000000
v -0.096869 -0.079000 0.000000
v -0.097000 0.014085 0.007509
v 0.076067 0.069193 0.014000
v 0.080000 0.068500 0.014000
v 0.086500 0.073500 0.014000
v 0.083933 0.069193 0.014000
v 0.072608 0.088810 0.014000
v 0.073500 0.086500 0.014000
v 0.076067 0.090807 0.014000
v 0.086500 0.086500 0.014000
v 0.080000 0.091500 0.014000
v 0.083933 0.090807 0.014000
v 0.087392 0.071190 0.014000
v 0.089959 0.074250 0.014000
v 0.091325 0.078003 0.014000
v 0.091325 0.081997 0.014000
v 0.089959 0.085750 0.014000
v 0.087392 0.088810 0.014000
v 0.073500 0.073500 0.014000
v 0.070041 0.085750 0.014000
v 0.068675 0.081997 0.014000
v 0.068675 0.078003 0.014000
v 0.070041 0.074250 0.014000
v 0.072608 0.071190 0.014000
v 0.091325 -0.078003 0.014000
v 0.089959 -0.074250 0.015000
v 0.089959 -0.074250 0.014000
v 0.087392 -0.071190 0.015000
v 0.087392 -0.071190 0.014000
v 0.083933 -0.069193 0.015000
v 0.083933 -0.069193 0.014000
v 0.080000 -0.068500 0.015000
v 0.080000 -0.068500 0.014000
v 0.091325 -0.078003 0.015000
v 0.091325 -0.081997 0.014000
v 0.091325 -0.081997 0.015000
v 0.089959 -0.085750 0.014000
v 0.089959 -0.085750 0.015000
v 0.087392 -0.088810 0.014000
v 0.087392 -0.088810 0.015000
v 0.083933 -0.090807 0.014000
v 0.083933 -0.090807 0.015000
v 0.080000 -0.091500 0.014000
v 0.080000 -0.091500 0.015000
v 0.068675 -0.081997 0.014000
v 0.070041 -0.085750 0.015000
v 0.070041 -0.085750 0.014000
v 0.072608 -0.088810 0.015000
v 0.072608 -0.088810 0.014000
v 0.076067 -0.090807 0.015000
v 0.076067 -0.090807 0.014000
v 0.080000 -0.091500 0.015000
v 0.080000 -0.091500 0.014000
v 0.068675 -0.081997 0.015000
v 0.068675 -0.078003 0.014000
v 0.068675 -0.078003 0.015000
v 0.070041 -0.074250 0.014000
v 0.070041 -0.074250 0.015000
v 0.072608 -0.071190 0.014000
v 0.072608 -0.071190 0.015000
v 0.076067 -0.069193 0.014000
v 0.076067 -0.069193 0.015000
v 0.080000 -0.068500 0.014000
v 0.080000 -0.068500 0.015000
v 0.069500 -0.088500 0.015000
v 0.069500 -0.088500 0.000000
v 0.069500 -0.095500 0.015000
v 0.069500 -0.095500 0.000000
v 0.062500 -0.095500 0.000000
v 0.062500 -0.095500 0.015000
v 0.069500 -0.095500 0.000000
v 0.069500 -0.095500 0.015000
v 0.062500 -0.095500 0.015000
v 0.062500 -0.095500 0.000000
v 0.062500 -0.088500 0.015000
v 0.062500 -0.088500 0.000000
v 0.069500 -0.088500 0.000000
v 0.069500 -0.088500 0.015000
v 0.062500 -0.088500 0.000000
v 0.062500 -0.088500 0.015000
v 0.044003 -0.091749 0.015000
v 0.045518 -0.090138 0.015000
v 0.042750 -0.091677 0.015287
v 0.044926 -0.089763 0.015287
v 0.043417 -0.090939 0.015983
v 0.044673 -0.089603 0.015983
v 0.041756 -0.091714 0.015983
v 0.039925 -0.091817 0.015983
v 0.039885 -0.092114 0.015287
v 0.042000 -0.092684 0.015000
v 0.039792 -0.092808 0.015000
v -0.025212 -0.100000 0.005864
v -0.025196 -0.099237 0.004199
v -0.024070 -0.100000 0.003892
v -0.022862 -0.099193 0.002049
v -0.022226 -0.100000 0.002554
v -0.020000 -0.099188 0.001358
v -0.020000 -0.100000 0.002081
v -0.025483 -0.100000 0.007500
v -0.026209 -0.099272 0.007500
v -0.026558 -0.098948 0.004523
v -0.027215 -0.099000 0.007500
v -0.020000 -0.098875 0.000317
v -0.022116 -0.098880 0.000634
v -0.024631 -0.098904 0.001999
v 0.020000 -0.099188 0.001358
v 0.020000 -0.100000 0.002081
v -0.020000 -0.099188 0.001358
v -0.020000 -0.098875 0.000317
v 0.020000 -0.098875 0.000317
v -0.020000 -0.100000 0.002081
v 0.022697 -0.098884 0.000840
v 0.025277 -0.098915 0.002612
v 0.023287 -0.099198 0.002295
v 0.025428 -0.099245 0.004597
v 0.024031 -0.100000 0.003849
v 0.025246 -0.100000 0.005970
v 0.020000 -0.098875 0.000317
v 0.020000 -0.099188 0.001358
v 0.021637 -0.100000 0.002331
v 0.026209 -0.099271 0.007500
v 0.025483 -0.100000 0.007500
v 0.026706 -0.098954 0.004870
v 0.027215 -0.099000 0.007500
v 0.020000 -0.100000 0.002081
v -0.077000 -0.099000 0.007500
v -0.027215 -0.099000 0.007500
v -0.026616 -0.098950 0.010347
v -0.025593 -0.098921 0.012026
v -0.023642 -0.098886 0.014018
v -0.077000 -0.098886 0.014018
v -0.023015 -0.098886 0.014023
v -0.068675 -0.078003 0.014000
v -0.070041 -0.074250 0.015000
v -0.070041 -0.074250 0.014000
v -0.072608 -0.071190 0.015000
v -0.072608 -0.071190 0.014000
v -0.076067 -0.069193 0.015000
v -0.076067 -0.069193 0.014000
v -0.080000 -0.068500 0.015000
v -0.080000 -0.068500 0.014000
v -0.068675 -0.078003 0.015000
v -0.068675 -0.081997 0.014000
v -0.068675 -0.081997 0.015000
v -0.070041 -0.085750 0.014000
v -0.070041 -0.085750 0.015000
v -0.072608 -0.088810 0.014000
v -0.072608 -0.088810 0.015000
v -0.076067 -0.090807 0.014000
v -0.076067 -0.090807 0.015000
v -0.080000 -0.091500 0.014000
v -0.080000 -0.091500 0.015000
v -0.091325 -0.081997 0.014000
v -0.089959 -0.085750 0.015000
v -0.089959 -0.085750 0.014000
v -0.087392 -0.088810 0.015000
v -0.087392 -0.088810 0.014000
v -0.083933 -0.090807 0.015000
v -0.083933 -0.090807 0.014000
v -0.080000 -0.091500 0.015000
v -0.080000 -0.091500 0.014000
v -0.091325 -0.081997 0.015000
v -0.091325 -0.078003 0.014000
v -0.091325 -0.078003 0.015000
v -0.089959 -0.074250 0.014000
v -0.089959 -0.074250 0.015000
v -0.087392 -0.071190 0.014000
v -0.087392 -0.071190 0.015000
v -0.083933 -0.069193 0.014000
v -0.083933 -0.069193 0.015000
v -0.080000 -0.068500 0.014000
v -0.080000 -0.068500 0.015000
v -0.094000 -0.065500 0.015000
v -0.092250 -0.065031 0.015000
v -0.091775 -0.064225 0.014854
v -0.090969 -0.063750 0.015000
v -0.090854 -0.062000 0.014854
v -0.090500 -0.062000 0.015000
v -0.091000 -0.062000 0.014500
v -0.091402 -0.063500 0.014500
v -0.092500 -0.064598 0.014500
v -0.094000 -0.065146 0.014854
v -0.094000 -0.065000 0.014500
v -0.094000 -0.065000 0.014500
v -0.095878 -0.065000 0.014500
v -0.094000 -0.065146 0.014854
v -0.095878 -0.065146 0.014854
v -0.094000 -0.065500 0.015000
v -0.095884 -0.065500 0.015000
v -0.096444 -0.065590 0.014830
v -0.096587 -0.079000 0.014713
v -0.096238 -0.065535 0.014936
v -0.095886 -0.079000 0.015000
v -0.095951 -0.065502 0.014998
v -0.095884 -0.065500 0.015000
v -0.096625 -0.065670 0.014674
v -0.096762 -0.065766 0.014484
v -0.096853 -0.065881 0.014255
v -0.096886 -0.066000 0.014017
v -0.096886 -0.079000 0.014018
v -0.077000 -0.097886 0.015000
v -0.081888 -0.097243 0.015000
v -0.084496 -0.097096 0.014713
v -0.086443 -0.095356 0.015000
v -0.090850 -0.092850 0.014713
v -0.090355 -0.092355 0.015000
v -0.095096 -0.086496 0.014713
v -0.093356 -0.088443 0.015000
v -0.095243 -0.083888 0.015000
v -0.096886 -0.079000 0.014018
v -0.096209 -0.084147 0.014018
v -0.094222 -0.088943 0.014018
v -0.091062 -0.093062 0.014018
v -0.086943 -0.096222 0.014018
v -0.082147 -0.098209 0.014018
v -0.077000 -0.098587 0.014713
v -0.077000 -0.098886 0.014018
v -0.096587 -0.079000 0.014713
v -0.095886 -0.079000 0.015000
v -0.077000 -0.098886 0.014018
v -0.023642 -0.098886 0.014018
v -0.077000 -0.098587 0.014713
v -0.023642 -0.098587 0.014713
v -0.077000 -0.097886 0.015000
v -0.023642 -0.097886 0.015000
v -0.042000 -0.092684 0.015000
v -0.039792 -0.092808 0.015000
v -0.042750 -0.091677 0.015287
v -0.039885 -0.092114 0.015287
v -0.041756 -0.091714 0.015983
v -0.039925 -0.091817 0.015983
v -0.043417 -0.090939 0.015983
v -0.044673 -0.089603 0.015983
v -0.044926 -0.089763 0.015287
v -0.044003 -0.091749 0.015000
v -0.045518 -0.090138 0.015000
v -0.091293 -0.062000 0.012293
v -0.091000 -0.062000 0.013000
v -0.091293 -0.040088 0.012293
v -0.092000 -0.040088 0.012000
v -0.092000 -0.062000 0.012000
v -0.091000 -0.040088 0.013000
v -0.094000 -0.065000 0.013000
v -0.092500 -0.064598 0.014500
v -0.092500 -0.064598 0.013000
v -0.091402 -0.063500 0.014500
v -0.091402 -0.063500 0.013000
v -0.091000 -0.062000 0.014500
v -0.091000 -0.062000 0.013000
v -0.094000 -0.065000 0.014500
v -0.091000 -0.044163 0.014500
v -0.091000 -0.062000 0.014500
v -0.090933 -0.044163 0.014750
v -0.090854 -0.062000 0.014854
v -0.090750 -0.044163 0.014933
v -0.090500 -0.044163 0.015000
v -0.090500 -0.062000 0.015000
v -0.080282 -0.016982 0.008287
v -0.080983 -0.016982 0.008000
v -0.080282 -0.034018 0.008287
v -0.079983 -0.034018 0.008983
v -0.079983 -0.016982 0.008983
v -0.080983 -0.034018 0.008000
v -0.081788 -0.014942 0.008069
v -0.080932 -0.015805 0.008069
v -0.080766 -0.015440 0.008287
v -0.080282 -0.016982 0.008287
v -0.080735 -0.015111 0.008619
v -0.079983 -0.016982 0.008983
v -0.080209 -0.015841 0.008977
v -0.081248 -0.015986 0.008000
v -0.081972 -0.015257 0.008000
v -0.082982 -0.014983 0.008000
v -0.082982 -0.014282 0.008287
v -0.080870 -0.014853 0.008975
v -0.082271 -0.014068 0.008979
v -0.082465 -0.014104 0.008619
v -0.082982 -0.013983 0.008983
v -0.082044 -0.014450 0.008287
v -0.080983 -0.016982 0.008000
v -0.093975 -0.014282 0.008287
v -0.093975 -0.014983 0.008000
v -0.082982 -0.014282 0.008287
v -0.082982 -0.013983 0.008983
v -0.093975 -0.013983 0.008983
v -0.082982 -0.014983 0.008000
v -0.093930 -0.013939 0.011509
v -0.095207 -0.013654 0.011512
v -0.095768 -0.013388 0.008976
v -0.096594 -0.012319 0.011512
v -0.096853 -0.011826 0.008978
v -0.096974 -0.010983 0.008983
v -0.093975 -0.013983 0.008983
v -0.096930 -0.010939 0.011509
v -0.093930 -0.013939 0.011509
v -0.091101 -0.013939 0.011509
v -0.093930 -0.013789 0.011857
v -0.091101 -0.013789 0.011857
v -0.093930 -0.013439 0.012000
v -0.091101 -0.013439 0.012000
v -0.090112 -0.013936 0.011687
v -0.088523 -0.013920 0.012585
v -0.089932 -0.013897 0.011951
v -0.088487 -0.013899 0.012774
v -0.089998 -0.013785 0.012104
v -0.089921 -0.013690 0.012218
v -0.091101 -0.013789 0.011857
v -0.091101 -0.013439 0.012000
v -0.091101 -0.013939 0.011509
v -0.088000 -0.013913 0.012983
v -0.090980 -0.038674 0.012288
v -0.090957 -0.039255 0.012628
v -0.089793 -0.037588 0.012619
v -0.089749 -0.037649 0.012986
v -0.089435 -0.037301 0.012499
v -0.088805 -0.037154 0.012713
v -0.089991 -0.037487 0.012312
v -0.090342 -0.037624 0.012201
v -0.091145 -0.038255 0.012067
v -0.090949 -0.037868 0.012049
v -0.091444 -0.038053 0.012000
v -0.092000 -0.040088 0.012000
v -0.091293 -0.040088 0.012293
v -0.091000 -0.040088 0.013000
v -0.090888 -0.039274 0.012995
v -0.088000 -0.037087 0.012983
v -0.088456 -0.037107 0.012830
v -0.089041 -0.037125 0.012414
v -0.088640 -0.037088 0.012538
v -0.088868 -0.037075 0.012216
v -0.088794 -0.037074 0.012223
v -0.089277 -0.037095 0.012102
v -0.089223 -0.037068 0.011871
v -0.089636 -0.037137 0.012014
v -0.089491 -0.037072 0.011804
v -0.090286 -0.037257 0.011890
v -0.090184 -0.037129 0.011683
v -0.090819 -0.037386 0.011837
v -0.090762 -0.037215 0.011645
v -0.091444 -0.037352 0.011713
v -0.091444 -0.037053 0.011018
v -0.089435 -0.037301 0.012499
v -0.089432 -0.037191 0.012299
v -0.089991 -0.037487 0.012312
v -0.089770 -0.037269 0.012205
v -0.090342 -0.037624 0.012201
v -0.090371 -0.037444 0.012061
v -0.090949 -0.037868 0.012049
v -0.090862 -0.037608 0.011982
v -0.091444 -0.038053 0.012000
v -0.090695 -0.037102 0.011417
v -0.090071 -0.037065 0.011454
v -0.090193 -0.037058 0.011292
v -0.089749 -0.037061 0.011518
v -0.090623 -0.037056 0.011170
v -0.090622 -0.037055 0.011138
v -0.088347 -0.037081 0.012639
v -0.088805 -0.037154 0.012713
v -0.088000 -0.037087 0.012983
v -0.088456 -0.037107 0.012830
v -0.093939 -0.038053 0.012000
v -0.091444 -0.038053 0.012000
v -0.093939 -0.037352 0.011713
v -0.091444 -0.037352 0.011713
v -0.093939 -0.037053 0.011018
v -0.091444 -0.037053 0.011018
v -0.093939 -0.037053 0.011018
v -0.093975 -0.037017 0.008983
v -0.094384 -0.037086 0.011020
v -0.094675 -0.037100 0.008979
v -0.095922 -0.037802 0.011025
v -0.096339 -0.038171 0.008976
v -0.096673 -0.038818 0.011023
v -0.096974 -0.040017 0.008983
v -0.096939 -0.040052 0.011018
v -0.082982 -0.036718 0.008287
v -0.082982 -0.036017 0.008000
v -0.093975 -0.036718 0.008287
v -0.093975 -0.037017 0.008983
v -0.082982 -0.037017 0.008983
v -0.093975 -0.036017 0.008000
v -0.080942 -0.035212 0.008069
v -0.081805 -0.036068 0.008069
v -0.081440 -0.036234 0.008287
v -0.082982 -0.036718 0.008287
v -0.081110 -0.036265 0.008619
v -0.082982 -0.037017 0.008983
v -0.081841 -0.036792 0.008977
v -0.081986 -0.035752 0.008000
v -0.081257 -0.035028 0.008000
v -0.080983 -0.034018 0.008000
v -0.080282 -0.034018 0.008287
v -0.080853 -0.036130 0.008975
v -0.080068 -0.034729 0.008979
v -0.080104 -0.034535 0.008619
v -0.079983 -0.034018 0.008983
v -0.080450 -0.034956 0.008287
v -0.082982 -0.036017 0.008000
v -0.091002 -0.011559 0.012630
v -0.091060 -0.012140 0.012289
v -0.089946 -0.013293 0.012621
v -0.089870 -0.013635 0.012284
v -0.088487 -0.013899 0.012774
v -0.089921 -0.013690 0.012218
v -0.091000 -0.010912 0.013000
v -0.091293 -0.010912 0.012293
v -0.091104 -0.012814 0.012067
v -0.091871 -0.011920 0.012000
v -0.091101 -0.013439 0.012000
v -0.089699 -0.013386 0.012986
v -0.090868 -0.011792 0.012995
v -0.092000 -0.010912 0.012000
v -0.088000 -0.013913 0.012983
v -0.091293 -0.010912 0.012293
v -0.091000 -0.010912 0.013000
v -0.091293 0.010912 0.012293
v -0.092000 0.010912 0.012000
v -0.092000 -0.010912 0.012000
v -0.091000 0.010912 0.013000
v -0.080282 0.034018 0.008287
v -0.080983 0.034018 0.008000
v -0.080282 0.016982 0.008287
v -0.079983 0.016982 0.008983
v -0.079983 0.034018 0.008983
v -0.080983 0.016982 0.008000
v -0.081788 0.036058 0.008069
v -0.080932 0.035195 0.008069
v -0.080766 0.035560 0.008287
v -0.080282 0.034018 0.008287
v -0.080736 0.035890 0.008619
v -0.079983 0.034018 0.008983
v -0.080249 0.035252 0.008977
v -0.081248 0.035014 0.008000
v -0.081972 0.035743 0.008000
v -0.082982 0.036017 0.008000
v -0.082982 0.036718 0.008287
v -0.082982 0.037017 0.008983
v -0.082465 0.036896 0.008619
v -0.082044 0.036550 0.008287
v -0.080999 0.036268 0.008975
v -0.082537 0.036984 0.008980
v -0.080983 0.034018 0.008000
v -0.090284 0.037601 0.012218
v -0.090331 0.037395 0.012035
v -0.088831 0.037158 0.012705
v -0.090380 0.037142 0.011633
v -0.088942 0.037071 0.012096
v -0.090466 0.037056 0.011187
v -0.091444 0.038053 0.012000
v -0.091444 0.037352 0.011713
v -0.091444 0.037053 0.011018
v -0.088000 0.037087 0.012983
v -0.093939 0.037053 0.011018
v -0.091444 0.037053 0.011018
v -0.093939 0.037352 0.011713
v -0.091444 0.037352 0.011713
v -0.093939 0.038053 0.012000
v -0.091444 0.038053 0.012000
v -0.093939 0.037053 0.011018
v -0.094367 0.037083 0.011020
v -0.095768 0.037612 0.008976
v -0.096047 0.037919 0.011025
v -0.096853 0.039174 0.008978
v -0.096712 0.038908 0.011023
v -0.096974 0.040017 0.008983
v -0.096939 0.040052 0.011018
v -0.093975 0.037017 0.008983
v -0.093975 0.036718 0.008287
v -0.093975 0.036017 0.008000
v -0.082982 0.036718 0.008287
v -0.082982 0.037017 0.008983
v -0.093975 0.037017 0.008983
v -0.082982 0.036017 0.008000
v -0.089358 0.013796 0.012418
v -0.089699 0.013734 0.012293
v -0.090493 0.012712 0.012622
v -0.090198 0.013631 0.012136
v -0.090828 0.012613 0.012287
v -0.090617 0.013541 0.012043
v -0.091120 0.012788 0.012067
v -0.091101 0.013439 0.012000
v -0.091531 0.012792 0.012000
v -0.091293 0.010912 0.012293
v -0.091000 0.010912 0.013000
v -0.090281 0.012862 0.012989
v -0.088432 0.013903 0.012798
v -0.088813 0.013801 0.012983
v -0.088000 0.013913 0.012983
v -0.092000 0.010912 0.012000
v -0.088882 0.013864 0.012609
v -0.082982 0.014282 0.008287
v -0.082982 0.014983 0.008000
v -0.093975 0.014282 0.008287
v -0.093975 0.013983 0.008983
v -0.082982 0.013983 0.008983
v -0.093975 0.014983 0.008000
v -0.093975 0.013983 0.008983
v -0.094675 0.013900 0.008979
v -0.095538 0.013472 0.011512
v -0.096339 0.012829 0.008976
v -0.096645 0.012215 0.011512
v -0.096930 0.010939 0.011509
v -0.093930 0.013939 0.011509
v -0.096974 0.010983 0.008983
v -0.091101 0.013939 0.011509
v -0.093930 0.013939 0.011509
v -0.091101 0.013789 0.011857
v -0.093930 0.013789 0.011857
v -0.091101 0.013439 0.012000
v -0.093930 0.013439 0.012000
v -0.091101 0.013939 0.011509
v -0.091101 0.013789 0.011857
v -0.090732 0.013938 0.011535
v -0.090648 0.013907 0.011716
v -0.090269 0.013937 0.011637
v -0.090058 0.013932 0.011762
v -0.089810 0.013934 0.011806
v -0.089728 0.013877 0.012086
v -0.089324 0.013929 0.012053
v -0.089243 0.013914 0.012230
v -0.089028 0.013926 0.012234
v -0.088876 0.013924 0.012359
v -0.088730 0.013923 0.012436
v -0.088882 0.013864 0.012609
v -0.088367 0.013918 0.012702
v -0.088432 0.013903 0.012798
v -0.088000 0.013913 0.012983
v -0.089699 0.013734 0.012293
v -0.089358 0.013796 0.012418
v -0.090263 0.013814 0.011974
v -0.090780 0.013735 0.011926
v -0.091101 0.013439 0.012000
v -0.090617 0.013541 0.012043
v -0.090198 0.013631 0.012136
v -0.080942 0.015788 0.008069
v -0.081805 0.014932 0.008069
v -0.081440 0.014766 0.008287
v -0.082982 0.014282 0.008287
v -0.081110 0.014736 0.008619
v -0.082982 0.013983 0.008983
v -0.081842 0.014208 0.008977
v -0.081986 0.015248 0.008000
v -0.081257 0.015972 0.008000
v -0.080983 0.016982 0.008000
v -0.080282 0.016982 0.008287
v -0.080853 0.014870 0.008975
v -0.080068 0.016271 0.008979
v -0.080104 0.016465 0.008619
v -0.079983 0.016982 0.008983
v -0.080450 0.016044 0.008287
v -0.082982 0.014983 0.008000
v 0.095886 -0.079000 0.015000
v 0.095243 -0.083888 0.015000
v 0.095096 -0.086496 0.014713
v 0.093356 -0.088443 0.015000
v 0.090850 -0.092850 0.014713
v 0.090355 -0.092355 0.015000
v 0.084496 -0.097096 0.014713
v 0.086443 -0.095356 0.015000
v 0.081888 -0.097243 0.015000
v 0.077000 -0.098886 0.014018
v 0.082147 -0.098209 0.014018
v 0.086943 -0.096222 0.014018
v 0.091062 -0.093062 0.014018
v 0.094222 -0.088943 0.014018
v 0.096209 -0.084147 0.014018
v 0.096587 -0.079000 0.014713
v 0.096886 -0.079000 0.014018
v 0.077000 -0.098587 0.014713
v 0.077000 -0.097886 0.015000
v 0.077000 -0.099000 0.007500
v 0.077000 -0.098886 0.014018
v 0.023026 -0.098886 0.014018
v 0.024393 -0.098901 0.013191
v 0.026464 -0.098945 0.010673
v 0.027215 -0.099000 0.007500
v 0.098844 -0.020000 0.012468
v 0.098854 -0.021991 0.012051
v 0.100000 -0.022474 0.011785
v 0.098886 -0.023746 0.010762
v 0.100000 -0.024285 0.009974
v 0.098932 -0.024780 0.008848
v 0.098965 -0.024966 0.007500
v 0.098873 -0.023219 0.003716
v 0.100000 -0.022474 0.003215
v 0.098916 -0.024533 0.005471
v 0.100000 -0.024285 0.005026
v 0.100000 -0.024948 0.007500
v 0.100000 -0.020000 0.002552
v 0.098848 -0.021271 0.002698
v 0.098844 -0.020000 0.002532
v 0.100000 -0.020000 0.012448
v 0.098844 0.020000 0.012468
v 0.098844 -0.020000 0.012468
v 0.100000 0.020000 0.012448
v 0.100000 -0.020000 0.012448
v 0.098854 0.021992 0.002949
v 0.098886 0.023747 0.004239
v 0.100000 0.022474 0.003215
v 0.098933 0.024781 0.006155
v 0.100000 0.024285 0.005026
v 0.098965 0.024966 0.007500
v 0.100000 0.024948 0.007500
v 0.100000 0.024285 0.009974
v 0.100000 0.020000 0.012448
v 0.100000 0.022474 0.011785
v 0.098873 0.023218 0.011284
v 0.098916 0.024532 0.009531
v 0.100000 0.020000 0.002552
v 0.098844 0.020000 0.002532
v 0.098848 0.021271 0.012303
v 0.098844 0.020000 0.012468
v 0.094207 -0.088935 -0.000000
v 0.094321 -0.089000 0.007500
v 0.091050 -0.093050 -0.000000
v 0.091142 -0.093142 0.007500
v 0.086935 -0.096207 -0.000000
v 0.087000 -0.096321 0.007500
v 0.082143 -0.098192 -0.000000
v 0.082176 -0.098319 0.007500
v 0.077000 -0.098869 0.000000
v 0.077000 -0.099000 0.007500
v 0.096318 -0.084176 0.007500
v 0.096192 -0.084143 -0.000000
v 0.097000 -0.079000 0.007500
v 0.096869 -0.079000 -0.000000
v 0.097031 0.022929 0.001992
v 0.097073 0.025270 0.004163
v 0.097471 0.022969 0.002793
v 0.097524 0.025086 0.005243
v 0.098141 0.023038 0.003381
v 0.098206 0.024929 0.006126
v 0.098933 0.024781 0.006155
v 0.098300 0.025092 0.007500
v 0.098965 0.024966 0.007500
v 0.097465 0.020000 0.001947
v 0.098844 0.020000 0.002532
v 0.098854 0.021992 0.002949
v 0.097347 0.025840 0.007500
v 0.097123 0.026190 0.006740
v 0.097000 0.026965 0.007500
v 0.096961 0.026577 0.005238
v 0.096879 0.020000 0.000567
v 0.096889 0.022737 0.001127
v 0.096920 0.025189 0.002886
v 0.098886 0.023747 0.004239
v 0.097465 0.020000 0.001947
v 0.098844 0.020000 0.002532
v 0.097465 -0.020000 0.001947
v 0.096879 -0.020000 0.000567
v 0.096879 0.020000 0.000567
v 0.098844 -0.020000 0.002532
v 0.097346 -0.025841 0.007500
v 0.097080 -0.025502 0.004562
v 0.097509 -0.024699 0.004518
v 0.097035 -0.023306 0.002210
v 0.097462 -0.022211 0.002392
v 0.097017 -0.020679 0.001299
v 0.097465 -0.020000 0.001947
v 0.096879 -0.020000 0.000567
v 0.097000 -0.026965 0.007500
v 0.096950 -0.026335 0.004637
v 0.096909 -0.024554 0.002262
v 0.096883 -0.021855 0.000819
v 0.098166 -0.024101 0.004439
v 0.098121 -0.021313 0.002553
v 0.098848 -0.021271 0.002698
v 0.098844 -0.020000 0.002532
v 0.098464 -0.025039 0.007500
v 0.098916 -0.024533 0.005471
v 0.098873 -0.023219 0.003716
v 0.098965 -0.024966 0.007500
v -0.091444 0.038053 0.012000
v -0.090284 0.037601 0.012218
v -0.091104 0.038186 0.012067
v -0.091061 0.038860 0.012288
v -0.091293 0.040088 0.012293
v -0.091003 0.039441 0.012629
v -0.091000 0.040088 0.013000
v -0.090868 0.039208 0.012995
v -0.089947 0.037707 0.012619
v -0.088831 0.037158 0.012705
v -0.089699 0.037614 0.012986
v -0.088000 0.037087 0.012983
v -0.092000 0.040088 0.012000
v -0.091000 0.062000 0.013000
v -0.091402 0.063500 0.014500
v -0.091402 0.063500 0.013000
v -0.092500 0.064598 0.014500
v -0.092500 0.064598 0.013000
v -0.094000 0.065000 0.014500
v -0.094000 0.065000 0.013000
v -0.091000 0.062000 0.014500
v -0.091293 0.040088 0.012293
v -0.091000 0.040088 0.013000
v -0.091293 0.062000 0.012293
v -0.092000 0.062000 0.012000
v -0.092000 0.040088 0.012000
v -0.091000 0.062000 0.013000
v -0.068675 0.081997 0.014000
v -0.070041 0.085750 0.015000
v -0.070041 0.085750 0.014000
v -0.072608 0.088810 0.015000
v -0.072608 0.088810 0.014000
v -0.076067 0.090807 0.015000
v -0.076067 0.090807 0.014000
v -0.080000 0.091500 0.015000
v -0.080000 0.091500 0.014000
v -0.068675 0.081997 0.015000
v -0.068675 0.078003 0.014000
v -0.068675 0.078003 0.015000
v -0.070041 0.074250 0.014000
v -0.070041 0.074250 0.015000
v -0.072608 0.071190 0.014000
v -0.072608 0.071190 0.015000
v -0.076067 0.069193 0.014000
v -0.076067 0.069193 0.015000
v -0.080000 0.068500 0.014000
v -0.080000 0.068500 0.015000
v -0.091325 0.078003 0.014000
v -0.089959 0.074250 0.015000
v -0.089959 0.074250 0.014000
v -0.087392 0.071190 0.015000
v -0.087392 0.071190 0.014000
v -0.083933 0.069193 0.015000
v -0.083933 0.069193 0.014000
v -0.080000 0.068500 0.015000
v -0.080000 0.068500 0.014000
v -0.091325 0.078003 0.015000
v -0.091325 0.081997 0.014000
v -0.091325 0.081997 0.015000
v -0.089959 0.085750 0.014000
v -0.089959 0.085750 0.015000
v -0.087392 0.088810 0.014000
v -0.087392 0.088810 0.015000
v -0.083933 0.090807 0.014000
v -0.083933 0.090807 0.015000
v -0.080000 0.091500 0.014000
v -0.080000 0.091500 0.015000
v -0.090500 0.062000 0.015000
v -0.090969 0.063750 0.015000
v -0.091775 0.064225 0.014854
v -0.092250 0.065031 0.015000
v -0.094000 0.065146 0.014854
v -0.094000 0.065500 0.015000
v -0.094000 0.065000 0.014500
v -0.092500 0.064598 0.014500
v -0.091402 0.063500 0.014500
v -0.090854 0.062000 0.014854
v -0.091000 0.062000 0.014500
v -0.090854 0.062000 0.014854
v -0.091000 0.062000 0.014500
v -0.091000 0.044163 0.014500
v -0.090933 0.044163 0.014750
v -0.090750 0.044163 0.014933
v -0.090500 0.044163 0.015000
v -0.090500 0.062000 0.015000
v -0.096886 0.079000 0.014018
v -0.096886 0.066000 0.014017
v -0.096587 0.079000 0.014713
v -0.096849 0.065873 0.014270
v -0.096638 0.065677 0.014659
v -0.096760 0.065764 0.014487
v -0.096500 0.065610 0.014790
v -0.096211 0.065530 0.014946
v -0.095886 0.079000 0.015000
v -0.095884 0.065500 0.015000
v -0.095878 0.065000 0.014500
v -0.094000 0.065000 0.014500
v -0.095878 0.065029 0.014668
v -0.094000 0.065146 0.014854
v -0.095878 0.065241 0.014928
v -0.095884 0.065500 0.015000
v -0.094000 0.065500 0.015000
v -0.044003 0.091749 0.015000
v -0.045518 0.090138 0.015000
v -0.042750 0.091677 0.015287
v -0.044926 0.089763 0.015287
v -0.043417 0.090939 0.015983
v -0.044673 0.089603 0.015983
v -0.041756 0.091714 0.015983
v -0.039925 0.091817 0.015983
v -0.039885 0.092114 0.015287
v -0.042000 0.092684 0.015000
v -0.039792 0.092808 0.015000
v 0.082143 -0.098192 -0.000000
v 0.086500 -0.086500 0.000000
v 0.086935 -0.096207 -0.000000
v 0.094207 -0.088935 -0.000000
v 0.091050 -0.093050 -0.000000
v 0.073500 -0.086500 0.000000
v 0.077000 -0.098869 0.000000
v 0.069500 -0.095500 0.000000
v -0.077000 -0.098869 -0.000000
v 0.062500 -0.095500 0.000000
v 0.073500 0.086500 0.000000
v 0.086935 0.096207 -0.000000
v 0.086500 0.086500 0.000000
v 0.091050 0.093050 -0.000000
v 0.094207 0.088935 -0.000000
v 0.082143 0.098192 -0.000000
v 0.069500 0.095500 0.000000
v 0.077000 0.098869 -0.000000
v 0.062500 0.095500 0.000000
v -0.077000 0.098869 0.000000
v 0.062500 0.088500 0.000000
v -0.073500 0.086500 0.000000
v 0.073500 0.073500 0.000000
v 0.086500 0.073500 0.000000
v 0.073500 -0.073500 0.000000
v 0.086500 -0.073500 0.000000
v -0.091050 -0.093050 -0.000000
v -0.094207 -0.088935 -0.000000
v -0.086935 -0.096207 -0.000000
v -0.086500 -0.086500 0.000000
v -0.082143 -0.098192 -0.000000
v -0.073500 -0.086500 0.000000
v 0.062500 -0.088500 0.000000
v -0.086500 0.073500 0.000000
v -0.073500 0.073500 0.000000
v -0.086500 -0.073500 0.000000
v -0.073500 -0.073500 0.000000
v 0.096192 0.084143 -0.000000
v 0.096869 0.079000 0.000000
v -0.086500 0.086500 0.000000
v -0.096869 0.079000 -0.000000
v -0.096192 0.084143 -0.000000
v -0.094207 0.088935 -0.000000
v -0.086935 0.096207 -0.000000
v -0.082143 0.098192 -0.000000
v 0.096869 -0.079000 -0.000000
v 0.096192 -0.084143 -0.000000
v -0.096869 -0.079000 0.000000
v -0.096192 -0.084143 -0.000000
v 0.069500 0.088500 0.000000
v 0.069500 -0.088500 0.000000
v -0.091050 0.093050 -0.000000
v 0.086935 0.096207 -0.000000
v 0.087000 0.096321 0.007500
v 0.091050 0.093050 -0.000000
v 0.091142 0.093142 0.007500
v 0.094207 0.088935 -0.000000
v 0.094321 0.089000 0.007500
v 0.096192 0.084143 -0.000000
v 0.096318 0.084176 0.007500
v 0.096869 0.079000 0.000000
v 0.097000 0.079000 0.007500
v 0.082176 0.098319 0.007500
v 0.082143 0.098192 -0.000000
v 0.077000 0.099000 0.007500
v 0.077000 0.098869 -0.000000
v -0.096939 0.064000 0.011018
v -0.097000 0.037218 0.007527
v -0.096997 0.037830 0.007662
v -0.096994 0.038288 0.007843
v -0.096990 0.038765 0.008096
v -0.096987 0.039053 0.008276
v -0.096983 0.039342 0.008475
v -0.096979 0.039679 0.008723
v -0.096974 0.040017 0.008983
v -0.096939 0.040052 0.011018
v -0.097000 0.079000 0.007500
v -0.097000 0.036915 0.007507
v -0.096934 0.065014 0.011294
v -0.096921 0.065737 0.012025
v -0.096904 0.066000 0.013018
v -0.096886 0.066000 0.014017
v -0.096886 0.079000 0.014018
v -0.094207 0.088935 -0.000000
v -0.094321 0.089000 0.007500
v -0.091050 0.093050 -0.000000
v -0.091142 0.093142 0.007500
v -0.086935 0.096207 -0.000000
v -0.087000 0.096321 0.007500
v -0.082143 0.098192 -0.000000
v -0.082176 0.098319 0.007500
v -0.077000 0.098869 0.000000
v -0.077000 0.099000 0.007500
v -0.096318 0.084176 0.007500
v -0.096192 0.084143 -0.000000
v -0.097000 0.079000 0.007500
v -0.096869 0.079000 -0.000000
v -0.095886 0.079000 0.015000
v -0.095243 0.083888 0.015000
v -0.095096 0.086496 0.014713
v -0.093356 0.088443 0.015000
v -0.090850 0.092850 0.014713
v -0.090355 0.092355 0.015000
v -0.084496 0.097096 0.014713
v -0.086443 0.095356 0.015000
v -0.081888 0.097243 0.015000
v -0.077000 0.098886 0.014018
v -0.082147 0.098209 0.014018
v -0.086943 0.096222 0.014018
v -0.091062 0.093062 0.014018
v -0.094222 0.088943 0.014018
v -0.096209 0.084147 0.014018
v -0.096587 0.079000 0.014713
v -0.096886 0.079000 0.014018
v -0.077000 0.098587 0.014713
v -0.077000 0.097886 0.015000
v 0.091325 0.081997 0.014000
v 0.089959 0.085750 0.015000
v 0.089959 0.085750 0.014000
v 0.087392 0.088810 0.015000
v 0.087392 0.088810 0.014000
v 0.083933 0.090807 0.015000
v 0.083933 0.090807 0.014000
v 0.080000 0.091500 0.015000
v 0.080000 0.091500 0.014000
v 0.091325 0.081997 0.015000
v 0.091325 0.078003 0.014000
v 0.091325 0.078003 0.015000
v 0.089959 0.074250 0.014000
v 0.089959 0.074250 0.015000
v 0.087392 0.071190 0.014000
v 0.087392 0.071190 0.015000
v 0.083933 0.069193 0.014000
v 0.083933 0.069193 0.015000
v 0.080000 0.068500 0.014000
v 0.080000 0.068500 0.015000
v 0.068675 0.078003 0.014000
v 0.070041 0.074250 0.015000
v 0.070041 0.074250 0.014000
v 0.072608 0.071190 0.015000
v 0.072608 0.071190 0.014000
v 0.076067 0.069193 0.015000
v 0.076067 0.069193 0.014000
v 0.080000 0.068500 0.015000
v 0.080000 0.068500 0.014000
v 0.068675 0.078003 0.015000
v 0.068675 0.081997 0.014000
v 0.068675 0.081997 0.015000
v 0.070041 0.085750 0.014000
v 0.070041 0.085750 0.015000
v 0.072608 0.088810 0.014000
v 0.072608 0.088810 0.015000
v 0.076067 0.090807 0.014000
v 0.076067 0.090807 0.015000
v 0.080000 0.091500 0.014000
v 0.080000 0.091500 0.015000
v 0.069500 0.095500 0.015000
v 0.069500 0.095500 0.000000
v 0.069500 0.088500 0.015000
v 0.069500 0.088500 0.000000
v 0.062500 0.088500 0.000000
v 0.062500 0.088500 0.015000
v 0.069500 0.088500 0.000000
v 0.069500 0.088500 0.015000
v 0.062500 0.088500 0.015000
v 0.062500 0.088500 0.000000
v 0.062500 0.095500 0.015000
v 0.062500 0.095500 0.000000
v 0.069500 0.095500 0.000000
v 0.069500 0.095500 0.015000
v 0.062500 0.095500 0.000000
v 0.062500 0.095500 0.015000
v 0.042000 0.092684 0.015000
v 0.039792 0.092808 0.015000
v 0.042750 0.091677 0.015287
v 0.039885 0.092114 0.015287
v 0.041756 0.091714 0.015983
v 0.039925 0.091817 0.015983
v 0.043417 0.090939 0.015983
v 0.044673 0.089603 0.015983
v 0.044926 0.089763 0.015287
v 0.044003 0.091749 0.015000
v 0.045518 0.090138 0.015000
v 0.077000 0.097886 0.015000
v 0.081888 0.097243 0.015000
v 0.084496 0.097096 0.014713
v 0.086443 0.095356 0.015000
v 0.090850 0.092850 0.014713
v 0.090355 0.092355 0.015000
v 0.095096 0.086496 0.014713
v 0.093356 0.088443 0.015000
v 0.095243 0.083888 0.015000
v 0.096886 0.079000 0.014018
v 0.096209 0.084147 0.014018
v 0.094222 0.088943 0.014018
v 0.091062 0.093062 0.014018
v 0.086943 0.096222 0.014018
v 0.082147 0.098209 0.014018
v 0.077000 0.098587 0.014713
v 0.077000 0.098886 0.014018
v 0.096587 0.079000 0.014713
v 0.095886 0.079000 0.015000
v -0.091000 -0.040628 0.015972
v -0.091000 -0.040666 0.015784
v -0.090990 -0.040769 0.015797
v -0.091000 -0.040763 0.015596
v -0.090982 -0.040907 0.015626
v -0.090995 -0.041142 0.015320
v -0.090959 -0.041217 0.015422
v -0.090969 -0.041730 0.015110
v -0.090908 -0.041775 0.015217
v -0.090847 -0.042351 0.015093
v -0.090761 -0.042277 0.015183
v -0.090679 -0.042875 0.015082
v -0.091000 -0.040928 0.015404
v -0.091000 -0.041178 0.015207
v -0.090998 -0.041677 0.014987
v -0.091000 -0.041538 0.015006
v -0.091000 -0.041976 0.014831
v -0.090750 -0.044163 0.014933
v -0.090500 -0.044163 0.015000
v -0.090773 -0.043924 0.014923
v -0.090685 -0.043688 0.014980
v -0.090846 -0.043247 0.014917
v -0.090764 -0.043060 0.015008
v -0.090916 -0.042487 0.014972
v -0.090983 -0.042290 0.014872
v -0.091000 -0.042426 0.014721
v -0.090945 -0.043031 0.014814
v -0.090984 -0.043218 0.014685
v -0.090897 -0.043678 0.014819
v -0.090951 -0.043918 0.014719
v -0.090933 -0.044163 0.014750
v -0.090999 -0.043432 0.014561
v -0.091000 -0.043862 0.014506
v -0.091000 -0.043148 0.014566
v -0.091000 -0.042541 0.014674
v -0.090897 -0.041278 0.015508
v -0.090934 -0.040996 0.015696
v -0.090951 -0.040869 0.015856
v -0.090956 -0.040833 0.015981
v -0.090566 -0.043690 0.015011
v -0.090626 -0.043262 0.015040
v -0.090841 -0.041687 0.015340
v -0.091000 -0.044163 0.014500
v 0.093672 -0.035493 0.015287
v 0.093839 -0.034560 0.015286
v 0.093629 -0.034482 0.015618
v 0.093558 -0.034456 0.015981
v 0.093373 -0.035493 0.015983
v 0.094154 -0.034676 0.015069
v 0.094373 -0.035493 0.015000
v 0.094496 -0.034802 0.015000
v 0.093672 -0.035493 0.015287
v 0.093373 -0.035493 0.015983
v 0.093672 -0.041417 0.015287
v 0.094373 -0.041417 0.015000
v 0.094373 -0.035493 0.015000
v 0.093373 -0.041417 0.015983
v 0.093808 -0.043858 0.015000
v 0.094373 -0.041417 0.015000
v 0.092584 -0.044479 0.015287
v 0.093672 -0.041417 0.015287
v 0.092910 -0.043419 0.015983
v 0.093373 -0.041417 0.015983
v 0.091613 -0.045014 0.015983
v 0.089747 -0.045876 0.015983
v 0.089808 -0.046169 0.015287
v 0.092226 -0.045803 0.015000
v 0.089951 -0.046855 0.015000
v 0.044926 -0.089763 0.015287
v 0.045966 -0.088810 0.015286
v 0.045863 -0.088611 0.015618
v 0.045829 -0.088544 0.015981
v 0.044673 -0.089603 0.015983
v 0.046121 -0.089108 0.015069
v 0.045518 -0.090138 0.015000
v 0.046288 -0.089432 0.015000
v 0.044673 -0.089603 0.015983
v 0.044598 -0.089525 0.022000
v 0.043417 -0.090939 0.015983
v 0.043363 -0.090849 0.022000
v 0.041756 -0.091714 0.015983
v 0.039925 -0.091817 0.015983
v 0.041722 -0.091614 0.022000
v 0.039914 -0.091710 0.022000
v 0.038756 -0.092945 0.015000
v 0.039792 -0.092808 0.015000
v 0.038616 -0.092608 0.015069
v 0.039885 -0.092114 0.015287
v 0.038486 -0.092298 0.015286
v 0.038400 -0.092091 0.015618
v 0.038371 -0.092022 0.015981
v 0.039925 -0.091817 0.015983
v 0.077000 -0.097886 0.015000
v 0.081888 -0.097243 0.015000
v 0.069500 -0.095500 0.015000
v 0.080000 -0.091500 0.015000
v 0.086443 -0.095356 0.015000
v 0.090355 -0.092355 0.015000
v 0.076067 -0.069193 0.015000
v 0.080000 -0.068500 0.015000
v 0.078413 -0.063183 0.015000
v 0.083933 -0.069193 0.015000
v 0.085519 -0.053171 0.015000
v 0.046288 -0.089432 0.015000
v 0.062500 -0.088500 0.015000
v 0.053610 -0.085245 0.015000
v 0.068675 -0.081997 0.015000
v 0.061678 -0.079602 0.015000
v 0.091325 -0.081997 0.015000
v 0.089959 -0.085750 0.015000
v 0.095243 -0.083888 0.015000
v 0.087392 -0.088810 0.015000
v 0.093356 -0.088443 0.015000
v 0.070041 -0.074250 0.015000
v 0.072608 -0.071190 0.015000
v 0.071066 -0.071346 0.015000
v 0.069500 -0.088500 0.015000
v 0.076067 -0.090807 0.015000
v 0.072608 -0.088810 0.015000
v 0.070041 -0.085750 0.015000
v 0.095886 -0.079000 0.015000
v 0.095886 -0.030764 0.015000
v 0.094496 -0.034802 0.015000
v 0.094373 -0.035493 0.015000
v 0.094373 -0.041417 0.015000
v 0.093808 -0.043858 0.015000
v 0.092226 -0.045803 0.015000
v 0.089951 -0.046855 0.015000
v 0.089303 -0.047114 0.015000
v 0.088600 -0.047862 0.015000
v 0.087392 -0.071190 0.015000
v 0.089959 -0.074250 0.015000
v 0.091325 -0.078003 0.015000
v 0.083933 -0.090807 0.015000
v 0.062500 -0.095500 0.015000
v 0.045518 -0.090138 0.015000
v 0.044003 -0.091749 0.015000
v 0.042000 -0.092684 0.015000
v 0.039792 -0.092808 0.015000
v 0.038756 -0.092945 0.015000
v 0.035388 -0.094278 0.015000
v 0.023642 -0.097886 0.015000
v 0.068675 -0.078003 0.015000
v 0.077000 -0.098587 0.014713
v 0.077000 -0.097886 0.015000
v 0.023642 -0.097886 0.015000
v 0.023026 -0.097960 0.014997
v 0.023026 -0.098613 0.014687
v 0.023026 -0.098886 0.014018
v 0.077000 -0.098886 0.014018
v 0.023026 -0.098613 0.014687
v 0.023026 -0.097960 0.014997
v 0.022042 -0.098083 0.014985
v 0.020000 -0.098329 0.014930
v 0.020000 -0.098715 0.014658
v 0.020000 -0.098932 0.014239
v 0.023026 -0.098886 0.014018
v -0.020000 -0.100000 0.012919
v -0.020000 -0.099288 0.013499
v -0.021637 -0.100000 0.012669
v -0.023286 -0.099198 0.012706
v -0.024031 -0.100000 0.011151
v -0.025426 -0.099245 0.010406
v -0.025245 -0.100000 0.009032
v -0.025483 -0.100000 0.007500
v -0.027215 -0.099000 0.007500
v -0.026209 -0.099272 0.007500
v -0.026616 -0.098950 0.010347
v -0.025593 -0.098921 0.012026
v -0.023015 -0.098886 0.014023
v -0.021090 -0.098911 0.014257
v -0.020000 -0.098911 0.014337
v 0.020000 -0.100000 0.012919
v -0.020000 -0.100000 0.012919
v 0.022385 -0.100000 0.012373
v -0.021637 -0.100000 0.012669
v 0.024289 -0.100000 0.010851
v -0.024031 -0.100000 0.011151
v 0.025364 -0.100000 0.008573
v -0.025245 -0.100000 0.009032
v 0.025483 -0.100000 0.007500
v -0.025483 -0.100000 0.007500
v 0.025246 -0.100000 0.005970
v -0.025212 -0.100000 0.005864
v 0.024031 -0.100000 0.003849
v -0.024070 -0.100000 0.003892
v 0.021637 -0.100000 0.002331
v -0.022226 -0.100000 0.002554
v 0.020000 -0.100000 0.002081
v -0.020000 -0.100000 0.002081
v 0.025364 -0.100000 0.008573
v 0.025483 -0.100000 0.007500
v 0.025195 -0.099237 0.010802
v 0.026209 -0.099271 0.007500
v 0.026464 -0.098945 0.010673
v 0.027215 -0.099000 0.007500
v 0.020000 -0.100000 0.012919
v 0.022385 -0.100000 0.012373
v 0.022861 -0.099193 0.012951
v 0.024393 -0.098901 0.013191
v 0.020000 -0.099319 0.013460
v 0.023026 -0.098886 0.014018
v 0.020000 -0.098932 0.014239
v 0.024289 -0.100000 0.010851
v 0.020000 -0.098715 0.014658
v 0.020000 -0.098329 0.014930
v 0.018094 -0.098515 0.014833
v 0.016249 -0.098677 0.014698
v 0.014963 -0.098780 0.014574
v 0.013715 -0.098873 0.014411
v 0.012872 -0.098932 0.014239
v 0.020000 -0.098932 0.014239
v -0.023030 -0.098302 0.014915
v -0.023642 -0.097886 0.015000
v -0.023026 -0.098612 0.014693
v -0.023642 -0.098587 0.014713
v -0.023020 -0.098817 0.014371
v -0.023015 -0.098886 0.014023
v -0.023031 -0.097957 0.015003
v -0.023642 -0.098886 0.014018
v -0.020075 -0.098297 0.015073
v -0.021056 -0.098196 0.015038
v -0.020044 -0.098689 0.014795
v -0.021349 -0.098586 0.014808
v -0.020000 -0.098911 0.014337
v -0.021335 -0.098869 0.014384
v -0.021090 -0.098911 0.014257
v -0.023020 -0.098817 0.014371
v -0.023015 -0.098886 0.014023
v -0.023026 -0.098612 0.014693
v -0.023030 -0.098302 0.014915
v -0.023031 -0.097957 0.015003
v -0.016353 -0.098609 0.015333
v -0.016863 -0.098568 0.015286
v -0.016298 -0.098801 0.015036
v -0.016531 -0.098838 0.014887
v -0.016232 -0.098875 0.014683
v -0.016609 -0.098876 0.014637
v -0.018282 -0.098782 0.014808
v -0.018658 -0.098421 0.015150
v -0.020044 -0.098689 0.014795
v -0.020075 -0.098297 0.015073
v -0.020000 -0.098911 0.014337
v -0.018494 -0.098893 0.014445
v -0.012918 -0.098852 0.015980
v -0.013049 -0.098843 0.015981
v -0.012982 -0.098851 0.015928
v -0.013063 -0.098843 0.015939
v -0.013015 -0.098851 0.015878
v -0.013084 -0.098842 0.015915
v -0.013093 -0.098850 0.015814
v -0.013095 -0.098842 0.015905
v -0.013179 -0.098837 0.015852
v -0.013539 -0.098862 0.015414
v -0.013214 -0.098859 0.015590
v -0.013614 -0.098857 0.015474
v -0.013621 -0.098830 0.015633
v -0.014822 -0.098823 0.015283
v -0.014860 -0.098761 0.015428
v -0.016353 -0.098609 0.015333
v -0.014878 -0.098723 0.015495
v -0.013074 -0.098857 0.015697
v -0.013007 -0.098856 0.015767
v -0.013234 -0.098846 0.015746
v -0.013289 -0.098830 0.015806
v -0.013709 -0.098804 0.015689
v -0.012957 -0.098854 0.015840
v -0.012930 -0.098853 0.015903
v -0.015037 -0.098870 0.014936
v -0.014224 -0.098866 0.015159
v -0.016298 -0.098801 0.015036
v -0.013050 -0.098844 0.015970
v -0.013054 -0.098844 0.015957
v -0.016232 -0.098875 0.014683
v -0.023642 -0.097886 0.015000
v -0.035388 -0.094278 0.015000
v -0.077000 -0.097886 0.015000
v -0.042000 -0.092684 0.015000
v -0.038756 -0.092945 0.015000
v -0.039792 -0.092808 0.015000
v -0.044003 -0.091749 0.015000
v -0.080000 -0.091500 0.015000
v -0.081888 -0.097243 0.015000
v -0.090355 -0.092355 0.015000
v -0.086443 -0.095356 0.015000
v -0.080000 -0.068500 0.015000
v -0.076067 -0.069193 0.015000
v -0.079386 -0.061955 0.015000
v -0.072608 -0.071190 0.015000
v -0.071880 -0.070527 0.015000
v -0.070041 -0.074250 0.015000
v -0.064018 -0.077733 0.015000
v -0.068675 -0.078003 0.015000
v -0.068675 -0.081997 0.015000
v -0.054786 -0.084494 0.015000
v -0.070041 -0.085750 0.015000
v -0.072608 -0.088810 0.015000
v -0.046288 -0.089432 0.015000
v -0.076067 -0.090807 0.015000
v -0.045518 -0.090138 0.015000
v -0.089959 -0.074250 0.015000
v -0.095886 -0.079000 0.015000
v -0.091325 -0.078003 0.015000
v -0.095243 -0.083888 0.015000
v -0.091325 -0.081997 0.015000
v -0.083933 -0.090807 0.015000
v -0.087392 -0.088810 0.015000
v -0.093356 -0.088443 0.015000
v -0.089959 -0.085750 0.015000
v -0.090500 -0.062000 0.015000
v -0.084198 -0.055240 0.015000
v -0.090297 -0.044577 0.015000
v -0.090500 -0.044163 0.015000
v -0.095884 -0.065500 0.015000
v -0.087392 -0.071190 0.015000
v -0.083933 -0.069193 0.015000
v -0.090969 -0.063750 0.015000
v -0.092250 -0.065031 0.015000
v -0.094000 -0.065500 0.015000
v -0.038371 -0.092022 0.015981
v -0.039925 -0.091817 0.015983
v -0.038400 -0.092091 0.015618
v -0.039885 -0.092114 0.015287
v -0.038486 -0.092298 0.015286
v -0.038616 -0.092608 0.015069
v -0.038756 -0.092945 0.015000
v -0.039792 -0.092808 0.015000
v -0.046288 -0.089432 0.015000
v -0.045518 -0.090138 0.015000
v -0.046121 -0.089108 0.015069
v -0.044926 -0.089763 0.015287
v -0.045966 -0.088810 0.015286
v -0.045863 -0.088611 0.015618
v -0.045829 -0.088544 0.015981
v -0.044673 -0.089603 0.015983
v -0.039925 -0.091817 0.015983
v -0.039914 -0.091710 0.022000
v -0.041756 -0.091714 0.015983
v -0.041722 -0.091614 0.022000
v -0.043417 -0.090939 0.015983
v -0.044673 -0.089603 0.015983
v -0.043363 -0.090849 0.022000
v -0.044598 -0.089525 0.022000
v -0.094149 -0.062760 0.014140
v -0.094149 -0.062412 0.014000
v -0.093778 -0.062757 0.014219
v -0.093933 -0.062581 0.014053
v -0.093398 -0.062593 0.014387
v -0.093418 -0.062418 0.014317
v -0.093222 -0.062423 0.014625
v -0.094149 -0.062912 0.014483
v -0.094038 -0.062913 0.014495
v -0.093852 -0.062873 0.014368
v -0.093838 -0.062916 0.014591
v -0.093572 -0.062882 0.014615
v -0.093700 -0.062922 0.014761
v -0.093649 -0.062929 0.014974
v -0.093430 -0.062767 0.014528
v -0.093295 -0.062783 0.014973
v -0.093149 -0.062430 0.014983
v -0.094064 -0.062413 0.014004
v -0.094149 -0.062912 0.014483
v -0.098017 -0.062912 0.014483
v -0.094149 -0.062760 0.014140
v -0.098017 -0.062760 0.014140
v -0.094149 -0.062412 0.014000
v -0.098017 -0.062412 0.014000
v -0.098017 0.062912 0.014483
v -0.094149 0.062912 0.014483
v -0.098017 0.062760 0.014140
v -0.094149 0.062760 0.014140
v -0.098017 0.062413 0.014000
v -0.094149 0.062412 0.014000
v -0.093649 0.062929 0.014974
v -0.093295 0.062783 0.014973
v -0.093663 0.062925 0.014862
v -0.093538 0.062884 0.014676
v -0.093747 0.062919 0.014684
v -0.093790 0.062874 0.014402
v -0.093935 0.062914 0.014531
v -0.094149 0.062912 0.014483
v -0.093701 0.062758 0.014261
v -0.093386 0.062770 0.014604
v -0.093212 0.062606 0.014762
v -0.093149 0.062430 0.014983
v -0.093154 0.062428 0.014898
v -0.094149 0.062760 0.014140
v -0.094149 0.062412 0.014000
v -0.093555 0.062588 0.014233
v -0.093790 0.062414 0.014067
v -0.093479 0.062417 0.014258
v -0.091000 -0.040088 0.013000
v -0.091000 -0.062000 0.013000
v -0.091000 -0.062000 0.014500
v -0.091000 -0.044163 0.014500
v -0.091000 -0.043862 0.014506
v -0.091000 -0.043148 0.014566
v -0.091000 -0.042541 0.014674
v -0.091000 -0.041976 0.014831
v -0.091000 -0.041538 0.015006
v -0.091000 -0.041178 0.015207
v -0.091000 -0.040928 0.015404
v -0.091000 -0.040763 0.015596
v -0.091000 -0.040666 0.015784
v -0.091000 -0.040628 0.015972
v -0.091000 -0.040352 0.022000
v -0.091000 -0.040245 0.022000
v -0.079983 -0.034018 0.008983
v -0.079756 -0.034245 0.022000
v -0.079983 -0.016982 0.008983
v -0.079756 -0.016755 0.022000
v -0.082982 -0.013983 0.008983
v -0.082271 -0.014068 0.008979
v -0.082755 -0.013756 0.022000
v -0.080870 -0.014853 0.008975
v -0.081315 -0.014123 0.022000
v -0.080209 -0.015841 0.008977
v -0.080178 -0.015219 0.022000
v -0.079983 -0.016982 0.008983
v -0.079756 -0.016755 0.022000
v -0.082982 -0.013983 0.008983
v -0.082755 -0.013756 0.022000
v -0.088000 -0.013756 0.022000
v -0.088000 -0.013913 0.012983
v -0.088523 -0.013920 0.012585
v -0.090112 -0.013936 0.011687
v -0.091101 -0.013939 0.011509
v -0.093930 -0.013939 0.011509
v -0.093975 -0.013983 0.008983
v -0.091000 -0.040245 0.022000
v -0.090974 -0.039849 0.022000
v -0.090888 -0.039274 0.012995
v -0.090829 -0.039248 0.022000
v -0.089749 -0.037649 0.012986
v -0.089550 -0.037676 0.022000
v -0.088000 -0.037087 0.012983
v -0.088000 -0.037244 0.022000
v -0.091000 -0.040088 0.013000
v -0.082982 -0.037017 0.008983
v -0.093975 -0.037017 0.008983
v -0.093939 -0.037053 0.011018
v -0.091444 -0.037053 0.011018
v -0.090622 -0.037055 0.011138
v -0.090193 -0.037058 0.011292
v -0.089749 -0.037061 0.011518
v -0.089223 -0.037068 0.011871
v -0.088794 -0.037074 0.012223
v -0.088347 -0.037081 0.012639
v -0.088000 -0.037087 0.012983
v -0.088000 -0.037244 0.022000
v -0.082755 -0.037244 0.022000
v -0.079983 -0.034018 0.008983
v -0.080068 -0.034729 0.008979
v -0.079756 -0.034245 0.022000
v -0.080853 -0.036130 0.008975
v -0.080123 -0.035685 0.022000
v -0.081841 -0.036792 0.008977
v -0.081219 -0.036822 0.022000
v -0.082982 -0.037017 0.008983
v -0.082755 -0.037244 0.022000
v -0.091000 -0.010755 0.022000
v -0.091000 -0.010912 0.013000
v -0.090974 -0.011151 0.022000
v -0.090868 -0.011792 0.012995
v -0.090829 -0.011752 0.022000
v -0.089550 -0.013324 0.022000
v -0.089699 -0.013386 0.012986
v -0.088000 -0.013913 0.012983
v -0.088000 -0.013756 0.022000
v -0.091000 -0.010912 0.013000
v -0.091000 -0.010755 0.022000
v -0.091000 0.010912 0.013000
v -0.091000 0.010755 0.022000
v -0.079983 0.016982 0.008983
v -0.079756 0.016755 0.022000
v -0.079983 0.034018 0.008983
v -0.079756 0.034245 0.022000
v -0.082982 0.037017 0.008983
v -0.082537 0.036984 0.008980
v -0.082755 0.037244 0.022000
v -0.080999 0.036268 0.008975
v -0.081219 0.036822 0.022000
v -0.080249 0.035252 0.008977
v -0.080123 0.035685 0.022000
v -0.079983 0.034018 0.008983
v -0.079756 0.034245 0.022000
v -0.082982 0.037017 0.008983
v -0.082755 0.037244 0.022000
v -0.088000 0.037244 0.022000
v -0.088000 0.037087 0.012983
v -0.088942 0.037071 0.012096
v -0.090466 0.037056 0.011187
v -0.091444 0.037053 0.011018
v -0.093939 0.037053 0.011018
v -0.093975 0.037017 0.008983
v -0.091000 0.010755 0.022000
v -0.090974 0.011151 0.022000
v -0.090281 0.012862 0.012989
v -0.090221 0.012772 0.022000
v -0.088813 0.013801 0.012983
v -0.089563 0.013316 0.022000
v -0.088000 0.013913 0.012983
v -0.088000 0.013756 0.022000
v -0.091000 0.010912 0.013000
v -0.082982 0.013983 0.008983
v -0.093975 0.013983 0.008983
v -0.093930 0.013939 0.011509
v -0.091101 0.013939 0.011509
v -0.090732 0.013938 0.011535
v -0.090269 0.013937 0.011637
v -0.089810 0.013934 0.011806
v -0.089324 0.013929 0.012053
v -0.089028 0.013926 0.012234
v -0.088730 0.013923 0.012436
v -0.088367 0.013918 0.012702
v -0.088000 0.013913 0.012983
v -0.088000 0.013756 0.022000
v -0.082755 0.013756 0.022000
v -0.079983 0.016982 0.008983
v -0.080068 0.016271 0.008979
v -0.079756 0.016755 0.022000
v -0.080853 0.014870 0.008975
v -0.080178 0.015219 0.022000
v -0.081842 0.014208 0.008977
v -0.081315 0.014123 0.022000
v -0.082982 0.013983 0.008983
v -0.082755 0.013756 0.022000
v -0.094149 0.038000 0.014000
v -0.094149 0.062412 0.014000
v -0.093784 0.038000 0.014069
v -0.093790 0.062414 0.014067
v -0.093448 0.038000 0.014287
v -0.093479 0.062417 0.014258
v -0.093224 0.038000 0.014619
v -0.093154 0.062428 0.014898
v -0.093149 0.038000 0.014983
v -0.093149 0.062430 0.014983
v -0.093649 0.062929 0.014974
v -0.093631 0.062965 0.016009
v -0.093295 0.062783 0.014973
v -0.093277 0.062819 0.016008
v -0.093149 0.062430 0.014983
v -0.093131 0.062466 0.016018
v -0.093149 0.013000 0.014983
v -0.093149 -0.013000 0.014983
v -0.093224 0.013000 0.014619
v -0.093224 -0.013000 0.014619
v -0.093448 0.013000 0.014287
v -0.093448 -0.013000 0.014287
v -0.093784 0.013000 0.014069
v -0.093784 -0.013000 0.014069
v -0.094149 0.013000 0.014000
v -0.094149 -0.013000 0.014000
v -0.094149 -0.062412 0.014000
v -0.094149 -0.038000 0.014000
v -0.094064 -0.062413 0.014004
v -0.093784 -0.038000 0.014069
v -0.093418 -0.062418 0.014317
v -0.093448 -0.038000 0.014287
v -0.093222 -0.062423 0.014625
v -0.093224 -0.038000 0.014619
v -0.093149 -0.062430 0.014983
v -0.093149 -0.038000 0.014983
v -0.093631 -0.062965 0.016009
v -0.093649 -0.062929 0.014974
v -0.093277 -0.062819 0.016008
v -0.093295 -0.062783 0.014973
v -0.093131 -0.062466 0.016018
v -0.093149 -0.062430 0.014983
v 0.096768 -0.024680 0.014471
v 0.096627 -0.025745 0.014672
v 0.096587 -0.079000 0.014713
v 0.096464 -0.026928 0.014817
v 0.095886 -0.079000 0.015000
v 0.096296 -0.028093 0.014912
v 0.096077 -0.029551 0.014982
v 0.096886 -0.079000 0.014018
v 0.096886 -0.023799 0.014018
v 0.096884 -0.023809 0.014068
v 0.096880 -0.023838 0.014117
v 0.096873 -0.023886 0.014165
v 0.096864 -0.023952 0.014211
v 0.096840 -0.024130 0.014300
v 0.095886 -0.030764 0.015000
v 0.094321 -0.089000 0.007500
v 0.094222 -0.088943 0.014018
v 0.091142 -0.093142 0.007500
v 0.091062 -0.093062 0.014018
v 0.087000 -0.096321 0.007500
v 0.086943 -0.096222 0.014018
v 0.082176 -0.098319 0.007500
v 0.082147 -0.098209 0.014018
v 0.077000 -0.099000 0.007500
v 0.077000 -0.098886 0.014018
v 0.096209 -0.084147 0.014018
v 0.096318 -0.084176 0.007500
v 0.096886 -0.079000 0.014018
v 0.097000 -0.079000 0.007500
v 0.097123 -0.026190 0.008265
v 0.097346 -0.025841 0.007500
v 0.097524 -0.025085 0.009760
v 0.098464 -0.025039 0.007500
v 0.098206 -0.024928 0.008877
v 0.098932 -0.024780 0.008848
v 0.098141 -0.023036 0.011620
v 0.098886 -0.023746 0.010762
v 0.098854 -0.021991 0.012051
v 0.096968 -0.026709 0.009339
v 0.097073 -0.025268 0.010840
v 0.096920 -0.025204 0.012097
v 0.097031 -0.022928 0.013008
v 0.096889 -0.022735 0.013873
v 0.096879 -0.020000 0.014433
v 0.097471 -0.022968 0.012208
v 0.097465 -0.020000 0.013053
v 0.098844 -0.020000 0.012468
v 0.097000 -0.026965 0.007500
v 0.098965 -0.024966 0.007500
v 0.097465 -0.020000 0.013053
v 0.098844 -0.020000 0.012468
v 0.097465 0.020000 0.013053
v 0.096879 0.020000 0.014433
v 0.096879 -0.020000 0.014433
v 0.098844 0.020000 0.012468
v 0.097347 0.025840 0.007500
v 0.097080 0.025501 0.010440
v 0.097508 0.024697 0.010484
v 0.097035 0.023305 0.012791
v 0.097462 0.022210 0.012608
v 0.097017 0.020679 0.013701
v 0.097465 0.020000 0.013053
v 0.096879 0.020000 0.014433
v 0.097000 0.026965 0.007500
v 0.096950 0.026335 0.010363
v 0.096909 0.024555 0.012737
v 0.096883 0.021855 0.014181
v 0.098166 0.024099 0.010563
v 0.098121 0.021312 0.012447
v 0.098848 0.021271 0.012303
v 0.098844 0.020000 0.012468
v 0.098300 0.025092 0.007500
v 0.098916 0.024532 0.009531
v 0.098873 0.023218 0.011284
v 0.098965 0.024966 0.007500
v 0.096869 -0.079000 -0.000000
v 0.096869 0.079000 0.000000
v 0.096879 0.020000 0.000567
v 0.096879 -0.020000 0.000567
v 0.096883 -0.021855 0.000819
v 0.096909 -0.024554 0.002262
v 0.096950 -0.026335 0.004637
v 0.097000 -0.026965 0.007500
v 0.097000 -0.079000 0.007500
v 0.097000 0.079000 0.007500
v 0.097000 0.026965 0.007500
v 0.096961 0.026577 0.005238
v 0.096920 0.025189 0.002886
v 0.096889 0.022737 0.001127
v 0.096037 0.029812 0.014989
v 0.096270 0.028273 0.014924
v 0.095886 0.079000 0.015000
v 0.096478 0.026824 0.014806
v 0.096587 0.079000 0.014713
v 0.096626 0.025749 0.014673
v 0.096735 0.024931 0.014529
v 0.096832 0.024194 0.014326
v 0.096863 0.023958 0.014215
v 0.096874 0.023879 0.014158
v 0.096881 0.023826 0.014101
v 0.096885 0.023802 0.014046
v 0.096886 0.023799 0.014018
v 0.096886 0.079000 0.014018
v 0.095886 0.030764 0.015000
v 0.098085 -0.000035 0.102376
v 0.096682 -0.000035 0.022000
v 0.098085 0.000035 0.102376
v 0.096682 0.000035 0.022000
v -0.091000 0.040245 0.022000
v -0.091000 0.040088 0.013000
v -0.090974 0.039849 0.022000
v -0.090868 0.039208 0.012995
v -0.090829 0.039248 0.022000
v -0.089550 0.037676 0.022000
v -0.089699 0.037614 0.012986
v -0.088000 0.037087 0.012983
v -0.088000 0.037244 0.022000
v -0.091000 0.040088 0.013000
v -0.091000 0.040245 0.022000
v -0.091000 0.040352 0.022000
v -0.091000 0.040628 0.015972
v -0.091000 0.040690 0.015724
v -0.091000 0.040850 0.015485
v -0.091000 0.041070 0.015284
v -0.091000 0.041372 0.015090
v -0.091000 0.041789 0.014899
v -0.091000 0.042266 0.014742
v -0.091000 0.042861 0.014610
v -0.091000 0.043484 0.014530
v -0.091000 0.044163 0.014500
v -0.091000 0.062000 0.014500
v -0.091000 0.062000 0.013000
v -0.091000 0.040628 0.015972
v -0.090956 0.040833 0.015981
v -0.090991 0.040741 0.015857
v -0.090953 0.040854 0.015888
v -0.090985 0.040852 0.015682
v -0.090946 0.040908 0.015792
v -0.090920 0.041106 0.015610
v -0.090500 0.044163 0.015000
v -0.090750 0.044163 0.014933
v -0.090706 0.043523 0.014983
v -0.090818 0.043517 0.014914
v -0.090797 0.042788 0.015033
v -0.090892 0.042770 0.014943
v -0.090866 0.042177 0.015124
v -0.090952 0.042002 0.015048
v -0.090928 0.041561 0.015282
v -0.090990 0.041294 0.015252
v -0.090968 0.041104 0.015483
v -0.090999 0.040939 0.015438
v -0.091000 0.040690 0.015724
v -0.091000 0.040850 0.015485
v -0.091000 0.041789 0.014899
v -0.091000 0.041372 0.015090
v -0.090993 0.041959 0.014925
v -0.090961 0.042748 0.014828
v -0.090911 0.043508 0.014813
v -0.091000 0.042266 0.014742
v -0.090999 0.042544 0.014711
v -0.090981 0.043287 0.014686
v -0.090933 0.044163 0.014750
v -0.091000 0.044163 0.014500
v -0.090999 0.043487 0.014563
v -0.091000 0.043484 0.014530
v -0.091000 0.042861 0.014610
v -0.090859 0.041559 0.015386
v -0.090782 0.042125 0.015217
v -0.090690 0.042800 0.015092
v -0.090594 0.043488 0.015022
v -0.091000 0.041070 0.015284
v -0.045829 0.088544 0.015981
v -0.044673 0.089603 0.015983
v -0.045863 0.088611 0.015618
v -0.044926 0.089763 0.015287
v -0.045966 0.088810 0.015286
v -0.046121 0.089108 0.015069
v -0.046288 0.089432 0.015000
v -0.045518 0.090138 0.015000
v -0.044673 0.089603 0.015983
v -0.044598 0.089525 0.022000
v -0.043417 0.090939 0.015983
v -0.043363 0.090849 0.022000
v -0.041756 0.091714 0.015983
v -0.039925 0.091817 0.015983
v -0.041722 0.091614 0.022000
v -0.039914 0.091710 0.022000
v -0.070041 0.074250 0.015000
v -0.067249 0.074955 0.015000
v -0.068675 0.078003 0.015000
v -0.059133 0.081510 0.015000
v -0.068675 0.081997 0.015000
v -0.050998 0.086833 0.015000
v -0.070041 0.085750 0.015000
v -0.046288 0.089432 0.015000
v -0.072608 0.088810 0.015000
v -0.045518 0.090138 0.015000
v -0.076067 0.090807 0.015000
v -0.090355 0.092355 0.015000
v -0.093356 0.088443 0.015000
v -0.083933 0.090807 0.015000
v -0.087392 0.088810 0.015000
v -0.095243 0.083888 0.015000
v -0.089959 0.085750 0.015000
v -0.095886 0.079000 0.015000
v -0.095884 0.065500 0.015000
v -0.091325 0.078003 0.015000
v -0.091325 0.081997 0.015000
v -0.080000 0.068500 0.015000
v -0.094000 0.065500 0.015000
v -0.092250 0.065031 0.015000
v -0.090969 0.063750 0.015000
v -0.090500 0.062000 0.015000
v -0.080780 0.060127 0.015000
v -0.075539 0.066592 0.015000
v -0.080000 0.091500 0.015000
v -0.044003 0.091749 0.015000
v -0.042000 0.092684 0.015000
v -0.039792 0.092808 0.015000
v -0.038756 0.092945 0.015000
v -0.027152 0.096971 0.015000
v -0.077000 0.097886 0.015000
v -0.081888 0.097243 0.015000
v -0.086443 0.095356 0.015000
v -0.072608 0.071190 0.015000
v -0.076067 0.069193 0.015000
v -0.083933 0.069193 0.015000
v -0.087392 0.071190 0.015000
v -0.089959 0.074250 0.015000
v -0.090500 0.044163 0.015000
v -0.085056 0.053909 0.015000
v -0.023642 0.097886 0.015000
v -0.038756 0.092945 0.015000
v -0.039792 0.092808 0.015000
v -0.038616 0.092608 0.015069
v -0.039885 0.092114 0.015287
v -0.038486 0.092298 0.015286
v -0.038400 0.092091 0.015618
v -0.038371 0.092022 0.015981
v -0.039925 0.091817 0.015983
v 0.087000 0.096321 0.007500
v 0.086943 0.096222 0.014018
v 0.091142 0.093142 0.007500
v 0.091062 0.093062 0.014018
v 0.094321 0.089000 0.007500
v 0.094222 0.088943 0.014018
v 0.096318 0.084176 0.007500
v 0.096209 0.084147 0.014018
v 0.097000 0.079000 0.007500
v 0.096886 0.079000 0.014018
v 0.082147 0.098209 0.014018
v 0.082176 0.098319 0.007500
v 0.077000 0.098886 0.014018
v 0.077000 0.099000 0.007500
v -0.077000 0.098869 0.000000
v -0.077000 0.099000 0.007500
v 0.077000 0.098869 -0.000000
v 0.077000 0.099000 0.007500
v -0.094321 0.089000 0.007500
v -0.094222 0.088943 0.014018
v -0.091142 0.093142 0.007500
v -0.091062 0.093062 0.014018
v -0.087000 0.096321 0.007500
v -0.086943 0.096222 0.014018
v -0.082176 0.098319 0.007500
v -0.082147 0.098209 0.014018
v -0.077000 0.099000 0.007500
v -0.077000 0.098886 0.014018
v -0.096209 0.084147 0.014018
v -0.096318 0.084176 0.007500
v -0.096886 0.079000 0.014018
v -0.097000 0.079000 0.007500
v -0.023642 0.098886 0.014018
v -0.077000 0.098886 0.014018
v -0.023642 0.098587 0.014713
v -0.077000 0.098587 0.014713
v -0.023642 0.097886 0.015000
v -0.077000 0.097886 0.015000
v -0.013078 0.098856 0.015733
v -0.013130 0.098840 0.015880
v -0.012948 0.098854 0.015857
v -0.013086 0.098842 0.015913
v -0.012935 0.098854 0.015889
v -0.013058 0.098843 0.015948
v -0.012918 0.098852 0.015980
v -0.013049 0.098843 0.015981
v -0.015095 0.098871 0.014922
v -0.015988 0.098853 0.014919
v -0.014203 0.098866 0.015165
v -0.015544 0.098757 0.015280
v -0.014107 0.098829 0.015460
v -0.014873 0.098723 0.015496
v -0.013652 0.098808 0.015702
v -0.017186 0.098878 0.014520
v -0.017957 0.098865 0.014560
v -0.016185 0.098875 0.014691
v -0.017726 0.098796 0.014825
v -0.017283 0.098643 0.015139
v -0.016451 0.098602 0.015324
v -0.020521 0.098884 0.014140
v -0.020503 0.098869 0.014299
v -0.018677 0.098881 0.014318
v -0.019792 0.098816 0.014545
v -0.019468 0.098707 0.014783
v -0.019180 0.098494 0.015039
v -0.018306 0.098442 0.015179
v -0.022004 0.098886 0.014053
v -0.022187 0.098822 0.014379
v -0.023141 0.098866 0.014207
v -0.021740 0.098722 0.014595
v -0.023642 0.098587 0.014713
v -0.023150 0.098420 0.014849
v -0.023642 0.097886 0.015000
v -0.022661 0.098157 0.014976
v -0.022061 0.098066 0.015017
v -0.020934 0.098334 0.014988
v -0.020186 0.098262 0.015078
v -0.021335 0.098578 0.014790
v -0.013354 0.098853 0.015623
v -0.013259 0.098832 0.015817
v -0.013651 0.098863 0.015365
v -0.013264 0.098859 0.015558
v -0.013052 0.098857 0.015718
v -0.012989 0.098855 0.015790
v -0.023642 0.098886 0.014018
v 0.014839 0.098754 0.014498
v 0.016386 0.098629 0.014670
v 0.077000 0.098587 0.014713
v 0.018268 0.098462 0.014818
v 0.077000 0.097886 0.015000
v 0.019881 0.098305 0.014908
v 0.021848 0.098095 0.014978
v 0.077000 0.098886 0.014018
v 0.013070 0.098886 0.014018
v 0.013074 0.098886 0.014042
v 0.013088 0.098884 0.014068
v 0.013127 0.098881 0.014105
v 0.013253 0.098871 0.014174
v 0.013640 0.098843 0.014292
v 0.023642 0.097886 0.015000
v 0.039885 0.092114 0.015287
v 0.038486 0.092298 0.015286
v 0.038400 0.092091 0.015618
v 0.038371 0.092022 0.015981
v 0.039925 0.091817 0.015983
v 0.038616 0.092608 0.015069
v 0.039792 0.092808 0.015000
v 0.038756 0.092945 0.015000
v 0.039925 0.091817 0.015983
v 0.039914 0.091710 0.022000
v 0.041756 0.091714 0.015983
v 0.041722 0.091614 0.022000
v 0.043417 0.090939 0.015983
v 0.044673 0.089603 0.015983
v 0.043363 0.090849 0.022000
v 0.044598 0.089526 0.022000
v 0.046288 0.089432 0.015000
v 0.045518 0.090138 0.015000
v 0.046121 0.089108 0.015069
v 0.044926 0.089763 0.015287
v 0.045966 0.088810 0.015286
v 0.045863 0.088611 0.015618
v 0.045829 0.088544 0.015981
v 0.044673 0.089603 0.015983
v 0.083933 0.090807 0.015000
v 0.090355 0.092355 0.015000
v 0.080000 0.091500 0.015000
v 0.086443 0.095356 0.015000
v 0.081888 0.097243 0.015000
v 0.091325 0.078003 0.015000
v 0.095886 0.079000 0.015000
v 0.091325 0.081997 0.015000
v 0.095243 0.083888 0.015000
v 0.089959 0.085750 0.015000
v 0.093356 0.088443 0.015000
v 0.087392 0.088810 0.015000
v 0.039792 0.092808 0.015000
v 0.042000 0.092684 0.015000
v 0.038756 0.092945 0.015000
v 0.062500 0.095500 0.015000
v 0.027153 0.096971 0.015000
v 0.069500 0.088500 0.015000
v 0.062500 0.088500 0.015000
v 0.058619 0.081881 0.015000
v 0.067443 0.074781 0.015000
v 0.068675 0.081997 0.015000
v 0.070041 0.085750 0.015000
v 0.072608 0.088810 0.015000
v 0.076067 0.090807 0.015000
v 0.069500 0.095500 0.015000
v 0.044003 0.091749 0.015000
v 0.045518 0.090138 0.015000
v 0.046288 0.089432 0.015000
v 0.049527 0.087680 0.015000
v 0.077000 0.097886 0.015000
v 0.023642 0.097886 0.015000
v 0.092226 0.045803 0.015000
v 0.080000 0.068500 0.015000
v 0.075916 0.066162 0.015000
v 0.083514 0.056268 0.015000
v 0.088600 0.047862 0.015000
v 0.089034 0.047315 0.015000
v 0.089951 0.046855 0.015000
v 0.093808 0.043858 0.015000
v 0.089959 0.074250 0.015000
v 0.087392 0.071190 0.015000
v 0.083933 0.069193 0.015000
v 0.094373 0.041417 0.015000
v 0.094373 0.035493 0.015000
v 0.095886 0.030764 0.015000
v 0.076067 0.069193 0.015000
v 0.072608 0.071190 0.015000
v 0.070041 0.074250 0.015000
v 0.068675 0.078003 0.015000
v 0.094496 0.034802 0.015000
v 0.092226 0.045803 0.015000
v 0.089951 0.046855 0.015000
v 0.092584 0.044479 0.015287
v 0.089808 0.046169 0.015287
v 0.091613 0.045014 0.015983
v 0.089747 0.045876 0.015983
v 0.092910 0.043419 0.015983
v 0.093373 0.041417 0.015983
v 0.093672 0.041417 0.015287
v 0.093808 0.043858 0.015000
v 0.094373 0.041417 0.015000
v 0.093672 0.041417 0.015287
v 0.093373 0.041417 0.015983
v 0.093672 0.035493 0.015287
v 0.094373 0.035493 0.015000
v 0.094373 0.041417 0.015000
v 0.093373 0.035493 0.015983
v 0.094496 0.034802 0.015000
v 0.094373 0.035493 0.015000
v 0.094154 0.034676 0.015069
v 0.093672 0.035493 0.015287
v 0.093839 0.034560 0.015286
v 0.093629 0.034482 0.015618
v 0.093558 0.034456 0.015981
v 0.093373 0.035493 0.015983
v -0.090841 -0.041687 0.015340
v -0.086947 -0.048944 0.015618
v -0.090897 -0.041278 0.015508
v -0.086881 -0.048907 0.015981
v -0.090934 -0.040996 0.015696
v -0.090956 -0.040833 0.015981
v -0.090951 -0.040869 0.015856
v -0.087142 -0.049054 0.015286
v -0.078834 -0.061524 0.015286
v -0.079099 -0.061731 0.015069
v -0.069011 -0.072835 0.015069
v -0.071880 -0.070527 0.015000
v -0.064018 -0.077733 0.015000
v -0.090761 -0.042277 0.015183
v -0.090679 -0.042875 0.015082
v -0.087435 -0.049219 0.015069
v -0.090626 -0.043262 0.015040
v -0.090566 -0.043690 0.015011
v -0.078658 -0.061387 0.015618
v -0.068780 -0.072591 0.015286
v -0.068626 -0.072428 0.015618
v -0.058608 -0.081026 0.015286
v -0.058477 -0.080844 0.015618
v -0.045966 -0.088810 0.015286
v -0.045863 -0.088611 0.015618
v -0.079386 -0.061955 0.015000
v -0.084198 -0.055240 0.015000
v -0.090297 -0.044577 0.015000
v -0.054786 -0.084494 0.015000
v -0.046288 -0.089432 0.015000
v -0.058805 -0.081298 0.015069
v -0.046121 -0.089108 0.015069
v -0.083010 -0.055225 0.015981
v -0.078599 -0.061339 0.015981
v -0.070500 -0.070500 0.015981
v -0.063382 -0.076961 0.015981
v -0.055391 -0.082899 0.015981
v -0.045829 -0.088544 0.015981
v -0.090500 -0.044163 0.015000
v -0.090957 -0.040556 0.022000
v -0.091000 -0.040352 0.022000
v -0.090956 -0.040833 0.015981
v -0.091000 -0.040628 0.015972
v 0.096682 -0.000035 0.022000
v 0.098085 -0.000035 0.102376
v 0.098070 -0.001274 0.102752
v 0.098035 -0.003029 0.102528
v 0.097984 -0.004824 0.101380
v 0.097882 -0.007398 0.098112
v 0.097743 -0.010035 0.092785
v 0.097508 -0.013488 0.082783
v 0.097167 -0.017428 0.067164
v 0.096776 -0.021117 0.048471
v 0.096240 -0.025375 0.022000
v 0.096077 -0.029551 0.014982
v 0.096296 -0.028093 0.014912
v 0.095827 -0.029205 0.015096
v 0.096074 -0.027784 0.015082
v 0.095579 -0.029112 0.015331
v 0.095886 -0.027688 0.015366
v 0.095426 -0.029042 0.015649
v 0.095808 -0.027616 0.015709
v 0.095609 -0.028276 0.015862
v 0.095915 -0.027233 0.015719
v 0.095540 -0.030653 0.015069
v 0.095219 -0.030550 0.015286
v 0.095388 -0.029012 0.015905
v 0.095279 -0.029364 0.015951
v 0.096305 -0.026488 0.015014
v 0.096185 -0.026384 0.015330
v 0.096188 -0.026264 0.015529
v 0.096501 -0.025116 0.015205
v 0.096535 -0.025257 0.014882
v 0.096737 -0.024269 0.014679
v 0.096724 -0.024268 0.014837
v 0.096833 -0.023859 0.014520
v 0.096811 -0.023939 0.014622
v 0.096867 -0.023726 0.014418
v 0.096840 -0.024130 0.014300
v 0.096864 -0.023952 0.014211
v 0.096873 -0.023886 0.014165
v 0.096880 -0.023676 0.014353
v 0.096880 -0.023838 0.014117
v 0.096883 -0.023695 0.014206
v 0.096885 -0.023747 0.014083
v 0.096768 -0.024680 0.014471
v 0.096627 -0.025745 0.014672
v 0.096464 -0.026928 0.014817
v 0.095006 -0.030482 0.015618
v 0.094934 -0.030459 0.015981
v 0.095886 -0.030764 0.015000
v 0.096884 -0.023809 0.014068
v 0.096886 -0.023799 0.014018
v 0.094496 -0.034802 0.015000
v 0.095540 -0.030653 0.015069
v 0.094154 -0.034676 0.015069
v 0.095219 -0.030550 0.015286
v 0.093839 -0.034560 0.015286
v 0.095006 -0.030482 0.015618
v 0.093629 -0.034482 0.015618
v 0.094934 -0.030459 0.015981
v 0.093558 -0.034456 0.015981
v 0.095886 -0.030764 0.015000
v 0.093558 -0.034456 0.015981
v 0.093453 -0.034416 0.022000
v 0.093373 -0.035493 0.015983
v 0.093268 -0.035452 0.022000
v 0.093373 -0.041417 0.015983
v 0.093373 -0.035493 0.015983
v 0.093268 -0.041417 0.022000
v 0.093268 -0.035452 0.022000
v 0.092379 -0.037065 0.036052
v 0.092379 -0.041205 0.036052
v 0.093115 -0.035870 0.022000
v 0.093115 -0.041205 0.022000
v 0.092249 -0.041205 0.036495
v 0.092379 -0.041205 0.036052
v 0.092379 -0.037065 0.036052
v 0.092375 -0.037090 0.036096
v 0.092370 -0.037139 0.036144
v 0.092350 -0.037319 0.036243
v 0.092299 -0.037806 0.036394
v 0.092144 -0.039278 0.036645
v 0.091934 -0.041205 0.036832
v 0.089539 -0.045043 0.036052
v 0.091016 -0.044219 0.036052
v 0.091461 -0.043496 0.036549
v 0.092022 -0.042859 0.036052
v 0.092249 -0.041205 0.036495
v 0.092379 -0.041205 0.036052
v 0.089818 -0.044785 0.036529
v 0.089664 -0.044925 0.036380
v 0.089557 -0.045024 0.036169
v 0.091934 -0.041205 0.036832
v 0.091298 -0.043041 0.036896
v 0.090337 -0.044290 0.036763
v 0.089539 -0.045043 0.036052
v 0.089542 -0.045807 0.022000
v 0.091016 -0.044219 0.036052
v 0.091391 -0.044867 0.022000
v 0.092022 -0.042859 0.036052
v 0.092662 -0.043229 0.022000
v 0.092379 -0.041205 0.036052
v 0.093115 -0.041205 0.022000
v 0.089074 -0.046828 0.015069
v 0.089951 -0.046855 0.015000
v 0.089100 -0.046423 0.015287
v 0.089808 -0.046169 0.015287
v 0.089234 -0.046113 0.015619
v 0.089747 -0.045876 0.015983
v 0.088906 -0.046188 0.015981
v 0.087786 -0.047423 0.015618
v 0.087983 -0.047529 0.015286
v 0.088279 -0.047689 0.015069
v 0.088600 -0.047862 0.015000
v 0.087720 -0.047387 0.015981
v 0.089303 -0.047114 0.015000
v 0.089692 -0.045780 0.022000
v 0.089747 -0.045876 0.015983
v 0.091530 -0.044945 0.022000
v 0.091613 -0.045014 0.015983
v 0.092810 -0.043383 0.022000
v 0.092910 -0.043419 0.015983
v 0.093268 -0.041417 0.022000
v 0.093373 -0.041417 0.015983
v 0.075093 -0.065585 0.015981
v 0.077479 -0.062867 0.015618
v 0.079648 -0.059971 0.015981
v 0.085938 -0.050695 0.015618
v 0.083904 -0.053855 0.015981
v 0.087786 -0.047423 0.015618
v 0.087720 -0.047387 0.015981
v 0.070360 -0.070639 0.015981
v 0.061066 -0.078811 0.015981
v 0.068070 -0.072951 0.015618
v 0.056937 -0.081937 0.015618
v 0.068223 -0.073115 0.015286
v 0.057064 -0.082121 0.015286
v 0.068452 -0.073361 0.015069
v 0.057256 -0.082397 0.015069
v 0.061678 -0.079602 0.015000
v 0.053610 -0.085245 0.015000
v 0.077653 -0.063008 0.015286
v 0.086131 -0.050809 0.015286
v 0.086420 -0.050980 0.015069
v 0.088279 -0.047689 0.015069
v 0.088600 -0.047862 0.015000
v 0.055391 -0.082899 0.015981
v 0.045829 -0.088544 0.015981
v 0.045863 -0.088611 0.015618
v 0.045966 -0.088810 0.015286
v 0.046121 -0.089108 0.015069
v 0.046288 -0.089432 0.015000
v 0.071066 -0.071346 0.015000
v 0.078413 -0.063183 0.015000
v 0.077914 -0.063220 0.015069
v 0.085519 -0.053171 0.015000
v 0.087983 -0.047529 0.015286
v 0.045829 -0.088544 0.015981
v 0.045763 -0.088451 0.022000
v 0.044673 -0.089603 0.015983
v 0.044598 -0.089525 0.022000
v 0.040509 -0.090969 0.037000
v 0.039914 -0.091710 0.022000
v 0.042247 -0.090598 0.037000
v 0.041722 -0.091614 0.022000
v 0.043648 -0.089505 0.037000
v 0.043363 -0.090849 0.022000
v 0.044598 -0.089525 0.022000
v 0.038371 -0.092022 0.015981
v 0.039925 -0.091817 0.015983
v 0.038342 -0.091912 0.022000
v 0.039914 -0.091710 0.022000
v 0.038371 -0.092022 0.015981
v 0.034234 -0.093639 0.015981
v 0.038400 -0.092091 0.015618
v 0.036339 -0.092924 0.015618
v 0.038486 -0.092298 0.015286
v 0.036421 -0.093132 0.015286
v 0.038616 -0.092608 0.015069
v 0.036543 -0.093446 0.015069
v 0.038756 -0.092945 0.015000
v 0.035388 -0.094278 0.015000
v 0.023407 -0.096914 0.015981
v 0.023425 -0.096988 0.015618
v 0.023477 -0.097206 0.015286
v 0.023556 -0.097532 0.015069
v 0.023642 -0.097886 0.015000
v 0.023407 -0.096914 0.015981
v 0.022820 -0.097128 0.015624
v 0.023425 -0.096988 0.015618
v 0.022872 -0.097328 0.015303
v 0.023477 -0.097206 0.015286
v 0.022947 -0.097629 0.015084
v 0.023556 -0.097532 0.015069
v 0.023026 -0.097960 0.014997
v 0.023642 -0.097886 0.015000
v 0.022797 -0.097060 0.015976
v 0.022797 -0.097060 0.015976
v 0.021488 -0.097359 0.015938
v 0.022820 -0.097128 0.015624
v 0.021858 -0.097357 0.015580
v 0.022872 -0.097328 0.015303
v 0.021939 -0.097657 0.015177
v 0.022947 -0.097629 0.015084
v 0.022042 -0.098083 0.014985
v 0.023026 -0.097960 0.014997
v 0.019802 -0.097718 0.015841
v 0.019833 -0.097759 0.015557
v 0.019881 -0.097886 0.015288
v 0.019939 -0.098086 0.015071
v 0.020000 -0.098329 0.014930
v 0.018094 -0.098515 0.014833
v 0.016445 -0.098439 0.015032
v 0.016249 -0.098677 0.014698
v 0.014864 -0.098631 0.014917
v 0.014963 -0.098780 0.014574
v 0.013504 -0.098806 0.014755
v 0.013715 -0.098873 0.014411
v 0.012977 -0.098879 0.014577
v 0.012872 -0.098932 0.014239
v 0.015897 -0.098438 0.015345
v 0.018314 -0.098211 0.015109
v 0.018242 -0.098052 0.015471
v 0.019881 -0.097886 0.015288
v 0.019833 -0.097759 0.015557
v 0.014990 -0.098583 0.015168
v 0.014206 -0.098703 0.014983
v 0.013532 -0.098801 0.014788
v 0.017839 -0.098099 0.015638
v 0.019802 -0.097718 0.015841
v 0.019939 -0.098086 0.015071
v 0.020000 -0.098329 0.014930
v -0.016609 -0.098876 0.014637
v -0.018494 -0.098893 0.014445
v 0.012977 -0.098879 0.014577
v -0.020000 -0.098911 0.014337
v 0.012872 -0.098932 0.014239
v -0.020000 -0.099288 0.013499
v 0.020000 -0.098932 0.014239
v 0.020000 -0.099319 0.013460
v -0.016232 -0.098875 0.014683
v 0.012997 -0.098875 0.014683
v -0.020000 -0.100000 0.012919
v 0.020000 -0.100000 0.012919
v 0.012997 -0.098875 0.014683
v 0.012920 -0.098747 0.022000
v -0.012854 -0.098747 0.022000
v -0.012918 -0.098852 0.015980
v -0.012930 -0.098853 0.015903
v -0.012957 -0.098854 0.015840
v -0.013007 -0.098856 0.015767
v -0.013074 -0.098857 0.015697
v -0.013214 -0.098859 0.015590
v -0.013539 -0.098862 0.015414
v -0.014224 -0.098866 0.015159
v -0.015037 -0.098870 0.014936
v -0.016232 -0.098875 0.014683
v -0.013049 -0.098843 0.015981
v -0.012918 -0.098852 0.015980
v -0.012985 -0.098738 0.022000
v -0.012854 -0.098747 0.022000
v -0.013179 -0.098837 0.015852
v -0.024466 -0.096653 0.015981
v -0.013709 -0.098804 0.015689
v -0.026635 -0.096156 0.015618
v -0.014878 -0.098723 0.015495
v -0.016353 -0.098609 0.015333
v -0.038756 -0.092945 0.015000
v -0.026785 -0.096695 0.015069
v -0.038616 -0.092608 0.015069
v -0.026695 -0.096371 0.015286
v -0.038486 -0.092298 0.015286
v -0.038400 -0.092091 0.015618
v -0.038371 -0.092022 0.015981
v -0.016863 -0.098568 0.015286
v -0.020075 -0.098297 0.015073
v -0.021056 -0.098196 0.015038
v -0.023031 -0.097957 0.015003
v -0.013095 -0.098842 0.015905
v -0.013084 -0.098842 0.015915
v -0.013063 -0.098843 0.015939
v -0.013049 -0.098843 0.015981
v -0.013054 -0.098844 0.015957
v -0.013050 -0.098844 0.015970
v -0.013049 -0.098843 0.015981
v -0.035388 -0.094278 0.015000
v -0.023642 -0.097886 0.015000
v -0.018658 -0.098421 0.015150
v -0.033293 -0.093978 0.015981
v -0.013289 -0.098830 0.015806
v -0.038371 -0.092022 0.015981
v -0.038342 -0.091912 0.022000
v -0.039925 -0.091817 0.015983
v -0.039914 -0.091710 0.022000
v -0.045829 -0.088544 0.015981
v -0.044673 -0.089603 0.015983
v -0.045763 -0.088451 0.022000
v -0.044598 -0.089525 0.022000
v -0.043648 -0.089505 0.037000
v -0.044598 -0.089525 0.022000
v -0.042247 -0.090598 0.037000
v -0.043363 -0.090849 0.022000
v -0.040509 -0.090969 0.037000
v -0.041722 -0.091614 0.022000
v -0.039914 -0.091710 0.022000
v -0.093093 -0.062885 0.016694
v -0.093143 -0.062843 0.016538
v -0.092899 -0.062807 0.016792
v -0.092766 -0.062690 0.016817
v -0.092673 -0.062715 0.016892
v -0.092475 -0.062640 0.016956
v -0.092131 -0.062517 0.017000
v -0.092233 -0.062553 0.016996
v -0.092741 -0.062506 0.016792
v -0.093089 -0.062480 0.016287
v -0.093124 -0.062664 0.016291
v -0.093131 -0.062466 0.016018
v -0.093277 -0.062819 0.016008
v -0.093532 -0.062983 0.016517
v -0.093631 -0.062965 0.016009
v -0.093443 -0.062934 0.016091
v -0.093301 -0.062953 0.016599
v -0.098982 -0.062472 0.013296
v -0.098640 -0.062401 0.013782
v -0.098900 -0.062580 0.013547
v -0.098664 -0.062582 0.013806
v -0.098804 -0.062674 0.013746
v -0.098017 -0.062412 0.014000
v -0.098017 -0.062760 0.014140
v -0.098516 -0.062903 0.014335
v -0.098593 -0.062855 0.014142
v -0.098637 -0.062752 0.013958
v -0.098718 -0.062751 0.013903
v -0.098980 -0.062374 0.013271
v -0.098985 -0.062469 0.013287
v -0.099017 -0.062361 0.013017
v -0.098017 -0.062912 0.014483
v -0.098493 -0.062909 0.014405
v -0.098456 -0.062983 0.016518
v -0.098493 -0.062909 0.014405
v -0.098017 -0.062912 0.014483
v -0.094149 -0.062912 0.014483
v -0.094038 -0.062913 0.014495
v -0.093838 -0.062916 0.014591
v -0.093700 -0.062922 0.014761
v -0.093649 -0.062929 0.014974
v -0.093631 -0.062965 0.016009
v -0.093532 -0.062983 0.016517
v -0.097018 -0.035817 0.014000
v -0.093528 -0.035817 0.014000
v -0.093606 -0.035949 0.014000
v -0.094149 -0.038000 0.014000
v -0.094149 -0.062412 0.014000
v -0.098017 -0.062412 0.014000
v -0.098017 -0.036817 0.014000
v -0.097958 -0.036477 0.014000
v -0.097721 -0.036107 0.014000
v -0.097399 -0.035892 0.014000
v -0.092677 -0.036343 0.014983
v -0.093149 -0.038000 0.014983
v -0.092741 -0.036304 0.014619
v -0.093224 -0.038000 0.014619
v -0.092932 -0.036186 0.014287
v -0.093448 -0.038000 0.014287
v -0.093218 -0.036009 0.014069
v -0.093784 -0.038000 0.014069
v -0.093528 -0.035817 0.014000
v -0.093606 -0.035949 0.014000
v -0.094149 -0.038000 0.014000
v -0.093218 -0.036009 0.014069
v -0.092768 -0.035365 0.013892
v -0.092932 -0.036186 0.014287
v -0.092571 -0.035552 0.014037
v -0.092741 -0.036304 0.014619
v -0.092413 -0.035703 0.014264
v -0.092677 -0.036343 0.014983
v -0.092315 -0.035796 0.014538
v -0.092282 -0.035827 0.014819
v -0.093528 -0.035817 0.014000
v -0.090336 -0.034826 0.013134
v -0.090271 -0.034833 0.013262
v -0.091040 -0.034890 0.013374
v -0.090698 -0.034906 0.013644
v -0.091369 -0.035099 0.013871
v -0.091093 -0.035029 0.013986
v -0.091451 -0.035192 0.014280
v -0.092282 -0.035827 0.014819
v -0.092315 -0.035796 0.014538
v -0.091818 -0.035404 0.014390
v -0.092413 -0.035703 0.014264
v -0.091978 -0.035333 0.014015
v -0.092571 -0.035552 0.014037
v -0.092334 -0.035191 0.013780
v -0.092768 -0.035365 0.013892
v -0.091768 -0.035385 0.014517
v -0.091743 -0.035020 0.013604
v -0.090000 -0.034817 0.013018
v -0.093149 -0.013000 0.014983
v -0.092677 -0.014657 0.014983
v -0.093224 -0.013000 0.014619
v -0.092741 -0.014697 0.014619
v -0.093448 -0.013000 0.014287
v -0.092932 -0.014814 0.014287
v -0.093784 -0.013000 0.014069
v -0.093218 -0.014991 0.014069
v -0.094149 -0.013000 0.014000
v -0.094146 -0.013153 0.014000
v -0.093528 -0.015183 0.014000
v -0.090425 -0.016148 0.013401
v -0.090682 -0.016151 0.013253
v -0.091020 -0.016010 0.013771
v -0.091393 -0.016054 0.013491
v -0.091692 -0.015785 0.013953
v -0.092060 -0.015897 0.013701
v -0.092221 -0.015556 0.014057
v -0.092567 -0.015722 0.013842
v -0.092571 -0.015448 0.014037
v -0.092768 -0.015635 0.013892
v -0.092413 -0.015297 0.014264
v -0.092056 -0.015442 0.014420
v -0.092315 -0.015205 0.014538
v -0.091874 -0.015539 0.014590
v -0.092282 -0.015173 0.014819
v -0.091572 -0.015740 0.014374
v -0.091228 -0.015916 0.014099
v -0.090843 -0.016056 0.013771
v -0.090000 -0.016183 0.013018
v -0.092768 -0.015635 0.013892
v -0.093528 -0.015183 0.014000
v -0.092571 -0.015448 0.014037
v -0.093218 -0.014991 0.014069
v -0.092413 -0.015297 0.014264
v -0.092932 -0.014814 0.014287
v -0.092315 -0.015205 0.014538
v -0.092741 -0.014697 0.014619
v -0.092282 -0.015173 0.014819
v -0.092677 -0.014657 0.014983
v -0.097958 0.014523 0.014000
v -0.098017 -0.014183 0.014000
v -0.098017 0.014183 0.014000
v -0.097942 -0.014565 0.014000
v -0.097721 0.014893 0.014000
v -0.097727 -0.014888 0.014000
v -0.097399 0.015108 0.014000
v -0.097405 -0.015105 0.014000
v -0.097018 -0.015183 0.014000
v -0.097018 0.015183 0.014000
v -0.094149 -0.013000 0.014000
v -0.094146 -0.013153 0.014000
v -0.093528 -0.015183 0.014000
v -0.093528 0.015183 0.014000
v -0.093606 0.015051 0.014000
v -0.094149 0.013000 0.014000
v -0.092677 0.014657 0.014983
v -0.093149 0.013000 0.014983
v -0.092741 0.014697 0.014619
v -0.093224 0.013000 0.014619
v -0.092932 0.014814 0.014287
v -0.093448 0.013000 0.014287
v -0.093218 0.014991 0.014069
v -0.093784 0.013000 0.014069
v -0.093528 0.015183 0.014000
v -0.093606 0.015051 0.014000
v -0.094149 0.013000 0.014000
v -0.093218 0.014991 0.014069
v -0.092768 0.015635 0.013892
v -0.092932 0.014814 0.014287
v -0.092571 0.015448 0.014037
v -0.092741 0.014697 0.014619
v -0.092413 0.015297 0.014264
v -0.092677 0.014657 0.014983
v -0.092315 0.015205 0.014538
v -0.092282 0.015173 0.014819
v -0.093528 0.015183 0.014000
v -0.090336 0.016174 0.013134
v -0.090271 0.016167 0.013262
v -0.091040 0.016110 0.013374
v -0.090698 0.016094 0.013644
v -0.091369 0.015901 0.013871
v -0.091093 0.015971 0.013986
v -0.091451 0.015808 0.014280
v -0.092282 0.015173 0.014819
v -0.092315 0.015205 0.014538
v -0.091818 0.015596 0.014390
v -0.092413 0.015297 0.014264
v -0.091979 0.015667 0.014015
v -0.092571 0.015448 0.014037
v -0.092334 0.015809 0.013780
v -0.092768 0.015635 0.013892
v -0.091768 0.015615 0.014517
v -0.091743 0.015980 0.013604
v -0.090000 0.016183 0.013018
v -0.093149 0.038000 0.014983
v -0.092677 0.036343 0.014983
v -0.093224 0.038000 0.014619
v -0.092741 0.036304 0.014619
v -0.093448 0.038000 0.014287
v -0.092932 0.036186 0.014287
v -0.093784 0.038000 0.014069
v -0.093218 0.036009 0.014069
v -0.094149 0.038000 0.014000
v -0.094146 0.037847 0.014000
v -0.093528 0.035817 0.014000
v -0.090425 0.034852 0.013401
v -0.090682 0.034849 0.013253
v -0.091020 0.034991 0.013771
v -0.091393 0.034946 0.013491
v -0.091692 0.035215 0.013953
v -0.092060 0.035104 0.013701
v -0.092221 0.035444 0.014057
v -0.092567 0.035278 0.013842
v -0.092571 0.035552 0.014037
v -0.092768 0.035365 0.013892
v -0.092413 0.035703 0.014264
v -0.092056 0.035558 0.014420
v -0.092315 0.035796 0.014538
v -0.091874 0.035461 0.014590
v -0.092282 0.035827 0.014819
v -0.091572 0.035260 0.014374
v -0.091228 0.035084 0.014099
v -0.090843 0.034944 0.013771
v -0.090000 0.034817 0.013018
v -0.092768 0.035365 0.013892
v -0.093528 0.035817 0.014000
v -0.092571 0.035552 0.014037
v -0.093218 0.036009 0.014069
v -0.092413 0.035703 0.014264
v -0.092932 0.036186 0.014287
v -0.092315 0.035796 0.014538
v -0.092741 0.036304 0.014619
v -0.092282 0.035827 0.014819
v -0.092677 0.036343 0.014983
v -0.097018 0.035817 0.014000
v -0.094149 0.062412 0.014000
v -0.094149 0.038000 0.014000
v -0.094146 0.037847 0.014000
v -0.093528 0.035817 0.014000
v -0.097358 0.035877 0.014000
v -0.097727 0.036112 0.014000
v -0.097942 0.036435 0.014000
v -0.098017 0.036817 0.014000
v -0.098017 0.062413 0.014000
v -0.098493 0.062909 0.014405
v -0.098017 0.062912 0.014483
v -0.098568 0.062874 0.014199
v -0.098084 0.062872 0.014302
v -0.098681 0.062783 0.013969
v -0.098538 0.062754 0.014015
v -0.098809 0.062670 0.013737
v -0.098822 0.062574 0.013649
v -0.098898 0.062583 0.013553
v -0.098943 0.062531 0.013435
v -0.099017 0.062361 0.013017
v -0.099007 0.062417 0.013159
v -0.098793 0.062393 0.013631
v -0.098276 0.062411 0.013966
v -0.098286 0.062591 0.013998
v -0.098017 0.062413 0.014000
v -0.098017 0.062760 0.014140
v -0.098983 0.062471 0.013293
v -0.098456 0.062983 0.016518
v -0.093532 0.062983 0.016518
v -0.093631 0.062965 0.016009
v -0.093649 0.062929 0.014974
v -0.093663 0.062925 0.014862
v -0.093747 0.062919 0.014684
v -0.093935 0.062914 0.014531
v -0.094149 0.062912 0.014483
v -0.098017 0.062912 0.014483
v -0.098493 0.062909 0.014405
v -0.092926 0.062682 0.016663
v -0.092681 0.062718 0.016889
v -0.092896 0.062499 0.016644
v -0.092547 0.062667 0.016936
v -0.092378 0.062516 0.016969
v -0.092415 0.062618 0.016970
v -0.092267 0.062565 0.016993
v -0.093150 0.062907 0.016667
v -0.092899 0.062807 0.016792
v -0.093085 0.062848 0.016635
v -0.093277 0.062819 0.016008
v -0.093131 0.062466 0.016018
v -0.093631 0.062965 0.016009
v -0.093532 0.062983 0.016518
v -0.093333 0.062961 0.016586
v -0.092131 0.062517 0.017000
v -0.090974 -0.040089 0.022000
v -0.091000 -0.040245 0.022000
v -0.090797 -0.040912 0.022000
v -0.091000 -0.040352 0.022000
v -0.090957 -0.040556 0.022000
v -0.090974 -0.039849 0.022000
v -0.081315 -0.014123 0.022000
v -0.085000 -0.013974 0.022000
v -0.082755 -0.013756 0.022000
v -0.090000 -0.013974 0.022000
v -0.088000 -0.013756 0.022000
v -0.079974 -0.019000 0.022000
v -0.080647 -0.016487 0.022000
v -0.079756 -0.016755 0.022000
v -0.082487 -0.014647 0.022000
v -0.080178 -0.015219 0.022000
v -0.080647 -0.034513 0.022000
v -0.079974 -0.032000 0.022000
v -0.079756 -0.034245 0.022000
v -0.081219 -0.036822 0.022000
v -0.082487 -0.036353 0.022000
v -0.080123 -0.035685 0.022000
v -0.090974 -0.038000 0.022000
v -0.090689 -0.037311 0.022000
v -0.088000 -0.037244 0.022000
v -0.089550 -0.037676 0.022000
v -0.090829 -0.039248 0.022000
v -0.090974 -0.039849 0.022000
v -0.085000 -0.037026 0.022000
v -0.082755 -0.037244 0.022000
v -0.090000 -0.037026 0.022000
v -0.090974 -0.013000 0.022000
v -0.090974 -0.011151 0.022000
v -0.090829 -0.011752 0.022000
v -0.089550 -0.013324 0.022000
v -0.090689 -0.013689 0.022000
v -0.091000 -0.010755 0.022000
v -0.090974 -0.011151 0.022000
v -0.091000 0.010755 0.022000
v -0.090974 0.011151 0.022000
v -0.080647 0.034513 0.022000
v -0.082487 0.036353 0.022000
v -0.080123 0.035685 0.022000
v -0.081219 0.036822 0.022000
v -0.082755 0.013756 0.022000
v -0.085000 0.013974 0.022000
v -0.081315 0.014123 0.022000
v -0.082487 0.014647 0.022000
v -0.080178 0.015219 0.022000
v -0.080647 0.016487 0.022000
v -0.079756 0.016755 0.022000
v -0.090689 0.013689 0.022000
v -0.090000 0.013974 0.022000
v -0.088000 0.013756 0.022000
v -0.090974 0.013000 0.022000
v -0.089563 0.013316 0.022000
v -0.090221 0.012772 0.022000
v -0.090974 0.011151 0.022000
v -0.085000 0.037026 0.022000
v -0.090000 0.037026 0.022000
v -0.088000 0.037244 0.022000
v -0.082755 0.037244 0.022000
v -0.090974 0.038000 0.022000
v -0.090974 0.039849 0.022000
v -0.090829 0.039248 0.022000
v -0.089550 0.037676 0.022000
v -0.090689 0.037311 0.022000
v -0.079756 0.034245 0.022000
v -0.079974 0.019000 0.022000
v -0.079974 0.032000 0.022000
v -0.093009 0.038000 0.023009
v -0.093105 0.040339 0.017513
v -0.093100 0.040261 0.017772
v -0.093095 0.040242 0.018035
v -0.093009 0.040438 0.023009
v -0.093149 0.038000 0.014983
v -0.093149 0.062430 0.014983
v -0.093131 0.045125 0.016018
v -0.093131 0.044707 0.016010
v -0.093131 0.043418 0.016022
v -0.093128 0.042405 0.016168
v -0.093121 0.041352 0.016540
v -0.093113 0.040686 0.017010
v -0.093109 0.040481 0.017256
v -0.093131 0.062466 0.016018
v -0.093009 -0.013000 0.023009
v -0.093149 -0.013000 0.014983
v -0.093009 0.013000 0.023009
v -0.093149 0.013000 0.014983
v -0.093009 -0.038000 0.023009
v -0.093009 -0.040438 0.023009
v -0.093095 -0.040242 0.018035
v -0.093101 -0.040269 0.017734
v -0.093106 -0.040376 0.017433
v -0.093149 -0.038000 0.014983
v -0.093110 -0.040534 0.017184
v -0.093114 -0.040756 0.016944
v -0.093119 -0.041053 0.016714
v -0.093125 -0.041863 0.016322
v -0.093130 -0.042979 0.016066
v -0.093131 -0.043851 0.016002
v -0.093131 -0.062466 0.016018
v -0.093149 -0.062430 0.014983
v -0.093131 -0.045126 0.016018
v 0.095886 0.030764 0.015000
v 0.094154 0.034676 0.015069
v 0.095540 0.030653 0.015069
v 0.093839 0.034560 0.015286
v 0.095219 0.030550 0.015286
v 0.093629 0.034482 0.015618
v 0.095006 0.030482 0.015618
v 0.093558 0.034456 0.015981
v 0.094934 0.030459 0.015981
v 0.094496 0.034802 0.015000
v 0.096885 0.023802 0.014046
v 0.096881 0.023826 0.014101
v 0.096885 0.023727 0.014118
v 0.096874 0.023879 0.014158
v 0.096882 0.023681 0.014278
v 0.096863 0.023958 0.014215
v 0.096880 0.023676 0.014353
v 0.096819 0.023914 0.014547
v 0.096836 0.023843 0.014540
v 0.096765 0.024115 0.014746
v 0.095006 0.030482 0.015618
v 0.095182 0.030006 0.015560
v 0.095474 0.029622 0.015303
v 0.095552 0.028562 0.015679
v 0.095760 0.028263 0.015360
v 0.096101 0.026578 0.015598
v 0.096087 0.026800 0.015349
v 0.096398 0.025513 0.015259
v 0.096264 0.026718 0.015030
v 0.096494 0.025471 0.014912
v 0.096478 0.026824 0.014806
v 0.096626 0.025749 0.014673
v 0.095267 0.029403 0.015953
v 0.095706 0.027950 0.015823
v 0.095219 0.030550 0.015286
v 0.095740 0.029715 0.015088
v 0.095540 0.030653 0.015069
v 0.096037 0.029812 0.014989
v 0.095886 0.030764 0.015000
v 0.096735 0.024931 0.014529
v 0.096697 0.024456 0.014730
v 0.096832 0.024194 0.014326
v 0.096270 0.028273 0.014924
v 0.096006 0.028174 0.015091
v 0.096329 0.025754 0.015402
v 0.096586 0.024797 0.015086
v 0.094934 0.030459 0.015981
v 0.096886 0.023799 0.014018
v 0.096747 0.023621 0.022000
v 0.096879 0.020000 0.014433
v 0.096880 0.023676 0.014353
v 0.096883 0.021855 0.014181
v 0.096882 0.023681 0.014278
v 0.096880 -0.023676 0.014353
v 0.096879 -0.020000 0.014433
v 0.096747 -0.023621 0.022000
v 0.097000 0.079000 0.007500
v 0.096886 0.079000 0.014018
v 0.096886 0.023799 0.014018
v 0.096909 0.024555 0.012737
v 0.096950 0.026335 0.010363
v 0.097000 0.026965 0.007500
v 0.096889 -0.022735 0.013873
v 0.096883 -0.023695 0.014206
v 0.096885 -0.023747 0.014083
v 0.096886 -0.023799 0.014018
v 0.096886 -0.079000 0.014018
v 0.097000 -0.079000 0.007500
v 0.097000 -0.026965 0.007500
v 0.096968 -0.026709 0.009339
v 0.096920 -0.025204 0.012097
v 0.096885 0.023727 0.014118
v 0.096747 -0.023621 0.022000
v 0.096747 0.023621 0.022000
v 0.096682 0.000035 0.022000
v 0.096682 -0.000035 0.022000
v 0.096240 -0.025375 0.022000
v 0.096170 -0.025870 0.022000
v 0.096240 0.025375 0.022000
v 0.096171 0.025867 0.022000
v 0.096240 0.025375 0.022000
v 0.096493 0.023452 0.034605
v 0.096944 0.019606 0.056607
v 0.097292 0.016081 0.073008
v 0.097584 0.012458 0.086127
v 0.097754 0.009843 0.093241
v 0.097883 0.007364 0.098167
v 0.097975 0.005088 0.101133
v 0.098026 0.003389 0.102372
v 0.098061 0.001790 0.102779
v 0.098085 0.000035 0.102376
v 0.096682 0.000035 0.022000
v 0.098085 -0.000035 0.102376
v 0.098085 0.000035 0.102376
v 0.098085 -0.000000 0.102448
v -0.090797 0.040912 0.022000
v -0.090957 0.040556 0.022000
v -0.090974 0.040089 0.022000
v -0.091000 0.040352 0.022000
v -0.091000 0.040245 0.022000
v -0.090974 0.039849 0.022000
v -0.090957 0.040556 0.022000
v -0.090956 0.040833 0.015981
v -0.091000 0.040352 0.022000
v -0.091000 0.040628 0.015972
v -0.084465 0.053533 0.015286
v -0.090920 0.041106 0.015610
v -0.084276 0.053413 0.015618
v -0.090946 0.040908 0.015792
v -0.088037 0.046795 0.015981
v -0.090953 0.040854 0.015888
v -0.090956 0.040833 0.015981
v -0.090594 0.043488 0.015022
v -0.090690 0.042800 0.015092
v -0.084749 0.053713 0.015069
v -0.090782 0.042125 0.015217
v -0.090859 0.041559 0.015386
v -0.050998 0.086833 0.015000
v -0.059133 0.081510 0.015000
v -0.055118 0.083842 0.015069
v -0.067249 0.074955 0.015000
v -0.067004 0.074685 0.015069
v -0.075539 0.066592 0.015000
v -0.075984 0.065527 0.015069
v -0.080780 0.060127 0.015000
v -0.085056 0.053909 0.015000
v -0.046288 0.089432 0.015000
v -0.046121 0.089108 0.015069
v -0.045966 0.088810 0.015286
v -0.054933 0.083561 0.015286
v -0.045863 0.088611 0.015618
v -0.054810 0.083374 0.015618
v -0.045829 0.088544 0.015981
v -0.054769 0.083311 0.015981
v -0.075730 0.065308 0.015286
v -0.066780 0.074435 0.015286
v -0.066630 0.074268 0.015618
v -0.062425 0.077739 0.015981
v -0.070498 0.070501 0.015981
v -0.075560 0.065162 0.015618
v -0.075503 0.065112 0.015981
v -0.082898 0.055392 0.015981
v -0.090500 0.044163 0.015000
v -0.045829 0.088544 0.015981
v -0.045763 0.088451 0.022000
v -0.044673 0.089603 0.015983
v -0.044598 0.089525 0.022000
v -0.040509 0.090969 0.037000
v -0.039914 0.091710 0.022000
v -0.042247 0.090598 0.037000
v -0.041722 0.091614 0.022000
v -0.043648 0.089505 0.037000
v -0.043363 0.090849 0.022000
v -0.044598 0.089525 0.022000
v -0.038371 0.092022 0.015981
v -0.039925 0.091817 0.015983
v -0.038342 0.091912 0.022000
v -0.039914 0.091710 0.022000
v -0.018306 0.098442 0.015179
v -0.025469 0.096703 0.015286
v -0.016451 0.098602 0.015324
v -0.025412 0.096486 0.015618
v -0.014873 0.098723 0.015496
v -0.019451 0.097786 0.015981
v -0.013652 0.098808 0.015702
v -0.013259 0.098832 0.015817
v -0.038486 0.092298 0.015286
v -0.025555 0.097028 0.015069
v -0.038616 0.092608 0.015069
v -0.027152 0.096971 0.015000
v -0.038756 0.092945 0.015000
v -0.020186 0.098262 0.015078
v -0.022061 0.098066 0.015017
v -0.023642 0.097886 0.015000
v -0.038400 0.092091 0.015618
v -0.038371 0.092022 0.015981
v -0.029914 0.095108 0.015981
v -0.013049 0.098843 0.015981
v -0.013058 0.098843 0.015948
v -0.013086 0.098842 0.015913
v -0.013130 0.098840 0.015880
v -0.012985 0.098738 0.022000
v -0.012854 0.098747 0.022000
v -0.013049 0.098843 0.015981
v -0.012918 0.098852 0.015980
v 0.013020 0.098885 0.014097
v 0.013031 0.098885 0.014071
v -0.020521 0.098884 0.014140
v -0.022004 0.098886 0.014053
v 0.013070 0.098886 0.014018
v -0.023642 0.098886 0.014018
v 0.013003 0.098883 0.014201
v -0.018677 0.098881 0.014318
v -0.017186 0.098878 0.014520
v -0.016185 0.098875 0.014691
v -0.015095 0.098871 0.014922
v -0.014203 0.098866 0.015165
v -0.013651 0.098863 0.015365
v -0.013264 0.098859 0.015558
v -0.013052 0.098857 0.015718
v -0.012989 0.098855 0.015790
v -0.012948 0.098854 0.015857
v -0.012935 0.098854 0.015889
v -0.012918 0.098852 0.015980
v -0.012854 0.098747 0.022000
v 0.012920 0.098747 0.022000
v -0.077000 0.099000 0.007500
v -0.077000 0.098886 0.014018
v 0.077000 0.098886 0.014018
v 0.077000 0.099000 0.007500
v 0.021848 0.098095 0.014978
v 0.021996 0.097924 0.015024
v 0.023642 0.097886 0.015000
v 0.021924 0.097634 0.015194
v 0.023556 0.097532 0.015069
v 0.021875 0.097457 0.015392
v 0.023477 0.097206 0.015286
v 0.021838 0.097339 0.015632
v 0.021816 0.097289 0.015886
v 0.020548 0.097563 0.015871
v 0.022002 0.097244 0.015953
v 0.015719 0.098469 0.015221
v 0.016628 0.098316 0.015394
v 0.018113 0.098068 0.015445
v 0.017624 0.098139 0.015553
v 0.020058 0.097750 0.015450
v 0.020022 0.097683 0.015709
v 0.018161 0.098148 0.015192
v 0.020105 0.097883 0.015220
v 0.013070 0.098886 0.014018
v 0.013031 0.098885 0.014071
v 0.013074 0.098886 0.014042
v 0.013020 0.098885 0.014097
v 0.013088 0.098884 0.014068
v 0.013003 0.098883 0.014201
v 0.013127 0.098881 0.014105
v 0.013167 0.098861 0.014304
v 0.013253 0.098871 0.014174
v 0.013570 0.098813 0.014432
v 0.013640 0.098843 0.014292
v 0.014797 0.098688 0.014638
v 0.014839 0.098754 0.014498
v 0.016348 0.098535 0.014794
v 0.016386 0.098629 0.014670
v 0.018233 0.098342 0.014918
v 0.018268 0.098462 0.014818
v 0.020176 0.098132 0.014995
v 0.019881 0.098305 0.014908
v 0.013055 0.098875 0.014265
v 0.013174 0.098857 0.014370
v 0.013268 0.098843 0.014435
v 0.013668 0.098785 0.014638
v 0.014255 0.098698 0.014851
v 0.023425 0.096988 0.015618
v 0.023407 0.096914 0.015981
v 0.016269 0.098407 0.015102
v 0.019048 0.097870 0.015733
v 0.023407 0.096914 0.015981
v 0.027769 0.095756 0.015981
v 0.023425 0.096988 0.015618
v 0.025614 0.096433 0.015618
v 0.023477 0.097206 0.015286
v 0.025671 0.096649 0.015286
v 0.023556 0.097532 0.015069
v 0.025757 0.096974 0.015069
v 0.023642 0.097886 0.015000
v 0.027153 0.096971 0.015000
v 0.038371 0.092022 0.015981
v 0.038400 0.092091 0.015618
v 0.038486 0.092298 0.015286
v 0.038616 0.092608 0.015069
v 0.038756 0.092945 0.015000
v 0.038371 0.092022 0.015981
v 0.038342 0.091912 0.022000
v 0.039925 0.091817 0.015983
v 0.039914 0.091710 0.022000
v 0.043648 0.089505 0.037000
v 0.044598 0.089526 0.022000
v 0.042247 0.090598 0.037000
v 0.043363 0.090849 0.022000
v 0.040509 0.090969 0.037000
v 0.041722 0.091614 0.022000
v 0.039914 0.091710 0.022000
v 0.045829 0.088544 0.015981
v 0.044673 0.089603 0.015983
v 0.045763 0.088451 0.022000
v 0.044598 0.089526 0.022000
v 0.054346 0.083587 0.015981
v 0.060040 0.079690 0.015618
v 0.048174 0.087376 0.015618
v 0.048282 0.087572 0.015286
v 0.045966 0.088810 0.015286
v 0.046121 0.089108 0.015069
v 0.079672 0.059939 0.015981
v 0.079732 0.059984 0.015618
v 0.075163 0.065504 0.015981
v 0.070631 0.070474 0.015618
v 0.070498 0.070501 0.015981
v 0.061915 0.078146 0.015981
v 0.082898 0.055392 0.015981
v 0.087786 0.047423 0.015618
v 0.079911 0.060119 0.015286
v 0.070790 0.070632 0.015286
v 0.071028 0.070870 0.015069
v 0.060377 0.080137 0.015069
v 0.067443 0.074781 0.015000
v 0.058619 0.081881 0.015000
v 0.049527 0.087680 0.015000
v 0.048445 0.087866 0.015069
v 0.060175 0.079869 0.015286
v 0.088279 0.047689 0.015069
v 0.083514 0.056268 0.015000
v 0.080180 0.060321 0.015069
v 0.075916 0.066162 0.015000
v 0.045863 0.088611 0.015618
v 0.045829 0.088544 0.015981
v 0.046288 0.089432 0.015000
v 0.087983 0.047529 0.015286
v 0.087720 0.047387 0.015981
v 0.088600 0.047862 0.015000
v 0.089747 0.045876 0.015983
v 0.089808 0.046169 0.015287
v 0.088094 0.046963 0.015619
v 0.088430 0.046923 0.015287
v 0.087786 0.047423 0.015618
v 0.087983 0.047529 0.015286
v 0.088600 0.047862 0.015000
v 0.088279 0.047689 0.015069
v 0.089034 0.047315 0.015000
v 0.088826 0.047013 0.015069
v 0.089951 0.046855 0.015000
v 0.088256 0.046674 0.015980
v 0.087720 0.047387 0.015981
v 0.092022 0.042859 0.036052
v 0.091016 0.044219 0.036052
v 0.092249 0.041205 0.036495
v 0.091464 0.043498 0.036543
v 0.091934 0.041205 0.036832
v 0.091733 0.042050 0.036889
v 0.089603 0.044981 0.036286
v 0.089683 0.044908 0.036403
v 0.089539 0.045043 0.036052
v 0.089956 0.044659 0.036617
v 0.090698 0.043894 0.036839
v 0.092379 0.041205 0.036052
v 0.092249 0.041205 0.036495
v 0.091934 0.041205 0.036832
v 0.092161 0.039118 0.036624
v 0.092295 0.037843 0.036403
v 0.092343 0.037389 0.036271
v 0.092363 0.037198 0.036183
v 0.092370 0.037135 0.036140
v 0.092375 0.037090 0.036096
v 0.092379 0.037065 0.036052
v 0.092379 0.041205 0.036052
v 0.092379 0.041205 0.036052
v 0.092379 0.037065 0.036052
v 0.093115 0.041205 0.022000
v 0.093115 0.035870 0.022000
v 0.092379 0.041205 0.036052
v 0.093115 0.041205 0.022000
v 0.092022 0.042859 0.036052
v 0.092662 0.043229 0.022000
v 0.091016 0.044219 0.036052
v 0.091391 0.044867 0.022000
v 0.089539 0.045043 0.036052
v 0.089542 0.045807 0.022000
v 0.093268 0.041417 0.022000
v 0.093373 0.041417 0.015983
v 0.092810 0.043383 0.022000
v 0.092910 0.043419 0.015983
v 0.091530 0.044945 0.022000
v 0.091613 0.045014 0.015983
v 0.089692 0.045780 0.022000
v 0.089747 0.045876 0.015983
v 0.093373 0.035493 0.015983
v 0.093373 0.041417 0.015983
v 0.093268 0.035452 0.022000
v 0.093268 0.041417 0.022000
v 0.093453 0.034416 0.022000
v 0.093558 0.034456 0.015981
v 0.093268 0.035452 0.022000
v 0.093373 0.035493 0.015983
v -0.045829 -0.088544 0.015981
v -0.045766 -0.088450 0.022000
v -0.055391 -0.082899 0.015981
v -0.055329 -0.082805 0.022000
v -0.063382 -0.076961 0.015981
v -0.063178 -0.076983 0.022000
v -0.070500 -0.070500 0.015981
v -0.070420 -0.070420 0.022000
v -0.078599 -0.061339 0.015981
v -0.074567 -0.066012 0.022000
v -0.083010 -0.055225 0.015981
v -0.080810 -0.058203 0.022000
v -0.086881 -0.048907 0.015981
v -0.086238 -0.049809 0.022000
v -0.090956 -0.040833 0.015981
v -0.090797 -0.040912 0.022000
v -0.090957 -0.040556 0.022000
v -0.045763 -0.088451 0.022000
v 0.098085 -0.000035 0.102376
v 0.098085 -0.000000 0.102448
v 0.098070 -0.001274 0.102752
v 0.098067 -0.001419 0.102840
v 0.098035 -0.003029 0.102528
v 0.098029 -0.003287 0.102507
v 0.097984 -0.004824 0.101380
v 0.097967 -0.005305 0.101062
v 0.097882 -0.007398 0.098112
v 0.097871 -0.007635 0.097991
v 0.097743 -0.010035 0.092785
v 0.097692 -0.010865 0.091253
v 0.097508 -0.013488 0.082783
v 0.097421 -0.014572 0.079961
v 0.097167 -0.017428 0.067164
v 0.097113 -0.017972 0.066257
v 0.096776 -0.021117 0.048471
v 0.096747 -0.021357 0.049416
v 0.096240 -0.025375 0.022000
v 0.096170 -0.025870 0.022000
v 0.096170 -0.025870 0.022000
v 0.093453 -0.034416 0.022000
v 0.093558 -0.034456 0.015981
v 0.094934 -0.030459 0.015981
v 0.095279 -0.029364 0.015951
v 0.095609 -0.028276 0.015862
v 0.095915 -0.027233 0.015719
v 0.096188 -0.026264 0.015529
v 0.096501 -0.025116 0.015205
v 0.096724 -0.024268 0.014837
v 0.096811 -0.023939 0.014622
v 0.096867 -0.023726 0.014418
v 0.096880 -0.023676 0.014353
v 0.096747 -0.023621 0.022000
v 0.087971 -0.046807 0.022000
v 0.087871 -0.046933 0.022000
v 0.087856 -0.046954 0.022000
v 0.087751 -0.047108 0.022000
v 0.087747 -0.047116 0.022000
v 0.087644 -0.047291 0.022000
v 0.088146 -0.046610 0.022000
v 0.088003 -0.046767 0.022000
v 0.088094 -0.046668 0.022000
v 0.088206 -0.046554 0.022000
v 0.088176 -0.046581 0.022000
v 0.088003 -0.046767 0.022000
v 0.087871 -0.046933 0.022000
v 0.087971 -0.046807 0.022000
v 0.093453 -0.034416 0.022000
v 0.093306 -0.034813 0.022000
v 0.093268 -0.035452 0.022000
v 0.093115 -0.035870 0.022000
v 0.093268 -0.041417 0.022000
v 0.093115 -0.041205 0.022000
v 0.092810 -0.043383 0.022000
v 0.092662 -0.043229 0.022000
v 0.091530 -0.044945 0.022000
v 0.091391 -0.044867 0.022000
v 0.089581 -0.045804 0.022000
v 0.089542 -0.045807 0.022000
v 0.089392 -0.045850 0.022000
v 0.089692 -0.045780 0.022000
v 0.089389 -0.045857 0.022000
v 0.089202 -0.045916 0.022000
v 0.089204 -0.045921 0.022000
v 0.089098 -0.045965 0.022000
v 0.089014 -0.045997 0.022000
v 0.088932 -0.046042 0.022000
v 0.088831 -0.046090 0.022000
v 0.088771 -0.046129 0.022000
v 0.088655 -0.046195 0.022000
v 0.088615 -0.046226 0.022000
v 0.088487 -0.046313 0.022000
v 0.088466 -0.046333 0.022000
v 0.088327 -0.046441 0.022000
v 0.088330 -0.046442 0.022000
v 0.088206 -0.046554 0.022000
v 0.088176 -0.046581 0.022000
v 0.093306 -0.034813 0.022000
v 0.092579 -0.035979 0.036153
v 0.092390 -0.036795 0.036076
v 0.092379 -0.037065 0.036052
v 0.093115 -0.035870 0.022000
v 0.091569 -0.038368 0.038518
v 0.091074 -0.040516 0.037860
v 0.091311 -0.039692 0.037829
v 0.091563 -0.039999 0.037294
v 0.091841 -0.037904 0.037710
v 0.091963 -0.038095 0.037135
v 0.092242 -0.036776 0.037429
v 0.092214 -0.037110 0.036901
v 0.092359 -0.036626 0.036653
v 0.092293 -0.037059 0.036566
v 0.092361 -0.036778 0.036391
v 0.092324 -0.037250 0.036351
v 0.092360 -0.037027 0.036225
v 0.092350 -0.037319 0.036243
v 0.092370 -0.037139 0.036144
v 0.090851 -0.039997 0.039274
v 0.091229 -0.039141 0.038979
v 0.091878 -0.037631 0.038243
v 0.092190 -0.036887 0.037699
v 0.092327 -0.036558 0.037373
v 0.092432 -0.036309 0.037051
v 0.092532 -0.036077 0.036596
v 0.092442 -0.036378 0.036398
v 0.092579 -0.035979 0.036153
v 0.092396 -0.036649 0.036243
v 0.092390 -0.036795 0.036076
v 0.092377 -0.036935 0.036127
v 0.092379 -0.037065 0.036052
v 0.092375 -0.037090 0.036096
v 0.092155 -0.037703 0.036774
v 0.091881 -0.039224 0.036995
v 0.092036 -0.039396 0.036772
v 0.091934 -0.041205 0.036832
v 0.092144 -0.039278 0.036645
v 0.092244 -0.037805 0.036524
v 0.092299 -0.037806 0.036394
v 0.089557 -0.045024 0.036169
v 0.088892 -0.045319 0.036180
v 0.089539 -0.045043 0.036052
v 0.088307 -0.045766 0.036268
v 0.088508 -0.045596 0.036094
v 0.087787 -0.046442 0.036631
v 0.087765 -0.046504 0.036153
v 0.088968 -0.044176 0.038589
v 0.090120 -0.042902 0.037827
v 0.089873 -0.042483 0.038655
v 0.090595 -0.043067 0.037282
v 0.091074 -0.040516 0.037860
v 0.091298 -0.043041 0.036896
v 0.091934 -0.041205 0.036832
v 0.089646 -0.044364 0.037150
v 0.090337 -0.044290 0.036763
v 0.089249 -0.044852 0.036921
v 0.089818 -0.044785 0.036529
v 0.089002 -0.045168 0.036584
v 0.089664 -0.044925 0.036380
v 0.088889 -0.044191 0.039168
v 0.088379 -0.045225 0.038586
v 0.088449 -0.045136 0.038287
v 0.088016 -0.045961 0.037790
v 0.088048 -0.045907 0.037689
v 0.088489 -0.045450 0.037018
v 0.088807 -0.044946 0.037474
v 0.089271 -0.044242 0.037739
v 0.090851 -0.039997 0.039274
v 0.089812 -0.042267 0.039537
v 0.088487 -0.046313 0.022000
v 0.088508 -0.045596 0.036094
v 0.088327 -0.046441 0.022000
v 0.087765 -0.046504 0.036153
v 0.088176 -0.046581 0.022000
v 0.088146 -0.046610 0.022000
v 0.088655 -0.046195 0.022000
v 0.088831 -0.046090 0.022000
v 0.089014 -0.045997 0.022000
v 0.089202 -0.045916 0.022000
v 0.089392 -0.045850 0.022000
v 0.089542 -0.045807 0.022000
v 0.089539 -0.045043 0.036052
v 0.087644 -0.047291 0.022000
v 0.087751 -0.047108 0.022000
v 0.087871 -0.046933 0.022000
v 0.088003 -0.046767 0.022000
v 0.089581 -0.045804 0.022000
v 0.089389 -0.045857 0.022000
v 0.088906 -0.046188 0.015981
v 0.089204 -0.045921 0.022000
v 0.088771 -0.046129 0.022000
v 0.088932 -0.046042 0.022000
v 0.087720 -0.047387 0.015981
v 0.088615 -0.046226 0.022000
v 0.088466 -0.046333 0.022000
v 0.088330 -0.046442 0.022000
v 0.088206 -0.046554 0.022000
v 0.088094 -0.046668 0.022000
v 0.087971 -0.046807 0.022000
v 0.087856 -0.046954 0.022000
v 0.087747 -0.047116 0.022000
v 0.087644 -0.047291 0.022000
v 0.087641 -0.047297 0.022000
v 0.089747 -0.045876 0.015983
v 0.089692 -0.045780 0.022000
v 0.089098 -0.045965 0.022000
v 0.087720 -0.047387 0.015981
v 0.087641 -0.047297 0.022000
v 0.083904 -0.053855 0.015981
v 0.082805 -0.055329 0.022000
v 0.079648 -0.059971 0.015981
v 0.076983 -0.063178 0.022000
v 0.075093 -0.065585 0.015981
v 0.070360 -0.070639 0.015981
v 0.070420 -0.070420 0.022000
v 0.061066 -0.078811 0.015981
v 0.063178 -0.076983 0.022000
v 0.055391 -0.082899 0.015981
v 0.055329 -0.082805 0.022000
v 0.045829 -0.088544 0.015981
v 0.045766 -0.088450 0.022000
v 0.045763 -0.088451 0.022000
v 0.045766 -0.088450 0.022000
v 0.044625 -0.088715 0.037101
v 0.044091 -0.089061 0.037048
v 0.043856 -0.089273 0.037023
v 0.043802 -0.089329 0.037017
v 0.043749 -0.089387 0.037011
v 0.043723 -0.089416 0.037008
v 0.043697 -0.089445 0.037006
v 0.043672 -0.089475 0.037003
v 0.043648 -0.089505 0.037000
v 0.044598 -0.089525 0.022000
v 0.045763 -0.088451 0.022000
v 0.044532 -0.088753 0.037504
v 0.044422 -0.088818 0.037331
v 0.044625 -0.088715 0.037101
v 0.044070 -0.089066 0.037193
v 0.044091 -0.089061 0.037048
v 0.043860 -0.089260 0.037104
v 0.043888 -0.089239 0.037054
v 0.043763 -0.089365 0.037061
v 0.043786 -0.089345 0.037032
v 0.043713 -0.089425 0.037025
v 0.043749 -0.089387 0.037011
v 0.043723 -0.089416 0.037008
v 0.040428 -0.090748 0.037903
v 0.039814 -0.090955 0.038148
v 0.039966 -0.090923 0.037768
v 0.039510 -0.091094 0.037791
v 0.039709 -0.091026 0.037610
v 0.039330 -0.091180 0.037401
v 0.039527 -0.091102 0.037405
v 0.039276 -0.091210 0.037101
v 0.039858 -0.091026 0.037099
v 0.039881 -0.091023 0.037048
v 0.040151 -0.090982 0.037054
v 0.040195 -0.090979 0.037023
v 0.040274 -0.090974 0.037017
v 0.039933 -0.090999 0.037236
v 0.040185 -0.090974 0.037104
v 0.040280 -0.090953 0.037172
v 0.040350 -0.090963 0.037075
v 0.040452 -0.090948 0.037113
v 0.040499 -0.090959 0.037055
v 0.040747 -0.090933 0.037082
v 0.040718 -0.090950 0.037046
v 0.041314 -0.090862 0.037056
v 0.040805 -0.090951 0.037026
v 0.041566 -0.090819 0.037030
v 0.041038 -0.090933 0.037017
v 0.041967 -0.090700 0.037018
v 0.041455 -0.090864 0.037008
v 0.042631 -0.090385 0.037008
v 0.042247 -0.090598 0.037000
v 0.043337 -0.089840 0.037008
v 0.043609 -0.089551 0.037004
v 0.043517 -0.089650 0.037014
v 0.043672 -0.089475 0.037003
v 0.043672 -0.089476 0.037004
v 0.043682 -0.089462 0.037015
v 0.043669 -0.089479 0.037006
v 0.043662 -0.089487 0.037008
v 0.043624 -0.089530 0.037016
v 0.043570 -0.089581 0.037040
v 0.043658 -0.089487 0.037024
v 0.043620 -0.089517 0.037062
v 0.043687 -0.089451 0.037041
v 0.043724 -0.089399 0.037089
v 0.040298 -0.090971 0.037032
v 0.040353 -0.090970 0.037011
v 0.040370 -0.090866 0.037471
v 0.040075 -0.090954 0.037355
v 0.044274 -0.088893 0.037545
v 0.043965 -0.089132 0.037318
v 0.042247 -0.090191 0.037557
v 0.043247 -0.089736 0.037286
v 0.043297 -0.089575 0.037533
v 0.043607 -0.089458 0.037241
v 0.043735 -0.089281 0.037446
v 0.043782 -0.089319 0.037172
v 0.040406 -0.090967 0.037025
v 0.040310 -0.090969 0.037047
v 0.040442 -0.090964 0.037041
v 0.043635 -0.089478 0.037124
v 0.043377 -0.089703 0.037161
v 0.043357 -0.089766 0.037088
v 0.042598 -0.090262 0.037174
v 0.042613 -0.090319 0.037095
v 0.041363 -0.090775 0.037173
v 0.041406 -0.090815 0.037095
v 0.040678 -0.090914 0.037150
v 0.040513 -0.090964 0.037029
v 0.040469 -0.090967 0.037020
v 0.040454 -0.090967 0.037015
v 0.040431 -0.090969 0.037006
v 0.040476 -0.090968 0.037006
v 0.040472 -0.090968 0.037004
v 0.040620 -0.090966 0.037012
v 0.040470 -0.090968 0.037003
v 0.040528 -0.090969 0.037003
v 0.040509 -0.090969 0.037000
v 0.040764 -0.090962 0.037007
v 0.042363 -0.090491 0.037056
v 0.042746 -0.090292 0.037030
v 0.043050 -0.090084 0.037018
v 0.040486 -0.090968 0.037008
v 0.040543 -0.090966 0.037016
v 0.043398 -0.089766 0.037027
v 0.043214 -0.089918 0.037054
v 0.043856 -0.089273 0.037023
v 0.043802 -0.089329 0.037017
v 0.040403 -0.090687 0.038536
v 0.041331 -0.090406 0.037970
v 0.041735 -0.090075 0.038853
v 0.042994 -0.089606 0.037961
v 0.043271 -0.089351 0.038633
v 0.043645 -0.089236 0.037879
v 0.043985 -0.089010 0.038233
v 0.044049 -0.089012 0.037722
v 0.044320 -0.088851 0.037886
v 0.040908 -0.090709 0.037542
v 0.040944 -0.090811 0.037286
v 0.042155 -0.090401 0.037297
v 0.040499 -0.090907 0.037241
v 0.043697 -0.089445 0.037006
v 0.040392 -0.090969 0.037008
v 0.043648 -0.089505 0.037000
v 0.040195 -0.090979 0.037023
v 0.039881 -0.091023 0.037048
v 0.039914 -0.091710 0.022000
v 0.039276 -0.091210 0.037101
v 0.038342 -0.091912 0.022000
v 0.038339 -0.091913 0.022000
v 0.040509 -0.090969 0.037000
v 0.040470 -0.090968 0.037003
v 0.040431 -0.090969 0.037006
v 0.040392 -0.090969 0.037008
v 0.040353 -0.090970 0.037011
v 0.040274 -0.090974 0.037017
v 0.038371 -0.092022 0.015981
v 0.038339 -0.091913 0.022000
v 0.034234 -0.093639 0.015981
v 0.028909 -0.095300 0.022000
v 0.023407 -0.096914 0.015981
v 0.019429 -0.097675 0.022000
v 0.022797 -0.097060 0.015976
v 0.021488 -0.097359 0.015938
v 0.019802 -0.097718 0.015841
v 0.017839 -0.098099 0.015638
v 0.012920 -0.098747 0.022000
v 0.015897 -0.098438 0.015345
v 0.014990 -0.098583 0.015168
v 0.012997 -0.098875 0.014683
v 0.013532 -0.098801 0.014788
v 0.014206 -0.098703 0.014983
v 0.038342 -0.091912 0.022000
v 0.012977 -0.098879 0.014577
v 0.004158 -0.099000 0.048822
v -0.005867 -0.099000 0.044192
v 0.006457 -0.099000 0.042231
v -0.003673 -0.099000 0.049849
v 0.002299 -0.099000 0.052068
v -0.001531 -0.099000 0.052865
v 0.000790 -0.099000 0.053331
v -0.000477 -0.099000 0.053438
v -0.008518 -0.099000 0.033909
v -0.010810 -0.099000 0.022000
v 0.000000 -0.099000 0.022000
v 0.010810 -0.099000 0.022000
v 0.009245 -0.099000 0.030434
v 0.010810 -0.099000 0.022000
v 0.000000 -0.099000 0.022000
v 0.012920 -0.098747 0.022000
v -0.010810 -0.099000 0.022000
v -0.012854 -0.098747 0.022000
v -0.012985 -0.098738 0.022000
v -0.013049 -0.098843 0.015981
v -0.012985 -0.098738 0.022000
v -0.024466 -0.096653 0.015981
v -0.019429 -0.097675 0.022000
v -0.033293 -0.093978 0.015981
v -0.028909 -0.095300 0.022000
v -0.038371 -0.092022 0.015981
v -0.038339 -0.091913 0.022000
v -0.038342 -0.091912 0.022000
v -0.038339 -0.091913 0.022000
v -0.039276 -0.091210 0.037101
v -0.039884 -0.091023 0.037048
v -0.040197 -0.090979 0.037023
v -0.040275 -0.090974 0.037017
v -0.040354 -0.090970 0.037011
v -0.040393 -0.090969 0.037008
v -0.040432 -0.090968 0.037006
v -0.040470 -0.090968 0.037003
v -0.040509 -0.090969 0.037000
v -0.039914 -0.091710 0.022000
v -0.038342 -0.091912 0.022000
v -0.039365 -0.091163 0.037504
v -0.039486 -0.091120 0.037331
v -0.039276 -0.091210 0.037101
v -0.039901 -0.091010 0.037193
v -0.039884 -0.091023 0.037048
v -0.040185 -0.090974 0.037104
v -0.040151 -0.090982 0.037054
v -0.040328 -0.090967 0.037061
v -0.040298 -0.090971 0.037032
v -0.040406 -0.090967 0.037025
v -0.040354 -0.090970 0.037011
v -0.040393 -0.090969 0.037008
v -0.043531 -0.089301 0.037903
v -0.044084 -0.088963 0.038148
v -0.043961 -0.089060 0.037768
v -0.044386 -0.088820 0.037791
v -0.044206 -0.088928 0.037610
v -0.044567 -0.088738 0.037401
v -0.044381 -0.088838 0.037405
v -0.044625 -0.088715 0.037101
v -0.044110 -0.089043 0.037099
v -0.044093 -0.089059 0.037048
v -0.043888 -0.089239 0.037054
v -0.043858 -0.089271 0.037023
v -0.043803 -0.089328 0.037017
v -0.044041 -0.089084 0.037236
v -0.043860 -0.089260 0.037104
v -0.043782 -0.089320 0.037172
v -0.043746 -0.089379 0.037075
v -0.043668 -0.089448 0.037113
v -0.043647 -0.089491 0.037055
v -0.043468 -0.089665 0.037082
v -0.043499 -0.089653 0.037046
v -0.043049 -0.090053 0.037056
v -0.043445 -0.089720 0.037026
v -0.042854 -0.090219 0.037030
v -0.043280 -0.089887 0.037017
v -0.042505 -0.090449 0.037018
v -0.042960 -0.090162 0.037008
v -0.041836 -0.090755 0.037008
v -0.042247 -0.090598 0.037000
v -0.040965 -0.090946 0.037008
v -0.040569 -0.090969 0.037004
v -0.040704 -0.090962 0.037014
v -0.040470 -0.090968 0.037003
v -0.040472 -0.090968 0.037004
v -0.040454 -0.090967 0.037015
v -0.040476 -0.090968 0.037006
v -0.040486 -0.090968 0.037008
v -0.040543 -0.090966 0.037016
v -0.040617 -0.090958 0.037040
v -0.040489 -0.090966 0.037024
v -0.040536 -0.090956 0.037062
v -0.040442 -0.090964 0.037041
v -0.040378 -0.090959 0.037089
v -0.043786 -0.089345 0.037032
v -0.043749 -0.089386 0.037011
v -0.043659 -0.089332 0.037471
v -0.043915 -0.089163 0.037355
v -0.039638 -0.091055 0.037545
v -0.040019 -0.090972 0.037318
v -0.041935 -0.090337 0.037557
v -0.040944 -0.090811 0.037286
v -0.040788 -0.090745 0.037534
v -0.040499 -0.090907 0.037241
v -0.040282 -0.090892 0.037446
v -0.040280 -0.090953 0.037172
v -0.043713 -0.089425 0.037025
v -0.043776 -0.089353 0.037047
v -0.043687 -0.089451 0.037041
v -0.040496 -0.090942 0.037124
v -0.040835 -0.090889 0.037161
v -0.040896 -0.090914 0.037088
v -0.041764 -0.090651 0.037174
v -0.041798 -0.090699 0.037095
v -0.042950 -0.090034 0.037173
v -0.042954 -0.090093 0.037095
v -0.043497 -0.089600 0.037150
v -0.043641 -0.089505 0.037029
v -0.043672 -0.089473 0.037020
v -0.043682 -0.089462 0.037015
v -0.043698 -0.089445 0.037006
v -0.043669 -0.089479 0.037006
v -0.043672 -0.089476 0.037004
v -0.043574 -0.089588 0.037012
v -0.043672 -0.089475 0.037003
v -0.043635 -0.089520 0.037003
v -0.043648 -0.089505 0.037000
v -0.043479 -0.089696 0.037007
v -0.042090 -0.090618 0.037056
v -0.041692 -0.090784 0.037030
v -0.041337 -0.090883 0.037018
v -0.043662 -0.089487 0.037008
v -0.043624 -0.089530 0.037016
v -0.040870 -0.090946 0.037027
v -0.041104 -0.090902 0.037054
v -0.040197 -0.090979 0.037023
v -0.040275 -0.090974 0.037017
v -0.043500 -0.089242 0.038536
v -0.042688 -0.089773 0.037970
v -0.042175 -0.089870 0.038853
v -0.041006 -0.090532 0.037961
v -0.040633 -0.090581 0.038633
v -0.040305 -0.090794 0.037879
v -0.039913 -0.090909 0.038233
v -0.039874 -0.090960 0.037722
v -0.039576 -0.091064 0.037886
v -0.043192 -0.089644 0.037542
v -0.043247 -0.089737 0.037286
v -0.042155 -0.090401 0.037297
v -0.043607 -0.089458 0.037241
v -0.040432 -0.090968 0.037006
v -0.043723 -0.089415 0.037008
v -0.040509 -0.090969 0.037000
v -0.043858 -0.089271 0.037023
v -0.044093 -0.089059 0.037048
v -0.044598 -0.089525 0.022000
v -0.044625 -0.088715 0.037101
v -0.045763 -0.088451 0.022000
v -0.045766 -0.088450 0.022000
v -0.043648 -0.089505 0.037000
v -0.043672 -0.089475 0.037003
v -0.043698 -0.089445 0.037006
v -0.043723 -0.089415 0.037008
v -0.043749 -0.089386 0.037011
v -0.043803 -0.089328 0.037017
v -0.093009 -0.040438 0.023009
v -0.092836 -0.041251 0.023000
v -0.093095 -0.040242 0.018035
v -0.092925 -0.041051 0.018000
v -0.093119 -0.041053 0.016714
v -0.093114 -0.040756 0.016944
v -0.093105 -0.041041 0.016951
v -0.093110 -0.040534 0.017184
v -0.093007 -0.041227 0.017329
v -0.093051 -0.040839 0.017532
v -0.092884 -0.041222 0.017750
v -0.092914 -0.041100 0.017856
v -0.092495 -0.044434 0.016947
v -0.092694 -0.044639 0.016829
v -0.092874 -0.043398 0.016753
v -0.093037 -0.043342 0.016477
v -0.093119 -0.042011 0.016406
v -0.093125 -0.041863 0.016322
v -0.092131 -0.045126 0.017000
v -0.092832 -0.045126 0.016713
v -0.092896 -0.044626 0.016643
v -0.093106 -0.044932 0.016221
v -0.093033 -0.044727 0.016429
v -0.093131 -0.045126 0.016018
v -0.093131 -0.043851 0.016002
v -0.093027 -0.042150 0.016770
v -0.092676 -0.043318 0.016975
v -0.092245 -0.044505 0.017014
v -0.093130 -0.042979 0.016066
v -0.093115 -0.043460 0.016192
v -0.092792 -0.041596 0.017564
v -0.092588 -0.042519 0.017290
v -0.092862 -0.042199 0.017093
v -0.092426 -0.043386 0.017126
v -0.092924 -0.041060 0.017925
v -0.093066 -0.040648 0.017744
v -0.093106 -0.040376 0.017433
v -0.093101 -0.040269 0.017734
v -0.093095 -0.040242 0.018035
v -0.092925 -0.041051 0.018000
v -0.093108 -0.063316 0.016993
v -0.093532 -0.063136 0.016860
v -0.093177 -0.063144 0.016922
v -0.093311 -0.063022 0.016759
v -0.093039 -0.062971 0.016848
v -0.093093 -0.062885 0.016694
v -0.092899 -0.062807 0.016792
v -0.093532 -0.063483 0.017000
v -0.093273 -0.063454 0.017000
v -0.093011 -0.063364 0.017000
v -0.092758 -0.063214 0.017000
v -0.092489 -0.062974 0.017000
v -0.092635 -0.063116 0.017000
v -0.092690 -0.063044 0.016992
v -0.092952 -0.063109 0.016960
v -0.092812 -0.062906 0.016919
v -0.092673 -0.062715 0.016892
v -0.092551 -0.062823 0.016978
v -0.092475 -0.062640 0.016956
v -0.092411 -0.062776 0.016995
v -0.092245 -0.062676 0.017000
v -0.092325 -0.062781 0.017000
v -0.093532 -0.062983 0.016517
v -0.093301 -0.062953 0.016599
v -0.092233 -0.062553 0.016996
v -0.092131 -0.062517 0.017000
v -0.093532 -0.063136 0.016860
v -0.093532 -0.063483 0.017000
v -0.098456 -0.063136 0.016860
v -0.098456 -0.062983 0.016518
v -0.093532 -0.062983 0.016517
v -0.098456 -0.063483 0.017000
v -0.092832 -0.045126 0.016713
v -0.092741 -0.062506 0.016792
v -0.093089 -0.062480 0.016287
v -0.093131 -0.062466 0.016018
v -0.093131 -0.045126 0.016018
v -0.092131 -0.062517 0.017000
v -0.092131 -0.045126 0.017000
v -0.098456 -0.063483 0.017000
v -0.098807 -0.063483 0.016857
v -0.098456 -0.063136 0.016860
v -0.098707 -0.063134 0.016755
v -0.098456 -0.062983 0.016518
v -0.098810 -0.063130 0.016518
v -0.098956 -0.063483 0.016509
v -0.098718 -0.036817 0.013713
v -0.098640 -0.062401 0.013782
v -0.098980 -0.062374 0.013271
v -0.099017 -0.062361 0.013017
v -0.099017 -0.036817 0.013018
v -0.098017 -0.062412 0.014000
v -0.098017 -0.036817 0.014000
v -0.098997 -0.063384 0.014195
v -0.099001 -0.063299 0.013940
v -0.098980 -0.063236 0.014145
v -0.099002 -0.063186 0.013807
v -0.098944 -0.063020 0.013908
v -0.098992 -0.062940 0.013622
v -0.098814 -0.062886 0.013988
v -0.098902 -0.062806 0.013744
v -0.098718 -0.062751 0.013903
v -0.098804 -0.062674 0.013746
v -0.098847 -0.063056 0.014406
v -0.098876 -0.063064 0.014251
v -0.098715 -0.062943 0.014276
v -0.099008 -0.063049 0.013562
v -0.099010 -0.062889 0.013403
v -0.099012 -0.062788 0.013318
v -0.098963 -0.062728 0.013537
v -0.098900 -0.062580 0.013547
v -0.098985 -0.062469 0.013287
v -0.098982 -0.062472 0.013296
v -0.099016 -0.062502 0.013111
v -0.099008 -0.062632 0.013284
v -0.099014 -0.062640 0.013207
v -0.099006 -0.063133 0.013664
v -0.098593 -0.062855 0.014142
v -0.098516 -0.062903 0.014335
v -0.098993 -0.063409 0.014396
v -0.098493 -0.062909 0.014405
v -0.099017 -0.062361 0.013017
v -0.098810 -0.063130 0.016518
v -0.098956 -0.063483 0.016509
v -0.098847 -0.063056 0.014406
v -0.098493 -0.062909 0.014405
v -0.098456 -0.062983 0.016518
v -0.098993 -0.063409 0.014396
v -0.099009 -0.036632 0.013019
v -0.098390 -0.035362 0.013025
v -0.098904 -0.036435 0.013381
v -0.098233 -0.035325 0.013381
v -0.098585 -0.036157 0.013713
v -0.097958 -0.035400 0.013713
v -0.098148 -0.036052 0.013931
v -0.097658 -0.035612 0.013931
v -0.097721 -0.036107 0.014000
v -0.097399 -0.035892 0.014000
v -0.098718 -0.036817 0.013713
v -0.098375 -0.036681 0.013931
v -0.097958 -0.036477 0.014000
v -0.097018 -0.034817 0.013018
v -0.097018 -0.035116 0.013713
v -0.099017 -0.036817 0.013018
v -0.097018 -0.035817 0.014000
v -0.098017 -0.036817 0.014000
v -0.091743 -0.035020 0.013604
v -0.092334 -0.035191 0.013780
v -0.097018 -0.035116 0.013713
v -0.092768 -0.035365 0.013892
v -0.097018 -0.035817 0.014000
v -0.093528 -0.035817 0.014000
v -0.097018 -0.034817 0.013018
v -0.090000 -0.034817 0.013018
v -0.090336 -0.034826 0.013134
v -0.091040 -0.034890 0.013374
v -0.092677 -0.036343 0.014983
v -0.092282 -0.035827 0.014819
v -0.092606 -0.036496 0.023009
v -0.091768 -0.035385 0.014517
v -0.091504 -0.035395 0.023009
v -0.090000 -0.034991 0.023009
v -0.091451 -0.035192 0.014280
v -0.091093 -0.035029 0.013986
v -0.090698 -0.034906 0.013644
v -0.090271 -0.034833 0.013262
v -0.090000 -0.034817 0.013018
v -0.093149 -0.038000 0.014983
v -0.093009 -0.038000 0.023009
v -0.091874 -0.015539 0.014590
v -0.092282 -0.015173 0.014819
v -0.091504 -0.015606 0.023009
v -0.092677 -0.014657 0.014983
v -0.092606 -0.014504 0.023009
v -0.093149 -0.013000 0.014983
v -0.093009 -0.013000 0.023009
v -0.090000 -0.016009 0.023009
v -0.090000 -0.016183 0.013018
v -0.090425 -0.016148 0.013401
v -0.090843 -0.016056 0.013771
v -0.091228 -0.015916 0.014099
v -0.091572 -0.015740 0.014374
v -0.092060 -0.015897 0.013701
v -0.097018 -0.015884 0.013713
v -0.092567 -0.015722 0.013842
v -0.097018 -0.015183 0.014000
v -0.092768 -0.015635 0.013892
v -0.093528 -0.015183 0.014000
v -0.091393 -0.016054 0.013491
v -0.090682 -0.016151 0.013253
v -0.090000 -0.016183 0.013018
v -0.097018 -0.016183 0.013018
v -0.098017 -0.014183 0.014000
v -0.097942 -0.014565 0.014000
v -0.098222 -0.014824 0.013931
v -0.097727 -0.014888 0.014000
v -0.097781 -0.015314 0.013931
v -0.097405 -0.015105 0.014000
v -0.097154 -0.015541 0.013931
v -0.097018 -0.015183 0.014000
v -0.097018 -0.015884 0.013713
v -0.098718 -0.014183 0.013713
v -0.098434 -0.015125 0.013713
v -0.098509 -0.015400 0.013381
v -0.097677 -0.015751 0.013713
v -0.097400 -0.016070 0.013381
v -0.097018 -0.016183 0.013018
v -0.099017 -0.014183 0.013018
v -0.098556 -0.015460 0.013025
v -0.097297 -0.016163 0.013020
v -0.098718 -0.014183 0.013713
v -0.099017 -0.014183 0.013018
v -0.098718 0.014183 0.013713
v -0.098017 0.014183 0.014000
v -0.098017 -0.014183 0.014000
v -0.099017 0.014183 0.013018
v -0.099009 0.014368 0.013019
v -0.098390 0.015638 0.013025
v -0.098904 0.014565 0.013381
v -0.098233 0.015675 0.013381
v -0.098585 0.014843 0.013713
v -0.097958 0.015600 0.013713
v -0.098148 0.014948 0.013931
v -0.097658 0.015388 0.013931
v -0.097721 0.014893 0.014000
v -0.097399 0.015108 0.014000
v -0.098718 0.014183 0.013713
v -0.098375 0.014319 0.013931
v -0.097958 0.014523 0.014000
v -0.097018 0.016183 0.013018
v -0.097018 0.015884 0.013713
v -0.099017 0.014183 0.013018
v -0.097018 0.015183 0.014000
v -0.098017 0.014183 0.014000
v -0.091743 0.015980 0.013604
v -0.092334 0.015809 0.013780
v -0.097018 0.015884 0.013713
v -0.092768 0.015635 0.013892
v -0.097018 0.015183 0.014000
v -0.093528 0.015183 0.014000
v -0.097018 0.016183 0.013018
v -0.090000 0.016183 0.013018
v -0.090336 0.016174 0.013134
v -0.091040 0.016110 0.013374
v -0.092677 0.014657 0.014983
v -0.092282 0.015173 0.014819
v -0.092606 0.014504 0.023009
v -0.091768 0.015615 0.014517
v -0.091504 0.015606 0.023009
v -0.090000 0.016009 0.023009
v -0.091451 0.015808 0.014280
v -0.091093 0.015971 0.013986
v -0.090698 0.016094 0.013644
v -0.090271 0.016167 0.013262
v -0.090000 0.016183 0.013018
v -0.093149 0.013000 0.014983
v -0.093009 0.013000 0.023009
v -0.091874 0.035461 0.014590
v -0.092282 0.035827 0.014819
v -0.091504 0.035395 0.023009
v -0.092677 0.036343 0.014983
v -0.092606 0.036496 0.023009
v -0.093149 0.038000 0.014983
v -0.093009 0.038000 0.023009
v -0.090000 0.034991 0.023009
v -0.090000 0.034817 0.013018
v -0.090425 0.034852 0.013401
v -0.090843 0.034944 0.013771
v -0.091228 0.035084 0.014099
v -0.091572 0.035260 0.014374
v -0.092060 0.035104 0.013701
v -0.097018 0.035116 0.013713
v -0.092567 0.035278 0.013842
v -0.097018 0.035817 0.014000
v -0.092768 0.035365 0.013892
v -0.093528 0.035817 0.014000
v -0.091393 0.034946 0.013491
v -0.090682 0.034849 0.013253
v -0.090000 0.034817 0.013018
v -0.097018 0.034817 0.013018
v -0.098017 0.036817 0.014000
v -0.097942 0.036435 0.014000
v -0.098222 0.036176 0.013931
v -0.097727 0.036112 0.014000
v -0.097781 0.035686 0.013931
v -0.097358 0.035877 0.014000
v -0.097154 0.035459 0.013931
v -0.097018 0.035817 0.014000
v -0.097018 0.035116 0.013713
v -0.098718 0.036817 0.013713
v -0.098434 0.035875 0.013713
v -0.098509 0.035600 0.013381
v -0.097677 0.035249 0.013713
v -0.097400 0.034931 0.013381
v -0.097018 0.034817 0.013018
v -0.099017 0.036817 0.013018
v -0.098556 0.035540 0.013025
v -0.097297 0.034837 0.013020
v -0.099017 0.036817 0.013018
v -0.098793 0.062393 0.013631
v -0.098718 0.036817 0.013713
v -0.098276 0.062411 0.013966
v -0.098017 0.036817 0.014000
v -0.098017 0.062413 0.014000
v -0.099017 0.062361 0.013017
v -0.098847 0.063056 0.014406
v -0.098993 0.063409 0.014396
v -0.098810 0.063130 0.016518
v -0.098456 0.062983 0.016518
v -0.098493 0.062909 0.014405
v -0.098956 0.063483 0.016509
v -0.099007 0.062417 0.013159
v -0.099016 0.062478 0.013095
v -0.098983 0.062471 0.013293
v -0.099008 0.062632 0.013286
v -0.098943 0.062531 0.013435
v -0.098988 0.062686 0.013426
v -0.098898 0.062583 0.013553
v -0.098920 0.062785 0.013687
v -0.098809 0.062670 0.013737
v -0.098681 0.062783 0.013969
v -0.098993 0.063218 0.013974
v -0.098847 0.063056 0.014406
v -0.098916 0.063047 0.014051
v -0.098743 0.062932 0.014189
v -0.098840 0.062865 0.013917
v -0.098993 0.063409 0.014396
v -0.098998 0.063370 0.014137
v -0.099002 0.063273 0.013885
v -0.099006 0.063115 0.013641
v -0.099014 0.062628 0.013198
v -0.099012 0.062806 0.013333
v -0.098960 0.062999 0.013824
v -0.098999 0.062918 0.013557
v -0.099010 0.062867 0.013414
v -0.099008 0.063010 0.013520
v -0.098493 0.062909 0.014405
v -0.098568 0.062874 0.014199
v -0.099017 0.062361 0.013017
v -0.098956 0.063483 0.016509
v -0.098807 0.063483 0.016857
v -0.098810 0.063130 0.016518
v -0.098707 0.063134 0.016755
v -0.098456 0.062983 0.016518
v -0.098456 0.063136 0.016860
v -0.098456 0.063483 0.017000
v -0.098456 0.063136 0.016860
v -0.098456 0.063483 0.017000
v -0.093532 0.063136 0.016860
v -0.093532 0.062983 0.016518
v -0.098456 0.062983 0.016518
v -0.093532 0.063483 0.017000
v -0.092899 0.062807 0.016792
v -0.092689 0.062868 0.016950
v -0.092681 0.062718 0.016889
v -0.092418 0.062778 0.016994
v -0.092547 0.062667 0.016936
v -0.092315 0.062768 0.017000
v -0.092222 0.062644 0.017000
v -0.092424 0.062901 0.017000
v -0.092690 0.063044 0.016992
v -0.092505 0.062990 0.017000
v -0.092638 0.063118 0.017000
v -0.093058 0.063385 0.017000
v -0.092775 0.063226 0.017000
v -0.093132 0.063318 0.016992
v -0.092922 0.063103 0.016964
v -0.093197 0.063146 0.016918
v -0.093178 0.063002 0.016802
v -0.093432 0.063028 0.016724
v -0.093333 0.062961 0.016586
v -0.093532 0.062983 0.016518
v -0.092915 0.062937 0.016888
v -0.093150 0.062907 0.016667
v -0.093324 0.063464 0.017000
v -0.093532 0.063136 0.016860
v -0.093532 0.063483 0.017000
v -0.092131 0.062517 0.017000
v -0.092267 0.062565 0.016993
v -0.092415 0.062618 0.016970
v -0.093131 0.045125 0.016018
v -0.092896 0.062499 0.016644
v -0.092832 0.045125 0.016713
v -0.092378 0.062516 0.016969
v -0.092131 0.045125 0.017000
v -0.092131 0.062517 0.017000
v -0.093131 0.062466 0.016018
v -0.093095 0.040242 0.018035
v -0.093100 0.040261 0.017772
v -0.093067 0.040615 0.017814
v -0.093058 0.040758 0.017602
v -0.092902 0.041149 0.017806
v -0.093029 0.041047 0.017406
v -0.092860 0.041317 0.017692
v -0.092928 0.041783 0.017170
v -0.092689 0.042042 0.017414
v -0.092739 0.042940 0.017004
v -0.092469 0.043141 0.017166
v -0.092558 0.044043 0.016947
v -0.092295 0.044192 0.017034
v -0.092131 0.045125 0.017000
v -0.092925 0.041050 0.018000
v -0.092926 0.041050 0.017970
v -0.092919 0.041083 0.017880
v -0.092788 0.044005 0.016781
v -0.092947 0.042849 0.016746
v -0.092989 0.043823 0.016532
v -0.093092 0.042627 0.016420
v -0.093128 0.042405 0.016168
v -0.093121 0.041352 0.016540
v -0.092832 0.045125 0.016713
v -0.093099 0.043797 0.016251
v -0.093131 0.043418 0.016022
v -0.093131 0.044707 0.016010
v -0.093077 0.041575 0.016832
v -0.093110 0.040796 0.017039
v -0.093113 0.040686 0.017010
v -0.093109 0.040481 0.017256
v -0.093105 0.040339 0.017513
v -0.093131 0.045125 0.016018
v -0.092925 0.041050 0.018000
v -0.092836 0.041251 0.023000
v -0.093095 0.040242 0.018035
v -0.093009 0.040438 0.023009
v -0.090974 -0.040089 0.022000
v -0.090797 -0.040912 0.022000
v -0.091000 -0.040031 0.023500
v -0.090824 -0.040853 0.023500
v -0.090974 -0.038000 0.022000
v -0.090974 -0.039849 0.022000
v -0.091000 -0.038000 0.023500
v -0.090974 -0.040089 0.022000
v -0.091000 -0.040031 0.023500
v -0.090000 -0.037000 0.023500
v -0.090000 -0.037026 0.022000
v -0.090707 -0.037293 0.023500
v -0.090689 -0.037311 0.022000
v -0.091000 -0.038000 0.023500
v -0.090974 -0.038000 0.022000
v -0.085000 -0.037000 0.023500
v -0.085000 -0.037026 0.022000
v -0.090000 -0.037000 0.023500
v -0.090000 -0.037026 0.022000
v -0.085000 -0.037026 0.022000
v -0.082500 -0.036330 0.023500
v -0.082487 -0.036353 0.022000
v -0.080670 -0.034500 0.023500
v -0.080647 -0.034513 0.022000
v -0.080000 -0.032000 0.023500
v -0.079974 -0.032000 0.022000
v -0.085000 -0.037000 0.023500
v -0.080000 -0.019000 0.023500
v -0.079974 -0.019000 0.022000
v -0.080000 -0.032000 0.023500
v -0.079974 -0.032000 0.022000
v -0.079974 -0.019000 0.022000
v -0.080670 -0.016500 0.023500
v -0.080647 -0.016487 0.022000
v -0.082500 -0.014670 0.023500
v -0.082487 -0.014647 0.022000
v -0.085000 -0.014000 0.023500
v -0.085000 -0.013974 0.022000
v -0.080000 -0.019000 0.023500
v -0.090000 -0.014000 0.023500
v -0.090000 -0.013974 0.022000
v -0.085000 -0.014000 0.023500
v -0.085000 -0.013974 0.022000
v -0.091000 -0.013000 0.023500
v -0.090974 -0.013000 0.022000
v -0.090707 -0.013707 0.023500
v -0.090689 -0.013689 0.022000
v -0.090000 -0.014000 0.023500
v -0.090000 -0.013974 0.022000
v -0.091000 0.013000 0.023500
v -0.090974 0.013000 0.022000
v -0.090974 0.011151 0.022000
v -0.090974 -0.011151 0.022000
v -0.090974 -0.013000 0.022000
v -0.091000 -0.013000 0.023500
v -0.090000 0.014000 0.023500
v -0.090000 0.013974 0.022000
v -0.090707 0.013707 0.023500
v -0.090689 0.013689 0.022000
v -0.091000 0.013000 0.023500
v -0.090974 0.013000 0.022000
v -0.085000 0.014000 0.023500
v -0.085000 0.013974 0.022000
v -0.090000 0.014000 0.023500
v -0.090000 0.013974 0.022000
v -0.085000 0.013974 0.022000
v -0.082500 0.014670 0.023500
v -0.082487 0.014647 0.022000
v -0.080670 0.016500 0.023500
v -0.080647 0.016487 0.022000
v -0.080000 0.019000 0.023500
v -0.079974 0.019000 0.022000
v -0.085000 0.014000 0.023500
v -0.080000 0.032000 0.023500
v -0.079974 0.032000 0.022000
v -0.080000 0.019000 0.023500
v -0.079974 0.019000 0.022000
v -0.079974 0.032000 0.022000
v -0.080670 0.034500 0.023500
v -0.080647 0.034513 0.022000
v -0.082500 0.036330 0.023500
v -0.082487 0.036353 0.022000
v -0.085000 0.037000 0.023500
v -0.085000 0.037026 0.022000
v -0.080000 0.032000 0.023500
v -0.090000 0.037000 0.023500
v -0.090000 0.037026 0.022000
v -0.085000 0.037000 0.023500
v -0.085000 0.037026 0.022000
v -0.091000 0.038000 0.023500
v -0.090974 0.038000 0.022000
v -0.090707 0.037293 0.023500
v -0.090689 0.037311 0.022000
v -0.090000 0.037000 0.023500
v -0.090000 0.037026 0.022000
v -0.090974 0.040089 0.022000
v -0.090974 0.039849 0.022000
v -0.091000 0.040031 0.023500
v -0.090974 0.038000 0.022000
v -0.091000 0.038000 0.023500
v -0.090974 0.040089 0.022000
v -0.091000 0.040031 0.023500
v -0.090797 0.040912 0.022000
v -0.090824 0.040853 0.023500
v -0.090797 0.040912 0.022000
v -0.090824 0.040853 0.023500
v -0.090622 0.041299 0.022000
v -0.090622 0.041299 0.023500
v -0.092702 0.041192 0.023354
v -0.092379 0.041048 0.023500
v -0.092859 0.040438 0.023357
v -0.093009 0.040438 0.023009
v -0.092836 0.041251 0.023000
v -0.092509 0.040438 0.023500
v -0.092859 0.038000 0.023357
v -0.093009 0.038000 0.023009
v -0.092859 0.040438 0.023357
v -0.092509 0.040438 0.023500
v -0.092509 0.038000 0.023500
v -0.093009 0.040438 0.023009
v -0.092509 0.038000 0.023500
v -0.091774 0.036226 0.023500
v -0.092859 0.038000 0.023357
v -0.092022 0.035978 0.023357
v -0.093009 0.038000 0.023009
v -0.092606 0.036496 0.023009
v -0.090000 0.035491 0.023500
v -0.090000 0.035141 0.023357
v -0.091504 0.035395 0.023009
v -0.090000 0.034991 0.023009
v -0.085000 0.035141 0.023357
v -0.085000 0.034991 0.023009
v -0.090000 0.035141 0.023357
v -0.090000 0.035491 0.023500
v -0.085000 0.035491 0.023500
v -0.090000 0.034991 0.023009
v -0.083504 0.034591 0.023009
v -0.085000 0.034991 0.023009
v -0.082779 0.034221 0.023357
v -0.085000 0.035141 0.023357
v -0.083254 0.035024 0.023500
v -0.085000 0.035491 0.023500
v -0.081976 0.033746 0.023500
v -0.081509 0.032000 0.023500
v -0.081859 0.032000 0.023357
v -0.082409 0.033496 0.023009
v -0.082009 0.032000 0.023009
v -0.081859 0.019000 0.023357
v -0.082009 0.019000 0.023009
v -0.081859 0.032000 0.023357
v -0.081509 0.032000 0.023500
v -0.081509 0.019000 0.023500
v -0.082009 0.032000 0.023009
v -0.082409 0.017504 0.023009
v -0.082009 0.019000 0.023009
v -0.082779 0.016779 0.023357
v -0.081859 0.019000 0.023357
v -0.081976 0.017254 0.023500
v -0.081509 0.019000 0.023500
v -0.083254 0.015976 0.023500
v -0.085000 0.015509 0.023500
v -0.085000 0.015859 0.023357
v -0.083504 0.016409 0.023009
v -0.085000 0.016009 0.023009
v -0.090000 0.015859 0.023357
v -0.090000 0.016009 0.023009
v -0.085000 0.015859 0.023357
v -0.085000 0.015509 0.023500
v -0.090000 0.015509 0.023500
v -0.085000 0.016009 0.023009
v -0.090000 0.016009 0.023009
v -0.090000 0.015859 0.023357
v -0.091504 0.015606 0.023009
v -0.092022 0.015022 0.023357
v -0.092606 0.014504 0.023009
v -0.092859 0.013000 0.023357
v -0.093009 0.013000 0.023009
v -0.090000 0.015509 0.023500
v -0.091774 0.014774 0.023500
v -0.092509 0.013000 0.023500
v -0.092859 -0.013000 0.023357
v -0.093009 -0.013000 0.023009
v -0.092859 0.013000 0.023357
v -0.092509 0.013000 0.023500
v -0.092509 -0.013000 0.023500
v -0.093009 0.013000 0.023009
v -0.092509 -0.013000 0.023500
v -0.091774 -0.014774 0.023500
v -0.092859 -0.013000 0.023357
v -0.092022 -0.015022 0.023357
v -0.093009 -0.013000 0.023009
v -0.092606 -0.014504 0.023009
v -0.090000 -0.015509 0.023500
v -0.090000 -0.015859 0.023357
v -0.091504 -0.015606 0.023009
v -0.090000 -0.016009 0.023009
v -0.085000 -0.015859 0.023357
v -0.085000 -0.016009 0.023009
v -0.090000 -0.015859 0.023357
v -0.090000 -0.015509 0.023500
v -0.085000 -0.015509 0.023500
v -0.090000 -0.016009 0.023009
v -0.083504 -0.016409 0.023009
v -0.085000 -0.016009 0.023009
v -0.082779 -0.016779 0.023357
v -0.085000 -0.015859 0.023357
v -0.083254 -0.015976 0.023500
v -0.085000 -0.015509 0.023500
v -0.081976 -0.017254 0.023500
v -0.081509 -0.019000 0.023500
v -0.081859 -0.019000 0.023357
v -0.082409 -0.017504 0.023009
v -0.082009 -0.019000 0.023009
v -0.081859 -0.032000 0.023357
v -0.082009 -0.032000 0.023009
v -0.081859 -0.019000 0.023357
v -0.081509 -0.019000 0.023500
v -0.081509 -0.032000 0.023500
v -0.082009 -0.019000 0.023009
v -0.082409 -0.033496 0.023009
v -0.082009 -0.032000 0.023009
v -0.082779 -0.034221 0.023357
v -0.081859 -0.032000 0.023357
v -0.081976 -0.033746 0.023500
v -0.081509 -0.032000 0.023500
v -0.083254 -0.035024 0.023500
v -0.085000 -0.035491 0.023500
v -0.085000 -0.035141 0.023357
v -0.083504 -0.034591 0.023009
v -0.085000 -0.034991 0.023009
v -0.090000 -0.035141 0.023357
v -0.090000 -0.034991 0.023009
v -0.085000 -0.035141 0.023357
v -0.085000 -0.035491 0.023500
v -0.090000 -0.035491 0.023500
v -0.085000 -0.034991 0.023009
v -0.090000 -0.034991 0.023009
v -0.090000 -0.035141 0.023357
v -0.091504 -0.035395 0.023009
v -0.092022 -0.035978 0.023357
v -0.092606 -0.036496 0.023009
v -0.092859 -0.038000 0.023357
v -0.093009 -0.038000 0.023009
v -0.090000 -0.035491 0.023500
v -0.091774 -0.036226 0.023500
v -0.092509 -0.038000 0.023500
v -0.092859 -0.040438 0.023357
v -0.093009 -0.040438 0.023009
v -0.092859 -0.038000 0.023357
v -0.092509 -0.038000 0.023500
v -0.092509 -0.040438 0.023500
v -0.093009 -0.038000 0.023009
v -0.092836 -0.041251 0.023000
v -0.093009 -0.040438 0.023009
v -0.092702 -0.041192 0.023354
v -0.092859 -0.040438 0.023357
v -0.092379 -0.041048 0.023500
v -0.092509 -0.040438 0.023500
v -0.074548 0.065995 0.022000
v -0.074567 0.066012 0.022000
v -0.076946 0.063182 0.022000
v -0.076761 0.063447 0.022000
v -0.079238 0.060282 0.022000
v -0.078867 0.060810 0.022000
v -0.080883 0.058103 0.022000
v -0.090622 0.041299 0.022000
v -0.090598 0.041288 0.022000
v -0.089026 0.044634 0.022000
v -0.089003 0.044622 0.022000
v -0.087308 0.047908 0.022000
v -0.087285 0.047895 0.022000
v -0.085470 0.051115 0.022000
v -0.085447 0.051102 0.022000
v -0.083514 0.054253 0.022000
v -0.083492 0.054238 0.022000
v -0.082805 0.055329 0.022000
v -0.081421 0.057300 0.022000
v -0.090622 0.041299 0.022000
v -0.090622 0.041299 0.023500
v -0.090598 0.041288 0.022000
v 0.095706 0.027950 0.015823
v 0.096170 0.025870 0.022000
v 0.096101 0.026578 0.015598
v 0.096171 0.025867 0.022000
v 0.096329 0.025754 0.015402
v 0.096747 0.023621 0.022000
v 0.096586 0.024797 0.015086
v 0.096765 0.024115 0.014746
v 0.095267 0.029403 0.015953
v 0.094934 0.030459 0.015981
v 0.093558 0.034456 0.015981
v 0.093453 0.034416 0.022000
v 0.096880 0.023676 0.014353
v 0.096836 0.023843 0.014540
v 0.096944 0.019606 0.056607
v 0.097113 0.017965 0.066287
v 0.097292 0.016081 0.073008
v 0.097352 0.015393 0.076948
v 0.097584 0.012458 0.086127
v 0.097517 0.013366 0.084055
v 0.097754 0.009843 0.093241
v 0.097759 0.009755 0.093894
v 0.097883 0.007364 0.098167
v 0.097872 0.007608 0.098036
v 0.097975 0.005088 0.101133
v 0.097968 0.005272 0.101094
v 0.098026 0.003389 0.102372
v 0.098028 0.003312 0.102496
v 0.098061 0.001790 0.102779
v 0.098064 0.001658 0.102851
v 0.098085 0.000035 0.102376
v 0.098085 -0.000000 0.102448
v 0.096619 0.022433 0.043394
v 0.096493 0.023452 0.034605
v 0.096240 0.025375 0.022000
v 0.096171 0.025867 0.022000
v 0.096170 0.025870 0.022000
v -0.090622 0.041299 0.022000
v -0.089026 0.044634 0.022000
v -0.088037 0.046795 0.015981
v -0.087308 0.047908 0.022000
v -0.082898 0.055392 0.015981
v -0.085470 0.051115 0.022000
v -0.083514 0.054253 0.022000
v -0.075503 0.065112 0.015981
v -0.074567 0.066012 0.022000
v -0.070498 0.070501 0.015981
v -0.070420 0.070420 0.022000
v -0.062425 0.077739 0.015981
v -0.063178 0.076983 0.022000
v -0.054769 0.083311 0.015981
v -0.055329 0.082805 0.022000
v -0.045829 0.088544 0.015981
v -0.045766 0.088450 0.022000
v -0.045763 0.088451 0.022000
v -0.082805 0.055329 0.022000
v -0.080883 0.058103 0.022000
v -0.078867 0.060810 0.022000
v -0.076761 0.063447 0.022000
v -0.090797 0.040912 0.022000
v -0.090956 0.040833 0.015981
v -0.090957 0.040556 0.022000
v -0.045766 0.088450 0.022000
v -0.044625 0.088715 0.037101
v -0.044093 0.089059 0.037048
v -0.043858 0.089271 0.037023
v -0.043803 0.089328 0.037017
v -0.043749 0.089386 0.037011
v -0.043723 0.089415 0.037008
v -0.043698 0.089445 0.037006
v -0.043672 0.089475 0.037003
v -0.043648 0.089505 0.037000
v -0.044598 0.089525 0.022000
v -0.045763 0.088451 0.022000
v -0.044532 0.088753 0.037504
v -0.044422 0.088818 0.037331
v -0.044625 0.088715 0.037101
v -0.044070 0.089066 0.037193
v -0.044093 0.089059 0.037048
v -0.043860 0.089260 0.037104
v -0.043888 0.089239 0.037054
v -0.043763 0.089365 0.037061
v -0.043786 0.089345 0.037032
v -0.043713 0.089425 0.037025
v -0.043749 0.089386 0.037011
v -0.043723 0.089415 0.037008
v -0.040428 0.090748 0.037903
v -0.039814 0.090955 0.038148
v -0.039966 0.090923 0.037768
v -0.039510 0.091094 0.037791
v -0.039709 0.091026 0.037610
v -0.039330 0.091180 0.037401
v -0.039527 0.091102 0.037405
v -0.039276 0.091210 0.037101
v -0.039858 0.091026 0.037099
v -0.039881 0.091023 0.037048
v -0.040151 0.090982 0.037054
v -0.040195 0.090979 0.037023
v -0.040274 0.090974 0.037017
v -0.039933 0.090999 0.037236
v -0.040185 0.090974 0.037104
v -0.040280 0.090953 0.037172
v -0.040350 0.090963 0.037075
v -0.040452 0.090948 0.037113
v -0.040499 0.090959 0.037055
v -0.040747 0.090933 0.037082
v -0.040718 0.090950 0.037046
v -0.041314 0.090862 0.037056
v -0.040805 0.090951 0.037026
v -0.041566 0.090819 0.037030
v -0.041038 0.090933 0.037017
v -0.041967 0.090700 0.037018
v -0.041455 0.090864 0.037008
v -0.042631 0.090385 0.037008
v -0.042247 0.090598 0.037000
v -0.043337 0.089840 0.037008
v -0.043609 0.089551 0.037004
v -0.043517 0.089650 0.037014
v -0.043672 0.089475 0.037003
v -0.043672 0.089476 0.037004
v -0.043682 0.089462 0.037015
v -0.043669 0.089479 0.037006
v -0.043662 0.089487 0.037008
v -0.043624 0.089530 0.037016
v -0.043570 0.089581 0.037040
v -0.043658 0.089487 0.037024
v -0.043620 0.089517 0.037062
v -0.043687 0.089451 0.037041
v -0.043724 0.089399 0.037089
v -0.040298 0.090971 0.037032
v -0.040353 0.090970 0.037011
v -0.040370 0.090866 0.037471
v -0.040075 0.090954 0.037355
v -0.044274 0.088893 0.037545
v -0.043965 0.089132 0.037318
v -0.042247 0.090191 0.037557
v -0.043247 0.089736 0.037286
v -0.043297 0.089575 0.037533
v -0.043607 0.089458 0.037241
v -0.043735 0.089281 0.037446
v -0.043782 0.089319 0.037172
v -0.040406 0.090967 0.037025
v -0.040310 0.090969 0.037047
v -0.040442 0.090964 0.037041
v -0.043635 0.089478 0.037124
v -0.043377 0.089703 0.037161
v -0.043357 0.089766 0.037088
v -0.042598 0.090262 0.037174
v -0.042613 0.090319 0.037095
v -0.041363 0.090775 0.037173
v -0.041406 0.090815 0.037095
v -0.040678 0.090914 0.037150
v -0.040513 0.090964 0.037029
v -0.040469 0.090967 0.037020
v -0.040454 0.090967 0.037015
v -0.040431 0.090969 0.037006
v -0.040476 0.090968 0.037006
v -0.040472 0.090968 0.037004
v -0.040620 0.090966 0.037012
v -0.040470 0.090968 0.037003
v -0.040528 0.090969 0.037003
v -0.040509 0.090969 0.037000
v -0.040764 0.090962 0.037007
v -0.042363 0.090491 0.037056
v -0.042746 0.090292 0.037030
v -0.043050 0.090084 0.037018
v -0.040486 0.090968 0.037008
v -0.040543 0.090966 0.037016
v -0.043398 0.089766 0.037027
v -0.043214 0.089918 0.037054
v -0.043858 0.089271 0.037023
v -0.043803 0.089328 0.037017
v -0.040403 0.090687 0.038536
v -0.041331 0.090406 0.037970
v -0.041735 0.090075 0.038853
v -0.042994 0.089606 0.037961
v -0.043271 0.089351 0.038633
v -0.043645 0.089236 0.037879
v -0.043985 0.089010 0.038233
v -0.044049 0.089012 0.037722
v -0.044320 0.088851 0.037886
v -0.040908 0.090709 0.037542
v -0.040944 0.090811 0.037286
v -0.042155 0.090401 0.037297
v -0.040499 0.090907 0.037241
v -0.043698 0.089445 0.037006
v -0.040392 0.090969 0.037008
v -0.043648 0.089505 0.037000
v -0.040195 0.090979 0.037023
v -0.039881 0.091023 0.037048
v -0.039914 0.091710 0.022000
v -0.039276 0.091210 0.037101
v -0.038342 0.091912 0.022000
v -0.038339 0.091913 0.022000
v -0.040509 0.090969 0.037000
v -0.040470 0.090968 0.037003
v -0.040431 0.090969 0.037006
v -0.040392 0.090969 0.037008
v -0.040353 0.090970 0.037011
v -0.040274 0.090974 0.037017
v -0.012985 0.098738 0.022000
v -0.013049 0.098843 0.015981
v -0.019429 0.097675 0.022000
v -0.019451 0.097786 0.015981
v -0.028909 0.095300 0.022000
v -0.029914 0.095108 0.015981
v -0.038339 0.091913 0.022000
v -0.038371 0.092022 0.015981
v -0.038342 0.091912 0.022000
v -0.004158 0.099000 0.048822
v 0.005867 0.099000 0.044192
v -0.006457 0.099000 0.042231
v 0.003673 0.099000 0.049849
v -0.002299 0.099000 0.052068
v 0.001531 0.099000 0.052865
v -0.000790 0.099000 0.053331
v 0.000477 0.099000 0.053438
v 0.008518 0.099000 0.033909
v 0.010810 0.099000 0.022000
v 0.000000 0.099000 0.022000
v -0.010810 0.099000 0.022000
v -0.009245 0.099000 0.030434
v -0.010810 0.099000 0.022000
v 0.000000 0.099000 0.022000
v -0.012854 0.098747 0.022000
v 0.010810 0.099000 0.022000
v 0.012920 0.098747 0.022000
v -0.012985 0.098738 0.022000
v 0.038339 0.091913 0.022000
v 0.038371 0.092022 0.015981
v 0.028909 0.095300 0.022000
v 0.027769 0.095756 0.015981
v 0.019429 0.097675 0.022000
v 0.023407 0.096914 0.015981
v 0.022002 0.097244 0.015953
v 0.013268 0.098843 0.014435
v 0.013174 0.098857 0.014370
v 0.013055 0.098875 0.014265
v 0.012920 0.098747 0.022000
v 0.013003 0.098883 0.014201
v 0.020548 0.097563 0.015871
v 0.019048 0.097870 0.015733
v 0.017624 0.098139 0.015553
v 0.016628 0.098316 0.015394
v 0.015719 0.098469 0.015221
v 0.014255 0.098698 0.014851
v 0.013668 0.098785 0.014638
v 0.038342 0.091912 0.022000
v 0.038339 0.091913 0.022000
v 0.039276 0.091210 0.037101
v 0.039884 0.091023 0.037048
v 0.040197 0.090979 0.037023
v 0.040275 0.090974 0.037017
v 0.040354 0.090970 0.037011
v 0.040393 0.090969 0.037008
v 0.040432 0.090968 0.037006
v 0.040470 0.090968 0.037003
v 0.040509 0.090969 0.037000
v 0.039914 0.091710 0.022000
v 0.038342 0.091912 0.022000
v 0.039365 0.091163 0.037504
v 0.039486 0.091120 0.037331
v 0.039276 0.091210 0.037101
v 0.039901 0.091010 0.037193
v 0.039884 0.091023 0.037048
v 0.040185 0.090974 0.037104
v 0.040151 0.090982 0.037054
v 0.040328 0.090967 0.037061
v 0.040298 0.090971 0.037032
v 0.040406 0.090967 0.037025
v 0.040354 0.090970 0.037011
v 0.040393 0.090969 0.037008
v 0.043531 0.089301 0.037903
v 0.044084 0.088963 0.038148
v 0.043961 0.089060 0.037768
v 0.044386 0.088820 0.037791
v 0.044206 0.088928 0.037610
v 0.044567 0.088738 0.037401
v 0.044381 0.088838 0.037405
v 0.044625 0.088715 0.037101
v 0.044110 0.089043 0.037099
v 0.044093 0.089059 0.037048
v 0.043888 0.089239 0.037054
v 0.043858 0.089271 0.037023
v 0.043803 0.089328 0.037017
v 0.044041 0.089084 0.037236
v 0.043860 0.089260 0.037104
v 0.043782 0.089320 0.037172
v 0.043746 0.089379 0.037075
v 0.043668 0.089448 0.037113
v 0.043647 0.089491 0.037055
v 0.043468 0.089665 0.037082
v 0.043499 0.089653 0.037046
v 0.043049 0.090053 0.037056
v 0.043445 0.089720 0.037026
v 0.042854 0.090219 0.037030
v 0.043280 0.089887 0.037017
v 0.042505 0.090449 0.037018
v 0.042960 0.090162 0.037008
v 0.041836 0.090755 0.037008
v 0.042247 0.090598 0.037000
v 0.040965 0.090946 0.037008
v 0.040569 0.090969 0.037004
v 0.040704 0.090962 0.037014
v 0.040470 0.090968 0.037003
v 0.040472 0.090968 0.037004
v 0.040454 0.090967 0.037015
v 0.040476 0.090968 0.037006
v 0.040486 0.090968 0.037008
v 0.040543 0.090966 0.037016
v 0.040617 0.090958 0.037040
v 0.040489 0.090966 0.037024
v 0.040536 0.090956 0.037062
v 0.040442 0.090964 0.037041
v 0.040378 0.090959 0.037089
v 0.043786 0.089345 0.037032
v 0.043749 0.089386 0.037011
v 0.043659 0.089332 0.037471
v 0.043915 0.089163 0.037355
v 0.039638 0.091055 0.037545
v 0.040019 0.090972 0.037318
v 0.041935 0.090337 0.037557
v 0.040944 0.090811 0.037286
v 0.040788 0.090745 0.037534
v 0.040499 0.090907 0.037241
v 0.040282 0.090892 0.037446
v 0.040280 0.090953 0.037172
v 0.043713 0.089425 0.037025
v 0.043776 0.089353 0.037047
v 0.043687 0.089451 0.037041
v 0.040496 0.090942 0.037124
v 0.040835 0.090889 0.037161
v 0.040896 0.090914 0.037088
v 0.041764 0.090651 0.037174
v 0.041798 0.090699 0.037095
v 0.042950 0.090034 0.037173
v 0.042954 0.090093 0.037095
v 0.043497 0.089600 0.037150
v 0.043641 0.089505 0.037029
v 0.043672 0.089473 0.037020
v 0.043682 0.089462 0.037015
v 0.043698 0.089445 0.037006
v 0.043669 0.089479 0.037006
v 0.043672 0.089476 0.037004
v 0.043574 0.089588 0.037012
v 0.043672 0.089475 0.037003
v 0.043635 0.089520 0.037003
v 0.043648 0.089505 0.037000
v 0.043479 0.089696 0.037007
v 0.042090 0.090618 0.037056
v 0.041692 0.090784 0.037030
v 0.041337 0.090883 0.037018
v 0.043662 0.089487 0.037008
v 0.043624 0.089530 0.037016
v 0.040870 0.090946 0.037027
v 0.041104 0.090902 0.037054
v 0.040197 0.090979 0.037023
v 0.040275 0.090974 0.037017
v 0.043500 0.089242 0.038536
v 0.042688 0.089773 0.037970
v 0.042175 0.089870 0.038853
v 0.041006 0.090532 0.037961
v 0.040633 0.090581 0.038633
v 0.040305 0.090794 0.037879
v 0.039913 0.090909 0.038233
v 0.039874 0.090960 0.037722
v 0.039576 0.091064 0.037886
v 0.043192 0.089644 0.037542
v 0.043247 0.089737 0.037286
v 0.042155 0.090401 0.037297
v 0.043607 0.089458 0.037241
v 0.040432 0.090968 0.037006
v 0.043723 0.089415 0.037008
v 0.040509 0.090969 0.037000
v 0.043858 0.089271 0.037023
v 0.044093 0.089059 0.037048
v 0.044598 0.089526 0.022000
v 0.044625 0.088715 0.037101
v 0.045763 0.088451 0.022000
v 0.045766 0.088450 0.022000
v 0.043648 0.089505 0.037000
v 0.043672 0.089475 0.037003
v 0.043698 0.089445 0.037006
v 0.043723 0.089415 0.037008
v 0.043749 0.089386 0.037011
v 0.043803 0.089328 0.037017
v 0.045829 0.088544 0.015981
v 0.045766 0.088450 0.022000
v 0.054346 0.083587 0.015981
v 0.055329 0.082805 0.022000
v 0.061915 0.078146 0.015981
v 0.063178 0.076983 0.022000
v 0.070498 0.070501 0.015981
v 0.070420 0.070420 0.022000
v 0.075163 0.065504 0.015981
v 0.076983 0.063178 0.022000
v 0.079672 0.059939 0.015981
v 0.082805 0.055329 0.022000
v 0.082898 0.055392 0.015981
v 0.087720 0.047387 0.015981
v 0.087641 0.047297 0.022000
v 0.045763 0.088451 0.022000
v 0.088256 0.046674 0.015980
v 0.087720 0.047387 0.015981
v 0.087641 0.047297 0.022000
v 0.087644 0.047291 0.022000
v 0.087699 0.047193 0.022000
v 0.087769 0.047081 0.022000
v 0.087769 0.047081 0.022000
v 0.087771 0.047078 0.022000
v 0.087844 0.046971 0.022000
v 0.087922 0.046867 0.022000
v 0.087995 0.046779 0.022000
v 0.088092 0.046670 0.022000
v 0.088195 0.046565 0.022000
v 0.088303 0.046466 0.022000
v 0.088416 0.046372 0.022000
v 0.088533 0.046283 0.022000
v 0.088641 0.046209 0.022000
v 0.088749 0.046142 0.022000
v 0.088857 0.046081 0.022000
v 0.088963 0.046027 0.022000
v 0.089098 0.045965 0.022000
v 0.089236 0.045909 0.022000
v 0.089307 0.045884 0.022000
v 0.089380 0.045860 0.022000
v 0.089481 0.045830 0.022000
v 0.089585 0.045803 0.022000
v 0.089692 0.045780 0.022000
v 0.089747 0.045876 0.015983
v 0.088472 0.046324 0.022000
v 0.087765 0.046504 0.036153
v 0.088597 0.046234 0.022000
v 0.088520 0.045585 0.036093
v 0.088727 0.046150 0.022000
v 0.088761 0.046130 0.022000
v 0.088352 0.046420 0.022000
v 0.088236 0.046522 0.022000
v 0.088126 0.046631 0.022000
v 0.088022 0.046744 0.022000
v 0.087924 0.046863 0.022000
v 0.087832 0.046987 0.022000
v 0.087770 0.047078 0.022000
v 0.087768 0.047081 0.022000
v 0.087751 0.047108 0.022000
v 0.087696 0.047198 0.022000
v 0.087644 0.047291 0.022000
v 0.089539 0.045043 0.036052
v 0.089542 0.045807 0.022000
v 0.089406 0.045845 0.022000
v 0.089272 0.045890 0.022000
v 0.089140 0.045941 0.022000
v 0.089011 0.045998 0.022000
v 0.088884 0.046061 0.022000
v 0.088739 0.044496 0.039037
v 0.089563 0.042794 0.039497
v 0.089630 0.042983 0.038619
v 0.090713 0.040306 0.039358
v 0.090783 0.040417 0.038609
v 0.090851 0.039997 0.039274
v 0.091071 0.040513 0.037867
v 0.089603 0.044981 0.036286
v 0.088977 0.045213 0.036482
v 0.089683 0.044908 0.036403
v 0.089202 0.044925 0.036850
v 0.089956 0.044659 0.036617
v 0.089597 0.044442 0.037113
v 0.090698 0.043894 0.036839
v 0.090409 0.043382 0.037262
v 0.091733 0.042050 0.036889
v 0.091431 0.041051 0.037248
v 0.091934 0.041205 0.036832
v 0.089539 0.045043 0.036052
v 0.088520 0.045585 0.036093
v 0.087765 0.046504 0.036153
v 0.088463 0.045515 0.036874
v 0.087929 0.046149 0.037289
v 0.088273 0.045479 0.038032
v 0.088207 0.045572 0.038273
v 0.088793 0.044511 0.038480
v 0.089240 0.044317 0.037691
v 0.090050 0.043067 0.037796
v 0.091056 0.040747 0.037786
v 0.088763 0.045037 0.037380
v 0.087899 0.046200 0.037363
v 0.092363 0.037198 0.036183
v 0.092362 0.037016 0.036216
v 0.092370 0.037135 0.036140
v 0.092377 0.036935 0.036127
v 0.092375 0.037090 0.036096
v 0.092390 0.036789 0.036076
v 0.092379 0.037065 0.036052
v 0.092326 0.036561 0.037377
v 0.092475 0.036208 0.036884
v 0.092129 0.037077 0.037533
v 0.092306 0.036796 0.036761
v 0.092140 0.037383 0.036988
v 0.092310 0.036986 0.036529
v 0.092196 0.037499 0.036723
v 0.092333 0.037197 0.036327
v 0.092255 0.037729 0.036505
v 0.092343 0.037389 0.036271
v 0.092295 0.037843 0.036403
v 0.092413 0.036461 0.036506
v 0.092378 0.036715 0.036329
v 0.092468 0.036306 0.036259
v 0.092405 0.036621 0.036191
v 0.092579 0.035979 0.036153
v 0.091834 0.038669 0.037208
v 0.091944 0.038849 0.036957
v 0.092083 0.039029 0.036729
v 0.092161 0.039118 0.036624
v 0.090851 0.039997 0.039274
v 0.091593 0.038300 0.038612
v 0.091071 0.040513 0.037867
v 0.091658 0.038150 0.038499
v 0.091650 0.038509 0.037779
v 0.092097 0.037109 0.037882
v 0.092545 0.036048 0.036510
v 0.091934 0.041205 0.036832
v 0.093115 0.035870 0.022000
v 0.092379 0.037065 0.036052
v 0.092390 0.036789 0.036076
v 0.092579 0.035979 0.036153
v 0.093306 0.034813 0.022000
v 0.088857 0.046081 0.022000
v 0.088884 0.046061 0.022000
v 0.088963 0.046027 0.022000
v 0.089011 0.045998 0.022000
v 0.089098 0.045965 0.022000
v 0.089140 0.045941 0.022000
v 0.089236 0.045909 0.022000
v 0.089272 0.045890 0.022000
v 0.089307 0.045884 0.022000
v 0.089380 0.045860 0.022000
v 0.089406 0.045845 0.022000
v 0.089481 0.045830 0.022000
v 0.092810 0.043383 0.022000
v 0.092662 0.043229 0.022000
v 0.093268 0.041417 0.022000
v 0.093115 0.041205 0.022000
v 0.093268 0.035452 0.022000
v 0.093115 0.035870 0.022000
v 0.093453 0.034416 0.022000
v 0.093306 0.034813 0.022000
v 0.091391 0.044867 0.022000
v 0.091530 0.044945 0.022000
v 0.089692 0.045780 0.022000
v 0.089585 0.045803 0.022000
v 0.089542 0.045807 0.022000
v 0.089481 0.045830 0.022000
v 0.089406 0.045845 0.022000
v 0.087644 0.047291 0.022000
v 0.087696 0.047198 0.022000
v 0.087699 0.047193 0.022000
v 0.087751 0.047108 0.022000
v 0.087769 0.047081 0.022000
v 0.087768 0.047081 0.022000
v 0.087770 0.047078 0.022000
v 0.087769 0.047081 0.022000
v 0.087771 0.047078 0.022000
v 0.087832 0.046987 0.022000
v 0.087844 0.046971 0.022000
v 0.087924 0.046863 0.022000
v 0.087922 0.046867 0.022000
v 0.087995 0.046779 0.022000
v 0.088022 0.046744 0.022000
v 0.088092 0.046670 0.022000
v 0.088126 0.046631 0.022000
v 0.088195 0.046565 0.022000
v 0.088236 0.046522 0.022000
v 0.088303 0.046466 0.022000
v 0.088352 0.046420 0.022000
v 0.088416 0.046372 0.022000
v 0.088472 0.046324 0.022000
v 0.088533 0.046283 0.022000
v 0.088597 0.046234 0.022000
v 0.088641 0.046209 0.022000
v 0.088727 0.046150 0.022000
v 0.088749 0.046142 0.022000
v 0.088761 0.046130 0.022000
v 0.088857 0.046081 0.022000
v 0.088884 0.046061 0.022000
v -0.090824 -0.040853 0.023500
v -0.086238 -0.049809 0.022000
v -0.086559 -0.049249 0.023500
v -0.080810 -0.058203 0.022000
v -0.081520 -0.057205 0.023500
v -0.075751 -0.064650 0.023500
v -0.075201 -0.065289 0.023665
v -0.074667 -0.065900 0.022216
v -0.074907 -0.065627 0.023883
v -0.074783 -0.065768 0.023080
v -0.074867 -0.065672 0.023943
v -0.074854 -0.065686 0.024008
v -0.075589 -0.064840 0.023517
v -0.074624 -0.065948 0.022068
v -0.074601 -0.065974 0.022024
v -0.074584 -0.065994 0.022005
v -0.074567 -0.066012 0.022000
v -0.090797 -0.040912 0.022000
v 0.093745 -0.024917 0.160500
v 0.091883 -0.031087 0.160500
v 0.093453 -0.034416 0.022000
v 0.089616 -0.037120 0.160500
v 0.093306 -0.034813 0.022000
v 0.092579 -0.035979 0.036153
v 0.096170 -0.025870 0.022000
v 0.096747 -0.021357 0.049416
v 0.095136 -0.018924 0.160500
v 0.097113 -0.017972 0.066257
v 0.097421 -0.014572 0.079961
v 0.082805 -0.055329 0.022000
v 0.080652 -0.053890 0.160500
v 0.076983 -0.063178 0.022000
v 0.075653 -0.060709 0.160500
v 0.070420 -0.070420 0.022000
v 0.068589 -0.068589 0.160500
v 0.063178 -0.076983 0.022000
v 0.061536 -0.074982 0.160500
v 0.055329 -0.082805 0.022000
v 0.053890 -0.080652 0.160500
v 0.045766 -0.088450 0.022000
v 0.044708 -0.086082 0.160500
v 0.037120 -0.089616 0.160500
v 0.018924 -0.095136 0.160500
v 0.019429 -0.097675 0.022000
v 0.028158 -0.092823 0.160500
v 0.028909 -0.095300 0.022000
v 0.038339 -0.091913 0.022000
v 0.039276 -0.091210 0.037101
v -0.037120 -0.089616 0.160500
v -0.038339 -0.091913 0.022000
v -0.029013 -0.092559 0.160500
v -0.028909 -0.095300 0.022000
v -0.018924 -0.095136 0.160500
v -0.019429 -0.097675 0.022000
v -0.012985 -0.098738 0.022000
v -0.061536 -0.074982 0.160500
v -0.063178 -0.076983 0.022000
v -0.051623 -0.082123 0.160500
v -0.055329 -0.082805 0.022000
v -0.044529 -0.086175 0.160500
v -0.045766 -0.088450 0.022000
v -0.044625 -0.088715 0.037101
v 0.091878 -0.037631 0.038243
v 0.091229 -0.039141 0.038979
v 0.085546 -0.045725 0.160500
v 0.090851 -0.039997 0.039274
v 0.089812 -0.042267 0.039537
v 0.009245 -0.099000 0.030434
v 0.008083 -0.096662 0.160500
v 0.006457 -0.099000 0.042231
v 0.000000 -0.097000 0.160500
v 0.004158 -0.099000 0.048822
v 0.002299 -0.099000 0.052068
v 0.000790 -0.099000 0.053331
v -0.000477 -0.099000 0.053438
v -0.009508 -0.096533 0.160500
v -0.001531 -0.099000 0.052865
v -0.003673 -0.099000 0.049849
v -0.068589 -0.068589 0.160500
v -0.073079 -0.063784 0.160500
v -0.071879 -0.065191 0.158418
v -0.071305 -0.065884 0.156080
v -0.071261 -0.065963 0.154944
v -0.074567 -0.066012 0.022000
v -0.070420 -0.070420 0.022000
v 0.096533 -0.009508 0.160500
v 0.097692 -0.010865 0.091253
v 0.097871 -0.007635 0.097991
v 0.097967 -0.005305 0.101062
v 0.098029 -0.003287 0.102507
v 0.098067 -0.001419 0.102840
v 0.098085 -0.000000 0.102448
v 0.097000 -0.000000 0.160500
v 0.092190 -0.036887 0.037699
v 0.092327 -0.036558 0.037373
v 0.092432 -0.036309 0.037051
v 0.092532 -0.036077 0.036596
v 0.087641 -0.047297 0.022000
v 0.087644 -0.047291 0.022000
v 0.087765 -0.046504 0.036153
v 0.087787 -0.046442 0.036631
v 0.088016 -0.045961 0.037790
v 0.088379 -0.045225 0.038586
v 0.088889 -0.044191 0.039168
v 0.039330 -0.091180 0.037401
v 0.039510 -0.091094 0.037791
v 0.039814 -0.090955 0.038148
v 0.040403 -0.090687 0.038536
v 0.041735 -0.090075 0.038853
v 0.043271 -0.089351 0.038633
v 0.043985 -0.089010 0.038233
v 0.044320 -0.088851 0.037886
v 0.044532 -0.088753 0.037504
v 0.044625 -0.088715 0.037101
v 0.010810 -0.099000 0.022000
v 0.012920 -0.098747 0.022000
v -0.010810 -0.099000 0.022000
v -0.008518 -0.099000 0.033909
v -0.005867 -0.099000 0.044192
v -0.044567 -0.088738 0.037401
v -0.044386 -0.088820 0.037791
v -0.044084 -0.088963 0.038148
v -0.043500 -0.089242 0.038536
v -0.042175 -0.089870 0.038853
v -0.040633 -0.090581 0.038633
v -0.039913 -0.090909 0.038233
v -0.039576 -0.091064 0.037886
v -0.039365 -0.091163 0.037504
v -0.039276 -0.091210 0.037101
v -0.075201 -0.065289 0.023665
v -0.076511 -0.064863 0.023646
v -0.075589 -0.064840 0.023517
v -0.076231 -0.064727 0.023535
v -0.075751 -0.064650 0.023500
v -0.076765 -0.064500 0.023500
v -0.076765 -0.064854 0.023646
v -0.074907 -0.065627 0.023883
v -0.074854 -0.065686 0.024008
v -0.074867 -0.065672 0.023943
v -0.076282 -0.065039 0.024002
v -0.076765 -0.065000 0.024000
v -0.088823 -0.049302 0.023000
v -0.092836 -0.041251 0.023000
v -0.086213 -0.053459 0.023354
v -0.092702 -0.041192 0.023354
v -0.088253 -0.049298 0.023500
v -0.092379 -0.041048 0.023500
v -0.078744 -0.064184 0.023000
v -0.084113 -0.056967 0.023000
v -0.078731 -0.064189 0.023084
v -0.078631 -0.064223 0.023243
v -0.078424 -0.064296 0.023382
v -0.083392 -0.057137 0.023500
v -0.078161 -0.064387 0.023467
v -0.077837 -0.064500 0.023500
v -0.092925 -0.041051 0.018000
v -0.088823 -0.049302 0.023000
v -0.088894 -0.049174 0.018000
v -0.084113 -0.056967 0.023000
v -0.084154 -0.056906 0.018000
v -0.078744 -0.064184 0.023000
v -0.078744 -0.064184 0.018000
v -0.092836 -0.041251 0.023000
v -0.092925 -0.041051 0.018000
v -0.088894 -0.049174 0.018000
v -0.086860 -0.053246 0.017293
v -0.084154 -0.056906 0.018000
v -0.078856 -0.064219 0.017547
v -0.078744 -0.064184 0.018000
v -0.092131 -0.045126 0.017000
v -0.092245 -0.044505 0.017014
v -0.092426 -0.043386 0.017126
v -0.092588 -0.042519 0.017290
v -0.092792 -0.041596 0.017564
v -0.092884 -0.041222 0.017750
v -0.092914 -0.041100 0.017856
v -0.092924 -0.041060 0.017925
v -0.079196 -0.064323 0.017173
v -0.086497 -0.055160 0.017000
v -0.079776 -0.064500 0.017000
v -0.079776 -0.064500 0.017000
v -0.098456 -0.064500 0.017000
v -0.098456 -0.063483 0.017000
v -0.093532 -0.063483 0.017000
v -0.093273 -0.063454 0.017000
v -0.093011 -0.063364 0.017000
v -0.092758 -0.063214 0.017000
v -0.092635 -0.063116 0.017000
v -0.092489 -0.062974 0.017000
v -0.092325 -0.062781 0.017000
v -0.092245 -0.062676 0.017000
v -0.092131 -0.062517 0.017000
v -0.086497 -0.055160 0.017000
v -0.092131 -0.045126 0.017000
v -0.098756 -0.064351 0.016900
v -0.098913 -0.064116 0.016704
v -0.098807 -0.063483 0.016857
v -0.098948 -0.064025 0.016593
v -0.098956 -0.063483 0.016509
v -0.098956 -0.064000 0.016509
v -0.098456 -0.063483 0.017000
v -0.098456 -0.064500 0.017000
v -0.098592 -0.064467 0.016981
v -0.099053 -0.036781 0.010983
v -0.099017 -0.036817 0.013018
v -0.099053 -0.060000 0.010983
v -0.099046 -0.061680 0.011353
v -0.099017 -0.062361 0.013017
v -0.099029 -0.062996 0.012332
v -0.098983 -0.064000 0.014983
v -0.099004 -0.063822 0.013802
v -0.099006 -0.063133 0.013664
v -0.099001 -0.063299 0.013940
v -0.098997 -0.063384 0.014195
v -0.098993 -0.063409 0.014396
v -0.098956 -0.063483 0.016509
v -0.098956 -0.064000 0.016509
v -0.099016 -0.062502 0.013111
v -0.099014 -0.062640 0.013207
v -0.099012 -0.062788 0.013318
v -0.099010 -0.062889 0.013403
v -0.099008 -0.063049 0.013562
v -0.097053 -0.034782 0.010983
v -0.098390 -0.035362 0.013025
v -0.098334 -0.035246 0.010975
v -0.099009 -0.036632 0.013019
v -0.099022 -0.036433 0.010980
v -0.099017 -0.036817 0.013018
v -0.099053 -0.036781 0.010983
v -0.097018 -0.034817 0.013018
v -0.085000 -0.034991 0.023009
v -0.090000 -0.034991 0.023009
v -0.085000 -0.034782 0.010983
v -0.090000 -0.034817 0.013018
v -0.097053 -0.034782 0.010983
v -0.097018 -0.034817 0.013018
v -0.082219 -0.032000 0.010983
v -0.082009 -0.032000 0.023009
v -0.082591 -0.033391 0.010983
v -0.082409 -0.033496 0.023009
v -0.083609 -0.034409 0.010983
v -0.083504 -0.034591 0.023009
v -0.085000 -0.034782 0.010983
v -0.085000 -0.034991 0.023009
v -0.082009 -0.019000 0.023009
v -0.082009 -0.032000 0.023009
v -0.082219 -0.019000 0.010983
v -0.082219 -0.032000 0.010983
v -0.085000 -0.016219 0.010983
v -0.085000 -0.016009 0.023009
v -0.083609 -0.016591 0.010983
v -0.083504 -0.016409 0.023009
v -0.082591 -0.017609 0.010983
v -0.082409 -0.017504 0.023009
v -0.082219 -0.019000 0.010983
v -0.082009 -0.019000 0.023009
v -0.097053 -0.016219 0.010983
v -0.097018 -0.016183 0.013018
v -0.085000 -0.016219 0.010983
v -0.090000 -0.016183 0.013018
v -0.085000 -0.016009 0.023009
v -0.090000 -0.016009 0.023009
v -0.097018 -0.016183 0.013018
v -0.097402 -0.016188 0.010980
v -0.097297 -0.016163 0.013020
v -0.098588 -0.015501 0.010975
v -0.098556 -0.015460 0.013025
v -0.099053 -0.014219 0.010983
v -0.099017 -0.014183 0.013018
v -0.097053 -0.016219 0.010983
v -0.099017 -0.014183 0.013018
v -0.099053 -0.014219 0.010983
v -0.099017 0.014183 0.013018
v -0.099053 0.014219 0.010983
v -0.097053 0.016219 0.010983
v -0.098390 0.015638 0.013025
v -0.098334 0.015754 0.010975
v -0.099009 0.014368 0.013019
v -0.099022 0.014568 0.010980
v -0.099017 0.014183 0.013018
v -0.099053 0.014219 0.010983
v -0.097018 0.016183 0.013018
v -0.085000 0.016009 0.023009
v -0.090000 0.016009 0.023009
v -0.085000 0.016219 0.010983
v -0.090000 0.016183 0.013018
v -0.097053 0.016219 0.010983
v -0.097018 0.016183 0.013018
v -0.082219 0.019000 0.010983
v -0.082009 0.019000 0.023009
v -0.082591 0.017609 0.010983
v -0.082409 0.017504 0.023009
v -0.083609 0.016591 0.010983
v -0.083504 0.016409 0.023009
v -0.085000 0.016219 0.010983
v -0.085000 0.016009 0.023009
v -0.082009 0.032000 0.023009
v -0.082009 0.019000 0.023009
v -0.082219 0.032000 0.010983
v -0.082219 0.019000 0.010983
v -0.085000 0.034782 0.010983
v -0.085000 0.034991 0.023009
v -0.083609 0.034409 0.010983
v -0.083504 0.034591 0.023009
v -0.082591 0.033391 0.010983
v -0.082409 0.033496 0.023009
v -0.082219 0.032000 0.010983
v -0.082009 0.032000 0.023009
v -0.097053 0.034782 0.010983
v -0.097018 0.034817 0.013018
v -0.085000 0.034782 0.010983
v -0.090000 0.034817 0.013018
v -0.085000 0.034991 0.023009
v -0.090000 0.034991 0.023009
v -0.097018 0.034817 0.013018
v -0.097402 0.034812 0.010980
v -0.097297 0.034837 0.013020
v -0.098588 0.035499 0.010975
v -0.098556 0.035540 0.013025
v -0.099053 0.036781 0.010983
v -0.099017 0.036817 0.013018
v -0.097053 0.034782 0.010983
v -0.098983 0.064000 0.014983
v -0.098956 0.064000 0.016509
v -0.098956 0.063483 0.016509
v -0.098993 0.063409 0.014396
v -0.098998 0.063370 0.014137
v -0.099002 0.063273 0.013885
v -0.099017 0.036817 0.013018
v -0.099053 0.036781 0.010983
v -0.099053 0.060000 0.010983
v -0.099050 0.061181 0.011161
v -0.099035 0.062650 0.011987
v -0.099017 0.062361 0.013017
v -0.099012 0.063630 0.013302
v -0.099006 0.063115 0.013641
v -0.099008 0.063010 0.013520
v -0.099012 0.062806 0.013333
v -0.099014 0.062628 0.013198
v -0.099016 0.062478 0.013095
v -0.098756 0.064351 0.016901
v -0.098807 0.063483 0.016857
v -0.098913 0.064116 0.016704
v -0.098956 0.063483 0.016509
v -0.098948 0.064025 0.016593
v -0.098956 0.064000 0.016509
v -0.098592 0.064467 0.016981
v -0.098456 0.064500 0.017000
v -0.098456 0.063483 0.017000
v -0.079776 0.064500 0.017000
v -0.086497 0.055160 0.017000
v -0.092131 0.062517 0.017000
v -0.092222 0.062644 0.017000
v -0.092315 0.062768 0.017000
v -0.092424 0.062901 0.017000
v -0.092505 0.062990 0.017000
v -0.092638 0.063118 0.017000
v -0.092775 0.063226 0.017000
v -0.093058 0.063385 0.017000
v -0.093324 0.063464 0.017000
v -0.093532 0.063483 0.017000
v -0.098456 0.063483 0.017000
v -0.098456 0.064500 0.017000
v -0.092131 0.045125 0.017000
v -0.079298 0.064354 0.017114
v -0.078928 0.064241 0.017430
v -0.086497 0.055160 0.017000
v -0.086860 0.053245 0.017293
v -0.092131 0.045125 0.017000
v -0.092469 0.043141 0.017166
v -0.092295 0.044192 0.017034
v -0.078744 0.064184 0.018000
v -0.084154 0.056906 0.018000
v -0.088894 0.049174 0.018000
v -0.092926 0.041050 0.017970
v -0.092925 0.041050 0.018000
v -0.092919 0.041083 0.017880
v -0.092902 0.041149 0.017806
v -0.092860 0.041317 0.017692
v -0.092689 0.042042 0.017414
v -0.078753 0.064187 0.017868
v -0.079776 0.064500 0.017000
v -0.078744 0.064184 0.018000
v -0.084113 0.056966 0.023000
v -0.084154 0.056906 0.018000
v -0.088823 0.049302 0.023000
v -0.088894 0.049174 0.018000
v -0.092836 0.041251 0.023000
v -0.092925 0.041050 0.018000
v -0.078744 0.064184 0.023000
v -0.088253 0.049298 0.023500
v -0.092379 0.041048 0.023500
v -0.086213 0.053459 0.023354
v -0.092702 0.041192 0.023354
v -0.088823 0.049302 0.023000
v -0.092836 0.041251 0.023000
v -0.078607 0.064232 0.023265
v -0.078487 0.064273 0.023350
v -0.078189 0.064377 0.023461
v -0.083392 0.057137 0.023500
v -0.077837 0.064500 0.023500
v -0.084113 0.056966 0.023000
v -0.078744 0.064184 0.023000
v -0.078687 0.064204 0.023175
v -0.076765 -0.064500 0.023500
v -0.077837 -0.064500 0.023500
v -0.081520 -0.057205 0.023500
v -0.083392 -0.057137 0.023500
v -0.086559 -0.049249 0.023500
v -0.088253 -0.049298 0.023500
v -0.090824 -0.040853 0.023500
v -0.092379 -0.041048 0.023500
v -0.091000 -0.040031 0.023500
v -0.092509 -0.040438 0.023500
v -0.091000 -0.038000 0.023500
v -0.092509 -0.038000 0.023500
v -0.080670 -0.034500 0.023500
v -0.083254 -0.035024 0.023500
v -0.080000 -0.032000 0.023500
v -0.081976 -0.033746 0.023500
v -0.081509 -0.032000 0.023500
v -0.080000 -0.019000 0.023500
v -0.081509 -0.019000 0.023500
v -0.080670 -0.016500 0.023500
v -0.081976 -0.017254 0.023500
v -0.083254 -0.015976 0.023500
v -0.080670 0.016500 0.023500
v -0.083254 0.015976 0.023500
v -0.080000 0.019000 0.023500
v -0.081976 0.017254 0.023500
v -0.081509 0.019000 0.023500
v -0.080000 0.032000 0.023500
v -0.081509 0.032000 0.023500
v -0.080670 0.034500 0.023500
v -0.081976 0.033746 0.023500
v -0.083254 0.035024 0.023500
v -0.091000 0.040031 0.023500
v -0.092509 0.040438 0.023500
v -0.090824 0.040853 0.023500
v -0.092379 0.041048 0.023500
v -0.090622 0.041299 0.023500
v -0.088253 0.049298 0.023500
v -0.086397 0.049533 0.023500
v -0.081426 0.057339 0.023500
v -0.083392 0.057137 0.023500
v -0.076765 0.064500 0.023500
v -0.077837 0.064500 0.023500
v -0.092509 0.038000 0.023500
v -0.091000 0.038000 0.023500
v -0.090707 0.037293 0.023500
v -0.090000 0.037000 0.023500
v -0.091774 0.036226 0.023500
v -0.085000 0.015509 0.023500
v -0.082500 0.014670 0.023500
v -0.091774 0.014774 0.023500
v -0.090000 0.015509 0.023500
v -0.092509 -0.013000 0.023500
v -0.092509 0.013000 0.023500
v -0.091000 0.013000 0.023500
v -0.091000 -0.013000 0.023500
v -0.090707 -0.013707 0.023500
v -0.090000 -0.014000 0.023500
v -0.091774 -0.014774 0.023500
v -0.085000 -0.035491 0.023500
v -0.082500 -0.036330 0.023500
v -0.091774 -0.036226 0.023500
v -0.090000 -0.035491 0.023500
v -0.085000 -0.037000 0.023500
v -0.090000 -0.037000 0.023500
v -0.090707 -0.037293 0.023500
v -0.082500 -0.014670 0.023500
v -0.085000 -0.015509 0.023500
v -0.090000 -0.015509 0.023500
v -0.085000 -0.014000 0.023500
v -0.085000 0.014000 0.023500
v -0.090000 0.014000 0.023500
v -0.090707 0.013707 0.023500
v -0.082500 0.036330 0.023500
v -0.085000 0.035491 0.023500
v -0.090000 0.035491 0.023500
v -0.085000 0.037000 0.023500
v -0.075751 -0.064650 0.023500
v -0.075751 0.064650 0.023500
v -0.074557 0.066003 0.022725
v -0.074567 0.066012 0.022000
v -0.074548 0.065995 0.022000
v -0.079238 0.060282 0.022000
v -0.081421 0.057300 0.022000
v -0.074557 0.066003 0.022725
v -0.083492 0.054238 0.022000
v -0.074584 0.065974 0.022737
v -0.074632 0.065920 0.022798
v -0.090622 0.041299 0.023500
v -0.086397 0.049533 0.023500
v -0.081426 0.057339 0.023500
v -0.074763 0.065782 0.023216
v -0.075751 0.064650 0.023500
v -0.075346 0.065124 0.023595
v -0.085447 0.051102 0.022000
v -0.087285 0.047895 0.022000
v -0.089003 0.044622 0.022000
v -0.090598 0.041288 0.022000
v -0.074988 0.065543 0.023823
v -0.074916 0.065626 0.023911
v -0.074899 0.065648 0.023953
v -0.074895 0.065653 0.024008
v -0.074548 0.065995 0.022000
v -0.076946 0.063182 0.022000
v -0.074679 0.065870 0.022904
v -0.074895 0.065653 0.024008
v -0.074899 0.065648 0.023953
v -0.075202 0.065439 0.024007
v -0.074988 0.065543 0.023823
v -0.076765 0.065000 0.024000
v -0.076765 0.064854 0.023646
v -0.075346 0.065124 0.023595
v -0.075751 0.064650 0.023500
v -0.076765 0.064500 0.023500
v -0.074916 0.065626 0.023911
v -0.063178 0.076983 0.022000
v -0.061082 0.075352 0.160500
v -0.055329 0.082805 0.022000
v -0.053890 0.080652 0.160500
v -0.045766 0.088450 0.022000
v -0.045725 0.085546 0.160500
v -0.037120 0.089616 0.160500
v -0.028909 0.095300 0.022000
v -0.018924 0.095136 0.160500
v -0.019429 0.097675 0.022000
v -0.009508 0.096533 0.160500
v -0.012985 0.098738 0.022000
v -0.010810 0.099000 0.022000
v 0.037120 0.089616 0.160500
v 0.038339 0.091913 0.022000
v 0.028158 0.092823 0.160500
v 0.028909 0.095300 0.022000
v 0.018924 0.095136 0.160500
v 0.019429 0.097675 0.022000
v 0.012920 0.098747 0.022000
v 0.055329 0.082805 0.022000
v 0.053890 0.080652 0.160500
v 0.063178 0.076983 0.022000
v 0.061536 0.074982 0.160500
v 0.070420 0.070420 0.022000
v 0.068589 0.068589 0.160500
v 0.076983 0.063178 0.022000
v 0.073269 0.063565 0.160500
v 0.080652 0.053890 0.160500
v 0.096619 0.022433 0.043394
v 0.096170 0.025870 0.022000
v 0.092721 0.028492 0.160500
v 0.093453 0.034416 0.022000
v 0.089616 0.037120 0.160500
v 0.093306 0.034813 0.022000
v 0.092579 0.035979 0.036153
v -0.009245 0.099000 0.030434
v 0.000000 0.097000 0.160500
v -0.006457 0.099000 0.042231
v -0.004158 0.099000 0.048822
v -0.000790 0.099000 0.053331
v 0.000477 0.099000 0.053438
v 0.010669 0.096411 0.160500
v 0.001531 0.099000 0.052865
v 0.003673 0.099000 0.049849
v 0.087641 0.047297 0.022000
v 0.087644 0.047291 0.022000
v 0.085546 0.045725 0.160500
v 0.087765 0.046504 0.036153
v 0.087899 0.046200 0.037363
v 0.088207 0.045572 0.038273
v 0.097759 0.009755 0.093894
v 0.096533 0.009508 0.160500
v 0.097872 0.007608 0.098036
v 0.097000 -0.000000 0.160500
v 0.097968 0.005272 0.101094
v 0.098028 0.003312 0.102496
v 0.097517 0.013366 0.084055
v 0.097352 0.015393 0.076948
v 0.097113 0.017965 0.066287
v 0.095136 0.018924 0.160500
v -0.026489 0.093313 0.160500
v -0.038339 0.091913 0.022000
v -0.039276 0.091210 0.037101
v -0.039330 0.091180 0.037401
v -0.039510 0.091094 0.037791
v -0.039814 0.090955 0.038148
v -0.040403 0.090687 0.038536
v -0.041735 0.090075 0.038853
v -0.043271 0.089351 0.038633
v -0.043985 0.089010 0.038233
v -0.044320 0.088851 0.037886
v -0.044532 0.088753 0.037504
v -0.044625 0.088715 0.037101
v 0.010810 0.099000 0.022000
v 0.008518 0.099000 0.033909
v 0.005867 0.099000 0.044192
v 0.044386 0.086248 0.160500
v 0.045766 0.088450 0.022000
v 0.044625 0.088715 0.037101
v 0.044567 0.088738 0.037401
v 0.044386 0.088820 0.037791
v 0.044084 0.088963 0.038148
v 0.043500 0.089242 0.038536
v 0.042175 0.089870 0.038853
v 0.040633 0.090581 0.038633
v 0.039913 0.090909 0.038233
v 0.039576 0.091064 0.037886
v 0.039365 0.091163 0.037504
v 0.039276 0.091210 0.037101
v 0.092545 0.036048 0.036510
v 0.092475 0.036208 0.036884
v 0.092326 0.036561 0.037377
v 0.092097 0.037109 0.037882
v 0.091593 0.038300 0.038612
v 0.090851 0.039997 0.039274
v 0.090713 0.040306 0.039358
v 0.089563 0.042794 0.039497
v 0.088739 0.044496 0.039037
v -0.067755 0.069413 0.160500
v -0.070420 0.070420 0.022000
v -0.074567 0.066012 0.022000
v -0.071261 0.065963 0.154944
v -0.071525 0.065610 0.157325
v -0.072433 0.064543 0.159554
v -0.073079 0.063784 0.160500
v -0.002299 0.099000 0.052068
v 0.082805 0.055329 0.022000
v 0.098085 -0.000000 0.102448
v 0.098064 0.001658 0.102851
v -0.071525 0.065610 0.157325
v -0.072312 0.065007 0.157098
v -0.072433 0.064543 0.159554
v -0.073438 0.063915 0.158804
v -0.073079 0.063784 0.160500
v -0.073775 0.063398 0.159559
v -0.072259 0.065252 0.154969
v -0.073462 0.065000 0.155000
v -0.073865 0.064677 0.156767
v -0.075125 0.063756 0.158301
v -0.074263 0.063354 0.159117
v -0.075339 0.063597 0.158473
v -0.071261 0.065963 0.154944
v -0.074263 0.063354 0.159117
v -0.076463 0.062356 0.159410
v -0.075474 0.061792 0.159976
v -0.077372 0.060967 0.159906
v -0.076241 0.060499 0.160275
v -0.078316 0.060000 0.160000
v -0.077325 0.059240 0.160273
v -0.074712 0.061861 0.160500
v -0.076163 0.060066 0.160500
v -0.076998 0.058990 0.160500
v -0.073775 0.063398 0.159559
v -0.073079 0.063784 0.160500
v -0.075339 0.063597 0.158473
v -0.106000 0.019158 0.160000
v -0.106000 0.017500 0.160500
v -0.097877 0.019158 0.160000
v -0.097877 0.017500 0.160500
v -0.095039 0.026478 0.160000
v -0.092123 0.030358 0.160500
v -0.091727 0.036326 0.160000
v -0.088160 0.040452 0.160500
v -0.088950 0.042677 0.160000
v -0.084192 0.048169 0.160500
v -0.083967 0.051797 0.160000
v -0.079550 0.055501 0.160500
v -0.078316 0.060000 0.160000
v -0.077325 0.059240 0.160273
v -0.096563 0.020225 0.160000
v -0.094936 0.019884 0.160500
v -0.076998 0.058990 0.160500
v -0.096635 0.019990 0.160000
v -0.096919 0.019561 0.160000
v -0.095675 0.018457 0.160500
v -0.097342 0.019269 0.160000
v -0.096677 0.017749 0.160500
v -0.097877 0.019158 0.160000
v -0.097877 0.017500 0.160500
v -0.096563 0.020225 0.160000
v -0.094936 0.019884 0.160500
v -0.109256 0.016444 0.160128
v -0.108576 0.016038 0.160500
v -0.107481 0.017109 0.160500
v -0.108300 0.018551 0.160000
v -0.110000 0.016887 0.160000
v -0.106000 0.017500 0.160500
v -0.106000 0.019158 0.160000
v -0.090443 -0.035047 0.160500
v -0.097130 -0.034288 0.160500
v -0.095165 -0.036765 0.160500
v -0.096446 -0.036168 0.160500
v -0.095929 -0.036732 0.160500
v -0.073079 0.063784 0.160500
v 0.073269 0.063565 0.160500
v -0.067755 0.069413 0.160500
v 0.068589 0.068589 0.160500
v -0.061082 0.075352 0.160500
v 0.061536 0.074982 0.160500
v -0.053890 0.080652 0.160500
v 0.053890 0.080652 0.160500
v -0.045725 0.085546 0.160500
v 0.044386 0.086248 0.160500
v -0.037120 0.089616 0.160500
v 0.037120 0.089616 0.160500
v -0.026489 0.093313 0.160500
v 0.028158 0.092823 0.160500
v -0.018924 0.095136 0.160500
v 0.018924 0.095136 0.160500
v -0.009508 0.096533 0.160500
v 0.010669 0.096411 0.160500
v 0.000000 0.097000 0.160500
v 0.085546 0.045725 0.160500
v -0.084192 0.048169 0.160500
v 0.089616 0.037120 0.160500
v -0.088160 0.040452 0.160500
v 0.092721 0.028492 0.160500
v -0.092123 0.030358 0.160500
v 0.095136 0.018924 0.160500
v -0.094936 0.019884 0.160500
v -0.095675 0.018457 0.160500
v 0.095136 -0.018924 0.160500
v -0.095427 -0.018762 0.160500
v 0.093745 -0.024917 0.160500
v -0.094936 -0.019884 0.160500
v 0.091883 -0.031087 0.160500
v -0.091811 -0.031288 0.160500
v 0.085546 -0.045725 0.160500
v -0.085886 -0.045077 0.160500
v 0.080652 -0.053890 0.160500
v -0.080221 -0.054526 0.160500
v 0.075653 -0.060709 0.160500
v -0.076998 -0.058990 0.160500
v -0.075780 -0.060549 0.160500
v 0.068589 -0.068589 0.160500
v -0.074586 -0.062015 0.160500
v -0.068589 -0.068589 0.160500
v -0.073079 -0.063784 0.160500
v 0.061536 -0.074982 0.160500
v -0.061536 -0.074982 0.160500
v 0.053890 -0.080652 0.160500
v -0.051623 -0.082123 0.160500
v 0.044708 -0.086082 0.160500
v -0.044529 -0.086175 0.160500
v 0.037120 -0.089616 0.160500
v -0.037120 -0.089616 0.160500
v 0.028158 -0.092823 0.160500
v -0.029013 -0.092559 0.160500
v 0.018924 -0.095136 0.160500
v -0.018924 -0.095136 0.160500
v 0.008083 -0.096662 0.160500
v -0.009508 -0.096533 0.160500
v 0.000000 -0.097000 0.160500
v -0.109000 -0.014500 0.160500
v 0.096533 -0.009508 0.160500
v 0.097000 -0.000000 0.160500
v 0.096533 0.009508 0.160500
v -0.109000 0.014500 0.160500
v 0.080652 0.053890 0.160500
v -0.074712 0.061861 0.160500
v -0.076163 0.060066 0.160500
v -0.076998 0.058990 0.160500
v -0.079550 0.055501 0.160500
v -0.096677 0.017749 0.160500
v -0.097877 0.017500 0.160500
v -0.106000 0.017500 0.160500
v -0.107481 0.017109 0.160500
v -0.108576 0.016038 0.160500
v -0.108934 0.015126 0.160500
v -0.108850 -0.015437 0.160500
v -0.108576 -0.016038 0.160500
v -0.107481 -0.017109 0.160500
v -0.097877 -0.017500 0.160500
v -0.097486 -0.017525 0.160500
v -0.096328 -0.017929 0.160500
v 0.089616 -0.037120 0.160500
v -0.096533 -0.033007 0.160500
v -0.097097 -0.033524 0.160500
v -0.106000 -0.017500 0.160500
v -0.095115 -0.036903 0.160146
v -0.091819 -0.036077 0.160000
v -0.091026 -0.035392 0.160169
v -0.090443 -0.035047 0.160500
v -0.095165 -0.036765 0.160500
v -0.091824 -0.036082 0.160000
v -0.094994 -0.037235 0.160000
v -0.076998 -0.058990 0.160500
v -0.080221 -0.054526 0.160500
v -0.080912 -0.056452 0.160000
v -0.085886 -0.045077 0.160500
v -0.086400 -0.047627 0.160000
v -0.089299 -0.041942 0.160000
v -0.090443 -0.035047 0.160500
v -0.091819 -0.036077 0.160000
v -0.091824 -0.036082 0.160000
v -0.078316 -0.060000 0.160000
v -0.077324 -0.059240 0.160273
v -0.091026 -0.035392 0.160169
v -0.108300 -0.018551 0.160000
v -0.107481 -0.017109 0.160500
v -0.108576 -0.016038 0.160500
v -0.109256 -0.016444 0.160128
v -0.110000 -0.016887 0.160000
v -0.106000 -0.019158 0.160000
v -0.106000 -0.017500 0.160500
v -0.097877 -0.019158 0.160000
v -0.097877 -0.017500 0.160500
v -0.106000 -0.019158 0.160000
v -0.106000 -0.017500 0.160500
v -0.097486 -0.017525 0.160500
v -0.097265 -0.019306 0.160000
v -0.096328 -0.017929 0.160500
v -0.096950 -0.019530 0.160000
v -0.095427 -0.018762 0.160500
v -0.096609 -0.020058 0.160000
v -0.096563 -0.020225 0.160000
v -0.097877 -0.017500 0.160500
v -0.097877 -0.019158 0.160000
v -0.094936 -0.019884 0.160500
v -0.094936 -0.019884 0.160500
v -0.096563 -0.020225 0.160000
v -0.093534 -0.031383 0.160000
v -0.093527 -0.031383 0.160000
v -0.092142 -0.031368 0.160308
v -0.091811 -0.031288 0.160500
v -0.096533 -0.033007 0.160500
v -0.092142 -0.031368 0.160308
v -0.096583 -0.032869 0.160146
v -0.093527 -0.031383 0.160000
v -0.096704 -0.032537 0.160000
v -0.093534 -0.031383 0.160000
v -0.091811 -0.031288 0.160500
v -0.096533 -0.033007 0.160500
v -0.096583 -0.032869 0.160146
v -0.097097 -0.033524 0.160500
v -0.097230 -0.033462 0.160146
v -0.097130 -0.034288 0.160500
v -0.097268 -0.034339 0.160146
v -0.096704 -0.032537 0.160000
v -0.097550 -0.033312 0.160000
v -0.097600 -0.034459 0.160000
v -0.096584 -0.036218 0.160146
v -0.096446 -0.036168 0.160500
v -0.097268 -0.034339 0.160146
v -0.097600 -0.034459 0.160000
v -0.096916 -0.036339 0.160000
v -0.097130 -0.034288 0.160500
v -0.096446 -0.036168 0.160500
v -0.096584 -0.036218 0.160146
v -0.095929 -0.036732 0.160500
v -0.095991 -0.036865 0.160146
v -0.095165 -0.036765 0.160500
v -0.095115 -0.036903 0.160146
v -0.096916 -0.036339 0.160000
v -0.096141 -0.037185 0.160000
v -0.094994 -0.037235 0.160000
v -0.073079 -0.063784 0.160500
v -0.073774 -0.063398 0.159560
v -0.071879 -0.065191 0.158418
v -0.074263 -0.063354 0.159117
v -0.072673 -0.064649 0.157824
v -0.075339 -0.063597 0.158473
v -0.074099 -0.064505 0.157169
v -0.072000 -0.065331 0.155957
v -0.073512 -0.064946 0.155732
v -0.072275 -0.065245 0.154970
v -0.073462 -0.065000 0.155000
v -0.071305 -0.065884 0.156080
v -0.071261 -0.065963 0.154944
v -0.073079 -0.063784 0.160500
v -0.074586 -0.062015 0.160500
v -0.073774 -0.063398 0.159560
v -0.075927 -0.060997 0.160198
v -0.075016 -0.062528 0.159650
v -0.076833 -0.061767 0.159677
v -0.075864 -0.063131 0.158898
v -0.074263 -0.063354 0.159117
v -0.075339 -0.063597 0.158473
v -0.077324 -0.059240 0.160273
v -0.078316 -0.060000 0.160000
v -0.075780 -0.060549 0.160500
v -0.076998 -0.058990 0.160500
v -0.073462 -0.065000 0.155000
v -0.076282 -0.065039 0.024002
v -0.072275 -0.065245 0.154970
v -0.074854 -0.065686 0.024008
v -0.071261 -0.065963 0.154944
v -0.074783 -0.065768 0.023080
v -0.074667 -0.065900 0.022216
v -0.074624 -0.065948 0.022068
v -0.074601 -0.065974 0.022024
v -0.074584 -0.065994 0.022005
v -0.074567 -0.066012 0.022000
v -0.076765 -0.065000 0.024000
v -0.076765 -0.065000 0.024000
v -0.077837 -0.065000 0.024000
v -0.076765 -0.064854 0.023646
v -0.077837 -0.064854 0.023646
v -0.076765 -0.064500 0.023500
v -0.077837 -0.064500 0.023500
v -0.078401 -0.065000 0.023901
v -0.078730 -0.065000 0.023725
v -0.078781 -0.064943 0.023351
v -0.078900 -0.064993 0.023435
v -0.078856 -0.064919 0.023055
v -0.078996 -0.064982 0.023070
v -0.078790 -0.064865 0.023000
v -0.079132 -0.065000 0.023000
v -0.078161 -0.064387 0.023467
v -0.078198 -0.064502 0.023442
v -0.078424 -0.064296 0.023382
v -0.078458 -0.064398 0.023317
v -0.078631 -0.064223 0.023243
v -0.078612 -0.064328 0.023175
v -0.078731 -0.064189 0.023084
v -0.078673 -0.064297 0.023035
v -0.078744 -0.064184 0.023000
v -0.078633 -0.064534 0.023000
v -0.078634 -0.064440 0.023030
v -0.078586 -0.064473 0.023160
v -0.078453 -0.064546 0.023310
v -0.078206 -0.064649 0.023464
v -0.077837 -0.064500 0.023500
v -0.078612 -0.064599 0.023129
v -0.078473 -0.064681 0.023335
v -0.078225 -0.064774 0.023519
v -0.077837 -0.064854 0.023646
v -0.078657 -0.064735 0.023149
v -0.078516 -0.064806 0.023391
v -0.078255 -0.064882 0.023610
v -0.078203 -0.064967 0.023775
v -0.078236 -0.064998 0.023901
v -0.078522 -0.064917 0.023533
v -0.078588 -0.064975 0.023634
v -0.078692 -0.064866 0.023287
v -0.078755 -0.064832 0.023044
v -0.077837 -0.065000 0.024000
v -0.078149 -0.065000 0.023971
v -0.078973 -0.065000 0.023481
v -0.079122 -0.065000 0.023120
v -0.079132 -0.065000 0.023000
v -0.079132 -0.065000 0.018000
v -0.078790 -0.064865 0.023000
v -0.078790 -0.064865 0.018000
v -0.078633 -0.064534 0.023000
v -0.078633 -0.064534 0.018000
v -0.078744 -0.064184 0.023000
v -0.078744 -0.064184 0.018000
v -0.079776 -0.064500 0.017000
v -0.079196 -0.064323 0.017173
v -0.078838 -0.064514 0.017424
v -0.078805 -0.064327 0.017524
v -0.078633 -0.064534 0.018000
v -0.078744 -0.064184 0.018000
v -0.079776 -0.064854 0.017146
v -0.079263 -0.064715 0.017158
v -0.079338 -0.064514 0.017076
v -0.079540 -0.065000 0.017535
v -0.079528 -0.064973 0.017370
v -0.079303 -0.065000 0.017660
v -0.079199 -0.064973 0.017536
v -0.079175 -0.065000 0.017820
v -0.079030 -0.064973 0.017748
v -0.079132 -0.065000 0.018000
v -0.078790 -0.064865 0.018000
v -0.079776 -0.065000 0.017500
v -0.079235 -0.064879 0.017312
v -0.078819 -0.064715 0.017533
v -0.078924 -0.064879 0.017601
v -0.078856 -0.064219 0.017547
v -0.079776 -0.065000 0.017500
v -0.098456 -0.065000 0.017500
v -0.079776 -0.064854 0.017146
v -0.098456 -0.064854 0.017146
v -0.079776 -0.064500 0.017000
v -0.098456 -0.064500 0.017000
v -0.098456 -0.064854 0.017146
v -0.098456 -0.065000 0.017500
v -0.098927 -0.064928 0.017181
v -0.098977 -0.064985 0.017328
v -0.099259 -0.064897 0.016946
v -0.099419 -0.064976 0.017069
v -0.099701 -0.064983 0.016783
v -0.099803 -0.065000 0.016962
v -0.099923 -0.065000 0.016724
v -0.099956 -0.065000 0.016526
v -0.099249 -0.064707 0.016514
v -0.099799 -0.064989 0.016618
v -0.099538 -0.064910 0.016558
v -0.099493 -0.064900 0.016651
v -0.099219 -0.064678 0.016535
v -0.099187 -0.064673 0.016617
v -0.099063 -0.064545 0.016657
v -0.099022 -0.064731 0.016879
v -0.098909 -0.064646 0.016888
v -0.098771 -0.064801 0.017062
v -0.098696 -0.064726 0.017026
v -0.098456 -0.064500 0.017000
v -0.098670 -0.064634 0.016989
v -0.098629 -0.064548 0.016978
v -0.098802 -0.064438 0.016875
v -0.098756 -0.064351 0.016900
v -0.098945 -0.064246 0.016658
v -0.098913 -0.064116 0.016704
v -0.098968 -0.064184 0.016559
v -0.098948 -0.064025 0.016593
v -0.098956 -0.064000 0.016509
v -0.099018 -0.064351 0.016533
v -0.098995 -0.064393 0.016641
v -0.099102 -0.064521 0.016522
v -0.098859 -0.064535 0.016863
v -0.098815 -0.065000 0.017488
v -0.099386 -0.065000 0.017319
v -0.098592 -0.064467 0.016981
v -0.098983 -0.064000 0.014983
v -0.098956 -0.064000 0.016509
v -0.099276 -0.064707 0.014988
v -0.099249 -0.064707 0.016514
v -0.099983 -0.065000 0.015000
v -0.099956 -0.065000 0.016526
v -0.100053 -0.060000 0.010000
v -0.099352 -0.060000 0.010287
v -0.099345 -0.062523 0.011014
v -0.099120 -0.062077 0.011141
v -0.099095 -0.063645 0.012576
v -0.099029 -0.062996 0.012332
v -0.099004 -0.063822 0.013802
v -0.099684 -0.062928 0.011027
v -0.099311 -0.064251 0.012967
v -0.099640 -0.064710 0.013538
v -0.099276 -0.064707 0.014988
v -0.099983 -0.065000 0.015000
v -0.098983 -0.064000 0.014983
v -0.099059 -0.064356 0.014654
v -0.099997 -0.064889 0.013952
v -0.100027 -0.063841 0.011800
v -0.100047 -0.061961 0.010401
v -0.099053 -0.060000 0.010983
v -0.099046 -0.061680 0.011353
v -0.099053 -0.036781 0.010983
v -0.099053 -0.060000 0.010983
v -0.099352 -0.036781 0.010287
v -0.099352 -0.060000 0.010287
v -0.100053 -0.036781 0.010000
v -0.100053 -0.060000 0.010000
v -0.099022 -0.036433 0.010980
v -0.099058 -0.036240 0.010616
v -0.098334 -0.035246 0.010975
v -0.098384 -0.035186 0.010613
v -0.097053 -0.034782 0.010983
v -0.097053 -0.034483 0.010287
v -0.099053 -0.036781 0.010983
v -0.099352 -0.036781 0.010287
v -0.099214 -0.035988 0.010283
v -0.099335 -0.035452 0.010066
v -0.098370 -0.034892 0.010282
v -0.098370 -0.034492 0.010066
v -0.097053 -0.033782 0.010000
v -0.100053 -0.036781 0.010000
v -0.100016 -0.036312 0.010000
v -0.099573 -0.035154 0.010000
v -0.098459 -0.034131 0.010000
v -0.085000 -0.034782 0.010983
v -0.097053 -0.034782 0.010983
v -0.085000 -0.034483 0.010287
v -0.097053 -0.034483 0.010287
v -0.085000 -0.033782 0.010000
v -0.097053 -0.033782 0.010000
v -0.082219 -0.032000 0.010983
v -0.082591 -0.033391 0.010983
v -0.082517 -0.032000 0.010287
v -0.083245 -0.033755 0.010287
v -0.083218 -0.032000 0.010000
v -0.083740 -0.033260 0.010000
v -0.085000 -0.033782 0.010000
v -0.085000 -0.034483 0.010287
v -0.083609 -0.034409 0.010983
v -0.085000 -0.034782 0.010983
v -0.082219 -0.019000 0.010983
v -0.082219 -0.032000 0.010983
v -0.082517 -0.019000 0.010287
v -0.082517 -0.032000 0.010287
v -0.083218 -0.019000 0.010000
v -0.083218 -0.032000 0.010000
v -0.085000 -0.016219 0.010983
v -0.083609 -0.016591 0.010983
v -0.085000 -0.016517 0.010287
v -0.083245 -0.017245 0.010287
v -0.085000 -0.017218 0.010000
v -0.083740 -0.017740 0.010000
v -0.083218 -0.019000 0.010000
v -0.082517 -0.019000 0.010287
v -0.082591 -0.017609 0.010983
v -0.082219 -0.019000 0.010983
v -0.097053 -0.016219 0.010983
v -0.085000 -0.016219 0.010983
v -0.097053 -0.016517 0.010287
v -0.085000 -0.016517 0.010287
v -0.097053 -0.017218 0.010000
v -0.085000 -0.017218 0.010000
v -0.097402 -0.016188 0.010980
v -0.097595 -0.016223 0.010616
v -0.098588 -0.015501 0.010975
v -0.098648 -0.015551 0.010613
v -0.099053 -0.014219 0.010983
v -0.099352 -0.014219 0.010287
v -0.097053 -0.016219 0.010983
v -0.097053 -0.016517 0.010287
v -0.097847 -0.016380 0.010283
v -0.098382 -0.016501 0.010066
v -0.098942 -0.015537 0.010282
v -0.099342 -0.015537 0.010066
v -0.100053 -0.014219 0.010000
v -0.097053 -0.017218 0.010000
v -0.097522 -0.017181 0.010000
v -0.098676 -0.016742 0.010000
v -0.099700 -0.015630 0.010000
v -0.099053 0.014219 0.010983
v -0.099053 -0.014219 0.010983
v -0.099352 0.014219 0.010287
v -0.099352 -0.014219 0.010287
v -0.100053 0.014219 0.010000
v -0.100053 -0.014219 0.010000
v -0.099022 0.014568 0.010980
v -0.099058 0.014760 0.010616
v -0.098334 0.015754 0.010975
v -0.098384 0.015814 0.010613
v -0.097053 0.016219 0.010983
v -0.097053 0.016517 0.010287
v -0.099053 0.014219 0.010983
v -0.099352 0.014219 0.010287
v -0.099214 0.015012 0.010283
v -0.099335 0.015548 0.010066
v -0.098370 0.016108 0.010282
v -0.098370 0.016508 0.010066
v -0.097053 0.017218 0.010000
v -0.100053 0.014219 0.010000
v -0.100016 0.014688 0.010000
v -0.099573 0.015846 0.010000
v -0.098459 0.016869 0.010000
v -0.085000 0.016219 0.010983
v -0.097053 0.016219 0.010983
v -0.085000 0.016517 0.010287
v -0.097053 0.016517 0.010287
v -0.085000 0.017218 0.010000
v -0.097053 0.017218 0.010000
v -0.082219 0.019000 0.010983
v -0.082591 0.017609 0.010983
v -0.082517 0.019000 0.010287
v -0.083245 0.017245 0.010287
v -0.083218 0.019000 0.010000
v -0.083740 0.017740 0.010000
v -0.085000 0.017218 0.010000
v -0.085000 0.016517 0.010287
v -0.083609 0.016591 0.010983
v -0.085000 0.016219 0.010983
v -0.082219 0.032000 0.010983
v -0.082219 0.019000 0.010983
v -0.082517 0.032000 0.010287
v -0.082517 0.019000 0.010287
v -0.083218 0.032000 0.010000
v -0.083218 0.019000 0.010000
v -0.085000 0.034782 0.010983
v -0.083609 0.034409 0.010983
v -0.085000 0.034483 0.010287
v -0.083245 0.033755 0.010287
v -0.085000 0.033782 0.010000
v -0.083740 0.033260 0.010000
v -0.083218 0.032000 0.010000
v -0.082517 0.032000 0.010287
v -0.082591 0.033391 0.010983
v -0.082219 0.032000 0.010983
v -0.097053 0.034782 0.010983
v -0.085000 0.034782 0.010983
v -0.097053 0.034483 0.010287
v -0.085000 0.034483 0.010287
v -0.097053 0.033782 0.010000
v -0.085000 0.033782 0.010000
v -0.097402 0.034812 0.010980
v -0.097595 0.034777 0.010616
v -0.098588 0.035499 0.010975
v -0.098648 0.035449 0.010613
v -0.099053 0.036781 0.010983
v -0.099352 0.036781 0.010287
v -0.097053 0.034782 0.010983
v -0.097053 0.034483 0.010287
v -0.097847 0.034620 0.010283
v -0.098382 0.034499 0.010066
v -0.098942 0.035463 0.010282
v -0.099342 0.035463 0.010066
v -0.100053 0.036781 0.010000
v -0.097053 0.033782 0.010000
v -0.097522 0.033819 0.010000
v -0.098676 0.034258 0.010000
v -0.099700 0.035370 0.010000
v -0.099053 0.060000 0.010983
v -0.099053 0.036781 0.010983
v -0.099352 0.060000 0.010287
v -0.099352 0.036781 0.010287
v -0.100053 0.060000 0.010000
v -0.100053 0.036781 0.010000
v -0.099352 0.060000 0.010287
v -0.100053 0.060000 0.010000
v -0.099350 0.062021 0.010736
v -0.099697 0.061455 0.010284
v -0.099666 0.063966 0.012066
v -0.100038 0.063040 0.011030
v -0.100012 0.064528 0.012879
v -0.098983 0.064000 0.014983
v -0.099089 0.063843 0.012907
v -0.099276 0.064707 0.014988
v -0.099320 0.063974 0.012465
v -0.099012 0.063630 0.013302
v -0.099035 0.062650 0.011987
v -0.099117 0.062408 0.011339
v -0.099050 0.061181 0.011161
v -0.099129 0.060330 0.010628
v -0.099053 0.060000 0.010983
v -0.099983 0.065000 0.015000
v -0.100052 0.060639 0.010041
v -0.098956 0.064000 0.016509
v -0.098983 0.064000 0.014983
v -0.099249 0.064707 0.016514
v -0.099276 0.064707 0.014988
v -0.099956 0.065000 0.016526
v -0.099983 0.065000 0.015000
v -0.099923 0.065000 0.016724
v -0.099758 0.064986 0.016691
v -0.099956 0.065000 0.016526
v -0.099507 0.064902 0.016619
v -0.099249 0.064707 0.016514
v -0.099209 0.064672 0.016557
v -0.098956 0.064000 0.016509
v -0.099086 0.064524 0.016586
v -0.098990 0.064399 0.016653
v -0.098983 0.064602 0.016800
v -0.098858 0.064534 0.016863
v -0.098783 0.064697 0.016983
v -0.098670 0.064633 0.016989
v -0.098541 0.064755 0.017067
v -0.098456 0.064500 0.017000
v -0.098550 0.064834 0.017126
v -0.098456 0.064854 0.017146
v -0.098623 0.064949 0.017276
v -0.098665 0.064992 0.017408
v -0.099054 0.064914 0.017108
v -0.099166 0.064979 0.017236
v -0.099351 0.064890 0.016840
v -0.099563 0.064976 0.016931
v -0.098846 0.064782 0.017021
v -0.098964 0.064196 0.016586
v -0.098912 0.064308 0.016735
v -0.098913 0.064116 0.016704
v -0.098756 0.064351 0.016901
v -0.098592 0.064467 0.016981
v -0.098594 0.064561 0.016989
v -0.098752 0.064478 0.016914
v -0.098456 0.065000 0.017500
v -0.099065 0.065000 0.017443
v -0.099603 0.065000 0.017174
v -0.099871 0.065000 0.016850
v -0.099068 0.064711 0.016821
v -0.098948 0.064025 0.016593
v -0.098456 0.065000 0.017500
v -0.079776 0.065000 0.017500
v -0.098456 0.064854 0.017146
v -0.079776 0.064854 0.017146
v -0.098456 0.064500 0.017000
v -0.079776 0.064500 0.017000
v -0.079776 0.064854 0.017146
v -0.079123 0.064715 0.017234
v -0.079776 0.064500 0.017000
v -0.079097 0.064514 0.017193
v -0.079298 0.064354 0.017114
v -0.079113 0.064327 0.017219
v -0.078928 0.064241 0.017430
v -0.078729 0.064327 0.017668
v -0.078753 0.064187 0.017868
v -0.078744 0.064184 0.018000
v -0.079415 0.065000 0.017586
v -0.079080 0.064973 0.017665
v -0.079340 0.064973 0.017442
v -0.078945 0.064879 0.017569
v -0.079263 0.064879 0.017297
v -0.079238 0.065000 0.017725
v -0.079146 0.065000 0.017896
v -0.078975 0.064973 0.017926
v -0.079132 0.065000 0.018000
v -0.078790 0.064865 0.018000
v -0.078791 0.064715 0.017580
v -0.078811 0.064879 0.017904
v -0.078700 0.064514 0.017657
v -0.079776 0.065000 0.017500
v -0.078633 0.064534 0.018000
v -0.079132 0.065000 0.018000
v -0.079132 0.065000 0.023000
v -0.078790 0.064865 0.018000
v -0.078790 0.064865 0.023000
v -0.078633 0.064534 0.018000
v -0.078633 0.064534 0.023000
v -0.078744 0.064184 0.018000
v -0.078744 0.064184 0.023000
v -0.079132 0.065000 0.023000
v -0.079014 0.065000 0.023417
v -0.078790 0.064865 0.023000
v -0.078951 0.064988 0.023303
v -0.078796 0.064939 0.023316
v -0.078816 0.064997 0.023582
v -0.078579 0.064976 0.023643
v -0.078417 0.065000 0.023895
v -0.078213 0.064998 0.023913
v -0.078015 0.065000 0.023991
v -0.078182 0.064969 0.023786
v -0.077837 0.065000 0.024000
v -0.077837 0.064854 0.023646
v -0.078633 0.064534 0.023000
v -0.078601 0.064464 0.023133
v -0.078744 0.064184 0.023000
v -0.078630 0.064319 0.023148
v -0.078687 0.064204 0.023175
v -0.078607 0.064232 0.023265
v -0.078154 0.064903 0.023667
v -0.078514 0.064918 0.023541
v -0.078458 0.064827 0.023452
v -0.078705 0.064860 0.023257
v -0.078633 0.064751 0.023211
v -0.078515 0.064373 0.023275
v -0.078454 0.064546 0.023309
v -0.078588 0.064617 0.023182
v -0.078416 0.064705 0.023387
v -0.078487 0.064273 0.023350
v -0.078257 0.064480 0.023420
v -0.078189 0.064377 0.023461
v -0.077933 0.064598 0.023506
v -0.077837 0.064500 0.023500
v -0.078130 0.064802 0.023567
v -0.078191 0.064654 0.023470
v -0.078741 0.065000 0.023716
v -0.077837 0.065000 0.024000
v -0.076765 0.065000 0.024000
v -0.077837 0.064854 0.023646
v -0.076765 0.064854 0.023646
v -0.077837 0.064500 0.023500
v -0.076765 0.064500 0.023500
v -0.076765 0.065000 0.024000
v -0.072259 0.065252 0.154969
v -0.075202 0.065439 0.024007
v -0.071261 0.065963 0.154944
v -0.074895 0.065653 0.024008
v -0.074557 0.066003 0.022725
v -0.074763 0.065782 0.023216
v -0.074679 0.065870 0.022904
v -0.073462 0.065000 0.155000
v -0.074567 0.066012 0.022000
v -0.074584 0.065974 0.022737
v -0.074632 0.065920 0.022798
v -0.118000 0.056500 0.085000
v -0.118000 0.057168 0.087057
v -0.118000 0.057168 0.082943
v -0.118000 0.058918 0.088329
v -0.118000 0.058918 0.081671
v -0.118000 0.061082 0.088329
v -0.118000 0.061082 0.081671
v -0.118000 0.062832 0.087057
v -0.118000 0.062832 0.082943
v -0.118000 0.063500 0.085000
v -0.118000 0.056500 0.155000
v -0.118000 0.057168 0.157057
v -0.118000 0.057168 0.152943
v -0.118000 0.058918 0.158329
v -0.118000 0.058918 0.151671
v -0.118000 0.061082 0.158329
v -0.118000 0.061082 0.151671
v -0.118000 0.062832 0.157057
v -0.118000 0.062832 0.152943
v -0.118000 0.063500 0.155000
v -0.073462 0.065000 0.155000
v -0.110000 0.065000 0.155000
v -0.073865 0.064677 0.156767
v -0.110000 0.064330 0.157500
v -0.075125 0.063756 0.158301
v -0.110000 0.062500 0.159330
v -0.075339 0.063597 0.158473
v -0.076463 0.062356 0.159410
v -0.077372 0.060967 0.159906
v -0.110000 0.060000 0.160000
v -0.078316 0.060000 0.160000
v -0.106000 0.019158 0.160000
v -0.088950 0.042677 0.160000
v -0.108300 0.018551 0.160000
v -0.083967 0.051797 0.160000
v -0.078316 0.060000 0.160000
v -0.110000 0.016887 0.160000
v -0.110000 0.060000 0.160000
v -0.095039 0.026478 0.160000
v -0.091727 0.036326 0.160000
v -0.097877 0.019158 0.160000
v -0.097342 0.019269 0.160000
v -0.096919 0.019561 0.160000
v -0.096635 0.019990 0.160000
v -0.096563 0.020225 0.160000
v -0.109000 0.014500 0.160500
v -0.108934 0.015126 0.160500
v -0.110000 0.014500 0.160000
v -0.109616 0.015576 0.160106
v -0.110000 0.015694 0.160000
v -0.109256 0.016444 0.160128
v -0.110000 0.016887 0.160000
v -0.108576 0.016038 0.160500
v -0.110000 -0.014500 0.160000
v -0.109000 -0.014500 0.160500
v -0.110000 0.014500 0.160000
v -0.109000 0.014500 0.160500
v -0.110000 -0.014500 0.160000
v -0.110000 -0.015694 0.160000
v -0.109000 -0.014500 0.160500
v -0.109616 -0.015576 0.160106
v -0.108850 -0.015437 0.160500
v -0.108576 -0.016038 0.160500
v -0.109256 -0.016444 0.160128
v -0.110000 -0.016887 0.160000
v -0.096916 -0.036339 0.160000
v -0.078316 -0.060000 0.160000
v -0.096141 -0.037185 0.160000
v -0.080912 -0.056452 0.160000
v -0.094994 -0.037235 0.160000
v -0.086400 -0.047627 0.160000
v -0.089299 -0.041942 0.160000
v -0.097550 -0.033312 0.160000
v -0.097265 -0.019306 0.160000
v -0.097600 -0.034459 0.160000
v -0.097877 -0.019158 0.160000
v -0.106000 -0.019158 0.160000
v -0.096704 -0.032537 0.160000
v -0.093534 -0.031383 0.160000
v -0.096563 -0.020225 0.160000
v -0.096609 -0.020058 0.160000
v -0.096950 -0.019530 0.160000
v -0.108300 -0.018551 0.160000
v -0.110000 -0.016887 0.160000
v -0.110000 -0.060000 0.160000
v -0.091824 -0.036082 0.160000
v -0.078316 -0.060000 0.160000
v -0.110000 -0.060000 0.160000
v -0.076833 -0.061767 0.159677
v -0.110000 -0.062500 0.159330
v -0.075864 -0.063131 0.158898
v -0.075339 -0.063597 0.158473
v -0.110000 -0.064330 0.157500
v -0.073512 -0.064946 0.155732
v -0.074099 -0.064505 0.157169
v -0.110000 -0.065000 0.155000
v -0.073462 -0.065000 0.155000
v -0.118000 -0.063500 0.155000
v -0.118000 -0.062832 0.157057
v -0.118000 -0.062832 0.152943
v -0.118000 -0.061082 0.158329
v -0.118000 -0.061082 0.151671
v -0.118000 -0.058918 0.158329
v -0.118000 -0.058918 0.151671
v -0.118000 -0.057168 0.157057
v -0.118000 -0.057168 0.152943
v -0.118000 -0.056500 0.155000
v -0.118000 -0.063500 0.085000
v -0.118000 -0.062832 0.087057
v -0.118000 -0.062832 0.082943
v -0.118000 -0.061082 0.088329
v -0.118000 -0.061082 0.081671
v -0.118000 -0.058918 0.088329
v -0.118000 -0.058918 0.081671
v -0.118000 -0.057168 0.087057
v -0.118000 -0.057168 0.082943
v -0.118000 -0.056500 0.085000
v -0.118000 -0.063500 0.015000
v -0.118000 -0.062832 0.017057
v -0.118000 -0.062832 0.012943
v -0.118000 -0.061082 0.018329
v -0.118000 -0.061082 0.011671
v -0.118000 -0.058918 0.018329
v -0.118000 -0.058918 0.011671
v -0.118000 -0.057168 0.017057
v -0.118000 -0.057168 0.012943
v -0.118000 -0.056500 0.015000
v -0.098456 -0.065000 0.017500
v -0.079776 -0.065000 0.017500
v -0.079540 -0.065000 0.017535
v -0.079303 -0.065000 0.017660
v -0.079175 -0.065000 0.017820
v -0.079132 -0.065000 0.018000
v -0.110000 -0.065000 0.017294
v -0.098815 -0.065000 0.017488
v -0.110000 -0.065000 0.015000
v -0.099983 -0.065000 0.015000
v -0.099956 -0.065000 0.016526
v -0.099923 -0.065000 0.016724
v -0.099803 -0.065000 0.016962
v -0.099386 -0.065000 0.017319
v -0.110000 -0.065000 0.091393
v -0.079132 -0.065000 0.023000
v -0.079122 -0.065000 0.023120
v -0.078973 -0.065000 0.023481
v -0.078730 -0.065000 0.023725
v -0.078401 -0.065000 0.023901
v -0.078149 -0.065000 0.023971
v -0.077837 -0.065000 0.024000
v -0.076765 -0.065000 0.024000
v -0.073462 -0.065000 0.155000
v -0.110000 -0.065000 0.155000
v -0.110000 -0.060000 0.010000
v -0.100053 -0.060000 0.010000
v -0.110000 -0.062500 0.010670
v -0.100047 -0.061961 0.010401
v -0.110000 -0.064330 0.012500
v -0.100027 -0.063841 0.011800
v -0.110000 -0.065000 0.015000
v -0.099997 -0.064889 0.013952
v -0.099983 -0.065000 0.015000
v -0.100053 0.014219 0.010000
v -0.100053 0.036781 0.010000
v -0.100016 0.014688 0.010000
v -0.099700 0.035370 0.010000
v -0.099573 0.015846 0.010000
v -0.098459 0.016869 0.010000
v -0.098676 0.034258 0.010000
v -0.097053 0.017218 0.010000
v -0.097522 0.033819 0.010000
v -0.097053 0.033782 0.010000
v -0.085000 0.017218 0.010000
v -0.085000 0.033782 0.010000
v -0.083740 0.017740 0.010000
v -0.083740 0.033260 0.010000
v -0.083218 0.019000 0.010000
v -0.083218 0.032000 0.010000
v -0.100053 -0.036781 0.010000
v -0.100053 -0.014219 0.010000
v -0.100016 -0.036312 0.010000
v -0.099700 -0.015630 0.010000
v -0.099573 -0.035154 0.010000
v -0.098459 -0.034131 0.010000
v -0.098676 -0.016742 0.010000
v -0.097053 -0.033782 0.010000
v -0.097522 -0.017181 0.010000
v -0.097053 -0.017218 0.010000
v -0.085000 -0.033782 0.010000
v -0.085000 -0.017218 0.010000
v -0.083740 -0.033260 0.010000
v -0.083740 -0.017740 0.010000
v -0.083218 -0.032000 0.010000
v -0.083218 -0.019000 0.010000
v -0.110000 -0.060000 0.010000
v -0.110000 0.060000 0.010000
v -0.100053 0.060000 0.010000
v -0.100053 -0.060000 0.010000
v -0.110000 0.065000 0.015000
v -0.099983 0.065000 0.015000
v -0.110000 0.064330 0.012500
v -0.100012 0.064528 0.012879
v -0.110000 0.062500 0.010670
v -0.100038 0.063040 0.011030
v -0.100052 0.060639 0.010041
v -0.100053 0.060000 0.010000
v -0.110000 0.060000 0.010000
v -0.073462 0.065000 0.155000
v -0.076765 0.065000 0.024000
v -0.110000 0.065000 0.155000
v -0.077837 0.065000 0.024000
v -0.110000 0.065000 0.091393
v -0.078015 0.065000 0.023991
v -0.110000 0.065000 0.017294
v -0.078417 0.065000 0.023895
v -0.110000 0.065000 0.015000
v -0.099065 0.065000 0.017443
v -0.099603 0.065000 0.017174
v -0.099871 0.065000 0.016850
v -0.099923 0.065000 0.016724
v -0.098456 0.065000 0.017500
v -0.078741 0.065000 0.023716
v -0.079014 0.065000 0.023417
v -0.079132 0.065000 0.023000
v -0.079132 0.065000 0.018000
v -0.079146 0.065000 0.017896
v -0.079238 0.065000 0.017725
v -0.079415 0.065000 0.017586
v -0.079776 0.065000 0.017500
v -0.099956 0.065000 0.016526
v -0.099983 0.065000 0.015000
v -0.118000 0.056500 0.015000
v -0.118000 0.057168 0.017057
v -0.118000 0.057168 0.012943
v -0.118000 0.058918 0.018329
v -0.118000 0.058918 0.011671
v -0.118000 0.061082 0.018329
v -0.118000 0.061082 0.011671
v -0.118000 0.062832 0.017057
v -0.118000 0.062832 0.012943
v -0.118000 0.063500 0.015000
v -0.110509 0.064991 0.149698
v -0.110509 0.064991 0.154992
v -0.110352 0.064969 0.149698
v -0.110255 0.064927 0.154992
v -0.110098 0.064788 0.149697
v -0.110068 0.064744 0.154992
v -0.110000 0.064491 0.149696
v -0.110000 0.064491 0.154992
v -0.110000 0.065575 0.025516
v -0.110000 0.065000 0.091393
v -0.110000 0.065000 0.017294
v -0.118000 0.056500 0.085000
v -0.114000 0.056500 0.085000
v -0.118000 0.057168 0.087057
v -0.114000 0.057168 0.087057
v -0.118000 0.058918 0.088329
v -0.114000 0.058918 0.088329
v -0.118000 0.061082 0.088329
v -0.114000 0.061082 0.088329
v -0.118000 0.062832 0.087057
v -0.114000 0.062832 0.087057
v -0.118000 0.063500 0.085000
v -0.114000 0.063500 0.085000
v -0.118000 0.063500 0.085000
v -0.114000 0.063500 0.085000
v -0.118000 0.062832 0.082943
v -0.114000 0.062832 0.082943
v -0.118000 0.061082 0.081671
v -0.114000 0.061082 0.081671
v -0.118000 0.058918 0.081671
v -0.114000 0.058918 0.081671
v -0.118000 0.057168 0.082943
v -0.114000 0.057168 0.082943
v -0.118000 0.056500 0.085000
v -0.114000 0.056500 0.085000
v -0.110512 0.062199 0.159477
v -0.110509 0.059992 0.159991
v -0.110325 0.061361 0.159767
v -0.110255 0.059992 0.159927
v -0.110151 0.061749 0.159520
v -0.110068 0.059992 0.159744
v -0.110036 0.062418 0.159001
v -0.110000 0.059992 0.159491
v -0.110000 0.062273 0.158870
v -0.110000 0.063926 0.157175
v -0.110000 0.064491 0.154992
v -0.110036 0.064089 0.157266
v -0.110068 0.064744 0.154992
v -0.110151 0.064019 0.157708
v -0.110255 0.064927 0.154992
v -0.110325 0.063855 0.158116
v -0.110509 0.064991 0.154992
v -0.110512 0.064260 0.157595
v -0.110509 -0.064991 0.154992
v -0.110255 -0.064927 0.154992
v -0.110512 -0.064477 0.157201
v -0.110325 -0.064767 0.156360
v -0.110325 -0.063117 0.158853
v -0.110151 -0.064521 0.156747
v -0.110151 -0.062709 0.159018
v -0.110036 -0.064002 0.157415
v -0.110036 -0.062267 0.159088
v -0.110000 -0.062176 0.158925
v -0.110000 -0.059992 0.159491
v -0.110068 -0.059992 0.159744
v -0.110255 -0.059992 0.159927
v -0.110509 -0.059992 0.159991
v -0.110512 -0.062595 0.159260
v -0.110000 -0.064480 0.155305
v -0.110068 -0.064744 0.154992
v -0.110000 -0.063843 0.157319
v -0.110000 -0.064491 0.154992
v -0.118000 0.056500 0.155000
v -0.114000 0.056500 0.155000
v -0.118000 0.057168 0.157057
v -0.114000 0.057168 0.157057
v -0.118000 0.058918 0.158329
v -0.114000 0.058918 0.158329
v -0.118000 0.061082 0.158329
v -0.114000 0.061082 0.158329
v -0.118000 0.062832 0.157057
v -0.114000 0.062832 0.157057
v -0.118000 0.063500 0.155000
v -0.114000 0.063500 0.155000
v -0.118000 0.063500 0.155000
v -0.114000 0.063500 0.155000
v -0.118000 0.062832 0.152943
v -0.114000 0.062832 0.152943
v -0.118000 0.061082 0.151671
v -0.114000 0.061082 0.151671
v -0.118000 0.058918 0.151671
v -0.114000 0.058918 0.151671
v -0.118000 0.057168 0.152943
v -0.114000 0.057168 0.152943
v -0.118000 0.056500 0.155000
v -0.114000 0.056500 0.155000
v -0.110000 0.065000 0.091393
v -0.110000 0.064491 0.149696
v -0.110000 0.065000 0.155000
v -0.110000 0.064491 0.154992
v -0.110000 0.064330 0.157500
v -0.110000 0.063926 0.157175
v -0.110000 0.062500 0.159330
v -0.110000 0.062273 0.158870
v -0.110000 -0.060000 0.160000
v -0.110000 -0.059992 0.159491
v -0.110000 -0.062500 0.159330
v -0.110000 -0.062176 0.158925
v -0.110000 -0.064330 0.157500
v -0.110000 -0.063843 0.157319
v -0.110000 -0.065000 0.155000
v -0.110000 -0.064480 0.155305
v -0.110000 -0.064491 0.154992
v -0.110000 -0.064491 0.149696
v -0.110000 -0.065000 0.091393
v -0.110000 0.059992 0.159491
v -0.110000 -0.016887 0.160000
v -0.110000 -0.015694 0.160000
v -0.110000 -0.014500 0.160000
v -0.110000 0.014500 0.160000
v -0.110000 0.015694 0.160000
v -0.110000 0.016887 0.160000
v -0.110000 0.060000 0.160000
v -0.110000 -0.065575 0.025516
v -0.110000 -0.065000 0.017294
v -0.110000 -0.065000 0.091393
v -0.110509 -0.064991 0.154992
v -0.110509 -0.064991 0.149699
v -0.110255 -0.064927 0.154992
v -0.110353 -0.064969 0.149699
v -0.110068 -0.064744 0.154992
v -0.110098 -0.064788 0.149698
v -0.110000 -0.064491 0.154992
v -0.110000 -0.064491 0.149696
v -0.118000 -0.063500 0.155000
v -0.114000 -0.063500 0.155000
v -0.118000 -0.062832 0.157057
v -0.114000 -0.062832 0.157057
v -0.118000 -0.061082 0.158329
v -0.114000 -0.061082 0.158329
v -0.118000 -0.058918 0.158329
v -0.114000 -0.058918 0.158329
v -0.118000 -0.057168 0.157057
v -0.114000 -0.057168 0.157057
v -0.118000 -0.056500 0.155000
v -0.114000 -0.056500 0.155000
v -0.118000 -0.056500 0.155000
v -0.114000 -0.056500 0.155000
v -0.118000 -0.057168 0.152943
v -0.114000 -0.057168 0.152943
v -0.118000 -0.058918 0.151671
v -0.114000 -0.058918 0.151671
v -0.118000 -0.061082 0.151671
v -0.114000 -0.061082 0.151671
v -0.118000 -0.062832 0.152943
v -0.114000 -0.062832 0.152943
v -0.118000 -0.063500 0.155000
v -0.114000 -0.063500 0.155000
v -0.118000 -0.063500 0.085000
v -0.114000 -0.063500 0.085000
v -0.118000 -0.062832 0.087057
v -0.114000 -0.062832 0.087057
v -0.118000 -0.061082 0.088329
v -0.114000 -0.061082 0.088329
v -0.118000 -0.058918 0.088329
v -0.114000 -0.058918 0.088329
v -0.118000 -0.057168 0.087057
v -0.114000 -0.057168 0.087057
v -0.118000 -0.056500 0.085000
v -0.114000 -0.056500 0.085000
v -0.118000 -0.056500 0.085000
v -0.114000 -0.056500 0.085000
v -0.118000 -0.057168 0.082943
v -0.114000 -0.057168 0.082943
v -0.118000 -0.058918 0.081671
v -0.114000 -0.058918 0.081671
v -0.118000 -0.061082 0.081671
v -0.114000 -0.061082 0.081671
v -0.118000 -0.062832 0.082943
v -0.114000 -0.062832 0.082943
v -0.118000 -0.063500 0.085000
v -0.114000 -0.063500 0.085000
v -0.118000 -0.063500 0.015000
v -0.114000 -0.063500 0.015000
v -0.118000 -0.062832 0.017057
v -0.114000 -0.062832 0.017057
v -0.118000 -0.061082 0.018329
v -0.114000 -0.061082 0.018329
v -0.118000 -0.058918 0.018329
v -0.114000 -0.058918 0.018329
v -0.118000 -0.057168 0.017057
v -0.114000 -0.057168 0.017057
v -0.118000 -0.056500 0.015000
v -0.114000 -0.056500 0.015000
v -0.118000 -0.056500 0.015000
v -0.114000 -0.056500 0.015000
v -0.118000 -0.057168 0.012943
v -0.114000 -0.057168 0.012943
v -0.118000 -0.058918 0.011671
v -0.114000 -0.058918 0.011671
v -0.118000 -0.061082 0.011671
v -0.114000 -0.061082 0.011671
v -0.118000 -0.062832 0.012943
v -0.114000 -0.062832 0.012943
v -0.118000 -0.063500 0.015000
v -0.114000 -0.063500 0.015000
v -0.110000 -0.060330 0.010509
v -0.110000 -0.060000 0.010000
v -0.110000 -0.062543 0.011091
v -0.110000 -0.062500 0.010670
v -0.110000 -0.064134 0.012605
v -0.110000 -0.064330 0.012500
v -0.110000 -0.064818 0.014694
v -0.110000 -0.065000 0.015000
v -0.110000 -0.065000 0.017294
v -0.110000 0.062500 0.010670
v -0.110000 0.062463 0.011046
v -0.110000 0.064330 0.012500
v -0.110000 0.064085 0.012529
v -0.110000 0.065000 0.015000
v -0.110000 0.064818 0.014694
v -0.110000 0.065000 0.017294
v -0.110000 0.060330 0.010509
v -0.110000 0.060000 0.010000
v -0.110512 -0.062793 0.010658
v -0.110509 -0.060330 0.010009
v -0.110325 -0.061192 0.010116
v -0.110255 -0.060330 0.010073
v -0.110151 -0.061979 0.010440
v -0.110068 -0.060330 0.010256
v -0.110036 -0.062635 0.010928
v -0.110000 -0.060330 0.010509
v -0.110000 -0.062543 0.011091
v -0.110000 -0.064134 0.012605
v -0.110000 -0.064818 0.014694
v -0.110036 -0.064292 0.012506
v -0.110068 -0.065070 0.014677
v -0.110151 -0.064210 0.012086
v -0.110255 -0.065253 0.014664
v -0.110325 -0.064039 0.011704
v -0.110509 -0.065317 0.014659
v -0.110512 -0.064281 0.011945
v -0.110000 0.062463 0.011046
v -0.110000 0.060330 0.010509
v -0.110036 0.062551 0.010882
v -0.110068 0.060330 0.010256
v -0.110151 0.062976 0.010935
v -0.110255 0.060330 0.010073
v -0.110325 0.063369 0.011079
v -0.110509 0.060330 0.010009
v -0.110511 0.062485 0.010497
v -0.110068 0.065070 0.014677
v -0.110000 0.064818 0.014694
v -0.110036 0.064240 0.012426
v -0.110000 0.064085 0.012529
v -0.110509 0.065263 0.014197
v -0.110509 0.065317 0.014659
v -0.110325 0.065150 0.013807
v -0.110255 0.065253 0.014664
v -0.110151 0.064773 0.013045
v -0.110512 0.064171 0.011809
v -0.118000 0.056500 0.015000
v -0.114000 0.056500 0.015000
v -0.118000 0.057168 0.017057
v -0.114000 0.057168 0.017057
v -0.118000 0.058918 0.018329
v -0.114000 0.058918 0.018329
v -0.118000 0.061082 0.018329
v -0.114000 0.061082 0.018329
v -0.118000 0.062832 0.017057
v -0.114000 0.062832 0.017057
v -0.118000 0.063500 0.015000
v -0.114000 0.063500 0.015000
v -0.118000 0.063500 0.015000
v -0.114000 0.063500 0.015000
v -0.118000 0.062832 0.012943
v -0.114000 0.062832 0.012943
v -0.118000 0.061082 0.011671
v -0.114000 0.061082 0.011671
v -0.118000 0.058918 0.011671
v -0.114000 0.058918 0.011671
v -0.118000 0.057168 0.012943
v -0.114000 0.057168 0.012943
v -0.118000 0.056500 0.015000
v -0.114000 0.056500 0.015000
v -0.110509 0.065317 0.014659
v -0.110509 0.066075 0.025500
v -0.110255 0.065253 0.014664
v -0.110255 0.066011 0.025502
v -0.110068 0.065070 0.014677
v -0.110069 0.065828 0.025508
v -0.110000 0.065000 0.017294
v -0.110000 0.065575 0.025516
v -0.110000 0.064818 0.014694
v -0.114000 0.064930 0.149698
v -0.114000 0.064930 0.154931
v -0.110509 0.064991 0.149698
v -0.110509 0.064991 0.154992
v -0.110509 0.066075 0.025500
v -0.110509 0.064991 0.149698
v -0.110255 0.066011 0.025502
v -0.110352 0.064969 0.149698
v -0.110069 0.065828 0.025508
v -0.110098 0.064788 0.149697
v -0.110000 0.065000 0.091393
v -0.110000 0.064491 0.149696
v -0.110000 0.065575 0.025516
v -0.114000 0.057397 0.079594
v -0.114000 0.055309 0.081259
v -0.114000 0.060000 0.079000
v -0.114000 0.058918 0.081671
v -0.114000 0.065547 0.079000
v -0.114000 0.061082 0.081671
v -0.114000 0.055309 0.088741
v -0.114000 0.058918 0.088329
v -0.114000 0.054150 0.086335
v -0.114000 0.057168 0.087057
v -0.114000 0.054150 0.083665
v -0.114000 0.056500 0.085000
v -0.114000 0.057168 0.082943
v -0.114000 0.060000 0.091000
v -0.114000 0.065442 0.091000
v -0.114000 0.062832 0.087057
v -0.114000 0.061082 0.088329
v -0.114000 0.057397 0.090406
v -0.114000 0.062832 0.082943
v -0.114000 0.063500 0.085000
v -0.114000 0.064930 0.154931
v -0.114000 0.064716 0.156377
v -0.110512 0.064260 0.157595
v -0.114000 0.064093 0.157700
v -0.110512 0.062199 0.159477
v -0.114000 0.063114 0.158786
v -0.114000 0.061861 0.159542
v -0.110509 0.064991 0.154992
v -0.114000 0.059931 0.159930
v -0.110509 0.059992 0.159991
v -0.110509 0.059992 0.159991
v -0.110509 -0.059992 0.159991
v -0.110255 0.059992 0.159927
v -0.110255 -0.059992 0.159927
v -0.110068 0.059992 0.159744
v -0.110068 -0.059992 0.159744
v -0.110000 0.059992 0.159491
v -0.110000 -0.059992 0.159491
v -0.114000 -0.064930 0.154931
v -0.110509 -0.064991 0.154992
v -0.114000 -0.064459 0.157050
v -0.110512 -0.064477 0.157201
v -0.114000 -0.063652 0.158270
v -0.110512 -0.062595 0.159260
v -0.114000 -0.062526 0.159204
v -0.114000 -0.059931 0.159930
v -0.110509 -0.059992 0.159991
v -0.114000 0.054457 0.152704
v -0.114000 0.057168 0.152943
v -0.114000 0.055757 0.150757
v -0.114000 0.058918 0.151671
v -0.114000 0.060000 0.149000
v -0.114000 0.061082 0.151671
v -0.114000 0.058918 0.158329
v -0.114000 0.059931 0.159930
v -0.114000 0.061082 0.158329
v -0.114000 0.061861 0.159542
v -0.114000 0.063114 0.158786
v -0.114000 0.064716 0.156377
v -0.114000 0.062832 0.157057
v -0.114000 0.064093 0.157700
v -0.114000 0.063500 0.155000
v -0.114000 0.064930 0.154931
v -0.114000 0.064930 0.149698
v -0.114000 0.062832 0.152943
v -0.114000 0.054000 0.155000
v -0.114000 0.054000 0.159930
v -0.114000 0.057168 0.157057
v -0.114000 0.056500 0.155000
v -0.114000 0.064936 0.149000
v -0.114000 0.057704 0.149457
v -0.110509 -0.066075 0.025500
v -0.110509 -0.065317 0.014659
v -0.110255 -0.066011 0.025502
v -0.110255 -0.065253 0.014664
v -0.110069 -0.065828 0.025508
v -0.110068 -0.065070 0.014677
v -0.110000 -0.065000 0.017294
v -0.110000 -0.064818 0.014694
v -0.110000 -0.065575 0.025516
v -0.110509 -0.064991 0.149699
v -0.110509 -0.066075 0.025500
v -0.110353 -0.064969 0.149699
v -0.110255 -0.066011 0.025502
v -0.110098 -0.064788 0.149698
v -0.110069 -0.065828 0.025508
v -0.110000 -0.064491 0.149696
v -0.110000 -0.065000 0.091393
v -0.110000 -0.065575 0.025516
v -0.114000 -0.064930 0.154931
v -0.114000 -0.064930 0.149698
v -0.110509 -0.064991 0.154992
v -0.110509 -0.064991 0.149699
v -0.114000 -0.059931 0.159930
v -0.114000 -0.058918 0.158329
v -0.114000 -0.062526 0.159204
v -0.114000 -0.061082 0.158329
v -0.114000 -0.063652 0.158270
v -0.114000 -0.055757 0.150757
v -0.114000 -0.058918 0.151671
v -0.114000 -0.054457 0.152704
v -0.114000 -0.057168 0.152943
v -0.114000 -0.064459 0.157050
v -0.114000 -0.062832 0.157057
v -0.114000 -0.064930 0.154931
v -0.114000 -0.063500 0.155000
v -0.114000 -0.064930 0.149698
v -0.114000 -0.062832 0.152943
v -0.114000 -0.061082 0.151671
v -0.114000 -0.054000 0.155000
v -0.114000 -0.056500 0.155000
v -0.114000 -0.057168 0.157057
v -0.114000 -0.054000 0.159930
v -0.114000 -0.060000 0.149000
v -0.114000 -0.064936 0.149000
v -0.114000 -0.057704 0.149457
v -0.114000 -0.057704 0.090543
v -0.114000 -0.055757 0.089243
v -0.114000 -0.060000 0.091000
v -0.114000 -0.058918 0.088329
v -0.114000 -0.065442 0.091000
v -0.114000 -0.061082 0.088329
v -0.114000 -0.062832 0.087057
v -0.114000 -0.055757 0.080757
v -0.114000 -0.058918 0.081671
v -0.114000 -0.054457 0.082704
v -0.114000 -0.057168 0.082943
v -0.114000 -0.054000 0.085000
v -0.114000 -0.056500 0.085000
v -0.114000 -0.054457 0.087296
v -0.114000 -0.057168 0.087057
v -0.114000 -0.060000 0.079000
v -0.114000 -0.065547 0.079000
v -0.114000 -0.061082 0.081671
v -0.114000 -0.057704 0.079457
v -0.114000 -0.063500 0.085000
v -0.114000 -0.062832 0.082943
v -0.160500 -0.030828 0.043700
v -0.169700 -0.030828 0.043700
v -0.160500 -0.033700 0.044200
v -0.169700 -0.033700 0.044200
v -0.160500 -0.036572 0.043700
v -0.169700 -0.036572 0.043700
v -0.169700 -0.041500 0.032322
v -0.169700 -0.041500 0.039078
v -0.169700 -0.039515 0.029500
v -0.169700 -0.039515 0.041900
v -0.169700 -0.036572 0.027700
v -0.169700 -0.036572 0.043700
v -0.169700 -0.033700 0.027200
v -0.169700 -0.033700 0.044200
v -0.169700 -0.030828 0.027700
v -0.169700 -0.030828 0.043700
v -0.169700 -0.027885 0.029500
v -0.169700 -0.027885 0.041900
v -0.169700 -0.025900 0.032322
v -0.169700 -0.025900 0.039078
v -0.169700 -0.025200 0.035700
v -0.169700 -0.042200 0.035700
v -0.160500 -0.036572 0.027700
v -0.169700 -0.036572 0.027700
v -0.160500 -0.033700 0.027200
v -0.169700 -0.033700 0.027200
v -0.160500 -0.030828 0.027700
v -0.169700 -0.030828 0.027700
v -0.162500 -0.012050 0.024000
v -0.162500 -0.011525 0.025616
v -0.162500 -0.011525 0.022384
v -0.162500 -0.010150 0.026615
v -0.162500 -0.010150 0.021385
v -0.162500 -0.008450 0.026615
v -0.162500 -0.008450 0.021385
v -0.162500 -0.007075 0.025616
v -0.162500 -0.007075 0.022384
v -0.162500 -0.006550 0.024000
v -0.162500 0.031950 0.024000
v -0.162500 0.032475 0.025616
v -0.162500 0.032475 0.022384
v -0.162500 0.033850 0.026615
v -0.162500 0.033850 0.021385
v -0.162500 0.035550 0.026615
v -0.162500 0.035550 0.021385
v -0.162500 0.036925 0.025616
v -0.162500 0.036925 0.022384
v -0.162500 0.037450 0.024000
v -0.162500 -0.012050 0.053000
v -0.162500 -0.011525 0.054616
v -0.162500 -0.011525 0.051384
v -0.162500 -0.010150 0.055615
v -0.162500 -0.010150 0.050385
v -0.162500 -0.008450 0.055615
v -0.162500 -0.008450 0.050385
v -0.162500 -0.007075 0.054616
v -0.162500 -0.007075 0.051384
v -0.162500 -0.006550 0.053000
v -0.162500 0.031950 0.053000
v -0.162500 0.032475 0.054616
v -0.162500 0.032475 0.051384
v -0.162500 0.033850 0.055615
v -0.162500 0.033850 0.050385
v -0.162500 0.035550 0.055615
v -0.162500 0.035550 0.050385
v -0.162500 0.036925 0.054616
v -0.162500 0.036925 0.051384
v -0.162500 0.037450 0.053000
v -0.171000 -0.038608 0.076000
v -0.171000 -0.043515 0.084500
v -0.171000 -0.028793 0.076000
v -0.171000 -0.023885 0.084500
v -0.171000 -0.038608 0.093000
v -0.171000 -0.028793 0.093000
v -0.171000 -0.038608 0.099000
v -0.171000 -0.043515 0.107500
v -0.171000 -0.028793 0.099000
v -0.171000 -0.023885 0.107500
v -0.171000 -0.038608 0.116000
v -0.171000 -0.028793 0.116000
v -0.172600 -0.041543 0.059222
v -0.172600 -0.041543 0.062378
v -0.172600 -0.040322 0.056312
v -0.172600 -0.040322 0.065288
v -0.172600 -0.038072 0.054100
v -0.172600 -0.038072 0.067500
v -0.172600 -0.029329 0.054100
v -0.172600 -0.029329 0.067500
v -0.172600 -0.027078 0.056312
v -0.172600 -0.027078 0.065288
v -0.172600 -0.025857 0.059222
v -0.172600 -0.025857 0.062378
v -0.114000 -0.061877 0.010334
v -0.114000 -0.063179 0.011001
v -0.114000 -0.060273 0.010070
v -0.114000 -0.061082 0.011671
v -0.114000 -0.054000 0.010070
v -0.114000 -0.058918 0.011671
v -0.114000 -0.057704 0.020543
v -0.114000 -0.055757 0.019243
v -0.114000 -0.060000 0.021000
v -0.114000 -0.058918 0.018329
v -0.114000 -0.065699 0.021000
v -0.114000 -0.061082 0.018329
v -0.114000 -0.062832 0.017057
v -0.114000 -0.054000 0.015000
v -0.114000 -0.056500 0.015000
v -0.114000 -0.054457 0.017296
v -0.114000 -0.057168 0.017057
v -0.114000 -0.065260 0.014720
v -0.114000 -0.063500 0.015000
v -0.114000 -0.064946 0.013292
v -0.114000 -0.062832 0.012943
v -0.114000 -0.064232 0.012016
v -0.114000 -0.057168 0.012943
v -0.114000 -0.065260 0.014720
v -0.114000 -0.064946 0.013292
v -0.110512 -0.064281 0.011945
v -0.114000 -0.064232 0.012016
v -0.110512 -0.062793 0.010658
v -0.114000 -0.063179 0.011001
v -0.110509 -0.060330 0.010009
v -0.114000 -0.061877 0.010334
v -0.114000 -0.060273 0.010070
v -0.110509 -0.065317 0.014659
v -0.110509 -0.060330 0.010009
v -0.110509 0.060330 0.010009
v -0.110255 -0.060330 0.010073
v -0.110255 0.060330 0.010073
v -0.110068 -0.060330 0.010256
v -0.110068 0.060330 0.010256
v -0.110000 -0.060330 0.010509
v -0.110000 0.060330 0.010509
v -0.114000 0.065260 0.014720
v -0.110509 0.065317 0.014659
v -0.114000 0.064636 0.012628
v -0.110509 0.065263 0.014197
v -0.114000 0.063743 0.011470
v -0.110512 0.064171 0.011809
v -0.114000 0.062553 0.010620
v -0.110511 0.062485 0.010497
v -0.114000 0.060273 0.010070
v -0.110509 0.060330 0.010009
v -0.114000 0.063743 0.011470
v -0.114000 0.062553 0.010620
v -0.114000 0.061082 0.011671
v -0.114000 0.060273 0.010070
v -0.114000 0.058918 0.011671
v -0.114000 0.054000 0.010070
v -0.114000 0.057168 0.012943
v -0.114000 0.064636 0.012628
v -0.114000 0.062832 0.012943
v -0.114000 0.065260 0.014720
v -0.114000 0.063500 0.015000
v -0.114000 0.065699 0.021000
v -0.114000 0.062832 0.017057
v -0.114000 0.061082 0.018329
v -0.114000 0.055757 0.019243
v -0.114000 0.058918 0.018329
v -0.114000 0.054457 0.017296
v -0.114000 0.057168 0.017057
v -0.114000 0.054000 0.015000
v -0.114000 0.056500 0.015000
v -0.114000 0.060000 0.021000
v -0.114000 0.057704 0.020543
v -0.138349 0.058314 0.078800
v -0.143418 0.056696 0.079387
v -0.114000 0.057397 0.079594
v -0.146964 0.055564 0.080146
v -0.114000 0.055309 0.081259
v -0.149965 0.054607 0.081147
v -0.152335 0.053850 0.082419
v -0.147159 0.055502 0.089801
v -0.143014 0.056825 0.090679
v -0.114000 0.055309 0.088741
v -0.138405 0.058296 0.091196
v -0.114000 0.057397 0.090406
v -0.133065 0.060000 0.091333
v -0.114000 0.060000 0.091000
v -0.114000 0.054150 0.083665
v -0.153727 0.053406 0.083850
v -0.114000 0.054150 0.086335
v -0.153125 0.053598 0.086918
v -0.149870 0.054637 0.088892
v -0.151991 0.053960 0.087814
v -0.114000 0.060000 0.079000
v -0.133065 0.060000 0.078667
v -0.153822 0.053376 0.085972
v -0.154057 0.053301 0.085000
v -0.114000 0.060000 0.091000
v -0.133065 0.060000 0.091333
v -0.114000 0.065442 0.091000
v -0.116127 0.065405 0.091037
v -0.117802 0.064870 0.148934
v -0.133065 0.060000 0.148667
v -0.114000 0.064936 0.149000
v -0.114000 0.060000 0.149000
v -0.114000 0.054000 0.010070
v -0.154057 0.053301 0.010769
v -0.114000 0.054000 0.015000
v -0.154057 0.053301 0.015000
v -0.149965 0.054607 0.018853
v -0.143418 0.056696 0.020613
v -0.114000 0.055757 0.019243
v -0.138349 0.058314 0.021200
v -0.114000 0.057704 0.020543
v -0.133065 0.060000 0.021333
v -0.114000 0.060000 0.021000
v -0.114000 0.054457 0.017296
v -0.114000 0.054000 0.015000
v -0.152335 0.053850 0.017580
v -0.146964 0.055564 0.019854
v -0.154057 0.053301 0.015000
v -0.153727 0.053406 0.016150
v -0.114000 0.060000 0.021000
v -0.133065 0.060000 0.021333
v -0.114000 0.065699 0.021000
v -0.115270 0.065678 0.021022
v -0.114000 0.065260 0.014720
v -0.114000 0.065699 0.021000
v -0.110509 0.065317 0.014659
v -0.110509 0.066075 0.025500
v -0.115270 0.065678 0.021022
v -0.114232 0.066010 0.025502
v -0.117802 0.064870 0.148934
v -0.114000 0.064936 0.149000
v -0.116127 0.065405 0.091037
v -0.114000 0.065442 0.091000
v -0.115778 0.065516 0.078969
v -0.114000 0.065547 0.079000
v -0.114232 0.066010 0.025502
v -0.110509 0.066075 0.025500
v -0.110509 0.064991 0.149698
v -0.114000 0.064930 0.149698
v -0.115778 0.065516 0.078969
v -0.133065 0.060000 0.078667
v -0.114000 0.065547 0.079000
v -0.114000 0.060000 0.079000
v -0.114000 0.054000 0.155000
v -0.128643 0.053744 0.155000
v -0.114000 0.054000 0.159930
v -0.114215 0.053996 0.159926
v -0.114215 0.053996 0.159926
v -0.114215 -0.053996 0.159926
v -0.114000 0.054000 0.159930
v -0.114000 -0.054000 0.159930
v -0.110509 -0.059992 0.159991
v -0.110509 0.059992 0.159991
v -0.114000 0.059931 0.159930
v -0.114000 -0.059931 0.159930
v -0.114215 -0.053996 0.159926
v -0.128643 -0.053744 0.155000
v -0.114000 -0.054000 0.159930
v -0.114000 -0.054000 0.155000
v -0.139546 0.057932 0.148895
v -0.144506 0.056349 0.149583
v -0.114000 0.057704 0.149457
v -0.141013 0.055097 0.150776
v -0.114000 0.055757 0.150757
v -0.136749 0.054233 0.152232
v -0.114000 0.054457 0.152704
v -0.128643 0.053744 0.155000
v -0.114000 0.054000 0.155000
v -0.114000 0.060000 0.149000
v -0.133065 0.060000 0.148667
v -0.114000 -0.060000 0.079000
v -0.133065 -0.060000 0.078667
v -0.114000 -0.065547 0.079000
v -0.115778 -0.065516 0.078969
v -0.110509 -0.065317 0.014659
v -0.110509 -0.066075 0.025500
v -0.114000 -0.065260 0.014720
v -0.114000 -0.065699 0.021000
v -0.114232 -0.066010 0.025502
v -0.115270 -0.065678 0.021022
v -0.115270 -0.065678 0.021022
v -0.133065 -0.060000 0.021333
v -0.114000 -0.065699 0.021000
v -0.114000 -0.060000 0.021000
v -0.138391 -0.058300 0.021197
v -0.143495 -0.056671 0.020600
v -0.114000 -0.057704 0.020543
v -0.147403 -0.055424 0.019733
v -0.114000 -0.055757 0.019243
v -0.150603 -0.054403 0.018571
v -0.152264 -0.053873 0.017631
v -0.114000 -0.054000 0.015000
v -0.114000 -0.054457 0.017296
v -0.153409 -0.053508 0.016605
v -0.153989 -0.053323 0.015526
v -0.154057 -0.053301 0.015000
v -0.114000 -0.060000 0.021000
v -0.133065 -0.060000 0.021333
v -0.114000 -0.054000 0.015000
v -0.154057 -0.053301 0.015000
v -0.114000 -0.054000 0.010070
v -0.154057 -0.053301 0.010769
v -0.141013 -0.055097 0.150776
v -0.144506 -0.056349 0.149583
v -0.114000 -0.055757 0.150757
v -0.139546 -0.057932 0.148895
v -0.114000 -0.057704 0.149457
v -0.133065 -0.060000 0.148667
v -0.114000 -0.060000 0.149000
v -0.114000 -0.054457 0.152704
v -0.132973 -0.053844 0.153521
v -0.137170 -0.054296 0.152088
v -0.114000 -0.054000 0.155000
v -0.128643 -0.053744 0.155000
v -0.114000 -0.060000 0.149000
v -0.133065 -0.060000 0.148667
v -0.114000 -0.064936 0.149000
v -0.117802 -0.064870 0.148934
v -0.116127 -0.065405 0.091037
v -0.114000 -0.065442 0.091000
v -0.117802 -0.064870 0.148934
v -0.114000 -0.064936 0.149000
v -0.110509 -0.066075 0.025500
v -0.110509 -0.064991 0.149699
v -0.114000 -0.064930 0.149698
v -0.114000 -0.065547 0.079000
v -0.114232 -0.066010 0.025502
v -0.115778 -0.065516 0.078969
v -0.116127 -0.065405 0.091037
v -0.133065 -0.060000 0.091333
v -0.114000 -0.065442 0.091000
v -0.114000 -0.060000 0.091000
v -0.137842 -0.058475 0.091232
v -0.142473 -0.056998 0.090762
v -0.114000 -0.057704 0.090543
v -0.146221 -0.055801 0.090044
v -0.114000 -0.055757 0.089243
v -0.149436 -0.054776 0.089064
v -0.151989 -0.053961 0.087815
v -0.153572 -0.053456 0.086393
v -0.154057 -0.053301 0.085000
v -0.114000 -0.054000 0.085000
v -0.114000 -0.054457 0.087296
v -0.114000 -0.060000 0.091000
v -0.133065 -0.060000 0.091333
v -0.152512 -0.053794 0.082550
v -0.147738 -0.055317 0.080365
v -0.114000 -0.054457 0.082704
v -0.143771 -0.056584 0.079447
v -0.114000 -0.055757 0.080757
v -0.139308 -0.058008 0.078874
v -0.114000 -0.057704 0.079457
v -0.133065 -0.060000 0.078667
v -0.114000 -0.060000 0.079000
v -0.114000 -0.054000 0.085000
v -0.154057 -0.053301 0.085000
v -0.153665 -0.053426 0.083747
v -0.150472 -0.054445 0.081369
v -0.160500 -0.036572 0.043700
v -0.169700 -0.036572 0.043700
v -0.160500 -0.039515 0.041900
v -0.169700 -0.039515 0.041900
v -0.160500 -0.041500 0.039078
v -0.169700 -0.041500 0.039078
v -0.160500 -0.042200 0.035700
v -0.169700 -0.042200 0.035700
v -0.160500 -0.041500 0.032322
v -0.169700 -0.041500 0.032322
v -0.160500 -0.039515 0.029500
v -0.169700 -0.039515 0.029500
v -0.160500 -0.036572 0.027700
v -0.169700 -0.036572 0.027700
v -0.160500 -0.030828 0.027700
v -0.169700 -0.030828 0.027700
v -0.160500 -0.027885 0.029500
v -0.169700 -0.027885 0.029500
v -0.160500 -0.025900 0.032322
v -0.169700 -0.025900 0.032322
v -0.160500 -0.025200 0.035700
v -0.169700 -0.025200 0.035700
v -0.160500 -0.025900 0.039078
v -0.169700 -0.025900 0.039078
v -0.160500 -0.027885 0.041900
v -0.169700 -0.027885 0.041900
v -0.160500 -0.030828 0.043700
v -0.169700 -0.030828 0.043700
v -0.162500 -0.006550 0.024000
v -0.159500 -0.006550 0.024000
v -0.162500 -0.007075 0.022384
v -0.159500 -0.007075 0.022384
v -0.162500 -0.008450 0.021385
v -0.159500 -0.008450 0.021385
v -0.162500 -0.010150 0.021385
v -0.159500 -0.010150 0.021385
v -0.162500 -0.011525 0.022384
v -0.159500 -0.011525 0.022384
v -0.162500 -0.012050 0.024000
v -0.159500 -0.012050 0.024000
v -0.162500 -0.012050 0.024000
v -0.159500 -0.012050 0.024000
v -0.162500 -0.011525 0.025616
v -0.159500 -0.011525 0.025616
v -0.162500 -0.010150 0.026615
v -0.159500 -0.010150 0.026615
v -0.162500 -0.008450 0.026615
v -0.159500 -0.008450 0.026615
v -0.162500 -0.007075 0.025616
v -0.159500 -0.007075 0.025616
v -0.162500 -0.006550 0.024000
v -0.159500 -0.006550 0.024000
v -0.162500 0.037450 0.024000
v -0.159500 0.037450 0.024000
v -0.162500 0.036925 0.022384
v -0.159500 0.036925 0.022384
v -0.162500 0.035550 0.021385
v -0.159500 0.035550 0.021385
v -0.162500 0.033850 0.021385
v -0.159500 0.033850 0.021385
v -0.162500 0.032475 0.022384
v -0.159500 0.032475 0.022384
v -0.162500 0.031950 0.024000
v -0.159500 0.031950 0.024000
v -0.162500 0.031950 0.024000
v -0.159500 0.031950 0.024000
v -0.162500 0.032475 0.025616
v -0.159500 0.032475 0.025616
v -0.162500 0.033850 0.026615
v -0.159500 0.033850 0.026615
v -0.162500 0.035550 0.026615
v -0.159500 0.035550 0.026615
v -0.162500 0.036925 0.025616
v -0.159500 0.036925 0.025616
v -0.162500 0.037450 0.024000
v -0.159500 0.037450 0.024000
v -0.162500 -0.006550 0.053000
v -0.159500 -0.006550 0.053000
v -0.162500 -0.007075 0.051384
v -0.159500 -0.007075 0.051384
v -0.162500 -0.008450 0.050385
v -0.159500 -0.008450 0.050385
v -0.162500 -0.010150 0.050385
v -0.159500 -0.010150 0.050385
v -0.162500 -0.011525 0.051384
v -0.159500 -0.011525 0.051384
v -0.162500 -0.012050 0.053000
v -0.159500 -0.012050 0.053000
v -0.162500 -0.012050 0.053000
v -0.159500 -0.012050 0.053000
v -0.162500 -0.011525 0.054616
v -0.159500 -0.011525 0.054616
v -0.162500 -0.010150 0.055615
v -0.159500 -0.010150 0.055615
v -0.162500 -0.008450 0.055615
v -0.159500 -0.008450 0.055615
v -0.162500 -0.007075 0.054616
v -0.159500 -0.007075 0.054616
v -0.162500 -0.006550 0.053000
v -0.159500 -0.006550 0.053000
v -0.162500 0.037450 0.053000
v -0.159500 0.037450 0.053000
v -0.162500 0.036925 0.051384
v -0.159500 0.036925 0.051384
v -0.162500 0.035550 0.050385
v -0.159500 0.035550 0.050385
v -0.162500 0.033850 0.050385
v -0.159500 0.033850 0.050385
v -0.162500 0.032475 0.051384
v -0.159500 0.032475 0.051384
v -0.162500 0.031950 0.053000
v -0.159500 0.031950 0.053000
v -0.162500 0.031950 0.053000
v -0.159500 0.031950 0.053000
v -0.162500 0.032475 0.054616
v -0.159500 0.032475 0.054616
v -0.162500 0.033850 0.055615
v -0.159500 0.033850 0.055615
v -0.162500 0.035550 0.055615
v -0.159500 0.035550 0.055615
v -0.162500 0.036925 0.054616
v -0.159500 0.036925 0.054616
v -0.162500 0.037450 0.053000
v -0.159500 0.037450 0.053000
v -0.171000 -0.028793 0.093000
v -0.171000 -0.038608 0.093000
v -0.160000 -0.028793 0.093000
v -0.160000 -0.038608 0.093000
v -0.171000 -0.038608 0.093000
v -0.171000 -0.043515 0.084500
v -0.160000 -0.038608 0.093000
v -0.160000 -0.043515 0.084500
v -0.171000 -0.043515 0.084500
v -0.171000 -0.038608 0.076000
v -0.160000 -0.043515 0.084500
v -0.160000 -0.038608 0.076000
v -0.171000 -0.038608 0.076000
v -0.171000 -0.028793 0.076000
v -0.160000 -0.038608 0.076000
v -0.160000 -0.028793 0.076000
v -0.171000 -0.028793 0.076000
v -0.171000 -0.023885 0.084500
v -0.160000 -0.028793 0.076000
v -0.160000 -0.023885 0.084500
v -0.171000 -0.023885 0.084500
v -0.171000 -0.028793 0.093000
v -0.160000 -0.023885 0.084500
v -0.160000 -0.028793 0.093000
v -0.171000 -0.028793 0.116000
v -0.171000 -0.038608 0.116000
v -0.160000 -0.028793 0.116000
v -0.160000 -0.038608 0.116000
v -0.171000 -0.038608 0.116000
v -0.171000 -0.043515 0.107500
v -0.160000 -0.038608 0.116000
v -0.160000 -0.043515 0.107500
v -0.171000 -0.043515 0.107500
v -0.171000 -0.038608 0.099000
v -0.160000 -0.043515 0.107500
v -0.160000 -0.038608 0.099000
v -0.171000 -0.038608 0.099000
v -0.171000 -0.028793 0.099000
v -0.160000 -0.038608 0.099000
v -0.160000 -0.028793 0.099000
v -0.171000 -0.028793 0.099000
v -0.171000 -0.023885 0.107500
v -0.160000 -0.028793 0.099000
v -0.160000 -0.023885 0.107500
v -0.171000 -0.023885 0.107500
v -0.171000 -0.028793 0.116000
v -0.160000 -0.023885 0.107500
v -0.160000 -0.028793 0.116000
v -0.161000 -0.029329 0.054100
v -0.172600 -0.029329 0.054100
v -0.161000 -0.027078 0.056312
v -0.172600 -0.027078 0.056312
v -0.161000 -0.025857 0.059222
v -0.172600 -0.025857 0.059222
v -0.161000 -0.025857 0.062378
v -0.172600 -0.025857 0.062378
v -0.161000 -0.027078 0.065288
v -0.172600 -0.027078 0.065288
v -0.161000 -0.029329 0.067500
v -0.172600 -0.029329 0.067500
v -0.161000 -0.038072 0.067500
v -0.161000 -0.029845 0.067500
v -0.172600 -0.038072 0.067500
v -0.161000 -0.029329 0.067500
v -0.172600 -0.029329 0.067500
v -0.161000 -0.038072 0.067500
v -0.172600 -0.038072 0.067500
v -0.161000 -0.040047 0.065670
v -0.172600 -0.040322 0.065288
v -0.161000 -0.041466 0.062723
v -0.172600 -0.041543 0.062378
v -0.161000 -0.041586 0.059454
v -0.172600 -0.041543 0.059222
v -0.161000 -0.040388 0.056410
v -0.172600 -0.040322 0.056312
v -0.161000 -0.038072 0.054100
v -0.172600 -0.038072 0.054100
v -0.161000 -0.038072 0.054100
v -0.172600 -0.038072 0.054100
v -0.161000 -0.029329 0.054100
v -0.172600 -0.029329 0.054100
v -0.110509 0.060330 0.010009
v -0.110509 -0.060330 0.010009
v -0.114000 -0.060273 0.010070
v -0.114000 -0.054000 0.010070
v -0.114000 0.054000 0.010070
v -0.114000 0.060273 0.010070
v -0.154057 0.053301 0.010769
v -0.154057 -0.053301 0.010769
v -0.155000 -0.053000 0.010786
v -0.155000 -0.049786 0.010786
v -0.155000 0.049786 0.010786
v -0.155000 0.053000 0.010786
v -0.133065 0.060000 0.078667
v -0.115778 0.065516 0.078969
v -0.114232 0.066010 0.025502
v -0.138349 0.058314 0.021200
v -0.143418 0.056696 0.020613
v -0.146964 0.055564 0.019854
v -0.149965 0.054607 0.018853
v -0.152335 0.053850 0.017580
v -0.153727 0.053406 0.016150
v -0.138349 0.058314 0.078800
v -0.116127 0.065405 0.091037
v -0.133065 0.060000 0.091333
v -0.155000 0.053000 0.146000
v -0.133065 0.060000 0.148667
v -0.117802 0.064870 0.148934
v -0.154057 0.053301 0.015000
v -0.154057 0.053301 0.085000
v -0.153727 0.053406 0.083850
v -0.152335 0.053850 0.082419
v -0.149965 0.054607 0.081147
v -0.146964 0.055564 0.080146
v -0.143418 0.056696 0.079387
v -0.138405 0.058296 0.091196
v -0.143014 0.056825 0.090679
v -0.147159 0.055502 0.089801
v -0.149870 0.054637 0.088892
v -0.151991 0.053960 0.087814
v -0.153125 0.053598 0.086918
v -0.153822 0.053376 0.085972
v -0.155000 0.053000 0.010786
v -0.133065 0.060000 0.021333
v -0.115270 0.065678 0.021022
v -0.154057 0.053301 0.010769
v -0.139546 0.057932 0.148895
v -0.144506 0.056349 0.149583
v -0.114215 -0.053996 0.159926
v -0.114215 0.053996 0.159926
v -0.128643 -0.053744 0.155000
v -0.128643 0.053744 0.155000
v -0.132973 -0.053844 0.153521
v -0.136749 0.054233 0.152232
v -0.137170 -0.054296 0.152088
v -0.141013 -0.055097 0.150776
v -0.141013 0.055097 0.150776
v -0.144506 -0.056349 0.149583
v -0.144506 0.056349 0.149583
v -0.155000 -0.053000 0.146000
v -0.155000 0.053000 0.146000
v -0.154057 -0.053301 0.015000
v -0.153989 -0.053323 0.015526
v -0.147738 -0.055317 0.080365
v -0.150472 -0.054445 0.081369
v -0.152512 -0.053794 0.082550
v -0.153665 -0.053426 0.083747
v -0.154057 -0.053301 0.085000
v -0.155000 -0.053000 0.010786
v -0.154057 -0.053301 0.010769
v -0.133065 -0.060000 0.021333
v -0.114232 -0.066010 0.025502
v -0.138391 -0.058300 0.021197
v -0.115270 -0.065678 0.021022
v -0.133065 -0.060000 0.078667
v -0.153409 -0.053508 0.016605
v -0.152264 -0.053873 0.017631
v -0.150603 -0.054403 0.018571
v -0.147403 -0.055424 0.019733
v -0.143495 -0.056671 0.020600
v -0.138391 -0.058300 0.021197
v -0.114232 -0.066010 0.025502
v -0.115778 -0.065516 0.078969
v -0.155000 -0.053000 0.146000
v -0.155000 -0.053000 0.010786
v -0.154057 -0.053301 0.015000
v -0.154057 -0.053301 0.085000
v -0.153572 -0.053456 0.086393
v -0.151989 -0.053961 0.087815
v -0.149436 -0.054776 0.089064
v -0.146221 -0.055801 0.090044
v -0.142473 -0.056998 0.090762
v -0.137842 -0.058475 0.091232
v -0.133065 -0.060000 0.091333
v -0.116127 -0.065405 0.091037
v -0.117802 -0.064870 0.148934
v -0.133065 -0.060000 0.148667
v -0.139546 -0.057932 0.148895
v -0.144506 -0.056349 0.149583
v -0.153989 -0.053323 0.015526
v -0.139308 -0.058008 0.078874
v -0.143771 -0.056584 0.079447
v -0.147738 -0.055317 0.080365
v -0.160500 -0.022153 0.035700
v -0.160500 -0.027927 0.025700
v -0.160500 -0.025900 0.032322
v -0.160500 -0.025200 0.035700
v -0.160500 -0.025900 0.039078
v -0.160500 -0.027885 0.041900
v -0.160500 -0.045247 0.035700
v -0.160500 -0.039515 0.041900
v -0.160500 -0.041500 0.039078
v -0.160500 -0.042200 0.035700
v -0.160500 -0.041500 0.032322
v -0.160500 -0.039474 0.025700
v -0.160500 -0.039474 0.045700
v -0.160500 -0.027927 0.045700
v -0.160500 -0.033700 0.044200
v -0.160500 -0.036572 0.043700
v -0.160500 -0.039515 0.029500
v -0.160500 -0.036572 0.027700
v -0.160500 -0.033700 0.027200
v -0.160500 -0.030828 0.043700
v -0.160500 -0.030828 0.027700
v -0.160500 -0.027885 0.029500
v -0.162000 -0.050000 0.139500
v -0.162000 -0.049332 0.141557
v -0.162000 -0.049332 0.137443
v -0.162000 -0.047582 0.142829
v -0.162000 -0.047582 0.136171
v -0.162000 -0.045418 0.142829
v -0.162000 -0.045418 0.136171
v -0.162000 -0.043668 0.141557
v -0.162000 -0.043668 0.137443
v -0.162000 -0.043000 0.139500
v -0.162000 0.043000 0.016500
v -0.162000 0.043668 0.018557
v -0.162000 0.043668 0.014443
v -0.162000 0.045418 0.019829
v -0.162000 0.045418 0.013171
v -0.162000 0.047582 0.019829
v -0.162000 0.047582 0.013171
v -0.162000 0.049332 0.018557
v -0.162000 0.049332 0.014443
v -0.162000 0.050000 0.016500
v -0.162000 -0.050000 0.016500
v -0.162000 -0.049332 0.018557
v -0.162000 -0.049332 0.014443
v -0.162000 -0.047582 0.019829
v -0.162000 -0.047582 0.013171
v -0.162000 -0.045418 0.019829
v -0.162000 -0.045418 0.013171
v -0.162000 -0.043668 0.018557
v -0.162000 -0.043668 0.014443
v -0.162000 -0.043000 0.016500
v -0.159500 -0.006550 0.024000
v -0.159500 -0.007075 0.025616
v -0.159500 -0.006257 0.024989
v -0.159500 -0.006257 0.023011
v -0.159500 -0.007075 0.022384
v -0.159500 -0.012050 0.024000
v -0.159500 -0.011525 0.022384
v -0.159500 -0.012343 0.023011
v -0.159500 -0.012343 0.024989
v -0.159500 -0.011525 0.025616
v -0.159500 -0.009300 0.027200
v -0.159500 -0.007419 0.026589
v -0.159500 -0.008450 0.026615
v -0.159500 -0.010150 0.026615
v -0.159500 -0.011181 0.026589
v -0.159500 -0.009300 0.020800
v -0.159500 -0.011181 0.021411
v -0.159500 -0.010150 0.021385
v -0.159500 -0.008450 0.021385
v -0.159500 -0.007419 0.021411
v -0.159500 0.037450 0.024000
v -0.159500 0.036925 0.025616
v -0.159500 0.037743 0.024989
v -0.159500 0.037743 0.023011
v -0.159500 0.036925 0.022384
v -0.159500 0.031950 0.024000
v -0.159500 0.032475 0.022384
v -0.159500 0.031657 0.023011
v -0.159500 0.031657 0.024989
v -0.159500 0.032475 0.025616
v -0.159500 0.034700 0.027200
v -0.159500 0.036581 0.026589
v -0.159500 0.035550 0.026615
v -0.159500 0.033850 0.026615
v -0.159500 0.032819 0.026589
v -0.159500 0.034700 0.020800
v -0.159500 0.032819 0.021411
v -0.159500 0.033850 0.021385
v -0.159500 0.035550 0.021385
v -0.159500 0.036581 0.021411
v -0.159500 -0.006550 0.053000
v -0.159500 -0.007075 0.054616
v -0.159500 -0.006257 0.053989
v -0.159500 -0.006257 0.052011
v -0.159500 -0.007075 0.051384
v -0.159500 -0.012050 0.053000
v -0.159500 -0.011525 0.051384
v -0.159500 -0.012343 0.052011
v -0.159500 -0.012343 0.053989
v -0.159500 -0.011525 0.054616
v -0.159500 -0.009300 0.056200
v -0.159500 -0.007419 0.055589
v -0.159500 -0.008450 0.055615
v -0.159500 -0.010150 0.055615
v -0.159500 -0.011181 0.055589
v -0.159500 -0.009300 0.049800
v -0.159500 -0.011181 0.050411
v -0.159500 -0.010150 0.050385
v -0.159500 -0.008450 0.050385
v -0.159500 -0.007419 0.050411
v -0.159500 0.037450 0.053000
v -0.159500 0.036925 0.054616
v -0.159500 0.037743 0.053989
v -0.159500 0.037743 0.052011
v -0.159500 0.036925 0.051384
v -0.159500 0.031950 0.053000
v -0.159500 0.032475 0.051384
v -0.159500 0.031657 0.052011
v -0.159500 0.031657 0.053989
v -0.159500 0.032475 0.054616
v -0.159500 0.034700 0.056200
v -0.159500 0.036581 0.055589
v -0.159500 0.035550 0.055615
v -0.159500 0.033850 0.055615
v -0.159500 0.032819 0.055589
v -0.159500 0.034700 0.049800
v -0.159500 0.032819 0.050411
v -0.159500 0.033850 0.050385
v -0.159500 0.035550 0.050385
v -0.159500 0.036581 0.050411
v -0.160000 -0.038608 0.093000
v -0.160000 -0.040449 0.092544
v -0.160000 -0.037291 0.094367
v -0.160000 -0.042793 0.089750
v -0.160000 -0.043515 0.084500
v -0.160000 -0.044041 0.086323
v -0.160000 -0.042793 0.079250
v -0.160000 -0.044041 0.082677
v -0.160000 -0.037291 0.074633
v -0.160000 -0.040449 0.076457
v -0.160000 -0.038608 0.076000
v -0.160000 -0.028793 0.076000
v -0.160000 -0.023885 0.084500
v -0.160000 -0.024607 0.079250
v -0.160000 -0.026951 0.076457
v -0.160000 -0.030109 0.074633
v -0.160000 -0.033700 0.074000
v -0.160000 -0.028793 0.093000
v -0.160000 -0.026951 0.092544
v -0.160000 -0.024607 0.089750
v -0.160000 -0.023360 0.086323
v -0.160000 -0.023360 0.082677
v -0.160000 -0.033700 0.095000
v -0.160000 -0.030109 0.094367
v -0.160000 -0.038608 0.116000
v -0.160000 -0.040449 0.115543
v -0.160000 -0.037291 0.117367
v -0.160000 -0.042793 0.112750
v -0.160000 -0.043515 0.107500
v -0.160000 -0.044041 0.109323
v -0.160000 -0.042793 0.102250
v -0.160000 -0.044041 0.105677
v -0.160000 -0.037291 0.097633
v -0.160000 -0.040449 0.099457
v -0.160000 -0.038608 0.099000
v -0.160000 -0.028793 0.099000
v -0.160000 -0.023885 0.107500
v -0.160000 -0.024607 0.102250
v -0.160000 -0.026951 0.099457
v -0.160000 -0.030109 0.097633
v -0.160000 -0.033700 0.097000
v -0.160000 -0.028793 0.116000
v -0.160000 -0.026951 0.115543
v -0.160000 -0.024607 0.112750
v -0.160000 -0.023360 0.109323
v -0.160000 -0.023360 0.105677
v -0.160000 -0.033700 0.118000
v -0.160000 -0.030109 0.117367
v -0.161000 -0.039185 0.070300
v -0.161000 -0.028215 0.070300
v -0.161000 -0.029845 0.067500
v -0.161000 -0.038072 0.067500
v -0.161000 -0.040047 0.065670
v -0.161000 -0.044670 0.060800
v -0.161000 -0.022730 0.060800
v -0.161000 -0.028215 0.051300
v -0.161000 -0.027078 0.056312
v -0.161000 -0.025857 0.059222
v -0.161000 -0.025857 0.062378
v -0.161000 -0.027078 0.065288
v -0.161000 -0.039185 0.051300
v -0.161000 -0.041586 0.059454
v -0.161000 -0.040388 0.056410
v -0.161000 -0.038072 0.054100
v -0.161000 -0.029329 0.054100
v -0.161000 -0.029329 0.067500
v -0.161000 -0.041466 0.062723
v -0.162000 0.043000 0.139500
v -0.162000 0.043668 0.141557
v -0.162000 0.043668 0.137443
v -0.162000 0.045418 0.142829
v -0.162000 0.045418 0.136171
v -0.162000 0.047582 0.142829
v -0.162000 0.047582 0.136171
v -0.162000 0.049332 0.141557
v -0.162000 0.049332 0.137443
v -0.162000 0.050000 0.139500
v -0.155000 0.049786 0.010786
v -0.155000 -0.049786 0.010786
v -0.155000 0.049500 0.010500
v -0.155000 -0.049500 0.010500
v -0.155000 0.052500 0.142500
v -0.155000 0.053000 0.146000
v -0.155000 0.052500 0.013500
v -0.155000 0.053000 0.010786
v -0.155000 0.049786 0.010786
v -0.155000 -0.053000 0.146000
v -0.155000 0.049500 0.145500
v -0.155000 -0.049500 0.145500
v -0.155000 -0.052500 0.142500
v -0.155000 -0.053000 0.010786
v -0.155000 -0.052500 0.013500
v -0.155000 -0.049786 0.010786
v -0.182540 -0.017300 0.101500
v -0.184550 -0.017300 0.101500
v -0.182540 -0.013950 0.101500
v -0.184550 -0.013950 0.101500
v -0.180684 -0.017300 0.106600
v -0.182540 -0.017300 0.101500
v -0.180684 -0.013950 0.106600
v -0.182540 -0.013950 0.101500
v -0.178920 -0.017300 0.106600
v -0.180684 -0.017300 0.106600
v -0.178920 -0.013950 0.106600
v -0.180684 -0.013950 0.106600
v -0.158000 -0.027927 0.045700
v -0.160500 -0.027927 0.045700
v -0.158000 -0.039474 0.045700
v -0.160500 -0.039474 0.045700
v -0.158000 -0.022153 0.035700
v -0.160500 -0.022153 0.035700
v -0.158000 -0.027927 0.045700
v -0.160500 -0.027927 0.045700
v -0.158000 -0.027927 0.025700
v -0.160500 -0.027927 0.025700
v -0.158000 -0.022153 0.035700
v -0.160500 -0.022153 0.035700
v -0.158000 -0.039474 0.025700
v -0.160500 -0.039474 0.025700
v -0.158000 -0.027927 0.025700
v -0.160500 -0.027927 0.025700
v -0.158000 -0.045247 0.035700
v -0.160500 -0.045247 0.035700
v -0.158000 -0.039474 0.025700
v -0.160500 -0.039474 0.025700
v -0.158000 -0.039474 0.045700
v -0.160500 -0.039474 0.045700
v -0.158000 -0.045247 0.035700
v -0.160500 -0.045247 0.035700
v -0.162000 -0.043000 0.139500
v -0.158000 -0.043000 0.139500
v -0.162000 -0.043668 0.137443
v -0.158000 -0.043668 0.137443
v -0.162000 -0.045418 0.136171
v -0.158000 -0.045418 0.136171
v -0.162000 -0.047582 0.136171
v -0.158000 -0.047582 0.136171
v -0.162000 -0.049332 0.137443
v -0.158000 -0.049332 0.137443
v -0.162000 -0.050000 0.139500
v -0.158000 -0.050000 0.139500
v -0.162000 -0.050000 0.139500
v -0.158000 -0.050000 0.139500
v -0.162000 -0.049332 0.141557
v -0.158000 -0.049332 0.141557
v -0.162000 -0.047582 0.142829
v -0.158000 -0.047582 0.142829
v -0.162000 -0.045418 0.142829
v -0.158000 -0.045418 0.142829
v -0.162000 -0.043668 0.141557
v -0.158000 -0.043668 0.141557
v -0.162000 -0.043000 0.139500
v -0.158000 -0.043000 0.139500
v -0.162000 0.050000 0.016500
v -0.158000 0.050000 0.016500
v -0.162000 0.049332 0.014443
v -0.158000 0.049332 0.014443
v -0.162000 0.047582 0.013171
v -0.158000 0.047582 0.013171
v -0.162000 0.045418 0.013171
v -0.158000 0.045418 0.013171
v -0.162000 0.043668 0.014443
v -0.158000 0.043668 0.014443
v -0.162000 0.043000 0.016500
v -0.158000 0.043000 0.016500
v -0.162000 0.043000 0.016500
v -0.158000 0.043000 0.016500
v -0.162000 0.043668 0.018557
v -0.158000 0.043668 0.018557
v -0.162000 0.045418 0.019829
v -0.158000 0.045418 0.019829
v -0.162000 0.047582 0.019829
v -0.158000 0.047582 0.019829
v -0.162000 0.049332 0.018557
v -0.158000 0.049332 0.018557
v -0.162000 0.050000 0.016500
v -0.158000 0.050000 0.016500
v -0.162000 -0.043000 0.016500
v -0.158000 -0.043000 0.016500
v -0.162000 -0.043668 0.014443
v -0.158000 -0.043668 0.014443
v -0.162000 -0.045418 0.013171
v -0.158000 -0.045418 0.013171
v -0.162000 -0.047582 0.013171
v -0.158000 -0.047582 0.013171
v -0.162000 -0.049332 0.014443
v -0.158000 -0.049332 0.014443
v -0.162000 -0.050000 0.016500
v -0.158000 -0.050000 0.016500
v -0.162000 -0.050000 0.016500
v -0.158000 -0.050000 0.016500
v -0.162000 -0.049332 0.018557
v -0.158000 -0.049332 0.018557
v -0.162000 -0.047582 0.019829
v -0.158000 -0.047582 0.019829
v -0.162000 -0.045418 0.019829
v -0.158000 -0.045418 0.019829
v -0.162000 -0.043668 0.018557
v -0.158000 -0.043668 0.018557
v -0.162000 -0.043000 0.016500
v -0.158000 -0.043000 0.016500
v -0.158000 -0.009300 0.027200
v -0.159500 -0.009300 0.027200
v -0.158000 -0.011181 0.026589
v -0.159500 -0.011181 0.026589
v -0.158000 -0.012343 0.024989
v -0.159500 -0.012343 0.024989
v -0.158000 -0.012343 0.023011
v -0.159500 -0.012343 0.023011
v -0.158000 -0.011181 0.021411
v -0.159500 -0.011181 0.021411
v -0.158000 -0.009300 0.020800
v -0.159500 -0.009300 0.020800
v -0.158000 -0.009300 0.020800
v -0.159500 -0.009300 0.020800
v -0.158000 -0.007419 0.021411
v -0.159500 -0.007419 0.021411
v -0.158000 -0.006257 0.023011
v -0.159500 -0.006257 0.023011
v -0.158000 -0.006257 0.024989
v -0.159500 -0.006257 0.024989
v -0.158000 -0.007419 0.026589
v -0.159500 -0.007419 0.026589
v -0.158000 -0.009300 0.027200
v -0.159500 -0.009300 0.027200
v -0.158000 0.034700 0.027200
v -0.159500 0.034700 0.027200
v -0.158000 0.032819 0.026589
v -0.159500 0.032819 0.026589
v -0.158000 0.031657 0.024989
v -0.159500 0.031657 0.024989
v -0.158000 0.031657 0.023011
v -0.159500 0.031657 0.023011
v -0.158000 0.032819 0.021411
v -0.159500 0.032819 0.021411
v -0.158000 0.034700 0.020800
v -0.159500 0.034700 0.020800
v -0.158000 0.034700 0.020800
v -0.159500 0.034700 0.020800
v -0.158000 0.036581 0.021411
v -0.159500 0.036581 0.021411
v -0.158000 0.037743 0.023011
v -0.159500 0.037743 0.023011
v -0.158000 0.037743 0.024989
v -0.159500 0.037743 0.024989
v -0.158000 0.036581 0.026589
v -0.159500 0.036581 0.026589
v -0.158000 0.034700 0.027200
v -0.159500 0.034700 0.027200
v -0.158000 -0.009300 0.056200
v -0.159500 -0.009300 0.056200
v -0.158000 -0.011181 0.055589
v -0.159500 -0.011181 0.055589
v -0.158000 -0.012343 0.053989
v -0.159500 -0.012343 0.053989
v -0.158000 -0.012343 0.052011
v -0.159500 -0.012343 0.052011
v -0.158000 -0.011181 0.050411
v -0.159500 -0.011181 0.050411
v -0.158000 -0.009300 0.049800
v -0.159500 -0.009300 0.049800
v -0.158000 -0.009300 0.049800
v -0.159500 -0.009300 0.049800
v -0.158000 -0.007419 0.050411
v -0.159500 -0.007419 0.050411
v -0.158000 -0.006257 0.052011
v -0.159500 -0.006257 0.052011
v -0.158000 -0.006257 0.053989
v -0.159500 -0.006257 0.053989
v -0.158000 -0.007419 0.055589
v -0.159500 -0.007419 0.055589
v -0.158000 -0.009300 0.056200
v -0.159500 -0.009300 0.056200
v -0.158000 0.034700 0.056200
v -0.159500 0.034700 0.056200
v -0.158000 0.032819 0.055589
v -0.159500 0.032819 0.055589
v -0.158000 0.031657 0.053989
v -0.159500 0.031657 0.053989
v -0.158000 0.031657 0.052011
v -0.159500 0.031657 0.052011
v -0.158000 0.032819 0.050411
v -0.159500 0.032819 0.050411
v -0.158000 0.034700 0.049800
v -0.159500 0.034700 0.049800
v -0.158000 0.034700 0.049800
v -0.159500 0.034700 0.049800
v -0.158000 0.036581 0.050411
v -0.159500 0.036581 0.050411
v -0.158000 0.037743 0.052011
v -0.159500 0.037743 0.052011
v -0.158000 0.037743 0.053989
v -0.159500 0.037743 0.053989
v -0.158000 0.036581 0.055589
v -0.159500 0.036581 0.055589
v -0.158000 0.034700 0.056200
v -0.159500 0.034700 0.056200
v -0.160000 -0.033700 0.074000
v -0.158000 -0.033700 0.074000
v -0.160000 -0.037291 0.074633
v -0.158000 -0.037291 0.074633
v -0.160000 -0.040449 0.076457
v -0.158000 -0.040449 0.076457
v -0.160000 -0.042793 0.079250
v -0.158000 -0.042793 0.079250
v -0.160000 -0.044041 0.082677
v -0.158000 -0.044041 0.082677
v -0.160000 -0.044041 0.086323
v -0.158000 -0.044041 0.086323
v -0.160000 -0.042793 0.089750
v -0.158000 -0.042793 0.089750
v -0.160000 -0.040449 0.092544
v -0.158000 -0.040449 0.092544
v -0.160000 -0.037291 0.094367
v -0.158000 -0.037291 0.094367
v -0.160000 -0.033700 0.095000
v -0.158000 -0.033700 0.095000
v -0.160000 -0.033700 0.095000
v -0.158000 -0.033700 0.095000
v -0.160000 -0.030109 0.094367
v -0.158000 -0.030109 0.094367
v -0.160000 -0.026951 0.092544
v -0.158000 -0.026951 0.092544
v -0.160000 -0.024607 0.089750
v -0.158000 -0.024607 0.089750
v -0.160000 -0.023360 0.086323
v -0.158000 -0.023360 0.086323
v -0.160000 -0.023360 0.082677
v -0.158000 -0.023360 0.082677
v -0.160000 -0.024607 0.079250
v -0.158000 -0.024607 0.079250
v -0.160000 -0.026951 0.076457
v -0.158000 -0.026951 0.076457
v -0.160000 -0.030109 0.074633
v -0.158000 -0.030109 0.074633
v -0.160000 -0.033700 0.074000
v -0.158000 -0.033700 0.074000
v -0.160000 -0.033700 0.097000
v -0.158000 -0.033700 0.097000
v -0.160000 -0.037291 0.097633
v -0.158000 -0.037291 0.097633
v -0.160000 -0.040449 0.099457
v -0.158000 -0.040449 0.099457
v -0.160000 -0.042793 0.102250
v -0.158000 -0.042793 0.102250
v -0.160000 -0.044041 0.105677
v -0.158000 -0.044041 0.105677
v -0.160000 -0.044041 0.109323
v -0.158000 -0.044041 0.109323
v -0.160000 -0.042793 0.112750
v -0.158000 -0.042793 0.112750
v -0.160000 -0.040449 0.115543
v -0.158000 -0.040449 0.115543
v -0.160000 -0.037291 0.117367
v -0.158000 -0.037291 0.117367
v -0.160000 -0.033700 0.118000
v -0.158000 -0.033700 0.118000
v -0.160000 -0.033700 0.118000
v -0.158000 -0.033700 0.118000
v -0.160000 -0.030109 0.117367
v -0.158000 -0.030109 0.117367
v -0.160000 -0.026951 0.115543
v -0.158000 -0.026951 0.115543
v -0.160000 -0.024607 0.112750
v -0.158000 -0.024607 0.112750
v -0.160000 -0.023360 0.109323
v -0.158000 -0.023360 0.109323
v -0.160000 -0.023360 0.105677
v -0.158000 -0.023360 0.105677
v -0.160000 -0.024607 0.102250
v -0.158000 -0.024607 0.102250
v -0.160000 -0.026951 0.099457
v -0.158000 -0.026951 0.099457
v -0.160000 -0.030109 0.097633
v -0.158000 -0.030109 0.097633
v -0.160000 -0.033700 0.097000
v -0.158000 -0.033700 0.097000
v -0.161000 -0.039185 0.070300
v -0.161000 -0.044670 0.060800
v -0.158000 -0.039185 0.070300
v -0.158000 -0.044670 0.060800
v -0.161000 -0.028215 0.070300
v -0.161000 -0.039185 0.070300
v -0.158000 -0.028215 0.070300
v -0.158000 -0.039185 0.070300
v -0.161000 -0.022730 0.060800
v -0.161000 -0.028215 0.070300
v -0.158000 -0.022730 0.060800
v -0.158000 -0.028215 0.070300
v -0.161000 -0.028215 0.051300
v -0.161000 -0.022730 0.060800
v -0.158000 -0.028215 0.051300
v -0.158000 -0.022730 0.060800
v -0.161000 -0.039185 0.051300
v -0.161000 -0.028215 0.051300
v -0.158000 -0.039185 0.051300
v -0.158000 -0.028215 0.051300
v -0.161000 -0.044670 0.060800
v -0.161000 -0.039185 0.051300
v -0.158000 -0.044670 0.060800
v -0.158000 -0.039185 0.051300
v -0.162000 0.043000 0.139500
v -0.158000 0.043000 0.139500
v -0.162000 0.043668 0.141557
v -0.158000 0.043668 0.141557
v -0.162000 0.045418 0.142829
v -0.158000 0.045418 0.142829
v -0.162000 0.047582 0.142829
v -0.158000 0.047582 0.142829
v -0.162000 0.049332 0.141557
v -0.158000 0.049332 0.141557
v -0.162000 0.050000 0.139500
v -0.158000 0.050000 0.139500
v -0.162000 0.050000 0.139500
v -0.158000 0.050000 0.139500
v -0.162000 0.049332 0.137443
v -0.158000 0.049332 0.137443
v -0.162000 0.047582 0.136171
v -0.158000 0.047582 0.136171
v -0.162000 0.045418 0.136171
v -0.158000 0.045418 0.136171
v -0.162000 0.043668 0.137443
v -0.158000 0.043668 0.137443
v -0.162000 0.043000 0.139500
v -0.158000 0.043000 0.139500
v -0.155000 -0.049500 0.145500
v -0.155000 0.049500 0.145500
v -0.158000 -0.049500 0.145500
v -0.158000 0.049500 0.145500
v -0.158000 -0.049500 0.145500
v -0.158000 -0.052500 0.142500
v -0.155000 -0.049500 0.145500
v -0.155000 -0.052500 0.142500
v -0.155000 -0.052500 0.013500
v -0.155000 -0.052500 0.142500
v -0.158000 -0.052500 0.013500
v -0.158000 -0.052500 0.142500
v -0.158000 -0.049500 0.010500
v -0.155000 -0.049500 0.010500
v -0.158000 -0.052500 0.013500
v -0.155000 -0.049786 0.010786
v -0.155000 -0.052500 0.013500
v -0.155000 0.049500 0.010500
v -0.155000 -0.049500 0.010500
v -0.158000 0.049500 0.010500
v -0.158000 -0.049500 0.010500
v -0.158000 0.052500 0.013500
v -0.155000 0.052500 0.013500
v -0.158000 0.049500 0.010500
v -0.155000 0.049786 0.010786
v -0.155000 0.049500 0.010500
v -0.155000 0.052500 0.142500
v -0.155000 0.052500 0.013500
v -0.158000 0.052500 0.142500
v -0.158000 0.052500 0.013500
v -0.158000 0.052500 0.142500
v -0.158000 0.049500 0.145500
v -0.155000 0.052500 0.142500
v -0.155000 0.049500 0.145500
v -0.184550 -0.017300 0.101500
v -0.185650 -0.017300 0.104522
v -0.184550 -0.013950 0.101500
v -0.185650 -0.013950 0.104522
v -0.185650 -0.013950 0.104522
v -0.185650 -0.013950 0.103500
v -0.184550 -0.013950 0.101500
v -0.185248 -0.013950 0.102000
v -0.184150 -0.013950 0.100902
v -0.182540 -0.013950 0.101500
v -0.182650 -0.013950 0.100500
v -0.180684 -0.013950 0.106600
v -0.176700 -0.013950 0.100500
v -0.178920 -0.013950 0.106600
v -0.176700 -0.017300 0.100500
v -0.178920 -0.017300 0.106600
v -0.176700 -0.013950 0.100500
v -0.178920 -0.013950 0.106600
v -0.176700 -0.017300 0.100500
v -0.178380 -0.017300 0.108500
v -0.178920 -0.017300 0.106600
v -0.180400 -0.017300 0.112000
v -0.180684 -0.017300 0.106600
v -0.173650 -0.017300 0.108500
v -0.173650 -0.017300 0.100500
v -0.181350 -0.017300 0.112000
v -0.185650 -0.017300 0.108500
v -0.185650 -0.017300 0.104522
v -0.184550 -0.017300 0.101500
v -0.182540 -0.017300 0.101500
v -0.164150 0.045164 0.064500
v -0.164150 0.045700 0.062500
v -0.164150 0.045029 0.063582
v -0.164150 0.045164 0.060500
v -0.164150 0.045029 0.061418
v -0.164150 0.043700 0.059036
v -0.164150 0.043757 0.059668
v -0.164150 0.041700 0.058500
v -0.164150 0.041700 0.059000
v -0.164150 0.039700 0.059036
v -0.164150 0.039643 0.059668
v -0.164150 0.038236 0.060500
v -0.164150 0.038371 0.061418
v -0.164150 0.041700 0.066000
v -0.164150 0.039643 0.065332
v -0.164150 0.039700 0.065964
v -0.164150 0.041700 0.066500
v -0.164150 0.043700 0.065964
v -0.164150 0.043757 0.065332
v -0.164150 0.037700 0.062500
v -0.164150 0.038236 0.064500
v -0.164150 0.038371 0.063582
v -0.164150 0.045164 0.130500
v -0.164150 0.045700 0.128500
v -0.164150 0.045029 0.129582
v -0.164150 0.045164 0.126500
v -0.164150 0.045029 0.127418
v -0.164150 0.043700 0.125036
v -0.164150 0.043757 0.125668
v -0.164150 0.038236 0.130500
v -0.164150 0.038371 0.129582
v -0.164150 0.037700 0.128500
v -0.164150 0.038371 0.127418
v -0.164150 0.038236 0.126500
v -0.164150 0.039643 0.125668
v -0.164150 0.039700 0.125036
v -0.164150 0.041700 0.125000
v -0.164150 0.041700 0.124500
v -0.164150 0.041700 0.132000
v -0.164150 0.039643 0.131332
v -0.164150 0.039700 0.131964
v -0.164150 0.041700 0.132500
v -0.164150 0.043700 0.131964
v -0.164150 0.043757 0.131332
v -0.164150 -0.012836 0.064500
v -0.164150 -0.012300 0.062500
v -0.164150 -0.012971 0.063582
v -0.164150 -0.012836 0.060500
v -0.164150 -0.012971 0.061418
v -0.164150 -0.014300 0.059036
v -0.164150 -0.014243 0.059668
v -0.164150 -0.016300 0.058500
v -0.164150 -0.016300 0.059000
v -0.164150 -0.018300 0.059036
v -0.164150 -0.018357 0.059668
v -0.164150 -0.019764 0.060500
v -0.164150 -0.019629 0.061418
v -0.164150 -0.016300 0.066000
v -0.164150 -0.018357 0.065332
v -0.164150 -0.018300 0.065964
v -0.164150 -0.016300 0.066500
v -0.164150 -0.014300 0.065964
v -0.164150 -0.014243 0.065332
v -0.164150 -0.020300 0.062500
v -0.164150 -0.019764 0.064500
v -0.164150 -0.019629 0.063582
v -0.164150 -0.012836 0.130500
v -0.164150 -0.012300 0.128500
v -0.164150 -0.012971 0.129582
v -0.164150 -0.012836 0.126500
v -0.164150 -0.012971 0.127418
v -0.164150 -0.014300 0.125036
v -0.164150 -0.014243 0.125668
v -0.164150 -0.019764 0.130500
v -0.164150 -0.019629 0.129582
v -0.164150 -0.020300 0.128500
v -0.164150 -0.019629 0.127418
v -0.164150 -0.019764 0.126500
v -0.164150 -0.018357 0.125668
v -0.164150 -0.018300 0.125036
v -0.164150 -0.016300 0.125000
v -0.164150 -0.016300 0.124500
v -0.164150 -0.016300 0.132000
v -0.164150 -0.018357 0.131332
v -0.164150 -0.018300 0.131964
v -0.164150 -0.016300 0.132500
v -0.164150 -0.014300 0.131964
v -0.164150 -0.014243 0.131332
v -0.158000 0.037743 0.023011
v -0.158000 0.037743 0.024989
v -0.158000 0.043668 0.018557
v -0.158000 0.045418 0.019829
v -0.158000 -0.006257 0.024989
v -0.158000 0.031657 0.024989
v -0.158000 -0.006257 0.023011
v -0.158000 0.031657 0.023011
v -0.158000 0.032819 0.021411
v -0.158000 -0.045418 0.019829
v -0.158000 -0.047582 0.019829
v -0.158000 -0.012343 0.023011
v -0.158000 -0.039474 0.025700
v -0.158000 -0.012343 0.024989
v -0.158000 -0.027927 0.025700
v -0.158000 -0.006257 0.053989
v -0.158000 0.031657 0.053989
v -0.158000 -0.006257 0.052011
v -0.158000 0.031657 0.052011
v -0.158000 0.032819 0.050411
v -0.158000 -0.022153 0.035700
v -0.158000 -0.027927 0.045700
v -0.158000 -0.012343 0.052011
v -0.158000 -0.028215 0.051300
v -0.158000 -0.012343 0.053989
v -0.158000 -0.020500 0.058250
v -0.158000 -0.045247 0.035700
v -0.158000 -0.044670 0.060800
v -0.158000 -0.039474 0.045700
v -0.158000 -0.039185 0.051300
v -0.158000 0.034700 0.049800
v -0.158000 -0.009300 0.027200
v -0.158000 0.034700 0.027200
v -0.158000 -0.007419 0.026589
v -0.158000 0.032819 0.026589
v -0.158000 0.049332 0.137443
v -0.158000 0.045900 0.058250
v -0.158000 0.047582 0.136171
v -0.158000 0.045900 0.132750
v -0.158000 0.045418 0.136171
v -0.158000 -0.023360 0.105677
v -0.158000 -0.024607 0.089750
v -0.158000 -0.024607 0.102250
v -0.158000 -0.026951 0.092544
v -0.158000 -0.026951 0.099457
v -0.158000 -0.030109 0.094367
v -0.158000 -0.030109 0.097633
v -0.158000 -0.033700 0.095000
v -0.158000 -0.033700 0.097000
v -0.158000 -0.042793 0.089750
v -0.158000 -0.044041 0.105677
v -0.158000 -0.040449 0.092544
v -0.158000 -0.042793 0.102250
v -0.158000 -0.037291 0.094367
v -0.158000 -0.040449 0.099457
v -0.158000 -0.037291 0.097633
v -0.158000 0.043668 0.137443
v -0.158000 -0.020500 0.132750
v -0.158000 0.043000 0.139500
v -0.158000 -0.040449 0.076457
v -0.158000 -0.039185 0.070300
v -0.158000 -0.042793 0.079250
v -0.158000 -0.044041 0.082677
v -0.158000 -0.011181 0.026589
v -0.158000 -0.043000 0.139500
v -0.158000 0.045418 0.142829
v -0.158000 0.043668 0.141557
v -0.158000 -0.040449 0.115543
v -0.158000 -0.042793 0.112750
v -0.158000 -0.044041 0.109323
v -0.158000 -0.043668 0.137443
v -0.158000 -0.043000 0.016500
v -0.158000 -0.043668 0.018557
v -0.158000 -0.011181 0.021411
v -0.158000 -0.009300 0.020800
v -0.158000 0.043000 0.016500
v -0.158000 0.043668 0.014443
v -0.158000 0.045418 0.013171
v -0.158000 -0.009300 0.049800
v -0.158000 -0.007419 0.050411
v -0.158000 -0.011181 0.050411
v -0.158000 0.049332 0.018557
v -0.158000 0.047582 0.019829
v -0.158000 0.036581 0.026589
v -0.158000 -0.028215 0.070300
v -0.158000 -0.037291 0.074633
v -0.158000 -0.033700 0.074000
v -0.158000 -0.030109 0.074633
v -0.158000 -0.026951 0.076457
v -0.158000 -0.024607 0.079250
v -0.158000 -0.022730 0.060800
v -0.158000 0.036581 0.050411
v -0.158000 0.037743 0.052011
v -0.158000 0.037743 0.053989
v -0.158000 0.036581 0.055589
v -0.158000 0.034700 0.056200
v -0.158000 -0.007419 0.055589
v -0.158000 -0.009300 0.056200
v -0.158000 0.049500 0.145500
v -0.158000 0.052500 0.142500
v -0.158000 0.050000 0.139500
v -0.158000 0.049332 0.141557
v -0.158000 0.047582 0.142829
v -0.158000 -0.043668 0.141557
v -0.158000 -0.045418 0.142829
v -0.158000 -0.047582 0.142829
v -0.158000 -0.049500 0.145500
v -0.158000 -0.049332 0.141557
v -0.158000 -0.050000 0.139500
v -0.158000 -0.052500 0.142500
v -0.158000 -0.049332 0.137443
v -0.158000 -0.044041 0.086323
v -0.158000 -0.049332 0.018557
v -0.158000 -0.050000 0.016500
v -0.158000 -0.052500 0.013500
v -0.158000 -0.049500 0.010500
v -0.158000 -0.049332 0.014443
v -0.158000 -0.047582 0.013171
v -0.158000 0.049500 0.010500
v -0.158000 -0.045418 0.013171
v -0.158000 -0.043668 0.014443
v -0.158000 0.047582 0.013171
v -0.158000 0.049332 0.014443
v -0.158000 0.050000 0.016500
v -0.158000 0.052500 0.013500
v -0.158000 -0.023360 0.082677
v -0.158000 -0.023360 0.086323
v -0.158000 -0.023360 0.109323
v -0.158000 -0.024607 0.112750
v -0.158000 -0.026951 0.115543
v -0.158000 -0.030109 0.117367
v -0.158000 -0.033700 0.118000
v -0.158000 -0.037291 0.117367
v -0.158000 -0.011181 0.055589
v -0.158000 -0.007419 0.021411
v -0.158000 0.034700 0.020800
v -0.158000 0.036581 0.021411
v -0.158000 0.032819 0.055589
v -0.158000 -0.047582 0.136171
v -0.158000 -0.045418 0.136171
v -0.185650 -0.013950 0.103500
v -0.185650 -0.011200 0.103500
v -0.185248 -0.013950 0.102000
v -0.185248 -0.011200 0.102000
v -0.184150 -0.013950 0.100902
v -0.184150 -0.011200 0.100902
v -0.182650 -0.013950 0.100500
v -0.182650 -0.011200 0.100500
v -0.185650 -0.017300 0.104522
v -0.185650 -0.017300 0.108500
v -0.185650 -0.013950 0.104522
v -0.185650 -0.013950 0.108500
v -0.185650 -0.011200 0.109500
v -0.185650 -0.011200 0.103500
v -0.185650 -0.013950 0.103500
v -0.185650 -0.013950 0.109500
v -0.182650 -0.013950 0.112500
v -0.182650 -0.011200 0.112500
v -0.184150 -0.013950 0.112098
v -0.184150 -0.011200 0.112098
v -0.185248 -0.013950 0.111000
v -0.185248 -0.011200 0.111000
v -0.185650 -0.013950 0.109500
v -0.185650 -0.011200 0.109500
v -0.182650 -0.013950 0.112500
v -0.166450 -0.013950 0.112500
v -0.182650 -0.011200 0.112500
v -0.166450 -0.011200 0.112500
v -0.173650 -0.017300 0.100500
v -0.176700 -0.017300 0.100500
v -0.173650 -0.013950 0.100500
v -0.176700 -0.013950 0.100500
v -0.182650 -0.011200 0.100500
v -0.166450 -0.011200 0.100500
v -0.166450 -0.013950 0.100500
v -0.182650 -0.013950 0.100500
v -0.173650 -0.017300 0.108500
v -0.173650 -0.017300 0.100500
v -0.173650 -0.013950 0.108500
v -0.173650 -0.013950 0.100500
v -0.178380 -0.017300 0.108500
v -0.173650 -0.017300 0.108500
v -0.178380 -0.013950 0.108500
v -0.173650 -0.013950 0.108500
v -0.180400 -0.017300 0.112000
v -0.178380 -0.017300 0.108500
v -0.180400 -0.013950 0.112000
v -0.178380 -0.013950 0.108500
v -0.181350 -0.017300 0.112000
v -0.180400 -0.017300 0.112000
v -0.181350 -0.013950 0.112000
v -0.180400 -0.013950 0.112000
v -0.185650 -0.017300 0.108500
v -0.181350 -0.017300 0.112000
v -0.185650 -0.013950 0.108500
v -0.181350 -0.013950 0.112000
v -0.163650 0.045700 0.062500
v -0.164150 0.045700 0.062500
v -0.163650 0.045164 0.064500
v -0.164150 0.045164 0.064500
v -0.163650 0.043700 0.065964
v -0.164150 0.043700 0.065964
v -0.163650 0.041700 0.066500
v -0.164150 0.041700 0.066500
v -0.163650 0.039700 0.065964
v -0.164150 0.039700 0.065964
v -0.163650 0.038236 0.064500
v -0.164150 0.038236 0.064500
v -0.163650 0.037700 0.062500
v -0.164150 0.037700 0.062500
v -0.163650 0.037700 0.062500
v -0.164150 0.037700 0.062500
v -0.163650 0.038236 0.060500
v -0.164150 0.038236 0.060500
v -0.163650 0.039700 0.059036
v -0.164150 0.039700 0.059036
v -0.163650 0.041700 0.058500
v -0.164150 0.041700 0.058500
v -0.163650 0.043700 0.059036
v -0.164150 0.043700 0.059036
v -0.163650 0.045164 0.060500
v -0.164150 0.045164 0.060500
v -0.163650 0.045700 0.062500
v -0.164150 0.045700 0.062500
v -0.163650 0.045700 0.128500
v -0.164150 0.045700 0.128500
v -0.163650 0.045164 0.130500
v -0.164150 0.045164 0.130500
v -0.163650 0.043700 0.131964
v -0.164150 0.043700 0.131964
v -0.163650 0.041700 0.132500
v -0.164150 0.041700 0.132500
v -0.163650 0.039700 0.131964
v -0.164150 0.039700 0.131964
v -0.163650 0.038236 0.130500
v -0.164150 0.038236 0.130500
v -0.163650 0.037700 0.128500
v -0.164150 0.037700 0.128500
v -0.163650 0.037700 0.128500
v -0.164150 0.037700 0.128500
v -0.163650 0.038236 0.126500
v -0.164150 0.038236 0.126500
v -0.163650 0.039700 0.125036
v -0.164150 0.039700 0.125036
v -0.163650 0.041700 0.124500
v -0.164150 0.041700 0.124500
v -0.163650 0.043700 0.125036
v -0.164150 0.043700 0.125036
v -0.163650 0.045164 0.126500
v -0.164150 0.045164 0.126500
v -0.163650 0.045700 0.128500
v -0.164150 0.045700 0.128500
v -0.163650 -0.012300 0.062500
v -0.164150 -0.012300 0.062500
v -0.163650 -0.012836 0.064500
v -0.164150 -0.012836 0.064500
v -0.163650 -0.014300 0.065964
v -0.164150 -0.014300 0.065964
v -0.163650 -0.016300 0.066500
v -0.164150 -0.016300 0.066500
v -0.163650 -0.018300 0.065964
v -0.164150 -0.018300 0.065964
v -0.163650 -0.019764 0.064500
v -0.164150 -0.019764 0.064500
v -0.163650 -0.020300 0.062500
v -0.164150 -0.020300 0.062500
v -0.163650 -0.020300 0.062500
v -0.164150 -0.020300 0.062500
v -0.163650 -0.019764 0.060500
v -0.164150 -0.019764 0.060500
v -0.163650 -0.018300 0.059036
v -0.164150 -0.018300 0.059036
v -0.163650 -0.016300 0.058500
v -0.164150 -0.016300 0.058500
v -0.163650 -0.014300 0.059036
v -0.164150 -0.014300 0.059036
v -0.163650 -0.012836 0.060500
v -0.164150 -0.012836 0.060500
v -0.163650 -0.012300 0.062500
v -0.164150 -0.012300 0.062500
v -0.163650 -0.012300 0.128500
v -0.164150 -0.012300 0.128500
v -0.163650 -0.012836 0.130500
v -0.164150 -0.012836 0.130500
v -0.163650 -0.014300 0.131964
v -0.164150 -0.014300 0.131964
v -0.163650 -0.016300 0.132500
v -0.164150 -0.016300 0.132500
v -0.163650 -0.018300 0.131964
v -0.164150 -0.018300 0.131964
v -0.163650 -0.019764 0.130500
v -0.164150 -0.019764 0.130500
v -0.163650 -0.020300 0.128500
v -0.164150 -0.020300 0.128500
v -0.163650 -0.020300 0.128500
v -0.164150 -0.020300 0.128500
v -0.163650 -0.019764 0.126500
v -0.164150 -0.019764 0.126500
v -0.163650 -0.018300 0.125036
v -0.164150 -0.018300 0.125036
v -0.163650 -0.016300 0.124500
v -0.164150 -0.016300 0.124500
v -0.163650 -0.014300 0.125036
v -0.164150 -0.014300 0.125036
v -0.163650 -0.012836 0.126500
v -0.164150 -0.012836 0.126500
v -0.163650 -0.012300 0.128500
v -0.164150 -0.012300 0.128500
v -0.158000 -0.020500 0.132750
v -0.158000 0.045900 0.132750
v -0.163650 -0.020500 0.132750
v -0.163650 0.045900 0.132750
v -0.158000 -0.020500 0.058250
v -0.158000 -0.020500 0.132750
v -0.163650 -0.020500 0.058250
v -0.163650 -0.020500 0.132750
v -0.158000 0.045900 0.058250
v -0.158000 -0.020500 0.058250
v -0.163650 0.045900 0.058250
v -0.163650 -0.020500 0.058250
v -0.158000 0.045900 0.132750
v -0.158000 0.045900 0.058250
v -0.163650 0.045900 0.132750
v -0.163650 0.045900 0.058250
v -0.163650 0.037230 0.129019
v -0.164450 0.037230 0.129019
v -0.163650 0.034984 0.130486
v -0.164450 0.034984 0.130486
v -0.163650 0.032350 0.131000
v -0.164450 0.032350 0.131000
v -0.163650 -0.006950 0.131000
v -0.163650 0.032350 0.131000
v -0.164450 -0.006950 0.131000
v -0.164450 0.032350 0.131000
v -0.163650 -0.006950 0.131000
v -0.164450 -0.006950 0.131000
v -0.163650 -0.009583 0.130486
v -0.164450 -0.009583 0.130486
v -0.163650 -0.011830 0.129019
v -0.164450 -0.011830 0.129019
v -0.163650 -0.011830 0.129019
v -0.164450 -0.011830 0.129019
v -0.163650 -0.011800 0.128500
v -0.164450 -0.012254 0.126531
v -0.163650 -0.012374 0.126301
v -0.164450 -0.013950 0.124662
v -0.163650 -0.013950 0.124662
v -0.166450 -0.013950 0.112500
v -0.164450 -0.013950 0.114500
v -0.166450 -0.011200 0.112500
v -0.164450 -0.011200 0.114500
v -0.191650 -0.011200 0.062500
v -0.164450 -0.011200 0.062500
v -0.166450 -0.011200 0.100500
v -0.182650 -0.011200 0.100500
v -0.184150 -0.011200 0.100902
v -0.185248 -0.011200 0.102000
v -0.185650 -0.011200 0.103500
v -0.191650 -0.011200 0.128500
v -0.185650 -0.011200 0.109500
v -0.185248 -0.011200 0.111000
v -0.184150 -0.011200 0.112098
v -0.182650 -0.011200 0.112500
v -0.166450 -0.011200 0.112500
v -0.164450 -0.011200 0.128500
v -0.164450 -0.011200 0.098500
v -0.164450 -0.011200 0.114500
v -0.164450 -0.013950 0.098500
v -0.166450 -0.013950 0.100500
v -0.164450 -0.011200 0.098500
v -0.166450 -0.011200 0.100500
v -0.181350 -0.013950 0.112000
v -0.166450 -0.013950 0.112500
v -0.182650 -0.013950 0.112500
v -0.184150 -0.013950 0.112098
v -0.185248 -0.013950 0.111000
v -0.185650 -0.013950 0.109500
v -0.185650 -0.013950 0.108500
v -0.180400 -0.013950 0.112000
v -0.178380 -0.013950 0.108500
v -0.173650 -0.013950 0.108500
v -0.173650 -0.013950 0.100500
v -0.166450 -0.013950 0.100500
v -0.164450 -0.013950 0.098500
v -0.164450 -0.013950 0.114500
v -0.163650 -0.013950 0.066338
v -0.163650 -0.013950 0.124662
v -0.164450 -0.013950 0.124662
v -0.164450 -0.013950 0.066338
v -0.164450 -0.012254 0.064469
v -0.163650 -0.011800 0.062500
v -0.163650 -0.012374 0.064699
v -0.163650 -0.013950 0.066338
v -0.164450 -0.013950 0.066338
v -0.164450 -0.011830 0.061982
v -0.163650 -0.011830 0.061982
v -0.163650 -0.011830 0.061982
v -0.164450 -0.011830 0.061982
v -0.163650 -0.009583 0.060514
v -0.164450 -0.009583 0.060514
v -0.163650 -0.006950 0.060000
v -0.164450 -0.006950 0.060000
v -0.163650 0.032350 0.060000
v -0.163650 -0.006950 0.060000
v -0.164450 0.032350 0.060000
v -0.164450 -0.006950 0.060000
v -0.163650 0.032350 0.060000
v -0.164450 0.032350 0.060000
v -0.163650 0.034984 0.060514
v -0.164450 0.034984 0.060514
v -0.163650 0.037230 0.061982
v -0.164450 0.037230 0.061982
v -0.163650 0.037230 0.061982
v -0.164450 0.037230 0.061982
v -0.163650 0.037200 0.062500
v -0.164450 0.037654 0.064469
v -0.163650 0.037774 0.064699
v -0.164450 0.039350 0.066338
v -0.163650 0.039350 0.066338
v -0.163650 0.032350 0.060000
v -0.163650 0.039700 0.059036
v -0.163650 -0.006950 0.060000
v -0.163650 0.041700 0.058500
v -0.163650 -0.006950 0.131000
v -0.163650 0.041700 0.132500
v -0.163650 0.032350 0.131000
v -0.163650 0.039700 0.131964
v -0.163650 0.034984 0.130486
v -0.163650 0.038236 0.130500
v -0.163650 0.037230 0.129019
v -0.163650 0.043700 0.125036
v -0.163650 0.045700 0.062500
v -0.163650 0.041700 0.124500
v -0.163650 0.045164 0.064500
v -0.163650 0.043700 0.065964
v -0.163650 0.037200 0.128500
v -0.163650 0.037700 0.128500
v -0.163650 0.037774 0.126301
v -0.163650 0.038236 0.126500
v -0.163650 0.039350 0.124662
v -0.163650 0.039700 0.125036
v -0.163650 0.039350 0.066338
v -0.163650 0.041700 0.066500
v -0.163650 0.039700 0.065964
v -0.163650 0.037774 0.064699
v -0.163650 0.038236 0.064500
v -0.163650 0.037200 0.062500
v -0.163650 0.037700 0.062500
v -0.163650 -0.014300 0.131964
v -0.163650 -0.012836 0.130500
v -0.163650 -0.009583 0.130486
v -0.163650 -0.011830 0.129019
v -0.163650 -0.012300 0.128500
v -0.163650 -0.011800 0.128500
v -0.163650 -0.012836 0.126500
v -0.163650 -0.012374 0.126301
v -0.163650 -0.014300 0.125036
v -0.163650 -0.013950 0.124662
v -0.163650 -0.016300 0.124500
v -0.163650 -0.013950 0.066338
v -0.163650 -0.016300 0.066500
v -0.163650 -0.018300 0.065964
v -0.163650 -0.011830 0.061982
v -0.163650 -0.012836 0.060500
v -0.163650 -0.011800 0.062500
v -0.163650 -0.012300 0.062500
v -0.163650 -0.012374 0.064699
v -0.163650 -0.012836 0.064500
v -0.163650 -0.014300 0.065964
v -0.163650 -0.014300 0.059036
v -0.163650 -0.009583 0.060514
v -0.163650 -0.020300 0.062500
v -0.163650 -0.018300 0.125036
v -0.163650 -0.019764 0.064500
v -0.163650 0.045900 0.058250
v -0.163650 -0.020500 0.058250
v -0.163650 -0.016300 0.058500
v -0.163650 0.043700 0.059036
v -0.163650 0.045164 0.060500
v -0.163650 0.045164 0.126500
v -0.163650 0.045700 0.128500
v -0.163650 0.045900 0.132750
v -0.163650 0.045164 0.130500
v -0.163650 0.043700 0.131964
v -0.163650 -0.016300 0.132500
v -0.163650 -0.020500 0.132750
v -0.163650 0.038236 0.060500
v -0.163650 0.034984 0.060514
v -0.163650 0.037230 0.061982
v -0.163650 -0.020300 0.128500
v -0.163650 -0.019764 0.126500
v -0.163650 -0.019764 0.060500
v -0.163650 -0.018300 0.059036
v -0.163650 -0.018300 0.131964
v -0.163650 -0.019764 0.130500
v -0.164450 0.037654 0.126531
v -0.163650 0.037200 0.128500
v -0.163650 0.037774 0.126301
v -0.163650 0.039350 0.124662
v -0.164450 0.039350 0.124662
v -0.164450 0.037230 0.129019
v -0.163650 0.037230 0.129019
v -0.182650 0.036600 0.112500
v -0.166450 0.036600 0.112500
v -0.182650 0.039350 0.112500
v -0.166450 0.039350 0.112500
v -0.166450 0.036600 0.112500
v -0.164450 0.036600 0.114500
v -0.166450 0.039350 0.112500
v -0.164450 0.039350 0.114500
v -0.164450 -0.006950 0.131000
v -0.164450 0.032350 0.131000
v -0.164450 -0.009583 0.130486
v -0.164450 0.034984 0.130486
v -0.164450 -0.011830 0.129019
v -0.164450 0.037230 0.129019
v -0.164450 0.039350 0.124662
v -0.164450 0.039350 0.114500
v -0.164450 0.037654 0.126531
v -0.164450 0.036600 0.114500
v -0.164450 -0.011200 0.128500
v -0.164450 -0.012254 0.126531
v -0.164450 -0.011200 0.114500
v -0.164450 -0.013950 0.124662
v -0.164450 -0.013950 0.114500
v -0.164450 0.036600 0.128500
v -0.164450 -0.011200 0.128500
v -0.164450 0.036600 0.128500
v -0.191650 -0.011200 0.128500
v -0.191650 0.036600 0.128500
v -0.191650 0.036600 0.062500
v -0.191650 -0.011200 0.062500
v -0.191650 0.036600 0.128500
v -0.191650 -0.011200 0.128500
v -0.164450 0.036600 0.062500
v -0.164450 -0.011200 0.062500
v -0.191650 0.036600 0.062500
v -0.191650 -0.011200 0.062500
v -0.164450 0.039350 0.066338
v -0.164450 0.037654 0.064469
v -0.164450 0.039350 0.098500
v -0.164450 0.036600 0.098500
v -0.164450 -0.011830 0.061982
v -0.164450 0.037230 0.061982
v -0.164450 -0.009583 0.060514
v -0.164450 0.034984 0.060514
v -0.164450 -0.006950 0.060000
v -0.164450 0.032350 0.060000
v -0.164450 0.036600 0.062500
v -0.164450 -0.011200 0.062500
v -0.164450 -0.011200 0.098500
v -0.164450 -0.012254 0.064469
v -0.164450 -0.013950 0.066338
v -0.164450 -0.013950 0.098500
v -0.164450 0.036600 0.098500
v -0.166450 0.036600 0.100500
v -0.164450 0.039350 0.098500
v -0.166450 0.039350 0.100500
v -0.185650 0.039350 0.108500
v -0.185650 0.039350 0.109500
v -0.181350 0.039350 0.112000
v -0.185248 0.039350 0.111000
v -0.182650 0.039350 0.112500
v -0.184150 0.039350 0.112098
v -0.166450 0.039350 0.112500
v -0.164450 0.039350 0.114500
v -0.164450 0.039350 0.098500
v -0.166450 0.039350 0.100500
v -0.173650 0.039350 0.100500
v -0.173650 0.039350 0.108500
v -0.178380 0.039350 0.108500
v -0.180400 0.039350 0.112000
v -0.163650 0.039350 0.124662
v -0.163650 0.039350 0.066338
v -0.164450 0.039350 0.066338
v -0.164450 0.039350 0.124662
v -0.182650 0.036600 0.112500
v -0.182650 0.039350 0.112500
v -0.184150 0.036600 0.112098
v -0.184150 0.039350 0.112098
v -0.185248 0.036600 0.111000
v -0.185248 0.039350 0.111000
v -0.185650 0.036600 0.109500
v -0.185650 0.039350 0.109500
v -0.191650 0.036600 0.128500
v -0.164450 0.036600 0.128500
v -0.166450 0.036600 0.112500
v -0.182650 0.036600 0.112500
v -0.184150 0.036600 0.112098
v -0.185248 0.036600 0.111000
v -0.185650 0.036600 0.109500
v -0.191650 0.036600 0.062500
v -0.185650 0.036600 0.103500
v -0.185248 0.036600 0.102000
v -0.184150 0.036600 0.100902
v -0.182650 0.036600 0.100500
v -0.166450 0.036600 0.100500
v -0.164450 0.036600 0.062500
v -0.164450 0.036600 0.114500
v -0.164450 0.036600 0.098500
v -0.185650 0.036600 0.103500
v -0.185650 0.039350 0.103500
v -0.185248 0.036600 0.102000
v -0.185248 0.039350 0.102000
v -0.184150 0.036600 0.100902
v -0.184150 0.039350 0.100902
v -0.182650 0.036600 0.100500
v -0.182650 0.039350 0.100500
v -0.173650 0.039350 0.100500
v -0.176700 0.039350 0.100500
v -0.173650 0.042700 0.100500
v -0.176700 0.042700 0.100500
v -0.166450 0.036600 0.100500
v -0.182650 0.036600 0.100500
v -0.182650 0.039350 0.100500
v -0.166450 0.039350 0.100500
v -0.173650 0.039350 0.108500
v -0.173650 0.039350 0.100500
v -0.173650 0.042700 0.108500
v -0.173650 0.042700 0.100500
v -0.178380 0.039350 0.108500
v -0.173650 0.039350 0.108500
v -0.178380 0.042700 0.108500
v -0.173650 0.042700 0.108500
v -0.180400 0.039350 0.112000
v -0.178380 0.039350 0.108500
v -0.180400 0.042700 0.112000
v -0.178380 0.042700 0.108500
v -0.181350 0.039350 0.112000
v -0.180400 0.039350 0.112000
v -0.181350 0.042700 0.112000
v -0.180400 0.042700 0.112000
v -0.185650 0.039350 0.108500
v -0.181350 0.039350 0.112000
v -0.185650 0.042700 0.108500
v -0.181350 0.042700 0.112000
v -0.185650 0.039350 0.104522
v -0.185650 0.039350 0.108500
v -0.185650 0.042700 0.104522
v -0.185650 0.042700 0.108500
v -0.185650 0.036600 0.103500
v -0.185650 0.036600 0.109500
v -0.185650 0.039350 0.109500
v -0.185650 0.039350 0.103500
v -0.178920 0.039350 0.106600
v -0.180684 0.039350 0.106600
v -0.178920 0.042700 0.106600
v -0.180684 0.042700 0.106600
v -0.176700 0.039350 0.100500
v -0.178920 0.039350 0.106600
v -0.176700 0.042700 0.100500
v -0.178920 0.042700 0.106600
v -0.184550 0.039350 0.101500
v -0.185650 0.039350 0.104522
v -0.184550 0.042700 0.101500
v -0.185650 0.042700 0.104522
v -0.185650 0.039350 0.103500
v -0.185650 0.039350 0.104522
v -0.185248 0.039350 0.102000
v -0.184550 0.039350 0.101500
v -0.184150 0.039350 0.100902
v -0.182650 0.039350 0.100500
v -0.182540 0.039350 0.101500
v -0.180684 0.039350 0.106600
v -0.178920 0.039350 0.106600
v -0.176700 0.039350 0.100500
v -0.180684 0.039350 0.106600
v -0.182540 0.039350 0.101500
v -0.180684 0.042700 0.106600
v -0.182540 0.042700 0.101500
v -0.180684 0.042700 0.106600
v -0.180400 0.042700 0.112000
v -0.178920 0.042700 0.106600
v -0.178380 0.042700 0.108500
v -0.176700 0.042700 0.100500
v -0.173650 0.042700 0.108500
v -0.173650 0.042700 0.100500
v -0.181350 0.042700 0.112000
v -0.182540 0.042700 0.101500
v -0.184550 0.042700 0.101500
v -0.185650 0.042700 0.104522
v -0.185650 0.042700 0.108500
v -0.182540 0.039350 0.101500
v -0.184550 0.039350 0.101500
v -0.182540 0.042700 0.101500
v -0.184550 0.042700 0.101500
v -0.165684 0.041700 0.125000
v -0.166750 0.041700 0.125000
v -0.165684 0.043757 0.125668
v -0.166750 0.043757 0.125668
v -0.165684 0.045029 0.127418
v -0.166750 0.045029 0.127418
v -0.165684 0.045029 0.129582
v -0.166750 0.045029 0.129582
v -0.165684 0.043757 0.131332
v -0.166750 0.043757 0.131332
v -0.165684 0.041700 0.132000
v -0.166750 0.041700 0.132000
v -0.165684 0.041700 0.132000
v -0.166750 0.041700 0.132000
v -0.165684 0.039643 0.131332
v -0.166750 0.039643 0.131332
v -0.165684 0.038371 0.129582
v -0.166750 0.038371 0.129582
v -0.165684 0.038371 0.127418
v -0.166750 0.038371 0.127418
v -0.165684 0.039643 0.125668
v -0.166750 0.039643 0.125668
v -0.165684 0.041700 0.125000
v -0.166750 0.041700 0.125000
v -0.166750 0.039643 0.131332
v -0.166750 0.043757 0.131332
v -0.166750 0.038371 0.129582
v -0.166750 0.045029 0.129582
v -0.166750 0.038371 0.127418
v -0.166750 0.045029 0.127418
v -0.166750 0.039643 0.125668
v -0.166750 0.043757 0.125668
v -0.166750 0.041700 0.125000
v -0.166750 0.041700 0.132000
v -0.165684 -0.016300 0.132000
v -0.166750 -0.016300 0.132000
v -0.165684 -0.018357 0.131332
v -0.166750 -0.018357 0.131332
v -0.165684 -0.019629 0.129582
v -0.166750 -0.019629 0.129582
v -0.165684 -0.019629 0.127418
v -0.166750 -0.019629 0.127418
v -0.165684 -0.018357 0.125668
v -0.166750 -0.018357 0.125668
v -0.165684 -0.016300 0.125000
v -0.166750 -0.016300 0.125000
v -0.165684 -0.016300 0.125000
v -0.166750 -0.016300 0.125000
v -0.165684 -0.014243 0.125668
v -0.166750 -0.014243 0.125668
v -0.165684 -0.012971 0.127418
v -0.166750 -0.012971 0.127418
v -0.165684 -0.012971 0.129582
v -0.166750 -0.012971 0.129582
v -0.165684 -0.014243 0.131332
v -0.166750 -0.014243 0.131332
v -0.165684 -0.016300 0.132000
v -0.166750 -0.016300 0.132000
v -0.166750 -0.018357 0.131332
v -0.166750 -0.014243 0.131332
v -0.166750 -0.019629 0.129582
v -0.166750 -0.012971 0.129582
v -0.166750 -0.019629 0.127418
v -0.166750 -0.012971 0.127418
v -0.166750 -0.018357 0.125668
v -0.166750 -0.014243 0.125668
v -0.166750 -0.016300 0.125000
v -0.166750 -0.016300 0.132000
v -0.165684 0.041700 0.066000
v -0.166750 0.041700 0.066000
v -0.165684 0.039563 0.065272
v -0.166750 0.039643 0.065332
v -0.165684 0.038638 0.064195
v -0.166750 0.038371 0.063582
v -0.165684 0.038201 0.062578
v -0.165684 0.038542 0.060991
v -0.166750 0.038371 0.061418
v -0.165684 0.039189 0.060062
v -0.166750 0.039643 0.059668
v -0.165684 0.040205 0.059336
v -0.166750 0.041700 0.059000
v -0.165684 0.041700 0.059000
v -0.165684 0.041700 0.059000
v -0.166750 0.041700 0.059000
v -0.165684 0.043837 0.059728
v -0.166750 0.043757 0.059668
v -0.165684 0.044763 0.060806
v -0.166750 0.045029 0.061418
v -0.165684 0.045199 0.062422
v -0.165684 0.044858 0.064009
v -0.166750 0.045029 0.063582
v -0.165684 0.044211 0.064938
v -0.166750 0.043757 0.065332
v -0.165684 0.043195 0.065664
v -0.166750 0.041700 0.066000
v -0.165684 0.041700 0.066000
v -0.166750 0.039643 0.065332
v -0.166750 0.043757 0.065332
v -0.166750 0.038371 0.063582
v -0.166750 0.045029 0.063582
v -0.166750 0.038371 0.061418
v -0.166750 0.045029 0.061418
v -0.166750 0.039643 0.059668
v -0.166750 0.043757 0.059668
v -0.166750 0.041700 0.059000
v -0.166750 0.041700 0.066000
v -0.165684 -0.016300 0.066000
v -0.166750 -0.016300 0.066000
v -0.165684 -0.018437 0.065272
v -0.166750 -0.018357 0.065332
v -0.165684 -0.019362 0.064195
v -0.166750 -0.019629 0.063582
v -0.165684 -0.019799 0.062578
v -0.165684 -0.019458 0.060991
v -0.166750 -0.019629 0.061418
v -0.165684 -0.018811 0.060062
v -0.166750 -0.018357 0.059668
v -0.165684 -0.017795 0.059336
v -0.166750 -0.016300 0.059000
v -0.165684 -0.016300 0.059000
v -0.165684 -0.016300 0.059000
v -0.166750 -0.016300 0.059000
v -0.165684 -0.014163 0.059728
v -0.166750 -0.014243 0.059668
v -0.165684 -0.013238 0.060806
v -0.166750 -0.012971 0.061418
v -0.165684 -0.012801 0.062422
v -0.165684 -0.013142 0.064009
v -0.166750 -0.012971 0.063582
v -0.165684 -0.013789 0.064938
v -0.166750 -0.014243 0.065332
v -0.165684 -0.014805 0.065664
v -0.166750 -0.016300 0.066000
v -0.165684 -0.016300 0.066000
v -0.166750 -0.018357 0.065332
v -0.166750 -0.014243 0.065332
v -0.166750 -0.019629 0.063582
v -0.166750 -0.012971 0.063582
v -0.166750 -0.019629 0.061418
v -0.166750 -0.012971 0.061418
v -0.166750 -0.018357 0.059668
v -0.166750 -0.014243 0.059668
v -0.166750 -0.016300 0.059000
v -0.166750 -0.016300 0.066000
v -0.087000 0.087000 0.000000
v -0.073000 0.087000 0.000000
v -0.080000 0.086000 0.000000
v -0.080554 0.085974 0.000000
v -0.081103 0.085898 0.000000
v -0.081642 0.085771 0.000000
v -0.082167 0.085595 0.000000
v -0.082674 0.085371 0.000000
v -0.083159 0.085101 0.000000
v -0.083616 0.084788 0.000000
v -0.084042 0.084434 0.000000
v -0.084434 0.084042 0.000000
v -0.084788 0.083616 0.000000
v -0.085101 0.083159 0.000000
v -0.085371 0.082674 0.000000
v -0.085595 0.082167 0.000000
v -0.085771 0.081642 0.000000
v -0.085898 0.081103 0.000000
v -0.085974 0.080554 0.000000
v -0.087000 0.073000 0.000000
v -0.086000 0.080000 0.000000
v -0.085974 0.079446 0.000000
v -0.085898 0.078898 0.000000
v -0.085771 0.078358 0.000000
v -0.085595 0.077833 0.000000
v -0.085371 0.077326 0.000000
v -0.085101 0.076841 0.000000
v -0.084788 0.076384 0.000000
v -0.084434 0.075958 0.000000
v -0.084042 0.075566 0.000000
v -0.083616 0.075212 0.000000
v -0.083159 0.074899 0.000000
v -0.082674 0.074629 0.000000
v -0.082167 0.074405 0.000000
v -0.081642 0.074229 0.000000
v -0.081103 0.074102 0.000000
v -0.080554 0.074026 0.000000
v -0.080000 0.074000 0.000000
v -0.073000 0.073000 0.000000
v -0.079446 0.074026 0.000000
v -0.078898 0.074102 0.000000
v -0.078358 0.074229 0.000000
v -0.077833 0.074405 0.000000
v -0.077326 0.074629 0.000000
v -0.076841 0.074899 0.000000
v -0.076384 0.075212 0.000000
v -0.075958 0.075566 0.000000
v -0.075566 0.075958 0.000000
v -0.075212 0.076384 0.000000
v -0.074899 0.076841 0.000000
v -0.074629 0.077326 0.000000
v -0.074405 0.077833 0.000000
v -0.074229 0.078358 0.000000
v -0.074102 0.078898 0.000000
v -0.074026 0.079446 0.000000
v -0.074000 0.080000 0.000000
v -0.074026 0.080554 0.000000
v -0.074102 0.081103 0.000000
v -0.074229 0.081642 0.000000
v -0.074405 0.082167 0.000000
v -0.074629 0.082674 0.000000
v -0.074899 0.083159 0.000000
v -0.075212 0.083616 0.000000
v -0.075566 0.084042 0.000000
v -0.075958 0.084434 0.000000
v -0.076384 0.084788 0.000000
v -0.076841 0.085101 0.000000
v -0.077326 0.085371 0.000000
v -0.077833 0.085595 0.000000
v -0.078358 0.085771 0.000000
v -0.078898 0.085898 0.000000
v -0.079446 0.085974 0.000000
v -0.086000 0.080000 0.000000
v -0.085974 0.079446 0.014000
v -0.085974 0.079446 0.000000
v -0.085898 0.078898 0.014000
v -0.085898 0.078898 0.000000
v -0.085771 0.078358 0.014000
v -0.085771 0.078358 0.000000
v -0.085595 0.077833 0.014000
v -0.085595 0.077833 0.000000
v -0.085371 0.077326 0.014000
v -0.085371 0.077326 0.000000
v -0.085101 0.076841 0.014000
v -0.085101 0.076841 0.000000
v -0.084788 0.076384 0.014000
v -0.084788 0.076384 0.000000
v -0.084434 0.075958 0.014000
v -0.084434 0.075958 0.000000
v -0.084042 0.075566 0.014000
v -0.084042 0.075566 0.000000
v -0.083616 0.075212 0.014000
v -0.083616 0.075212 0.000000
v -0.083159 0.074899 0.014000
v -0.083159 0.074899 0.000000
v -0.082674 0.074629 0.014000
v -0.082674 0.074629 0.000000
v -0.082167 0.074405 0.014000
v -0.082167 0.074405 0.000000
v -0.081642 0.074229 0.014000
v -0.081642 0.074229 0.000000
v -0.081103 0.074102 0.014000
v -0.081103 0.074102 0.000000
v -0.080554 0.074026 0.014000
v -0.080554 0.074026 0.000000
v -0.080000 0.074000 0.014000
v -0.080000 0.074000 0.000000
v -0.086000 0.080000 0.014000
v -0.085974 0.080554 0.000000
v -0.085974 0.080554 0.014000
v -0.085898 0.081103 0.000000
v -0.085898 0.081103 0.014000
v -0.085771 0.081642 0.000000
v -0.085771 0.081642 0.014000
v -0.085595 0.082167 0.000000
v -0.085595 0.082167 0.014000
v -0.085371 0.082674 0.000000
v -0.085371 0.082674 0.014000
v -0.085101 0.083159 0.000000
v -0.085101 0.083159 0.014000
v -0.084788 0.083616 0.000000
v -0.084788 0.083616 0.014000
v -0.084434 0.084042 0.000000
v -0.084434 0.084042 0.014000
v -0.084042 0.084434 0.000000
v -0.084042 0.084434 0.014000
v -0.083616 0.084788 0.000000
v -0.083616 0.084788 0.014000
v -0.083159 0.085101 0.000000
v -0.083159 0.085101 0.014000
v -0.082674 0.085371 0.000000
v -0.082674 0.085371 0.014000
v -0.082167 0.085595 0.000000
v -0.082167 0.085595 0.014000
v -0.081642 0.085771 0.000000
v -0.081642 0.085771 0.014000
v -0.081103 0.085898 0.000000
v -0.081103 0.085898 0.014000
v -0.080554 0.085974 0.000000
v -0.080554 0.085974 0.014000
v -0.080000 0.086000 0.000000
v -0.080000 0.086000 0.014000
v -0.087000 0.073000 0.014000
v -0.073000 0.073000 0.014000
v -0.080554 0.074026 0.014000
v -0.081103 0.074102 0.014000
v -0.081642 0.074229 0.014000
v -0.082167 0.074405 0.014000
v -0.082674 0.074629 0.014000
v -0.083159 0.074899 0.014000
v -0.083616 0.075212 0.014000
v -0.084042 0.075566 0.014000
v -0.084434 0.075958 0.014000
v -0.084788 0.076384 0.014000
v -0.085101 0.076841 0.014000
v -0.085371 0.077326 0.014000
v -0.085595 0.077833 0.014000
v -0.085771 0.078358 0.014000
v -0.085898 0.078898 0.014000
v -0.085974 0.079446 0.014000
v -0.086000 0.080000 0.014000
v -0.087000 0.087000 0.014000
v -0.073000 0.087000 0.014000
v -0.074000 0.080000 0.014000
v -0.074026 0.079446 0.014000
v -0.074102 0.078898 0.014000
v -0.074229 0.078358 0.014000
v -0.074405 0.077833 0.014000
v -0.074629 0.077326 0.014000
v -0.074899 0.076841 0.014000
v -0.075212 0.076384 0.014000
v -0.075566 0.075958 0.014000
v -0.075958 0.075566 0.014000
v -0.076384 0.075212 0.014000
v -0.076841 0.074899 0.014000
v -0.077326 0.074629 0.014000
v -0.077833 0.074405 0.014000
v -0.078358 0.074229 0.014000
v -0.078898 0.074102 0.014000
v -0.079446 0.074026 0.014000
v -0.080000 0.074000 0.014000
v -0.080554 0.085974 0.014000
v -0.080000 0.086000 0.014000
v -0.079446 0.085974 0.014000
v -0.078898 0.085898 0.014000
v -0.078358 0.085771 0.014000
v -0.077833 0.085595 0.014000
v -0.077326 0.085371 0.014000
v -0.076841 0.085101 0.014000
v -0.076384 0.084788 0.014000
v -0.075958 0.084434 0.014000
v -0.075566 0.084042 0.014000
v -0.075212 0.083616 0.014000
v -0.074899 0.083159 0.014000
v -0.074629 0.082674 0.014000
v -0.074405 0.082167 0.014000
v -0.074229 0.081642 0.014000
v -0.074102 0.081103 0.014000
v -0.074026 0.080554 0.014000
v -0.085974 0.080554 0.014000
v -0.085898 0.081103 0.014000
v -0.085771 0.081642 0.014000
v -0.085595 0.082167 0.014000
v -0.085371 0.082674 0.014000
v -0.085101 0.083159 0.014000
v -0.084788 0.083616 0.014000
v -0.084434 0.084042 0.014000
v -0.084042 0.084434 0.014000
v -0.083616 0.084788 0.014000
v -0.083159 0.085101 0.014000
v -0.082674 0.085371 0.014000
v -0.082167 0.085595 0.014000
v -0.081642 0.085771 0.014000
v -0.081103 0.085898 0.014000
v -0.074000 0.080000 0.000000
v -0.074026 0.080554 0.014000
v -0.074026 0.080554 0.000000
v -0.074102 0.081103 0.014000
v -0.074102 0.081103 0.000000
v -0.074229 0.081642 0.014000
v -0.074229 0.081642 0.000000
v -0.074405 0.082167 0.014000
v -0.074405 0.082167 0.000000
v -0.074629 0.082674 0.014000
v -0.074629 0.082674 0.000000
v -0.074899 0.083159 0.014000
v -0.074899 0.083159 0.000000
v -0.075212 0.083616 0.014000
v -0.075212 0.083616 0.000000
v -0.075566 0.084042 0.014000
v -0.075566 0.084042 0.000000
v -0.075958 0.084434 0.014000
v -0.075958 0.084434 0.000000
v -0.076384 0.084788 0.014000
v -0.076384 0.084788 0.000000
v -0.076841 0.085101 0.014000
v -0.076841 0.085101 0.000000
v -0.077326 0.085371 0.014000
v -0.077326 0.085371 0.000000
v -0.077833 0.085595 0.014000
v -0.077833 0.085595 0.000000
v -0.078358 0.085771 0.014000
v -0.078358 0.085771 0.000000
v -0.078898 0.085898 0.014000
v -0.078898 0.085898 0.000000
v -0.079446 0.085974 0.014000
v -0.079446 0.085974 0.000000
v -0.080000 0.086000 0.014000
v -0.080000 0.086000 0.000000
v -0.074000 0.080000 0.014000
v -0.074026 0.079446 0.000000
v -0.074026 0.079446 0.014000
v -0.074102 0.078898 0.000000
v -0.074102 0.078898 0.014000
v -0.074229 0.078358 0.000000
v -0.074229 0.078358 0.014000
v -0.074405 0.077833 0.000000
v -0.074405 0.077833 0.014000
v -0.074629 0.077326 0.000000
v -0.074629 0.077326 0.014000
v -0.074899 0.076841 0.000000
v -0.074899 0.076841 0.014000
v -0.075212 0.076384 0.000000
v -0.075212 0.076384 0.014000
v -0.075566 0.075958 0.000000
v -0.075566 0.075958 0.014000
v -0.075958 0.075566 0.000000
v -0.075958 0.075566 0.014000
v -0.076384 0.075212 0.000000
v -0.076384 0.075212 0.014000
v -0.076841 0.074899 0.000000
v -0.076841 0.074899 0.014000
v -0.077326 0.074629 0.000000
v -0.077326 0.074629 0.014000
v -0.077833 0.074405 0.000000
v -0.077833 0.074405 0.014000
v -0.078358 0.074229 0.000000
v -0.078358 0.074229 0.014000
v -0.078898 0.074102 0.000000
v -0.078898 0.074102 0.014000
v -0.079446 0.074026 0.000000
v -0.079446 0.074026 0.014000
v -0.080000 0.074000 0.000000
v -0.080000 0.074000 0.014000
v -0.073000 0.087000 0.000000
v -0.073000 0.087000 0.014000
v -0.073000 0.073000 0.000000
v -0.073000 0.073000 0.014000
v -0.073000 0.087000 0.000000
v -0.087000 0.087000 0.000000
v -0.073000 0.087000 0.014000
v -0.087000 0.087000 0.014000
v -0.087000 0.073000 0.000000
v -0.073000 0.073000 0.000000
v -0.087000 0.073000 0.014000
v -0.073000 0.073000 0.014000
v -0.087000 0.073000 0.000000
v -0.087000 0.073000 0.014000
v -0.087000 0.087000 0.000000
v -0.087000 0.087000 0.014000
v 0.070000 0.096000 0.015000
v 0.062000 0.096000 0.015000
v 0.066000 0.095000 0.015000
v 0.066392 0.094974 0.015000
v 0.066776 0.094898 0.015000
v 0.067148 0.094772 0.015000
v 0.067500 0.094598 0.015000
v 0.067826 0.094380 0.015000
v 0.068121 0.094121 0.015000
v 0.068380 0.093826 0.015000
v 0.068598 0.093500 0.015000
v 0.068772 0.093148 0.015000
v 0.068898 0.092776 0.015000
v 0.070000 0.088000 0.015000
v 0.068974 0.092392 0.015000
v 0.069000 0.092000 0.015000
v 0.068974 0.091608 0.015000
v 0.068898 0.091224 0.015000
v 0.068772 0.090852 0.015000
v 0.068598 0.090500 0.015000
v 0.068380 0.090174 0.015000
v 0.068121 0.089879 0.015000
v 0.067826 0.089620 0.015000
v 0.067500 0.089402 0.015000
v 0.067148 0.089228 0.015000
v 0.066776 0.089102 0.015000
v 0.066392 0.089026 0.015000
v 0.066000 0.089000 0.015000
v 0.062000 0.088000 0.015000
v 0.065608 0.089026 0.015000
v 0.065224 0.089102 0.015000
v 0.064852 0.089228 0.015000
v 0.064500 0.089402 0.015000
v 0.064174 0.089620 0.015000
v 0.063879 0.089879 0.015000
v 0.063620 0.090174 0.015000
v 0.063402 0.090500 0.015000
v 0.063228 0.090852 0.015000
v 0.063102 0.091224 0.015000
v 0.063026 0.091608 0.015000
v 0.063000 0.092000 0.015000
v 0.063026 0.092392 0.015000
v 0.063102 0.092776 0.015000
v 0.063228 0.093148 0.015000
v 0.063402 0.093500 0.015000
v 0.063620 0.093826 0.015000
v 0.063879 0.094121 0.015000
v 0.064174 0.094380 0.015000
v 0.064500 0.094598 0.015000
v 0.064852 0.094772 0.015000
v 0.065224 0.094898 0.015000
v 0.065608 0.094974 0.015000
v 0.066000 0.089000 0.015000
v 0.065608 0.089026 0.000000
v 0.065608 0.089026 0.015000
v 0.065224 0.089102 0.000000
v 0.065224 0.089102 0.015000
v 0.064852 0.089228 0.000000
v 0.064852 0.089228 0.015000
v 0.064500 0.089402 0.000000
v 0.064500 0.089402 0.015000
v 0.064174 0.089620 0.000000
v 0.064174 0.089620 0.015000
v 0.063879 0.089879 0.000000
v 0.063879 0.089879 0.015000
v 0.063620 0.090174 0.000000
v 0.063620 0.090174 0.015000
v 0.063402 0.090500 0.000000
v 0.063402 0.090500 0.015000
v 0.063228 0.090852 0.000000
v 0.063228 0.090852 0.015000
v 0.063102 0.091224 0.000000
v 0.063102 0.091224 0.015000
v 0.063026 0.091608 0.000000
v 0.063026 0.091608 0.015000
v 0.063000 0.092000 0.000000
v 0.063000 0.092000 0.015000
v 0.066000 0.089000 0.000000
v 0.066392 0.089026 0.015000
v 0.066392 0.089026 0.000000
v 0.066776 0.089102 0.015000
v 0.066776 0.089102 0.000000
v 0.067148 0.089228 0.015000
v 0.067148 0.089228 0.000000
v 0.067500 0.089402 0.015000
v 0.067500 0.089402 0.000000
v 0.067826 0.089620 0.015000
v 0.067826 0.089620 0.000000
v 0.068121 0.089879 0.015000
v 0.068121 0.089879 0.000000
v 0.068380 0.090174 0.015000
v 0.068380 0.090174 0.000000
v 0.068598 0.090500 0.015000
v 0.068598 0.090500 0.000000
v 0.068772 0.090852 0.015000
v 0.068772 0.090852 0.000000
v 0.068898 0.091224 0.015000
v 0.068898 0.091224 0.000000
v 0.068974 0.091608 0.015000
v 0.068974 0.091608 0.000000
v 0.069000 0.092000 0.015000
v 0.069000 0.092000 0.000000
v 0.062000 0.096000 0.000000
v 0.070000 0.096000 0.000000
v 0.066000 0.095000 0.000000
v 0.065608 0.094974 0.000000
v 0.065224 0.094898 0.000000
v 0.064852 0.094772 0.000000
v 0.064500 0.094598 0.000000
v 0.064174 0.094380 0.000000
v 0.063879 0.094121 0.000000
v 0.063620 0.093826 0.000000
v 0.063402 0.093500 0.000000
v 0.063228 0.093148 0.000000
v 0.063102 0.092776 0.000000
v 0.062000 0.088000 0.000000
v 0.063026 0.092392 0.000000
v 0.063000 0.092000 0.000000
v 0.063026 0.091608 0.000000
v 0.063102 0.091224 0.000000
v 0.063228 0.090852 0.000000
v 0.063402 0.090500 0.000000
v 0.063620 0.090174 0.000000
v 0.063879 0.089879 0.000000
v 0.064174 0.089620 0.000000
v 0.064500 0.089402 0.000000
v 0.064852 0.089228 0.000000
v 0.065224 0.089102 0.000000
v 0.065608 0.089026 0.000000
v 0.066000 0.089000 0.000000
v 0.070000 0.088000 0.000000
v 0.066392 0.089026 0.000000
v 0.066776 0.089102 0.000000
v 0.067148 0.089228 0.000000
v 0.067500 0.089402 0.000000
v 0.067826 0.089620 0.000000
v 0.068121 0.089879 0.000000
v 0.068380 0.090174 0.000000
v 0.068598 0.090500 0.000000
v 0.068772 0.090852 0.000000
v 0.068898 0.091224 0.000000
v 0.068974 0.091608 0.000000
v 0.069000 0.092000 0.000000
v 0.068974 0.092392 0.000000
v 0.068898 0.092776 0.000000
v 0.068772 0.093148 0.000000
v 0.068598 0.093500 0.000000
v 0.068380 0.093826 0.000000
v 0.068121 0.094121 0.000000
v 0.067826 0.094380 0.000000
v 0.067500 0.094598 0.000000
v 0.067148 0.094772 0.000000
v 0.066776 0.094898 0.000000
v 0.066392 0.094974 0.000000
v 0.066000 0.095000 0.015000
v 0.066392 0.094974 0.000000
v 0.066392 0.094974 0.015000
v 0.066776 0.094898 0.000000
v 0.066776 0.094898 0.015000
v 0.067148 0.094772 0.000000
v 0.067148 0.094772 0.015000
v 0.067500 0.094598 0.000000
v 0.067500 0.094598 0.015000
v 0.067826 0.094380 0.000000
v 0.067826 0.094380 0.015000
v 0.068121 0.094121 0.000000
v 0.068121 0.094121 0.015000
v 0.068380 0.093826 0.000000
v 0.068380 0.093826 0.015000
v 0.068598 0.093500 0.000000
v 0.068598 0.093500 0.015000
v 0.068772 0.093148 0.000000
v 0.068772 0.093148 0.015000
v 0.068898 0.092776 0.000000
v 0.068898 0.092776 0.015000
v 0.068974 0.092392 0.000000
v 0.068974 0.092392 0.015000
v 0.069000 0.092000 0.000000
v 0.069000 0.092000 0.015000
v 0.066000 0.095000 0.000000
v 0.065608 0.094974 0.015000
v 0.065608 0.094974 0.000000
v 0.065224 0.094898 0.015000
v 0.065224 0.094898 0.000000
v 0.064852 0.094772 0.015000
v 0.064852 0.094772 0.000000
v 0.064500 0.094598 0.015000
v 0.064500 0.094598 0.000000
v 0.064174 0.094380 0.015000
v 0.064174 0.094380 0.000000
v 0.063879 0.094121 0.015000
v 0.063879 0.094121 0.000000
v 0.063620 0.093826 0.015000
v 0.063620 0.093826 0.000000
v 0.063402 0.093500 0.015000
v 0.063402 0.093500 0.000000
v 0.063228 0.093148 0.015000
v 0.063228 0.093148 0.000000
v 0.063102 0.092776 0.015000
v 0.063102 0.092776 0.000000
v 0.063026 0.092392 0.015000
v 0.063026 0.092392 0.000000
v 0.063000 0.092000 0.015000
v 0.063000 0.092000 0.000000
v 0.070000 0.096000 0.000000
v 0.070000 0.096000 0.015000
v 0.070000 0.088000 0.000000
v 0.070000 0.088000 0.015000
v 0.070000 0.096000 0.000000
v 0.062000 0.096000 0.000000
v 0.070000 0.096000 0.015000
v 0.062000 0.096000 0.015000
v 0.062000 0.088000 0.000000
v 0.070000 0.088000 0.000000
v 0.062000 0.088000 0.015000
v 0.070000 0.088000 0.015000
v 0.062000 0.088000 0.000000
v 0.062000 0.088000 0.015000
v 0.062000 0.096000 0.000000
v 0.062000 0.096000 0.015000
v 0.073000 0.087000 0.000000
v 0.087000 0.087000 0.000000
v 0.080000 0.086000 0.000000
v 0.079446 0.085974 0.000000
v 0.078898 0.085898 0.000000
v 0.078358 0.085771 0.000000
v 0.077833 0.085595 0.000000
v 0.077326 0.085371 0.000000
v 0.076841 0.085101 0.000000
v 0.076384 0.084788 0.000000
v 0.075958 0.084434 0.000000
v 0.075566 0.084042 0.000000
v 0.075212 0.083616 0.000000
v 0.074899 0.083159 0.000000
v 0.074629 0.082674 0.000000
v 0.074405 0.082167 0.000000
v 0.074229 0.081642 0.000000
v 0.074102 0.081103 0.000000
v 0.074026 0.080554 0.000000
v 0.073000 0.073000 0.000000
v 0.074000 0.080000 0.000000
v 0.074026 0.079446 0.000000
v 0.074102 0.078898 0.000000
v 0.074229 0.078358 0.000000
v 0.074405 0.077833 0.000000
v 0.074629 0.077326 0.000000
v 0.074899 0.076841 0.000000
v 0.075212 0.076384 0.000000
v 0.075566 0.075958 0.000000
v 0.075958 0.075566 0.000000
v 0.076384 0.075212 0.000000
v 0.076841 0.074899 0.000000
v 0.077326 0.074629 0.000000
v 0.077833 0.074405 0.000000
v 0.078358 0.074229 0.000000
v 0.078898 0.074102 0.000000
v 0.079446 0.074026 0.000000
v 0.080000 0.074000 0.000000
v 0.087000 0.073000 0.000000
v 0.080554 0.074026 0.000000
v 0.081103 0.074102 0.000000
v 0.081642 0.074229 0.000000
v 0.082167 0.074405 0.000000
v 0.082674 0.074629 0.000000
v 0.083159 0.074899 0.000000
v 0.083616 0.075212 0.000000
v 0.084042 0.075566 0.000000
v 0.084434 0.075958 0.000000
v 0.084788 0.076384 0.000000
v 0.085101 0.076841 0.000000
v 0.085371 0.077326 0.000000
v 0.085595 0.077833 0.000000
v 0.085771 0.078358 0.000000
v 0.085898 0.078898 0.000000
v 0.085974 0.079446 0.000000
v 0.086000 0.080000 0.000000
v 0.085974 0.080554 0.000000
v 0.085898 0.081103 0.000000
v 0.085771 0.081642 0.000000
v 0.085595 0.082167 0.000000
v 0.085371 0.082674 0.000000
v 0.085101 0.083159 0.000000
v 0.084788 0.083616 0.000000
v 0.084434 0.084042 0.000000
v 0.084042 0.084434 0.000000
v 0.083616 0.084788 0.000000
v 0.083159 0.085101 0.000000
v 0.082674 0.085371 0.000000
v 0.082167 0.085595 0.000000
v 0.081642 0.085771 0.000000
v 0.081103 0.085898 0.000000
v 0.080554 0.085974 0.000000
v 0.074000 0.080000 0.000000
v 0.074026 0.079446 0.014000
v 0.074026 0.079446 0.000000
v 0.074102 0.078898 0.014000
v 0.074102 0.078898 0.000000
v 0.074229 0.078358 0.014000
v 0.074229 0.078358 0.000000
v 0.074405 0.077833 0.014000
v 0.074405 0.077833 0.000000
v 0.074629 0.077326 0.014000
v 0.074629 0.077326 0.000000
v 0.074899 0.076841 0.014000
v 0.074899 0.076841 0.000000
v 0.075212 0.076384 0.014000
v 0.075212 0.076384 0.000000
v 0.075566 0.075958 0.014000
v 0.075566 0.075958 0.000000
v 0.075958 0.075566 0.014000
v 0.075958 0.075566 0.000000
v 0.076384 0.075212 0.014000
v 0.076384 0.075212 0.000000
v 0.076841 0.074899 0.014000
v 0.076841 0.074899 0.000000
v 0.077326 0.074629 0.014000
v 0.077326 0.074629 0.000000
v 0.077833 0.074405 0.014000
v 0.077833 0.074405 0.000000
v 0.078358 0.074229 0.014000
v 0.078358 0.074229 0.000000
v 0.078898 0.074102 0.014000
v 0.078898 0.074102 0.000000
v 0.079446 0.074026 0.014000
v 0.079446 0.074026 0.000000
v 0.080000 0.074000 0.014000
v 0.080000 0.074000 0.000000
v 0.074000 0.080000 0.014000
v 0.074026 0.080554 0.000000
v 0.074026 0.080554 0.014000
v 0.074102 0.081103 0.000000
v 0.074102 0.081103 0.014000
v 0.074229 0.081642 0.000000
v 0.074229 0.081642 0.014000
v 0.074405 0.082167 0.000000
v 0.074405 0.082167 0.014000
v 0.074629 0.082674 0.000000
v 0.074629 0.082674 0.014000
v 0.074899 0.083159 0.000000
v 0.074899 0.083159 0.014000
v 0.075212 0.083616 0.000000
v 0.075212 0.083616 0.014000
v 0.075566 0.084042 0.000000
v 0.075566 0.084042 0.014000
v 0.075958 0.084434 0.000000
v 0.075958 0.084434 0.014000
v 0.076384 0.084788 0.000000
v 0.076384 0.084788 0.014000
v 0.076841 0.085101 0.000000
v 0.076841 0.085101 0.014000
v 0.077326 0.085371 0.000000
v 0.077326 0.085371 0.014000
v 0.077833 0.085595 0.000000
v 0.077833 0.085595 0.014000
v 0.078358 0.085771 0.000000
v 0.078358 0.085771 0.014000
v 0.078898 0.085898 0.000000
v 0.078898 0.085898 0.014000
v 0.079446 0.085974 0.000000
v 0.079446 0.085974 0.014000
v 0.080000 0.086000 0.000000
v 0.080000 0.086000 0.014000
v 0.073000 0.073000 0.014000
v 0.087000 0.073000 0.014000
v 0.079446 0.074026 0.014000
v 0.078898 0.074102 0.014000
v 0.078358 0.074229 0.014000
v 0.077833 0.074405 0.014000
v 0.077326 0.074629 0.014000
v 0.076841 0.074899 0.014000
v 0.076384 0.075212 0.014000
v 0.075958 0.075566 0.014000
v 0.075566 0.075958 0.014000
v 0.075212 0.076384 0.014000
v 0.074899 0.076841 0.014000
v 0.074629 0.077326 0.014000
v 0.074405 0.077833 0.014000
v 0.074229 0.078358 0.014000
v 0.074102 0.078898 0.014000
v 0.074026 0.079446 0.014000
v 0.074000 0.080000 0.014000
v 0.073000 0.087000 0.014000
v 0.087000 0.087000 0.014000
v 0.086000 0.080000 0.014000
v 0.085974 0.079446 0.014000
v 0.085898 0.078898 0.014000
v 0.085771 0.078358 0.014000
v 0.085595 0.077833 0.014000
v 0.085371 0.077326 0.014000
v 0.085101 0.076841 0.014000
v 0.084788 0.076384 0.014000
v 0.084434 0.075958 0.014000
v 0.084042 0.075566 0.014000
v 0.083616 0.075212 0.014000
v 0.083159 0.074899 0.014000
v 0.082674 0.074629 0.014000
v 0.082167 0.074405 0.014000
v 0.081642 0.074229 0.014000
v 0.081103 0.074102 0.014000
v 0.080554 0.074026 0.014000
v 0.080000 0.074000 0.014000
v 0.079446 0.085974 0.014000
v 0.080000 0.086000 0.014000
v 0.080554 0.085974 0.014000
v 0.081103 0.085898 0.014000
v 0.081642 0.085771 0.014000
v 0.082167 0.085595 0.014000
v 0.082674 0.085371 0.014000
v 0.083159 0.085101 0.014000
v 0.083616 0.084788 0.014000
v 0.084042 0.084434 0.014000
v 0.084434 0.084042 0.014000
v 0.084788 0.083616 0.014000
v 0.085101 0.083159 0.014000
v 0.085371 0.082674 0.014000
v 0.085595 0.082167 0.014000
v 0.085771 0.081642 0.014000
v 0.085898 0.081103 0.014000
v 0.085974 0.080554 0.014000
v 0.074026 0.080554 0.014000
v 0.074102 0.081103 0.014000
v 0.074229 0.081642 0.014000
v 0.074405 0.082167 0.014000
v 0.074629 0.082674 0.014000
v 0.074899 0.083159 0.014000
v 0.075212 0.083616 0.014000
v 0.075566 0.084042 0.014000
v 0.075958 0.084434 0.014000
v 0.076384 0.084788 0.014000
v 0.076841 0.085101 0.014000
v 0.077326 0.085371 0.014000
v 0.077833 0.085595 0.014000
v 0.078358 0.085771 0.014000
v 0.078898 0.085898 0.014000
v 0.086000 0.080000 0.000000
v 0.085974 0.080554 0.014000
v 0.085974 0.080554 0.000000
v 0.085898 0.081103 0.014000
v 0.085898 0.081103 0.000000
v 0.085771 0.081642 0.014000
v 0.085771 0.081642 0.000000
v 0.085595 0.082167 0.014000
v 0.085595 0.082167 0.000000
v 0.085371 0.082674 0.014000
v 0.085371 0.082674 0.000000
v 0.085101 0.083159 0.014000
v 0.085101 0.083159 0.000000
v 0.084788 0.083616 0.014000
v 0.084788 0.083616 0.000000
v 0.084434 0.084042 0.014000
v 0.084434 0.084042 0.000000
v 0.084042 0.084434 0.014000
v 0.084042 0.084434 0.000000
v 0.083616 0.084788 0.014000
v 0.083616 0.084788 0.000000
v 0.083159 0.085101 0.014000
v 0.083159 0.085101 0.000000
v 0.082674 0.085371 0.014000
v 0.082674 0.085371 0.000000
v 0.082167 0.085595 0.014000
v 0.082167 0.085595 0.000000
v 0.081642 0.085771 0.014000
v 0.081642 0.085771 0.000000
v 0.081103 0.085898 0.014000
v 0.081103 0.085898 0.000000
v 0.080554 0.085974 0.014000
v 0.080554 0.085974 0.000000
v 0.080000 0.086000 0.014000
v 0.080000 0.086000 0.000000
v 0.086000 0.080000 0.014000
v 0.085974 0.079446 0.000000
v 0.085974 0.079446 0.014000
v 0.085898 0.078898 0.000000
v 0.085898 0.078898 0.014000
v 0.085771 0.078358 0.000000
v 0.085771 0.078358 0.014000
v 0.085595 0.077833 0.000000
v 0.085595 0.077833 0.014000
v 0.085371 0.077326 0.000000
v 0.085371 0.077326 0.014000
v 0.085101 0.076841 0.000000
v 0.085101 0.076841 0.014000
v 0.084788 0.076384 0.000000
v 0.084788 0.076384 0.014000
v 0.084434 0.075958 0.000000
v 0.084434 0.075958 0.014000
v 0.084042 0.075566 0.000000
v 0.084042 0.075566 0.014000
v 0.083616 0.075212 0.000000
v 0.083616 0.075212 0.014000
v 0.083159 0.074899 0.000000
v 0.083159 0.074899 0.014000
v 0.082674 0.074629 0.000000
v 0.082674 0.074629 0.014000
v 0.082167 0.074405 0.000000
v 0.082167 0.074405 0.014000
v 0.081642 0.074229 0.000000
v 0.081642 0.074229 0.014000
v 0.081103 0.074102 0.000000
v 0.081103 0.074102 0.014000
v 0.080554 0.074026 0.000000
v 0.080554 0.074026 0.014000
v 0.080000 0.074000 0.000000
v 0.080000 0.074000 0.014000
v 0.087000 0.087000 0.000000
v 0.087000 0.087000 0.014000
v 0.087000 0.073000 0.000000
v 0.087000 0.073000 0.014000
v 0.087000 0.087000 0.000000
v 0.073000 0.087000 0.000000
v 0.087000 0.087000 0.014000
v 0.073000 0.087000 0.014000
v 0.073000 0.073000 0.000000
v 0.087000 0.073000 0.000000
v 0.073000 0.073000 0.014000
v 0.087000 0.073000 0.014000
v 0.073000 0.073000 0.000000
v 0.073000 0.073000 0.014000
v 0.073000 0.087000 0.000000
v 0.073000 0.087000 0.014000
v 0.073000 -0.073000 0.000000
v 0.087000 -0.073000 0.000000
v 0.080000 -0.074000 0.000000
v 0.079446 -0.074026 0.000000
v 0.078898 -0.074102 0.000000
v 0.078358 -0.074229 0.000000
v 0.077833 -0.074405 0.000000
v 0.077326 -0.074629 0.000000
v 0.076841 -0.074899 0.000000
v 0.076384 -0.075212 0.000000
v 0.075958 -0.075566 0.000000
v 0.075566 -0.075958 0.000000
v 0.075212 -0.076384 0.000000
v 0.074899 -0.076841 0.000000
v 0.074629 -0.077326 0.000000
v 0.074405 -0.077833 0.000000
v 0.074229 -0.078358 0.000000
v 0.074102 -0.078898 0.000000
v 0.074026 -0.079446 0.000000
v 0.073000 -0.087000 0.000000
v 0.074000 -0.080000 0.000000
v 0.074026 -0.080554 0.000000
v 0.074102 -0.081103 0.000000
v 0.074229 -0.081642 0.000000
v 0.074405 -0.082167 0.000000
v 0.074629 -0.082674 0.000000
v 0.074899 -0.083159 0.000000
v 0.075212 -0.083616 0.000000
v 0.075566 -0.084042 0.000000
v 0.075958 -0.084434 0.000000
v 0.076384 -0.084788 0.000000
v 0.076841 -0.085101 0.000000
v 0.077326 -0.085371 0.000000
v 0.077833 -0.085595 0.000000
v 0.078358 -0.085771 0.000000
v 0.078898 -0.085898 0.000000
v 0.079446 -0.085974 0.000000
v 0.080000 -0.086000 0.000000
v 0.087000 -0.087000 0.000000
v 0.080554 -0.085974 0.000000
v 0.081103 -0.085898 0.000000
v 0.081642 -0.085771 0.000000
v 0.082167 -0.085595 0.000000
v 0.082674 -0.085371 0.000000
v 0.083159 -0.085101 0.000000
v 0.083616 -0.084788 0.000000
v 0.084042 -0.084434 0.000000
v 0.084434 -0.084042 0.000000
v 0.084788 -0.083616 0.000000
v 0.085101 -0.083159 0.000000
v 0.085371 -0.082674 0.000000
v 0.085595 -0.082167 0.000000
v 0.085771 -0.081642 0.000000
v 0.085898 -0.081103 0.000000
v 0.085974 -0.080554 0.000000
v 0.086000 -0.080000 0.000000
v 0.085974 -0.079446 0.000000
v 0.085898 -0.078898 0.000000
v 0.085771 -0.078358 0.000000
v 0.085595 -0.077833 0.000000
v 0.085371 -0.077326 0.000000
v 0.085101 -0.076841 0.000000
v 0.084788 -0.076384 0.000000
v 0.084434 -0.075958 0.000000
v 0.084042 -0.075566 0.000000
v 0.083616 -0.075212 0.000000
v 0.083159 -0.074899 0.000000
v 0.082674 -0.074629 0.000000
v 0.082167 -0.074405 0.000000
v 0.081642 -0.074229 0.000000
v 0.081103 -0.074102 0.000000
v 0.080554 -0.074026 0.000000
v 0.074000 -0.080000 0.000000
v 0.074026 -0.080554 0.014000
v 0.074026 -0.080554 0.000000
v 0.074102 -0.081103 0.014000
v 0.074102 -0.081103 0.000000
v 0.074229 -0.081642 0.014000
v 0.074229 -0.081642 0.000000
v 0.074405 -0.082167 0.014000
v 0.074405 -0.082167 0.000000
v 0.074629 -0.082674 0.014000
v 0.074629 -0.082674 0.000000
v 0.074899 -0.083159 0.014000
v 0.074899 -0.083159 0.000000
v 0.075212 -0.083616 0.014000
v 0.075212 -0.083616 0.000000
v 0.075566 -0.084042 0.014000
v 0.075566 -0.084042 0.000000
v 0.075958 -0.084434 0.014000
v 0.075958 -0.084434 0.000000
v 0.076384 -0.084788 0.014000
v 0.076384 -0.084788 0.000000
v 0.076841 -0.085101 0.014000
v 0.076841 -0.085101 0.000000
v 0.077326 -0.085371 0.014000
v 0.077326 -0.085371 0.000000
v 0.077833 -0.085595 0.014000
v 0.077833 -0.085595 0.000000
v 0.078358 -0.085771 0.014000
v 0.078358 -0.085771 0.000000
v 0.078898 -0.085898 0.014000
v 0.078898 -0.085898 0.000000
v 0.079446 -0.085974 0.014000
v 0.079446 -0.085974 0.000000
v 0.080000 -0.086000 0.014000
v 0.080000 -0.086000 0.000000
v 0.074000 -0.080000 0.014000
v 0.074026 -0.079446 0.000000
v 0.074026 -0.079446 0.014000
v 0.074102 -0.078898 0.000000
v 0.074102 -0.078898 0.014000
v 0.074229 -0.078358 0.000000
v 0.074229 -0.078358 0.014000
v 0.074405 -0.077833 0.000000
v 0.074405 -0.077833 0.014000
v 0.074629 -0.077326 0.000000
v 0.074629 -0.077326 0.014000
v 0.074899 -0.076841 0.000000
v 0.074899 -0.076841 0.014000
v 0.075212 -0.076384 0.000000
v 0.075212 -0.076384 0.014000
v 0.075566 -0.075958 0.000000
v 0.075566 -0.075958 0.014000
v 0.075958 -0.075566 0.000000
v 0.075958 -0.075566 0.014000
v 0.076384 -0.075212 0.000000
v 0.076384 -0.075212 0.014000
v 0.076841 -0.074899 0.000000
v 0.076841 -0.074899 0.014000
v 0.077326 -0.074629 0.000000
v 0.077326 -0.074629 0.014000
v 0.077833 -0.074405 0.000000
v 0.077833 -0.074405 0.014000
v 0.078358 -0.074229 0.000000
v 0.078358 -0.074229 0.014000
v 0.078898 -0.074102 0.000000
v 0.078898 -0.074102 0.014000
v 0.079446 -0.074026 0.000000
v 0.079446 -0.074026 0.014000
v 0.080000 -0.074000 0.000000
v 0.080000 -0.074000 0.014000
v 0.073000 -0.087000 0.014000
v 0.087000 -0.087000 0.014000
v 0.079446 -0.085974 0.014000
v 0.078898 -0.085898 0.014000
v 0.078358 -0.085771 0.014000
v 0.077833 -0.085595 0.014000
v 0.077326 -0.085371 0.014000
v 0.076841 -0.085101 0.014000
v 0.076384 -0.084788 0.014000
v 0.075958 -0.084434 0.014000
v 0.075566 -0.084042 0.014000
v 0.075212 -0.083616 0.014000
v 0.074899 -0.083159 0.014000
v 0.074629 -0.082674 0.014000
v 0.074405 -0.082167 0.014000
v 0.074229 -0.081642 0.014000
v 0.074102 -0.081103 0.014000
v 0.074026 -0.080554 0.014000
v 0.074000 -0.080000 0.014000
v 0.073000 -0.073000 0.014000
v 0.087000 -0.073000 0.014000
v 0.086000 -0.080000 0.014000
v 0.085974 -0.080554 0.014000
v 0.085898 -0.081103 0.014000
v 0.085771 -0.081642 0.014000
v 0.085595 -0.082167 0.014000
v 0.085371 -0.082674 0.014000
v 0.085101 -0.083159 0.014000
v 0.084788 -0.083616 0.014000
v 0.084434 -0.084042 0.014000
v 0.084042 -0.084434 0.014000
v 0.083616 -0.084788 0.014000
v 0.083159 -0.085101 0.014000
v 0.082674 -0.085371 0.014000
v 0.082167 -0.085595 0.014000
v 0.081642 -0.085771 0.014000
v 0.081103 -0.085898 0.014000
v 0.080554 -0.085974 0.014000
v 0.080000 -0.086000 0.014000
v 0.079446 -0.074026 0.014000
v 0.080000 -0.074000 0.014000
v 0.080554 -0.074026 0.014000
v 0.081103 -0.074102 0.014000
v 0.081642 -0.074229 0.014000
v 0.082167 -0.074405 0.014000
v 0.082674 -0.074629 0.014000
v 0.083159 -0.074899 0.014000
v 0.083616 -0.075212 0.014000
v 0.084042 -0.075566 0.014000
v 0.084434 -0.075958 0.014000
v 0.084788 -0.076384 0.014000
v 0.085101 -0.076841 0.014000
v 0.085371 -0.077326 0.014000
v 0.085595 -0.077833 0.014000
v 0.085771 -0.078358 0.014000
v 0.085898 -0.078898 0.014000
v 0.085974 -0.079446 0.014000
v 0.074026 -0.079446 0.014000
v 0.074102 -0.078898 0.014000
v 0.074229 -0.078358 0.014000
v 0.074405 -0.077833 0.014000
v 0.074629 -0.077326 0.014000
v 0.074899 -0.076841 0.014000
v 0.075212 -0.076384 0.014000
v 0.075566 -0.075958 0.014000
v 0.075958 -0.075566 0.014000
v 0.076384 -0.075212 0.014000
v 0.076841 -0.074899 0.014000
v 0.077326 -0.074629 0.014000
v 0.077833 -0.074405 0.014000
v 0.078358 -0.074229 0.014000
v 0.078898 -0.074102 0.014000
v 0.086000 -0.080000 0.000000
v 0.085974 -0.079446 0.014000
v 0.085974 -0.079446 0.000000
v 0.085898 -0.078898 0.014000
v 0.085898 -0.078898 0.000000
v 0.085771 -0.078358 0.014000
v 0.085771 -0.078358 0.000000
v 0.085595 -0.077833 0.014000
v 0.085595 -0.077833 0.000000
v 0.085371 -0.077326 0.014000
v 0.085371 -0.077326 0.000000
v 0.085101 -0.076841 0.014000
v 0.085101 -0.076841 0.000000
v 0.084788 -0.076384 0.014000
v 0.084788 -0.076384 0.000000
v 0.084434 -0.075958 0.014000
v 0.084434 -0.075958 0.000000
v 0.084042 -0.075566 0.014000
v 0.084042 -0.075566 0.000000
v 0.083616 -0.075212 0.014000
v 0.083616 -0.075212 0.000000
v 0.083159 -0.074899 0.014000
v 0.083159 -0.074899 0.000000
v 0.082674 -0.074629 0.014000
v 0.082674 -0.074629 0.000000
v 0.082167 -0.074405 0.014000
v 0.082167 -0.074405 0.000000
v 0.081642 -0.074229 0.014000
v 0.081642 -0.074229 0.000000
v 0.081103 -0.074102 0.014000
v 0.081103 -0.074102 0.000000
v 0.080554 -0.074026 0.014000
v 0.080554 -0.074026 0.000000
v 0.080000 -0.074000 0.014000
v 0.080000 -0.074000 0.000000
v 0.086000 -0.080000 0.014000
v 0.085974 -0.080554 0.000000
v 0.085974 -0.080554 0.014000
v 0.085898 -0.081103 0.000000
v 0.085898 -0.081103 0.014000
v 0.085771 -0.081642 0.000000
v 0.085771 -0.081642 0.014000
v 0.085595 -0.082167 0.000000
v 0.085595 -0.082167 0.014000
v 0.085371 -0.082674 0.000000
v 0.085371 -0.082674 0.014000
v 0.085101 -0.083159 0.000000
v 0.085101 -0.083159 0.014000
v 0.084788 -0.083616 0.000000
v 0.084788 -0.083616 0.014000
v 0.084434 -0.084042 0.000000
v 0.084434 -0.084042 0.014000
v 0.084042 -0.084434 0.000000
v 0.084042 -0.084434 0.014000
v 0.083616 -0.084788 0.000000
v 0.083616 -0.084788 0.014000
v 0.083159 -0.085101 0.000000
v 0.083159 -0.085101 0.014000
v 0.082674 -0.085371 0.000000
v 0.082674 -0.085371 0.014000
v 0.082167 -0.085595 0.000000
v 0.082167 -0.085595 0.014000
v 0.081642 -0.085771 0.000000
v 0.081642 -0.085771 0.014000
v 0.081103 -0.085898 0.000000
v 0.081103 -0.085898 0.014000
v 0.080554 -0.085974 0.000000
v 0.080554 -0.085974 0.014000
v 0.080000 -0.086000 0.000000
v 0.080000 -0.086000 0.014000
v 0.087000 -0.073000 0.000000
v 0.087000 -0.073000 0.014000
v 0.087000 -0.087000 0.000000
v 0.087000 -0.087000 0.014000
v 0.087000 -0.073000 0.000000
v 0.073000 -0.073000 0.000000
v 0.087000 -0.073000 0.014000
v 0.073000 -0.073000 0.014000
v 0.073000 -0.087000 0.000000
v 0.087000 -0.087000 0.000000
v 0.073000 -0.087000 0.014000
v 0.087000 -0.087000 0.014000
v 0.073000 -0.087000 0.000000
v 0.073000 -0.087000 0.014000
v 0.073000 -0.073000 0.000000
v 0.073000 -0.073000 0.014000
v 0.070000 -0.088000 0.015000
v 0.062000 -0.088000 0.015000
v 0.066000 -0.089000 0.015000
v 0.066392 -0.089026 0.015000
v 0.066776 -0.089102 0.015000
v 0.067148 -0.089228 0.015000
v 0.067500 -0.089402 0.015000
v 0.067826 -0.089620 0.015000
v 0.068121 -0.089879 0.015000
v 0.068380 -0.090174 0.015000
v 0.068598 -0.090500 0.015000
v 0.068772 -0.090852 0.015000
v 0.068898 -0.091224 0.015000
v 0.070000 -0.096000 0.015000
v 0.068974 -0.091608 0.015000
v 0.069000 -0.092000 0.015000
v 0.068974 -0.092392 0.015000
v 0.068898 -0.092776 0.015000
v 0.068772 -0.093148 0.015000
v 0.068598 -0.093500 0.015000
v 0.068380 -0.093826 0.015000
v 0.068121 -0.094121 0.015000
v 0.067826 -0.094380 0.015000
v 0.067500 -0.094598 0.015000
v 0.067148 -0.094772 0.015000
v 0.066776 -0.094898 0.015000
v 0.066392 -0.094974 0.015000
v 0.066000 -0.095000 0.015000
v 0.062000 -0.096000 0.015000
v 0.065608 -0.094974 0.015000
v 0.065224 -0.094898 0.015000
v 0.064852 -0.094772 0.015000
v 0.064500 -0.094598 0.015000
v 0.064174 -0.094380 0.015000
v 0.063879 -0.094121 0.015000
v 0.063620 -0.093826 0.015000
v 0.063402 -0.093500 0.015000
v 0.063228 -0.093148 0.015000
v 0.063102 -0.092776 0.015000
v 0.063026 -0.092392 0.015000
v 0.063000 -0.092000 0.015000
v 0.063026 -0.091608 0.015000
v 0.063102 -0.091224 0.015000
v 0.063228 -0.090852 0.015000
v 0.063402 -0.090500 0.015000
v 0.063620 -0.090174 0.015000
v 0.063879 -0.089879 0.015000
v 0.064174 -0.089620 0.015000
v 0.064500 -0.089402 0.015000
v 0.064852 -0.089228 0.015000
v 0.065224 -0.089102 0.015000
v 0.065608 -0.089026 0.015000
v 0.066000 -0.095000 0.015000
v 0.065608 -0.094974 0.000000
v 0.065608 -0.094974 0.015000
v 0.065224 -0.094898 0.000000
v 0.065224 -0.094898 0.015000
v 0.064852 -0.094772 0.000000
v 0.064852 -0.094772 0.015000
v 0.064500 -0.094598 0.000000
v 0.064500 -0.094598 0.015000
v 0.064174 -0.094380 0.000000
v 0.064174 -0.094380 0.015000
v 0.063879 -0.094121 0.000000
v 0.063879 -0.094121 0.015000
v 0.063620 -0.093826 0.000000
v 0.063620 -0.093826 0.015000
v 0.063402 -0.093500 0.000000
v 0.063402 -0.093500 0.015000
v 0.063228 -0.093148 0.000000
v 0.063228 -0.093148 0.015000
v 0.063102 -0.092776 0.000000
v 0.063102 -0.092776 0.015000
v 0.063026 -0.092392 0.000000
v 0.063026 -0.092392 0.015000
v 0.063000 -0.092000 0.000000
v 0.063000 -0.092000 0.015000
v 0.066000 -0.095000 0.000000
v 0.066392 -0.094974 0.015000
v 0.066392 -0.094974 0.000000
v 0.066776 -0.094898 0.015000
v 0.066776 -0.094898 0.000000
v 0.067148 -0.094772 0.015000
v 0.067148 -0.094772 0.000000
v 0.067500 -0.094598 0.015000
v 0.067500 -0.094598 0.000000
v 0.067826 -0.094380 0.015000
v 0.067826 -0.094380 0.000000
v 0.068121 -0.094121 0.015000
v 0.068121 -0.094121 0.000000
v 0.068380 -0.093826 0.015000
v 0.068380 -0.093826 0.000000
v 0.068598 -0.093500 0.015000
v 0.068598 -0.093500 0.000000
v 0.068772 -0.093148 0.015000
v 0.068772 -0.093148 0.000000
v 0.068898 -0.092776 0.015000
v 0.068898 -0.092776 0.000000
v 0.068974 -0.092392 0.015000
v 0.068974 -0.092392 0.000000
v 0.069000 -0.092000 0.015000
v 0.069000 -0.092000 0.000000
v 0.062000 -0.088000 0.000000
v 0.070000 -0.088000 0.000000
v 0.066000 -0.089000 0.000000
v 0.065608 -0.089026 0.000000
v 0.065224 -0.089102 0.000000
v 0.064852 -0.089228 0.000000
v 0.064500 -0.089402 0.000000
v 0.064174 -0.089620 0.000000
v 0.063879 -0.089879 0.000000
v 0.063620 -0.090174 0.000000
v 0.063402 -0.090500 0.000000
v 0.063228 -0.090852 0.000000
v 0.063102 -0.091224 0.000000
v 0.062000 -0.096000 0.000000
v 0.063026 -0.091608 0.000000
v 0.063000 -0.092000 0.000000
v 0.063026 -0.092392 0.000000
v 0.063102 -0.092776 0.000000
v 0.063228 -0.093148 0.000000
v 0.063402 -0.093500 0.000000
v 0.063620 -0.093826 0.000000
v 0.063879 -0.094121 0.000000
v 0.064174 -0.094380 0.000000
v 0.064500 -0.094598 0.000000
v 0.064852 -0.094772 0.000000
v 0.065224 -0.094898 0.000000
v 0.065608 -0.094974 0.000000
v 0.066000 -0.095000 0.000000
v 0.070000 -0.096000 0.000000
v 0.066392 -0.094974 0.000000
v 0.066776 -0.094898 0.000000
v 0.067148 -0.094772 0.000000
v 0.067500 -0.094598 0.000000
v 0.067826 -0.094380 0.000000
v 0.068121 -0.094121 0.000000
v 0.068380 -0.093826 0.000000
v 0.068598 -0.093500 0.000000
v 0.068772 -0.093148 0.000000
v 0.068898 -0.092776 0.000000
v 0.068974 -0.092392 0.000000
v 0.069000 -0.092000 0.000000
v 0.068974 -0.091608 0.000000
v 0.068898 -0.091224 0.000000
v 0.068772 -0.090852 0.000000
v 0.068598 -0.090500 0.000000
v 0.068380 -0.090174 0.000000
v 0.068121 -0.089879 0.000000
v 0.067826 -0.089620 0.000000
v 0.067500 -0.089402 0.000000
v 0.067148 -0.089228 0.000000
v 0.066776 -0.089102 0.000000
v 0.066392 -0.089026 0.000000
v 0.066000 -0.089000 0.015000
v 0.066392 -0.089026 0.000000
v 0.066392 -0.089026 0.015000
v 0.066776 -0.089102 0.000000
v 0.066776 -0.089102 0.015000
v 0.067148 -0.089228 0.000000
v 0.067148 -0.089228 0.015000
v 0.067500 -0.089402 0.000000
v 0.067500 -0.089402 0.015000
v 0.067826 -0.089620 0.000000
v 0.067826 -0.089620 0.015000
v 0.068121 -0.089879 0.000000
v 0.068121 -0.089879 0.015000
v 0.068380 -0.090174 0.000000
v 0.068380 -0.090174 0.015000
v 0.068598 -0.090500 0.000000
v 0.068598 -0.090500 0.015000
v 0.068772 -0.090852 0.000000
v 0.068772 -0.090852 0.015000
v 0.068898 -0.091224 0.000000
v 0.068898 -0.091224 0.015000
v 0.068974 -0.091608 0.000000
v 0.068974 -0.091608 0.015000
v 0.069000 -0.092000 0.000000
v 0.069000 -0.092000 0.015000
v 0.066000 -0.089000 0.000000
v 0.065608 -0.089026 0.015000
v 0.065608 -0.089026 0.000000
v 0.065224 -0.089102 0.015000
v 0.065224 -0.089102 0.000000
v 0.064852 -0.089228 0.015000
v 0.064852 -0.089228 0.000000
v 0.064500 -0.089402 0.015000
v 0.064500 -0.089402 0.000000
v 0.064174 -0.089620 0.015000
v 0.064174 -0.089620 0.000000
v 0.063879 -0.089879 0.015000
v 0.063879 -0.089879 0.000000
v 0.063620 -0.090174 0.015000
v 0.063620 -0.090174 0.000000
v 0.063402 -0.090500 0.015000
v 0.063402 -0.090500 0.000000
v 0.063228 -0.090852 0.015000
v 0.063228 -0.090852 0.000000
v 0.063102 -0.091224 0.015000
v 0.063102 -0.091224 0.000000
v 0.063026 -0.091608 0.015000
v 0.063026 -0.091608 0.000000
v 0.063000 -0.092000 0.015000
v 0.063000 -0.092000 0.000000
v 0.070000 -0.088000 0.000000
v 0.070000 -0.088000 0.015000
v 0.070000 -0.096000 0.000000
v 0.070000 -0.096000 0.015000
v 0.070000 -0.088000 0.000000
v 0.062000 -0.088000 0.000000
v 0.070000 -0.088000 0.015000
v 0.062000 -0.088000 0.015000
v 0.062000 -0.096000 0.000000
v 0.070000 -0.096000 0.000000
v 0.062000 -0.096000 0.015000
v 0.070000 -0.096000 0.015000
v 0.062000 -0.096000 0.000000
v 0.062000 -0.096000 0.015000
v 0.062000 -0.088000 0.000000
v 0.062000 -0.088000 0.015000
v -0.087000 -0.073000 0.000000
v -0.073000 -0.073000 0.000000
v -0.080000 -0.074000 0.000000
v -0.080554 -0.074026 0.000000
v -0.081103 -0.074102 0.000000
v -0.081642 -0.074229 0.000000
v -0.082167 -0.074405 0.000000
v -0.082674 -0.074629 0.000000
v -0.083159 -0.074899 0.000000
v -0.083616 -0.075212 0.000000
v -0.084042 -0.075566 0.000000
v -0.084434 -0.075958 0.000000
v -0.084788 -0.076384 0.000000
v -0.085101 -0.076841 0.000000
v -0.085371 -0.077326 0.000000
v -0.085595 -0.077833 0.000000
v -0.085771 -0.078358 0.000000
v -0.085898 -0.078898 0.000000
v -0.085974 -0.079446 0.000000
v -0.087000 -0.087000 0.000000
v -0.086000 -0.080000 0.000000
v -0.085974 -0.080554 0.000000
v -0.085898 -0.081103 0.000000
v -0.085771 -0.081642 0.000000
v -0.085595 -0.082167 0.000000
v -0.085371 -0.082674 0.000000
v -0.085101 -0.083159 0.000000
v -0.084788 -0.083616 0.000000
v -0.084434 -0.084042 0.000000
v -0.084042 -0.084434 0.000000
v -0.083616 -0.084788 0.000000
v -0.083159 -0.085101 0.000000
v -0.082674 -0.085371 0.000000
v -0.082167 -0.085595 0.000000
v -0.081642 -0.085771 0.000000
v -0.081103 -0.085898 0.000000
v -0.080554 -0.085974 0.000000
v -0.080000 -0.086000 0.000000
v -0.073000 -0.087000 0.000000
v -0.079446 -0.085974 0.000000
v -0.078898 -0.085898 0.000000
v -0.078358 -0.085771 0.000000
v -0.077833 -0.085595 0.000000
v -0.077326 -0.085371 0.000000
v -0.076841 -0.085101 0.000000
v -0.076384 -0.084788 0.000000
v -0.075958 -0.084434 0.000000
v -0.075566 -0.084042 0.000000
v -0.075212 -0.083616 0.000000
v -0.074899 -0.083159 0.000000
v -0.074629 -0.082674 0.000000
v -0.074405 -0.082167 0.000000
v -0.074229 -0.081642 0.000000
v -0.074102 -0.081103 0.000000
v -0.074026 -0.080554 0.000000
v -0.074000 -0.080000 0.000000
v -0.074026 -0.079446 0.000000
v -0.074102 -0.078898 0.000000
v -0.074229 -0.078358 0.000000
v -0.074405 -0.077833 0.000000
v -0.074629 -0.077326 0.000000
v -0.074899 -0.076841 0.000000
v -0.075212 -0.076384 0.000000
v -0.075566 -0.075958 0.000000
v -0.075958 -0.075566 0.000000
v -0.076384 -0.075212 0.000000
v -0.076841 -0.074899 0.000000
v -0.077326 -0.074629 0.000000
v -0.077833 -0.074405 0.000000
v -0.078358 -0.074229 0.000000
v -0.078898 -0.074102 0.000000
v -0.079446 -0.074026 0.000000
v -0.086000 -0.080000 0.000000
v -0.085974 -0.080554 0.014000
v -0.085974 -0.080554 0.000000
v -0.085898 -0.081103 0.014000
v -0.085898 -0.081103 0.000000
v -0.085771 -0.081642 0.014000
v -0.085771 -0.081642 0.000000
v -0.085595 -0.082167 0.014000
v -0.085595 -0.082167 0.000000
v -0.085371 -0.082674 0.014000
v -0.085371 -0.082674 0.000000
v -0.085101 -0.083159 0.014000
v -0.085101 -0.083159 0.000000
v -0.084788 -0.083616 0.014000
v -0.084788 -0.083616 0.000000
v -0.084434 -0.084042 0.014000
v -0.084434 -0.084042 0.000000
v -0.084042 -0.084434 0.014000
v -0.084042 -0.084434 0.000000
v -0.083616 -0.084788 0.014000
v -0.083616 -0.084788 0.000000
v -0.083159 -0.085101 0.014000
v -0.083159 -0.085101 0.000000
v -0.082674 -0.085371 0.014000
v -0.082674 -0.085371 0.000000
v -0.082167 -0.085595 0.014000
v -0.082167 -0.085595 0.000000
v -0.081642 -0.085771 0.014000
v -0.081642 -0.085771 0.000000
v -0.081103 -0.085898 0.014000
v -0.081103 -0.085898 0.000000
v -0.080554 -0.085974 0.014000
v -0.080554 -0.085974 0.000000
v -0.080000 -0.086000 0.014000
v -0.080000 -0.086000 0.000000
v -0.086000 -0.080000 0.014000
v -0.085974 -0.079446 0.000000
v -0.085974 -0.079446 0.014000
v -0.085898 -0.078898 0.000000
v -0.085898 -0.078898 0.014000
v -0.085771 -0.078358 0.000000
v -0.085771 -0.078358 0.014000
v -0.085595 -0.077833 0.000000
v -0.085595 -0.077833 0.014000
v -0.085371 -0.077326 0.000000
v -0.085371 -0.077326 0.014000
v -0.085101 -0.076841 0.000000
v -0.085101 -0.076841 0.014000
v -0.084788 -0.076384 0.000000
v -0.084788 -0.076384 0.014000
v -0.084434 -0.075958 0.000000
v -0.084434 -0.075958 0.014000
v -0.084042 -0.075566 0.000000
v -0.084042 -0.075566 0.014000
v -0.083616 -0.075212 0.000000
v -0.083616 -0.075212 0.014000
v -0.083159 -0.074899 0.000000
v -0.083159 -0.074899 0.014000
v -0.082674 -0.074629 0.000000
v -0.082674 -0.074629 0.014000
v -0.082167 -0.074405 0.000000
v -0.082167 -0.074405 0.014000
v -0.081642 -0.074229 0.000000
v -0.081642 -0.074229 0.014000
v -0.081103 -0.074102 0.000000
v -0.081103 -0.074102 0.014000
v -0.080554 -0.074026 0.000000
v -0.080554 -0.074026 0.014000
v -0.080000 -0.074000 0.000000
v -0.080000 -0.074000 0.014000
v -0.087000 -0.087000 0.014000
v -0.073000 -0.087000 0.014000
v -0.080554 -0.085974 0.014000
v -0.081103 -0.085898 0.014000
v -0.081642 -0.085771 0.014000
v -0.082167 -0.085595 0.014000
v -0.082674 -0.085371 0.014000
v -0.083159 -0.085101 0.014000
v -0.083616 -0.084788 0.014000
v -0.084042 -0.084434 0.014000
v -0.084434 -0.084042 0.014000
v -0.084788 -0.083616 0.014000
v -0.085101 -0.083159 0.014000
v -0.085371 -0.082674 0.014000
v -0.085595 -0.082167 0.014000
v -0.085771 -0.081642 0.014000
v -0.085898 -0.081103 0.014000
v -0.085974 -0.080554 0.014000
v -0.086000 -0.080000 0.014000
v -0.087000 -0.073000 0.014000
v -0.073000 -0.073000 0.014000
v -0.074000 -0.080000 0.014000
v -0.074026 -0.080554 0.014000
v -0.074102 -0.081103 0.014000
v -0.074229 -0.081642 0.014000
v -0.074405 -0.082167 0.014000
v -0.074629 -0.082674 0.014000
v -0.074899 -0.083159 0.014000
v -0.075212 -0.083616 0.014000
v -0.075566 -0.084042 0.014000
v -0.075958 -0.084434 0.014000
v -0.076384 -0.084788 0.014000
v -0.076841 -0.085101 0.014000
v -0.077326 -0.085371 0.014000
v -0.077833 -0.085595 0.014000
v -0.078358 -0.085771 0.014000
v -0.078898 -0.085898 0.014000
v -0.079446 -0.085974 0.014000
v -0.080000 -0.086000 0.014000
v -0.080554 -0.074026 0.014000
v -0.080000 -0.074000 0.014000
v -0.079446 -0.074026 0.014000
v -0.078898 -0.074102 0.014000
v -0.078358 -0.074229 0.014000
v -0.077833 -0.074405 0.014000
v -0.077326 -0.074629 0.014000
v -0.076841 -0.074899 0.014000
v -0.076384 -0.075212 0.014000
v -0.075958 -0.075566 0.014000
v -0.075566 -0.075958 0.014000
v -0.075212 -0.076384 0.014000
v -0.074899 -0.076841 0.014000
v -0.074629 -0.077326 0.014000
v -0.074405 -0.077833 0.014000
v -0.074229 -0.078358 0.014000
v -0.074102 -0.078898 0.014000
v -0.074026 -0.079446 0.014000
v -0.085974 -0.079446 0.014000
v -0.085898 -0.078898 0.014000
v -0.085771 -0.078358 0.014000
v -0.085595 -0.077833 0.014000
v -0.085371 -0.077326 0.014000
v -0.085101 -0.076841 0.014000
v -0.084788 -0.076384 0.014000
v -0.084434 -0.075958 0.014000
v -0.084042 -0.075566 0.014000
v -0.083616 -0.075212 0.014000
v -0.083159 -0.074899 0.014000
v -0.082674 -0.074629 0.014000
v -0.082167 -0.074405 0.014000
v -0.081642 -0.074229 0.014000
v -0.081103 -0.074102 0.014000
v -0.074000 -0.080000 0.000000
v -0.074026 -0.079446 0.014000
v -0.074026 -0.079446 0.000000
v -0.074102 -0.078898 0.014000
v -0.074102 -0.078898 0.000000
v -0.074229 -0.078358 0.014000
v -0.074229 -0.078358 0.000000
v -0.074405 -0.077833 0.014000
v -0.074405 -0.077833 0.000000
v -0.074629 -0.077326 0.014000
v -0.074629 -0.077326 0.000000
v -0.074899 -0.076841 0.014000
v -0.074899 -0.076841 0.000000
v -0.075212 -0.076384 0.014000
v -0.075212 -0.076384 0.000000
v -0.075566 -0.075958 0.014000
v -0.075566 -0.075958 0.000000
v -0.075958 -0.075566 0.014000
v -0.075958 -0.075566 0.000000
v -0.076384 -0.075212 0.014000
v -0.076384 -0.075212 0.000000
v -0.076841 -0.074899 0.014000
v -0.076841 -0.074899 0.000000
v -0.077326 -0.074629 0.014000
v -0.077326 -0.074629 0.000000
v -0.077833 -0.074405 0.014000
v -0.077833 -0.074405 0.000000
v -0.078358 -0.074229 0.014000
v -0.078358 -0.074229 0.000000
v -0.078898 -0.074102 0.014000
v -0.078898 -0.074102 0.000000
v -0.079446 -0.074026 0.014000
v -0.079446 -0.074026 0.000000
v -0.080000 -0.074000 0.014000
v -0.080000 -0.074000 0.000000
v -0.074000 -0.080000 0.014000
v -0.074026 -0.080554 0.000000
v -0.074026 -0.080554 0.014000
v -0.074102 -0.081103 0.000000
v -0.074102 -0.081103 0.014000
v -0.074229 -0.081642 0.000000
v -0.074229 -0.081642 0.014000
v -0.074405 -0.082167 0.000000
v -0.074405 -0.082167 0.014000
v -0.074629 -0.082674 0.000000
v -0.074629 -0.082674 0.014000
v -0.074899 -0.083159 0.000000
v -0.074899 -0.083159 0.014000
v -0.075212 -0.083616 0.000000
v -0.075212 -0.083616 0.014000
v -0.075566 -0.084042 0.000000
v -0.075566 -0.084042 0.014000
v -0.075958 -0.084434 0.000000
v -0.075958 -0.084434 0.014000
v -0.076384 -0.084788 0.000000
v -0.076384 -0.084788 0.014000
v -0.076841 -0.085101 0.000000
v -0.076841 -0.085101 0.014000
v -0.077326 -0.085371 0.000000
v -0.077326 -0.085371 0.014000
v -0.077833 -0.085595 0.000000
v -0.077833 -0.085595 0.014000
v -0.078358 -0.085771 0.000000
v -0.078358 -0.085771 0.014000
v -0.078898 -0.085898 0.000000
v -0.078898 -0.085898 0.014000
v -0.079446 -0.085974 0.000000
v -0.079446 -0.085974 0.014000
v -0.080000 -0.086000 0.000000
v -0.080000 -0.086000 0.014000
v -0.073000 -0.073000 0.000000
v -0.073000 -0.073000 0.014000
v -0.073000 -0.087000 0.000000
v -0.073000 -0.087000 0.014000
v -0.073000 -0.073000 0.000000
v -0.087000 -0.073000 0.000000
v -0.073000 -0.073000 0.014000
v -0.087000 -0.073000 0.014000
v -0.087000 -0.087000 0.000000
v -0.073000 -0.087000 0.000000
v -0.087000 -0.087000 0.014000
v -0.073000 -0.087000 0.014000
v -0.087000 -0.087000 0.000000
v -0.087000 -0.087000 0.014000
v -0.087000 -0.073000 0.000000
v -0.087000 -0.073000 0.014000
f -5258 -5257 -5261
f -5261 -5257 -5256
f -5261 -5256 -5255
f -5309 -5308 -5307
f -5307 -5308 -5306
f -5307 -5306 -5305
f -5168 -5170 -5169
f -5169 -5170 -5171
f -5171 -5172 -5173
f -5173 -5172 -5174
f -5173 -5174 -5175
f -5175 -5174 -5176
f -5175 -5176 -5177
f -5177 -5176 -5178
f -5177 -5178 -5179
f -6444 -6443 -6442
f -6442 -6443 -6441
f -6442 -6441 -6440
f -6440 -6441 -6439
f -6440 -6439 -6438
f -6438 -6439 -6437
f -6438 -6437 -6436
f -6436 -6437 -6435
f -6436 -6435 -6434
f -6434 -6435 -6433
f -6434 -6433 -6432
f -6432 -6433 -6431
f -5303 -5308 -5309
f -5170 -5172 -5171
f -7997 -7999 -7998
f -5252 -5251 -5306
f -5306 -5251 -5304
f -5306 -5304 -5305
f -5341 -5286 -5318
f -5318 -5286 -5285
f -5318 -5285 -5284
f -5282 -5283 -5340
f -5340 -5283 -5339
f -5340 -5339 -5338
f -5338 -5339 -5337
f -5338 -5337 -5336
f -5336 -5337 -5335
f -5336 -5335 -5334
f -5334 -5335 -5333
f -5334 -5333 -5332
f -5276 -5275 -5283
f -5283 -5275 -5274
f -5283 -5274 -5273
f -5279 -5278 -5283
f -5283 -5278 -5277
f -5283 -5277 -5276
f -5282 -5281 -5283
f -5283 -5281 -5280
f -5283 -5280 -5279
f -5273 -5272 -5283
f -5283 -5272 -5271
f -5283 -5271 -5346
f -5293 -5292 -5354
f -5354 -5292 -5291
f -5354 -5291 -5290
f -5296 -5295 -5354
f -5354 -5295 -5294
f -5354 -5294 -5293
f -5353 -5298 -5354
f -5354 -5298 -5297
f -5354 -5297 -5296
f -5324 -5348 -5350
f -5350 -5348 -5349
f -5350 -5349 -5351
f -5310 -5311 -5327
f -5327 -5311 -5312
f -5327 -5312 -5313
f -5313 -5312 -5314
f -5313 -5314 -5332
f -5332 -5314 -5315
f -5332 -5315 -5253
f -5328 -5326 -5327
f -5327 -5326 -5325
f -5327 -5325 -5270
f -5318 -5319 -5323
f -5323 -5319 -5320
f -5323 -5320 -5254
f -5254 -5321 -5323
f -5323 -5321 -5322
f -5323 -5322 -5324
f -5264 -5263 -5327
f -5327 -5263 -5262
f -5327 -5262 -5310
f -5267 -5266 -5327
f -5327 -5266 -5265
f -5327 -5265 -5264
f -5270 -5269 -5327
f -5327 -5269 -5268
f -5327 -5268 -5267
f -5355 -5354 -5356
f -5356 -5354 -5287
f -5290 -5289 -5354
f -5354 -5289 -5288
f -5354 -5288 -5287
f -7740 -7739 -7746
f -7746 -7739 -7738
f -7746 -7738 -7737
f -7743 -7742 -7746
f -7746 -7742 -7741
f -7746 -7741 -7740
f -7745 -7744 -7746
f -7746 -7744 -7743
f -6183 -6181 -6182
f -6182 -6181 -6180
f -6182 -6180 -6176
f -6176 -6180 -6147
f -6176 -6147 -6134
f -6134 -6147 -6135
f -6134 -6135 -6133
f -6133 -6135 -6123
f -6133 -6123 -6124
f -6124 -6123 -6109
f -6124 -6109 -6118
f -6118 -6109 -6110
f -6118 -6110 -6120
f -6120 -6110 -6122
f -6120 -6122 -6121
f -6121 -6122 -6135
f -6121 -6135 -6090
f -6090 -6135 -6146
f -6089 -6158 -6160
f -6160 -6158 -6159
f -6160 -6159 -6161
f -6161 -6159 -6111
f -6161 -6111 -6163
f -6163 -6111 -6165
f -6163 -6165 -6164
f -6164 -6165 -6166
f -6164 -6166 -6114
f -6114 -6166 -6118
f -6114 -6118 -6116
f -6116 -6118 -6117
f -6116 -6117 -6115
f -6118 -6120 -6119
f -6119 -6120 -6121
f -6119 -6121 -6117
f -6096 -6098 -6097
f -6097 -6098 -6099
f -6097 -6099 -6137
f -6137 -6099 -6139
f -6137 -6139 -6138
f -6138 -6139 -6140
f -6138 -6140 -6131
f -6131 -6140 -6129
f -6131 -6129 -6130
f -6130 -6129 -6128
f -6130 -6128 -6107
f -6107 -6128 -6113
f -6107 -6113 -6112
f -6112 -6113 -6167
f -6112 -6167 -6165
f -6165 -6167 -6166
f -6165 -6111 -6112
f -6112 -6111 -6108
f -6112 -6108 -6107
f -6107 -6108 -6152
f -6107 -6152 -6130
f -6130 -6152 -6150
f -6130 -6150 -6131
f -6131 -6150 -6132
f -6131 -6132 -6138
f -6138 -6132 -6136
f -6138 -6136 -6137
f -6137 -6136 -6142
f -6137 -6142 -6097
f -6097 -6142 -6143
f -6097 -6143 -6096
f -6096 -6143 -6202
f -6100 -6102 -6101
f -6101 -6102 -6103
f -6101 -6103 -6141
f -6141 -6103 -6095
f -6141 -6095 -6093
f -6093 -6095 -6094
f -6093 -6094 -6127
f -6127 -6094 -6125
f -6127 -6125 -6126
f -6126 -6125 -6171
f -6126 -6171 -6169
f -6169 -6171 -6170
f -6169 -6170 -6168
f -6168 -6170 -6124
f -6168 -6124 -6118
f -6118 -6166 -6168
f -6168 -6166 -6167
f -6168 -6167 -6169
f -6169 -6167 -6113
f -6169 -6113 -6126
f -6126 -6113 -6128
f -6126 -6128 -6127
f -6127 -6128 -6129
f -6127 -6129 -6093
f -6093 -6129 -6140
f -6093 -6140 -6141
f -6141 -6140 -6139
f -6141 -6139 -6101
f -6101 -6139 -6099
f -6101 -6099 -6100
f -6100 -6099 -6098
f -6124 -6170 -6172
f -6172 -6170 -6171
f -6172 -6171 -6173
f -6173 -6171 -6125
f -6173 -6125 -6092
f -6092 -6125 -6094
f -6092 -6094 -6145
f -6145 -6094 -6095
f -6145 -6095 -6190
f -6190 -6095 -6103
f -6190 -6103 -6104
f -6104 -6103 -6102
f -6189 -6187 -6188
f -6188 -6187 -6186
f -6188 -6186 -6145
f -6145 -6186 -6144
f -6145 -6144 -6092
f -6092 -6144 -6175
f -6092 -6175 -6173
f -6173 -6175 -6174
f -6173 -6174 -6172
f -6172 -6174 -6133
f -6172 -6133 -6124
f -6158 -6091 -6156
f -6156 -6091 -6193
f -6156 -6193 -6151
f -6151 -6193 -6149
f -6151 -6149 -6150
f -6150 -6149 -6148
f -6150 -6148 -6132
f -6132 -6148 -6136
f -6158 -6156 -6157
f -6157 -6156 -6155
f -6157 -6155 -6159
f -6159 -6155 -6154
f -6159 -6154 -6153
f -6153 -6154 -6151
f -6153 -6151 -6152
f -6152 -6151 -6150
f -6135 -6122 -6123
f -6123 -6122 -6110
f -6123 -6110 -6109
f -6133 -6174 -6134
f -6134 -6174 -6176
f -6089 -6160 -6162
f -6162 -6160 -6161
f -6162 -6161 -6163
f -6153 -6152 -6159
f -6159 -6152 -6108
f -6159 -6108 -6111
f -6155 -6156 -6154
f -6154 -6156 -6151
f -6181 -6179 -6180
f -6180 -6179 -6178
f -6180 -6178 -6147
f -6147 -6178 -6146
f -6147 -6146 -6135
f -6174 -6175 -6176
f -6176 -6175 -6177
f -6176 -6177 -6182
f -6182 -6177 -6184
f -6182 -6184 -6183
f -6183 -6184 -6185
f -6187 -6185 -6186
f -6186 -6185 -6184
f -6186 -6184 -6144
f -6144 -6184 -6177
f -6144 -6177 -6175
f -6114 -6115 -6164
f -6164 -6115 -6162
f -6164 -6162 -6163
f -6148 -6149 -6195
f -6195 -6149 -6193
f -6195 -6193 -6194
f -6194 -6193 -6192
f -6194 -6192 -6105
f -6104 -6189 -6190
f -6190 -6189 -6188
f -6190 -6188 -6145
f -6136 -6197 -6142
f -6142 -6197 -6199
f -6142 -6199 -6201
f -6201 -6199 -6200
f -6201 -6200 -6202
f -6105 -6106 -6194
f -6194 -6106 -6196
f -6194 -6196 -6195
f -6195 -6196 -6197
f -6195 -6197 -6148
f -6148 -6197 -6136
f -6199 -6197 -6198
f -6198 -6197 -6196
f -6198 -6196 -6106
f -6206 -6205 -6214
f -6214 -6205 -6204
f -6214 -6204 -6203
f -6209 -6208 -6214
f -6214 -6208 -6207
f -6214 -6207 -6206
f -6212 -6211 -6214
f -6214 -6211 -6210
f -6214 -6210 -6209
f -6002 -5991 -5992
f -5992 -5991 -5993
f -5992 -5993 -5994
f -5994 -5993 -5995
f -5994 -5995 -5996
f -5996 -5995 -5997
f -5996 -5997 -5998
f -5998 -5997 -5999
f -5998 -5999 -6000
f -6000 -5999 -6001
f -6000 -6001 -5990
f -6003 -6002 -6004
f -6004 -6002 -5980
f -6004 -5980 -5981
f -5981 -5980 -5994
f -5981 -5994 -5982
f -5982 -5994 -5996
f -5982 -5996 -5979
f -5979 -5996 -5998
f -5979 -5998 -5987
f -5987 -5998 -6000
f -5987 -6000 -5988
f -5988 -6000 -5989
f -5981 -5982 -6006
f -6006 -5982 -5983
f -6006 -5983 -6008
f -6008 -5983 -5984
f -6007 -6005 -6006
f -6006 -6005 -6004
f -6006 -6004 -5981
f -5988 -5986 -5987
f -5987 -5986 -5985
f -5987 -5985 -5979
f -5979 -5985 -5983
f -5979 -5983 -5982
f -5988 -5978 -5986
f -5986 -5978 -5984
f -5986 -5984 -5985
f -5985 -5984 -5983
f -5977 -5976 -5975
f -5975 -5976 -5974
f -5975 -5974 -5973
f -5973 -5974 -5972
f -5973 -5972 -5971
f -5972 -5974 -5956
f -5956 -5974 -5976
f -5956 -5976 -5958
f -5958 -5976 -5963
f -5958 -5963 -5965
f -5965 -5963 -5964
f -5965 -5964 -5966
f -5966 -5964 -5954
f -5966 -5954 -5968
f -5968 -5954 -5946
f -5968 -5946 -5945
f -5945 -5946 -5947
f -5945 -5947 -5949
f -5949 -5947 -5948
f -5949 -5948 -5950
f -5966 -5967 -5965
f -5965 -5967 -5959
f -5965 -5959 -5958
f -5958 -5959 -5957
f -5958 -5957 -5956
f -5956 -5957 -5955
f -5956 -5955 -5972
f -5947 -5946 -5948
f -5948 -5946 -5954
f -5948 -5954 -5953
f -5953 -5954 -5964
f -5953 -5964 -5962
f -5962 -5964 -5963
f -5962 -5963 -5961
f -5961 -5963 -5976
f -5961 -5976 -5977
f -6059 -6058 -6060
f -6060 -6058 -6057
f -6060 -6057 -6056
f -6043 -6042 -6060
f -6060 -6042 -6041
f -6060 -6041 -6040
f -6046 -6045 -6060
f -6060 -6045 -6044
f -6060 -6044 -6043
f -6049 -6048 -6060
f -6060 -6048 -6047
f -6060 -6047 -6046
f -6052 -6051 -6060
f -6060 -6051 -6050
f -6060 -6050 -6049
f -6055 -6054 -6060
f -6060 -6054 -6053
f -6060 -6053 -6052
f -6036 -6035 -6060
f -6060 -6035 -6034
f -6060 -6034 -6033
f -6039 -6038 -6060
f -6060 -6038 -6037
f -6060 -6037 -6036
f -6063 -6064 -6065
f -6065 -6064 -6066
f -6065 -6066 -6067
f -6067 -6066 -6068
f -6067 -6068 -6069
f -6069 -6068 -6070
f -6069 -6070 -6071
f -6071 -6070 -6072
f -6071 -6072 -6073
f -6073 -6072 -6074
f -6073 -6074 -6075
f -6075 -6074 -6076
f -6075 -6076 -6061
f -6079 -6078 -6086
f -6086 -6078 -6077
f -6086 -6077 -6088
f -6082 -6081 -6086
f -6086 -6081 -6080
f -6086 -6080 -6079
f -6024 -6023 -6031
f -6031 -6023 -6022
f -6031 -6022 -6021
f -6027 -6028 -6029
f -6029 -6028 -6030
f -6029 -6030 -6031
f -6031 -6030 -6032
f -6031 -6032 -6026
f -6026 -6025 -6031
f -6031 -6025 -6024
f -6011 -6010 -6029
f -6029 -6010 -6009
f -6029 -6009 -6027
f -6014 -6013 -6029
f -6029 -6013 -6012
f -6029 -6012 -6011
f -6019 -6018 -6031
f -6031 -6018 -6017
f -6031 -6017 -6016
f -6021 -6020 -6031
f -6031 -6020 -6019
f -5897 -5898 -5899
f -5899 -5898 -5900
f -5899 -5900 -5901
f -5901 -5900 -5902
f -5901 -5902 -5904
f -5904 -5902 -5903
f -5904 -5903 -5906
f -5918 -5919 -5920
f -5920 -5919 -5921
f -5920 -5921 -5922
f -5922 -5921 -5923
f -5922 -5923 -5924
f -5924 -5923 -5925
f -5924 -5925 -5917
f -5917 -5925 -5916
f -5917 -5916 -5915
f -5929 -5930 -5928
f -5928 -5930 -5927
f -5928 -5927 -5926
f -5941 -5940 -5942
f -5942 -5940 -5939
f -5942 -5939 -5938
f -5953 -5952 -5948
f -5948 -5952 -5951
f -5948 -5951 -5943
f -5961 -5960 -5962
f -5962 -5960 -5952
f -5962 -5952 -5953
f -6307 -6303 -6305
f -6305 -6303 -6304
f -6305 -6304 -6306
f -6306 -6304 -6296
f -6306 -6296 -6308
f -6308 -6296 -6309
f -6308 -6309 -6321
f -6321 -6309 -6319
f -6321 -6319 -6320
f -6320 -6319 -6360
f -6320 -6360 -6362
f -6362 -6360 -6361
f -6362 -6361 -6363
f -6363 -6361 -6330
f -6363 -6330 -6370
f -6370 -6330 -6372
f -6370 -6372 -6371
f -6371 -6372 -6373
f -6388 -6282 -6329
f -6329 -6282 -6283
f -6329 -6283 -6328
f -6328 -6283 -6323
f -6328 -6323 -6322
f -6322 -6323 -6324
f -6322 -6324 -6318
f -6318 -6324 -6317
f -6318 -6317 -6336
f -6336 -6317 -6316
f -6336 -6316 -6338
f -6338 -6316 -6293
f -6338 -6293 -6294
f -6294 -6293 -6298
f -6294 -6298 -6297
f -6297 -6298 -6351
f -6297 -6351 -6349
f -6349 -6351 -6350
f -6349 -6350 -6348
f -6348 -6350 -6301
f -6282 -6284 -6283
f -6283 -6284 -6285
f -6283 -6285 -6323
f -6323 -6285 -6325
f -6323 -6325 -6324
f -6324 -6325 -6326
f -6324 -6326 -6317
f -6317 -6326 -6315
f -6317 -6315 -6316
f -6316 -6315 -6314
f -6316 -6314 -6293
f -6293 -6314 -6299
f -6293 -6299 -6298
f -6298 -6299 -6353
f -6298 -6353 -6351
f -6351 -6353 -6352
f -6351 -6352 -6350
f -6350 -6352 -6300
f -6350 -6300 -6301
f -6301 -6300 -6302
f -6301 -6302 -6303
f -6303 -6302 -6304
f -6315 -6326 -6279
f -6279 -6326 -6327
f -6279 -6327 -6281
f -6281 -6327 -6289
f -6281 -6289 -6376
f -6376 -6289 -6290
f -6376 -6290 -6375
f -6326 -6325 -6327
f -6327 -6325 -6287
f -6327 -6287 -6289
f -6289 -6287 -6288
f -6289 -6288 -6290
f -6367 -6365 -6366
f -6366 -6365 -6364
f -6366 -6364 -6333
f -6333 -6364 -6332
f -6333 -6332 -6321
f -6321 -6332 -6276
f -6321 -6276 -6307
f -6328 -6322 -6383
f -6383 -6322 -6334
f -6383 -6334 -6381
f -6381 -6334 -6335
f -6381 -6335 -6379
f -6379 -6335 -6337
f -6379 -6337 -6342
f -6342 -6337 -6340
f -6342 -6340 -6341
f -6341 -6340 -6345
f -6341 -6345 -6343
f -6343 -6345 -6344
f -6343 -6344 -6342
f -6342 -6344 -6277
f -6342 -6277 -6379
f -6379 -6277 -6377
f -6379 -6377 -6378
f -6375 -6373 -6374
f -6374 -6373 -6372
f -6374 -6372 -6331
f -6331 -6372 -6330
f -6331 -6330 -6278
f -6278 -6330 -6361
f -6278 -6361 -6359
f -6359 -6361 -6360
f -6359 -6360 -6358
f -6358 -6360 -6319
f -6358 -6319 -6310
f -6310 -6319 -6309
f -6310 -6309 -6295
f -6295 -6309 -6296
f -6295 -6296 -6304
f -6321 -6320 -6333
f -6333 -6320 -6362
f -6333 -6362 -6366
f -6366 -6362 -6368
f -6366 -6368 -6367
f -6367 -6368 -6369
f -6337 -6335 -6336
f -6336 -6335 -6334
f -6336 -6334 -6318
f -6318 -6334 -6322
f -6338 -6294 -6345
f -6345 -6294 -6297
f -6345 -6297 -6347
f -6347 -6297 -6349
f -6347 -6349 -6348
f -6345 -6340 -6339
f -6339 -6340 -6337
f -6339 -6337 -6338
f -6338 -6337 -6336
f -6275 -6344 -6346
f -6346 -6344 -6345
f -6346 -6345 -6347
f -6284 -6286 -6285
f -6285 -6286 -6287
f -6285 -6287 -6325
f -6295 -6304 -6310
f -6310 -6304 -6354
f -6310 -6354 -6356
f -6356 -6354 -6355
f -6356 -6355 -6357
f -6357 -6355 -6312
f -6357 -6312 -6311
f -6311 -6312 -6313
f -6311 -6313 -6280
f -6280 -6313 -6279
f -6280 -6279 -6281
f -6302 -6300 -6304
f -6304 -6300 -6352
f -6304 -6352 -6354
f -6354 -6352 -6353
f -6354 -6353 -6355
f -6355 -6353 -6299
f -6355 -6299 -6312
f -6312 -6299 -6314
f -6312 -6314 -6313
f -6313 -6314 -6315
f -6313 -6315 -6279
f -6263 -6274 -6272
f -6272 -6274 -6273
f -6272 -6273 -6271
f -6266 -6265 -6272
f -6272 -6265 -6264
f -6272 -6264 -6263
f -6268 -6267 -6272
f -6272 -6267 -6266
f -6310 -6356 -6358
f -6358 -6356 -6357
f -6358 -6357 -6359
f -6359 -6357 -6311
f -6359 -6311 -6278
f -6278 -6311 -6280
f -6278 -6280 -6331
f -6331 -6280 -6281
f -6331 -6281 -6376
f -6242 -6241 -6245
f -6245 -6241 -6251
f -6245 -6251 -6252
f -6252 -6251 -6253
f -6252 -6253 -6250
f -6250 -6253 -6249
f -6250 -6249 -6248
f -6248 -6249 -6247
f -6248 -6247 -6246
f -6244 -6243 -6245
f -6245 -6243 -6242
f -6240 -6239 -6238
f -6238 -6239 -6237
f -6238 -6237 -6236
f -6234 -6233 -6232
f -6232 -6233 -6231
f -6232 -6231 -6230
f -6230 -6231 -6229
f -6230 -6229 -6228
f -6218 -6217 -6230
f -6230 -6217 -6216
f -6230 -6216 -6227
f -6221 -6220 -6230
f -6230 -6220 -6219
f -6230 -6219 -6218
f -6228 -6222 -6230
f -6230 -6222 -6221
f -6429 -6428 -6430
f -6430 -6428 -6427
f -6430 -6427 -6426
f -6449 -6455 -6457
f -6457 -6455 -6456
f -6457 -6456 -6458
f -6443 -6444 -6445
f -6445 -6444 -6446
f -6445 -6446 -6447
f -6447 -6446 -6448
f -6447 -6448 -6430
f -6430 -6448 -6429
f -6457 -6458 -6459
f -6459 -6458 -6460
f -6459 -6460 -6461
f -6461 -6460 -6462
f -6461 -6462 -6454
f -6454 -6453 -6461
f -6461 -6453 -6452
f -6461 -6452 -6451
f -6375 -6374 -6376
f -6376 -6374 -6331
f -6362 -6363 -6368
f -6368 -6363 -6370
f -6368 -6370 -6369
f -6369 -6370 -6371
f -6347 -6348 -6346
f -6346 -6348 -6275
f -6392 -6391 -6400
f -6400 -6391 -6390
f -6400 -6390 -6389
f -6395 -6394 -6400
f -6400 -6394 -6393
f -6400 -6393 -6392
f -6398 -6397 -6400
f -6400 -6397 -6396
f -6400 -6396 -6395
f -6378 -6291 -6380
f -6380 -6291 -6292
f -6380 -6292 -6382
f -6382 -6292 -6384
f -6382 -6384 -6383
f -6383 -6384 -6385
f -6383 -6385 -6328
f -6328 -6385 -6387
f -6328 -6387 -6329
f -6329 -6387 -6388
f -8052 -8060 -8062
f -8062 -8060 -8061
f -8062 -8061 -8063
f -8063 -8061 -8049
f -8063 -8049 -8048
f -8048 -8049 -8054
f -8048 -8054 -8056
f -8056 -8054 -8055
f -8056 -8055 -8057
f -8063 -8065 -8064
f -8064 -8065 -8066
f -8064 -8066 -8047
f -8063 -8064 -8062
f -8062 -8064 -8046
f -8062 -8046 -8051
f -8051 -8046 -8072
f -8051 -8072 -8074
f -8074 -8072 -8073
f -8074 -8073 -8075
f -8066 -8065 -8067
f -8067 -8065 -8048
f -8067 -8048 -8069
f -8069 -8048 -8056
f -8069 -8056 -8057
f -8059 -8058 -8070
f -8070 -8058 -8068
f -8070 -8068 -8069
f -8069 -8068 -8067
f -8059 -8070 -8071
f -8071 -8070 -8069
f -8071 -8069 -8057
f -8031 -8035 -8032
f -8032 -8035 -8033
f -8032 -8033 -8040
f -8040 -8033 -8020
f -8040 -8020 -8039
f -8004 -8003 -8011
f -8011 -8003 -8002
f -8011 -8002 -8001
f -8007 -8006 -8011
f -8011 -8006 -8005
f -8011 -8005 -8004
f -8010 -8009 -8011
f -8011 -8009 -8008
f -8011 -8008 -8007
f -8044 -8081 -8079
f -8079 -8081 -8080
f -8079 -8080 -8078
f -8091 -8090 -8089
f -8089 -8090 -8088
f -8089 -8088 -8087
f -8087 -8088 -8086
f -8087 -8086 -8085
f -8085 -8086 -8084
f -8085 -8084 -8083
f -7899 -7898 -7900
f -7900 -7898 -7897
f -7900 -7897 -7896
f -7889 -7888 -7900
f -7900 -7888 -7887
f -7900 -7887 -7886
f -7892 -7891 -7900
f -7900 -7891 -7890
f -7900 -7890 -7889
f -7895 -7894 -7900
f -7900 -7894 -7893
f -7900 -7893 -7892
f -7899 -7900 -7904
f -7904 -7900 -7906
f -7904 -7906 -7905
f -7926 -7927 -7928
f -7928 -7927 -7929
f -7928 -7929 -7930
f -7930 -7929 -7931
f -7930 -7931 -7932
f -7932 -7931 -7933
f -7932 -7933 -7920
f -7920 -7919 -7932
f -7932 -7919 -7924
f -7932 -7924 -7925
f -7925 -7924 -7923
f -7917 -7916 -7930
f -7930 -7916 -7915
f -7930 -7915 -7928
f -7932 -7925 -7930
f -7930 -7925 -7917
f -7913 -7912 -7928
f -7928 -7912 -7911
f -7928 -7911 -7926
f -7919 -7918 -7924
f -7924 -7918 -7922
f -7924 -7922 -7923
f -7923 -7922 -7921
f -7854 -7856 -7855
f -7855 -7856 -7857
f -7855 -7857 -7843
f -7842 -7841 -7855
f -7855 -7841 -7853
f -7855 -7853 -7854
f -7854 -7853 -7852
f -7841 -7840 -7853
f -7853 -7840 -7851
f -7853 -7851 -7852
f -7852 -7851 -7850
f -7840 -7839 -7851
f -7851 -7839 -7870
f -7851 -7870 -7836
f -7836 -7870 -7864
f -7836 -7864 -7849
f -7849 -7864 -7847
f -7849 -7847 -7848
f -7848 -7847 -7846
f -7844 -7846 -7845
f -7845 -7846 -7847
f -7845 -7847 -7863
f -7863 -7847 -7864
f -7863 -7864 -7866
f -7866 -7864 -7868
f -7866 -7868 -7867
f -7867 -7868 -7869
f -7863 -7866 -7876
f -7876 -7866 -7874
f -7876 -7874 -7875
f -7875 -7874 -7873
f -7875 -7873 -7838
f -7838 -7873 -7871
f -7838 -7871 -7837
f -7869 -7868 -7870
f -7870 -7868 -7864
f -7867 -7835 -7865
f -7865 -7835 -7872
f -7865 -7872 -7874
f -7874 -7872 -7873
f -7879 -7881 -7880
f -7880 -7881 -7845
f -7880 -7845 -7878
f -7878 -7845 -7863
f -7878 -7863 -7876
f -7824 -7823 -7831
f -7831 -7823 -7829
f -7831 -7829 -7830
f -7830 -7829 -7828
f -7830 -7832 -7831
f -7831 -7832 -7833
f -7831 -7833 -7824
f -7826 -7827 -7825
f -7825 -7827 -7821
f -7825 -7821 -7820
f -7823 -7822 -7829
f -7829 -7822 -7827
f -7829 -7827 -7828
f -7828 -7827 -7826
f -7799 -7800 -7801
f -7801 -7800 -7802
f -7801 -7802 -7803
f -7803 -7802 -7804
f -7803 -7804 -7793
f -7778 -7786 -7788
f -7788 -7786 -7787
f -7788 -7787 -7789
f -7789 -7787 -7782
f -7789 -7782 -7795
f -7795 -7782 -7803
f -7795 -7803 -7794
f -7794 -7803 -7793
f -7776 -7804 -7777
f -7777 -7804 -7802
f -7777 -7802 -7800
f -7791 -7790 -7797
f -7797 -7790 -7789
f -7797 -7789 -7795
f -7775 -7799 -7783
f -7783 -7799 -7801
f -7783 -7801 -7782
f -7782 -7801 -7803
f -7786 -7785 -7787
f -7787 -7785 -7784
f -7787 -7784 -7783
f -7783 -7784 -7775
f -7789 -7790 -7788
f -7788 -7790 -7779
f -7788 -7779 -7778
f -7778 -7779 -7780
f -7796 -7798 -7797
f -7797 -7798 -7792
f -7797 -7792 -7791
f -7791 -7792 -7773
f -7772 -7780 -7781
f -7781 -7780 -7779
f -7781 -7779 -7774
f -7774 -7779 -7790
f -7774 -7790 -7791
f -7760 -7771 -7769
f -7769 -7771 -7770
f -7769 -7770 -7768
f -7768 -7770 -7762
f -7768 -7762 -7766
f -7766 -7762 -7764
f -7759 -7760 -7767
f -7767 -7760 -7769
f -7767 -7769 -7768
f -7757 -7752 -7755
f -7755 -7752 -7751
f -7755 -7751 -7749
f -7749 -7748 -7755
f -7755 -7748 -7753
f -7755 -7753 -7754
f -8974 -8976 -8975
f -8975 -8976 -8967
f -8975 -8967 -8966
f -8966 -8967 -8968
f -8966 -8968 -8959
f -8959 -8968 -8960
f -8959 -8960 -8945
f -8945 -8960 -8953
f -8945 -8953 -8951
f -8951 -8953 -8952
f -8951 -8952 -8950
f -8939 -8940 -8984
f -8984 -8940 -8941
f -8984 -8941 -8944
f -8944 -8941 -8942
f -8944 -8942 -8972
f -8972 -8942 -8974
f -8972 -8974 -8973
f -8973 -8974 -8975
f -8973 -8975 -8965
f -8965 -8975 -8966
f -8965 -8966 -8958
f -8958 -8966 -8959
f -8958 -8959 -8947
f -8947 -8959 -8945
f -8947 -8945 -8949
f -8949 -8945 -8951
f -8949 -8951 -8950
f -8977 -8978 -8979
f -8979 -8978 -8980
f -8979 -8980 -8981
f -8981 -8980 -8982
f -8981 -8982 -8983
f -8983 -8982 -8984
f -8983 -8984 -8943
f -8943 -8984 -8944
f -8943 -8944 -8970
f -8970 -8944 -8972
f -8970 -8972 -8971
f -8971 -8972 -8973
f -8971 -8973 -8964
f -8964 -8973 -8965
f -8964 -8965 -8957
f -8957 -8965 -8958
f -8957 -8958 -8946
f -8946 -8958 -8947
f -8946 -8947 -8948
f -8948 -8947 -8949
f -8948 -8949 -8950
f -9009 -9010 -9011
f -9011 -9010 -9012
f -9011 -9012 -9022
f -9022 -9012 -9021
f -9022 -9021 -9020
f -9020 -9021 -9019
f -9020 -9019 -9018
f -9018 -9019 -9017
f -9018 -9017 -9016
f -9016 -9017 -9015
f -9016 -9015 -9014
f -9014 -9015 -9013
f -9026 -9027 -9025
f -9025 -9027 -9023
f -9025 -9023 -9024
f -8934 -8932 -8933
f -8933 -8932 -8931
f -8933 -8931 -8923
f -8928 -8927 -8935
f -8935 -8927 -8926
f -8935 -8926 -8925
f -8930 -8929 -8935
f -8935 -8929 -8928
f -8924 -8937 -8935
f -8935 -8937 -8936
f -8935 -8936 -8934
f -8921 -8922 -8917
f -8917 -8922 -8916
f -8917 -8916 -8915
f -8921 -8920 -8922
f -8922 -8920 -8919
f -8922 -8919 -8918
f -8910 -8911 -8909
f -8909 -8911 -8908
f -8909 -8908 -8907
f -8967 -8969 -8968
f -8968 -8969 -8961
f -8968 -8961 -8960
f -8960 -8961 -8962
f -8960 -8962 -8953
f -8953 -8962 -8955
f -8953 -8955 -8954
f -8954 -8955 -8956
f -8954 -8956 -8938
f -8961 -8963 -8962
f -8962 -8963 -8955
f -8877 -8876 -8881
f -8881 -8876 -8875
f -8881 -8875 -8874
f -8871 -8870 -8880
f -8880 -8870 -8869
f -8880 -8869 -8879
f -8882 -8884 -8883
f -8883 -8884 -8885
f -8883 -8885 -8880
f -8880 -8885 -8872
f -8880 -8872 -8871
f -8874 -8896 -8873
f -8873 -8896 -8868
f -8873 -8868 -8883
f -8883 -8868 -8882
f -8898 -8897 -8896
f -8896 -8897 -8895
f -8896 -8895 -8894
f -8902 -8903 -8901
f -8901 -8903 -8899
f -8901 -8899 -8900
f -8891 -8893 -8892
f -8892 -8893 -8855
f -8892 -8855 -8853
f -8853 -8855 -8854
f -8853 -8854 -8848
f -8846 -8844 -8845
f -8845 -8844 -8843
f -8845 -8843 -8841
f -8840 -8839 -8845
f -8845 -8839 -8838
f -8845 -8838 -8847
f -8865 -8852 -8864
f -8864 -8852 -8851
f -8864 -8851 -8850
f -8858 -8857 -8859
f -8859 -8857 -8856
f -8859 -8856 -8865
f -8863 -8862 -8866
f -8866 -8862 -8861
f -8866 -8861 -8860
f -8859 -8865 -8866
f -8866 -8865 -8864
f -8866 -8864 -8863
f -8826 -8827 -8825
f -8825 -8827 -8823
f -8825 -8823 -8824
f -8833 -8836 -8834
f -8834 -8836 -8835
f -8834 -8835 -8831
f -9190 -9191 -9195
f -9195 -9191 -9205
f -9195 -9205 -9203
f -9203 -9205 -9204
f -9203 -9204 -9202
f -9202 -9204 -9196
f -9202 -9196 -9200
f -9176 -9175 -9186
f -9186 -9175 -9174
f -9186 -9174 -9185
f -9178 -9177 -9186
f -9186 -9177 -9176
f -9159 -9173 -9171
f -9171 -9173 -9172
f -9171 -9172 -9170
f -9166 -9165 -9169
f -9169 -9165 -9164
f -9169 -9164 -9163
f -9170 -9168 -9169
f -9169 -9168 -9167
f -9169 -9167 -9166
f -9163 -9162 -9169
f -9169 -9162 -9161
f -9169 -9161 -9160
f -9192 -9194 -9201
f -9201 -9194 -9203
f -9201 -9203 -9202
f -9204 -9205 -9206
f -9206 -9205 -9207
f -9206 -9207 -9199
f -9190 -9195 -9189
f -9189 -9195 -9193
f -9079 -9080 -9078
f -9078 -9080 -9077
f -9078 -9077 -9076
f -10208 -10214 -10212
f -10212 -10214 -10213
f -10212 -10213 -10215
f -10216 -10217 -10215
f -10215 -10217 -10211
f -10215 -10211 -10212
f -10178 -10180 -10179
f -10179 -10180 -10189
f -10179 -10189 -10191
f -10191 -10189 -10190
f -10191 -10190 -10192
f -10192 -10190 -10183
f -10192 -10183 -10176
f -10184 -10186 -10185
f -10185 -10186 -10187
f -10185 -10187 -10189
f -10189 -10187 -10188
f -10189 -10188 -10190
f -10190 -10188 -10183
f -10187 -10186 -10188
f -10188 -10186 -10173
f -10188 -10173 -10181
f -10020 -10019 -10021
f -10021 -10019 -9996
f -10021 -9996 -9995
f -10037 -10036 -10042
f -10042 -10036 -10035
f -10042 -10035 -10044
f -10043 -10041 -10042
f -10042 -10041 -10040
f -10042 -10040 -10038
f -9968 -9969 -9970
f -9970 -9969 -9971
f -9970 -9971 -9981
f -9981 -9971 -9980
f -9981 -9980 -9979
f -9979 -9980 -9978
f -9979 -9978 -9977
f -9977 -9978 -9976
f -9977 -9976 -9975
f -9975 -9976 -9974
f -9975 -9974 -9973
f -9973 -9974 -9972
f -9899 -9900 -9901
f -9901 -9900 -9902
f -9901 -9902 -9903
f -9903 -9902 -9904
f -9903 -9904 -9905
f -9905 -9904 -9906
f -9905 -9906 -9907
f -9907 -9906 -9908
f -9907 -9908 -9917
f -9917 -9908 -9916
f -9917 -9916 -9915
f -9915 -9916 -9914
f -9915 -9914 -9913
f -9913 -9914 -9912
f -9913 -9912 -9911
f -9911 -9912 -9910
f -9911 -9910 -9909
f -9879 -9880 -9881
f -9881 -9880 -9882
f -9881 -9882 -9883
f -9883 -9882 -9884
f -9883 -9884 -9885
f -9885 -9884 -9886
f -9885 -9886 -9887
f -9887 -9886 -9888
f -9887 -9888 -9897
f -9897 -9888 -9896
f -9897 -9896 -9895
f -9895 -9896 -9894
f -9895 -9894 -9893
f -9893 -9894 -9892
f -9893 -9892 -9891
f -9891 -9892 -9890
f -9891 -9890 -9889
f -9854 -9853 -9859
f -9859 -9853 -9852
f -9859 -9852 -9861
f -9860 -9858 -9859
f -9859 -9858 -9857
f -9859 -9857 -9855
f -9842 -9833 -9844
f -9844 -9833 -9841
f -9844 -9841 -9840
f -9836 -9835 -9848
f -9848 -9835 -9850
f -9848 -9850 -9849
f -9839 -9838 -9846
f -9846 -9838 -9848
f -9846 -9848 -9847
f -9847 -9848 -9849
f -9840 -9839 -9844
f -9844 -9839 -9846
f -9844 -9846 -9845
f -9845 -9846 -9847
f -10797 -10796 -10800
f -10800 -10796 -10795
f -10800 -10795 -10816
f -10812 -10799 -10800
f -10800 -10799 -10798
f -10800 -10798 -10797
f -10816 -10815 -10814
f -10814 -10815 -10813
f -10814 -10813 -10806
f -10804 -10803 -10814
f -10814 -10803 -10802
f -10814 -10802 -10801
f -10806 -10805 -10814
f -10814 -10805 -10804
f -1199 -1198 -1210
f -1210 -1198 -1197
f -1210 -1197 -1196
f -1202 -1201 -1210
f -1210 -1201 -1200
f -1210 -1200 -1199
f -1205 -1204 -1210
f -1210 -1204 -1203
f -1210 -1203 -1202
f -1208 -1207 -1210
f -1210 -1207 -1206
f -1210 -1206 -1205
f -1222 -1221 -1225
f -1225 -1221 -1220
f -1225 -1220 -1219
f -1226 -1224 -1225
f -1225 -1224 -1223
f -1225 -1223 -1222
f -1214 -1213 -1225
f -1225 -1213 -1212
f -1225 -1212 -1211
f -1217 -1216 -1225
f -1225 -1216 -1215
f -1225 -1215 -1214
f -1219 -1218 -1225
f -1225 -1218 -1217
f -1138 -1139 -1140
f -1140 -1139 -1141
f -1140 -1141 -1142
f -1142 -1141 -1143
f -1142 -1143 -1144
f -1144 -1143 -1145
f -1144 -1145 -1146
f -1146 -1145 -1147
f -1146 -1147 -1148
f -1148 -1147 -1149
f -1148 -1149 -1150
f -1150 -1149 -1151
f -1150 -1151 -1152
f -1152 -1151 -1153
f -1152 -1153 -1154
f -1154 -1153 -1155
f -1154 -1155 -1156
f -1156 -1155 -1157
f -1156 -1157 -1158
f -1158 -1157 -1159
f -1158 -1159 -1160
f -1160 -1159 -1161
f -1160 -1161 -1186
f -1186 -1161 -1185
f -1186 -1185 -1184
f -1184 -1185 -1183
f -1184 -1183 -1182
f -1182 -1183 -1181
f -1182 -1181 -1180
f -1180 -1181 -1179
f -1180 -1179 -1178
f -1178 -1179 -1177
f -1178 -1177 -1176
f -1176 -1177 -1175
f -1176 -1175 -1174
f -1174 -1175 -1173
f -1174 -1173 -1172
f -1172 -1173 -1171
f -1172 -1171 -1170
f -1170 -1171 -1169
f -1170 -1169 -1168
f -1168 -1169 -1167
f -1168 -1167 -1166
f -1166 -1167 -1165
f -1166 -1165 -1164
f -1164 -1165 -1163
f -1164 -1163 -1162
f -1105 -1104 -1120
f -1120 -1104 -1103
f -1120 -1103 -1102
f -1108 -1107 -1120
f -1120 -1107 -1106
f -1120 -1106 -1105
f -1111 -1110 -1120
f -1120 -1110 -1109
f -1120 -1109 -1108
f -1114 -1113 -1120
f -1120 -1113 -1112
f -1120 -1112 -1111
f -1117 -1116 -1120
f -1120 -1116 -1115
f -1120 -1115 -1114
f -1098 -1097 -1101
f -1101 -1097 -1096
f -1101 -1096 -1095
f -1102 -1100 -1101
f -1101 -1100 -1099
f -1101 -1099 -1098
f -1090 -1089 -1101
f -1101 -1089 -1088
f -1101 -1088 -1087
f -1093 -1092 -1101
f -1101 -1092 -1091
f -1101 -1091 -1090
f -1095 -1094 -1101
f -1101 -1094 -1093
f -1086 -1085 -1101
f -1101 -1085 -1084
f -1101 -1084 -1083
f -1064 -1063 -1119
f -1119 -1063 -1062
f -1119 -1062 -1061
f -1056 -1055 -1119
f -1119 -1055 -1054
f -1119 -1054 -1053
f -1059 -1058 -1119
f -1119 -1058 -1057
f -1119 -1057 -1056
f -1061 -1060 -1119
f -1119 -1060 -1059
f -1051 -1050 -1119
f -1119 -1050 -1049
f -1119 -1049 -1118
f -1053 -1052 -1119
f -1119 -1052 -1051
f -1301 -1300 -1312
f -1312 -1300 -1299
f -1312 -1299 -1298
f -1304 -1303 -1312
f -1312 -1303 -1302
f -1312 -1302 -1301
f -1307 -1306 -1312
f -1312 -1306 -1305
f -1312 -1305 -1304
f -1310 -1309 -1312
f -1312 -1309 -1308
f -1312 -1308 -1307
f -1320 -1319 -1327
f -1327 -1319 -1318
f -1327 -1318 -1317
f -1323 -1322 -1327
f -1327 -1322 -1321
f -1327 -1321 -1320
f -1326 -1325 -1327
f -1327 -1325 -1324
f -1327 -1324 -1323
f -1316 -1315 -1327
f -1327 -1315 -1314
f -1327 -1314 -1313
f -1290 -1289 -1339
f -1339 -1289 -1338
f -1339 -1338 -1340
f -1340 -1338 -1337
f -1340 -1337 -1336
f -1331 -1330 -1340
f -1340 -1330 -1329
f -1340 -1329 -1328
f -1334 -1333 -1340
f -1340 -1333 -1332
f -1340 -1332 -1331
f -1336 -1335 -1340
f -1340 -1335 -1334
f -1293 -1292 -1339
f -1339 -1292 -1291
f -1339 -1291 -1290
f -1296 -1295 -1339
f -1339 -1295 -1294
f -1339 -1294 -1293
f -1229 -1228 -1238
f -1238 -1228 -1227
f -1238 -1227 -1226
f -1232 -1231 -1238
f -1238 -1231 -1230
f -1238 -1230 -1229
f -1235 -1234 -1238
f -1238 -1234 -1233
f -1238 -1233 -1232
f -1194 -1193 -1237
f -1237 -1193 -1192
f -1237 -1192 -1191
f -1189 -1188 -1237
f -1237 -1188 -1187
f -1237 -1187 -1236
f -1191 -1190 -1237
f -1237 -1190 -1189
f -1240 -1241 -1242
f -1242 -1241 -1243
f -1242 -1243 -1244
f -1244 -1243 -1245
f -1244 -1245 -1246
f -1246 -1245 -1247
f -1246 -1247 -1248
f -1248 -1247 -1249
f -1248 -1249 -1250
f -1250 -1249 -1251
f -1250 -1251 -1252
f -1252 -1251 -1253
f -1252 -1253 -1254
f -1254 -1253 -1255
f -1254 -1255 -1256
f -1256 -1255 -1257
f -1256 -1257 -1258
f -1258 -1257 -1259
f -1258 -1259 -1260
f -1260 -1259 -1261
f -1260 -1261 -1262
f -1262 -1261 -1263
f -1262 -1263 -1288
f -1288 -1263 -1287
f -1288 -1287 -1286
f -1286 -1287 -1285
f -1286 -1285 -1284
f -1284 -1285 -1283
f -1284 -1283 -1282
f -1282 -1283 -1281
f -1282 -1281 -1280
f -1280 -1281 -1279
f -1280 -1279 -1278
f -1278 -1279 -1277
f -1278 -1277 -1276
f -1276 -1277 -1275
f -1276 -1275 -1274
f -1274 -1275 -1273
f -1274 -1273 -1272
f -1272 -1273 -1271
f -1272 -1271 -1270
f -1270 -1271 -1269
f -1270 -1269 -1268
f -1268 -1269 -1267
f -1268 -1267 -1266
f -1266 -1267 -1265
f -1266 -1265 -1264
f -965 -964 -978
f -978 -964 -963
f -978 -963 -962
f -968 -967 -978
f -978 -967 -966
f -978 -966 -965
f -971 -970 -978
f -978 -970 -969
f -978 -969 -968
f -974 -973 -978
f -978 -973 -972
f -978 -972 -971
f -941 -940 -977
f -977 -940 -976
f -977 -976 -978
f -978 -976 -975
f -978 -975 -974
f -944 -943 -977
f -977 -943 -942
f -977 -942 -941
f -947 -946 -977
f -977 -946 -945
f -977 -945 -944
f -923 -922 -958
f -958 -922 -957
f -958 -957 -977
f -977 -957 -956
f -977 -956 -955
f -950 -949 -977
f -977 -949 -948
f -977 -948 -947
f -953 -952 -977
f -977 -952 -951
f -977 -951 -950
f -955 -954 -977
f -977 -954 -953
f -980 -981 -982
f -982 -981 -983
f -982 -983 -984
f -984 -983 -985
f -984 -985 -986
f -986 -985 -987
f -986 -987 -988
f -988 -987 -989
f -988 -989 -990
f -990 -989 -991
f -990 -991 -992
f -992 -991 -993
f -992 -993 -994
f -994 -993 -995
f -994 -995 -996
f -996 -995 -997
f -996 -997 -998
f -998 -997 -999
f -998 -999 -1000
f -1000 -999 -1001
f -1000 -1001 -1002
f -1002 -1001 -1003
f -1002 -1003 -1004
f -1004 -1003 -1005
f -1004 -1005 -1006
f -1006 -1005 -1007
f -1006 -1007 -1008
f -1008 -1007 -1009
f -1008 -1009 -1010
f -1010 -1009 -1011
f -1010 -1011 -1012
f -1012 -1011 -1013
f -1012 -1013 -1048
f -1048 -1013 -1047
f -1048 -1047 -1046
f -1046 -1047 -1045
f -1046 -1045 -1044
f -1044 -1045 -1043
f -1044 -1043 -1042
f -1042 -1043 -1041
f -1042 -1041 -1040
f -1040 -1041 -1039
f -1040 -1039 -1038
f -1038 -1039 -1037
f -1038 -1037 -1036
f -1036 -1037 -1035
f -1036 -1035 -1034
f -1034 -1035 -1033
f -1034 -1033 -1032
f -1032 -1033 -1031
f -1032 -1031 -1030
f -1030 -1031 -1029
f -1030 -1029 -1028
f -1028 -1029 -1027
f -1028 -1027 -1026
f -1026 -1027 -1025
f -1026 -1025 -1024
f -1024 -1025 -1023
f -1024 -1023 -1022
f -1022 -1023 -1021
f -1022 -1021 -1020
f -1020 -1021 -1019
f -1020 -1019 -1018
f -1018 -1019 -1017
f -1018 -1017 -1016
f -1016 -1017 -1015
f -1016 -1015 -1014
f -1067 -1066 -1082
f -1082 -1066 -1065
f -1082 -1065 -1064
f -1070 -1069 -1082
f -1082 -1069 -1068
f -1082 -1068 -1067
f -1073 -1072 -1082
f -1082 -1072 -1071
f -1082 -1071 -1070
f -1076 -1075 -1082
f -1082 -1075 -1074
f -1082 -1074 -1073
f -1079 -1078 -1082
f -1082 -1078 -1077
f -1082 -1077 -1076
f -1083 -1081 -1082
f -1082 -1081 -1080
f -1082 -1080 -1079
f -838 -839 -840
f -840 -839 -841
f -840 -841 -842
f -842 -841 -843
f -842 -843 -844
f -844 -843 -845
f -844 -845 -846
f -846 -845 -847
f -846 -847 -848
f -848 -847 -849
f -848 -849 -850
f -850 -849 -851
f -850 -851 -852
f -852 -851 -853
f -852 -853 -854
f -854 -853 -855
f -854 -855 -856
f -856 -855 -857
f -856 -857 -858
f -858 -857 -859
f -858 -859 -860
f -860 -859 -861
f -860 -861 -862
f -862 -861 -863
f -862 -863 -864
f -864 -863 -865
f -864 -865 -866
f -866 -865 -867
f -866 -867 -868
f -868 -867 -869
f -868 -869 -870
f -870 -869 -871
f -870 -871 -906
f -906 -871 -905
f -906 -905 -904
f -904 -905 -903
f -904 -903 -902
f -902 -903 -901
f -902 -901 -900
f -900 -901 -899
f -900 -899 -898
f -898 -899 -897
f -898 -897 -896
f -896 -897 -895
f -896 -895 -894
f -894 -895 -893
f -894 -893 -892
f -892 -893 -891
f -892 -891 -890
f -890 -891 -889
f -890 -889 -888
f -888 -889 -887
f -888 -887 -886
f -886 -887 -885
f -886 -885 -884
f -884 -885 -883
f -884 -883 -882
f -882 -883 -881
f -882 -881 -880
f -880 -881 -879
f -880 -879 -878
f -878 -879 -877
f -878 -877 -876
f -876 -877 -875
f -876 -875 -874
f -874 -875 -873
f -874 -873 -872
f -920 -919 -959
f -959 -919 -918
f -959 -918 -917
f -926 -925 -958
f -958 -925 -924
f -958 -924 -923
f -929 -928 -958
f -958 -928 -927
f -958 -927 -926
f -932 -931 -958
f -958 -931 -930
f -958 -930 -929
f -935 -934 -958
f -958 -934 -933
f -958 -933 -932
f -938 -937 -958
f -958 -937 -936
f -958 -936 -935
f -912 -911 -959
f -959 -911 -910
f -959 -910 -909
f -915 -914 -959
f -959 -914 -913
f -959 -913 -912
f -917 -916 -959
f -959 -916 -915
f -909 -908 -959
f -959 -908 -907
f -959 -907 -939
f -5303 -5302 -5308
f -5308 -5302 -5301
f -5308 -5301 -5300
f -5300 -5301 -5331
f -5300 -5331 -5329
f -5329 -5331 -5330
f -5329 -5330 -5328
f -5347 -5346 -5345
f -5345 -5346 -5344
f -5345 -5344 -5343
f -5343 -5344 -5342
f -5343 -5342 -5341
f -5350 -5351 -5352
f -5352 -5351 -5353
f -5352 -5353 -5299
f -5299 -5353 -5354
f -7713 -7714 -7715
f -7715 -7714 -7716
f -7717 -7718 -7719
f -7719 -7718 -7720
f -7719 -7720 -7721
f -7721 -7720 -7722
f -7721 -7722 -7723
f -7723 -7722 -7724
f -7709 -7710 -7711
f -7711 -7710 -7712
f -7725 -7726 -7727
f -7727 -7726 -7728
f -7727 -7728 -7729
f -7729 -7728 -7730
f -7729 -7730 -7731
f -7731 -7730 -7732
f -7733 -7734 -7735
f -7735 -7734 -7736
f -6192 -6193 -6191
f -6191 -6193 -6091
f -6142 -6201 -6143
f -6143 -6201 -6202
f -6002 -5992 -5980
f -5980 -5992 -5994
f -5955 -5957 -5944
f -5944 -5957 -5959
f -5944 -5959 -5969
f -5969 -5959 -5967
f -5969 -5967 -5968
f -5968 -5967 -5966
f -5969 -5968 -5970
f -5970 -5968 -5945
f -6088 -6087 -6086
f -6086 -6087 -6085
f -6086 -6085 -6084
f -6084 -6085 -6083
f -5911 -5913 -5912
f -5912 -5913 -5914
f -5910 -5909 -5908
f -5908 -5909 -5907
f -5908 -5907 -5906
f -5906 -5907 -5905
f -5906 -5905 -5904
f -5913 -5917 -5914
f -5914 -5917 -5915
f -5937 -5936 -5935
f -5935 -5936 -5934
f -5935 -5934 -5933
f -5933 -5934 -5932
f -5933 -5932 -5931
f -5931 -5932 -5930
f -5931 -5930 -5929
f -5880 -5881 -5882
f -5882 -5881 -5883
f -5882 -5883 -5884
f -5884 -5883 -5885
f -5884 -5885 -5886
f -5886 -5885 -5887
f -5886 -5887 -5888
f -5888 -5887 -5889
f -5888 -5889 -5890
f -5890 -5889 -5891
f -5890 -5891 -5892
f -5892 -5891 -5893
f -5892 -5893 -5894
f -5894 -5893 -5895
f -5894 -5895 -5896
f -5896 -5895 -5897
f -5896 -5897 -5899
f -6305 -6306 -6307
f -6307 -6306 -6308
f -6307 -6308 -6321
f -6269 -6270 -6271
f -6271 -6270 -6272
f -6262 -6261 -6260
f -6260 -6261 -6259
f -6260 -6259 -6258
f -6258 -6259 -6257
f -6258 -6257 -6256
f -6256 -6257 -6255
f -6256 -6255 -6254
f -6227 -6226 -6230
f -6230 -6226 -6225
f -6230 -6225 -6224
f -6224 -6225 -6223
f -6384 -6386 -6385
f -6385 -6386 -6387
f -6382 -6381 -6380
f -6380 -6381 -6379
f -6380 -6379 -6378
f -8067 -8068 -8066
f -8066 -8068 -8058
f -8052 -8051 -8050
f -8050 -8051 -8074
f -8050 -8074 -8076
f -8076 -8074 -8075
f -8076 -8075 -8077
f -8039 -8041 -8040
f -8040 -8041 -8042
f -8012 -8013 -8018
f -8018 -8013 -8017
f -8076 -8077 -8078
f -8078 -8077 -8079
f -7907 -7908 -7909
f -7909 -7908 -7910
f -7904 -7905 -7903
f -7903 -7905 -7902
f -7903 -7902 -7901
f -7934 -7935 -7936
f -7936 -7935 -7937
f -7938 -7940 -7939
f -7939 -7940 -7941
f -7940 -7942 -7941
f -7941 -7942 -7943
f -7856 -7858 -7857
f -7857 -7858 -7859
f -7848 -7850 -7849
f -7849 -7850 -7851
f -7849 -7851 -7836
f -7874 -7866 -7865
f -7865 -7866 -7867
f -7858 -7860 -7859
f -7859 -7860 -7861
f -7876 -7877 -7878
f -7878 -7877 -7879
f -7878 -7879 -7880
f -7805 -7806 -7807
f -7807 -7806 -7808
f -7815 -7814 -7813
f -7813 -7814 -7812
f -7813 -7812 -7811
f -7811 -7812 -7810
f -7811 -7810 -7809
f -7816 -7817 -7818
f -7818 -7817 -7819
f -7794 -7796 -7795
f -7795 -7796 -7797
f -7770 -7761 -7762
f -7762 -7761 -7763
f -7762 -7763 -7764
f -7764 -7763 -7765
f -7747 -7758 -7756
f -7756 -7758 -7757
f -7756 -7757 -7755
f -9030 -9029 -9028
f -9028 -9029 -9027
f -9028 -9027 -9026
f -8914 -8913 -8912
f -8912 -8913 -8911
f -8912 -8911 -8910
f -8953 -8954 -8952
f -8952 -8954 -8938
f -8880 -8879 -8881
f -8881 -8879 -8878
f -8881 -8878 -8877
f -8877 -8878 -8849
f -8891 -8890 -8889
f -8889 -8890 -8888
f -8889 -8888 -8887
f -8887 -8888 -8897
f -8887 -8897 -8898
f -8849 -8878 -8850
f -8850 -8878 -8864
f -8906 -8905 -8904
f -8904 -8905 -8903
f -8904 -8903 -8902
f -8859 -8855 -8858
f -8858 -8855 -8893
f -8830 -8829 -8828
f -8828 -8829 -8827
f -8828 -8827 -8826
f -9192 -9193 -9194
f -9194 -9193 -9195
f -9194 -9195 -9203
f -9199 -9198 -9206
f -9206 -9198 -9197
f -9206 -9197 -9204
f -9204 -9197 -9196
f -9083 -9082 -9081
f -9081 -9082 -9080
f -9081 -9080 -9079
f -9155 -9156 -9157
f -9157 -9156 -9158
f -10222 -10221 -10220
f -10220 -10221 -10219
f -10220 -10219 -10218
f -10218 -10219 -10217
f -10218 -10217 -10216
f -10181 -10182 -10188
f -10188 -10182 -10183
f -10178 -10179 -10177
f -10177 -10179 -10191
f -10177 -10191 -10174
f -10174 -10191 -10192
f -10174 -10192 -10175
f -10175 -10192 -10176
f -10222 -10220 -10209
f -10209 -10220 -10210
f -10016 -10018 -10017
f -10017 -10018 -10023
f -10017 -10023 -9984
f -9984 -10023 -10011
f -10020 -10021 -10022
f -10022 -10021 -10023
f -10022 -10023 -10018
f -9874 -9875 -9876
f -9876 -9875 -9877
f -9870 -9871 -9872
f -9872 -9871 -9873
f -9866 -9867 -9868
f -9868 -9867 -9869
f -9862 -9863 -9864
f -9864 -9863 -9865
f -9836 -9848 -9837
f -9837 -9848 -9838
f -9842 -9844 -9843
f -9843 -9844 -9845
f -10801 -10807 -10809
f -10809 -10807 -10808
f -10809 -10808 -10810
f -10809 -10810 -10811
f -10811 -10810 -10812
f -10811 -10812 -10800
f -1208 -1210 -1209
f -1209 -1210 -1211
f -10972 -10973 -10974
f -10974 -10973 -10975
f -1133 -1134 -1135
f -1135 -1134 -1136
f -10968 -10969 -10970
f -10970 -10969 -10971
f -10964 -10965 -10966
f -10966 -10965 -10967
f -1129 -1130 -1131
f -1131 -1130 -1132
f -10960 -10961 -10962
f -10962 -10961 -10963
f -1121 -1122 -1123
f -1123 -1122 -1124
f -1125 -1126 -1127
f -1127 -1126 -1128
f -1119 -1118 -1120
f -1120 -1118 -1117
f -1327 -1313 -1312
f -1312 -1313 -1311
f -1312 -1311 -1310
f -1326 -1327 -1328
f -1328 -1327 -1340
f -1312 -1298 -1339
f -1339 -1298 -1297
f -1339 -1297 -1296
f -1237 -1236 -1238
f -1238 -1236 -1235
f -1194 -1237 -1195
f -1195 -1237 -1196
f -821 -822 -823
f -823 -822 -824
f -825 -826 -827
f -827 -826 -828
f -829 -830 -831
f -831 -830 -832
f -833 -834 -835
f -835 -834 -836
f -962 -961 -978
f -978 -961 -960
f -978 -960 -959
f -959 -960 -921
f -959 -921 -920
f -959 -939 -958
f -958 -939 -938
f -5341 -5318 -5343
f -5334 -5332 -5253
f -5347 -5283 -5346
f -6157 -6159 -6158
f -6212 -6214 -6213
f -6055 -6060 -6056
f -6039 -6060 -6040
f -6014 -6029 -6015
f -6338 -6345 -6339
f -6240 -6238 -6235
f -6215 -6233 -6234
f -6449 -6457 -6450
f -6398 -6400 -6399
f -6386 -6388 -6387
f -8065 -8063 -8048
f -8045 -8059 -8071
f -8030 -8035 -8031
f -8033 -8035 -8034
f -8000 -8011 -8001
f -8082 -8090 -8091
f -7895 -7900 -7896
f -7913 -7928 -7914
f -7750 -7752 -7757
f -8982 -8939 -8984
f -8924 -8935 -8925
f -8955 -8963 -8956
f -8832 -8836 -8833
f -9188 -9191 -9190
f -9191 -9207 -9205
f -10207 -10214 -10208
f -9832 -9833 -9842
f -9834 -9835 -9836
f -1086 -1101 -1087
f -1316 -1327 -1317
f -5324 -5350 -5323
f -5327 -5329 -5328
f -6114 -6116 -6115
f -6118 -6119 -6117
f -6198 -6200 -6199
f -6000 -5990 -5989
f -6006 -6008 -6007
f -6004 -6005 -6003
f -6065 -6062 -6063
f -5951 -5952 -5960
f -6341 -6343 -6342
f -6286 -6288 -6287
f -6382 -6383 -6381
f -8064 -8047 -8046
f -8052 -8062 -8051
f -8053 -8055 -8054
f -8041 -8043 -8042
f -7942 -7944 -7943
f -7855 -7843 -7842
f -7860 -7862 -7861
f -7871 -7873 -7872
f -7875 -7877 -7876
f -7844 -7845 -7881
f -7832 -7834 -7833
f -7827 -7822 -7821
f -7782 -7787 -7783
f -7767 -7768 -7766
f -7754 -7756 -7755
f -8933 -8935 -8934
f -8867 -8882 -8868
f -8873 -8881 -8874
f -8884 -8886 -8885
f -8892 -8890 -8891
f -8896 -8894 -8868
f -8845 -8847 -8846
f -8845 -8841 -8840
f -8843 -8844 -8842
f -8838 -8839 -8837
f -9169 -9171 -9170
f -9201 -9202 -9200
f -10180 -10185 -10189
f -10010 -10021 -9995
f -10016 -10017 -10015
f -10040 -10041 -10039
f -10042 -10038 -10037
f -10035 -10036 -10034
f -10042 -10044 -10043
f -9898 -9900 -9899
f -9878 -9880 -9879
f -9852 -9853 -9851
f -9857 -9858 -9856
f -9859 -9861 -9860
f -9859 -9855 -9854
f -10809 -10814 -10801
f -10816 -10814 -10800
f -1237 -1210 -1196
f -1210 -1225 -1211
f -1225 -1238 -1226
f -1137 -1139 -1138
f -1101 -1120 -1102
f -1082 -1101 -1083
f -1119 -1082 -1064
f -1239 -1241 -1240
f -837 -839 -838
f -979 -981 -980
f -7946 -7947 -7945
f -5284 -5316 -5318
f -5318 -5316 -5317
f -5318 -5317 -5319
f -7690 -7689 -7688
f -7688 -7689 -7687
f -7688 -7687 -7686
f -7686 -7687 -7685
f -7686 -7685 -7684
f -7684 -7685 -7683
f -8778 -8777 -8779
f -8779 -8777 -8776
f -8779 -8776 -8775
f -7172 -7171 -7176
f -7176 -7171 -7170
f -7176 -7170 -7169
f -7207 -7205 -7206
f -7206 -7205 -7204
f -7206 -7204 -7208
f -7208 -7204 -7256
f -7208 -7256 -7258
f -7258 -7256 -7257
f -7258 -7257 -7259
f -7259 -7257 -7203
f -7259 -7203 -7216
f -7216 -7203 -7218
f -7216 -7218 -7217
f -7217 -7218 -7219
f -7217 -7219 -7183
f -7183 -7219 -7230
f -7183 -7230 -7231
f -7231 -7230 -7229
f -7231 -7229 -7191
f -7191 -7229 -7189
f -7191 -7189 -7190
f -7190 -7189 -7188
f -7180 -7211 -7225
f -7225 -7211 -7212
f -7225 -7212 -7213
f -7213 -7212 -7200
f -7213 -7200 -7199
f -7199 -7200 -7208
f -7199 -7208 -7214
f -7214 -7208 -7258
f -7214 -7258 -7260
f -7260 -7258 -7259
f -7260 -7259 -7261
f -7261 -7259 -7216
f -7261 -7216 -7215
f -7215 -7216 -7217
f -7215 -7217 -7184
f -7184 -7217 -7183
f -7184 -7183 -7185
f -7185 -7183 -7231
f -7185 -7231 -7193
f -7193 -7231 -7191
f -7193 -7191 -7192
f -7192 -7191 -7190
f -7186 -7188 -7187
f -7187 -7188 -7189
f -7187 -7189 -7227
f -7227 -7189 -7229
f -7227 -7229 -7228
f -7228 -7229 -7230
f -7228 -7230 -7221
f -7221 -7230 -7219
f -7221 -7219 -7220
f -7220 -7219 -7218
f -7220 -7218 -7197
f -7197 -7218 -7203
f -7197 -7203 -7202
f -7202 -7203 -7257
f -7202 -7257 -7255
f -7255 -7257 -7256
f -7255 -7256 -7254
f -7254 -7256 -7204
f -7254 -7204 -7205
f -7214 -7260 -7262
f -7262 -7260 -7261
f -7262 -7261 -7263
f -7263 -7261 -7215
f -7263 -7215 -7182
f -7182 -7215 -7184
f -7182 -7184 -7235
f -7235 -7184 -7185
f -7235 -7185 -7280
f -7280 -7185 -7193
f -7280 -7193 -7194
f -7194 -7193 -7192
f -7208 -7200 -7210
f -7210 -7200 -7212
f -7210 -7212 -7211
f -7197 -7202 -7198
f -7198 -7202 -7201
f -7198 -7201 -7249
f -7249 -7201 -7251
f -7249 -7251 -7250
f -7250 -7251 -7252
f -7250 -7252 -7179
f -7279 -7277 -7278
f -7278 -7277 -7276
f -7278 -7276 -7235
f -7235 -7276 -7234
f -7235 -7234 -7182
f -7182 -7234 -7265
f -7182 -7265 -7263
f -7263 -7265 -7264
f -7263 -7264 -7262
f -7262 -7264 -7223
f -7262 -7223 -7214
f -7214 -7223 -7213
f -7214 -7213 -7199
f -7208 -7210 -7209
f -7209 -7210 -7211
f -7209 -7211 -7207
f -7277 -7275 -7276
f -7276 -7275 -7274
f -7276 -7274 -7234
f -7234 -7274 -7267
f -7234 -7267 -7265
f -7265 -7267 -7266
f -7265 -7266 -7264
f -7264 -7266 -7224
f -7264 -7224 -7223
f -7223 -7224 -7225
f -7223 -7225 -7213
f -7292 -7186 -7233
f -7233 -7186 -7187
f -7233 -7187 -7232
f -7232 -7187 -7227
f -7232 -7227 -7226
f -7226 -7227 -7228
f -7226 -7228 -7222
f -7222 -7228 -7221
f -7222 -7221 -7240
f -7240 -7221 -7220
f -7240 -7220 -7242
f -7242 -7220 -7197
f -7242 -7197 -7198
f -7224 -7237 -7225
f -7225 -7237 -7236
f -7225 -7236 -7180
f -7248 -7181 -7246
f -7246 -7181 -7283
f -7246 -7283 -7241
f -7241 -7283 -7239
f -7241 -7239 -7240
f -7240 -7239 -7238
f -7240 -7238 -7222
f -7222 -7238 -7226
f -7338 -7339 -7340
f -7340 -7339 -7341
f -7340 -7341 -7345
f -7345 -7341 -7342
f -7345 -7342 -7343
f -7335 -7340 -7336
f -7336 -7340 -7337
f -7336 -7337 -7333
f -7343 -7344 -7345
f -7345 -7344 -7346
f -7345 -7346 -7347
f -7347 -7346 -7348
f -7347 -7348 -7349
f -7349 -7348 -7350
f -7349 -7350 -7334
f -7351 -7362 -7360
f -7360 -7362 -7361
f -7360 -7361 -7359
f -7354 -7353 -7360
f -7360 -7353 -7352
f -7360 -7352 -7351
f -7356 -7355 -7360
f -7360 -7355 -7354
f -7376 -7378 -7377
f -7377 -7378 -7464
f -7377 -7464 -7369
f -7369 -7464 -7419
f -7369 -7419 -7368
f -7368 -7419 -7366
f -7368 -7366 -7399
f -7399 -7366 -7447
f -7399 -7447 -7445
f -7445 -7447 -7446
f -7445 -7446 -7444
f -7444 -7446 -7398
f -7444 -7398 -7442
f -7442 -7398 -7392
f -7442 -7392 -7440
f -7440 -7392 -7388
f -7440 -7388 -7438
f -7438 -7388 -7389
f -7438 -7389 -7436
f -7374 -7376 -7375
f -7375 -7376 -7377
f -7375 -7377 -7415
f -7415 -7377 -7369
f -7415 -7369 -7367
f -7367 -7369 -7368
f -7367 -7368 -7401
f -7401 -7368 -7399
f -7401 -7399 -7400
f -7400 -7399 -7445
f -7400 -7445 -7443
f -7443 -7445 -7444
f -7443 -7444 -7442
f -7321 -7320 -7324
f -7324 -7320 -7330
f -7324 -7330 -7331
f -7331 -7330 -7332
f -7331 -7332 -7329
f -7329 -7332 -7328
f -7329 -7328 -7327
f -7327 -7328 -7326
f -7327 -7326 -7325
f -7323 -7322 -7324
f -7324 -7322 -7321
f -7281 -7282 -7283
f -7283 -7282 -7284
f -7283 -7284 -7285
f -7285 -7284 -7286
f -7285 -7286 -7287
f -7287 -7286 -7288
f -7287 -7288 -7289
f -7289 -7288 -7290
f -7289 -7290 -7291
f -7291 -7290 -7292
f -7291 -7292 -7233
f -7296 -7295 -7304
f -7304 -7295 -7294
f -7304 -7294 -7293
f -7299 -7298 -7304
f -7304 -7298 -7297
f -7304 -7297 -7296
f -7302 -7301 -7304
f -7304 -7301 -7300
f -7304 -7300 -7299
f -7226 -7287 -7232
f -7232 -7287 -7289
f -7232 -7289 -7291
f -7194 -7279 -7280
f -7280 -7279 -7278
f -7280 -7278 -7235
f -7236 -7237 -7268
f -7268 -7237 -7270
f -7268 -7270 -7269
f -7269 -7270 -7271
f -7273 -7271 -7272
f -7272 -7271 -7270
f -7272 -7270 -7266
f -7266 -7270 -7237
f -7266 -7237 -7224
f -7266 -7267 -7272
f -7272 -7267 -7274
f -7272 -7274 -7273
f -7273 -7274 -7275
f -7205 -7252 -7254
f -7254 -7252 -7253
f -7254 -7253 -7255
f -7255 -7253 -7201
f -7255 -7201 -7202
f -7248 -7247 -7249
f -7249 -7247 -7245
f -7249 -7245 -7244
f -7244 -7245 -7246
f -7244 -7246 -7241
f -7249 -7250 -7248
f -7248 -7250 -7179
f -7242 -7249 -7243
f -7243 -7249 -7244
f -7243 -7244 -7241
f -7447 -7449 -7448
f -7448 -7449 -7450
f -7448 -7450 -7408
f -7408 -7450 -7421
f -7408 -7421 -7409
f -7409 -7421 -7420
f -7409 -7420 -7364
f -7372 -7374 -7373
f -7373 -7374 -7375
f -7373 -7375 -7413
f -7413 -7375 -7415
f -7413 -7415 -7414
f -7414 -7415 -7367
f -7414 -7367 -7403
f -7403 -7367 -7401
f -7403 -7401 -7402
f -7402 -7401 -7400
f -7402 -7400 -7387
f -7387 -7400 -7443
f -7387 -7443 -7441
f -7441 -7443 -7442
f -7441 -7442 -7440
f -7370 -7372 -7371
f -7371 -7372 -7373
f -7371 -7373 -7411
f -7411 -7373 -7413
f -7411 -7413 -7412
f -7412 -7413 -7414
f -7412 -7414 -7405
f -7405 -7414 -7403
f -7405 -7403 -7404
f -7404 -7403 -7402
f -7404 -7402 -7381
f -7381 -7402 -7387
f -7381 -7387 -7386
f -7386 -7387 -7441
f -7386 -7441 -7439
f -7439 -7441 -7440
f -7439 -7440 -7438
f -7476 -7370 -7417
f -7417 -7370 -7371
f -7417 -7371 -7416
f -7416 -7371 -7411
f -7416 -7411 -7410
f -7410 -7411 -7412
f -7410 -7412 -7406
f -7406 -7412 -7405
f -7406 -7405 -7424
f -7424 -7405 -7404
f -7424 -7404 -7426
f -7426 -7404 -7381
f -7426 -7381 -7382
f -7382 -7381 -7386
f -7382 -7386 -7385
f -7385 -7386 -7439
f -7385 -7439 -7437
f -7437 -7439 -7438
f -7437 -7438 -7436
f -7382 -7385 -7433
f -7433 -7385 -7435
f -7433 -7435 -7434
f -7434 -7435 -7436
f -7434 -7436 -7363
f -7450 -7449 -7451
f -7451 -7449 -7418
f -7451 -7418 -7458
f -7458 -7418 -7460
f -7458 -7460 -7459
f -7459 -7460 -7461
f -7463 -7461 -7462
f -7462 -7461 -7460
f -7462 -7460 -7419
f -7419 -7460 -7418
f -7419 -7418 -7366
f -7366 -7418 -7449
f -7366 -7449 -7447
f -7378 -7463 -7464
f -7464 -7463 -7462
f -7464 -7462 -7419
f -7420 -7421 -7452
f -7452 -7421 -7454
f -7452 -7454 -7453
f -7453 -7454 -7455
f -7447 -7448 -7446
f -7446 -7448 -7407
f -7446 -7407 -7398
f -7398 -7407 -7397
f -7398 -7397 -7383
f -7383 -7397 -7384
f -7383 -7384 -7392
f -7392 -7384 -7394
f -7392 -7394 -7393
f -7393 -7394 -7395
f -7393 -7395 -7391
f -7450 -7451 -7456
f -7456 -7451 -7458
f -7456 -7458 -7457
f -7457 -7458 -7459
f -7421 -7450 -7454
f -7454 -7450 -7456
f -7454 -7456 -7455
f -7455 -7456 -7457
f -7466 -7379 -7468
f -7468 -7379 -7380
f -7468 -7380 -7470
f -7470 -7380 -7472
f -7470 -7472 -7471
f -7471 -7472 -7473
f -7471 -7473 -7416
f -7416 -7473 -7475
f -7416 -7475 -7417
f -7417 -7475 -7476
f -7406 -7424 -7422
f -7422 -7424 -7423
f -7422 -7423 -7469
f -7469 -7423 -7467
f -7469 -7467 -7468
f -7468 -7467 -7466
f -7416 -7410 -7471
f -7471 -7410 -7422
f -7471 -7422 -7469
f -7465 -7467 -7365
f -7365 -7467 -7430
f -7365 -7430 -7432
f -7432 -7430 -7431
f -7432 -7431 -7433
f -7433 -7431 -7429
f -7433 -7429 -7428
f -7428 -7429 -7430
f -7428 -7430 -7425
f -7425 -7430 -7467
f -7425 -7467 -7423
f -7480 -7479 -7488
f -7488 -7479 -7478
f -7488 -7478 -7477
f -7483 -7482 -7488
f -7488 -7482 -7481
f -7488 -7481 -7480
f -7486 -7485 -7488
f -7488 -7485 -7484
f -7488 -7484 -7483
f -7448 -7408 -7407
f -7407 -7408 -7409
f -7407 -7409 -7397
f -7397 -7409 -7396
f -7397 -7396 -7384
f -7384 -7396 -7394
f -7389 -7388 -7390
f -7390 -7388 -7392
f -7390 -7392 -7391
f -7391 -7392 -7393
f -7433 -7428 -7427
f -7427 -7428 -7425
f -7427 -7425 -7426
f -7426 -7425 -7424
f -7433 -7434 -7432
f -7432 -7434 -7363
f -7427 -7426 -7433
f -7433 -7426 -7382
f -7394 -7396 -7395
f -7395 -7396 -7409
f -7395 -7409 -7364
f -7552 -7554 -7553
f -7553 -7554 -7555
f -7553 -7555 -7546
f -7546 -7555 -7545
f -7546 -7545 -7547
f -7547 -7545 -7549
f -7547 -7549 -7548
f -7548 -7549 -7550
f -7551 -7550 -7564
f -7564 -7550 -7549
f -7564 -7549 -7544
f -7544 -7549 -7545
f -7544 -7545 -7557
f -7557 -7545 -7555
f -7557 -7555 -7556
f -7556 -7555 -7554
f -7560 -7543 -7562
f -7562 -7543 -7542
f -7562 -7542 -7551
f -7544 -7557 -7561
f -7561 -7557 -7556
f -7561 -7556 -7559
f -7527 -7526 -7538
f -7538 -7526 -7525
f -7538 -7525 -7536
f -7532 -7531 -7540
f -7540 -7531 -7530
f -7540 -7530 -7529
f -7536 -7537 -7538
f -7538 -7537 -7539
f -7538 -7539 -7540
f -7540 -7539 -7541
f -7540 -7541 -7535
f -7535 -7534 -7540
f -7540 -7534 -7533
f -7540 -7533 -7532
f -7506 -7524 -7522
f -7522 -7524 -7523
f -7522 -7523 -7521
f -7513 -7512 -7518
f -7518 -7512 -7511
f -7518 -7511 -7510
f -7516 -7515 -7518
f -7518 -7515 -7514
f -7518 -7514 -7513
f -7505 -7519 -7521
f -7521 -7519 -7520
f -7521 -7520 -7522
f -7522 -7520 -7517
f -7522 -7517 -7518
f -7518 -7517 -7516
f -7510 -7509 -7518
f -7518 -7509 -7508
f -7498 -7499 -7497
f -7497 -7499 -7496
f -7497 -7496 -7495
f -7495 -7496 -7494
f -7495 -7494 -7493
f -7493 -7494 -7492
f -7493 -7492 -7491
f -7491 -7492 -7490
f -7491 -7490 -7489
f -7582 -7584 -7583
f -7583 -7584 -7585
f -7583 -7585 -7597
f -7597 -7585 -7599
f -7597 -7599 -7598
f -7598 -7599 -7600
f -7598 -7600 -7578
f -7578 -7600 -7602
f -7578 -7602 -7577
f -7577 -7602 -7604
f -7577 -7604 -7576
f -7576 -7604 -7575
f -7576 -7575 -7574
f -7577 -7576 -7578
f -7578 -7576 -7573
f -7578 -7573 -7598
f -7598 -7573 -7596
f -7598 -7596 -7597
f -7597 -7596 -7595
f -7597 -7595 -7583
f -7583 -7595 -7581
f -7583 -7581 -7582
f -7582 -7581 -7580
f -7590 -7591 -7607
f -7607 -7591 -7606
f -7607 -7606 -7605
f -7605 -7606 -7604
f -7605 -7604 -7603
f -7603 -7604 -7602
f -7603 -7602 -7601
f -7601 -7602 -7600
f -7601 -7600 -7599
f -7576 -7574 -7573
f -7573 -7574 -7572
f -7573 -7572 -7596
f -7596 -7572 -7594
f -7596 -7594 -7595
f -7595 -7594 -7593
f -7595 -7593 -7579
f -7589 -7590 -7603
f -7603 -7590 -7607
f -7603 -7607 -7605
f -7588 -7601 -7587
f -7587 -7601 -7599
f -7587 -7599 -7586
f -7586 -7599 -7585
f -7586 -7585 -7584
f -7611 -7610 -7612
f -7612 -7610 -7609
f -7612 -7609 -7608
f -7613 -7614 -7616
f -7616 -7614 -7615
f -7616 -7615 -7617
f -7552 -7553 -7570
f -7570 -7553 -7546
f -7570 -7546 -7568
f -7568 -7546 -7566
f -7568 -7566 -7567
f -7567 -7566 -7565
f -7562 -7564 -7563
f -7563 -7564 -7544
f -7563 -7544 -7561
f -7580 -7581 -7579
f -7579 -7581 -7595
f -7649 -7648 -7650
f -7650 -7648 -7647
f -7650 -7647 -7646
f -7625 -7626 -7627
f -7627 -7626 -7628
f -7627 -7628 -7630
f -7630 -7628 -7632
f -7630 -7632 -7631
f -7631 -7632 -7633
f -7660 -7659 -7670
f -7670 -7659 -7658
f -7670 -7658 -7657
f -7663 -7662 -7670
f -7670 -7662 -7661
f -7670 -7661 -7660
f -7666 -7665 -7670
f -7670 -7665 -7664
f -7670 -7664 -7663
f -7669 -7668 -7670
f -7670 -7668 -7667
f -7670 -7667 -7666
f -5860 -5859 -5861
f -5861 -5859 -5855
f -5861 -5855 -5854
f -5813 -5814 -5815
f -5815 -5814 -5816
f -5815 -5816 -5858
f -5858 -5816 -5817
f -5858 -5817 -5786
f -5854 -5852 -5853
f -5853 -5852 -5851
f -5853 -5851 -5793
f -5783 -5856 -5858
f -5858 -5856 -5857
f -5858 -5857 -5859
f -5767 -5766 -5838
f -5838 -5766 -5840
f -5838 -5840 -5839
f -5839 -5840 -5841
f -5834 -5833 -5838
f -5838 -5833 -5832
f -5838 -5832 -5775
f -5835 -5837 -5836
f -5836 -5837 -5811
f -5836 -5811 -5764
f -5764 -5811 -5765
f -5770 -5769 -5838
f -5838 -5769 -5768
f -5838 -5768 -5767
f -5773 -5772 -5838
f -5838 -5772 -5771
f -5838 -5771 -5770
f -5775 -5774 -5838
f -5838 -5774 -5773
f -5841 -5842 -5843
f -5843 -5842 -5844
f -5843 -5844 -5845
f -5845 -5844 -5846
f -5845 -5846 -5847
f -5847 -5846 -5848
f -5847 -5848 -5849
f -5849 -5848 -5850
f -5849 -5850 -5815
f -5815 -5850 -5782
f -5815 -5782 -5781
f -5786 -5785 -5858
f -5858 -5785 -5784
f -5858 -5784 -5783
f -5802 -5803 -5804
f -5804 -5803 -5805
f -5804 -5805 -5809
f -5809 -5805 -5806
f -5809 -5806 -5807
f -5778 -5777 -5815
f -5815 -5777 -5776
f -5815 -5776 -5813
f -5781 -5780 -5815
f -5815 -5780 -5779
f -5815 -5779 -5778
f -5807 -5808 -5809
f -5809 -5808 -5810
f -5809 -5810 -5811
f -5811 -5810 -5812
f -5811 -5812 -5765
f -5763 -5762 -5804
f -5804 -5762 -5761
f -5804 -5761 -5802
f -5828 -5826 -5827
f -5827 -5826 -5825
f -5827 -5825 -5804
f -5804 -5825 -5763
f -5819 -5818 -5820
f -5820 -5818 -5760
f -5820 -5760 -5759
f -5829 -5831 -5830
f -5830 -5831 -5820
f -5830 -5820 -5751
f -5751 -5820 -5752
f -5755 -5754 -5820
f -5820 -5754 -5753
f -5820 -5753 -5752
f -5758 -5757 -5820
f -5820 -5757 -5756
f -5820 -5756 -5755
f -5790 -5789 -5794
f -5794 -5789 -5788
f -5794 -5788 -5787
f -5793 -5792 -5794
f -5794 -5792 -5791
f -5794 -5791 -5790
f -8573 -8572 -8579
f -8579 -8572 -8571
f -8579 -8571 -8577
f -8574 -8573 -8581
f -8581 -8573 -8579
f -8581 -8579 -8580
f -8580 -8579 -8578
f -8580 -8582 -8581
f -8581 -8582 -8583
f -8581 -8583 -8575
f -8552 -8553 -8557
f -8557 -8553 -8559
f -8557 -8559 -8558
f -8558 -8559 -8560
f -8558 -8560 -8551
f -8551 -8560 -8570
f -8551 -8570 -8550
f -8561 -8567 -8569
f -8569 -8567 -8568
f -8569 -8568 -8570
f -8555 -8554 -8567
f -8567 -8554 -8565
f -8567 -8565 -8566
f -8566 -8565 -8564
f -8541 -8549 -8547
f -8547 -8549 -8548
f -8547 -8548 -8546
f -8539 -8538 -8544
f -8544 -8538 -8542
f -8544 -8542 -8543
f -8534 -8533 -8537
f -8537 -8533 -8532
f -8537 -8532 -8531
f -8536 -8535 -8537
f -8537 -8535 -8534
f -8528 -8527 -8537
f -8537 -8527 -8526
f -8537 -8526 -8525
f -8531 -8530 -8537
f -8537 -8530 -8529
f -8537 -8529 -8528
f -8651 -8653 -8652
f -8652 -8653 -8654
f -8652 -8654 -8625
f -8625 -8654 -8639
f -8625 -8639 -8637
f -8637 -8639 -8638
f -8637 -8638 -8636
f -8636 -8638 -8626
f -8626 -8638 -8627
f -8627 -8638 -8640
f -8627 -8640 -8646
f -8646 -8640 -8648
f -8646 -8648 -8647
f -8647 -8648 -8649
f -8647 -8649 -8635
f -8633 -8632 -8645
f -8645 -8632 -8643
f -8645 -8643 -8644
f -8644 -8643 -8642
f -8644 -8642 -8629
f -8629 -8628 -8644
f -8644 -8628 -8627
f -8644 -8627 -8646
f -8642 -8643 -8641
f -8641 -8643 -8631
f -8641 -8631 -8630
f -8634 -8633 -8647
f -8647 -8633 -8645
f -8647 -8645 -8646
f -8646 -8645 -8644
f -8649 -8648 -8650
f -8650 -8648 -8656
f -8650 -8656 -8657
f -8657 -8656 -8655
f -8601 -8602 -8600
f -8600 -8602 -8596
f -8600 -8596 -8595
f -8594 -8593 -8592
f -8592 -8593 -8591
f -8592 -8591 -8590
f -8590 -8591 -8589
f -8590 -8589 -8588
f -8588 -8589 -8587
f -8588 -8587 -8586
f -8599 -8598 -8606
f -8606 -8598 -8604
f -8606 -8604 -8605
f -8605 -8604 -8603
f -8598 -8597 -8604
f -8604 -8597 -8602
f -8604 -8602 -8603
f -8603 -8602 -8601
f -8605 -8607 -8606
f -8606 -8607 -8608
f -8606 -8608 -8599
f -8677 -8675 -8676
f -8676 -8675 -8674
f -8676 -8674 -8671
f -8671 -8674 -8672
f -8671 -8672 -8667
f -8669 -8668 -8678
f -8678 -8668 -8666
f -8678 -8666 -8677
f -8677 -8676 -8678
f -8678 -8676 -8670
f -8678 -8670 -8669
f -8648 -8640 -8656
f -8656 -8640 -8639
f -8656 -8639 -8654
f -8702 -8701 -8707
f -8707 -8701 -8700
f -8707 -8700 -8699
f -8705 -8704 -8707
f -8707 -8704 -8703
f -8707 -8703 -8702
f -8689 -8688 -8696
f -8696 -8688 -8687
f -8696 -8687 -8692
f -8692 -8691 -8696
f -8696 -8691 -8690
f -8696 -8690 -8698
f -8697 -8695 -8696
f -8696 -8695 -8694
f -8696 -8694 -8689
f -8729 -8728 -8727
f -8727 -8728 -8726
f -8727 -8726 -8725
f -8725 -8726 -8724
f -8725 -8724 -8723
f -8723 -8724 -8722
f -8723 -8722 -8721
f -8739 -8740 -8738
f -8738 -8740 -8731
f -8738 -8731 -8730
f -8743 -8745 -8744
f -8744 -8745 -8747
f -8744 -8747 -8749
f -8749 -8747 -8748
f -8749 -8748 -8751
f -8733 -8734 -8755
f -8755 -8734 -8756
f -8755 -8756 -8760
f -8760 -8756 -8762
f -8760 -8762 -8761
f -8761 -8762 -8763
f -8761 -8763 -8752
f -8752 -8763 -8753
f -8752 -8753 -8751
f -8751 -8753 -8750
f -8751 -8750 -8749
f -8749 -8750 -8737
f -8749 -8737 -8744
f -8735 -8736 -8754
f -8754 -8736 -8750
f -8754 -8750 -8753
f -8760 -8761 -8759
f -8759 -8761 -8752
f -8757 -8758 -8764
f -8764 -8758 -8766
f -8764 -8766 -8765
f -8765 -8766 -8767
f -8765 -8767 -8735
f -8735 -8754 -8765
f -8765 -8754 -8763
f -8765 -8763 -8764
f -8764 -8763 -8762
f -8764 -8762 -8757
f -8757 -8762 -8756
f -8757 -8756 -8734
f -8767 -8766 -8768
f -8768 -8766 -8758
f -8768 -8758 -8732
f -8514 -8496 -8513
f -8513 -8496 -8495
f -8513 -8495 -8504
f -8505 -8506 -8513
f -8513 -8506 -8511
f -8513 -8511 -8512
f -8512 -8511 -8510
f -8510 -8511 -8517
f -8517 -8511 -8507
f -8517 -8507 -8515
f -8493 -8508 -8517
f -8517 -8508 -8509
f -8517 -8509 -8510
f -8518 -8520 -8519
f -8519 -8520 -8503
f -8519 -8503 -8502
f -8516 -8518 -8517
f -8517 -8518 -8519
f -8517 -8519 -8493
f -8500 -8499 -8519
f -8519 -8499 -8498
f -8519 -8498 -8497
f -8502 -8501 -8519
f -8519 -8501 -8500
f -8042 -8036 -8037
f -8037 -8036 -8038
f -8037 -8038 -8029
f -8029 -8038 -8028
f -8029 -8028 -8027
f -8027 -8026 -8029
f -8029 -8026 -8025
f -8029 -8025 -8024
f -8023 -8022 -8024
f -8024 -8022 -8021
f -8024 -8021 -8029
f -8017 -8016 -8019
f -8019 -8016 -8015
f -8019 -8015 -8014
f -9492 -9493 -9491
f -9491 -9493 -9490
f -9491 -9490 -9489
f -9508 -9509 -9507
f -9507 -9509 -9505
f -9507 -9505 -9506
f -9590 -9591 -9592
f -9592 -9591 -9593
f -9592 -9593 -9598
f -9598 -9593 -9596
f -9598 -9596 -9597
f -9597 -9596 -9595
f -9600 -9601 -9608
f -9608 -9601 -9602
f -9608 -9602 -9606
f -9606 -9602 -9604
f -9606 -9604 -9605
f -9605 -9604 -9603
f -9569 -9565 -9583
f -9583 -9565 -9585
f -9583 -9585 -9584
f -9584 -9585 -9586
f -9577 -9570 -9568
f -9568 -9570 -9569
f -9568 -9569 -9581
f -9581 -9569 -9583
f -9581 -9583 -9582
f -9582 -9583 -9584
f -9582 -9580 -9581
f -9581 -9580 -9579
f -9581 -9579 -9567
f -9591 -9589 -9593
f -9593 -9589 -9588
f -9593 -9588 -9594
f -9586 -9585 -9587
f -9587 -9585 -9564
f -9567 -9566 -9575
f -9575 -9566 -9573
f -9575 -9573 -9574
f -9574 -9573 -9572
f -9574 -9572 -9563
f -9563 -9572 -9561
f -9563 -9561 -9558
f -9563 -9562 -9574
f -9574 -9562 -9576
f -9574 -9576 -9575
f -9575 -9576 -9577
f -9575 -9577 -9568
f -9581 -9567 -9568
f -9568 -9567 -9575
f -9663 -9664 -9669
f -9669 -9664 -9665
f -9669 -9665 -9667
f -9662 -9663 -9671
f -9671 -9663 -9669
f -9671 -9669 -9670
f -9670 -9669 -9668
f -9670 -9672 -9671
f -9671 -9672 -9673
f -9671 -9673 -9660
f -9614 -9615 -9616
f -9616 -9615 -9617
f -9616 -9617 -9618
f -9618 -9617 -9619
f -9618 -9619 -9613
f -9634 -9639 -9633
f -9633 -9639 -9632
f -9633 -9632 -9630
f -9640 -9638 -9639
f -9639 -9638 -9637
f -9639 -9637 -9632
f -9634 -9628 -9639
f -9639 -9628 -9641
f -9639 -9641 -9640
f -9635 -9633 -9631
f -9631 -9633 -9630
f -9631 -9630 -9629
f -9623 -9622 -9627
f -9627 -9622 -9621
f -9627 -9621 -9620
f -9626 -9625 -9627
f -9627 -9625 -9624
f -9627 -9624 -9623
f -9694 -9693 -9697
f -9697 -9693 -9692
f -9697 -9692 -9691
f -9728 -9696 -9697
f -9697 -9696 -9695
f -9697 -9695 -9694
f -9685 -9684 -9688
f -9688 -9684 -9683
f -9688 -9683 -9682
f -9687 -9686 -9688
f -9688 -9686 -9685
f -9678 -9677 -9681
f -9681 -9677 -9676
f -9681 -9676 -9675
f -9680 -9679 -9681
f -9681 -9679 -9678
f -9703 -9702 -9711
f -9711 -9702 -9729
f -9711 -9729 -9701
f -9701 -9729 -9730
f -9700 -9699 -9711
f -9711 -9699 -9723
f -9711 -9723 -9721
f -9721 -9723 -9722
f -9721 -9722 -9720
f -9713 -9712 -9715
f -9715 -9712 -9725
f -9715 -9725 -9727
f -9727 -9725 -9726
f -9727 -9726 -9728
f -9698 -9734 -9720
f -9720 -9734 -9719
f -9720 -9719 -9721
f -9713 -9715 -9714
f -9714 -9715 -9737
f -9714 -9737 -9736
f -9736 -9737 -9738
f -9736 -9738 -9735
f -9706 -9705 -9711
f -9711 -9705 -9704
f -9711 -9704 -9703
f -9709 -9708 -9711
f -9711 -9708 -9707
f -9711 -9707 -9706
f -9689 -9718 -9716
f -9716 -9718 -9717
f -9716 -9717 -9733
f -9751 -9752 -9750
f -9750 -9752 -9749
f -9750 -9749 -9748
f -9743 -9744 -9742
f -9742 -9744 -9740
f -9742 -9740 -9741
f -9762 -9763 -9758
f -9758 -9763 -9757
f -9758 -9757 -9756
f -9762 -9761 -9763
f -9763 -9761 -9760
f -9763 -9760 -9759
f -9773 -9771 -9772
f -9772 -9771 -9770
f -9772 -9770 -9768
f -9782 -9783 -9788
f -9788 -9783 -9787
f -9788 -9787 -9786
f -9767 -9766 -9772
f -9772 -9766 -9765
f -9772 -9765 -9774
f -9777 -9780 -9778
f -9778 -9780 -9779
f -9778 -9779 -9775
f -9786 -9785 -9788
f -9788 -9785 -9784
f -8772 -8771 -8779
f -8779 -8771 -8770
f -8779 -8770 -8769
f -8775 -8774 -8779
f -8779 -8774 -8773
f -8779 -8773 -8772
f -9182 -9181 -9187
f -9187 -9181 -9180
f -9187 -9180 -9179
f -9185 -9184 -9187
f -9187 -9184 -9183
f -9187 -9183 -9182
f -9210 -9213 -9211
f -9211 -9213 -9212
f -9211 -9212 -9208
f -9217 -9221 -9218
f -9218 -9221 -9223
f -9218 -9223 -9231
f -9231 -9223 -9233
f -9231 -9233 -9232
f -9232 -9233 -9224
f -9232 -9224 -9215
f -9217 -9219 -9221
f -9221 -9219 -9220
f -9221 -9220 -9222
f -9232 -9230 -9231
f -9231 -9230 -9229
f -9231 -9229 -9227
f -9227 -9229 -9228
f -9227 -9228 -9226
f -9229 -9230 -9228
f -9228 -9230 -9214
f -9231 -9227 -9218
f -9218 -9227 -9217
f -9226 -9225 -9227
f -9227 -9225 -9216
f -9227 -9216 -9217
f -9259 -9257 -9258
f -9258 -9257 -9256
f -9258 -9256 -9248
f -9234 -9235 -9236
f -9236 -9235 -9237
f -9236 -9237 -9247
f -9247 -9237 -9246
f -9247 -9246 -9245
f -9245 -9246 -9244
f -9245 -9244 -9243
f -9243 -9244 -9242
f -9243 -9242 -9241
f -9241 -9242 -9240
f -9241 -9240 -9239
f -9239 -9240 -9238
f -9249 -9262 -9260
f -9260 -9262 -9261
f -9260 -9261 -9259
f -9252 -9251 -9260
f -9260 -9251 -9250
f -9260 -9250 -9249
f -9255 -9254 -9260
f -9260 -9254 -9253
f -9260 -9253 -9252
f -10193 -10194 -10195
f -10195 -10194 -10196
f -10195 -10196 -10206
f -10206 -10196 -10205
f -10206 -10205 -10204
f -10204 -10205 -10203
f -10204 -10203 -10202
f -10202 -10203 -10201
f -10202 -10201 -10200
f -10200 -10201 -10199
f -10200 -10199 -10198
f -10198 -10199 -10197
f -379 -378 -390
f -390 -378 -377
f -390 -377 -376
f -382 -381 -390
f -390 -381 -380
f -390 -380 -379
f -385 -384 -390
f -390 -384 -383
f -390 -383 -382
f -388 -387 -390
f -390 -387 -386
f -390 -386 -385
f -318 -319 -320
f -320 -319 -321
f -320 -321 -322
f -322 -321 -323
f -322 -323 -324
f -324 -323 -325
f -324 -325 -326
f -326 -325 -327
f -326 -327 -328
f -328 -327 -329
f -328 -329 -330
f -330 -329 -331
f -330 -331 -332
f -332 -331 -333
f -332 -333 -334
f -334 -333 -335
f -334 -335 -336
f -336 -335 -337
f -336 -337 -338
f -338 -337 -339
f -338 -339 -340
f -340 -339 -341
f -340 -341 -366
f -366 -341 -365
f -366 -365 -364
f -364 -365 -363
f -364 -363 -362
f -362 -363 -361
f -362 -361 -360
f -360 -361 -359
f -360 -359 -358
f -358 -359 -357
f -358 -357 -356
f -356 -357 -355
f -356 -355 -354
f -354 -355 -353
f -354 -353 -352
f -352 -353 -351
f -352 -351 -350
f -350 -351 -349
f -350 -349 -348
f -348 -349 -347
f -348 -347 -346
f -346 -347 -345
f -346 -345 -344
f -344 -345 -343
f -344 -343 -342
f -10232 -10231 -10236
f -10236 -10231 -10238
f -10236 -10238 -10237
f -10237 -10238 -10239
f -10232 -10233 -10234
f -10234 -10233 -10235
f -10234 -10235 -10230
f -10230 -10235 -10229
f -10230 -10229 -10228
f -10246 -10245 -10248
f -10248 -10245 -10244
f -10248 -10244 -10243
f -10257 -10256 -10261
f -10261 -10256 -10263
f -10261 -10263 -10262
f -10262 -10263 -10264
f -10256 -10255 -10263
f -10263 -10255 -10265
f -10263 -10265 -10264
f -10264 -10265 -10266
f -10267 -10265 -10252
f -10252 -10265 -10253
f -10252 -10253 -10251
f -10258 -10261 -10250
f -10250 -10261 -10259
f -10250 -10259 -10249
f -394 -393 -405
f -405 -393 -392
f -405 -392 -391
f -397 -396 -405
f -405 -396 -395
f -405 -395 -394
f -400 -399 -405
f -405 -399 -398
f -405 -398 -397
f -369 -368 -417
f -417 -368 -367
f -417 -367 -416
f -372 -371 -417
f -417 -371 -370
f -417 -370 -369
f -403 -402 -405
f -405 -402 -401
f -405 -401 -400
f -375 -374 -417
f -417 -374 -373
f -417 -373 -372
f -409 -408 -418
f -418 -408 -407
f -418 -407 -406
f -412 -411 -418
f -418 -411 -410
f -418 -410 -409
f -415 -414 -418
f -418 -414 -413
f -418 -413 -412
f -420 -421 -422
f -422 -421 -423
f -422 -423 -424
f -424 -423 -425
f -424 -425 -426
f -426 -425 -427
f -426 -427 -428
f -428 -427 -429
f -428 -429 -430
f -430 -429 -431
f -430 -431 -432
f -432 -431 -433
f -432 -433 -434
f -434 -433 -435
f -434 -435 -436
f -436 -435 -437
f -436 -437 -438
f -438 -437 -439
f -438 -439 -440
f -440 -439 -441
f -440 -441 -442
f -442 -441 -443
f -442 -443 -468
f -468 -443 -467
f -468 -467 -466
f -466 -467 -465
f -466 -465 -464
f -464 -465 -463
f -464 -463 -462
f -462 -463 -461
f -462 -461 -460
f -460 -461 -459
f -460 -459 -458
f -458 -459 -457
f -458 -457 -456
f -456 -457 -455
f -456 -455 -454
f -454 -455 -453
f -454 -453 -452
f -452 -453 -451
f -452 -451 -450
f -450 -451 -449
f -450 -449 -448
f -448 -449 -447
f -448 -447 -446
f -446 -447 -445
f -446 -445 -444
f -500 -499 -507
f -507 -499 -498
f -507 -498 -497
f -503 -502 -507
f -507 -502 -501
f -507 -501 -500
f -506 -505 -507
f -507 -505 -504
f -507 -504 -503
f -496 -495 -507
f -507 -495 -494
f -507 -494 -493
f -471 -470 -519
f -519 -470 -469
f -519 -469 -518
f -474 -473 -519
f -519 -473 -472
f -519 -472 -471
f -477 -476 -519
f -519 -476 -475
f -519 -475 -474
f -511 -510 -520
f -520 -510 -509
f -520 -509 -508
f -514 -513 -520
f -520 -513 -512
f -520 -512 -511
f -517 -516 -520
f -520 -516 -515
f -520 -515 -514
f -491 -490 -492
f -492 -490 -489
f -492 -489 -488
f -481 -480 -492
f -492 -480 -479
f -492 -479 -478
f -484 -483 -492
f -492 -483 -482
f -492 -482 -481
f -487 -486 -492
f -492 -486 -485
f -492 -485 -484
f -10156 -10155 -10163
f -10163 -10155 -10161
f -10163 -10161 -10162
f -10162 -10161 -10160
f -10162 -10160 -10153
f -10153 -10160 -10151
f -10153 -10151 -10152
f -10157 -10156 -10165
f -10165 -10156 -10163
f -10165 -10163 -10164
f -10164 -10163 -10162
f -10164 -10162 -10154
f -10154 -10162 -10153
f -10154 -10153 -10152
f -10148 -10149 -10154
f -10154 -10149 -10150
f -10154 -10150 -10164
f -10164 -10150 -10166
f -10164 -10166 -10165
f -10165 -10166 -10158
f -10165 -10158 -10157
f -10169 -10172 -10170
f -10170 -10172 -10171
f -10170 -10171 -10167
f -10026 -9983 -10028
f -10028 -9983 -9984
f -10028 -9984 -10009
f -10009 -9984 -10011
f -10009 -10011 -10010
f -10030 -10031 -10032
f -10032 -10031 -10033
f -10032 -10033 -10028
f -10028 -10033 -10027
f -10028 -10027 -10026
f -10586 -10585 -10591
f -10591 -10585 -10584
f -10591 -10584 -10593
f -10592 -10590 -10591
f -10591 -10590 -10589
f -10591 -10589 -10587
f -10696 -10698 -10704
f -10704 -10698 -10697
f -10704 -10697 -10702
f -10714 -10715 -10724
f -10724 -10715 -10722
f -10724 -10722 -10723
f -10723 -10722 -10721
f -10718 -10714 -10726
f -10726 -10714 -10724
f -10726 -10724 -10725
f -10725 -10724 -10723
f -10725 -10727 -10726
f -10726 -10727 -10720
f -10726 -10720 -10719
f -10710 -10713 -10711
f -10711 -10713 -10712
f -10711 -10712 -10708
f -10696 -10704 -10706
f -10706 -10704 -10705
f -10706 -10705 -10707
f -10707 -10705 -10700
f -10707 -10700 -10701
f -10694 -10700 -10699
f -10699 -10700 -10705
f -10699 -10705 -10703
f -10703 -10705 -10704
f -10703 -10704 -10702
f -10731 -10730 -10736
f -10736 -10730 -10729
f -10736 -10729 -10738
f -10737 -10735 -10736
f -10736 -10735 -10734
f -10736 -10734 -10732
f -10756 -10757 -10758
f -10758 -10757 -10759
f -10758 -10759 -10760
f -10760 -10759 -10761
f -10760 -10761 -10762
f -10762 -10761 -10763
f -10762 -10763 -10764
f -10764 -10763 -10765
f -10764 -10765 -10774
f -10774 -10765 -10773
f -10774 -10773 -10772
f -10772 -10773 -10771
f -10772 -10771 -10770
f -10770 -10771 -10769
f -10770 -10769 -10768
f -10768 -10769 -10767
f -10768 -10767 -10766
f -10776 -10777 -10778
f -10778 -10777 -10779
f -10778 -10779 -10780
f -10780 -10779 -10781
f -10780 -10781 -10782
f -10782 -10781 -10783
f -10782 -10783 -10784
f -10784 -10783 -10785
f -10784 -10785 -10794
f -10794 -10785 -10793
f -10794 -10793 -10792
f -10792 -10793 -10791
f -10792 -10791 -10790
f -10790 -10791 -10789
f -10790 -10789 -10788
f -10788 -10789 -10787
f -10788 -10787 -10786
f -10900 -10899 -10910
f -10910 -10899 -10898
f -10910 -10898 -10909
f -10902 -10901 -10910
f -10910 -10901 -10900
f -777 -776 -782
f -782 -776 -775
f -782 -775 -774
f -780 -779 -782
f -782 -779 -778
f -782 -778 -777
f -767 -766 -782
f -782 -766 -765
f -782 -765 -764
f -770 -769 -782
f -782 -769 -768
f -782 -768 -767
f -773 -772 -782
f -782 -772 -771
f -782 -771 -770
f -786 -785 -801
f -801 -785 -784
f -801 -784 -783
f -789 -788 -801
f -801 -788 -787
f -801 -787 -786
f -798 -797 -801
f -801 -797 -796
f -801 -796 -795
f -802 -800 -801
f -801 -800 -799
f -801 -799 -798
f -792 -791 -801
f -801 -791 -790
f -801 -790 -789
f -795 -794 -801
f -801 -794 -793
f -801 -793 -792
f -764 -763 -819
f -819 -763 -762
f -819 -762 -761
f -756 -755 -819
f -819 -755 -754
f -819 -754 -753
f -759 -758 -819
f -819 -758 -757
f -819 -757 -756
f -761 -760 -819
f -819 -760 -759
f -751 -750 -819
f -819 -750 -749
f -819 -749 -818
f -753 -752 -819
f -819 -752 -751
f -819 -818 -820
f -820 -818 -817
f -820 -817 -816
f -805 -804 -820
f -820 -804 -803
f -820 -803 -802
f -808 -807 -820
f -820 -807 -806
f -820 -806 -805
f -811 -810 -820
f -820 -810 -809
f -820 -809 -808
f -814 -813 -820
f -820 -813 -812
f -820 -812 -811
f -816 -815 -820
f -820 -815 -814
f -11381 -11380 -11391
f -11391 -11380 -11379
f -11391 -11379 -11378
f -11393 -11392 -11391
f -11391 -11392 -11390
f -11391 -11390 -11383
f -11384 -11385 -11386
f -11386 -11385 -11387
f -11386 -11387 -11388
f -11388 -11387 -11389
f -11388 -11389 -11377
f -11377 -11389 -11376
f -11377 -11376 -11375
f -11383 -11382 -11391
f -11391 -11382 -11381
f -11374 -11373 -11377
f -11377 -11373 -11372
f -11377 -11372 -11393
f -680 -681 -682
f -682 -681 -683
f -682 -683 -684
f -684 -683 -685
f -684 -685 -686
f -686 -685 -687
f -686 -687 -688
f -688 -687 -689
f -688 -689 -690
f -690 -689 -691
f -690 -691 -692
f -692 -691 -693
f -692 -693 -694
f -694 -693 -695
f -694 -695 -696
f -696 -695 -697
f -696 -697 -698
f -698 -697 -699
f -698 -699 -700
f -700 -699 -701
f -700 -701 -702
f -702 -701 -703
f -702 -703 -704
f -704 -703 -705
f -704 -705 -706
f -706 -705 -707
f -706 -707 -708
f -708 -707 -709
f -708 -709 -710
f -710 -709 -711
f -710 -711 -712
f -712 -711 -713
f -712 -713 -748
f -748 -713 -747
f -748 -747 -746
f -746 -747 -745
f -746 -745 -744
f -744 -745 -743
f -744 -743 -742
f -742 -743 -741
f -742 -741 -740
f -740 -741 -739
f -740 -739 -738
f -738 -739 -737
f -738 -737 -736
f -736 -737 -735
f -736 -735 -734
f -734 -735 -733
f -734 -733 -732
f -732 -733 -731
f -732 -731 -730
f -730 -731 -729
f -730 -729 -728
f -728 -729 -727
f -728 -727 -726
f -726 -727 -725
f -726 -725 -724
f -724 -725 -723
f -724 -723 -722
f -722 -723 -721
f -722 -721 -720
f -720 -721 -719
f -720 -719 -718
f -718 -719 -717
f -718 -717 -716
f -716 -717 -715
f -716 -715 -714
f -663 -662 -678
f -678 -662 -661
f -678 -661 -660
f -623 -622 -658
f -658 -622 -657
f -658 -657 -677
f -677 -657 -656
f -677 -656 -655
f -666 -665 -678
f -678 -665 -664
f -678 -664 -663
f -669 -668 -678
f -678 -668 -667
f -678 -667 -666
f -672 -671 -678
f -678 -671 -670
f -678 -670 -669
f -675 -674 -678
f -678 -674 -673
f -678 -673 -672
f -626 -625 -658
f -658 -625 -624
f -658 -624 -623
f -650 -649 -677
f -677 -649 -648
f -677 -648 -647
f -629 -628 -658
f -658 -628 -627
f -658 -627 -626
f -653 -652 -677
f -677 -652 -651
f -677 -651 -650
f -632 -631 -658
f -658 -631 -630
f -658 -630 -629
f -655 -654 -677
f -677 -654 -653
f -635 -634 -658
f -658 -634 -633
f -658 -633 -632
f -642 -641 -677
f -677 -641 -640
f -677 -640 -676
f -638 -637 -658
f -658 -637 -636
f -658 -636 -635
f -645 -644 -677
f -677 -644 -643
f -677 -643 -642
f -647 -646 -677
f -677 -646 -645
f -620 -619 -659
f -659 -619 -618
f -659 -618 -617
f -612 -611 -659
f -659 -611 -610
f -659 -610 -609
f -615 -614 -659
f -659 -614 -613
f -659 -613 -612
f -617 -616 -659
f -659 -616 -615
f -609 -608 -659
f -659 -608 -607
f -659 -607 -639
f -538 -539 -540
f -540 -539 -541
f -540 -541 -542
f -542 -541 -543
f -542 -543 -544
f -544 -543 -545
f -544 -545 -546
f -546 -545 -547
f -546 -547 -548
f -548 -547 -549
f -548 -549 -550
f -550 -549 -551
f -550 -551 -552
f -552 -551 -553
f -552 -553 -554
f -554 -553 -555
f -554 -555 -556
f -556 -555 -557
f -556 -557 -558
f -558 -557 -559
f -558 -559 -560
f -560 -559 -561
f -560 -561 -562
f -562 -561 -563
f -562 -563 -564
f -564 -563 -565
f -564 -565 -566
f -566 -565 -567
f -566 -567 -568
f -568 -567 -569
f -568 -569 -570
f -570 -569 -571
f -570 -571 -606
f -606 -571 -605
f -606 -605 -604
f -604 -605 -603
f -604 -603 -602
f -602 -603 -601
f -602 -601 -600
f -600 -601 -599
f -600 -599 -598
f -598 -599 -597
f -598 -597 -596
f -596 -597 -595
f -596 -595 -594
f -594 -595 -593
f -594 -593 -592
f -592 -593 -591
f -592 -591 -590
f -590 -591 -589
f -590 -589 -588
f -588 -589 -587
f -588 -587 -586
f -586 -587 -585
f -586 -585 -584
f -584 -585 -583
f -584 -583 -582
f -582 -583 -581
f -582 -581 -580
f -580 -581 -579
f -580 -579 -578
f -578 -579 -577
f -578 -577 -576
f -576 -577 -575
f -576 -575 -574
f -574 -575 -573
f -574 -573 -572
f -5127 -5129 -5128
f -5128 -5129 -5130
f -5137 -5136 -5135
f -5135 -5136 -5134
f -5135 -5134 -5133
f -5133 -5134 -5132
f -5133 -5132 -5131
f -5131 -5132 -5130
f -5131 -5130 -5129
f -7173 -7174 -7175
f -7175 -7174 -7176
f -7175 -7176 -7177
f -7177 -7176 -7178
f -7206 -7208 -7207
f -7207 -7208 -7209
f -7240 -7242 -7241
f -7241 -7242 -7243
f -7357 -7358 -7359
f -7359 -7358 -7360
f -7314 -7315 -7316
f -7316 -7315 -7317
f -7316 -7317 -7318
f -7318 -7317 -7319
f -7313 -7312 -7311
f -7311 -7312 -7310
f -7311 -7310 -7309
f -7309 -7310 -7308
f -7309 -7308 -7307
f -7307 -7308 -7306
f -7307 -7306 -7305
f -7287 -7238 -7285
f -7285 -7238 -7239
f -7285 -7239 -7283
f -7252 -7251 -7253
f -7253 -7251 -7201
f -7245 -7247 -7246
f -7246 -7247 -7248
f -7436 -7435 -7437
f -7437 -7435 -7385
f -7472 -7474 -7473
f -7473 -7474 -7475
f -7468 -7470 -7469
f -7469 -7470 -7471
f -7282 -7195 -7284
f -7284 -7195 -7196
f -7284 -7196 -7286
f -7286 -7196 -7288
f -7558 -7560 -7559
f -7559 -7560 -7561
f -7560 -7562 -7561
f -7561 -7562 -7563
f -7504 -7503 -7502
f -7502 -7503 -7501
f -7502 -7501 -7500
f -7500 -7501 -7499
f -7500 -7499 -7498
f -7603 -7601 -7589
f -7589 -7601 -7588
f -7616 -7617 -7618
f -7618 -7617 -7619
f -7618 -7619 -7620
f -7620 -7619 -7621
f -7620 -7621 -7622
f -7622 -7621 -7623
f -7622 -7623 -7624
f -7624 -7623 -7625
f -7624 -7625 -7627
f -7571 -7570 -7569
f -7569 -7570 -7568
f -7569 -7568 -7567
f -7546 -7547 -7566
f -7566 -7547 -7548
f -7656 -7655 -7654
f -7654 -7655 -7653
f -7654 -7653 -7652
f -7652 -7653 -7651
f -7642 -7641 -7640
f -7640 -7641 -7639
f -7640 -7639 -7638
f -7638 -7639 -7637
f -7638 -7637 -7636
f -7636 -7637 -7635
f -7636 -7635 -7634
f -7634 -7635 -7633
f -7634 -7633 -7632
f -7684 -7683 -7682
f -7682 -7683 -7681
f -7682 -7681 -7680
f -7680 -7681 -7679
f -7680 -7679 -7678
f -7678 -7679 -7677
f -7678 -7677 -7676
f -7676 -7677 -7675
f -7676 -7675 -7674
f -7674 -7675 -7673
f -7674 -7673 -7672
f -7672 -7673 -7671
f -5838 -5835 -5834
f -5834 -5835 -5836
f -5827 -5829 -5828
f -5828 -5829 -5830
f -8576 -8578 -8577
f -8577 -8578 -8579
f -8559 -8561 -8560
f -8560 -8561 -8569
f -8560 -8569 -8570
f -8555 -8567 -8556
f -8556 -8567 -8561
f -8562 -8564 -8563
f -8563 -8564 -8565
f -8563 -8565 -8554
f -8543 -8545 -8544
f -8544 -8545 -8546
f -8521 -8522 -8523
f -8523 -8522 -8524
f -8621 -8622 -8623
f -8623 -8622 -8624
f -8620 -8619 -8618
f -8618 -8619 -8617
f -8618 -8617 -8616
f -8616 -8617 -8615
f -8616 -8615 -8614
f -8610 -8611 -8612
f -8612 -8611 -8613
f -8679 -8680 -8681
f -8681 -8680 -8682
f -8681 -8682 -8683
f -8683 -8682 -8684
f -8683 -8684 -8685
f -8685 -8684 -8686
f -8672 -8674 -8673
f -8673 -8674 -8675
f -8665 -8664 -8663
f -8663 -8664 -8662
f -8663 -8662 -8661
f -8661 -8662 -8660
f -8661 -8660 -8659
f -8659 -8660 -8658
f -8653 -8655 -8654
f -8654 -8655 -8656
f -8708 -8709 -8710
f -8710 -8709 -8711
f -8712 -8713 -8714
f -8714 -8713 -8715
f -8716 -8717 -8718
f -8718 -8717 -8719
f -8740 -8741 -8742
f -8742 -8741 -8745
f -8742 -8745 -8743
f -8745 -8746 -8747
f -8747 -8746 -8748
f -8488 -8489 -8490
f -8490 -8489 -8491
f -8483 -8482 -8481
f -8481 -8482 -8480
f -8481 -8480 -8479
f -8479 -8480 -8478
f -8479 -8478 -8477
f -8511 -8506 -8507
f -8507 -8506 -8494
f -9496 -9495 -9494
f -9494 -9495 -9493
f -9494 -9493 -9492
f -9512 -9511 -9510
f -9510 -9511 -9509
f -9510 -9509 -9508
f -9595 -9596 -9594
f -9594 -9596 -9593
f -9605 -9607 -9606
f -9606 -9607 -9608
f -9607 -9609 -9608
f -9608 -9609 -9610
f -9608 -9610 -9600
f -9572 -9573 -9571
f -9571 -9573 -9566
f -9577 -9576 -9578
f -9578 -9576 -9562
f -9552 -9554 -9553
f -9553 -9554 -9556
f -9659 -9658 -9657
f -9657 -9658 -9656
f -9657 -9656 -9655
f -9655 -9656 -9654
f -9655 -9654 -9653
f -9653 -9654 -9652
f -9653 -9652 -9651
f -9651 -9652 -9650
f -9651 -9650 -9649
f -9649 -9650 -9648
f -9649 -9648 -9647
f -9647 -9648 -9646
f -9647 -9646 -9645
f -9645 -9646 -9644
f -9645 -9644 -9643
f -9643 -9644 -9642
f -9662 -9671 -9661
f -9661 -9671 -9660
f -9691 -9690 -9697
f -9697 -9690 -9739
f -9697 -9739 -9737
f -9737 -9739 -9738
f -9726 -9725 -9724
f -9724 -9725 -9689
f -9724 -9689 -9716
f -9733 -9732 -9731
f -9731 -9732 -9730
f -9731 -9730 -9729
f -9735 -9734 -9736
f -9736 -9734 -9698
f -9755 -9754 -9753
f -9753 -9754 -9752
f -9753 -9752 -9751
f -9747 -9746 -9745
f -9745 -9746 -9744
f -9745 -9744 -9743
f -9221 -9222 -9223
f -9223 -9222 -9224
f -9223 -9224 -9233
f -388 -390 -389
f -389 -390 -391
f -10242 -10241 -10240
f -10240 -10241 -10239
f -10240 -10239 -10238
f -10223 -10224 -10225
f -10225 -10224 -10226
f -10253 -10265 -10254
f -10254 -10265 -10255
f -10259 -10261 -10260
f -10260 -10261 -10262
f -418 -406 -405
f -405 -406 -404
f -405 -404 -403
f -375 -417 -376
f -376 -417 -390
f -417 -416 -418
f -418 -416 -415
f -506 -507 -508
f -508 -507 -520
f -477 -519 -478
f -478 -519 -492
f -519 -518 -520
f -520 -518 -517
f -491 -492 -493
f -493 -492 -507
f -533 -534 -535
f -535 -534 -536
f -10160 -10161 -10159
f -10159 -10161 -10155
f -529 -530 -531
f -531 -530 -532
f -525 -526 -527
f -527 -526 -528
f -521 -522 -523
f -523 -522 -524
f -10032 -10008 -9988
f -9988 -10008 -10010
f -9988 -10010 -9995
f -10013 -9984 -10001
f -10001 -9984 -9983
f -10030 -10032 -9987
f -9987 -10032 -9988
f -301 -302 -303
f -303 -302 -304
f -309 -310 -311
f -311 -310 -312
f -305 -306 -307
f -307 -306 -308
f -313 -314 -315
f -315 -314 -316
f -10717 -10718 -10719
f -10719 -10718 -10726
f -10747 -10748 -10749
f -10749 -10748 -10750
f -10751 -10752 -10753
f -10753 -10752 -10754
f -10743 -10744 -10745
f -10745 -10744 -10746
f -10739 -10740 -10741
f -10741 -10740 -10742
f -11061 -11062 -11063
f -11063 -11062 -11064
f -11063 -11064 -11065
f -11065 -11064 -11066
f -11065 -11066 -11067
f -11067 -11066 -11068
f -11067 -11068 -11069
f -11069 -11068 -11070
f -11069 -11070 -11071
f -11071 -11070 -11072
f -11071 -11072 -11073
f -11073 -11072 -11074
f -11057 -11058 -11059
f -11059 -11058 -11060
f -10956 -10957 -10958
f -10958 -10957 -10959
f -10944 -10945 -10946
f -10946 -10945 -10947
f -10948 -10949 -10950
f -10950 -10949 -10951
f -10952 -10953 -10954
f -10954 -10953 -10955
f -801 -783 -782
f -782 -783 -781
f -782 -781 -780
f -11384 -11386 -11378
f -11378 -11386 -11391
f -678 -660 -659
f -659 -660 -621
f -659 -621 -620
f -677 -676 -678
f -678 -676 -675
f -659 -639 -658
f -658 -639 -638
f -7338 -7340 -7335
f -7302 -7304 -7303
f -7287 -7226 -7238
f -7198 -7249 -7242
f -7283 -7181 -7281
f -7474 -7476 -7475
f -7486 -7488 -7487
f -7424 -7425 -7423
f -7410 -7406 -7422
f -7564 -7562 -7551
f -7527 -7538 -7528
f -7506 -7522 -7507
f -7575 -7604 -7606
f -5794 -5853 -5793
f -5758 -5820 -5759
f -8559 -8553 -8561
f -8585 -8593 -8594
f -8705 -8707 -8706
f -8696 -8698 -8697
f -8720 -8728 -8729
f -8763 -8754 -8753
f -8505 -8513 -8504
f -8512 -8514 -8513
f -8516 -8517 -8515
f -8520 -8518 -8492
f -8043 -8036 -8042
f -9668 -9669 -9667
f -9728 -9697 -9727
f -9709 -9711 -9710
f -9781 -9783 -9782
f -9776 -9780 -9777
f -9209 -9213 -9210
f -10246 -10248 -10247
f -496 -507 -497
f -487 -492 -488
f -10168 -10172 -10169
f -10147 -10150 -10149
f -10148 -10154 -10152
f -10008 -10009 -10010
f -10029 -10031 -10030
f -10695 -10698 -10696
f -10709 -10713 -10710
f -773 -782 -774
f -11374 -11377 -11375
f -7291 -7233 -7232
f -7466 -7467 -7465
f -7398 -7383 -7392
f -7390 -7391 -7389
f -7429 -7431 -7430
f -7591 -7592 -7606
f -7571 -7552 -7570
f -7632 -7629 -7634
f -5859 -5860 -5858
f -5853 -5861 -5854
f -5840 -5842 -5841
f -8581 -8575 -8574
f -8582 -8584 -8583
f -8566 -8568 -8567
f -8545 -8547 -8546
f -8541 -8547 -8540
f -8627 -8628 -8626
f -8639 -8640 -8638
f -8643 -8632 -8631
f -8647 -8635 -8634
f -8602 -8597 -8596
f -8607 -8609 -8608
f -8676 -8671 -8670
f -8694 -8695 -8693
f -8739 -8741 -8740
f -8736 -8737 -8750
f -8017 -8019 -8018
f -9597 -9599 -9598
f -9609 -9611 -9610
f -9585 -9565 -9564
f -9664 -9666 -9665
f -9672 -9674 -9673
f -9616 -9612 -9614
f -9637 -9638 -9636
f -9633 -9635 -9634
f -9731 -9716 -9733
f -9711 -9701 -9700
f -9765 -9766 -9764
f -9772 -9774 -9773
f -9770 -9771 -9769
f -9772 -9768 -9767
f -9185 -9187 -9186
f -9258 -9260 -9259
f -390 -405 -391
f -10240 -10227 -10242
f -10236 -10233 -10232
f -10265 -10267 -10266
f -10261 -10258 -10257
f -419 -421 -420
f -537 -539 -538
f -317 -319 -318
f -10589 -10590 -10588
f -10591 -10593 -10592
f -10591 -10587 -10586
f -10584 -10585 -10583
f -10729 -10730 -10728
f -10715 -10716 -10722
f -10755 -10757 -10756
f -10736 -10738 -10737
f -10734 -10735 -10733
f -10736 -10732 -10731
f -10775 -10777 -10776
f -819 -782 -764
f -801 -820 -802
f -11393 -11391 -11377
f -679 -681 -680
f -7656 -7648 -7645
f -7643 -7649 -7644
f -8485 -8486 -8484
f -9559 -9586 -9560
f -10689 -10690 -10687
f -7169 -7168 -7176
f -7176 -7168 -7167
f -7176 -7167 -7178
f -9087 -9088 -9086
f -9086 -9088 -9084
f -9086 -9084 -9085
f -9504 -9503 -9502
f -9502 -9503 -9501
f -9502 -9501 -9500
f -9091 -9090 -9089
f -9089 -9090 -9088
f -9089 -9088 -9087
f -7691 -7707 -7708
f -6408 -6410 -6409
f -8485 -8487 -8486
f -7946 -7948 -7947
f -9500 -9501 -9499
f -9499 -9501 -9497
f -9499 -9497 -9498
f -5360 -5260 -5261
f -5261 -5260 -5259
f -5261 -5259 -5258
f -5238 -5244 -5249
f -5249 -5244 -5243
f -5249 -5243 -5242
f -5246 -5248 -5247
f -5247 -5248 -5249
f -5247 -5249 -5242
f -5248 -5250 -5249
f -5249 -5250 -5238
f -5242 -5241 -5247
f -5247 -5241 -5240
f -5247 -5240 -5245
f -5228 -5229 -5231
f -5231 -5229 -5233
f -5231 -5233 -5232
f -5232 -5233 -5234
f -5226 -5227 -5230
f -5230 -5227 -5237
f -5230 -5237 -5235
f -5235 -5237 -5236
f -5235 -5236 -5234
f -5234 -5233 -5235
f -5235 -5233 -5230
f -5211 -5212 -5213
f -5213 -5212 -5214
f -5213 -5214 -5215
f -5215 -5214 -5216
f -5215 -5216 -5217
f -5217 -5216 -5218
f -5217 -5218 -5219
f -5219 -5218 -5220
f -5219 -5220 -5210
f -5206 -5205 -5207
f -5207 -5205 -5199
f -5207 -5199 -5200
f -5197 -5196 -5198
f -5198 -5196 -5195
f -5198 -5195 -5194
f -5444 -5401 -5402
f -5402 -5401 -5400
f -5402 -5400 -5428
f -5372 -5393 -5391
f -5391 -5393 -5392
f -5391 -5392 -5390
f -5386 -5385 -5390
f -5390 -5385 -5384
f -5390 -5384 -5371
f -5386 -5390 -5387
f -5387 -5390 -5381
f -5387 -5381 -5380
f -5371 -5388 -5390
f -5390 -5388 -5389
f -5390 -5389 -5391
f -5380 -5379 -5387
f -5387 -5379 -5378
f -5412 -5411 -5414
f -5414 -5411 -5410
f -5414 -5410 -5465
f -5463 -5415 -5416
f -5416 -5415 -5414
f -5416 -5414 -5413
f -5407 -5417 -5409
f -5409 -5417 -5418
f -5409 -5418 -5406
f -5407 -5409 -5408
f -5408 -5409 -5454
f -5399 -5402 -5429
f -5429 -5402 -5428
f -5429 -5428 -5432
f -5421 -5420 -5423
f -5423 -5420 -5419
f -5423 -5419 -5418
f -5443 -5431 -5432
f -5432 -5431 -5430
f -5432 -5430 -5429
f -5426 -5405 -5425
f -5425 -5405 -5404
f -5425 -5404 -5403
f -5453 -5426 -5427
f -5427 -5426 -5425
f -5427 -5425 -5424
f -5433 -5434 -5435
f -5435 -5434 -5436
f -5435 -5436 -5438
f -5438 -5436 -5437
f -5438 -5437 -5439
f -5377 -5376 -5384
f -5384 -5376 -5375
f -5384 -5375 -5374
f -5385 -5383 -5384
f -5384 -5383 -5382
f -5384 -5382 -5377
f -5366 -5368 -5367
f -5367 -5368 -5369
f -5367 -5369 -5361
f -5363 -5362 -5364
f -5364 -5362 -5365
f -5364 -5365 -5367
f -5367 -5365 -5366
f -5503 -5502 -5512
f -5512 -5502 -5501
f -5512 -5501 -5500
f -5507 -5506 -5512
f -5512 -5506 -5505
f -5512 -5505 -5503
f -5507 -5512 -5508
f -5508 -5512 -5499
f -5509 -5511 -5510
f -5510 -5511 -5512
f -5510 -5512 -5500
f -5511 -5513 -5512
f -5512 -5513 -5514
f -5512 -5514 -5499
f -5480 -5489 -5487
f -5487 -5489 -5488
f -5487 -5488 -5486
f -5478 -5487 -5485
f -5485 -5487 -5486
f -5485 -5486 -5484
f -5476 -5483 -5487
f -5487 -5483 -5482
f -5487 -5482 -5481
f -5497 -5496 -5495
f -5495 -5496 -5494
f -5495 -5494 -5493
f -5493 -5494 -5492
f -5493 -5492 -5491
f -5476 -5487 -5477
f -5477 -5487 -5478
f -5398 -5475 -5473
f -5473 -5475 -5474
f -5473 -5474 -5472
f -5416 -5462 -5463
f -5463 -5462 -5461
f -5427 -5452 -5453
f -5453 -5452 -5451
f -5550 -5549 -5551
f -5551 -5549 -5548
f -5551 -5548 -5547
f -5555 -5554 -5557
f -5557 -5554 -5553
f -5557 -5553 -5552
f -5565 -5564 -5563
f -5563 -5564 -5562
f -5563 -5562 -5561
f -5561 -5562 -5560
f -5561 -5560 -5559
f -5520 -5519 -5530
f -5530 -5519 -5518
f -5530 -5518 -5517
f -5523 -5522 -5530
f -5530 -5522 -5521
f -5530 -5521 -5520
f -5526 -5525 -5530
f -5530 -5525 -5524
f -5530 -5524 -5523
f -5527 -5530 -5528
f -5528 -5530 -5529
f -5528 -5529 -5516
f -5534 -5535 -5536
f -5536 -5535 -5537
f -5536 -5537 -5538
f -5538 -5537 -5539
f -5538 -5539 -5533
f -5542 -5541 -5545
f -5545 -5541 -5540
f -5545 -5540 -5546
f -5552 -5544 -5545
f -5545 -5544 -5543
f -5545 -5543 -5542
f -5533 -5532 -5538
f -5538 -5532 -5531
f -5605 -5604 -5603
f -5603 -5604 -5602
f -5603 -5602 -5601
f -5601 -5602 -5600
f -5601 -5600 -5599
f -5617 -5616 -5615
f -5615 -5616 -5614
f -5615 -5614 -5613
f -5613 -5614 -5612
f -5613 -5612 -5611
f -5657 -5656 -5655
f -5655 -5656 -5654
f -5655 -5654 -5653
f -5653 -5654 -5652
f -5653 -5652 -5651
f -5660 -5659 -5669
f -5669 -5659 -5658
f -5669 -5658 -5668
f -5672 -5662 -5669
f -5669 -5662 -5661
f -5669 -5661 -5660
f -5666 -5665 -5670
f -5670 -5665 -5664
f -5670 -5664 -5663
f -5669 -5668 -5670
f -5670 -5668 -5667
f -5670 -5667 -5666
f -5679 -5678 -5683
f -5683 -5678 -5677
f -5683 -5677 -5685
f -5691 -5690 -5699
f -5699 -5690 -5689
f -5699 -5689 -5688
f -5694 -5693 -5699
f -5699 -5693 -5692
f -5699 -5692 -5691
f -5697 -5696 -5699
f -5699 -5696 -5695
f -5699 -5695 -5694
f -4868 -4867 -4900
f -4900 -4867 -4898
f -4900 -4898 -4899
f -4899 -4898 -4897
f -4899 -4897 -4890
f -4890 -4897 -4892
f -4890 -4892 -4891
f -4891 -4892 -4893
f -4891 -4893 -4889
f -4889 -4893 -4870
f -4889 -4870 -4887
f -4887 -4870 -4871
f -4887 -4871 -4869
f -4869 -4871 -4879
f -4869 -4879 -4881
f -4881 -4879 -4880
f -4881 -4880 -4882
f -4882 -4880 -4866
f -4889 -4887 -4888
f -4888 -4887 -4886
f -4888 -4886 -4899
f -4899 -4886 -4901
f -4899 -4901 -4900
f -4900 -4901 -4902
f -4900 -4902 -4868
f -4869 -4881 -4885
f -4885 -4881 -4883
f -4885 -4883 -4884
f -4884 -4883 -4882
f -4884 -4882 -4903
f -4903 -4901 -4884
f -4884 -4901 -4886
f -4884 -4886 -4885
f -4885 -4886 -4887
f -4885 -4887 -4869
f -4893 -4873 -4870
f -4870 -4873 -4872
f -4870 -4872 -4871
f -4871 -4872 -4877
f -4871 -4877 -4879
f -4879 -4877 -4878
f -4879 -4878 -4880
f -4880 -4878 -4866
f -4874 -4876 -4875
f -4875 -4876 -4877
f -4875 -4877 -4872
f -4874 -4875 -4873
f -4873 -4875 -4872
f -4893 -4892 -4894
f -4894 -4892 -4895
f -4895 -4897 -4896
f -4896 -4897 -4898
f -4896 -4898 -4867
f -4916 -4917 -4915
f -4915 -4917 -4911
f -4915 -4911 -4912
f -4912 -4911 -4913
f -4912 -4913 -4924
f -4924 -4913 -4925
f -4924 -4925 -4931
f -4914 -4925 -4921
f -4921 -4925 -4913
f -4921 -4913 -4919
f -4919 -4913 -4911
f -4919 -4911 -4917
f -4922 -4921 -4920
f -4920 -4921 -4919
f -4920 -4919 -4918
f -4918 -4919 -4917
f -4918 -4917 -4916
f -4927 -4912 -4929
f -4929 -4912 -4924
f -4929 -4924 -4923
f -4923 -4924 -4931
f -4923 -4931 -4929
f -4929 -4931 -4930
f -4929 -4930 -4928
f -4928 -4930 -4910
f -4928 -4910 -4926
f -4830 -4832 -4831
f -4831 -4832 -4833
f -4831 -4833 -4826
f -4826 -4833 -4827
f -4826 -4827 -4825
f -4825 -4827 -4821
f -4825 -4821 -4820
f -4832 -4834 -4833
f -4833 -4834 -4828
f -4833 -4828 -4827
f -4826 -4824 -4831
f -4831 -4824 -4829
f -4831 -4829 -4830
f -4818 -4822 -4823
f -4823 -4822 -4829
f -4823 -4829 -4824
f -4824 -4825 -4823
f -4823 -4825 -4819
f -4823 -4819 -4818
f -4844 -4843 -4852
f -4852 -4843 -4859
f -4852 -4859 -4857
f -4857 -4859 -4858
f -4857 -4858 -4856
f -4856 -4858 -4842
f -4856 -4842 -4841
f -4854 -4853 -4855
f -4855 -4853 -4846
f -4855 -4846 -4851
f -4851 -4846 -4849
f -4851 -4849 -4850
f -4850 -4849 -4848
f -4850 -4848 -4845
f -4849 -4846 -4847
f -4847 -4846 -4853
f -4845 -4844 -4850
f -4850 -4844 -4852
f -4850 -4852 -4851
f -4851 -4852 -4857
f -4851 -4857 -4855
f -4855 -4857 -4856
f -4855 -4856 -4854
f -4854 -4856 -4841
f -4774 -4775 -4776
f -4776 -4775 -4777
f -4776 -4777 -4778
f -4778 -4777 -4779
f -4778 -4779 -4773
f -4791 -4792 -4790
f -4790 -4792 -4788
f -4790 -4788 -4789
f -4791 -4793 -4792
f -4792 -4793 -4794
f -4792 -4794 -4787
f -4807 -4808 -4806
f -4806 -4808 -4804
f -4806 -4804 -4805
f -4807 -4809 -4808
f -4808 -4809 -4810
f -4808 -4810 -4803
f -4751 -4752 -4753
f -4753 -4752 -4754
f -4753 -4754 -4755
f -4755 -4754 -4756
f -4755 -4756 -4750
f -4750 -4749 -4755
f -4755 -4749 -4748
f -4755 -4748 -4753
f -4753 -4748 -4746
f -4753 -4746 -4751
f -4751 -4746 -4745
f -4751 -4745 -4744
f -4744 -4745 -4740
f -4749 -4743 -4747
f -4747 -4743 -4742
f -4747 -4742 -4741
f -4746 -4747 -4745
f -4745 -4747 -4741
f -4745 -4741 -4740
f -4763 -4767 -4768
f -4768 -4767 -4774
f -4768 -4774 -4769
f -4769 -4774 -4776
f -4769 -4776 -4771
f -4771 -4776 -4778
f -4771 -4778 -4772
f -4772 -4778 -4773
f -4772 -4766 -4770
f -4770 -4766 -4765
f -4770 -4765 -4764
f -4769 -4770 -4768
f -4768 -4770 -4764
f -4768 -4764 -4763
f -4729 -4731 -4730
f -4730 -4731 -4732
f -4730 -4732 -4725
f -4713 -4715 -4714
f -4714 -4715 -4716
f -4714 -4716 -4709
f -4729 -4730 -4728
f -4728 -4730 -4726
f -4728 -4726 -4727
f -4713 -4714 -4712
f -4712 -4714 -4710
f -4712 -4710 -4711
f -4696 -4697 -4698
f -4698 -4697 -4699
f -4698 -4699 -4700
f -4700 -4699 -4701
f -4700 -4701 -4695
f -4685 -4689 -4690
f -4690 -4689 -4696
f -4690 -4696 -4691
f -4691 -4696 -4698
f -4691 -4698 -4693
f -4693 -4698 -4700
f -4693 -4700 -4694
f -4694 -4700 -4695
f -4691 -4692 -4690
f -4690 -4692 -4686
f -4690 -4686 -4685
f -4694 -4688 -4692
f -4692 -4688 -4687
f -4692 -4687 -4686
f -5085 -5090 -5086
f -5086 -5090 -5087
f -5086 -5087 -5082
f -5085 -5088 -5090
f -5090 -5088 -5089
f -5090 -5089 -5091
f -5080 -5079 -5081
f -5081 -5079 -5078
f -5081 -5078 -5077
f -5070 -5069 -5068
f -5068 -5069 -5067
f -5068 -5067 -5066
f -5066 -5067 -5065
f -5066 -5065 -5064
f -5119 -5118 -5121
f -5121 -5118 -5117
f -5121 -5117 -5166
f -5120 -5121 -5186
f -5186 -5121 -5185
f -5186 -5185 -5184
f -5184 -5185 -5183
f -5184 -5183 -5182
f -5182 -5183 -5181
f -5182 -5181 -5180
f -5180 -5181 -5179
f -5180 -5179 -5178
f -5116 -5115 -5123
f -5123 -5115 -5114
f -5123 -5114 -5113
f -5158 -5125 -5126
f -5126 -5125 -5124
f -5126 -5124 -5123
f -5112 -5111 -5123
f -5123 -5111 -5122
f -5123 -5122 -5126
f -5099 -5098 -5100
f -5100 -5098 -5097
f -5100 -5097 -5096
f -5136 -5137 -5138
f -5138 -5137 -5139
f -5138 -5139 -5140
f -5140 -5139 -5141
f -5140 -5141 -5143
f -5143 -5141 -5145
f -5143 -5145 -5144
f -5144 -5145 -5146
f -5150 -5152 -5151
f -5151 -5152 -5104
f -5151 -5104 -5191
f -5191 -5104 -5190
f -5191 -5190 -5189
f -5189 -5190 -5188
f -5189 -5188 -5187
f -5162 -5160 -5161
f -5161 -5160 -5159
f -5161 -5159 -5123
f -5123 -5159 -5116
f -5106 -5105 -5158
f -5158 -5105 -5157
f -5158 -5157 -5156
f -5156 -5157 -5155
f -5156 -5155 -5154
f -5154 -5155 -5153
f -5154 -5153 -5104
f -5104 -5153 -5103
f -5104 -5103 -5102
f -5109 -5108 -5158
f -5158 -5108 -5107
f -5158 -5107 -5106
f -5109 -5158 -5110
f -5110 -5158 -5126
f -5149 -5147 -5148
f -5148 -5147 -5146
f -5148 -5146 -5145
f -4990 -4989 -4993
f -4993 -4989 -4988
f -4993 -4988 -4987
f -4994 -4992 -4993
f -4993 -4992 -4991
f -4993 -4991 -4990
f -4997 -4996 -4995
f -4995 -4996 -4994
f -4995 -4994 -4993
f -4999 -5001 -5007
f -5007 -5001 -5000
f -5007 -5000 -5005
f -4973 -4944 -4975
f -4975 -4944 -4977
f -4975 -4977 -4976
f -4976 -4977 -4978
f -4976 -4978 -4941
f -4973 -4975 -4974
f -4974 -4975 -4976
f -4974 -4976 -4941
f -4973 -4974 -4972
f -4972 -4974 -4940
f -4962 -4963 -4964
f -4964 -4963 -4965
f -4964 -4965 -4966
f -4966 -4965 -4967
f -4966 -4967 -4968
f -4968 -4967 -4969
f -4968 -4969 -4970
f -4970 -4969 -4971
f -4970 -4971 -4957
f -4978 -4977 -4979
f -4979 -4977 -4946
f -4979 -4946 -4948
f -4948 -4946 -4947
f -4948 -4947 -4949
f -4949 -4947 -4950
f -4949 -4950 -4953
f -4953 -4950 -4954
f -4953 -4954 -4958
f -4958 -4954 -4959
f -4958 -4959 -4968
f -4968 -4959 -4966
f -4968 -4970 -4958
f -4958 -4970 -4957
f -4958 -4957 -4953
f -4962 -4964 -4961
f -4961 -4964 -4960
f -4961 -4960 -4956
f -4956 -4960 -4955
f -4956 -4955 -4951
f -4951 -4955 -4950
f -4951 -4950 -4947
f -4964 -4966 -4960
f -4960 -4966 -4959
f -4960 -4959 -4955
f -4955 -4959 -4954
f -4955 -4954 -4950
f -4944 -4962 -4952
f -4952 -4962 -4956
f -4952 -4956 -4951
f -4949 -4943 -4948
f -4948 -4943 -4942
f -4948 -4942 -4979
f -4951 -4947 -4945
f -4945 -4947 -4946
f -4945 -4946 -4977
f -5035 -5038 -5036
f -5036 -5038 -5037
f -5036 -5037 -5033
f -5043 -5044 -5042
f -5042 -5044 -5040
f -5042 -5040 -5039
f -5043 -5045 -5044
f -5044 -5045 -5046
f -5044 -5046 -5041
f -5049 -5050 -5051
f -5051 -5050 -5052
f -5051 -5052 -5053
f -5053 -5052 -5054
f -5053 -5054 -5048
f -5059 -5058 -5060
f -5060 -5058 -5057
f -5060 -5057 -5056
f -5020 -5019 -5021
f -5021 -5019 -5016
f -5021 -5016 -5012
f -5012 -5016 -5014
f -5012 -5014 -5011
f -5009 -5007 -5008
f -5008 -5007 -5006
f -5008 -5006 -5003
f -5003 -5006 -5004
f -5003 -5004 -5002
f -5028 -5029 -5027
f -5027 -5029 -5025
f -5027 -5025 -5024
f -5028 -5030 -5029
f -5029 -5030 -5031
f -5029 -5031 -5026
f -5018 -5017 -5019
f -5019 -5017 -5015
f -5019 -5015 -5016
f -5016 -5015 -5014
f -4474 -4476 -4475
f -4475 -4476 -4477
f -4475 -4477 -4471
f -4482 -4481 -4485
f -4485 -4481 -4480
f -4485 -4480 -4479
f -4483 -4485 -4492
f -4492 -4485 -4484
f -4492 -4484 -4491
f -4465 -4460 -4463
f -4463 -4460 -4461
f -4463 -4461 -4462
f -4455 -4453 -4454
f -4454 -4453 -4452
f -4454 -4452 -4438
f -4441 -4440 -4458
f -4458 -4440 -4439
f -4458 -4439 -4457
f -4444 -4443 -4446
f -4446 -4443 -4442
f -4446 -4442 -4450
f -4451 -4450 -4449
f -4449 -4450 -4448
f -4449 -4448 -4447
f -4429 -4431 -4430
f -4430 -4431 -4428
f -4430 -4428 -4427
f -4431 -4432 -4434
f -4434 -4432 -4433
f -4434 -4433 -4435
f -4525 -4524 -4530
f -4530 -4524 -4528
f -4530 -4528 -4529
f -4529 -4531 -4530
f -4530 -4531 -4532
f -4530 -4532 -4526
f -4562 -4564 -4563
f -4563 -4564 -4551
f -4563 -4551 -4552
f -4552 -4551 -4550
f -4552 -4550 -4543
f -4543 -4550 -4544
f -4543 -4544 -4565
f -4565 -4544 -4558
f -4565 -4558 -4567
f -4567 -4558 -4557
f -4567 -4557 -4571
f -4571 -4557 -4573
f -4571 -4573 -4572
f -4572 -4573 -4574
f -4572 -4574 -4576
f -4576 -4574 -4575
f -4576 -4575 -4577
f -4560 -4562 -4561
f -4561 -4562 -4563
f -4561 -4563 -4553
f -4553 -4563 -4552
f -4553 -4552 -4548
f -4548 -4552 -4543
f -4548 -4543 -4546
f -4546 -4543 -4565
f -4546 -4565 -4545
f -4558 -4544 -4556
f -4556 -4544 -4550
f -4556 -4550 -4554
f -4554 -4550 -4551
f -4554 -4551 -4564
f -4496 -4498 -4495
f -4495 -4498 -4494
f -4495 -4494 -4493
f -4576 -4542 -4572
f -4572 -4542 -4570
f -4572 -4570 -4571
f -4571 -4570 -4569
f -4571 -4569 -4567
f -4567 -4569 -4568
f -4567 -4568 -4566
f -4574 -4573 -4575
f -4575 -4573 -4555
f -4575 -4555 -4554
f -4554 -4555 -4556
f -4560 -4561 -4559
f -4559 -4561 -4553
f -4559 -4553 -4549
f -4549 -4553 -4548
f -4549 -4548 -4547
f -4547 -4548 -4546
f -4547 -4546 -4545
f -4558 -4556 -4557
f -4557 -4556 -4555
f -4557 -4555 -4573
f -4602 -4604 -4603
f -4603 -4604 -4605
f -4603 -4605 -4588
f -4588 -4605 -4607
f -4588 -4607 -4590
f -4590 -4607 -4609
f -4590 -4609 -4597
f -4597 -4609 -4596
f -4597 -4596 -4598
f -4598 -4596 -4610
f -4598 -4610 -4587
f -4602 -4603 -4601
f -4601 -4603 -4588
f -4601 -4588 -4586
f -4586 -4588 -4590
f -4586 -4590 -4591
f -4591 -4590 -4589
f -4591 -4589 -4593
f -4593 -4589 -4599
f -4593 -4599 -4594
f -4594 -4599 -4595
f -4595 -4599 -4600
f -4600 -4599 -4598
f -4600 -4598 -4587
f -4590 -4597 -4589
f -4589 -4597 -4599
f -4619 -4620 -4631
f -4631 -4620 -4633
f -4631 -4633 -4632
f -4632 -4633 -4634
f -4632 -4634 -4618
f -4618 -4634 -4630
f -4618 -4630 -4644
f -4644 -4630 -4642
f -4644 -4642 -4643
f -4643 -4642 -4641
f -4643 -4641 -4623
f -4623 -4641 -4624
f -4623 -4624 -4625
f -4625 -4624 -4639
f -4617 -4629 -4627
f -4627 -4629 -4628
f -4627 -4628 -4626
f -4626 -4628 -4623
f -4626 -4623 -4625
f -4617 -4647 -4629
f -4629 -4647 -4645
f -4629 -4645 -4628
f -4628 -4645 -4643
f -4628 -4643 -4623
f -4653 -4619 -4652
f -4652 -4619 -4631
f -4652 -4631 -4650
f -4650 -4631 -4632
f -4650 -4632 -4648
f -4648 -4632 -4618
f -4648 -4618 -4646
f -4646 -4618 -4644
f -4646 -4644 -4645
f -4645 -4644 -4643
f -4642 -4630 -4638
f -4638 -4630 -4636
f -4638 -4636 -4637
f -4637 -4636 -4635
f -4637 -4635 -4622
f -4622 -4635 -4621
f -4639 -4641 -4640
f -4640 -4641 -4642
f -4640 -4642 -4638
f -4620 -4621 -4633
f -4633 -4621 -4635
f -4633 -4635 -4634
f -4634 -4635 -4636
f -4634 -4636 -4630
f -4666 -4664 -4665
f -4665 -4664 -4663
f -4665 -4663 -4676
f -4676 -4663 -4678
f -4676 -4678 -4677
f -4660 -4673 -4675
f -4675 -4673 -4674
f -4675 -4674 -4676
f -4676 -4674 -4668
f -4676 -4668 -4665
f -4665 -4668 -4670
f -4665 -4670 -4666
f -4666 -4670 -4667
f -4673 -4672 -4674
f -4674 -4672 -4661
f -4674 -4661 -4669
f -4671 -4670 -4669
f -4669 -4670 -4668
f -4669 -4668 -4674
f -4676 -4677 -4675
f -4675 -4677 -4660
f -4232 -4231 -4233
f -4233 -4231 -4248
f -4233 -4248 -4246
f -4246 -4248 -4247
f -4246 -4247 -4245
f -4238 -4236 -4237
f -4237 -4236 -4235
f -4237 -4235 -4242
f -4242 -4235 -4244
f -4242 -4244 -4243
f -4243 -4244 -4245
f -4245 -4244 -4246
f -4246 -4244 -4233
f -4243 -4241 -4242
f -4242 -4241 -4240
f -4242 -4240 -4237
f -4237 -4240 -4239
f -4237 -4239 -4238
f -4236 -4234 -4235
f -4235 -4234 -4233
f -4235 -4233 -4244
f -4215 -4213 -4223
f -4223 -4213 -4221
f -4223 -4221 -4222
f -4222 -4221 -4220
f -4222 -4220 -4219
f -4229 -4214 -4225
f -4225 -4214 -4223
f -4225 -4223 -4224
f -4224 -4223 -4222
f -4224 -4222 -4219
f -4218 -4217 -4226
f -4226 -4217 -4216
f -4226 -4216 -4228
f -4219 -4218 -4224
f -4224 -4218 -4226
f -4224 -4226 -4225
f -4225 -4226 -4227
f -4225 -4227 -4229
f -4229 -4227 -4228
f -4229 -4228 -4230
f -4162 -4161 -4168
f -4168 -4161 -4181
f -4168 -4181 -4180
f -4180 -4181 -4182
f -4167 -4168 -4179
f -4179 -4168 -4178
f -4179 -4178 -4177
f -4177 -4178 -4176
f -4177 -4176 -4175
f -4175 -4176 -4174
f -4175 -4174 -4173
f -4173 -4174 -4172
f -4173 -4172 -4171
f -4386 -4385 -4388
f -4388 -4385 -4384
f -4388 -4384 -4383
f -4389 -4396 -4390
f -4390 -4396 -4391
f -4390 -4391 -4382
f -4382 -4391 -4381
f -4382 -4381 -4380
f -4377 -4376 -4382
f -4382 -4376 -4375
f -4382 -4375 -4374
f -4380 -4379 -4382
f -4382 -4379 -4378
f -4382 -4378 -4377
f -4374 -4373 -4382
f -4382 -4373 -4372
f -4394 -4393 -4396
f -4396 -4393 -4392
f -4396 -4392 -4391
f -4329 -4328 -4330
f -4330 -4328 -4361
f -4330 -4361 -4362
f -4362 -4361 -4360
f -4323 -4321 -4322
f -4322 -4321 -4320
f -4322 -4320 -4319
f -4306 -4305 -4309
f -4309 -4305 -4295
f -4309 -4295 -4294
f -4307 -4309 -4308
f -4308 -4309 -4310
f -4308 -4310 -4304
f -4304 -4310 -4303
f -4304 -4303 -4302
f -4298 -4297 -4301
f -4301 -4297 -4296
f -4301 -4296 -4304
f -4300 -4299 -4301
f -4301 -4299 -4298
f -4358 -4359 -4357
f -4357 -4359 -4356
f -4357 -4356 -4355
f -4355 -4356 -4354
f -4355 -4354 -4353
f -4362 -4345 -4330
f -4330 -4345 -4346
f -4330 -4346 -4327
f -4342 -4343 -4341
f -4341 -4343 -4340
f -4341 -4340 -4339
f -4339 -4340 -4338
f -4339 -4338 -4337
f -4063 -4064 -4065
f -4065 -4064 -4066
f -4065 -4066 -4067
f -4067 -4066 -4068
f -4067 -4068 -4061
f -4061 -4068 -4060
f -4061 -4060 -4076
f -4043 -4042 -4044
f -4044 -4042 -4059
f -4044 -4059 -4057
f -4057 -4059 -4058
f -4057 -4058 -4056
f -4049 -4047 -4048
f -4048 -4047 -4046
f -4048 -4046 -4053
f -4053 -4046 -4055
f -4053 -4055 -4054
f -4054 -4055 -4056
f -4056 -4055 -4057
f -4057 -4055 -4044
f -4054 -4052 -4053
f -4053 -4052 -4051
f -4053 -4051 -4048
f -4048 -4051 -4050
f -4048 -4050 -4049
f -4047 -4045 -4046
f -4046 -4045 -4044
f -4046 -4044 -4055
f -4165 -4164 -4168
f -4168 -4164 -4163
f -4168 -4163 -4162
f -4165 -4168 -4166
f -4166 -4168 -4167
f -3967 -3965 -3966
f -3966 -3965 -3964
f -3966 -3964 -3973
f -3960 -3963 -3961
f -3961 -3963 -3962
f -3961 -3962 -3972
f -3960 -3969 -3963
f -3963 -3969 -3970
f -3963 -3970 -3959
f -3973 -3971 -3972
f -3972 -3971 -3958
f -3972 -3958 -3957
f -3972 -3974 -3973
f -3973 -3974 -3975
f -3973 -3975 -3966
f -3953 -3951 -3952
f -3952 -3951 -3950
f -3952 -3950 -3948
f -3928 -3926 -3927
f -3927 -3926 -3925
f -3927 -3925 -3906
f -3927 -3929 -3928
f -3928 -3929 -3911
f -3928 -3911 -3908
f -3908 -3911 -3909
f -3926 -3924 -3925
f -3925 -3924 -3913
f -3925 -3913 -3907
f -3921 -3923 -3922
f -3922 -3923 -3911
f -3922 -3911 -3910
f -3922 -3920 -3921
f -3921 -3920 -3919
f -3921 -3919 -3916
f -3918 -3914 -3915
f -3915 -3914 -3913
f -3915 -3913 -3912
f -3912 -3913 -3924
f -4038 -4036 -4037
f -4037 -4036 -4035
f -4037 -4035 -4024
f -4024 -4035 -4026
f -4024 -4026 -4025
f -4025 -4026 -4027
f -4040 -4038 -4039
f -4039 -4038 -4037
f -4039 -4037 -4030
f -4030 -4037 -4024
f -4030 -4024 -4032
f -4032 -4024 -4025
f -4027 -4026 -4028
f -4028 -4026 -4023
f -4036 -4034 -4035
f -4035 -4034 -4033
f -4035 -4033 -4023
f -3982 -3980 -3981
f -3981 -3980 -3979
f -3981 -3979 -3977
f -3868 -3877 -3863
f -3863 -3877 -3878
f -3863 -3878 -3861
f -3851 -3853 -3852
f -3852 -3853 -3845
f -3852 -3845 -3843
f -3843 -3845 -3844
f -3843 -3844 -3840
f -3840 -3844 -3841
f -3857 -3855 -3856
f -3856 -3855 -3854
f -3856 -3854 -3844
f -3844 -3854 -3841
f -3879 -3880 -3874
f -3874 -3880 -3873
f -3874 -3873 -3872
f -3872 -3873 -3871
f -3872 -3871 -3870
f -3870 -3871 -3869
f -3870 -3869 -3868
f -3881 -3883 -3882
f -3882 -3883 -3867
f -3882 -3867 -3865
f -3865 -3867 -3866
f -3862 -3870 -3863
f -3863 -3870 -3868
f -3888 -3889 -3891
f -3891 -3889 -3890
f -3891 -3890 -3892
f -3902 -3900 -3901
f -3901 -3900 -3899
f -3901 -3899 -3897
f -3833 -3832 -3831
f -3831 -3832 -3830
f -3831 -3830 -3829
f -3829 -3830 -3828
f -3829 -3828 -3827
f -3827 -3828 -3826
f -3827 -3826 -3825
f -3825 -3826 -3824
f -3825 -3824 -3823
f -3823 -3824 -3822
f -3823 -3822 -3821
f -3821 -3822 -3820
f -3821 -3820 -3819
f -3761 -3762 -3764
f -3764 -3762 -3763
f -3764 -3763 -3765
f -3767 -3768 -3770
f -3770 -3768 -3769
f -3770 -3769 -3771
f -3738 -3736 -3737
f -3737 -3736 -3735
f -3737 -3735 -3730
f -3730 -3735 -3729
f -3730 -3729 -3728
f -3728 -3729 -3727
f -3728 -3727 -3726
f -3726 -3727 -3744
f -3726 -3744 -3746
f -3746 -3744 -3745
f -3746 -3745 -3747
f -3732 -3734 -3733
f -3733 -3734 -3743
f -3733 -3743 -3725
f -3725 -3743 -3742
f -3689 -3696 -3694
f -3694 -3696 -3695
f -3694 -3695 -3693
f -3686 -3684 -3685
f -3685 -3684 -3683
f -3685 -3683 -3676
f -3676 -3683 -3681
f -3676 -3681 -3682
f -3682 -3681 -3680
f -3673 -3672 -3674
f -3674 -3672 -3654
f -3674 -3654 -3653
f -3655 -3656 -3657
f -3657 -3656 -3658
f -3657 -3658 -3659
f -3659 -3658 -3660
f -3659 -3660 -3668
f -3668 -3660 -3670
f -3668 -3670 -3669
f -3669 -3670 -3671
f -3666 -3665 -3667
f -3667 -3665 -3658
f -3667 -3658 -3656
f -6923 -6932 -6930
f -6930 -6932 -6931
f -6930 -6931 -6929
f -6926 -6925 -6930
f -6930 -6925 -6924
f -6930 -6924 -6923
f -6938 -6933 -6939
f -6939 -6933 -6940
f -6939 -6940 -6946
f -6946 -6940 -6948
f -6946 -6948 -6947
f -6947 -6948 -6949
f -6947 -6949 -6937
f -6949 -6948 -6950
f -6950 -6948 -6940
f -6950 -6940 -6935
f -6937 -6936 -6947
f -6947 -6936 -6945
f -6947 -6945 -6946
f -6946 -6945 -6944
f -6946 -6944 -6939
f -6939 -6944 -6938
f -6942 -6944 -6943
f -6943 -6944 -6945
f -6943 -6945 -6936
f -6942 -6943 -6941
f -6941 -6943 -6934
f -6971 -6969 -6970
f -6970 -6969 -6968
f -6970 -6968 -6962
f -6962 -6968 -6966
f -6962 -6966 -6961
f -6961 -6966 -6960
f -6961 -6960 -6957
f -6953 -6956 -6954
f -6954 -6956 -6955
f -6954 -6955 -6951
f -6957 -6958 -6961
f -6961 -6958 -6963
f -6961 -6963 -6962
f -6962 -6963 -6964
f -6962 -6964 -6970
f -6970 -6964 -6972
f -6970 -6972 -6971
f -6971 -6972 -6973
f -6958 -6959 -6963
f -6963 -6959 -6965
f -6963 -6965 -6964
f -6964 -6965 -6972
f -6973 -6972 -6974
f -6974 -6972 -6965
f -6979 -6980 -6981
f -6981 -6980 -6982
f -6981 -6982 -6983
f -6983 -6982 -6984
f -6983 -6984 -6978
f -6978 -6977 -6983
f -6983 -6977 -6976
f -6983 -6976 -6975
f -6869 -6870 -6873
f -6873 -6870 -6875
f -6873 -6875 -6874
f -6874 -6875 -6876
f -6874 -6876 -6882
f -6882 -6876 -6884
f -6882 -6884 -6883
f -6883 -6884 -6885
f -6885 -6884 -6886
f -6886 -6884 -6877
f -6883 -6881 -6882
f -6882 -6881 -6880
f -6882 -6880 -6874
f -6874 -6880 -6878
f -6874 -6878 -6873
f -6873 -6878 -6872
f -6873 -6872 -6869
f -6870 -6871 -6875
f -6875 -6871 -6877
f -6875 -6877 -6876
f -6876 -6877 -6884
f -6863 -6864 -6865
f -6865 -6864 -6866
f -6865 -6866 -6867
f -6867 -6866 -6868
f -6867 -6868 -6862
f -6858 -6861 -6859
f -6859 -6861 -6860
f -6859 -6860 -6856
f -6898 -6897 -6902
f -6902 -6897 -6909
f -6902 -6909 -6907
f -6907 -6909 -6908
f -6907 -6908 -6906
f -6915 -6914 -6917
f -6917 -6914 -6913
f -6917 -6913 -6912
f -6916 -6917 -6919
f -6919 -6917 -6918
f -6919 -6918 -6920
f -6910 -6911 -6920
f -6920 -6911 -6922
f -6920 -6922 -6921
f -6891 -6892 -6893
f -6893 -6892 -6894
f -6893 -6894 -6895
f -6895 -6894 -6896
f -6895 -6896 -6890
f -6890 -6889 -6895
f -6895 -6889 -6888
f -6895 -6888 -6887
f -6901 -6900 -6902
f -6902 -6900 -6899
f -6902 -6899 -6898
f -6831 -6834 -6833
f -6833 -6834 -6848
f -6833 -6848 -6832
f -6832 -6848 -6835
f -6832 -6835 -6831
f -6844 -6830 -6842
f -6842 -6830 -6829
f -6842 -6829 -6846
f -6834 -6837 -6845
f -6845 -6837 -6838
f -6845 -6838 -6839
f -6845 -6844 -6843
f -6843 -6844 -6842
f -6843 -6842 -6841
f -6841 -6842 -6846
f -6841 -6846 -6848
f -6848 -6846 -6847
f -6848 -6847 -6849
f -6845 -6843 -6834
f -6834 -6843 -6841
f -6834 -6841 -6848
f -6836 -6835 -6852
f -6852 -6835 -6850
f -6852 -6850 -6851
f -6851 -6850 -6849
f -6851 -6853 -6852
f -6852 -6853 -6854
f -6852 -6854 -6836
f -6853 -6855 -6854
f -6854 -6855 -6828
f -6789 -6788 -6808
f -6808 -6788 -6787
f -6808 -6787 -6810
f -6808 -6810 -6809
f -6809 -6810 -6811
f -6809 -6811 -6807
f -6807 -6811 -6813
f -6807 -6813 -6806
f -6806 -6813 -6794
f -6806 -6794 -6800
f -6800 -6794 -6798
f -6800 -6798 -6799
f -6799 -6798 -6797
f -6799 -6797 -6791
f -6791 -6797 -6795
f -6799 -6801 -6800
f -6800 -6801 -6802
f -6800 -6802 -6806
f -6806 -6802 -6804
f -6806 -6804 -6805
f -6803 -6801 -6792
f -6792 -6801 -6791
f -6792 -6791 -6790
f -6795 -6797 -6796
f -6796 -6797 -6798
f -6796 -6798 -6793
f -6793 -6798 -6794
f -6793 -6794 -6814
f -6814 -6794 -6813
f -6814 -6813 -6812
f -6812 -6813 -6811
f -6812 -6811 -6810
f -6817 -6820 -6818
f -6818 -6820 -6819
f -6818 -6819 -6815
f -6821 -6822 -6824
f -6824 -6822 -6823
f -6824 -6823 -6825
f -6821 -6824 -6826
f -6826 -6824 -6825
f -6826 -6825 -6827
f -6748 -6776 -6778
f -6778 -6776 -6777
f -6778 -6777 -6779
f -6779 -6777 -6764
f -6779 -6764 -6765
f -6781 -6782 -6783
f -6783 -6782 -6784
f -6783 -6784 -6785
f -6785 -6784 -6786
f -6785 -6786 -6780
f -6754 -6753 -6755
f -6755 -6753 -6756
f -6755 -6756 -6760
f -6760 -6756 -6762
f -6760 -6762 -6761
f -6761 -6762 -6770
f -6761 -6770 -6772
f -6772 -6770 -6771
f -6772 -6771 -6773
f -6767 -6769 -6768
f -6768 -6769 -6770
f -6768 -6770 -6762
f -6773 -6774 -6772
f -6772 -6774 -6752
f -6772 -6752 -6761
f -6761 -6752 -6757
f -6761 -6757 -6759
f -6759 -6757 -6758
f -6759 -6758 -6760
f -6760 -6758 -6754
f -6760 -6754 -6755
f -6767 -6768 -6766
f -6766 -6768 -6756
f -6748 -6749 -6776
f -6776 -6749 -6774
f -6776 -6774 -6775
f -6775 -6774 -6773
f -6776 -6775 -6777
f -6777 -6775 -6763
f -6777 -6763 -6764
f -6750 -6757 -6751
f -6751 -6757 -6752
f -6751 -6752 -6774
f -6750 -6751 -6749
f -6749 -6751 -6774
f -6738 -6737 -6736
f -6736 -6737 -6735
f -6736 -6735 -6734
f -7149 -7162 -7150
f -7150 -7162 -7160
f -7150 -7160 -7141
f -7141 -7160 -7134
f -7141 -7134 -7140
f -7140 -7134 -7133
f -7140 -7133 -7139
f -7142 -7137 -7144
f -7144 -7137 -7146
f -7144 -7146 -7145
f -7145 -7146 -7147
f -7145 -7147 -7143
f -7127 -7132 -7131
f -7131 -7132 -7155
f -7131 -7155 -7157
f -7157 -7155 -7156
f -7157 -7156 -7158
f -7158 -7156 -7136
f -7158 -7136 -7134
f -7134 -7136 -7135
f -7134 -7135 -7133
f -7130 -7129 -7131
f -7131 -7129 -7128
f -7131 -7128 -7127
f -7142 -7138 -7137
f -7137 -7138 -7149
f -7137 -7149 -7151
f -7151 -7149 -7150
f -7151 -7150 -7152
f -7152 -7150 -7141
f -7152 -7141 -7140
f -7115 -7113 -7111
f -7111 -7113 -7112
f -7111 -7112 -7122
f -7122 -7112 -7124
f -7122 -7124 -7123
f -7123 -7124 -7125
f -7123 -7125 -7104
f -7117 -7126 -7116
f -7116 -7126 -7112
f -7116 -7112 -7113
f -7124 -7126 -7125
f -7125 -7126 -7118
f -7125 -7118 -7119
f -7104 -7103 -7123
f -7123 -7103 -7121
f -7123 -7121 -7122
f -7122 -7121 -7120
f -7122 -7120 -7111
f -7111 -7120 -7110
f -7111 -7110 -7109
f -7109 -7110 -7108
f -7109 -7108 -7107
f -7107 -7108 -7106
f -7107 -7106 -7105
f -7111 -7109 -7115
f -7115 -7109 -7107
f -7115 -7107 -7105
f -7140 -7154 -7152
f -7152 -7154 -7153
f -7152 -7153 -7151
f -7151 -7153 -7146
f -7151 -7146 -7137
f -7140 -7139 -7154
f -7154 -7139 -7148
f -7154 -7148 -7153
f -7153 -7148 -7147
f -7153 -7147 -7146
f -7161 -7159 -7160
f -7160 -7159 -7158
f -7160 -7158 -7134
f -7158 -7159 -7157
f -7157 -7159 -7130
f -7157 -7130 -7131
f -7025 -7035 -7037
f -7037 -7035 -7036
f -7037 -7036 -7038
f -7038 -7036 -7028
f -7038 -7028 -7023
f -7028 -7036 -7034
f -7034 -7036 -7035
f -7034 -7035 -7033
f -7033 -7035 -7024
f -7033 -7024 -7031
f -7031 -7024 -7022
f -7031 -7022 -7029
f -7041 -7044 -7042
f -7042 -7044 -7043
f -7042 -7043 -7039
f -7011 -7020 -7018
f -7018 -7020 -7019
f -7018 -7019 -7017
f -7033 -7031 -7032
f -7032 -7031 -7030
f -7032 -7030 -7026
f -7033 -7032 -7034
f -7034 -7032 -7027
f -7034 -7027 -7028
f -7028 -7027 -7021
f -7032 -7026 -7027
f -7027 -7026 -7021
f -7014 -7013 -7018
f -7018 -7013 -7012
f -7018 -7012 -7011
f -7003 -7002 -7005
f -7005 -7002 -7001
f -7005 -7001 -7000
f -7004 -7005 -7007
f -7007 -7005 -7006
f -7007 -7006 -7008
f -6999 -7010 -7008
f -7008 -7010 -7009
f -7008 -7009 -7007
f -6986 -6985 -6990
f -6990 -6985 -6997
f -6990 -6997 -6995
f -6995 -6997 -6996
f -6995 -6996 -6994
f -6989 -6988 -6990
f -6990 -6988 -6987
f -6990 -6987 -6986
f -7083 -7085 -7084
f -7084 -7085 -7086
f -7084 -7086 -7081
f -7083 -7084 -7082
f -7082 -7084 -7081
f -7093 -7092 -7094
f -7094 -7092 -7091
f -7094 -7091 -7090
f -7097 -7100 -7098
f -7098 -7100 -7099
f -7098 -7099 -7095
f -7101 -7106 -7102
f -7102 -7106 -7108
f -7048 -7046 -7061
f -7061 -7046 -7063
f -7061 -7063 -7062
f -7062 -7063 -7071
f -7062 -7071 -7069
f -7069 -7071 -7070
f -7069 -7070 -7068
f -7068 -7070 -7050
f -7068 -7050 -7060
f -7048 -7061 -7049
f -7049 -7061 -7067
f -7049 -7067 -7065
f -7065 -7067 -7066
f -7065 -7066 -7064
f -7064 -7066 -7057
f -7064 -7057 -7056
f -7056 -7057 -7052
f -7056 -7052 -7054
f -7054 -7052 -7053
f -7054 -7053 -7055
f -7055 -7053 -7045
f -7051 -7052 -7058
f -7058 -7052 -7057
f -7058 -7057 -7066
f -7079 -7078 -7080
f -7080 -7078 -7077
f -7080 -7077 -7076
f -7058 -7066 -7068
f -7068 -7066 -7067
f -7068 -7067 -7069
f -7069 -7067 -7061
f -7069 -7061 -7062
f -7050 -7070 -7072
f -7072 -7070 -7071
f -7072 -7071 -7073
f -7073 -7071 -7063
f -7073 -7063 -7047
f -5868 -5869 -5870
f -5870 -5869 -5871
f -5870 -5871 -5872
f -5872 -5871 -5873
f -5872 -5873 -5866
f -5866 -5873 -5867
f -5866 -5867 -5874
f -5875 -5876 -5874
f -5874 -5876 -5865
f -5874 -5865 -5866
f -5822 -5824 -5823
f -5823 -5824 -5801
f -5823 -5801 -5795
f -5795 -5801 -5796
f -5799 -5798 -5801
f -5801 -5798 -5797
f -5801 -5797 -5796
f -5740 -5744 -5742
f -5742 -5744 -5743
f -5742 -5743 -5741
f -5743 -5744 -5750
f -5750 -5744 -5749
f -5750 -5749 -5748
f -5748 -5749 -5747
f -5748 -5747 -5746
f -5746 -5747 -5745
f -5745 -5747 -5744
f -5744 -5747 -5749
f -5726 -5728 -5727
f -5727 -5728 -5736
f -5727 -5736 -5734
f -5734 -5736 -5735
f -5734 -5735 -5733
f -5729 -5730 -5736
f -5736 -5730 -5731
f -5736 -5731 -5738
f -5724 -5723 -5722
f -5722 -5723 -5721
f -5722 -5721 -5720
f -5720 -5721 -5719
f -5720 -5719 -5718
f -5703 -5716 -5714
f -5714 -5716 -5715
f -5714 -5715 -5713
f -5712 -5702 -5714
f -5714 -5702 -5701
f -5714 -5701 -5710
f -5706 -5705 -5714
f -5714 -5705 -5704
f -5714 -5704 -5703
f -5709 -5708 -5714
f -5714 -5708 -5707
f -5714 -5707 -5706
f -6526 -6529 -6527
f -6527 -6529 -6528
f -6527 -6528 -6524
f -6533 -6532 -6538
f -6538 -6532 -6531
f -6538 -6531 -6540
f -6539 -6537 -6538
f -6538 -6537 -6536
f -6538 -6536 -6534
f -6509 -6512 -6510
f -6510 -6512 -6511
f -6510 -6511 -6507
f -6522 -6520 -6521
f -6521 -6520 -6519
f -6521 -6519 -6517
f -6516 -6515 -6521
f -6521 -6515 -6514
f -6521 -6514 -6523
f -6499 -6498 -6503
f -6503 -6498 -6501
f -6503 -6501 -6502
f -6502 -6501 -6500
f -6502 -6504 -6503
f -6503 -6504 -6505
f -6503 -6505 -6499
f -6493 -6496 -6494
f -6494 -6496 -6495
f -6494 -6495 -6491
f -6575 -6578 -6576
f -6576 -6578 -6577
f -6576 -6577 -6573
f -6568 -6570 -6569
f -6569 -6570 -6571
f -6569 -6571 -6565
f -6582 -6581 -6587
f -6587 -6581 -6580
f -6587 -6580 -6589
f -6588 -6586 -6587
f -6587 -6586 -6585
f -6587 -6585 -6583
f -6592 -6595 -6593
f -6593 -6595 -6594
f -6593 -6594 -6590
f -6550 -6549 -6553
f -6553 -6549 -6548
f -6553 -6548 -6551
f -6543 -6546 -6544
f -6544 -6546 -6545
f -6544 -6545 -6541
f -6565 -6564 -6569
f -6569 -6564 -6567
f -6569 -6567 -6568
f -6568 -6567 -6566
f -6552 -6554 -6553
f -6553 -6554 -6555
f -6553 -6555 -6550
f -6559 -6562 -6560
f -6560 -6562 -6561
f -6560 -6561 -6557
f -6625 -6628 -6626
f -6626 -6628 -6627
f -6626 -6627 -6623
f -6631 -6634 -6632
f -6632 -6634 -6633
f -6632 -6633 -6629
f -6618 -6620 -6619
f -6619 -6620 -6621
f -6619 -6621 -6616
f -6616 -6615 -6619
f -6619 -6615 -6614
f -6619 -6614 -6617
f -6609 -6612 -6610
f -6610 -6612 -6611
f -6610 -6611 -6607
f -6605 -6603 -6604
f -6604 -6603 -6602
f -6604 -6602 -6600
f -6599 -6598 -6604
f -6604 -6598 -6597
f -6604 -6597 -6606
f -6665 -6664 -6663
f -6663 -6664 -6662
f -6663 -6662 -6661
f -6661 -6662 -6660
f -6661 -6660 -6659
f -6647 -6646 -6645
f -6645 -6646 -6644
f -6645 -6644 -6643
f -6677 -6676 -6675
f -6675 -6676 -6674
f -6675 -6674 -6673
f -6673 -6674 -6672
f -6673 -6672 -6671
f -6691 -6690 -6693
f -6693 -6690 -6689
f -6693 -6689 -6688
f -6711 -6710 -6709
f -6709 -6710 -6708
f -6709 -6708 -6707
f -6707 -6708 -6706
f -6707 -6706 -6705
f -6723 -6722 -6721
f -6721 -6722 -6720
f -6721 -6720 -6719
f -6719 -6720 -6718
f -6719 -6718 -6717
f -6425 -6423 -6403
f -6403 -6423 -6402
f -6403 -6402 -6401
f -6422 -6420 -6421
f -6421 -6420 -6419
f -6421 -6419 -6407
f -6405 -6404 -6418
f -6418 -6404 -6417
f -6418 -6417 -6416
f -6416 -6417 -6415
f -6416 -6415 -6414
f -6414 -6415 -6413
f -6414 -6413 -6412
f -6412 -6413 -6411
f -6412 -6411 -6410
f -6410 -6411 -6409
f -1983 -1982 -1984
f -1984 -1982 -2024
f -1984 -2024 -2023
f -2023 -2024 -2025
f -2013 -2011 -2012
f -2012 -2011 -2010
f -2012 -2010 -2009
f -2006 -2008 -2007
f -2007 -2008 -2000
f -2007 -2000 -2001
f -2001 -2000 -2049
f -2001 -2049 -1996
f -1996 -2049 -2048
f -1996 -2048 -1993
f -1981 -1980 -1995
f -1995 -1980 -1998
f -1995 -1998 -1999
f -1999 -1998 -1997
f -1993 -1992 -1996
f -1996 -1992 -2039
f -1996 -2039 -2040
f -2040 -2039 -2038
f -2048 -2049 -2050
f -2050 -2049 -2051
f -2050 -2051 -1984
f -1984 -2051 -1983
f -1977 -1985 -1986
f -1986 -1985 -1989
f -1986 -1989 -2022
f -2022 -1989 -2047
f -2022 -2047 -2021
f -2021 -2047 -2020
f -2021 -2020 -2019
f -2035 -2041 -2042
f -2042 -2041 -2043
f -2042 -2043 -2044
f -2044 -2043 -2045
f -2044 -2045 -2046
f -2046 -2045 -2047
f -2046 -2047 -1989
f -2032 -2030 -2031
f -2031 -2030 -2038
f -2031 -2038 -2029
f -2029 -2038 -2028
f -2029 -2028 -2027
f -2039 -2037 -2038
f -2038 -2037 -2036
f -2038 -2036 -2028
f -2083 -2086 -2085
f -2085 -2086 -2087
f -2085 -2087 -2082
f -2080 -2079 -2081
f -2081 -2079 -2078
f -2081 -2078 -2077
f -2090 -2089 -2098
f -2098 -2089 -2088
f -2098 -2088 -2087
f -2099 -2092 -2098
f -2098 -2092 -2091
f -2098 -2091 -2090
f -2096 -2095 -2099
f -2099 -2095 -2094
f -2099 -2094 -2093
f -2098 -2097 -2099
f -2099 -2097 -2096
f -2110 -2109 -2112
f -2112 -2109 -2108
f -2112 -2108 -2107
f -2116 -2115 -2119
f -2119 -2115 -2114
f -2119 -2114 -2113
f -2116 -2119 -2117
f -2117 -2119 -2118
f -2117 -2118 -2105
f -1921 -1922 -1928
f -1928 -1922 -1927
f -1928 -1927 -1926
f -1926 -1927 -1925
f -1926 -1925 -1924
f -1924 -1925 -1923
f -1901 -1900 -1906
f -1906 -1900 -1899
f -1906 -1899 -1910
f -1904 -1903 -1906
f -1906 -1903 -1902
f -1906 -1902 -1901
f -1896 -1904 -1898
f -1898 -1904 -1905
f -1898 -1905 -1895
f -1883 -1882 -1886
f -1886 -1882 -1881
f -1886 -1881 -1880
f -1883 -1886 -1884
f -1884 -1886 -1885
f -1884 -1885 -1872
f -1877 -1876 -1879
f -1879 -1876 -1875
f -1879 -1875 -1874
f -1973 -1975 -1974
f -1974 -1975 -1970
f -1974 -1970 -1969
f -1971 -1975 -1972
f -1972 -1975 -1973
f -2040 -1991 -1996
f -1996 -1991 -1990
f -1996 -1990 -1989
f -1989 -1990 -1988
f -1989 -1988 -1987
f -1922 -1929 -1931
f -1931 -1929 -1930
f -1931 -1930 -1932
f -1957 -1955 -1956
f -1956 -1955 -1945
f -1956 -1945 -1950
f -8368 -8367 -8369
f -8369 -8367 -8362
f -8369 -8362 -8371
f -8371 -8362 -8357
f -8371 -8357 -8356
f -8368 -8366 -8367
f -8367 -8366 -8365
f -8367 -8365 -8362
f -8362 -8365 -8363
f -8362 -8363 -8361
f -1810 -1811 -1809
f -1809 -1811 -1808
f -1809 -1808 -1807
f -1807 -1806 -1809
f -1809 -1806 -1805
f -8355 -8372 -8373
f -8373 -8372 -8371
f -8373 -8371 -8356
f -1827 -1830 -1834
f -1834 -1830 -1833
f -1834 -1833 -1832
f -1832 -1833 -1831
f -8401 -8399 -8400
f -8400 -8399 -8398
f -8400 -8398 -8386
f -8386 -8398 -8391
f -8386 -8391 -8389
f -8389 -8391 -8390
f -8389 -8390 -8388
f -8399 -8397 -8398
f -8398 -8397 -8396
f -8398 -8396 -8391
f -8391 -8396 -8393
f -8391 -8393 -8392
f -8392 -8393 -8394
f -8396 -8387 -8393
f -8393 -8387 -8395
f -8393 -8395 -8394
f -8336 -8337 -8338
f -8338 -8337 -8339
f -8338 -8339 -8340
f -8340 -8339 -8341
f -8340 -8341 -8344
f -8344 -8341 -8343
f -8344 -8343 -8342
f -8330 -8329 -8335
f -8335 -8329 -8334
f -8335 -8334 -8336
f -8336 -8334 -8333
f -8336 -8333 -8332
f -8361 -8360 -8362
f -8362 -8360 -8358
f -8362 -8358 -8357
f -1856 -1861 -1858
f -1858 -1861 -1862
f -1858 -1862 -1855
f -1862 -1861 -1860
f -1860 -1861 -1859
f -8317 -8316 -8315
f -8315 -8316 -8314
f -8315 -8314 -8313
f -8313 -8314 -8312
f -8313 -8312 -8311
f -8311 -8312 -8310
f -8311 -8310 -8309
f -8306 -8304 -8305
f -8305 -8304 -8303
f -8305 -8303 -8291
f -8291 -8303 -8296
f -8291 -8296 -8294
f -8294 -8296 -8295
f -8294 -8295 -8293
f -8299 -8297 -8298
f -8298 -8297 -8296
f -8298 -8296 -8301
f -8301 -8296 -8303
f -8301 -8303 -8302
f -8302 -8303 -8304
f -1792 -1791 -1793
f -1793 -1791 -1790
f -1793 -1790 -1789
f -8301 -8292 -8298
f -8298 -8292 -8300
f -8298 -8300 -8299
f -1794 -1796 -1797
f -1797 -1796 -1798
f -1797 -1798 -1799
f -1799 -1798 -1800
f -1799 -1800 -1793
f -1793 -1800 -1792
f -8262 -8261 -8276
f -8276 -8261 -8278
f -8276 -8278 -8277
f -8277 -8278 -8260
f -8263 -8262 -8267
f -8267 -8262 -8276
f -8267 -8276 -8274
f -8274 -8276 -8275
f -8274 -8275 -8273
f -8274 -8272 -8267
f -8267 -8272 -8270
f -8267 -8270 -8268
f -8268 -8266 -8267
f -8267 -8266 -8265
f -8267 -8265 -8263
f -8467 -8468 -8473
f -8473 -8468 -8469
f -8473 -8469 -8471
f -8465 -8467 -8466
f -8466 -8467 -8473
f -8466 -8473 -8475
f -8475 -8473 -8474
f -8475 -8474 -8476
f -1710 -1711 -1709
f -1709 -1711 -1708
f -1709 -1708 -1707
f -1707 -1708 -1706
f -1707 -1706 -1705
f -1705 -1706 -1704
f -1705 -1704 -1703
f -8465 -8466 -8464
f -8464 -8466 -8475
f -8464 -8475 -8460
f -8460 -8475 -8476
f -8460 -8463 -8461
f -8461 -8463 -8462
f -8461 -8462 -8464
f -8454 -8455 -8456
f -8456 -8455 -8457
f -8456 -8457 -8458
f -8458 -8457 -8459
f -8458 -8459 -8448
f -8448 -8459 -8447
f -8448 -8447 -8446
f -1696 -1697 -1695
f -1695 -1697 -1694
f -1695 -1694 -1693
f -1693 -1694 -1692
f -1693 -1692 -1691
f -1691 -1692 -1690
f -1691 -1690 -1689
f -1658 -1659 -1657
f -1657 -1659 -1656
f -1657 -1656 -1655
f -1655 -1656 -1654
f -1655 -1654 -1653
f -1653 -1654 -1652
f -1653 -1652 -1651
f -8412 -8411 -8410
f -8410 -8411 -8409
f -8410 -8409 -8408
f -8408 -8409 -8407
f -8408 -8407 -8406
f -8406 -8407 -8405
f -8406 -8405 -8404
f -1672 -1673 -1671
f -1671 -1673 -1670
f -1671 -1670 -1669
f -1669 -1670 -1668
f -1669 -1668 -1667
f -1667 -1668 -1666
f -1667 -1666 -1665
f -1584 -1583 -1639
f -1639 -1583 -1582
f -1639 -1582 -1581
f -1631 -1630 -1640
f -1640 -1630 -1629
f -1640 -1629 -1628
f -8437 -8436 -8443
f -8443 -8436 -8435
f -8443 -8435 -8434
f -1634 -1633 -1640
f -1640 -1633 -1632
f -1640 -1632 -1631
f -8440 -8439 -8443
f -8443 -8439 -8438
f -8443 -8438 -8437
f -1637 -1636 -1640
f -1640 -1636 -1635
f -1640 -1635 -1634
f -8442 -8441 -8443
f -8443 -8441 -8440
f -8454 -8453 -8455
f -8455 -8453 -8450
f -8455 -8450 -8449
f -8449 -8450 -8451
f -1625 -1624 -1640
f -1640 -1624 -1623
f -1640 -1623 -1622
f -1628 -1627 -1640
f -1640 -1627 -1626
f -1640 -1626 -1625
f -8451 -8453 -8452
f -8452 -8453 -8445
f -8452 -8445 -8444
f -8432 -8431 -8433
f -8433 -8431 -8430
f -8433 -8430 -8429
f -1610 -1609 -1621
f -1621 -1609 -1608
f -1621 -1608 -1607
f -1613 -1612 -1621
f -1621 -1612 -1611
f -1621 -1611 -1610
f -1616 -1615 -1621
f -1621 -1615 -1614
f -1621 -1614 -1613
f -8426 -8425 -8429
f -8429 -8425 -8424
f -8429 -8424 -8433
f -8428 -8427 -8429
f -8429 -8427 -8426
f -1606 -1605 -1621
f -1621 -1605 -1604
f -1621 -1604 -1603
f -1619 -1618 -1621
f -1621 -1618 -1617
f -1621 -1617 -1616
f -8163 -8162 -8164
f -8164 -8162 -8161
f -8164 -8161 -8185
f -2405 -2404 -2406
f -2406 -2404 -2412
f -2406 -2412 -2413
f -2413 -2412 -2414
f -2413 -2414 -2432
f -2432 -2414 -2431
f -2432 -2431 -2433
f -2344 -2429 -2413
f -2413 -2429 -2430
f -2413 -2430 -2343
f -2387 -2440 -2469
f -2469 -2440 -2467
f -2469 -2467 -2468
f -2437 -2439 -2438
f -2438 -2439 -2440
f -2438 -2440 -2387
f -2433 -2435 -2434
f -2434 -2435 -2371
f -2434 -2371 -2346
f -2455 -2374 -2434
f -2434 -2374 -2373
f -2434 -2373 -2445
f -2445 -2373 -2337
f -2445 -2337 -2446
f -2378 -2377 -2434
f -2434 -2377 -2376
f -2434 -2376 -2375
f -8135 -8134 -8137
f -8137 -8134 -8152
f -8137 -8152 -8154
f -8154 -8152 -8153
f -8154 -8153 -8155
f -8155 -8153 -8128
f -8155 -8128 -8126
f -8126 -8128 -8127
f -2419 -2421 -2420
f -2420 -2421 -2361
f -2420 -2361 -2401
f -2401 -2361 -2360
f -2401 -2360 -2332
f -8149 -8151 -8150
f -8150 -8151 -8142
f -8150 -8142 -8143
f -8143 -8142 -8144
f -2421 -2359 -2361
f -2361 -2359 -2408
f -2361 -2408 -2443
f -2443 -2408 -2409
f -2443 -2409 -2410
f -2410 -2409 -2411
f -2410 -2411 -2385
f -2381 -2345 -2380
f -2380 -2345 -2413
f -2380 -2413 -2445
f -2339 -2338 -2413
f -2413 -2338 -2403
f -2413 -2403 -2406
f -2406 -2403 -2402
f -2406 -2402 -2401
f -1576 -1575 -1639
f -1639 -1575 -1574
f -1639 -1574 -1573
f -1579 -1578 -1639
f -1639 -1578 -1577
f -1639 -1577 -1576
f -8144 -8142 -8141
f -8141 -8142 -8140
f -8141 -8140 -8139
f -1581 -1580 -1639
f -1639 -1580 -1579
f -1571 -1570 -1639
f -1639 -1570 -1569
f -1639 -1569 -1638
f -1573 -1572 -1639
f -1639 -1572 -1571
f -8192 -8193 -8194
f -8194 -8193 -8195
f -8194 -8195 -8190
f -2368 -2405 -2372
f -2372 -2405 -2406
f -2372 -2406 -2367
f -8199 -8198 -8201
f -8201 -8198 -8197
f -8201 -8197 -8204
f -2397 -2396 -2399
f -2399 -2396 -2395
f -2399 -2395 -2394
f -8201 -8202 -8211
f -8211 -8202 -8203
f -8211 -8203 -8210
f -8178 -8177 -8179
f -8179 -8177 -8174
f -8179 -8174 -8175
f -8175 -8174 -8176
f -8175 -8176 -8167
f -8167 -8176 -8166
f -8167 -8166 -8171
f -8171 -8170 -8173
f -8173 -8170 -8169
f -8173 -8169 -8168
f -2384 -2383 -2386
f -2386 -2383 -2382
f -2386 -2382 -2381
f -2410 -2385 -2386
f -2386 -2385 -2384
f -2487 -2477 -2478
f -2478 -2477 -2479
f -2478 -2479 -2480
f -2480 -2479 -2481
f -2480 -2481 -2482
f -2482 -2481 -2483
f -2482 -2483 -2484
f -2484 -2483 -2485
f -2484 -2485 -2475
f -2475 -2485 -2474
f -2475 -2474 -2476
f -2476 -2474 -2473
f -2476 -2473 -2472
f -8201 -8211 -8200
f -8200 -8211 -8209
f -8222 -8232 -8228
f -8228 -8232 -8227
f -8228 -8227 -8229
f -2351 -2350 -2352
f -2352 -2350 -2399
f -2352 -2399 -2393
f -2393 -2399 -2394
f -2499 -2498 -2501
f -2501 -2498 -2497
f -2501 -2497 -2496
f -2496 -2497 -2514
f -2496 -2514 -2512
f -2512 -2514 -2513
f -2512 -2513 -2511
f -2332 -2331 -2401
f -2401 -2331 -2400
f -2401 -2400 -2406
f -8224 -8225 -8223
f -8223 -8225 -8234
f -8223 -8234 -8236
f -8236 -8234 -8235
f -8236 -8235 -8237
f -8231 -8233 -8232
f -8232 -8233 -8234
f -8232 -8234 -8225
f -8218 -8217 -8221
f -8221 -8217 -8216
f -8221 -8216 -8215
f -8220 -8219 -8221
f -8221 -8219 -8218
f -8215 -8214 -8221
f -8221 -8214 -8213
f -8221 -8213 -8212
f -2375 -2333 -2455
f -2455 -2333 -2454
f -2455 -2454 -2453
f -2453 -2454 -2452
f -2453 -2452 -2451
f -2342 -2341 -2413
f -2413 -2341 -2340
f -2413 -2340 -2339
f -2397 -2399 -2459
f -2459 -2399 -2398
f -2459 -2398 -2461
f -2439 -2407 -2450
f -2450 -2407 -2457
f -2450 -2457 -2456
f -2456 -2457 -2458
f -8223 -8236 -8238
f -8238 -8236 -8237
f -8238 -8237 -8239
f -2396 -2336 -2395
f -2395 -2336 -2464
f -2395 -2464 -2462
f -2462 -2464 -2463
f -8243 -8242 -8248
f -8248 -8242 -8241
f -8248 -8241 -8240
f -2439 -2450 -2440
f -2440 -2450 -2392
f -2440 -2392 -2451
f -2451 -2392 -2391
f -2451 -2391 -2453
f -8244 -8248 -8249
f -8249 -8248 -8247
f -8249 -8247 -8246
f -2441 -2447 -2449
f -2449 -2447 -2448
f -2449 -2448 -2450
f -2450 -2448 -2390
f -2450 -2390 -2392
f -2380 -2445 -2447
f -2447 -2445 -2446
f -2447 -2446 -2448
f -2460 -2361 -2444
f -2444 -2361 -2443
f -2444 -2443 -2442
f -2442 -2443 -2441
f -2442 -2441 -2449
f -2530 -2531 -2522
f -2522 -2531 -2521
f -2522 -2521 -2523
f -2522 -2523 -2524
f -2524 -2523 -2525
f -2524 -2525 -2526
f -2526 -2525 -2527
f -2526 -2527 -2528
f -2528 -2527 -2529
f -2528 -2529 -2519
f -2519 -2529 -2518
f -2519 -2518 -2520
f -2520 -2518 -2517
f -2520 -2517 -2516
f -2543 -2542 -2545
f -2545 -2542 -2541
f -2545 -2541 -2540
f -2540 -2541 -2558
f -2540 -2558 -2556
f -2556 -2558 -2557
f -2556 -2557 -2555
f -2561 -2560 -2563
f -2563 -2560 -2559
f -2563 -2559 -2566
f -2563 -2566 -2567
f -2567 -2566 -2568
f -2567 -2568 -2569
f -2569 -2568 -2570
f -2569 -2570 -2564
f -8114 -8113 -8120
f -8120 -8113 -8112
f -8120 -8112 -8124
f -8117 -8116 -8120
f -8120 -8116 -8115
f -8120 -8115 -8114
f -8117 -8120 -8118
f -8118 -8120 -8119
f -8118 -8119 -8111
f -8124 -8123 -8125
f -8125 -8123 -8122
f -8125 -8122 -8121
f -2601 -2600 -2599
f -2599 -2600 -2598
f -2599 -2598 -2597
f -8132 -8131 -8133
f -8133 -8131 -8130
f -8133 -8130 -8135
f -2610 -2609 -2608
f -2608 -2609 -2607
f -2608 -2607 -2606
f -8096 -8095 -8101
f -8101 -8095 -8094
f -8101 -8094 -8093
f -8096 -8101 -8097
f -8097 -8101 -8098
f -8102 -8100 -8101
f -8101 -8100 -8099
f -8101 -8099 -8098
f -8105 -8104 -8106
f -8106 -8104 -8103
f -8106 -8103 -8102
f -7961 -7962 -7960
f -7960 -7962 -7956
f -7960 -7956 -7955
f -7955 -7956 -7957
f -7955 -7957 -7952
f -7952 -7957 -7986
f -7952 -7986 -7984
f -7984 -7986 -7985
f -7984 -7985 -7983
f -7982 -7950 -7984
f -7984 -7950 -7951
f -7984 -7951 -7952
f -7952 -7951 -7953
f -7952 -7953 -7955
f -7955 -7953 -7954
f -7955 -7954 -7958
f -7956 -7962 -7970
f -7970 -7962 -7972
f -7970 -7972 -7971
f -7971 -7972 -7973
f -7973 -7972 -7974
f -7974 -7972 -7964
f -7974 -7964 -7965
f -7976 -7986 -7977
f -7977 -7986 -7957
f -7977 -7957 -7968
f -7968 -7957 -7956
f -7968 -7956 -7970
f -7969 -7967 -7968
f -7968 -7967 -7966
f -7968 -7966 -7977
f -7977 -7966 -7949
f -7977 -7949 -7979
f -7995 -7993 -7994
f -7994 -7993 -7992
f -7994 -7992 -7991
f -7884 -7901 -7885
f -7885 -7901 -7902
f -7885 -7902 -7883
f -2317 -2316 -2318
f -2318 -2316 -2320
f -2318 -2320 -2319
f -2319 -2320 -2321
f -2349 -2348 -2352
f -2352 -2348 -2347
f -2352 -2347 -2346
f -2346 -2347 -2389
f -2346 -2389 -2440
f -2440 -2389 -2388
f -2440 -2388 -2467
f -2356 -2357 -2355
f -2355 -2357 -2354
f -2355 -2354 -2353
f -2360 -2361 -2362
f -2362 -2361 -2364
f -2362 -2364 -2363
f -2363 -2364 -2365
f -2369 -2372 -2370
f -2370 -2372 -2371
f -2370 -2371 -2435
f -2297 -2296 -2298
f -2298 -2296 -2300
f -2298 -2300 -2299
f -2299 -2300 -2301
f -9390 -9389 -9393
f -9393 -9389 -9388
f -9393 -9388 -9387
f -9392 -9391 -9393
f -9393 -9391 -9390
f -9384 -9383 -9393
f -9393 -9383 -9382
f -9393 -9382 -9381
f -9387 -9386 -9393
f -9393 -9386 -9385
f -9393 -9385 -9384
f -9406 -9405 -9411
f -9411 -9405 -9404
f -9411 -9404 -9403
f -9409 -9408 -9411
f -9411 -9408 -9407
f -9411 -9407 -9406
f -9364 -9363 -9365
f -9365 -9363 -9366
f -9365 -9366 -9368
f -9368 -9366 -9367
f -9368 -9367 -9369
f -9342 -9341 -9345
f -9345 -9341 -9340
f -9345 -9340 -9339
f -9344 -9343 -9345
f -9345 -9343 -9342
f -9339 -9338 -9345
f -9345 -9338 -9337
f -9320 -9319 -9327
f -9327 -9319 -9318
f -9327 -9318 -9317
f -9323 -9322 -9327
f -9327 -9322 -9321
f -9327 -9321 -9320
f -9326 -9325 -9327
f -9327 -9325 -9324
f -9327 -9324 -9323
f -9317 -9316 -9327
f -9327 -9316 -9315
f -9327 -9315 -9314
f -9478 -9480 -9479
f -9479 -9480 -9488
f -9479 -9488 -9486
f -9486 -9488 -9487
f -9486 -9487 -9485
f -9485 -9487 -9471
f -9485 -9471 -9483
f -9476 -9478 -9477
f -9477 -9478 -9479
f -9477 -9479 -9474
f -9474 -9479 -9486
f -9474 -9486 -9484
f -9484 -9486 -9485
f -9484 -9485 -9483
f -9477 -9474 -9473
f -9473 -9474 -9484
f -9473 -9484 -9472
f -9472 -9484 -9482
f -9544 -9521 -9522
f -9522 -9521 -9520
f -9522 -9520 -9519
f -9531 -9517 -9518
f -9518 -9517 -9516
f -9518 -9516 -9546
f -9541 -9539 -9540
f -9540 -9539 -9538
f -9540 -9538 -9537
f -9537 -9538 -9536
f -9537 -9536 -9535
f -9515 -9514 -9546
f -9546 -9514 -9513
f -9546 -9513 -9518
f -9522 -9546 -9544
f -9544 -9546 -9545
f -9544 -9545 -9543
f -9447 -9446 -9448
f -9448 -9446 -9441
f -9448 -9441 -9443
f -9443 -9441 -9442
f -9443 -9442 -9444
f -9454 -9456 -9455
f -9455 -9456 -9457
f -9455 -9457 -9449
f -9449 -9457 -9448
f -9449 -9448 -9443
f -9449 -9443 -9450
f -9450 -9443 -9444
f -9450 -9444 -9445
f -9428 -9427 -9440
f -9440 -9427 -9426
f -9440 -9426 -9425
f -9431 -9430 -9440
f -9440 -9430 -9429
f -9440 -9429 -9428
f -9434 -9433 -9440
f -9440 -9433 -9432
f -9440 -9432 -9431
f -9437 -9436 -9440
f -9440 -9436 -9435
f -9440 -9435 -9434
f -9439 -9438 -9440
f -9440 -9438 -9437
f -9476 -9477 -9475
f -9475 -9477 -9473
f -9449 -9450 -9455
f -9455 -9450 -9453
f -9455 -9453 -9454
f -9454 -9453 -9452
f -9452 -9453 -9451
f -9451 -9453 -9445
f -3044 -3046 -3047
f -3047 -3046 -3045
f -3047 -3045 -3030
f -3030 -3045 -3025
f -3030 -3025 -3024
f -3032 -3031 -3036
f -3036 -3031 -3039
f -3036 -3039 -3037
f -3037 -3039 -3038
f -3037 -3038 -3041
f -3027 -3026 -3035
f -3035 -3026 -3034
f -3035 -3034 -3036
f -3036 -3034 -3033
f -3036 -3033 -3032
f -3028 -3035 -3029
f -3029 -3035 -3030
f -3029 -3030 -3024
f -3020 -3022 -3023
f -3023 -3022 -3021
f -3023 -3021 -3006
f -3006 -3021 -3001
f -3006 -3001 -3000
f -9554 -9551 -9555
f -9555 -9551 -9550
f -9555 -9550 -9549
f -9549 -9550 -9548
f -9549 -9548 -9547
f -2985 -2984 -2987
f -2987 -2984 -2983
f -2987 -2983 -2992
f -2992 -2983 -2991
f -2992 -2991 -2993
f -2993 -2991 -2990
f -2993 -2990 -2989
f -2995 -2981 -2994
f -2994 -2981 -2986
f -2994 -2986 -2987
f -2987 -2986 -2985
f -2988 -2982 -2998
f -2998 -2982 -2997
f -2998 -2997 -2999
f -2999 -2997 -2996
f -2999 -2996 -2995
f -3003 -3002 -3011
f -3011 -3002 -3010
f -3011 -3010 -3012
f -3012 -3010 -3009
f -3012 -3009 -3008
f -3004 -3011 -3005
f -3005 -3011 -3006
f -3005 -3006 -3000
f -3008 -3007 -3012
f -3012 -3007 -3015
f -3012 -3015 -3013
f -3013 -3015 -3014
f -3013 -3014 -3017
f -2966 -2965 -2964
f -2964 -2965 -2963
f -2964 -2963 -2962
f -2960 -2959 -2961
f -2961 -2959 -2958
f -2961 -2958 -2957
f -2957 -2958 -2956
f -2957 -2956 -2955
f -9789 -9801 -9799
f -9799 -9801 -9800
f -9799 -9800 -9798
f -9798 -9800 -9802
f -9798 -9802 -9804
f -9804 -9802 -9803
f -9804 -9803 -9805
f -9805 -9803 -9810
f -9805 -9810 -9808
f -9808 -9810 -9809
f -9808 -9809 -9822
f -9822 -9809 -9820
f -9822 -9820 -9821
f -3243 -3242 -3257
f -3257 -3242 -3241
f -3257 -3241 -3253
f -3240 -3257 -3254
f -3254 -3257 -3253
f -3254 -3253 -3252
f -3246 -3245 -3257
f -3257 -3245 -3244
f -3257 -3244 -3243
f -3259 -3258 -3257
f -3257 -3258 -3247
f -3257 -3247 -3246
f -3250 -3249 -3254
f -3254 -3249 -3248
f -3254 -3248 -3260
f -3252 -3251 -3254
f -3254 -3251 -3250
f -3264 -3263 -3269
f -3269 -3263 -3262
f -3269 -3262 -3261
f -3238 -3239 -3267
f -3267 -3239 -3266
f -3267 -3266 -3269
f -3269 -3266 -3265
f -3269 -3265 -3264
f -8991 -8992 -8993
f -8993 -8992 -8994
f -8993 -8994 -9004
f -9004 -8994 -9003
f -9004 -9003 -9002
f -9002 -9003 -9001
f -9002 -9001 -9000
f -9000 -9001 -8999
f -9000 -8999 -8998
f -8998 -8999 -8997
f -8998 -8997 -8996
f -8996 -8997 -8995
f -3218 -3217 -3221
f -3221 -3217 -3216
f -3221 -3216 -3215
f -3220 -3219 -3221
f -3221 -3219 -3218
f -3210 -3212 -3211
f -3211 -3212 -3209
f -3222 -3223 -3224
f -3224 -3223 -3225
f -3224 -3225 -3226
f -3226 -3225 -3227
f -3226 -3227 -3229
f -3229 -3227 -3228
f -3229 -3228 -3230
f -3187 -3186 -3199
f -3199 -3186 -3185
f -3199 -3185 -3184
f -3190 -3189 -3199
f -3199 -3189 -3188
f -3199 -3188 -3187
f -3193 -3192 -3199
f -3199 -3192 -3191
f -3199 -3191 -3190
f -3196 -3195 -3199
f -3199 -3195 -3194
f -3199 -3194 -3193
f -3198 -3197 -3199
f -3199 -3197 -3196
f -3203 -3202 -3208
f -3208 -3202 -3201
f -3208 -3201 -3200
f -3206 -3205 -3208
f -3208 -3205 -3204
f -3208 -3204 -3203
f -3207 -3208 -3183
f -3183 -3208 -3182
f -3183 -3182 -3181
f -3159 -3158 -3178
f -3178 -3158 -3177
f -3178 -3177 -3179
f -3179 -3177 -3176
f -3179 -3176 -3175
f -3165 -3164 -3167
f -3167 -3164 -3172
f -3167 -3172 -3173
f -3173 -3172 -3171
f -3173 -3171 -3170
f -3159 -3178 -3161
f -3161 -3178 -3168
f -3161 -3168 -3162
f -3162 -3168 -3163
f -3302 -3301 -3300
f -3300 -3301 -3299
f -3300 -3299 -3298
f -8808 -8807 -8815
f -8815 -8807 -8813
f -8815 -8813 -8814
f -8814 -8813 -8812
f -8814 -8812 -8803
f -8803 -8812 -8792
f -8803 -8792 -8801
f -8801 -8792 -8791
f -8801 -8791 -8799
f -8795 -8796 -8807
f -8807 -8796 -8797
f -8807 -8797 -8813
f -8813 -8797 -8811
f -8813 -8811 -8812
f -8812 -8811 -8810
f -8812 -8810 -8792
f -8792 -8810 -8794
f -8792 -8794 -8793
f -3279 -3278 -3281
f -3281 -3278 -3277
f -3281 -3277 -3276
f -3277 -3278 -3275
f -3275 -3278 -3274
f -3275 -3274 -3273
f -8799 -8800 -8801
f -8801 -8800 -8802
f -8801 -8802 -8803
f -8803 -8802 -8804
f -8803 -8804 -8814
f -8814 -8804 -8821
f -8814 -8821 -8815
f -8815 -8821 -8822
f -8815 -8822 -8809
f -3273 -3272 -3275
f -3275 -3272 -3271
f -3275 -3271 -3270
f -8787 -8788 -8802
f -8802 -8788 -8789
f -8802 -8789 -8804
f -8804 -8789 -8790
f -8804 -8790 -8819
f -8808 -8806 -8807
f -8807 -8806 -8805
f -8807 -8805 -8784
f -8787 -8800 -8786
f -8786 -8800 -8798
f -8786 -8798 -8785
f -3504 -3503 -3506
f -3506 -3503 -3502
f -3506 -3502 -3508
f -3499 -3498 -3497
f -3497 -3498 -3496
f -3497 -3496 -3495
f -3495 -3496 -3494
f -3495 -3494 -3493
f -3493 -3494 -3492
f -3493 -3492 -3491
f -3497 -3490 -3499
f -3499 -3490 -3489
f -3499 -3489 -3488
f -3511 -3510 -3512
f -3512 -3510 -3501
f -3512 -3501 -3500
f -3517 -3518 -3519
f -3519 -3518 -3522
f -3519 -3522 -3525
f -3525 -3522 -3523
f -3525 -3523 -3524
f -3553 -3552 -3554
f -3554 -3552 -3556
f -3554 -3556 -3555
f -3555 -3556 -3557
f -3559 -3558 -3560
f -3560 -3558 -3548
f -3560 -3548 -3547
f -3554 -3551 -3553
f -3553 -3551 -3550
f -3553 -3550 -3549
f -9047 -9065 -9066
f -9066 -9065 -9067
f -9066 -9067 -9068
f -9068 -9067 -9069
f -9068 -9069 -9070
f -9070 -9069 -9071
f -9070 -9071 -9072
f -9072 -9071 -9073
f -9072 -9073 -9074
f -9074 -9073 -9075
f -9074 -9075 -9048
f -9048 -9075 -9038
f -9048 -9038 -9037
f -3534 -3533 -3535
f -3535 -3533 -3542
f -3535 -3542 -3540
f -3540 -3542 -3541
f -3540 -3541 -3539
f -9056 -9055 -9058
f -9058 -9055 -9059
f -9058 -9059 -9060
f -9060 -9059 -9061
f -9060 -9061 -9063
f -9063 -9061 -9062
f -9063 -9062 -9064
f -9064 -9062 -9047
f -9064 -9047 -9039
f -9039 -9047 -9040
f -3584 -3583 -3585
f -3585 -3583 -3576
f -3585 -3576 -3575
f -9037 -9054 -9048
f -9048 -9054 -9049
f -9053 -9052 -9054
f -9054 -9052 -9051
f -9054 -9051 -9050
f -9053 -9054 -9057
f -9057 -9054 -9036
f -9057 -9036 -9035
f -9035 -9034 -9057
f -9057 -9034 -9056
f -9057 -9056 -9058
f -3592 -3591 -3593
f -3593 -3591 -3595
f -3593 -3595 -3594
f -3594 -3595 -3596
f -9066 -9046 -9047
f -9047 -9046 -9045
f -9047 -9045 -9044
f -3568 -3569 -3567
f -3567 -3569 -3566
f -3567 -3566 -3565
f -9043 -9042 -9047
f -9047 -9042 -9041
f -9047 -9041 -9040
f -9142 -9141 -9145
f -9145 -9141 -9140
f -9145 -9140 -9139
f -9144 -9143 -9145
f -9145 -9143 -9142
f -9134 -9133 -9145
f -9145 -9133 -9132
f -9145 -9132 -9131
f -9137 -9136 -9145
f -9145 -9136 -9135
f -9145 -9135 -9134
f -9139 -9138 -9145
f -9145 -9138 -9137
f -3619 -3620 -3618
f -3618 -3620 -3617
f -3618 -3617 -3616
f -9147 -9146 -9148
f -9148 -9146 -9149
f -9148 -9149 -9151
f -9151 -9149 -9150
f -9151 -9150 -9152
f -3610 -3612 -3607
f -3607 -3612 -3614
f -3607 -3614 -3606
f -9127 -9125 -9126
f -9126 -9125 -9124
f -9126 -9124 -9113
f -9113 -9124 -9096
f -9113 -9096 -9115
f -9115 -9096 -9117
f -9115 -9117 -9116
f -9116 -9117 -9118
f -9116 -9118 -9106
f -9106 -9118 -9105
f -9106 -9105 -9102
f -9102 -9105 -9101
f -9102 -9101 -9099
f -9099 -9101 -9100
f -9099 -9100 -9098
f -9126 -9113 -9111
f -9111 -9113 -9112
f -9111 -9112 -9110
f -9110 -9112 -9092
f -9092 -9112 -9114
f -9114 -9112 -9113
f -9114 -9113 -9115
f -3630 -3629 -3631
f -3631 -3629 -3638
f -3631 -3638 -3636
f -3636 -3638 -3637
f -3636 -3637 -3635
f -9098 -9097 -9102
f -9102 -9097 -9103
f -9102 -9103 -9106
f -9106 -9103 -9107
f -9106 -9107 -9116
f -9116 -9107 -9108
f -9116 -9108 -9114
f -9114 -9108 -9092
f -9103 -9104 -9107
f -9107 -9104 -9109
f -9107 -9109 -9108
f -9093 -9123 -9121
f -9121 -9123 -9122
f -9121 -9122 -9120
f -9120 -9122 -9105
f -9120 -9105 -9118
f -9129 -9127 -9128
f -9128 -9127 -9126
f -9128 -9126 -9111
f -9120 -9119 -9121
f -9121 -9119 -9094
f -9121 -9094 -9093
f -9096 -9095 -9117
f -9117 -9095 -9119
f -9117 -9119 -9118
f -9118 -9119 -9120
f -10272 -10271 -10280
f -10280 -10271 -10269
f -10280 -10269 -10282
f -10282 -10269 -10284
f -10282 -10284 -10283
f -10283 -10284 -10276
f -10283 -10276 -10277
f -10281 -10279 -10280
f -10280 -10279 -10278
f -10280 -10278 -10273
f -10269 -10274 -10284
f -10284 -10274 -10275
f -10284 -10275 -10276
f -10287 -10286 -10288
f -10288 -10286 -10289
f -10288 -10289 -10305
f -10305 -10289 -10303
f -10305 -10303 -10304
f -10304 -10303 -10302
f -10277 -10268 -10283
f -10283 -10268 -10281
f -10283 -10281 -10282
f -10282 -10281 -10280
f -10285 -10291 -10301
f -10301 -10291 -10299
f -10301 -10299 -10300
f -10300 -10299 -10298
f -10291 -10290 -10299
f -10299 -10290 -10297
f -10299 -10297 -10298
f -10298 -10297 -10296
f -10286 -10285 -10289
f -10289 -10285 -10301
f -10289 -10301 -10303
f -10303 -10301 -10302
f -10287 -10288 -10307
f -10307 -10288 -10305
f -10307 -10305 -10306
f -10306 -10305 -10304
f -10101 -10102 -10103
f -10103 -10102 -10104
f -10103 -10104 -10105
f -10105 -10104 -10106
f -10105 -10106 -10107
f -10107 -10106 -10108
f -10107 -10108 -10109
f -10109 -10108 -10110
f -10109 -10110 -10119
f -10119 -10110 -10118
f -10119 -10118 -10117
f -10117 -10118 -10116
f -10117 -10116 -10115
f -10115 -10116 -10114
f -10115 -10114 -10113
f -10113 -10114 -10112
f -10113 -10112 -10111
f -10081 -10082 -10083
f -10083 -10082 -10084
f -10083 -10084 -10085
f -10085 -10084 -10086
f -10085 -10086 -10087
f -10087 -10086 -10088
f -10087 -10088 -10089
f -10089 -10088 -10090
f -10089 -10090 -10099
f -10099 -10090 -10098
f -10099 -10098 -10097
f -10097 -10098 -10096
f -10097 -10096 -10095
f -10095 -10096 -10094
f -10095 -10094 -10093
f -10093 -10094 -10092
f -10093 -10092 -10091
f -10078 -10076 -10077
f -10077 -10076 -10075
f -10077 -10075 -10073
f -10072 -10071 -10077
f -10077 -10071 -10070
f -10077 -10070 -10079
f -10067 -10066 -10068
f -10068 -10066 -10065
f -10068 -10065 -10064
f -10064 -10063 -10068
f -10068 -10063 -10062
f -10058 -10057 -10059
f -10059 -10057 -10055
f -10059 -10055 -10053
f -10053 -10055 -10054
f -10053 -10054 -10052
f -10145 -10137 -10138
f -10138 -10137 -10136
f -10138 -10136 -10139
f -10133 -10132 -10131
f -10131 -10132 -10130
f -10131 -10130 -10129
f -10129 -10130 -10128
f -10129 -10128 -10127
f -10122 -10125 -10123
f -10123 -10125 -10124
f -10123 -10124 -10120
f -10139 -10141 -10138
f -10138 -10141 -10143
f -10138 -10143 -10145
f -10145 -10143 -10144
f -10145 -10144 -10146
f -10146 -10144 -10142
f -10146 -10142 -10134
f -10003 -10005 -10004
f -10004 -10005 -10006
f -10004 -10006 -9985
f -10025 -10002 -10001
f -10001 -10002 -9997
f -10001 -9997 -9999
f -9999 -9997 -9998
f -9999 -9998 -10000
f -10000 -9998 -9986
f -10000 -9986 -9993
f -9990 -9989 -9994
f -9994 -9989 -10014
f -9994 -10014 -10012
f -10012 -10014 -10013
f -10012 -10013 -10001
f -100 -99 -139
f -139 -99 -98
f -139 -98 -97
f -92 -91 -139
f -139 -91 -90
f -139 -90 -89
f -95 -94 -139
f -139 -94 -93
f -139 -93 -92
f -97 -96 -139
f -139 -96 -95
f -89 -88 -139
f -139 -88 -87
f -139 -87 -119
f -153 -152 -158
f -158 -152 -151
f -158 -151 -150
f -156 -155 -158
f -158 -155 -154
f -158 -154 -153
f -130 -129 -157
f -157 -129 -128
f -157 -128 -127
f -133 -132 -157
f -157 -132 -131
f -157 -131 -130
f -136 -135 -157
f -157 -135 -134
f -157 -134 -133
f -122 -121 -157
f -157 -121 -120
f -157 -120 -156
f -125 -124 -157
f -157 -124 -123
f -157 -123 -122
f -127 -126 -157
f -157 -126 -125
f -143 -142 -158
f -158 -142 -141
f -158 -141 -140
f -146 -145 -158
f -158 -145 -144
f -158 -144 -143
f -149 -148 -158
f -158 -148 -147
f -158 -147 -146
f -9954 -9953 -9957
f -9957 -9953 -9952
f -9957 -9952 -9951
f -9955 -9957 -9967
f -9967 -9957 -9966
f -9967 -9966 -9965
f -9937 -9938 -9939
f -9939 -9938 -9940
f -9939 -9940 -9950
f -9950 -9940 -9949
f -9950 -9949 -9948
f -9948 -9949 -9947
f -9948 -9947 -9946
f -9946 -9947 -9945
f -9946 -9945 -9944
f -9944 -9945 -9943
f -9944 -9943 -9942
f -9942 -9943 -9941
f -104 -103 -138
f -138 -103 -102
f -138 -102 -137
f -107 -106 -138
f -138 -106 -105
f -138 -105 -104
f -110 -109 -138
f -138 -109 -108
f -138 -108 -107
f -113 -112 -138
f -138 -112 -111
f -138 -111 -110
f -116 -115 -138
f -138 -115 -114
f -138 -114 -113
f -119 -118 -138
f -138 -118 -117
f -138 -117 -116
f -9925 -9924 -9932
f -9932 -9924 -9934
f -9932 -9934 -9933
f -9933 -9934 -9935
f -9926 -9925 -9930
f -9930 -9925 -9932
f -9930 -9932 -9931
f -9931 -9932 -9933
f -9936 -9934 -9921
f -9921 -9934 -9922
f -9921 -9922 -9920
f -10000 -9993 -9994
f -9994 -9993 -9992
f -9994 -9992 -9991
f -9961 -9960 -9967
f -9967 -9960 -9959
f -9967 -9959 -9958
f -9964 -9963 -9967
f -9967 -9963 -9962
f -9967 -9962 -9961
f -18 -19 -20
f -20 -19 -21
f -20 -21 -22
f -22 -21 -23
f -22 -23 -24
f -24 -23 -25
f -24 -25 -26
f -26 -25 -27
f -26 -27 -28
f -28 -27 -29
f -28 -29 -30
f -30 -29 -31
f -30 -31 -32
f -32 -31 -33
f -32 -33 -34
f -34 -33 -35
f -34 -35 -36
f -36 -35 -37
f -36 -37 -38
f -38 -37 -39
f -38 -39 -40
f -40 -39 -41
f -40 -41 -42
f -42 -41 -43
f -42 -43 -44
f -44 -43 -45
f -44 -45 -46
f -46 -45 -47
f -46 -47 -48
f -48 -47 -49
f -48 -49 -50
f -50 -49 -51
f -50 -51 -86
f -86 -51 -85
f -86 -85 -84
f -84 -85 -83
f -84 -83 -82
f -82 -83 -81
f -82 -81 -80
f -80 -81 -79
f -80 -79 -78
f -78 -79 -77
f -78 -77 -76
f -76 -77 -75
f -76 -75 -74
f -74 -75 -73
f -74 -73 -72
f -72 -73 -71
f -72 -71 -70
f -70 -71 -69
f -70 -69 -68
f -68 -69 -67
f -68 -67 -66
f -66 -67 -65
f -66 -65 -64
f -64 -65 -63
f -64 -63 -62
f -62 -63 -61
f -62 -61 -60
f -60 -61 -59
f -60 -59 -58
f -58 -59 -57
f -58 -57 -56
f -56 -57 -55
f -56 -55 -54
f -54 -55 -53
f -54 -53 -52
f -266 -265 -281
f -281 -265 -264
f -281 -264 -263
f -269 -268 -281
f -281 -268 -267
f -281 -267 -266
f -278 -277 -281
f -281 -277 -276
f -281 -276 -275
f -282 -280 -281
f -281 -280 -279
f -281 -279 -278
f -272 -271 -281
f -281 -271 -270
f -281 -270 -269
f -275 -274 -281
f -281 -274 -273
f -281 -273 -272
f -9928 -9919 -9930
f -9930 -9919 -9927
f -9930 -9927 -9926
f -230 -229 -299
f -299 -229 -298
f -299 -298 -300
f -300 -298 -297
f -300 -297 -296
f -285 -284 -300
f -300 -284 -283
f -300 -283 -282
f -288 -287 -300
f -300 -287 -286
f -300 -286 -285
f -291 -290 -300
f -300 -290 -289
f -300 -289 -288
f -294 -293 -300
f -300 -293 -292
f -300 -292 -291
f -296 -295 -300
f -300 -295 -294
f -244 -243 -299
f -299 -243 -242
f -299 -242 -241
f -236 -235 -299
f -299 -235 -234
f -299 -234 -233
f -239 -238 -299
f -299 -238 -237
f -299 -237 -236
f -241 -240 -299
f -299 -240 -239
f -233 -232 -299
f -299 -232 -231
f -299 -231 -230
f -160 -161 -162
f -162 -161 -163
f -162 -163 -164
f -164 -163 -165
f -164 -165 -166
f -166 -165 -167
f -166 -167 -168
f -168 -167 -169
f -168 -169 -170
f -170 -169 -171
f -170 -171 -172
f -172 -171 -173
f -172 -173 -174
f -174 -173 -175
f -174 -175 -176
f -176 -175 -177
f -176 -177 -178
f -178 -177 -179
f -178 -179 -180
f -180 -179 -181
f -180 -181 -182
f -182 -181 -183
f -182 -183 -184
f -184 -183 -185
f -184 -185 -186
f -186 -185 -187
f -186 -187 -188
f -188 -187 -189
f -188 -189 -190
f -190 -189 -191
f -190 -191 -192
f -192 -191 -193
f -192 -193 -228
f -228 -193 -227
f -228 -227 -226
f -226 -227 -225
f -226 -225 -224
f -224 -225 -223
f -224 -223 -222
f -222 -223 -221
f -222 -221 -220
f -220 -221 -219
f -220 -219 -218
f -218 -219 -217
f -218 -217 -216
f -216 -217 -215
f -216 -215 -214
f -214 -215 -213
f -214 -213 -212
f -212 -213 -211
f -212 -211 -210
f -210 -211 -209
f -210 -209 -208
f -208 -209 -207
f -208 -207 -206
f -206 -207 -205
f -206 -205 -204
f -204 -205 -203
f -204 -203 -202
f -202 -203 -201
f -202 -201 -200
f -200 -201 -199
f -200 -199 -198
f -198 -199 -197
f -198 -197 -196
f -196 -197 -195
f -196 -195 -194
f -9821 -9790 -9823
f -9823 -9790 -9796
f -9823 -9796 -9825
f -9825 -9796 -9827
f -9825 -9827 -9826
f -9826 -9827 -9828
f -9826 -9828 -9819
f -9796 -9795 -9827
f -9827 -9795 -9829
f -9827 -9829 -9828
f -9828 -9829 -9830
f -9795 -9794 -9829
f -9829 -9794 -9793
f -9829 -9793 -9831
f -247 -246 -262
f -262 -246 -245
f -262 -245 -244
f -250 -249 -262
f -262 -249 -248
f -262 -248 -247
f -9821 -9823 -9822
f -9822 -9823 -9824
f -9822 -9824 -9808
f -9808 -9824 -9807
f -9808 -9807 -9805
f -9805 -9807 -9806
f -9805 -9806 -9804
f -9804 -9806 -9797
f -9804 -9797 -9798
f -253 -252 -262
f -262 -252 -251
f -262 -251 -250
f -256 -255 -262
f -262 -255 -254
f -262 -254 -253
f -259 -258 -262
f -262 -258 -257
f -262 -257 -256
f -263 -261 -262
f -262 -261 -260
f -262 -260 -259
f -9807 -9824 -9817
f -9817 -9824 -9826
f -9817 -9826 -9818
f -9818 -9826 -9819
f -9797 -9806 -9815
f -9815 -9806 -9807
f -9815 -9807 -9817
f -9810 -9812 -9811
f -9811 -9812 -9813
f -9811 -9813 -9792
f -9810 -9811 -9809
f -9809 -9811 -9791
f -9809 -9791 -9820
f -9813 -9812 -9814
f -9814 -9812 -9803
f -9814 -9803 -9801
f -9801 -9803 -9802
f -9801 -9802 -9800
f -10622 -10621 -10628
f -10628 -10621 -10620
f -10628 -10620 -10619
f -10624 -10625 -10626
f -10626 -10625 -10627
f -10626 -10627 -10628
f -10628 -10627 -10629
f -10628 -10629 -10623
f -10610 -10601 -10612
f -10612 -10601 -10609
f -10612 -10609 -10608
f -10604 -10603 -10616
f -10616 -10603 -10618
f -10616 -10618 -10617
f -10607 -10606 -10614
f -10614 -10606 -10616
f -10614 -10616 -10615
f -10615 -10616 -10617
f -10608 -10607 -10612
f -10612 -10607 -10614
f -10612 -10614 -10613
f -10613 -10614 -10615
f -10579 -10582 -10580
f -10580 -10582 -10581
f -10580 -10581 -10577
f -10576 -10575 -10574
f -10574 -10575 -10573
f -10574 -10573 -10572
f -10572 -10573 -10571
f -10572 -10571 -10570
f -10668 -10669 -10670
f -10670 -10669 -10671
f -10670 -10671 -10672
f -10672 -10671 -10673
f -10672 -10673 -10674
f -10674 -10673 -10675
f -10674 -10675 -10676
f -10676 -10675 -10677
f -10676 -10677 -10686
f -10686 -10677 -10685
f -10686 -10685 -10684
f -10684 -10685 -10683
f -10684 -10683 -10682
f -10682 -10683 -10681
f -10682 -10681 -10680
f -10680 -10681 -10679
f -10680 -10679 -10678
f -10691 -10690 -10693
f -10693 -10690 -10689
f -10693 -10689 -10688
f -10645 -10643 -10644
f -10644 -10643 -10642
f -10644 -10642 -10640
f -10639 -10638 -10644
f -10644 -10638 -10637
f -10644 -10637 -10646
f -10648 -10649 -10650
f -10650 -10649 -10651
f -10650 -10651 -10652
f -10652 -10651 -10653
f -10652 -10653 -10654
f -10654 -10653 -10655
f -10654 -10655 -10656
f -10656 -10655 -10657
f -10656 -10657 -10666
f -10666 -10657 -10665
f -10666 -10665 -10664
f -10664 -10665 -10663
f -10664 -10663 -10662
f -10662 -10663 -10661
f -10662 -10661 -10660
f -10660 -10661 -10659
f -10660 -10659 -10658
f -10821 -10820 -10824
f -10824 -10820 -10819
f -10824 -10819 -10818
f -10823 -10822 -10824
f -10824 -10822 -10821
f -10410 -10415 -10412
f -10412 -10415 -10417
f -10412 -10417 -10419
f -10419 -10417 -10418
f -10419 -10418 -10420
f -10420 -10418 -10408
f -10420 -10408 -10414
f -10417 -10416 -10418
f -10418 -10416 -10409
f -10418 -10409 -10408
f -10410 -10412 -10411
f -10411 -10412 -10413
f -10411 -10413 -10407
f -10423 -10427 -10424
f -10424 -10427 -10422
f -10424 -10422 -10433
f -10433 -10422 -10435
f -10433 -10435 -10434
f -10434 -10435 -10436
f -10434 -10436 -10421
f -10421 -10436 -10430
f -10434 -10432 -10433
f -10433 -10432 -10431
f -10433 -10431 -10426
f -10435 -10422 -10437
f -10437 -10422 -10427
f -10437 -10427 -10428
f -10435 -10437 -10436
f -10436 -10437 -10429
f -10436 -10429 -10430
f -10383 -10384 -10393
f -10393 -10384 -10385
f -10393 -10385 -10392
f -10392 -10385 -10386
f -10392 -10386 -10377
f -10382 -10383 -10381
f -10381 -10383 -10380
f -10381 -10380 -10389
f -10389 -10380 -10391
f -10389 -10391 -10390
f -10390 -10391 -10392
f -10390 -10392 -10377
f -10392 -10391 -10393
f -10393 -10391 -10380
f -10393 -10380 -10383
f -10388 -10387 -10389
f -10389 -10387 -10379
f -10389 -10379 -10381
f -10381 -10379 -10378
f -10381 -10378 -10382
f -10402 -10405 -10403
f -10403 -10405 -10404
f -10403 -10404 -10400
f -10396 -10399 -10397
f -10397 -10399 -10398
f -10397 -10398 -10394
f -10367 -10374 -10372
f -10372 -10374 -10373
f -10372 -10373 -10371
f -10371 -10373 -10368
f -10373 -10374 -10375
f -10375 -10374 -10376
f -10375 -10376 -10370
f -10348 -10351 -10349
f -10349 -10351 -10350
f -10349 -10350 -10346
f -10338 -10337 -10339
f -10339 -10337 -10336
f -10339 -10336 -10341
f -10341 -10336 -10343
f -10341 -10343 -10342
f -10342 -10343 -10344
f -10344 -10343 -10345
f -10345 -10343 -10329
f -10335 -10334 -10343
f -10343 -10334 -10333
f -10343 -10333 -10329
f -10325 -10328 -10326
f -10326 -10328 -10327
f -10326 -10327 -10323
f -10513 -10512 -10514
f -10514 -10512 -10516
f -10514 -10516 -10515
f -10515 -10516 -10517
f -10515 -10517 -10509
f -10517 -10516 -10518
f -10518 -10516 -10510
f -10504 -10502 -10506
f -10506 -10502 -10508
f -10506 -10508 -10507
f -10507 -10508 -10496
f -10507 -10496 -10495
f -10495 -10494 -10507
f -10507 -10494 -10505
f -10507 -10505 -10506
f -10506 -10505 -10504
f -10497 -10496 -10500
f -10500 -10496 -10508
f -10500 -10508 -10501
f -10501 -10508 -10502
f -10535 -10538 -10536
f -10536 -10538 -10537
f -10536 -10537 -10533
f -10544 -10543 -10551
f -10551 -10543 -10542
f -10551 -10542 -10540
f -10540 -10542 -10545
f -10540 -10545 -10555
f -10555 -10545 -10546
f -10555 -10546 -10547
f -10552 -10550 -10551
f -10551 -10550 -10549
f -10551 -10549 -10544
f -10551 -10540 -10553
f -10553 -10540 -10555
f -10553 -10555 -10554
f -10554 -10555 -10547
f -10554 -10547 -10548
f -10548 -10539 -10554
f -10554 -10539 -10552
f -10554 -10552 -10553
f -10553 -10552 -10551
f -10558 -10561 -10559
f -10559 -10561 -10560
f -10559 -10560 -10556
f -10463 -10478 -10464
f -10464 -10478 -10468
f -10464 -10468 -10466
f -10466 -10468 -10467
f -10466 -10467 -10465
f -10465 -10467 -10482
f -10465 -10482 -10484
f -10484 -10482 -10483
f -10484 -10483 -10485
f -10485 -10483 -10472
f -10485 -10472 -10474
f -10474 -10472 -10473
f -10474 -10473 -10475
f -10469 -10471 -10470
f -10470 -10471 -10472
f -10470 -10472 -10483
f -10461 -10462 -10490
f -10490 -10462 -10488
f -10490 -10488 -10489
f -10489 -10488 -10487
f -10489 -10487 -10476
f -10476 -10487 -10474
f -10476 -10474 -10475
f -10440 -10443 -10441
f -10441 -10443 -10442
f -10441 -10442 -10438
f -10461 -10490 -10491
f -10491 -10490 -10489
f -10491 -10489 -10476
f -10501 -10499 -10500
f -10500 -10499 -10498
f -10500 -10498 -10497
f -10504 -10505 -10503
f -10503 -10505 -10493
f -10503 -10493 -10492
f -10467 -10468 -10482
f -10482 -10468 -10480
f -10482 -10480 -10481
f -10481 -10480 -10479
f -10481 -10479 -10470
f -10470 -10479 -10469
f -10479 -10480 -10478
f -10478 -10480 -10468
f -10488 -10486 -10487
f -10487 -10486 -10485
f -10487 -10485 -10474
f -10482 -10481 -10483
f -10483 -10481 -10470
f -11024 -11023 -11034
f -11034 -11023 -11022
f -11034 -11022 -11021
f -11033 -11026 -11034
f -11034 -11026 -11025
f -11034 -11025 -11024
f -11027 -11028 -11029
f -11029 -11028 -11030
f -11029 -11030 -11031
f -11031 -11030 -11032
f -11031 -11032 -11020
f -11020 -11032 -11019
f -11020 -11019 -11018
f -11018 -11017 -11020
f -11020 -11017 -11016
f -11020 -11016 -11015
f -11041 -11042 -11043
f -11043 -11042 -11044
f -11043 -11044 -11045
f -11045 -11044 -11046
f -11045 -11046 -11040
f -11040 -11046 -11039
f -11040 -11039 -11038
f -11035 -11034 -11036
f -11036 -11034 -11020
f -11036 -11020 -11015
f -11052 -11054 -11053
f -11053 -11054 -11055
f -11053 -11055 -11050
f -11050 -11049 -11053
f -11053 -11049 -11048
f -11053 -11048 -11051
f -11077 -11076 -11081
f -11081 -11076 -11075
f -11081 -11075 -11086
f -11080 -11079 -11081
f -11081 -11079 -11078
f -11081 -11078 -11077
f -10994 -10987 -10997
f -10997 -10987 -10998
f -10997 -10998 -11007
f -11007 -10998 -11005
f -11007 -11005 -11006
f -11006 -11005 -11004
f -11006 -11004 -10993
f -10993 -11004 -11002
f -10993 -11002 -10992
f -11007 -11006 -11008
f -11008 -11006 -10988
f -11008 -10988 -11000
f -11000 -10988 -11013
f -11000 -11013 -11014
f -11014 -11013 -11012
f -10997 -11007 -10999
f -10999 -11007 -11008
f -10999 -11008 -11000
f -11006 -10993 -10988
f -10988 -10993 -10991
f -10988 -10991 -11013
f -11013 -10991 -11011
f -11013 -11011 -11012
f -11012 -11011 -11010
f -10992 -10990 -10991
f -10991 -10990 -10989
f -10991 -10989 -11011
f -11011 -10989 -11009
f -11011 -11009 -11010
f -11000 -11001 -10999
f -10999 -11001 -10995
f -10999 -10995 -10996
f -10996 -10995 -10994
f -10996 -10994 -10997
f -10884 -10885 -10886
f -10886 -10885 -10887
f -10886 -10887 -10897
f -10897 -10887 -10896
f -10897 -10896 -10895
f -10895 -10896 -10894
f -10895 -10894 -10893
f -10893 -10894 -10892
f -10893 -10892 -10891
f -10891 -10892 -10890
f -10891 -10890 -10889
f -10889 -10890 -10888
f -10906 -10905 -10911
f -10911 -10905 -10904
f -10911 -10904 -10903
f -10909 -10908 -10911
f -10911 -10908 -10907
f -10911 -10907 -10906
f -10883 -10877 -10882
f -10882 -10877 -10876
f -10882 -10876 -10875
f -10879 -10881 -10880
f -10880 -10881 -10882
f -10880 -10882 -10874
f -10863 -10860 -10862
f -10862 -10860 -10861
f -10862 -10861 -10867
f -10867 -10861 -10865
f -10867 -10865 -10866
f -10866 -10865 -10864
f -10866 -10864 -10859
f -10860 -10856 -10861
f -10861 -10856 -10865
f -10872 -10871 -10870
f -10870 -10871 -10869
f -10870 -10869 -10868
f -10868 -10869 -10867
f -10868 -10867 -10866
f -10859 -10858 -10868
f -10868 -10858 -10857
f -10868 -10857 -10870
f -10826 -10827 -10828
f -10828 -10827 -10829
f -10828 -10829 -10846
f -10846 -10829 -10844
f -10846 -10844 -10845
f -10845 -10844 -10843
f -10826 -10828 -10848
f -10848 -10828 -10846
f -10848 -10846 -10847
f -10847 -10846 -10845
f -10832 -10831 -10840
f -10840 -10831 -10838
f -10840 -10838 -10839
f -10839 -10838 -10837
f -10843 -10844 -10842
f -10842 -10844 -10829
f -10842 -10829 -10825
f -10825 -10829 -10827
f -10825 -10832 -10842
f -10842 -10832 -10840
f -10842 -10840 -10841
f -10841 -10840 -10839
f -10831 -10830 -10838
f -10838 -10830 -10836
f -10838 -10836 -10837
f -10837 -10836 -10835
f -11233 -11229 -11235
f -11235 -11229 -11228
f -11235 -11228 -11227
f -11231 -11230 -11238
f -11238 -11230 -11236
f -11238 -11236 -11237
f -11237 -11236 -11235
f -11237 -11235 -11227
f -11240 -11238 -11239
f -11239 -11238 -11237
f -11239 -11237 -11227
f -11227 -11226 -11239
f -11239 -11226 -11241
f -11239 -11241 -11240
f -11236 -11230 -11234
f -11234 -11230 -11225
f -11234 -11225 -11232
f -11221 -11220 -11224
f -11224 -11220 -11219
f -11224 -11219 -11218
f -11223 -11222 -11224
f -11224 -11222 -11221
f -11215 -11214 -11218
f -11218 -11214 -11213
f -11218 -11213 -11224
f -11217 -11216 -11218
f -11218 -11216 -11215
f -11211 -11210 -11212
f -11212 -11210 -11203
f -11212 -11203 -11200
f -11252 -11267 -11253
f -11253 -11267 -11265
f -11253 -11265 -11257
f -11257 -11265 -11263
f -11257 -11263 -11261
f -11261 -11263 -11262
f -11261 -11262 -11260
f -11260 -11262 -11256
f -11263 -11265 -11264
f -11264 -11265 -11266
f -11264 -11266 -11255
f -11263 -11264 -11262
f -11262 -11264 -11256
f -11275 -11273 -11274
f -11274 -11273 -11272
f -11274 -11272 -11271
f -11242 -11243 -11244
f -11244 -11243 -11245
f -11244 -11245 -11247
f -11247 -11245 -11249
f -11247 -11249 -11248
f -11248 -11249 -11250
f -11252 -11253 -11254
f -11254 -11253 -11257
f -11254 -11257 -11258
f -11258 -11257 -11261
f -11258 -11261 -11259
f -11268 -11279 -11285
f -11285 -11279 -11278
f -11285 -11278 -11277
f -11280 -11281 -11282
f -11282 -11281 -11283
f -11282 -11283 -11284
f -11284 -11283 -11285
f -11284 -11285 -11269
f -11269 -11285 -11270
f -11271 -11270 -11274
f -11274 -11270 -11276
f -11274 -11276 -11275
f -11275 -11276 -11277
f -1457 -1456 -1478
f -1478 -1456 -1455
f -1478 -1455 -1454
f -1428 -1427 -1479
f -1479 -1427 -1459
f -1479 -1459 -1478
f -1478 -1459 -1458
f -1478 -1458 -1457
f -1440 -1439 -1479
f -1479 -1439 -1438
f -1479 -1438 -1437
f -1432 -1431 -1479
f -1479 -1431 -1430
f -1479 -1430 -1429
f -1435 -1434 -1479
f -1479 -1434 -1433
f -1479 -1433 -1432
f -1437 -1436 -1479
f -1479 -1436 -1435
f -11295 -11297 -11296
f -11296 -11297 -11298
f -11296 -11298 -11293
f -1444 -1443 -1478
f -1478 -1443 -1442
f -1478 -1442 -1477
f -11293 -11292 -11296
f -11296 -11292 -11291
f -11296 -11291 -11294
f -1447 -1446 -1478
f -1478 -1446 -1445
f -1478 -1445 -1444
f -1450 -1449 -1478
f -1478 -1449 -1448
f -1478 -1448 -1447
f -1453 -1452 -1478
f -1478 -1452 -1451
f -1478 -1451 -1450
f -11300 -11301 -11302
f -11302 -11301 -11303
f -11302 -11303 -11313
f -11313 -11303 -11312
f -11313 -11312 -11311
f -11311 -11312 -11310
f -11311 -11310 -11309
f -11309 -11310 -11308
f -11309 -11308 -11307
f -11307 -11308 -11306
f -11307 -11306 -11305
f -11305 -11306 -11304
f -11315 -11328 -11319
f -11319 -11328 -11318
f -11319 -11318 -11333
f -11333 -11318 -11337
f -11333 -11337 -11335
f -11335 -11337 -11336
f -11335 -11336 -11334
f -1358 -1359 -1360
f -1360 -1359 -1361
f -1360 -1361 -1362
f -1362 -1361 -1363
f -1362 -1363 -1364
f -1364 -1363 -1365
f -1364 -1365 -1366
f -1366 -1365 -1367
f -1366 -1367 -1368
f -1368 -1367 -1369
f -1368 -1369 -1370
f -1370 -1369 -1371
f -1370 -1371 -1372
f -1372 -1371 -1373
f -1372 -1373 -1374
f -1374 -1373 -1375
f -1374 -1375 -1376
f -1376 -1375 -1377
f -1376 -1377 -1378
f -1378 -1377 -1379
f -1378 -1379 -1380
f -1380 -1379 -1381
f -1380 -1381 -1382
f -1382 -1381 -1383
f -1382 -1383 -1384
f -1384 -1383 -1385
f -1384 -1385 -1386
f -1386 -1385 -1387
f -1386 -1387 -1388
f -1388 -1387 -1389
f -1388 -1389 -1390
f -1390 -1389 -1391
f -1390 -1391 -1426
f -1426 -1391 -1425
f -1426 -1425 -1424
f -1424 -1425 -1423
f -1424 -1423 -1422
f -1422 -1423 -1421
f -1422 -1421 -1420
f -1420 -1421 -1419
f -1420 -1419 -1418
f -1418 -1419 -1417
f -1418 -1417 -1416
f -1416 -1417 -1415
f -1416 -1415 -1414
f -1414 -1415 -1413
f -1414 -1413 -1412
f -1412 -1413 -1411
f -1412 -1411 -1410
f -1410 -1411 -1409
f -1410 -1409 -1408
f -1408 -1409 -1407
f -1408 -1407 -1406
f -1406 -1407 -1405
f -1406 -1405 -1404
f -1404 -1405 -1403
f -1404 -1403 -1402
f -1402 -1403 -1401
f -1402 -1401 -1400
f -1400 -1401 -1399
f -1400 -1399 -1398
f -1398 -1399 -1397
f -1398 -1397 -1396
f -1396 -1397 -1395
f -1396 -1395 -1394
f -1394 -1395 -1393
f -1394 -1393 -1392
f -11323 -11321 -11322
f -11322 -11321 -11320
f -11322 -11320 -11343
f -11327 -11325 -11326
f -11326 -11325 -11324
f -11326 -11324 -11317
f -11317 -11324 -11316
f -11317 -11316 -11337
f -11337 -11316 -11339
f -11337 -11339 -11338
f -11338 -11339 -11340
f -11339 -11316 -11322
f -11322 -11316 -11324
f -11322 -11324 -11323
f -11323 -11324 -11325
f -11327 -11326 -11328
f -11328 -11326 -11317
f -11328 -11317 -11318
f -11318 -11317 -11337
f -11315 -11319 -11331
f -11331 -11319 -11333
f -11331 -11333 -11332
f -11332 -11333 -11334
f -11332 -11334 -11330
f -11314 -11315 -11329
f -11329 -11315 -11331
f -11329 -11331 -11330
f -11330 -11331 -11332
f -11132 -11131 -11133
f -11133 -11131 -11124
f -11133 -11124 -11121
f -11125 -11120 -11122
f -11122 -11120 -11124
f -11122 -11124 -11123
f -11123 -11124 -11131
f -11123 -11131 -11129
f -11129 -11131 -11130
f -11129 -11130 -11128
f -11142 -11135 -11144
f -11144 -11135 -11136
f -11144 -11136 -11137
f -1478 -1477 -1497
f -1497 -1477 -1476
f -1497 -1476 -1475
f -1470 -1469 -1497
f -1497 -1469 -1468
f -1497 -1468 -1467
f -1473 -1472 -1497
f -1497 -1472 -1471
f -1497 -1471 -1470
f -1475 -1474 -1497
f -1497 -1474 -1473
f -1483 -1482 -1498
f -1498 -1482 -1481
f -1498 -1481 -1480
f -1486 -1485 -1498
f -1498 -1485 -1484
f -1498 -1484 -1483
f -1489 -1488 -1498
f -1498 -1488 -1487
f -1498 -1487 -1486
f -1492 -1491 -1498
f -1498 -1491 -1490
f -1498 -1490 -1489
f -1495 -1494 -1498
f -1498 -1494 -1493
f -1498 -1493 -1492
f -11128 -11126 -11127
f -11127 -11126 -11125
f -11127 -11125 -11122
f -11128 -11127 -11129
f -11129 -11127 -11123
f -11115 -11113 -11114
f -11114 -11113 -11112
f -11114 -11112 -11111
f -11111 -11112 -11110
f -11111 -11110 -11109
f -11109 -11110 -11108
f -11109 -11108 -11107
f -11107 -11108 -11106
f -11107 -11106 -11105
f -11092 -11091 -11101
f -11101 -11091 -11099
f -11101 -11099 -11100
f -11100 -11099 -11098
f -11100 -11098 -11093
f -11093 -11098 -11094
f -11093 -11094 -11089
f -1462 -1461 -1497
f -1497 -1461 -1460
f -1497 -1460 -1496
f -1465 -1464 -1497
f -1497 -1464 -1463
f -1497 -1463 -1462
f -1467 -1466 -1497
f -1497 -1466 -1465
f -11103 -11101 -11102
f -11102 -11101 -11100
f -11102 -11100 -11093
f -11096 -11098 -11097
f -11097 -11098 -11099
f -11097 -11099 -11091
f -11097 -11091 -11090
f -11090 -11091 -11092
f -11085 -11084 -11088
f -11088 -11084 -11083
f -11088 -11083 -11082
f -11085 -11088 -11086
f -11086 -11088 -11087
f -11086 -11087 -11081
f -11171 -11172 -11180
f -11180 -11172 -11178
f -11180 -11178 -11179
f -11179 -11178 -11177
f -11179 -11177 -11168
f -11168 -11177 -11169
f -11168 -11169 -11167
f -11186 -11185 -11190
f -11190 -11185 -11184
f -11190 -11184 -11195
f -11189 -11188 -11190
f -11190 -11188 -11187
f -11190 -11187 -11186
f -11194 -11193 -11197
f -11197 -11193 -11192
f -11197 -11192 -11191
f -11194 -11197 -11195
f -11195 -11197 -11196
f -11195 -11196 -11190
f -11204 -11199 -11201
f -11201 -11199 -11203
f -11201 -11203 -11202
f -11202 -11203 -11210
f -11202 -11210 -11208
f -11208 -11210 -11209
f -11208 -11209 -11207
f -11198 -11205 -11207
f -11207 -11205 -11206
f -11207 -11206 -11208
f -11208 -11206 -11202
f -1500 -1501 -1502
f -1502 -1501 -1503
f -1502 -1503 -1504
f -1504 -1503 -1505
f -1504 -1505 -1506
f -1506 -1505 -1507
f -1506 -1507 -1508
f -1508 -1507 -1509
f -1508 -1509 -1510
f -1510 -1509 -1511
f -1510 -1511 -1512
f -1512 -1511 -1513
f -1512 -1513 -1514
f -1514 -1513 -1515
f -1514 -1515 -1516
f -1516 -1515 -1517
f -1516 -1517 -1518
f -1518 -1517 -1519
f -1518 -1519 -1520
f -1520 -1519 -1521
f -1520 -1521 -1522
f -1522 -1521 -1523
f -1522 -1523 -1524
f -1524 -1523 -1525
f -1524 -1525 -1526
f -1526 -1525 -1527
f -1526 -1527 -1528
f -1528 -1527 -1529
f -1528 -1529 -1530
f -1530 -1529 -1531
f -1530 -1531 -1532
f -1532 -1531 -1533
f -1532 -1533 -1568
f -1568 -1533 -1567
f -1568 -1567 -1566
f -1566 -1567 -1565
f -1566 -1565 -1564
f -1564 -1565 -1563
f -1564 -1563 -1562
f -1562 -1563 -1561
f -1562 -1561 -1560
f -1560 -1561 -1559
f -1560 -1559 -1558
f -1558 -1559 -1557
f -1558 -1557 -1556
f -1556 -1557 -1555
f -1556 -1555 -1554
f -1554 -1555 -1553
f -1554 -1553 -1552
f -1552 -1553 -1551
f -1552 -1551 -1550
f -1550 -1551 -1549
f -1550 -1549 -1548
f -1548 -1549 -1547
f -1548 -1547 -1546
f -1546 -1547 -1545
f -1546 -1545 -1544
f -1544 -1545 -1543
f -1544 -1543 -1542
f -1542 -1543 -1541
f -1542 -1541 -1540
f -1540 -1541 -1539
f -1540 -1539 -1538
f -1538 -1539 -1537
f -1538 -1537 -1536
f -1536 -1537 -1535
f -1536 -1535 -1534
f -11156 -11154 -11155
f -11155 -11154 -11153
f -11155 -11153 -11152
f -11152 -11151 -11155
f -11155 -11151 -11157
f -11155 -11157 -11156
f -11156 -11157 -11158
f -1587 -1586 -1602
f -1602 -1586 -1585
f -1602 -1585 -1584
f -1590 -1589 -1602
f -1602 -1589 -1588
f -1602 -1588 -1587
f -1593 -1592 -1602
f -1602 -1592 -1591
f -1602 -1591 -1590
f -11177 -11178 -11176
f -11176 -11178 -11172
f -11176 -11172 -11173
f -11173 -11172 -11171
f -1596 -1595 -1602
f -1602 -1595 -1594
f -1602 -1594 -1593
f -1599 -1598 -1602
f -1602 -1598 -1597
f -1602 -1597 -1596
f -1603 -1601 -1602
f -1602 -1601 -1600
f -1602 -1600 -1599
f -11176 -11175 -11177
f -11177 -11175 -11170
f -11177 -11170 -11169
f -11149 -11160 -11166
f -11166 -11160 -11159
f -11166 -11159 -11158
f -11150 -11165 -11166
f -11166 -11165 -11164
f -11166 -11164 -11149
f -11158 -11157 -11166
f -11166 -11157 -11151
f -11166 -11151 -11150
f -11435 -11434 -11442
f -11442 -11434 -11440
f -11442 -11440 -11441
f -11441 -11440 -11439
f -11451 -11452 -11450
f -11450 -11452 -11432
f -11450 -11432 -11433
f -11433 -11432 -11431
f -11433 -11431 -11429
f -11429 -11446 -11433
f -11433 -11446 -11448
f -11433 -11448 -11450
f -11450 -11448 -11449
f -11450 -11449 -11451
f -11436 -11435 -11444
f -11444 -11435 -11442
f -11444 -11442 -11443
f -11443 -11442 -11441
f -11429 -11436 -11446
f -11446 -11436 -11444
f -11446 -11444 -11445
f -11445 -11444 -11443
f -11460 -11458 -11459
f -11459 -11458 -11457
f -11459 -11457 -11461
f -11461 -11457 -11455
f -11461 -11455 -11463
f -11411 -11410 -11412
f -11412 -11410 -11409
f -11412 -11409 -11408
f -11419 -11425 -11427
f -11427 -11425 -11426
f -11427 -11426 -11428
f -11428 -11426 -11420
f -11431 -11432 -11430
f -11430 -11432 -11452
f -11422 -11426 -11424
f -11424 -11426 -11425
f -11424 -11425 -11423
f -11371 -11370 -11369
f -11369 -11370 -11368
f -11369 -11368 -11361
f -11362 -11363 -11364
f -11364 -11363 -11365
f -11364 -11365 -11366
f -11366 -11365 -11367
f -11366 -11367 -11355
f -11355 -11367 -11354
f -11355 -11354 -11353
f -11359 -11358 -11369
f -11369 -11358 -11357
f -11369 -11357 -11356
f -11361 -11360 -11369
f -11369 -11360 -11359
f -11352 -11351 -11355
f -11355 -11351 -11350
f -11355 -11350 -11371
f -11346 -11349 -11347
f -11347 -11349 -11348
f -11347 -11348 -11344
f -11342 -11340 -11341
f -11341 -11340 -11339
f -11341 -11339 -11322
f -11538 -11539 -11540
f -11540 -11539 -11541
f -11540 -11541 -11542
f -11542 -11541 -11543
f -11542 -11543 -11545
f -11545 -11543 -11544
f -11545 -11544 -11546
f -11536 -11535 -11537
f -11537 -11535 -11538
f -11537 -11538 -11540
f -11524 -11525 -11526
f -11526 -11525 -11527
f -11526 -11527 -11528
f -11528 -11527 -11529
f -11528 -11529 -11531
f -11531 -11529 -11530
f -11531 -11530 -11532
f -11552 -11553 -11554
f -11554 -11553 -11555
f -11554 -11555 -11556
f -11556 -11555 -11557
f -11556 -11557 -11559
f -11559 -11557 -11558
f -11559 -11558 -11560
f -11550 -11549 -11551
f -11551 -11549 -11552
f -11551 -11552 -11554
f -11481 -11479 -11480
f -11480 -11479 -11478
f -11480 -11478 -11477
f -11477 -11478 -11493
f -11477 -11493 -11491
f -11491 -11493 -11492
f -11491 -11492 -11490
f -11477 -11491 -11489
f -11489 -11491 -11490
f -11489 -11490 -11488
f -11486 -11485 -11487
f -11487 -11485 -11484
f -11487 -11484 -11483
f -11483 -11484 -11476
f -11483 -11476 -11481
f -11480 -11477 -11482
f -11482 -11477 -11489
f -11482 -11489 -11487
f -11487 -11489 -11488
f -11487 -11488 -11486
f -11464 -11475 -11473
f -11473 -11475 -11474
f -11473 -11474 -11472
f -11471 -11472 -11470
f -11470 -11472 -11469
f -11470 -11469 -11468
f -11468 -11467 -11470
f -11470 -11467 -11466
f -11470 -11466 -11465
f -11510 -11511 -11512
f -11512 -11511 -11513
f -11512 -11513 -11514
f -11514 -11513 -11515
f -11514 -11515 -11517
f -11517 -11515 -11516
f -11517 -11516 -11518
f -11522 -11521 -11523
f -11523 -11521 -11524
f -11523 -11524 -11526
f -11503 -11506 -11504
f -11504 -11506 -11505
f -11504 -11505 -11501
f -11508 -11507 -11509
f -11509 -11507 -11510
f -11509 -11510 -11512
f -11624 -11625 -11626
f -11626 -11625 -11627
f -11626 -11627 -11628
f -11628 -11627 -11629
f -11628 -11629 -11623
f -11630 -11642 -11640
f -11640 -11642 -11641
f -11640 -11641 -11639
f -11678 -11679 -11693
f -11693 -11679 -11692
f -11693 -11692 -11691
f -11691 -11692 -11690
f -11691 -11690 -11689
f -11689 -11690 -11688
f -11689 -11688 -11687
f -11687 -11688 -11686
f -11687 -11686 -11685
f -11685 -11686 -11684
f -11685 -11684 -11683
f -11683 -11684 -11681
f -11701 -11700 -11705
f -11705 -11700 -11699
f -11705 -11699 -11698
f -11696 -11695 -11705
f -11705 -11695 -11704
f -11705 -11704 -11706
f -11706 -11704 -11703
f -11706 -11703 -11702
f -11702 -11703 -11694
f -11698 -11697 -11705
f -11705 -11697 -11696
f -11707 -11719 -11717
f -11717 -11719 -11718
f -11717 -11718 -11716
f -11667 -11668 -11666
f -11666 -11668 -11665
f -11666 -11665 -11664
f -11662 -11663 -11677
f -11677 -11663 -11676
f -11677 -11676 -11675
f -11675 -11676 -11674
f -11675 -11674 -11673
f -11673 -11674 -11672
f -11673 -11672 -11671
f -11671 -11672 -11670
f -11671 -11670 -11669
f -11669 -11670 -11668
f -11669 -11668 -11667
f -11732 -11733 -11744
f -11744 -11733 -11746
f -11744 -11746 -11745
f -11745 -11746 -11747
f -11738 -11736 -11737
f -11737 -11736 -11735
f -11737 -11735 -11732
f -11771 -11770 -11772
f -11772 -11770 -11769
f -11772 -11769 -11768
f -11767 -11766 -11772
f -11772 -11766 -11765
f -11772 -11765 -11777
f -11772 -11777 -11775
f -11775 -11777 -11776
f -11775 -11776 -11774
f -11752 -11753 -11755
f -11755 -11753 -11754
f -11755 -11754 -11756
f -11759 -11760 -11761
f -11761 -11760 -11762
f -11761 -11762 -11763
f -11763 -11762 -11764
f -11763 -11764 -11758
f -11779 -11780 -11781
f -11781 -11780 -11782
f -11781 -11782 -11783
f -11783 -11782 -11784
f -11783 -11784 -11791
f -11791 -11784 -11790
f -11791 -11790 -11789
f -11789 -11790 -11788
f -11789 -11788 -11787
f -11787 -11788 -11786
f -11787 -11786 -11785
f -11793 -11794 -11795
f -11795 -11794 -11796
f -11795 -11796 -11797
f -11797 -11796 -11798
f -11797 -11798 -11805
f -11805 -11798 -11804
f -11805 -11804 -11803
f -11803 -11804 -11802
f -11803 -11802 -11801
f -11801 -11802 -11800
f -11801 -11800 -11799
f -11824 -11822 -11823
f -11823 -11822 -11821
f -11823 -11821 -11818
f -11818 -11819 -11830
f -11830 -11819 -11832
f -11830 -11832 -11831
f -11831 -11832 -11833
f -5221 -5222 -5223
f -5223 -5222 -5224
f -5202 -5203 -5204
f -5204 -5203 -5205
f -5204 -5205 -5206
f -5192 -5195 -5193
f -5193 -5195 -5196
f -5403 -5421 -5425
f -5425 -5421 -5422
f -5438 -5439 -5440
f -5440 -5439 -5441
f -5440 -5441 -5442
f -5442 -5441 -5443
f -5442 -5443 -5432
f -5447 -5445 -5446
f -5446 -5445 -5444
f -5446 -5444 -5402
f -5446 -5448 -5447
f -5447 -5448 -5449
f -5355 -5356 -5357
f -5357 -5356 -5358
f -5357 -5358 -5359
f -5359 -5358 -5360
f -5359 -5360 -5261
f -5479 -5480 -5481
f -5481 -5480 -5487
f -5473 -5472 -5471
f -5471 -5472 -5470
f -5471 -5470 -5469
f -5469 -5470 -5468
f -5469 -5468 -5467
f -5467 -5468 -5466
f -5467 -5466 -5465
f -5465 -5466 -5464
f -5465 -5464 -5414
f -5462 -5460 -5461
f -5461 -5460 -5459
f -5461 -5459 -5458
f -5458 -5459 -5457
f -5458 -5457 -5456
f -5456 -5457 -5455
f -5456 -5455 -5454
f -5452 -5450 -5451
f -5451 -5450 -5449
f -5451 -5449 -5448
f -5545 -5546 -5547
f -5547 -5546 -5551
f -5571 -5570 -5569
f -5569 -5570 -5568
f -5569 -5568 -5567
f -5567 -5568 -5566
f -5572 -5573 -5574
f -5574 -5573 -5575
f -5574 -5575 -5576
f -5576 -5575 -5577
f -5576 -5577 -5578
f -5578 -5577 -5579
f -5514 -5513 -5515
f -5515 -5513 -5498
f -5606 -5607 -5608
f -5608 -5607 -5609
f -5592 -5593 -5594
f -5594 -5593 -5595
f -5594 -5595 -5596
f -5596 -5595 -5597
f -5584 -5585 -5586
f -5586 -5585 -5587
f -5586 -5587 -5588
f -5588 -5587 -5589
f -5588 -5589 -5590
f -5590 -5589 -5591
f -5580 -5581 -5582
f -5582 -5581 -5583
f -5624 -5625 -5626
f -5626 -5625 -5627
f -5626 -5627 -5628
f -5628 -5627 -5629
f -5628 -5629 -5630
f -5630 -5629 -5631
f -5632 -5633 -5634
f -5634 -5633 -5635
f -5636 -5637 -5638
f -5638 -5637 -5639
f -5638 -5639 -5640
f -5640 -5639 -5641
f -5640 -5641 -5642
f -5642 -5641 -5643
f -5618 -5619 -5620
f -5620 -5619 -5621
f -5620 -5621 -5622
f -5622 -5621 -5623
f -5649 -5648 -5647
f -5647 -5648 -5646
f -5647 -5646 -5645
f -5645 -5646 -5644
f -5669 -5671 -5672
f -5672 -5671 -5673
f -5672 -5673 -5675
f -5675 -5673 -5674
f -5675 -5674 -5676
f -5680 -5681 -5682
f -5682 -5681 -5683
f -5682 -5683 -5684
f -5684 -5683 -5685
f -5686 -5687 -5688
f -5688 -5687 -5699
f -4891 -4889 -4890
f -4890 -4889 -4888
f -4890 -4888 -4899
f -4904 -4905 -4906
f -4906 -4905 -4907
f -4906 -4907 -4908
f -4908 -4907 -4909
f -4926 -4927 -4928
f -4928 -4927 -4929
f -4932 -4933 -4934
f -4934 -4933 -4935
f -4934 -4935 -4936
f -4936 -4935 -4937
f -4936 -4937 -4938
f -4938 -4937 -4939
f -4840 -4839 -4838
f -4838 -4839 -4837
f -4838 -4837 -4836
f -4836 -4837 -4835
f -4817 -4816 -4815
f -4815 -4816 -4814
f -4815 -4814 -4813
f -4813 -4814 -4812
f -4860 -4861 -4862
f -4862 -4861 -4863
f -4862 -4863 -4864
f -4864 -4863 -4865
f -4785 -4784 -4783
f -4783 -4784 -4782
f -4783 -4782 -4781
f -4781 -4782 -4780
f -4792 -4787 -4788
f -4788 -4787 -4786
f -4796 -4797 -4798
f -4798 -4797 -4799
f -4798 -4799 -4800
f -4800 -4799 -4801
f -4808 -4803 -4804
f -4804 -4803 -4802
f -4757 -4758 -4759
f -4759 -4758 -4760
f -4759 -4760 -4761
f -4761 -4760 -4762
f -4749 -4747 -4748
f -4748 -4747 -4746
f -4772 -4770 -4771
f -4771 -4770 -4769
f -4739 -4738 -4737
f -4737 -4738 -4736
f -4737 -4736 -4735
f -4735 -4736 -4734
f -4723 -4722 -4721
f -4721 -4722 -4720
f -4721 -4720 -4719
f -4719 -4720 -4718
f -4730 -4725 -4726
f -4726 -4725 -4724
f -4714 -4709 -4710
f -4710 -4709 -4708
f -4707 -4706 -4705
f -4705 -4706 -4704
f -4705 -4704 -4703
f -4703 -4704 -4702
f -4694 -4692 -4693
f -4693 -4692 -4691
f -4679 -4680 -4681
f -4681 -4680 -4682
f -4681 -4682 -4683
f -4683 -4682 -4684
f -5090 -5091 -5092
f -5092 -5091 -5093
f -5093 -5091 -5083
f -5083 -5091 -5084
f -5075 -5080 -5076
f -5076 -5080 -5081
f -5071 -5072 -5073
f -5073 -5072 -5074
f -5062 -5069 -5063
f -5063 -5069 -5070
f -5094 -5095 -5100
f -5100 -5095 -5099
f -5148 -5150 -5149
f -5149 -5150 -5151
f -5167 -5166 -5165
f -5165 -5166 -5164
f -5165 -5164 -5163
f -5163 -5164 -5162
f -5163 -5162 -5161
f -4985 -4984 -4983
f -4983 -4984 -4982
f -4983 -4982 -4981
f -4981 -4982 -4980
f -4977 -4944 -4945
f -4945 -4944 -4952
f -4945 -4952 -4951
f -5004 -5006 -5005
f -5005 -5006 -5007
f -5020 -5021 -5022
f -5022 -5021 -5023
f -4472 -4474 -4473
f -4473 -4474 -4475
f -4473 -4475 -4471
f -4486 -4487 -4488
f -4488 -4487 -4490
f -4488 -4490 -4489
f -4489 -4490 -4491
f -4466 -4465 -4464
f -4464 -4465 -4463
f -4464 -4463 -4462
f -4467 -4468 -4469
f -4469 -4468 -4470
f -4454 -4456 -4455
f -4455 -4456 -4457
f -4441 -4458 -4447
f -4447 -4458 -4449
f -4434 -4435 -4436
f -4436 -4435 -4437
f -4535 -4534 -4533
f -4533 -4534 -4532
f -4533 -4532 -4531
f -4536 -4537 -4538
f -4538 -4537 -4539
f -4538 -4539 -4540
f -4540 -4539 -4541
f -4504 -4505 -4506
f -4506 -4505 -4507
f -4506 -4507 -4508
f -4508 -4507 -4509
f -4508 -4509 -4510
f -4510 -4509 -4511
f -4510 -4511 -4512
f -4512 -4511 -4513
f -4496 -4497 -4498
f -4498 -4497 -4499
f -4498 -4499 -4500
f -4500 -4499 -4501
f -4500 -4501 -4502
f -4502 -4501 -4503
f -4514 -4515 -4516
f -4516 -4515 -4517
f -4516 -4517 -4518
f -4518 -4517 -4519
f -4518 -4519 -4520
f -4520 -4519 -4521
f -4520 -4521 -4522
f -4522 -4521 -4523
f -4578 -4579 -4580
f -4580 -4579 -4581
f -4580 -4581 -4582
f -4582 -4581 -4583
f -4582 -4583 -4584
f -4584 -4583 -4585
f -4604 -4606 -4605
f -4605 -4606 -4607
f -4607 -4608 -4609
f -4609 -4608 -4610
f -4609 -4610 -4596
f -4616 -4615 -4614
f -4614 -4615 -4613
f -4614 -4613 -4612
f -4612 -4613 -4611
f -4591 -4593 -4592
f -4592 -4593 -4594
f -4645 -4647 -4646
f -4646 -4647 -4648
f -4647 -4649 -4648
f -4648 -4649 -4650
f -4637 -4639 -4638
f -4638 -4639 -4640
f -4659 -4658 -4657
f -4657 -4658 -4656
f -4657 -4656 -4655
f -4655 -4656 -4654
f -4653 -4652 -4651
f -4651 -4652 -4650
f -4651 -4650 -4649
f -4678 -4663 -4662
f -4662 -4663 -4664
f -4261 -4262 -4263
f -4263 -4262 -4264
f -4263 -4264 -4265
f -4265 -4264 -4266
f -4265 -4266 -4267
f -4267 -4266 -4268
f -4267 -4268 -4269
f -4269 -4268 -4270
f -4269 -4270 -4271
f -4271 -4270 -4272
f -4283 -4282 -4281
f -4281 -4282 -4280
f -4281 -4280 -4279
f -4279 -4280 -4278
f -4279 -4278 -4277
f -4277 -4278 -4276
f -4284 -4285 -4286
f -4286 -4285 -4287
f -4286 -4287 -4288
f -4288 -4287 -4289
f -4288 -4289 -4290
f -4290 -4289 -4291
f -4290 -4291 -4292
f -4292 -4291 -4293
f -4249 -4250 -4251
f -4251 -4250 -4252
f -4251 -4252 -4253
f -4253 -4252 -4254
f -4253 -4254 -4255
f -4255 -4254 -4256
f -4255 -4256 -4257
f -4257 -4256 -4258
f -4257 -4258 -4259
f -4259 -4258 -4260
f -4211 -4210 -4209
f -4209 -4210 -4208
f -4209 -4208 -4207
f -4207 -4208 -4206
f -4207 -4206 -4205
f -4205 -4206 -4204
f -4205 -4204 -4203
f -4203 -4204 -4202
f -4203 -4202 -4201
f -4201 -4202 -4200
f -4223 -4214 -4215
f -4215 -4214 -4212
f -4188 -4189 -4190
f -4190 -4189 -4191
f -4190 -4191 -4192
f -4192 -4191 -4193
f -4192 -4193 -4194
f -4194 -4193 -4195
f -4194 -4195 -4196
f -4196 -4195 -4197
f -4196 -4197 -4198
f -4198 -4197 -4199
f -4181 -4183 -4182
f -4182 -4183 -4184
f -4183 -4185 -4184
f -4184 -4185 -4186
f -4169 -4173 -4170
f -4170 -4173 -4171
f -4371 -4370 -4369
f -4369 -4370 -4368
f -4369 -4368 -4367
f -4367 -4368 -4366
f -4367 -4366 -4365
f -4365 -4366 -4364
f -4365 -4364 -4363
f -4389 -4390 -4383
f -4383 -4390 -4388
f -4397 -4398 -4399
f -4399 -4398 -4400
f -4399 -4400 -4401
f -4401 -4400 -4402
f -4401 -4402 -4403
f -4403 -4402 -4404
f -4403 -4404 -4405
f -4405 -4404 -4406
f -4407 -4408 -4409
f -4409 -4408 -4410
f -4409 -4410 -4411
f -4411 -4410 -4412
f -4411 -4412 -4413
f -4413 -4412 -4414
f -4413 -4414 -4415
f -4415 -4414 -4416
f -4426 -4425 -4424
f -4424 -4425 -4423
f -4424 -4423 -4422
f -4422 -4423 -4421
f -4422 -4421 -4420
f -4420 -4421 -4419
f -4420 -4419 -4418
f -4418 -4419 -4417
f -4322 -4324 -4323
f -4323 -4324 -4325
f -4317 -4316 -4315
f -4315 -4316 -4314
f -4315 -4314 -4313
f -4313 -4314 -4312
f -4313 -4312 -4311
f -4311 -4312 -4310
f -4311 -4310 -4309
f -4355 -4353 -4352
f -4352 -4353 -4351
f -4352 -4351 -4350
f -4350 -4351 -4349
f -4350 -4349 -4348
f -4348 -4349 -4347
f -4361 -4359 -4360
f -4360 -4359 -4358
f -4331 -4332 -4333
f -4333 -4332 -4334
f -4333 -4334 -4335
f -4335 -4334 -4336
f -4335 -4336 -4337
f -4337 -4336 -4339
f -4346 -4345 -4344
f -4344 -4345 -4343
f -4344 -4343 -4342
f -4069 -4071 -4070
f -4070 -4071 -4072
f -4071 -4073 -4072
f -4072 -4073 -4074
f -4090 -4091 -4092
f -4092 -4091 -4093
f -4092 -4093 -4094
f -4094 -4093 -4095
f -4094 -4095 -4096
f -4096 -4095 -4097
f -4096 -4097 -4098
f -4098 -4097 -4099
f -4098 -4099 -4100
f -4100 -4099 -4101
f -4102 -4103 -4104
f -4104 -4103 -4105
f -4104 -4105 -4106
f -4106 -4105 -4107
f -4106 -4107 -4108
f -4108 -4107 -4109
f -4108 -4109 -4110
f -4110 -4109 -4111
f -4110 -4111 -4112
f -4112 -4111 -4113
f -4089 -4088 -4087
f -4087 -4088 -4086
f -4087 -4086 -4085
f -4085 -4086 -4084
f -4085 -4084 -4083
f -4083 -4084 -4082
f -4083 -4082 -4081
f -4081 -4082 -4080
f -4081 -4080 -4079
f -4079 -4080 -4078
f -4077 -4076 -4075
f -4075 -4076 -4074
f -4075 -4074 -4073
f -4125 -4124 -4123
f -4123 -4124 -4122
f -4123 -4122 -4121
f -4121 -4122 -4120
f -4121 -4120 -4119
f -4119 -4120 -4118
f -4119 -4118 -4117
f -4117 -4118 -4116
f -4117 -4116 -4115
f -4115 -4116 -4114
f -4126 -4127 -4128
f -4128 -4127 -4129
f -4128 -4129 -4130
f -4130 -4129 -4131
f -4130 -4131 -4132
f -4132 -4131 -4133
f -4132 -4133 -4134
f -4134 -4133 -4135
f -4134 -4135 -4136
f -4136 -4135 -4137
f -4149 -4148 -4147
f -4147 -4148 -4146
f -4147 -4146 -4145
f -4145 -4146 -4144
f -4145 -4144 -4143
f -4143 -4144 -4142
f -4143 -4142 -4141
f -4141 -4142 -4140
f -4141 -4140 -4139
f -4139 -4140 -4138
f -4150 -4151 -4152
f -4152 -4151 -4153
f -4152 -4153 -4154
f -4154 -4153 -4155
f -4154 -4155 -4156
f -4156 -4155 -4157
f -3970 -3969 -3968
f -3968 -3969 -3967
f -3968 -3967 -3966
f -3952 -3954 -3953
f -3953 -3954 -3955
f -3955 -3954 -3956
f -3956 -3954 -3949
f -3946 -3945 -3944
f -3944 -3945 -3943
f -3944 -3943 -3942
f -3942 -3943 -3941
f -3942 -3941 -3940
f -3940 -3941 -3939
f -3938 -3937 -3936
f -3936 -3937 -3935
f -3936 -3935 -3934
f -3934 -3935 -3933
f -3934 -3933 -3932
f -3932 -3933 -3931
f -3915 -3917 -3918
f -3918 -3917 -3916
f -4011 -4012 -4013
f -4013 -4012 -4014
f -4013 -4014 -4015
f -4015 -4014 -4016
f -4015 -4016 -4017
f -4017 -4016 -4018
f -4017 -4018 -4019
f -4019 -4018 -4020
f -4019 -4020 -4021
f -4021 -4020 -4022
f -4032 -4031 -4030
f -4030 -4031 -4029
f -4030 -4029 -4039
f -4039 -4029 -4041
f -4039 -4041 -4040
f -3991 -3992 -3993
f -3993 -3992 -3994
f -3993 -3994 -3995
f -3995 -3994 -3996
f -3995 -3996 -3997
f -3997 -3996 -3998
f -3986 -3987 -3988
f -3988 -3987 -3989
f -3981 -3983 -3982
f -3982 -3983 -3984
f -4010 -4009 -4008
f -4008 -4009 -4007
f -4008 -4007 -4006
f -4006 -4007 -4005
f -4006 -4005 -4004
f -4004 -4005 -4003
f -4004 -4003 -4002
f -4002 -4003 -4001
f -4002 -4001 -4000
f -4000 -4001 -3999
f -3846 -3857 -3859
f -3859 -3857 -3858
f -3859 -3858 -3860
f -3851 -3850 -3849
f -3849 -3850 -3848
f -3849 -3848 -3847
f -3847 -3848 -3846
f -3847 -3846 -3859
f -3878 -3877 -3876
f -3876 -3877 -3875
f -3876 -3875 -3867
f -3867 -3875 -3866
f -3882 -3880 -3881
f -3881 -3880 -3879
f -3884 -3885 -3886
f -3886 -3885 -3887
f -3891 -3892 -3893
f -3893 -3892 -3894
f -3893 -3894 -3895
f -3895 -3894 -3896
f -3901 -3903 -3902
f -3902 -3903 -3904
f -3812 -3813 -3814
f -3814 -3813 -3815
f -3814 -3815 -3816
f -3816 -3815 -3817
f -3802 -3803 -3804
f -3804 -3803 -3805
f -3804 -3805 -3806
f -3806 -3805 -3807
f -3806 -3807 -3808
f -3808 -3807 -3809
f -3808 -3809 -3810
f -3810 -3809 -3811
f -3801 -3800 -3799
f -3799 -3800 -3798
f -3799 -3798 -3797
f -3797 -3798 -3796
f -3797 -3796 -3795
f -3795 -3796 -3794
f -3795 -3794 -3793
f -3793 -3794 -3792
f -3782 -3783 -3784
f -3784 -3783 -3785
f -3784 -3785 -3786
f -3786 -3785 -3787
f -3786 -3787 -3788
f -3788 -3787 -3789
f -3788 -3789 -3790
f -3790 -3789 -3791
f -3834 -3835 -3836
f -3836 -3835 -3837
f -3836 -3837 -3838
f -3838 -3837 -3839
f -3748 -3749 -3750
f -3750 -3749 -3751
f -3750 -3751 -3752
f -3752 -3751 -3753
f -3752 -3753 -3754
f -3754 -3753 -3755
f -3754 -3755 -3756
f -3756 -3755 -3757
f -3756 -3757 -3758
f -3758 -3757 -3759
f -3772 -3773 -3774
f -3774 -3773 -3775
f -3774 -3775 -3776
f -3776 -3775 -3777
f -3776 -3777 -3778
f -3778 -3777 -3779
f -3778 -3779 -3780
f -3780 -3779 -3781
f -3737 -3739 -3738
f -3738 -3739 -3740
f -3738 -3740 -3731
f -3731 -3740 -3732
f -3731 -3732 -3733
f -3715 -3724 -3722
f -3722 -3724 -3723
f -3722 -3723 -3721
f -3742 -3743 -3744
f -3744 -3743 -3745
f -3714 -3713 -3712
f -3712 -3713 -3711
f -3712 -3711 -3710
f -3710 -3711 -3709
f -3710 -3709 -3708
f -3708 -3709 -3707
f -3716 -3718 -3717
f -3717 -3718 -3719
f -3718 -3720 -3719
f -3719 -3720 -3721
f -3677 -3690 -3691
f -3691 -3690 -3692
f -3691 -3692 -3693
f -3693 -3692 -3694
f -3697 -3698 -3699
f -3699 -3698 -3700
f -3699 -3700 -3701
f -3701 -3700 -3702
f -3701 -3702 -3703
f -3703 -3702 -3704
f -3703 -3704 -3705
f -3705 -3704 -3706
f -3685 -3687 -3686
f -3686 -3687 -3688
f -3687 -3689 -3688
f -3688 -3689 -3694
f -3691 -3678 -3677
f -3677 -3678 -3679
f -3678 -3680 -3679
f -3679 -3680 -3681
f -3670 -3672 -3671
f -3671 -3672 -3673
f -3665 -3664 -3663
f -3663 -3664 -3662
f -3663 -3662 -3661
f -3657 -3659 -3652
f -3652 -3659 -3651
f -6927 -6928 -6929
f -6929 -6928 -6930
f -6966 -6968 -6967
f -6967 -6968 -6969
f -6878 -6880 -6879
f -6879 -6880 -6881
f -6903 -6905 -6904
f -6904 -6905 -6906
f -6849 -6850 -6848
f -6848 -6850 -6835
f -6840 -6844 -6839
f -6839 -6844 -6845
f -6743 -6744 -6745
f -6745 -6744 -6746
f -6739 -6740 -6741
f -6741 -6740 -6742
f -6728 -6729 -6730
f -6730 -6729 -6731
f -6730 -6731 -6732
f -6732 -6731 -6733
f -7142 -7144 -7143
f -7143 -7144 -7145
f -7163 -7164 -7165
f -7165 -7164 -7166
f -7015 -7016 -7017
f -7017 -7016 -7018
f -6991 -6993 -6992
f -6992 -6993 -6994
f -7088 -7089 -7094
f -7094 -7089 -7093
f -7116 -7113 -7114
f -7114 -7113 -7115
f -7074 -7075 -7080
f -7080 -7075 -7079
f -7058 -7068 -7059
f -7059 -7068 -7060
f -7708 -7707 -7706
f -7706 -7707 -7705
f -7706 -7705 -7704
f -7704 -7705 -7703
f -7704 -7703 -7702
f -7702 -7703 -7701
f -7702 -7701 -7700
f -7700 -7701 -7699
f -7700 -7699 -7698
f -7698 -7699 -7697
f -7698 -7697 -7696
f -7696 -7697 -7695
f -7696 -7695 -7694
f -7694 -7695 -7693
f -7694 -7693 -7692
f -5879 -5878 -5877
f -5877 -5878 -5876
f -5877 -5876 -5875
f -5863 -5864 -5876
f -5876 -5864 -5865
f -5819 -5820 -5821
f -5821 -5820 -5822
f -5821 -5822 -5823
f -5735 -5736 -5737
f -5737 -5736 -5738
f -5711 -5712 -5713
f -5713 -5712 -5714
f -6485 -6486 -6487
f -6487 -6486 -6488
f -6487 -6488 -6489
f -6489 -6488 -6490
f -6484 -6483 -6482
f -6482 -6483 -6481
f -6482 -6481 -6480
f -6480 -6481 -6479
f -6480 -6479 -6478
f -6480 -6478 -6466
f -6466 -6478 -6467
f -6466 -6467 -6468
f -6468 -6467 -6469
f -6468 -6469 -6470
f -6470 -6469 -6471
f -6470 -6471 -6472
f -6472 -6471 -6473
f -6472 -6473 -6474
f -6474 -6473 -6475
f -6474 -6475 -6476
f -6476 -6475 -6477
f -6648 -6649 -6650
f -6650 -6649 -6651
f -6650 -6651 -6652
f -6652 -6651 -6653
f -6654 -6655 -6656
f -6656 -6655 -6657
f -6639 -6640 -6641
f -6641 -6640 -6642
f -6635 -6636 -6637
f -6637 -6636 -6638
f -6678 -6679 -6680
f -6680 -6679 -6681
f -6666 -6667 -6668
f -6668 -6667 -6669
f -6694 -6695 -6696
f -6696 -6695 -6697
f -6696 -6697 -6698
f -6698 -6697 -6699
f -6682 -6683 -6684
f -6684 -6683 -6685
f -6684 -6685 -6686
f -6686 -6685 -6687
f -6700 -6701 -6702
f -6702 -6701 -6703
f -6712 -6713 -6714
f -6714 -6713 -6715
f -6724 -6725 -6726
f -6726 -6725 -6727
f -6421 -6423 -6422
f -6422 -6423 -6424
f -6405 -6418 -6406
f -6406 -6418 -6421
f -6406 -6421 -6407
f -2021 -2019 -2018
f -2018 -2019 -2017
f -2018 -2017 -2016
f -2016 -2017 -2015
f -2016 -2015 -2014
f -2014 -2015 -2013
f -2014 -2013 -2012
f -2024 -2026 -2025
f -2025 -2026 -2027
f -2010 -2011 -2002
f -2002 -2011 -2003
f -1998 -2012 -1997
f -1997 -2012 -2009
f -2011 -2004 -2003
f -2003 -2004 -2005
f -2004 -2006 -2005
f -2005 -2006 -2007
f -1979 -1978 -1995
f -1995 -1978 -1994
f -1995 -1994 -1996
f -1996 -1994 -2001
f -2052 -2054 -2053
f -2053 -2054 -2055
f -2054 -2056 -2055
f -2055 -2056 -2057
f -2031 -2033 -2032
f -2032 -2033 -2034
f -2033 -2035 -2034
f -2034 -2035 -2042
f -2069 -2070 -2071
f -2071 -2070 -2072
f -2071 -2072 -2073
f -2073 -2072 -2074
f -2065 -2066 -2067
f -2067 -2066 -2068
f -2059 -2060 -2061
f -2061 -2060 -2062
f -2061 -2062 -2063
f -2063 -2062 -2064
f -2075 -2080 -2076
f -2076 -2080 -2081
f -2100 -2101 -2102
f -2102 -2101 -2103
f -2104 -2106 -2107
f -2107 -2106 -2112
f -2119 -2113 -2112
f -2112 -2113 -2111
f -2112 -2111 -2110
f -2120 -2121 -2122
f -2122 -2121 -2123
f -1913 -1914 -1915
f -1915 -1914 -1916
f -1921 -1919 -1920
f -1920 -1919 -1918
f -1920 -1918 -1917
f -1907 -1908 -1909
f -1909 -1908 -1910
f -1909 -1910 -1911
f -1911 -1910 -1912
f -1894 -1893 -1892
f -1892 -1893 -1891
f -1892 -1891 -1890
f -1890 -1891 -1889
f -1890 -1889 -1888
f -1888 -1889 -1887
f -1877 -1879 -1878
f -1878 -1879 -1880
f -1871 -1873 -1874
f -1874 -1873 -1879
f -1863 -1864 -1865
f -1865 -1864 -1866
f -1865 -1866 -1867
f -1867 -1866 -1868
f -1867 -1868 -1869
f -1869 -1868 -1870
f -1965 -1966 -1967
f -1967 -1966 -1968
f -1961 -1962 -1963
f -1963 -1962 -1964
f -1977 -1976 -1985
f -1985 -1976 -1981
f -1985 -1981 -1995
f -1941 -1942 -1943
f -1943 -1942 -1944
f -1937 -1938 -1939
f -1939 -1938 -1940
f -1933 -1934 -1935
f -1935 -1934 -1936
f -1956 -1958 -1957
f -1957 -1958 -1959
f -1946 -1947 -1948
f -1948 -1947 -1949
f -1948 -1949 -1950
f -1950 -1949 -1956
f -1954 -1953 -1952
f -1952 -1953 -1951
f -1952 -1951 -1945
f -8368 -8369 -8370
f -8370 -8369 -8371
f -8370 -8371 -8372
f -1815 -1816 -1817
f -1817 -1816 -1818
f -1814 -1813 -1812
f -1812 -1813 -1811
f -1812 -1811 -1810
f -8374 -8375 -8377
f -8377 -8375 -8376
f -8377 -8376 -8378
f -1801 -1802 -1803
f -1803 -1802 -1804
f -8384 -8383 -8382
f -8382 -8383 -8381
f -8382 -8381 -8380
f -8380 -8381 -8379
f -8380 -8379 -8378
f -8378 -8379 -8377
f -1829 -1828 -1830
f -1830 -1828 -1833
f -1819 -1820 -1821
f -1821 -1820 -1822
f -1823 -1824 -1825
f -1825 -1824 -1826
f -1839 -1840 -1841
f -1841 -1840 -1842
f -1835 -1836 -1837
f -1837 -1836 -1838
f -1847 -1848 -1849
f -1849 -1848 -1850
f -1843 -1844 -1845
f -1845 -1844 -1846
f -1851 -1852 -1853
f -1853 -1852 -1854
f -8354 -8353 -8352
f -8352 -8353 -8351
f -8352 -8351 -8350
f -8350 -8351 -8349
f -8350 -8349 -8348
f -8348 -8349 -8347
f -8348 -8347 -8346
f -8346 -8347 -8345
f -1772 -1771 -1770
f -1770 -1771 -1769
f -1770 -1769 -1768
f -1768 -1769 -1767
f -1768 -1767 -1766
f -1766 -1767 -1765
f -1766 -1765 -1764
f -1764 -1765 -1763
f -1764 -1763 -1762
f -1762 -1763 -1761
f -8318 -8319 -8321
f -8321 -8319 -8320
f -8321 -8320 -8322
f -8328 -8327 -8326
f -8326 -8327 -8325
f -8326 -8325 -8324
f -8324 -8325 -8323
f -8324 -8323 -8322
f -8322 -8323 -8321
f -1760 -1759 -1758
f -1758 -1759 -1757
f -1758 -1757 -1756
f -1756 -1757 -1755
f -1756 -1755 -1754
f -1754 -1755 -1753
f -1754 -1753 -1752
f -1750 -1749 -1748
f -1748 -1749 -1747
f -1748 -1747 -1746
f -1746 -1747 -1745
f -1746 -1745 -1744
f -1744 -1745 -1743
f -1744 -1743 -1742
f -1742 -1743 -1741
f -1742 -1741 -1740
f -1740 -1741 -1739
f -8305 -8307 -8306
f -8306 -8307 -8290
f -1785 -1786 -1787
f -1787 -1786 -1788
f -8280 -8281 -8282
f -8282 -8281 -8283
f -8282 -8283 -8284
f -8284 -8283 -8285
f -8284 -8285 -8286
f -8286 -8285 -8287
f -8286 -8287 -8288
f -8288 -8287 -8289
f -1773 -1774 -1775
f -1775 -1774 -1776
f -1775 -1776 -1777
f -1777 -1776 -1778
f -1777 -1778 -1779
f -1779 -1778 -1780
f -1779 -1780 -1781
f -1781 -1780 -1782
f -1781 -1782 -1783
f -1783 -1782 -1784
f -8269 -8270 -8271
f -8271 -8270 -8272
f -8271 -8272 -8273
f -8273 -8272 -8274
f -1716 -1715 -1714
f -1714 -1715 -1713
f -1714 -1713 -1712
f -1712 -1713 -1711
f -1712 -1711 -1710
f -8471 -8472 -8473
f -8473 -8472 -8474
f -1718 -1720 -1719
f -1719 -1720 -1721
f -1720 -1722 -1721
f -1721 -1722 -1723
f -1726 -1725 -1724
f -1724 -1725 -1723
f -1724 -1723 -1722
f -1727 -1728 -1729
f -1729 -1728 -1730
f -1729 -1730 -1731
f -1731 -1730 -1732
f -1731 -1732 -1733
f -1733 -1732 -1734
f -1733 -1734 -1735
f -1735 -1734 -1736
f -1735 -1736 -1737
f -1737 -1736 -1738
f -1681 -1682 -1683
f -1683 -1682 -1684
f -1683 -1684 -1685
f -1685 -1684 -1686
f -1685 -1686 -1687
f -1687 -1686 -1688
f -1687 -1688 -1679
f -1678 -1677 -1676
f -1676 -1677 -1675
f -1676 -1675 -1674
f -1674 -1675 -1673
f -1674 -1673 -1672
f -1702 -1701 -1700
f -1700 -1701 -1699
f -1700 -1699 -1698
f -1698 -1699 -1697
f -1698 -1697 -1696
f -8414 -8415 -8416
f -8416 -8415 -8417
f -8416 -8417 -8418
f -8418 -8417 -8419
f -8418 -8419 -8420
f -8420 -8419 -8421
f -8420 -8421 -8422
f -8422 -8421 -8423
f -1664 -1663 -1662
f -1662 -1663 -1661
f -1662 -1661 -1660
f -1660 -1661 -1659
f -1660 -1659 -1658
f -1643 -1644 -1645
f -1645 -1644 -1646
f -1645 -1646 -1647
f -1647 -1646 -1648
f -1647 -1648 -1649
f -1649 -1648 -1650
f -1649 -1650 -1641
f -8400 -8402 -8401
f -8401 -8402 -8385
f -1639 -1638 -1640
f -1640 -1638 -1637
f -1640 -1622 -1621
f -1621 -1622 -1620
f -1621 -1620 -1619
f -2415 -2422 -2423
f -2423 -2422 -2424
f -2423 -2424 -2425
f -2425 -2424 -2426
f -2425 -2426 -2427
f -2427 -2426 -2428
f -2427 -2428 -2429
f -2429 -2428 -2430
f -8156 -8157 -8158
f -8158 -8157 -8159
f -2463 -2464 -2465
f -2465 -2464 -2466
f -2465 -2466 -2436
f -2436 -2466 -2437
f -2436 -2437 -2438
f -2378 -2434 -2379
f -2379 -2434 -2346
f -2379 -2346 -2440
f -2415 -2423 -2416
f -2416 -2423 -2417
f -2416 -2417 -2418
f -2418 -2417 -2419
f -2418 -2419 -2420
f -8127 -8145 -8146
f -8146 -8145 -8147
f -8146 -8147 -8148
f -8148 -8147 -8149
f -8148 -8149 -8150
f -8189 -8188 -8187
f -8187 -8188 -8186
f -8187 -8186 -8185
f -8185 -8186 -8160
f -8185 -8160 -8164
f -8184 -8183 -8182
f -8182 -8183 -8181
f -8182 -8181 -8180
f -8180 -8181 -8188
f -8180 -8188 -8189
f -8173 -8172 -8171
f -8171 -8172 -8165
f -8171 -8165 -8167
f -8182 -8177 -8184
f -8184 -8177 -8178
f -2478 -2486 -2487
f -2487 -2486 -2488
f -2487 -2488 -2489
f -2489 -2488 -2490
f -2489 -2490 -2491
f -2491 -2490 -2492
f -8211 -8210 -8209
f -8209 -8210 -8208
f -8209 -8208 -8207
f -8207 -8208 -8206
f -8207 -8206 -8205
f -8203 -8202 -8204
f -8204 -8202 -8201
f -2512 -2511 -2510
f -2510 -2511 -2509
f -2510 -2509 -2508
f -2508 -2509 -2507
f -2508 -2507 -2506
f -2506 -2507 -2505
f -2506 -2505 -2504
f -2504 -2505 -2503
f -2504 -2503 -2502
f -2502 -2503 -2495
f -2502 -2495 -2493
f -2493 -2495 -2494
f -2493 -2494 -2500
f -2500 -2494 -2499
f -2500 -2499 -2501
f -2462 -2335 -2395
f -2395 -2335 -2334
f -2395 -2334 -2470
f -8227 -8232 -8226
f -8226 -8232 -8225
f -8226 -8225 -8224
f -8231 -8232 -8230
f -8230 -8232 -8222
f -2490 -2471 -2492
f -2492 -2471 -2472
f -8250 -8251 -8252
f -8252 -8251 -8253
f -8252 -8253 -8254
f -8254 -8253 -8255
f -8254 -8255 -8256
f -8256 -8255 -8257
f -8256 -8257 -8258
f -8258 -8257 -8259
f -2395 -2470 -2468
f -2468 -2470 -2469
f -2457 -2459 -2458
f -2458 -2459 -2460
f -2458 -2460 -2444
f -2536 -2535 -2534
f -2534 -2535 -2533
f -2534 -2533 -2532
f -2532 -2533 -2531
f -2532 -2531 -2530
f -2534 -2515 -2536
f -2536 -2515 -2516
f -2556 -2555 -2554
f -2554 -2555 -2553
f -2554 -2553 -2552
f -2552 -2553 -2551
f -2552 -2551 -2550
f -2550 -2551 -2549
f -2550 -2549 -2548
f -2548 -2549 -2547
f -2548 -2547 -2546
f -2546 -2547 -2539
f -2546 -2539 -2537
f -2537 -2539 -2538
f -2537 -2538 -2544
f -2544 -2538 -2543
f -2544 -2543 -2545
f -2584 -2583 -2582
f -2582 -2583 -2581
f -2582 -2581 -2580
f -2575 -2577 -2578
f -2578 -2577 -2579
f -2578 -2579 -2580
f -2580 -2579 -2582
f -8107 -8108 -8109
f -8109 -8108 -8110
f -2571 -2572 -2573
f -2573 -2572 -2574
f -2593 -2594 -2595
f -2595 -2594 -2596
f -2585 -2586 -2587
f -2587 -2586 -2588
f -8137 -8136 -8135
f -8135 -8136 -8129
f -8135 -8129 -8133
f -2589 -2590 -2591
f -2591 -2590 -2592
f -2602 -2603 -2604
f -2604 -2603 -2605
f -2615 -2616 -2617
f -2617 -2616 -2618
f -2611 -2612 -2613
f -2613 -2612 -2614
f -2619 -2620 -2621
f -2621 -2620 -2622
f -2623 -2624 -2625
f -2625 -2624 -2626
f -2625 -2626 -2627
f -2627 -2626 -2628
f -2627 -2628 -2629
f -2629 -2628 -2630
f -2629 -2630 -2631
f -2631 -2630 -2632
f -2631 -2632 -2633
f -2633 -2632 -2634
f -2219 -2220 -2221
f -2221 -2220 -2222
f -2221 -2222 -2223
f -2223 -2222 -2224
f -2223 -2224 -2225
f -2225 -2224 -2226
f -2225 -2226 -2227
f -2227 -2226 -2228
f -2227 -2228 -2229
f -2229 -2228 -2230
f -2229 -2230 -2231
f -2231 -2230 -2232
f -7955 -7958 -7960
f -7960 -7958 -7959
f -7960 -7959 -7961
f -2246 -2245 -2244
f -2244 -2245 -2243
f -2244 -2243 -2242
f -2242 -2243 -2241
f -2242 -2241 -2240
f -2240 -2241 -2239
f -2240 -2239 -2238
f -2238 -2239 -2237
f -2238 -2237 -2236
f -2236 -2237 -2235
f -2236 -2235 -2234
f -2234 -2235 -2233
f -7964 -7972 -7963
f -7963 -7972 -7962
f -7963 -7962 -7961
f -7976 -7977 -7978
f -7978 -7977 -7979
f -7968 -7970 -7969
f -7969 -7970 -7971
f -2247 -2248 -2249
f -2249 -2248 -2250
f -2249 -2250 -2251
f -2251 -2250 -2252
f -2251 -2252 -2253
f -2253 -2252 -2254
f -2253 -2254 -2255
f -2255 -2254 -2256
f -2255 -2256 -2257
f -2257 -2256 -2258
f -2257 -2258 -2259
f -2259 -2258 -2260
f -2191 -2192 -2193
f -2193 -2192 -2194
f -2193 -2194 -2195
f -2195 -2194 -2196
f -2195 -2196 -2197
f -2197 -2196 -2198
f -2197 -2198 -2199
f -2199 -2198 -2200
f -2199 -2200 -2201
f -2201 -2200 -2202
f -2201 -2202 -2203
f -2203 -2202 -2204
f -7985 -7986 -7975
f -7975 -7986 -7976
f -7984 -7983 -7982
f -7982 -7983 -7981
f -7982 -7981 -7980
f -2177 -2178 -2179
f -2179 -2178 -2180
f -2179 -2180 -2181
f -2181 -2180 -2182
f -2181 -2182 -2183
f -2183 -2182 -2184
f -2183 -2184 -2185
f -2185 -2184 -2186
f -2185 -2186 -2187
f -2187 -2186 -2188
f -2187 -2188 -2189
f -2189 -2188 -2190
f -7987 -7988 -7989
f -7989 -7988 -7990
f -2218 -2217 -2216
f -2216 -2217 -2215
f -2216 -2215 -2214
f -2214 -2215 -2213
f -2214 -2213 -2212
f -2212 -2213 -2211
f -2212 -2211 -2210
f -2210 -2211 -2209
f -2210 -2209 -2208
f -2208 -2209 -2207
f -2208 -2207 -2206
f -2206 -2207 -2205
f -2176 -2175 -2174
f -2174 -2175 -2173
f -2174 -2173 -2172
f -2172 -2173 -2171
f -2172 -2171 -2170
f -2170 -2171 -2169
f -2170 -2169 -2168
f -2168 -2169 -2167
f -2168 -2167 -2166
f -2166 -2167 -2165
f -2166 -2165 -2164
f -2164 -2165 -2163
f -2159 -2160 -2161
f -2161 -2160 -2162
f -2155 -2156 -2157
f -2157 -2156 -2158
f -2147 -2148 -2149
f -2149 -2148 -2150
f -2151 -2152 -2153
f -2153 -2152 -2154
f -2137 -2138 -2139
f -2139 -2138 -2140
f -2141 -2142 -2143
f -2143 -2142 -2144
f -2143 -2144 -2145
f -2145 -2144 -2146
f -2131 -2132 -2133
f -2133 -2132 -2134
f -2133 -2134 -2135
f -2135 -2134 -2136
f -2130 -2129 -2128
f -2128 -2129 -2127
f -2128 -2127 -2126
f -2126 -2127 -2125
f -2126 -2125 -2124
f -2323 -2324 -2325
f -2325 -2324 -2326
f -2325 -2326 -2327
f -2327 -2326 -2328
f -2327 -2328 -2329
f -2329 -2328 -2330
f -2351 -2352 -2353
f -2353 -2352 -2355
f -2460 -2358 -2361
f -2361 -2358 -2357
f -2361 -2357 -2356
f -2364 -2372 -2365
f -2365 -2372 -2366
f -2275 -2276 -2277
f -2277 -2276 -2278
f -2279 -2280 -2281
f -2281 -2280 -2282
f -2274 -2273 -2272
f -2272 -2273 -2271
f -2272 -2271 -2270
f -2270 -2271 -2269
f -2270 -2269 -2268
f -2268 -2269 -2267
f -2268 -2267 -2266
f -2266 -2267 -2265
f -2266 -2265 -2264
f -2264 -2265 -2263
f -2264 -2263 -2262
f -2262 -2263 -2261
f -2303 -2304 -2305
f -2305 -2304 -2306
f -2314 -2313 -2312
f -2312 -2313 -2311
f -2312 -2311 -2310
f -2310 -2311 -2309
f -2310 -2309 -2308
f -2308 -2309 -2307
f -2287 -2288 -2289
f -2289 -2288 -2290
f -2283 -2284 -2285
f -2285 -2284 -2286
f -2291 -2292 -2293
f -2293 -2292 -2294
f -2835 -2836 -2837
f -2837 -2836 -2838
f -2837 -2838 -2839
f -2839 -2838 -2840
f -2839 -2840 -2841
f -2841 -2840 -2842
f -2841 -2842 -2843
f -2843 -2842 -2844
f -2843 -2844 -2845
f -2845 -2844 -2846
f -9395 -9396 -9397
f -9397 -9396 -9398
f -9397 -9398 -9399
f -9399 -9398 -9400
f -9399 -9400 -9401
f -9401 -9400 -9402
f -2823 -2824 -2825
f -2825 -2824 -2826
f -2825 -2826 -2827
f -2827 -2826 -2828
f -2827 -2828 -2829
f -2829 -2828 -2830
f -2829 -2830 -2831
f -2831 -2830 -2832
f -2831 -2832 -2833
f -2833 -2832 -2834
f -2858 -2857 -2856
f -2856 -2857 -2855
f -2856 -2855 -2854
f -2854 -2855 -2853
f -2854 -2853 -2852
f -2852 -2853 -2851
f -2852 -2851 -2850
f -2850 -2851 -2849
f -2850 -2849 -2848
f -2848 -2849 -2847
f -9412 -9414 -9413
f -9413 -9414 -9415
f -9414 -9416 -9415
f -9415 -9416 -9417
f -9416 -9418 -9417
f -9417 -9418 -9419
f -2859 -2860 -2861
f -2861 -2860 -2862
f -2861 -2862 -2863
f -2863 -2862 -2864
f -2863 -2864 -2865
f -2865 -2864 -2866
f -2865 -2866 -2867
f -2867 -2866 -2868
f -2867 -2868 -2869
f -2869 -2868 -2870
f -9368 -9369 -9370
f -9370 -9369 -9371
f -9359 -9360 -9361
f -9361 -9360 -9362
f -2871 -2872 -2873
f -2873 -2872 -2874
f -2873 -2874 -2875
f -2875 -2874 -2876
f -2875 -2876 -2877
f -2877 -2876 -2878
f -2877 -2878 -2879
f -2879 -2878 -2880
f -2879 -2880 -2881
f -2881 -2880 -2882
f -9355 -9356 -9357
f -9357 -9356 -9358
f -9380 -9379 -9378
f -9378 -9379 -9377
f -9378 -9377 -9376
f -9376 -9377 -9375
f -9376 -9375 -9374
f -9374 -9375 -9373
f -9374 -9373 -9372
f -2894 -2893 -2892
f -2892 -2893 -2891
f -2892 -2891 -2890
f -2890 -2891 -2889
f -2890 -2889 -2888
f -2888 -2889 -2887
f -2888 -2887 -2886
f -2886 -2887 -2885
f -2886 -2885 -2884
f -2884 -2885 -2883
f -2798 -2797 -2796
f -2796 -2797 -2795
f -2796 -2795 -2794
f -2794 -2795 -2793
f -2794 -2793 -2792
f -2792 -2793 -2791
f -2792 -2791 -2790
f -2790 -2791 -2789
f -2790 -2789 -2788
f -2788 -2789 -2787
f -9346 -9348 -9347
f -9347 -9348 -9349
f -2786 -2785 -2784
f -2784 -2785 -2783
f -2784 -2783 -2782
f -2782 -2783 -2781
f -2782 -2781 -2780
f -2780 -2781 -2779
f -2780 -2779 -2778
f -2778 -2779 -2777
f -2778 -2777 -2776
f -2776 -2777 -2775
f -9348 -9350 -9349
f -9349 -9350 -9351
f -9350 -9352 -9351
f -9351 -9352 -9353
f -2774 -2773 -2772
f -2772 -2773 -2771
f -2772 -2771 -2770
f -2770 -2771 -2769
f -2770 -2769 -2768
f -2768 -2769 -2767
f -2768 -2767 -2766
f -2766 -2767 -2765
f -2766 -2765 -2764
f -2764 -2765 -2763
f -9329 -9330 -9331
f -9331 -9330 -9332
f -9331 -9332 -9333
f -9333 -9332 -9334
f -9333 -9334 -9335
f -9335 -9334 -9336
f -2822 -2821 -2820
f -2820 -2821 -2819
f -2820 -2819 -2818
f -2818 -2819 -2817
f -2818 -2817 -2816
f -2816 -2817 -2815
f -2816 -2815 -2814
f -2814 -2815 -2813
f -2814 -2813 -2812
f -2812 -2813 -2811
f -9313 -9312 -9311
f -9311 -9312 -9310
f -9311 -9310 -9309
f -9309 -9310 -9308
f -9309 -9308 -9307
f -9307 -9308 -9306
f -9307 -9306 -9305
f -9295 -9296 -9297
f -9297 -9296 -9298
f -9297 -9298 -9299
f -9299 -9298 -9300
f -9299 -9300 -9301
f -9301 -9300 -9302
f -9301 -9302 -9303
f -9303 -9302 -9304
f -2799 -2800 -2801
f -2801 -2800 -2802
f -2801 -2802 -2803
f -2803 -2802 -2804
f -2803 -2804 -2805
f -2805 -2804 -2806
f -2805 -2806 -2807
f -2807 -2806 -2808
f -2807 -2808 -2809
f -2809 -2808 -2810
f -9289 -9290 -9291
f -9291 -9290 -9292
f -9291 -9292 -9293
f -9293 -9292 -9294
f -2731 -2732 -2733
f -2733 -2732 -2734
f -2733 -2734 -2735
f -2735 -2734 -2736
f -2735 -2736 -2737
f -2737 -2736 -2738
f -2737 -2738 -2739
f -2739 -2738 -2740
f -2739 -2740 -2741
f -2741 -2740 -2742
f -2741 -2742 -2743
f -2743 -2742 -2744
f -2743 -2744 -2745
f -2745 -2744 -2746
f -2745 -2746 -2747
f -2747 -2746 -2748
f -2747 -2748 -2749
f -2749 -2748 -2750
f -2751 -2752 -2753
f -2753 -2752 -2754
f -2753 -2754 -2755
f -2755 -2754 -2756
f -2755 -2756 -2757
f -2757 -2756 -2758
f -2757 -2758 -2759
f -2759 -2758 -2760
f -2759 -2760 -2761
f -2761 -2760 -2762
f -2711 -2712 -2713
f -2713 -2712 -2714
f -2713 -2714 -2715
f -2715 -2714 -2716
f -2715 -2716 -2717
f -2717 -2716 -2718
f -2717 -2718 -2719
f -2719 -2718 -2720
f -2719 -2720 -2721
f -2721 -2720 -2722
f -2721 -2722 -2723
f -2723 -2722 -2724
f -2723 -2724 -2725
f -2725 -2724 -2726
f -2725 -2726 -2727
f -2727 -2726 -2728
f -2727 -2728 -2729
f -2729 -2728 -2730
f -2710 -2709 -2708
f -2708 -2709 -2707
f -2708 -2707 -2706
f -2706 -2707 -2705
f -2706 -2705 -2704
f -2704 -2705 -2703
f -2704 -2703 -2702
f -2702 -2703 -2701
f -2702 -2701 -2700
f -2700 -2701 -2699
f -2700 -2699 -2698
f -2698 -2699 -2697
f -2698 -2697 -2696
f -2696 -2697 -2695
f -2696 -2695 -2694
f -2694 -2695 -2693
f -2694 -2693 -2692
f -2692 -2693 -2691
f -9550 -9526 -9548
f -9548 -9526 -9525
f -9548 -9525 -9524
f -9524 -9525 -9523
f -9524 -9523 -9528
f -9528 -9523 -9527
f -9528 -9527 -9529
f -9528 -9529 -9530
f -9530 -9529 -9531
f -9530 -9531 -9518
f -9537 -9535 -9534
f -9534 -9535 -9533
f -9534 -9533 -9532
f -9532 -9533 -9550
f -9532 -9550 -9551
f -9540 -9542 -9541
f -9541 -9542 -9543
f -2690 -2689 -2688
f -2688 -2689 -2687
f -2688 -2687 -2686
f -2686 -2687 -2685
f -2686 -2685 -2684
f -2684 -2685 -2683
f -2684 -2683 -2682
f -2682 -2683 -2681
f -2682 -2681 -2680
f -2680 -2681 -2679
f -2680 -2679 -2678
f -2678 -2679 -2677
f -2678 -2677 -2676
f -2676 -2677 -2675
f -2676 -2675 -2674
f -2674 -2675 -2673
f -2674 -2673 -2672
f -2672 -2673 -2671
f -2667 -2668 -2669
f -2669 -2668 -2670
f -9421 -9422 -9423
f -9423 -9422 -9424
f -9465 -9466 -9467
f -9467 -9466 -9468
f -9467 -9468 -9469
f -9469 -9468 -9470
f -2659 -2660 -2661
f -2661 -2660 -2662
f -2663 -2664 -2665
f -2665 -2664 -2666
f -2651 -2652 -2653
f -2653 -2652 -2654
f -2655 -2656 -2657
f -2657 -2656 -2658
f -2647 -2648 -2649
f -2649 -2648 -2650
f -2646 -2645 -2644
f -2644 -2645 -2643
f -2644 -2643 -2642
f -2642 -2643 -2641
f -2642 -2641 -2640
f -2640 -2641 -2639
f -2640 -2639 -2638
f -2638 -2639 -2637
f -2638 -2637 -2636
f -2636 -2637 -2635
f -9459 -9460 -9461
f -9461 -9460 -9462
f -9461 -9462 -9463
f -9463 -9462 -9464
f -3044 -3043 -3042
f -3042 -3043 -3041
f -3042 -3041 -3040
f -3052 -3049 -3048
f -3048 -3049 -3063
f -3048 -3063 -3064
f -3064 -3063 -3067
f -3064 -3067 -3065
f -3065 -3067 -3066
f -3065 -3066 -3056
f -3056 -3066 -3055
f -3056 -3055 -3057
f -3057 -3055 -3054
f -3057 -3054 -3053
f -3053 -3054 -3058
f -3053 -3058 -3059
f -3059 -3058 -3062
f -3059 -3062 -3060
f -3060 -3062 -3061
f -3060 -3061 -3051
f -3051 -3061 -3050
f -3051 -3050 -3052
f -3052 -3050 -3049
f -3020 -3019 -3018
f -3018 -3019 -3017
f -3018 -3017 -3016
f -3072 -3069 -3068
f -3068 -3069 -3083
f -3068 -3083 -3084
f -3084 -3083 -3087
f -3084 -3087 -3085
f -3085 -3087 -3086
f -3085 -3086 -3076
f -3076 -3086 -3075
f -3076 -3075 -3077
f -3077 -3075 -3074
f -3077 -3074 -3073
f -3073 -3074 -3078
f -3073 -3078 -3079
f -3079 -3078 -3082
f -3079 -3082 -3080
f -3080 -3082 -3081
f -3080 -3081 -3071
f -3071 -3081 -3070
f -3071 -3070 -3072
f -3072 -3070 -3069
f -9554 -9555 -9556
f -9556 -9555 -9557
f -3095 -3096 -3106
f -3106 -3096 -3105
f -3106 -3105 -3107
f -3107 -3105 -3104
f -3107 -3104 -3103
f -3103 -3104 -3088
f -3103 -3088 -3089
f -3089 -3088 -3092
f -3089 -3092 -3090
f -3090 -3092 -3091
f -3090 -3091 -3101
f -3101 -3091 -3100
f -3101 -3100 -3102
f -3102 -3100 -3099
f -3102 -3099 -3098
f -3098 -3099 -3093
f -3098 -3093 -3094
f -3094 -3093 -3097
f -3094 -3097 -3095
f -3095 -3097 -3096
f -3112 -3109 -3108
f -3108 -3109 -3123
f -3108 -3123 -3124
f -3124 -3123 -3127
f -3124 -3127 -3125
f -3125 -3127 -3126
f -3125 -3126 -3116
f -3116 -3126 -3115
f -3116 -3115 -3117
f -3117 -3115 -3114
f -3117 -3114 -3113
f -3113 -3114 -3118
f -3113 -3118 -3119
f -3119 -3118 -3122
f -3119 -3122 -3120
f -3120 -3122 -3121
f -3120 -3121 -3111
f -3111 -3121 -3110
f -3111 -3110 -3112
f -3112 -3110 -3109
f -3128 -3129 -3130
f -3130 -3129 -3131
f -3130 -3131 -3132
f -3132 -3131 -3133
f -3132 -3133 -3134
f -3134 -3133 -3135
f -3134 -3135 -3136
f -3136 -3135 -3137
f -3138 -3139 -3140
f -3140 -3139 -3141
f -3140 -3141 -3142
f -3142 -3141 -3143
f -3142 -3143 -3144
f -3144 -3143 -3145
f -3144 -3145 -3146
f -3146 -3145 -3147
f -2939 -2940 -2941
f -2941 -2940 -2942
f -2943 -2944 -2945
f -2945 -2944 -2946
f -2947 -2948 -2949
f -2949 -2948 -2950
f -2951 -2952 -2953
f -2953 -2952 -2954
f -2927 -2928 -2929
f -2929 -2928 -2930
f -2923 -2924 -2925
f -2925 -2924 -2926
f -2935 -2936 -2937
f -2937 -2936 -2938
f -2931 -2932 -2933
f -2933 -2932 -2934
f -2918 -2917 -2916
f -2916 -2917 -2915
f -2916 -2915 -2914
f -2914 -2915 -2913
f -2914 -2913 -2912
f -2912 -2913 -2911
f -2912 -2911 -2910
f -2910 -2911 -2909
f -2910 -2909 -2908
f -2908 -2909 -2907
f -2919 -2920 -2921
f -2921 -2920 -2922
f -2895 -2896 -2897
f -2897 -2896 -2898
f -2897 -2898 -2899
f -2899 -2898 -2900
f -2899 -2900 -2901
f -2901 -2900 -2902
f -2901 -2902 -2903
f -2903 -2902 -2904
f -2903 -2904 -2905
f -2905 -2904 -2906
f -2998 -2993 -2988
f -2988 -2993 -2989
f -2967 -2968 -2969
f -2969 -2968 -2970
f -2961 -2965 -2960
f -2960 -2965 -2966
f -2971 -2972 -2973
f -2973 -2972 -2974
f -2973 -2974 -2975
f -2975 -2974 -2976
f -2975 -2976 -2977
f -2977 -2976 -2978
f -2977 -2978 -2979
f -2979 -2978 -2980
f -3235 -3236 -3257
f -3257 -3236 -3256
f -3257 -3256 -3259
f -3259 -3256 -3255
f -3254 -3260 -3261
f -3261 -3260 -3269
f -8985 -8986 -8987
f -8987 -8986 -8988
f -8987 -8988 -8989
f -8989 -8988 -8990
f -9005 -9006 -9007
f -9007 -9006 -9008
f -3229 -3230 -3231
f -3231 -3230 -3232
f -3231 -3232 -3233
f -3233 -3232 -3234
f -3179 -3174 -3166
f -3166 -3174 -3160
f -3166 -3160 -3165
f -3163 -3168 -3169
f -3169 -3168 -3173
f -3169 -3173 -3170
f -3148 -3149 -3150
f -3150 -3149 -3151
f -3150 -3151 -3152
f -3152 -3151 -3153
f -3152 -3153 -3154
f -3154 -3153 -3155
f -3154 -3155 -3156
f -3156 -3155 -3157
f -3351 -3352 -3353
f -3353 -3352 -3354
f -3347 -3348 -3349
f -3349 -3348 -3350
f -3343 -3344 -3345
f -3345 -3344 -3346
f -3339 -3340 -3341
f -3341 -3340 -3342
f -3374 -3373 -3372
f -3372 -3373 -3371
f -3372 -3371 -3370
f -3370 -3371 -3369
f -3370 -3369 -3368
f -3368 -3369 -3367
f -3368 -3367 -3366
f -3366 -3367 -3365
f -3366 -3365 -3364
f -3364 -3365 -3363
f -3355 -3356 -3357
f -3357 -3356 -3358
f -3359 -3360 -3361
f -3361 -3360 -3362
f -3375 -3376 -3377
f -3377 -3376 -3378
f -3377 -3378 -3379
f -3379 -3378 -3380
f -3379 -3380 -3381
f -3381 -3380 -3382
f -3381 -3382 -3383
f -3383 -3382 -3384
f -3383 -3384 -3385
f -3385 -3384 -3386
f -3398 -3397 -3396
f -3396 -3397 -3395
f -3396 -3395 -3394
f -3394 -3395 -3393
f -3394 -3393 -3392
f -3392 -3393 -3391
f -3392 -3391 -3390
f -3390 -3391 -3389
f -3390 -3389 -3388
f -3388 -3389 -3387
f -3399 -3400 -3401
f -3401 -3400 -3402
f -3401 -3402 -3403
f -3403 -3402 -3404
f -3403 -3404 -3405
f -3405 -3404 -3406
f -3405 -3406 -3407
f -3407 -3406 -3408
f -3407 -3408 -3409
f -3409 -3408 -3410
f -3303 -3304 -3305
f -3305 -3304 -3306
f -3305 -3306 -3307
f -3307 -3306 -3308
f -3307 -3308 -3309
f -3309 -3308 -3310
f -3309 -3310 -3311
f -3311 -3310 -3312
f -3311 -3312 -3313
f -3313 -3312 -3314
f -3286 -3287 -3288
f -3288 -3287 -3289
f -3288 -3289 -3290
f -3290 -3289 -3291
f -3290 -3291 -3292
f -3292 -3291 -3293
f -3292 -3293 -3294
f -3294 -3293 -3295
f -3294 -3295 -3296
f -3296 -3295 -3297
f -8816 -8818 -8817
f -8817 -8818 -8819
f -3282 -3283 -3284
f -3284 -3283 -3285
f -8818 -8820 -8819
f -8819 -8820 -8821
f -8819 -8821 -8804
f -3323 -3324 -3325
f -3325 -3324 -3326
f -3327 -3328 -3329
f -3329 -3328 -3330
f -3331 -3332 -3333
f -3333 -3332 -3334
f -3335 -3336 -3337
f -3337 -3336 -3338
f -3319 -3320 -3321
f -3321 -3320 -3322
f -8780 -8781 -8782
f -8782 -8781 -8783
f -3315 -3316 -3317
f -3317 -3316 -3318
f -3458 -3457 -3456
f -3456 -3457 -3455
f -3456 -3455 -3454
f -3454 -3455 -3453
f -3454 -3453 -3452
f -3452 -3453 -3451
f -3452 -3451 -3450
f -3450 -3451 -3449
f -3450 -3449 -3448
f -3448 -3449 -3447
f -3472 -3471 -3470
f -3470 -3471 -3469
f -3470 -3469 -3468
f -3468 -3469 -3467
f -3468 -3467 -3466
f -3466 -3467 -3465
f -3466 -3465 -3464
f -3464 -3465 -3463
f -3464 -3463 -3462
f -3462 -3463 -3461
f -3462 -3461 -3460
f -3460 -3461 -3459
f -3435 -3436 -3437
f -3437 -3436 -3438
f -3437 -3438 -3439
f -3439 -3438 -3440
f -3439 -3440 -3441
f -3441 -3440 -3442
f -3441 -3442 -3443
f -3443 -3442 -3444
f -3443 -3444 -3445
f -3445 -3444 -3446
f -3434 -3433 -3432
f -3432 -3433 -3431
f -3432 -3431 -3430
f -3430 -3431 -3429
f -3430 -3429 -3428
f -3428 -3429 -3427
f -3428 -3427 -3426
f -3426 -3427 -3425
f -3426 -3425 -3424
f -3424 -3425 -3423
f -3411 -3412 -3413
f -3413 -3412 -3414
f -3413 -3414 -3415
f -3415 -3414 -3416
f -3415 -3416 -3417
f -3417 -3416 -3418
f -3417 -3418 -3419
f -3419 -3418 -3420
f -3419 -3420 -3421
f -3421 -3420 -3422
f -3506 -3508 -3507
f -3507 -3508 -3509
f -3508 -3510 -3509
f -3509 -3510 -3511
f -3513 -3514 -3515
f -3515 -3514 -3516
f -3521 -3520 -3522
f -3522 -3520 -3523
f -3527 -3528 -3529
f -3529 -3528 -3530
f -3473 -3474 -3475
f -3475 -3474 -3476
f -3475 -3476 -3477
f -3477 -3476 -3478
f -3477 -3478 -3479
f -3479 -3478 -3480
f -3479 -3480 -3481
f -3481 -3480 -3482
f -3481 -3482 -3483
f -3483 -3482 -3484
f -3483 -3484 -3485
f -3485 -3484 -3486
f -9263 -9264 -9265
f -9265 -9264 -9266
f -9265 -9266 -9267
f -9267 -9266 -9268
f -9269 -9270 -9271
f -9271 -9270 -9272
f -9271 -9272 -9273
f -9273 -9272 -9274
f -9273 -9274 -9275
f -9275 -9274 -9276
f -9275 -9276 -9277
f -9277 -9276 -9278
f -9279 -9280 -9281
f -9281 -9280 -9282
f -9281 -9282 -9283
f -9283 -9282 -9284
f -9283 -9284 -9285
f -9285 -9284 -9286
f -9285 -9286 -9287
f -9287 -9286 -9288
f -3556 -3558 -3557
f -3557 -3558 -3559
f -3543 -3544 -3545
f -3545 -3544 -3546
f -3540 -3539 -3538
f -3538 -3539 -3537
f -3538 -3537 -3536
f -3531 -3534 -3532
f -3532 -3534 -3535
f -3578 -3579 -3580
f -3580 -3579 -3581
f -3580 -3581 -3582
f -3582 -3581 -3583
f -3582 -3583 -3584
f -3586 -3587 -3588
f -3588 -3587 -3589
f -9033 -9032 -9050
f -9050 -9032 -9049
f -9050 -9049 -9054
f -3561 -3562 -3563
f -3563 -3562 -3564
f -3571 -3572 -3573
f -3573 -3572 -3574
f -3607 -3608 -3610
f -3610 -3608 -3609
f -3610 -3609 -3611
f -3602 -3603 -3604
f -3604 -3603 -3605
f -3598 -3599 -3600
f -3600 -3599 -3601
f -9151 -9152 -9153
f -9153 -9152 -9154
f -3622 -3623 -3624
f -3624 -3623 -3625
f -3612 -3613 -3614
f -3614 -3613 -3615
f -3632 -3634 -3633
f -3633 -3634 -3635
f -3626 -3629 -3627
f -3627 -3629 -3630
f -3639 -3640 -3641
f -3641 -3640 -3642
f -3643 -3644 -3645
f -3645 -3644 -3646
f -3647 -3648 -3649
f -3649 -3648 -3650
f -9129 -9128 -9130
f -9130 -9128 -9111
f -10272 -10270 -10271
f -10271 -10270 -10274
f -10271 -10274 -10269
f -10293 -10294 -10295
f -10295 -10294 -10296
f -10295 -10296 -10297
f -10309 -10310 -10311
f -10311 -10310 -10312
f -10311 -10312 -10313
f -10313 -10312 -10314
f -10058 -10059 -10060
f -10060 -10059 -10061
f -10144 -10143 -10142
f -10142 -10143 -10141
f -10142 -10141 -10140
f -10140 -10141 -10139
f -10004 -10002 -10003
f -10003 -10002 -10025
f -9985 -9986 -10004
f -10004 -9986 -9998
f -10001 -10024 -10025
f -10025 -10024 -10026
f -10025 -10026 -10027
f -10013 -10014 -10015
f -10015 -10014 -10016
f -158 -140 -139
f -139 -140 -101
f -139 -101 -100
f -10051 -10050 -10049
f -10049 -10050 -10048
f -10049 -10048 -10047
f -10047 -10048 -10046
f -138 -137 -157
f -157 -137 -136
f -9922 -9934 -9923
f -9923 -9934 -9924
f -9982 -9990 -9991
f -9991 -9990 -9994
f -9928 -9930 -9929
f -9929 -9930 -9931
f -9823 -9825 -9824
f -9824 -9825 -9826
f -9815 -9817 -9816
f -9816 -9817 -9818
f -10630 -10631 -10632
f -10632 -10631 -10633
f -10632 -10633 -10634
f -10634 -10633 -10635
f -10604 -10616 -10605
f -10605 -10616 -10606
f -10610 -10612 -10611
f -10611 -10612 -10613
f -10594 -10595 -10596
f -10596 -10595 -10597
f -10596 -10597 -10598
f -10598 -10597 -10599
f -1 -2 -3
f -3 -2 -4
f -5 -6 -7
f -7 -6 -8
f -13 -14 -15
f -15 -14 -16
f -9 -10 -11
f -11 -10 -12
f -10423 -10424 -10425
f -10425 -10424 -10433
f -10425 -10433 -10426
f -10412 -10419 -10413
f -10413 -10419 -10414
f -10361 -10362 -10363
f -10363 -10362 -10364
f -10363 -10364 -10365
f -10365 -10364 -10366
f -10368 -10373 -10369
f -10369 -10373 -10375
f -10369 -10375 -10370
f -10353 -10354 -10355
f -10355 -10354 -10356
f -10355 -10356 -10357
f -10357 -10356 -10358
f -10357 -10358 -10359
f -10359 -10358 -10360
f -10338 -10339 -10340
f -10340 -10339 -10341
f -10340 -10341 -10342
f -10331 -10333 -10332
f -10332 -10333 -10334
f -10317 -10318 -10319
f -10319 -10318 -10320
f -10319 -10320 -10321
f -10321 -10320 -10322
f -10519 -10520 -10521
f -10521 -10520 -10522
f -10521 -10522 -10523
f -10523 -10522 -10524
f -10526 -10532 -10530
f -10530 -10532 -10531
f -10530 -10531 -10529
f -10525 -10527 -10529
f -10529 -10527 -10528
f -10529 -10528 -10530
f -10545 -10542 -10541
f -10541 -10542 -10543
f -10568 -10567 -10566
f -10566 -10567 -10565
f -10566 -10565 -10564
f -10564 -10565 -10563
f -10460 -10462 -10459
f -10459 -10462 -10461
f -10453 -10454 -10455
f -10455 -10454 -10456
f -10455 -10456 -10457
f -10457 -10456 -10458
f -10452 -10451 -10450
f -10450 -10451 -10449
f -10450 -10449 -10448
f -10448 -10449 -10447
f -10448 -10447 -10446
f -10446 -10447 -10445
f -10446 -10445 -10444
f -10461 -10491 -10477
f -10477 -10491 -10476
f -10477 -10476 -10475
f -10485 -10486 -10484
f -10484 -10486 -10465
f -11027 -11029 -11021
f -11021 -11029 -11034
f -10982 -10981 -10980
f -10980 -10981 -10979
f -10980 -10979 -10978
f -10978 -10979 -10977
f -10978 -10977 -10976
f -10983 -10984 -10985
f -10985 -10984 -10986
f -11002 -11004 -11003
f -11003 -11004 -11005
f -10928 -10929 -10930
f -10930 -10929 -10931
f -10924 -10925 -10926
f -10926 -10925 -10927
f -10936 -10937 -10938
f -10938 -10937 -10939
f -10932 -10933 -10934
f -10934 -10933 -10935
f -10940 -10941 -10942
f -10942 -10941 -10943
f -10916 -10917 -10918
f -10918 -10917 -10919
f -1341 -1342 -1343
f -1343 -1342 -1344
f -10920 -10921 -10922
f -10922 -10921 -10923
f -1345 -1346 -1347
f -1347 -1346 -1348
f -1349 -1350 -1351
f -1351 -1350 -1352
f -10912 -10913 -10914
f -10914 -10913 -10915
f -10872 -10863 -10871
f -10871 -10863 -10862
f -10871 -10862 -10869
f -10869 -10862 -10867
f -10850 -10851 -10852
f -10852 -10851 -10853
f -10852 -10853 -10854
f -10854 -10853 -10855
f -10833 -10835 -10834
f -10834 -10835 -10836
f -11232 -11233 -11234
f -11234 -11233 -11235
f -11234 -11235 -11236
f -1353 -1354 -1355
f -1355 -1354 -1356
f -11286 -11287 -11288
f -11288 -11287 -11289
f -11277 -11276 -11285
f -11285 -11276 -11270
f -1440 -1479 -1441
f -1441 -1479 -1480
f -11144 -11137 -11138
f -11138 -11137 -11139
f -11138 -11139 -11140
f -11140 -11139 -11141
f -11142 -11144 -11143
f -11143 -11144 -11145
f -11144 -11146 -11145
f -11145 -11146 -11147
f -1497 -1496 -1498
f -1498 -1496 -1495
f -11118 -11117 -11116
f -11116 -11117 -11115
f -11116 -11115 -11114
f -11094 -11098 -11095
f -11095 -11098 -11096
f -11182 -11180 -11181
f -11181 -11180 -11179
f -11181 -11179 -11168
f -11205 -11204 -11206
f -11206 -11204 -11201
f -11206 -11201 -11202
f -11147 -11146 -11148
f -11148 -11146 -11134
f -11161 -11162 -11163
f -11163 -11162 -11164
f -11163 -11164 -11165
f -11437 -11439 -11438
f -11438 -11439 -11440
f -11445 -11447 -11446
f -11446 -11447 -11448
f -11459 -11461 -11460
f -11460 -11461 -11462
f -11460 -11462 -11454
f -11413 -11414 -11415
f -11415 -11414 -11416
f -11415 -11416 -11417
f -11417 -11416 -11418
f -11406 -11407 -11412
f -11412 -11407 -11411
f -11400 -11401 -11402
f -11402 -11401 -11403
f -11402 -11403 -11404
f -11404 -11403 -11405
f -11421 -11422 -11423
f -11423 -11422 -11424
f -11394 -11395 -11396
f -11396 -11395 -11397
f -11396 -11397 -11398
f -11398 -11397 -11399
f -11362 -11364 -11356
f -11356 -11364 -11369
f -11342 -11341 -11343
f -11343 -11341 -11322
f -11531 -11532 -11533
f -11533 -11532 -11534
f -11559 -11560 -11561
f -11561 -11560 -11562
f -11545 -11546 -11547
f -11547 -11546 -11548
f -11563 -11564 -11565
f -11565 -11564 -11566
f -11565 -11566 -11567
f -11567 -11566 -11568
f -11567 -11568 -11569
f -11569 -11568 -11570
f -11569 -11570 -11571
f -11571 -11570 -11572
f -11571 -11572 -11573
f -11573 -11572 -11574
f -11575 -11576 -11577
f -11577 -11576 -11578
f -11577 -11578 -11579
f -11579 -11578 -11580
f -11579 -11580 -11581
f -11581 -11580 -11582
f -11581 -11582 -11583
f -11583 -11582 -11584
f -11583 -11584 -11585
f -11585 -11584 -11586
f -11598 -11597 -11596
f -11596 -11597 -11595
f -11596 -11595 -11594
f -11594 -11595 -11593
f -11594 -11593 -11592
f -11592 -11593 -11591
f -11592 -11591 -11590
f -11590 -11591 -11589
f -11590 -11589 -11588
f -11588 -11589 -11587
f -11494 -11495 -11496
f -11496 -11495 -11497
f -11496 -11497 -11498
f -11498 -11497 -11499
f -11487 -11483 -11482
f -11482 -11483 -11481
f -11482 -11481 -11480
f -11517 -11518 -11519
f -11519 -11518 -11520
f -11640 -11639 -11638
f -11638 -11639 -11637
f -11638 -11637 -11646
f -11646 -11637 -11644
f -11646 -11644 -11645
f -11645 -11644 -11643
f -11653 -11652 -11651
f -11651 -11652 -11650
f -11651 -11650 -11649
f -11649 -11650 -11648
f -11649 -11648 -11647
f -11647 -11648 -11646
f -11647 -11646 -11645
f -11654 -11655 -11656
f -11656 -11655 -11657
f -11630 -11640 -11631
f -11631 -11640 -11632
f -11631 -11632 -11633
f -11633 -11632 -11634
f -11633 -11634 -11635
f -11635 -11634 -11636
f -11616 -11617 -11618
f -11618 -11617 -11619
f -11618 -11619 -11620
f -11620 -11619 -11621
f -11599 -11600 -11601
f -11601 -11600 -11602
f -11601 -11602 -11603
f -11603 -11602 -11604
f -11603 -11604 -11605
f -11605 -11604 -11606
f -11605 -11606 -11607
f -11607 -11606 -11608
f -11607 -11608 -11609
f -11609 -11608 -11610
f -11707 -11717 -11708
f -11708 -11717 -11709
f -11708 -11709 -11710
f -11710 -11709 -11711
f -11710 -11711 -11712
f -11712 -11711 -11713
f -11720 -11722 -11721
f -11721 -11722 -11723
f -11721 -11723 -11714
f -11714 -11723 -11715
f -11714 -11715 -11716
f -11716 -11715 -11717
f -11684 -11680 -11681
f -11681 -11680 -11682
f -11746 -11748 -11747
f -11747 -11748 -11749
f -11743 -11742 -11741
f -11741 -11742 -11740
f -11741 -11740 -11739
f -11739 -11740 -11738
f -11739 -11738 -11737
f -11737 -11732 -11731
f -11731 -11732 -11744
f -11730 -11729 -11728
f -11728 -11729 -11727
f -11728 -11727 -11726
f -11726 -11727 -11725
f -11726 -11725 -11724
f -11724 -11725 -11723
f -11724 -11723 -11722
f -11815 -11813 -11814
f -11814 -11813 -11812
f -11814 -11812 -11810
f -11823 -11818 -11817
f -11817 -11818 -11830
f -11806 -11807 -11808
f -11808 -11807 -11809
f -11823 -11825 -11824
f -11824 -11825 -11826
f -11832 -11834 -11833
f -11833 -11834 -11835
f -11829 -11828 -11827
f -11827 -11828 -11826
f -11827 -11826 -11825
f -11837 -11838 -11842
f -11842 -11838 -11841
f -11842 -11841 -11840
f -11840 -11841 -11839
f -11614 -11613 -11612
f -11612 -11613 -11611
f -11661 -11660 -11659
f -11659 -11660 -11658
f -11846 -11845 -11844
f -11844 -11845 -11843
f -11850 -11849 -11848
f -11848 -11849 -11847
f -5225 -5236 -5237
f -5208 -5211 -5213
f -5372 -5391 -5373
f -5421 -5423 -5422
f -5397 -5436 -5434
f -5490 -5496 -5497
f -5454 -5409 -5456
f -5555 -5557 -5556
f -5558 -5564 -5565
f -5526 -5530 -5527
f -5598 -5604 -5605
f -5610 -5616 -5617
f -5650 -5656 -5657
f -5697 -5699 -5698
f -4882 -4883 -4881
f -4901 -4903 -4902
f -4892 -4897 -4895
f -4921 -4922 -4914
f -4912 -4927 -4915
f -5119 -5121 -5120
f -5112 -5123 -5113
f -5167 -5121 -5166
f -4986 -4996 -4997
f -4998 -5001 -4999
f -4940 -4974 -4941
f -4973 -4962 -4944
f -4962 -4961 -4956
f -4953 -4943 -4949
f -5034 -5038 -5035
f -5055 -5060 -5056
f -5066 -5064 -5061
f -4482 -4485 -4483
f -4459 -4460 -4465
f -4456 -4458 -4457
f -4444 -4446 -4445
f -4432 -4431 -4429
f -4490 -4492 -4491
f -4565 -4567 -4566
f -4575 -4554 -4564
f -4641 -4639 -4624
f -4670 -4671 -4667
f -4226 -4228 -4227
f -4386 -4388 -4387
f -4394 -4396 -4395
f -4306 -4309 -4307
f -4077 -4061 -4076
f -4035 -4023 -4026
f -3842 -3845 -3853
f -3864 -3867 -3883
f -3818 -3832 -3833
f -3760 -3762 -3761
f -3766 -3768 -3767
f -3675 -3676 -3682
f -6938 -6944 -6942
f -6934 -6943 -6936
f -6952 -6956 -6953
f -6857 -6861 -6858
f -6915 -6917 -6916
f -6837 -6834 -6831
f -6799 -6791 -6801
f -6816 -6820 -6817
f -6756 -6768 -6762
f -6760 -6761 -6759
f -7124 -7112 -7126
f -7160 -7162 -7161
f -7040 -7044 -7041
f -7030 -7031 -7029
f -7003 -7005 -7004
f -6998 -6999 -7008
f -7096 -7100 -7097
f -5799 -5801 -5800
f -5739 -5744 -5740
f -5717 -5723 -5724
f -5725 -5726 -5727
f -5709 -5714 -5710
f -6525 -6529 -6526
f -6508 -6512 -6509
f -6492 -6496 -6493
f -6574 -6578 -6575
f -6591 -6595 -6592
f -6542 -6546 -6543
f -6558 -6562 -6559
f -6624 -6628 -6625
f -6630 -6634 -6631
f -6608 -6612 -6609
f -6658 -6664 -6665
f -6670 -6676 -6677
f -6691 -6693 -6692
f -6704 -6710 -6711
f -6716 -6722 -6723
f -1904 -1906 -1905
f -1908 -1906 -1910
f -2046 -1989 -1987
f -1922 -1931 -1927
f -8335 -8336 -8338
f -8330 -8335 -8331
f -8308 -8316 -8317
f -8403 -8411 -8412
f -8458 -8454 -8456
f -1606 -1621 -1607
f -8138 -8141 -8139
f -8191 -8193 -8192
f -2342 -2413 -2343
f -2455 -2434 -2375
f -8243 -8248 -8244
f -8245 -8249 -8246
f -2459 -2461 -2460
f -2561 -2563 -2562
f -7995 -7994 -7996
f -7882 -7885 -7883
f -2368 -2372 -2369
f -2372 -2367 -2366
f -9409 -9411 -9410
f -9515 -9546 -9522
f -9445 -9453 -9450
f -3027 -3035 -3028
f -3003 -3011 -3004
f -3267 -3269 -3268
f -3206 -3208 -3207
f -3180 -3183 -3181
f -3165 -3167 -3166
f -8820 -8822 -8821
f -8795 -8807 -8784
f -8802 -8800 -8787
f -3504 -3506 -3505
f -3487 -3498 -3499
f -9047 -9044 -9043
f -3628 -3637 -3638
f -9115 -9116 -9114
f -9101 -9105 -9122
f -10126 -10132 -10133
f -10121 -10125 -10122
f -149 -158 -150
f -9954 -9957 -9955
f -9964 -9967 -9965
f -9966 -9957 -9956
f -9918 -9919 -9928
f -9812 -9810 -9803
f -10622 -10628 -10623
f -10600 -10601 -10610
f -10602 -10603 -10604
f -10578 -10582 -10579
f -10569 -10575 -10576
f -10406 -10409 -10416
f -10419 -10420 -10414
f -10401 -10405 -10402
f -10395 -10399 -10396
f -10347 -10351 -10348
f -10343 -10336 -10335
f -10330 -10336 -10337
f -10324 -10328 -10325
f -10510 -10516 -10512
f -10534 -10538 -10535
f -10557 -10561 -10558
f -10463 -10464 -10466
f -10439 -10443 -10440
f -11033 -11034 -11035
f -11037 -11040 -11038
f -11000 -11014 -11001
f -10996 -10997 -10999
f -10873 -10880 -10874
f -10881 -10883 -10882
f -10859 -10868 -10866
f -11238 -11240 -11231
f -11268 -11285 -11283
f -1428 -1479 -1429
f -1453 -1478 -1454
f -11119 -11126 -11128
f -11101 -11103 -11092
f -11093 -11089 -11102
f -11168 -11167 -11181
f -11461 -11463 -11462
f -11420 -11426 -11422
f -11352 -11355 -11353
f -11345 -11349 -11346
f -11502 -11506 -11503
f -11767 -11772 -11768
f -11752 -11755 -11751
f -5246 -5247 -5245
f -5229 -5230 -5233
f -5240 -5241 -5239
f -5209 -5219 -5210
f -5201 -5203 -5202
f -5414 -5415 -5412
f -5417 -5423 -5418
f -5368 -5370 -5369
f -5505 -5506 -5504
f -5545 -5557 -5552
f -4876 -4878 -4877
f -4825 -4820 -4819
f -4824 -4826 -4825
f -4793 -4795 -4794
f -4809 -4811 -4810
f -4731 -4733 -4732
f -4715 -4717 -4716
f -5102 -5190 -5104
f -5107 -5108 -5101
f -5143 -5144 -5142
f -5044 -5041 -5040
f -5045 -5047 -5046
f -5014 -5015 -5013
f -5009 -4999 -5007
f -5008 -5010 -5009
f -5029 -5026 -5025
f -5030 -5032 -5031
f -5019 -5020 -5018
f -4476 -4478 -4477
f -4450 -4451 -4446
f -4535 -4527 -4534
f -4569 -4570 -4568
f -4606 -4608 -4607
f -4598 -4599 -4597
f -4233 -4234 -4232
f -4185 -4187 -4186
f -4324 -4326 -4325
f -4322 -4319 -4318
f -4304 -4302 -4301
f -4062 -4064 -4063
f -4044 -4045 -4043
f -3957 -3961 -3972
f -3974 -3976 -3975
f -3952 -3948 -3947
f -3933 -3930 -3931
f -3911 -3923 -3909
f -3917 -3921 -3916
f -3992 -3990 -3994
f -3983 -3985 -3984
f -3979 -3980 -3978
f -3856 -3858 -3857
f -3851 -3852 -3850
f -3899 -3900 -3898
f -3903 -3905 -3904
f -3739 -3741 -3740
f -3720 -3722 -3721
f -3665 -3666 -3664
f -6905 -6907 -6906
f -6920 -6921 -6919
f -6831 -6833 -6832
f -6805 -6807 -6806
f -6801 -6803 -6802
f -6769 -6771 -6770
f -6747 -6756 -6753
f -7117 -7118 -7126
f -7035 -7025 -7024
f -6993 -6995 -6994
f -7085 -7087 -7086
f -7051 -7053 -7052
f -5879 -5862 -5878
f -5730 -5732 -5731
f -5729 -5736 -5728
f -6521 -6523 -6522
f -6531 -6532 -6530
f -6536 -6537 -6535
f -6538 -6534 -6533
f -6519 -6520 -6518
f -6521 -6517 -6516
f -6514 -6515 -6513
f -6501 -6498 -6497
f -6504 -6506 -6505
f -6570 -6572 -6571
f -6585 -6586 -6584
f -6580 -6581 -6579
f -6587 -6589 -6588
f -6587 -6583 -6582
f -6597 -6598 -6596
f -6552 -6553 -6551
f -6548 -6549 -6547
f -6538 -6540 -6539
f -6567 -6564 -6563
f -6554 -6556 -6555
f -6620 -6622 -6621
f -6618 -6619 -6617
f -6614 -6615 -6613
f -6604 -6606 -6605
f -6602 -6603 -6601
f -6604 -6600 -6599
f -6423 -6425 -6424
f -1995 -1999 -1979
f -2056 -2058 -2057
f -2026 -2029 -2027
f -2083 -2085 -2084
f -2086 -2098 -2087
f -1921 -1928 -1919
f -1896 -1898 -1897
f -1879 -1886 -1880
f -1945 -1955 -1952
f -1958 -1960 -1959
f -8365 -8366 -8364
f -8391 -8392 -8390
f -1856 -1858 -1857
f -8360 -8361 -8359
f -1760 -1751 -1759
f -8296 -8297 -8295
f -1797 -1795 -1794
f -8282 -8279 -8280
f -8276 -8277 -8275
f -8468 -8470 -8469
f -8460 -8461 -8464
f -1726 -1717 -1725
f -1680 -1682 -1681
f -8416 -8413 -8414
f -1642 -1644 -1643
f -1639 -1602 -1584
f -8453 -8451 -8450
f -1602 -1621 -1603
f -2433 -2434 -2432
f -2413 -2345 -2344
f -8128 -8145 -8127
f -2380 -2386 -2381
f -2471 -2476 -2472
f -8205 -8196 -8207
f -2352 -2393 -2349
f -8233 -8235 -8234
f -8265 -8266 -8264
f -2515 -2520 -2516
f -2564 -2565 -2569
f -2578 -2576 -2575
f -8124 -8125 -8120
f -8101 -8106 -8102
f -8094 -8095 -8092
f -2320 -2322 -2321
f -2318 -2319 -2315
f -2300 -2302 -2301
f -2298 -2299 -2295
f -9400 -9394 -9402
f -9352 -9354 -9353
f -9334 -9328 -9336
f -9480 -9481 -9488
f -9482 -9484 -9483
f -9542 -9544 -9543
f -9448 -9457 -9447
f -9418 -9420 -9419
f -9456 -9458 -9457
f -3044 -3047 -3043
f -3043 -3037 -3041
f -3020 -3023 -3019
f -3019 -3013 -3017
f -2994 -2999 -2995
f -3240 -3254 -3237
f -3179 -3175 -3174
f -8815 -8809 -8808
f -3281 -3280 -3279
f -8798 -8800 -8799
f -8792 -8793 -8791
f -3524 -3526 -3525
f -3577 -3579 -3578
f -3593 -3594 -3590
f -9041 -9042 -9031
f -3595 -3597 -3596
f -9103 -9097 -9104
f -3634 -3636 -3635
f -9102 -9099 -9098
f -9119 -9095 -9094
f -10280 -10273 -10272
f -10297 -10290 -10295
f -10292 -10294 -10293
f -10300 -10302 -10301
f -10306 -10308 -10307
f -10100 -10102 -10101
f -10077 -10079 -10078
f -10077 -10073 -10072
f -10075 -10076 -10074
f -10080 -10082 -10081
f -10070 -10071 -10069
f -10136 -10137 -10135
f -10005 -10007 -10006
f -9999 -10012 -10001
f -119 -138 -139
f -10048 -10045 -10046
f -156 -158 -157
f -159 -161 -160
f -10057 -10058 -10056
f -9934 -9936 -9935
f -262 -281 -263
f -281 -300 -282
f -299 -262 -244
f -9829 -9831 -9830
f -9811 -9792 -9791
f -17 -19 -18
f -10667 -10669 -10668
f -10693 -10692 -10691
f -10647 -10649 -10648
f -10642 -10643 -10641
f -10644 -10646 -10645
f -10644 -10640 -10639
f -10637 -10638 -10636
f -10817 -10821 -10822
f -10416 -10417 -10415
f -10428 -10429 -10437
f -10389 -10390 -10388
f -10358 -10352 -10360
f -10320 -10316 -10322
f -10319 -10315 -10317
f -10514 -10515 -10513
f -10512 -10513 -10511
f -10565 -10562 -10563
f -10471 -10473 -10472
f -11048 -11049 -11047
f -11054 -11056 -11055
f -11052 -11053 -11051
f -10991 -10993 -10992
f -10909 -10911 -10910
f -10879 -10880 -10878
f -10841 -10843 -10842
f -10847 -10849 -10848
f -11210 -11211 -11209
f -11265 -11267 -11266
f -11255 -11256 -11264
f -11249 -11251 -11250
f -11247 -11248 -11246
f -1357 -1359 -1358
f -11291 -11292 -11290
f -1479 -1498 -1480
f -11297 -11299 -11298
f -11295 -11296 -11294
f -11333 -11335 -11334
f -11337 -11338 -11336
f -11131 -11132 -11130
f -1499 -1501 -1500
f -11122 -11123 -11127
f -11102 -11104 -11103
f -11182 -11171 -11180
f -11181 -11183 -11182
f -11173 -11174 -11176
f -11447 -11449 -11448
f -11451 -11453 -11452
f -11457 -11458 -11456
f -11371 -11369 -11355
f -11471 -11473 -11472
f -11500 -11504 -11501
f -11622 -11628 -11623
f -11617 -11615 -11619
f -11748 -11750 -11749
f -11733 -11734 -11746
f -11773 -11775 -11774
f -11778 -11780 -11779
f -11757 -11763 -11758
f -11792 -11794 -11793
f -11812 -11813 -11811
f -11814 -11816 -11815
f -11819 -11820 -11832
f -11834 -11836 -11835
f -5394 -5396 -5395
f -5702 -5700 -5701
f -4273 -4275 -4274
f -4158 -4160 -4159
f -6463 -6465 -6464
f -3221 -3214 -3213
f -3568 -3570 -3569
f -3619 -3621 -3620
