mtllib L.mtl
usemtl AXIS
v -0.026350 0.094940 0.692000
v -0.026833 0.091300 0.693167
v -0.026833 0.094940 0.693167
v -0.028000 0.091300 0.693650
v -0.028000 0.094940 0.693650
v -0.029167 0.091300 0.693167
v -0.029167 0.094940 0.693167
v -0.029650 0.091300 0.692000
v -0.029650 0.094940 0.692000
v -0.026350 0.091300 0.692000
v -0.026833 0.094940 0.693167
v -0.029167 0.094940 0.693167
v -0.026350 0.094940 0.692000
v -0.029650 0.094940 0.692000
v -0.026571 0.094940 0.691175
v -0.029194 0.094940 0.690861
v -0.027175 0.094940 0.690571
v -0.028649 0.094940 0.690483
v -0.028000 0.094940 0.690350
v -0.028000 0.094940 0.693650
v -0.027175 0.094940 0.690571
v -0.028000 0.094940 0.690350
v -0.027490 0.091300 0.690431
v -0.028649 0.094940 0.690483
v -0.028510 0.091300 0.690431
v -0.029194 0.094940 0.690861
v -0.029335 0.091300 0.691030
v -0.029650 0.094940 0.692000
v -0.029650 0.091300 0.692000
v -0.026571 0.094940 0.691175
v -0.026665 0.091300 0.691030
v -0.026350 0.091300 0.692000
v -0.026350 0.094940 0.692000
v -0.026350 0.091300 0.692000
v -0.026833 0.091000 0.693167
v -0.026833 0.091300 0.693167
v -0.028000 0.091000 0.693650
v -0.028000 0.091300 0.693650
v -0.029167 0.091000 0.693167
v -0.029167 0.091300 0.693167
v -0.029650 0.091000 0.692000
v -0.029650 0.091300 0.692000
v -0.026350 0.091000 0.692000
v -0.029335 0.091300 0.691030
v -0.029167 0.091000 0.690833
v -0.028510 0.091300 0.690431
v -0.028000 0.091000 0.690350
v -0.027490 0.091300 0.690431
v -0.026833 0.091000 0.690833
v -0.026665 0.091300 0.691030
v -0.026350 0.091000 0.692000
v -0.026350 0.091300 0.692000
v -0.029650 0.091300 0.692000
v -0.029650 0.091000 0.692000
v -0.029167 0.091000 0.693167
v -0.026833 0.091000 0.693167
v -0.029650 0.091000 0.692000
v -0.026350 0.091000 0.692000
v -0.029167 0.091000 0.690833
v -0.026833 0.091000 0.690833
v -0.028000 0.091000 0.690350
v -0.028000 0.091000 0.693650
v -0.020833 0.094940 0.769167
v -0.023167 0.094940 0.769167
v -0.020350 0.094940 0.768000
v -0.023650 0.094940 0.768000
v -0.020571 0.094940 0.767175
v -0.023194 0.094940 0.766861
v -0.021175 0.094940 0.766571
v -0.022649 0.094940 0.766483
v -0.022000 0.094940 0.766350
v -0.022000 0.094940 0.769650
v -0.020350 0.094940 0.768000
v -0.020833 0.091300 0.769167
v -0.020833 0.094940 0.769167
v -0.022000 0.091300 0.769650
v -0.022000 0.094940 0.769650
v -0.023167 0.091300 0.769167
v -0.023167 0.094940 0.769167
v -0.023650 0.091300 0.768000
v -0.023650 0.094940 0.768000
v -0.020350 0.091300 0.768000
v -0.021175 0.094940 0.766571
v -0.022000 0.094940 0.766350
v -0.021490 0.091300 0.766431
v -0.022649 0.094940 0.766483
v -0.022510 0.091300 0.766431
v -0.023194 0.094940 0.766861
v -0.023335 0.091300 0.767030
v -0.023650 0.094940 0.768000
v -0.023650 0.091300 0.768000
v -0.020571 0.094940 0.767175
v -0.020665 0.091300 0.767030
v -0.020350 0.091300 0.768000
v -0.020350 0.094940 0.768000
v -0.020350 0.091300 0.768000
v -0.020833 0.091000 0.769167
v -0.020833 0.091300 0.769167
v -0.022000 0.091000 0.769650
v -0.022000 0.091300 0.769650
v -0.023167 0.091000 0.769167
v -0.023167 0.091300 0.769167
v -0.023650 0.091000 0.768000
v -0.023650 0.091300 0.768000
v -0.020350 0.091000 0.768000
v -0.023335 0.091300 0.767030
v -0.023167 0.091000 0.766833
v -0.022510 0.091300 0.766431
v -0.022000 0.091000 0.766350
v -0.021490 0.091300 0.766431
v -0.020833 0.091000 0.766833
v -0.020665 0.091300 0.767030
v -0.020350 0.091000 0.768000
v -0.020350 0.091300 0.768000
v -0.023650 0.091300 0.768000
v -0.023650 0.091000 0.768000
v -0.023167 0.091000 0.769167
v -0.020833 0.091000 0.769167
v -0.023650 0.091000 0.768000
v -0.020350 0.091000 0.768000
v -0.023167 0.091000 0.766833
v -0.020833 0.091000 0.766833
v -0.022000 0.091000 0.766350
v -0.022000 0.091000 0.769650
v 0.102167 0.094940 0.409167
v 0.099833 0.094940 0.409167
v 0.102650 0.094940 0.408000
v 0.099350 0.094940 0.408000
v 0.102429 0.094940 0.407175
v 0.099806 0.094940 0.406861
v 0.101825 0.094940 0.406571
v 0.100351 0.094940 0.406483
v 0.101000 0.094940 0.406350
v 0.101000 0.094940 0.409650
v 0.102650 0.094940 0.408000
v 0.102167 0.091300 0.409167
v 0.102167 0.094940 0.409167
v 0.101000 0.091300 0.409650
v 0.101000 0.094940 0.409650
v 0.099833 0.091300 0.409167
v 0.099833 0.094940 0.409167
v 0.099350 0.091300 0.408000
v 0.099350 0.094940 0.408000
v 0.102650 0.091300 0.408000
v 0.101825 0.094940 0.406571
v 0.101000 0.094940 0.406350
v 0.101510 0.091300 0.406431
v 0.100351 0.094940 0.406483
v 0.100490 0.091300 0.406431
v 0.099806 0.094940 0.406861
v 0.099665 0.091300 0.407030
v 0.099350 0.094940 0.408000
v 0.099350 0.091300 0.408000
v 0.102429 0.094940 0.407175
v 0.102335 0.091300 0.407030
v 0.102650 0.091300 0.408000
v 0.102650 0.094940 0.408000
v 0.102650 0.091300 0.408000
v 0.102167 0.091000 0.409167
v 0.102167 0.091300 0.409167
v 0.101000 0.091000 0.409650
v 0.101000 0.091300 0.409650
v 0.099833 0.091000 0.409167
v 0.099833 0.091300 0.409167
v 0.099350 0.091000 0.408000
v 0.099350 0.091300 0.408000
v 0.102650 0.091000 0.408000
v 0.099665 0.091300 0.407030
v 0.099833 0.091000 0.406833
v 0.100490 0.091300 0.406431
v 0.101000 0.091000 0.406350
v 0.101510 0.091300 0.406431
v 0.102167 0.091000 0.406833
v 0.102335 0.091300 0.407030
v 0.102650 0.091000 0.408000
v 0.102650 0.091300 0.408000
v 0.099350 0.091300 0.408000
v 0.099350 0.091000 0.408000
v 0.099833 0.091000 0.409167
v 0.102167 0.091000 0.409167
v 0.099350 0.091000 0.408000
v 0.102650 0.091000 0.408000
v 0.099833 0.091000 0.406833
v 0.102167 0.091000 0.406833
v 0.101000 0.091000 0.406350
v 0.101000 0.091000 0.409650
v 0.076228 0.091000 0.264182
v 0.076355 0.091000 0.264843
v 0.076747 0.093200 0.265435
v 0.076946 0.091000 0.265607
v 0.078000 0.093200 0.265955
v 0.077849 0.091000 0.265948
v 0.078798 0.091000 0.265765
v 0.079773 0.091000 0.264182
v 0.079773 0.093200 0.264182
v 0.079509 0.091000 0.265111
v 0.079253 0.093200 0.265435
v 0.076228 0.093200 0.264182
v 0.079773 0.093200 0.264182
v 0.079773 0.091000 0.264182
v 0.079253 0.093200 0.262929
v 0.079253 0.091000 0.262929
v 0.078000 0.093200 0.262410
v 0.078000 0.091000 0.262410
v 0.076747 0.093200 0.262929
v 0.076747 0.091000 0.262929
v 0.076228 0.093200 0.264182
v 0.076228 0.091000 0.264182
v 0.076355 0.091000 0.264843
v 0.075750 0.091000 0.264182
v 0.076946 0.091000 0.265607
v 0.076409 0.091000 0.265773
v 0.077849 0.091000 0.265948
v 0.078000 0.091000 0.266432
v 0.078798 0.091000 0.265765
v 0.079591 0.091000 0.265773
v 0.079509 0.091000 0.265111
v 0.079773 0.091000 0.264182
v 0.080250 0.091000 0.264182
v 0.079253 0.091000 0.262929
v 0.079591 0.091000 0.262591
v 0.078000 0.091000 0.262410
v 0.078000 0.091000 0.261932
v 0.076409 0.091000 0.262591
v 0.076747 0.091000 0.262929
v 0.076228 0.091000 0.264182
v 0.078000 0.093200 0.262410
v 0.078000 0.093200 0.262182
v 0.079253 0.093200 0.262929
v 0.079414 0.093200 0.262768
v 0.079773 0.093200 0.264182
v 0.080000 0.093200 0.264182
v 0.079253 0.093200 0.265435
v 0.079414 0.093200 0.265596
v 0.078000 0.093200 0.265955
v 0.078000 0.093200 0.266182
v 0.076747 0.093200 0.265435
v 0.076586 0.093200 0.265596
v 0.076228 0.093200 0.264182
v 0.076000 0.093200 0.264182
v 0.076747 0.093200 0.262929
v 0.076586 0.093200 0.262768
v 0.080250 0.091300 0.264182
v 0.079591 0.091000 0.265773
v 0.079591 0.091300 0.265773
v 0.078000 0.091000 0.266432
v 0.078000 0.091300 0.266432
v 0.076409 0.091000 0.265773
v 0.076409 0.091300 0.265773
v 0.075750 0.091000 0.264182
v 0.075750 0.091300 0.264182
v 0.080250 0.091000 0.264182
v 0.075750 0.091300 0.264182
v 0.076409 0.091000 0.262591
v 0.076409 0.091300 0.262591
v 0.078000 0.091000 0.261932
v 0.078000 0.091300 0.261932
v 0.079591 0.091000 0.262591
v 0.079591 0.091300 0.262591
v 0.080250 0.091000 0.264182
v 0.080250 0.091300 0.264182
v 0.075750 0.091000 0.264182
v 0.080000 0.095300 0.264182
v 0.080000 0.093200 0.264182
v 0.079414 0.095300 0.262768
v 0.079414 0.093200 0.262768
v 0.078000 0.095300 0.262182
v 0.078000 0.093200 0.262182
v 0.076586 0.095300 0.262768
v 0.076586 0.093200 0.262768
v 0.076000 0.095300 0.264182
v 0.076000 0.093200 0.264182
v 0.076000 0.095300 0.264182
v 0.076000 0.093200 0.264182
v 0.076586 0.095300 0.265596
v 0.076586 0.093200 0.265596
v 0.078000 0.095300 0.266182
v 0.078000 0.093200 0.266182
v 0.079414 0.095300 0.265596
v 0.079414 0.093200 0.265596
v 0.080000 0.095300 0.264182
v 0.080000 0.093200 0.264182
v 0.075750 0.091300 0.264182
v 0.076409 0.095300 0.265773
v 0.076409 0.091300 0.265773
v 0.078000 0.095300 0.266432
v 0.078000 0.091300 0.266432
v 0.079591 0.095300 0.265773
v 0.079591 0.091300 0.265773
v 0.080250 0.095300 0.264182
v 0.080250 0.091300 0.264182
v 0.075750 0.095300 0.264182
v 0.080250 0.091300 0.264182
v 0.079591 0.095300 0.262591
v 0.079591 0.091300 0.262591
v 0.078000 0.095300 0.261932
v 0.078000 0.091300 0.261932
v 0.076409 0.095300 0.262591
v 0.076409 0.091300 0.262591
v 0.075750 0.095300 0.264182
v 0.075750 0.091300 0.264182
v 0.080250 0.095300 0.264182
v 0.078000 0.095300 0.266182
v 0.078000 0.095300 0.266432
v 0.076586 0.095300 0.265596
v 0.076409 0.095300 0.265773
v 0.076000 0.095300 0.264182
v 0.075750 0.095300 0.264182
v 0.076586 0.095300 0.262768
v 0.076409 0.095300 0.262591
v 0.078000 0.095300 0.262182
v 0.078000 0.095300 0.261932
v 0.079414 0.095300 0.262768
v 0.079591 0.095300 0.262591
v 0.080000 0.095300 0.264182
v 0.080250 0.095300 0.264182
v 0.079414 0.095300 0.265596
v 0.079591 0.095300 0.265773
v 0.000228 0.091000 0.264182
v 0.000355 0.091000 0.264843
v 0.000747 0.093200 0.265435
v 0.000946 0.091000 0.265607
v 0.002000 0.093200 0.265955
v 0.001849 0.091000 0.265948
v 0.002798 0.091000 0.265765
v 0.003773 0.091000 0.264182
v 0.003773 0.093200 0.264182
v 0.003509 0.091000 0.265111
v 0.003253 0.093200 0.265435
v 0.000228 0.093200 0.264182
v 0.003773 0.093200 0.264182
v 0.003773 0.091000 0.264182
v 0.003253 0.093200 0.262929
v 0.003253 0.091000 0.262929
v 0.002000 0.093200 0.262410
v 0.002000 0.091000 0.262410
v 0.000747 0.093200 0.262929
v 0.000747 0.091000 0.262929
v 0.000228 0.093200 0.264182
v 0.000228 0.091000 0.264182
v 0.000355 0.091000 0.264843
v -0.000250 0.091000 0.264182
v 0.000946 0.091000 0.265607
v 0.000409 0.091000 0.265773
v 0.001849 0.091000 0.265948
v 0.002000 0.091000 0.266432
v 0.002798 0.091000 0.265765
v 0.003591 0.091000 0.265773
v 0.003509 0.091000 0.265111
v 0.003773 0.091000 0.264182
v 0.004250 0.091000 0.264182
v 0.003253 0.091000 0.262929
v 0.003591 0.091000 0.262591
v 0.002000 0.091000 0.262410
v 0.002000 0.091000 0.261932
v 0.000409 0.091000 0.262591
v 0.000747 0.091000 0.262929
v 0.000228 0.091000 0.264182
v 0.002000 0.093200 0.262410
v 0.002000 0.093200 0.262182
v 0.003253 0.093200 0.262929
v 0.003414 0.093200 0.262768
v 0.003773 0.093200 0.264182
v 0.004000 0.093200 0.264182
v 0.003253 0.093200 0.265435
v 0.003414 0.093200 0.265596
v 0.002000 0.093200 0.265955
v 0.002000 0.093200 0.266182
v 0.000747 0.093200 0.265435
v 0.000586 0.093200 0.265596
v 0.000228 0.093200 0.264182
v -0.000000 0.093200 0.264182
v 0.000747 0.093200 0.262929
v 0.000586 0.093200 0.262768
v 0.004250 0.091300 0.264182
v 0.003591 0.091000 0.265773
v 0.003591 0.091300 0.265773
v 0.002000 0.091000 0.266432
v 0.002000 0.091300 0.266432
v 0.000409 0.091000 0.265773
v 0.000409 0.091300 0.265773
v -0.000250 0.091000 0.264182
v -0.000250 0.091300 0.264182
v 0.004250 0.091000 0.264182
v -0.000250 0.091300 0.264182
v 0.000409 0.091000 0.262591
v 0.000409 0.091300 0.262591
v 0.002000 0.091000 0.261932
v 0.002000 0.091300 0.261932
v 0.003591 0.091000 0.262591
v 0.003591 0.091300 0.262591
v 0.004250 0.091000 0.264182
v 0.004250 0.091300 0.264182
v -0.000250 0.091000 0.264182
v 0.004000 0.095300 0.264182
v 0.004000 0.093200 0.264182
v 0.003414 0.095300 0.262768
v 0.003414 0.093200 0.262768
v 0.002000 0.095300 0.262182
v 0.002000 0.093200 0.262182
v 0.000586 0.095300 0.262768
v 0.000586 0.093200 0.262768
v -0.000000 0.095300 0.264182
v -0.000000 0.093200 0.264182
v -0.000000 0.095300 0.264182
v -0.000000 0.093200 0.264182
v 0.000586 0.095300 0.265596
v 0.000586 0.093200 0.265596
v 0.002000 0.095300 0.266182
v 0.002000 0.093200 0.266182
v 0.003414 0.095300 0.265596
v 0.003414 0.093200 0.265596
v 0.004000 0.095300 0.264182
v 0.004000 0.093200 0.264182
v -0.000250 0.091300 0.264182
v 0.000409 0.095300 0.265773
v 0.000409 0.091300 0.265773
v 0.002000 0.095300 0.266432
v 0.002000 0.091300 0.266432
v 0.003591 0.095300 0.265773
v 0.003591 0.091300 0.265773
v 0.004250 0.095300 0.264182
v 0.004250 0.091300 0.264182
v -0.000250 0.095300 0.264182
v 0.004250 0.091300 0.264182
v 0.003591 0.095300 0.262591
v 0.003591 0.091300 0.262591
v 0.002000 0.095300 0.261932
v 0.002000 0.091300 0.261932
v 0.000409 0.095300 0.262591
v 0.000409 0.091300 0.262591
v -0.000250 0.095300 0.264182
v -0.000250 0.091300 0.264182
v 0.004250 0.095300 0.264182
v 0.002000 0.095300 0.266182
v 0.002000 0.095300 0.266432
v 0.000586 0.095300 0.265596
v 0.000409 0.095300 0.265773
v -0.000000 0.095300 0.264182
v -0.000250 0.095300 0.264182
v 0.000586 0.095300 0.262768
v 0.000409 0.095300 0.262591
v 0.002000 0.095300 0.262182
v 0.002000 0.095300 0.261932
v 0.003414 0.095300 0.262768
v 0.003591 0.095300 0.262591
v 0.004000 0.095300 0.264182
v 0.004250 0.095300 0.264182
v 0.003414 0.095300 0.265596
v 0.003591 0.095300 0.265773
v -0.037772 0.091000 0.330000
v -0.037645 0.091000 0.330660
v -0.037253 0.093200 0.331253
v -0.037054 0.091000 0.331425
v -0.036000 0.093200 0.331772
v -0.036151 0.091000 0.331766
v -0.035202 0.091000 0.331583
v -0.034228 0.091000 0.330000
v -0.034228 0.093200 0.330000
v -0.034491 0.091000 0.330929
v -0.034747 0.093200 0.331253
v -0.037772 0.093200 0.330000
v -0.034228 0.093200 0.330000
v -0.034228 0.091000 0.330000
v -0.034747 0.093200 0.328747
v -0.034747 0.091000 0.328747
v -0.036000 0.093200 0.328228
v -0.036000 0.091000 0.328228
v -0.037253 0.093200 0.328747
v -0.037253 0.091000 0.328747
v -0.037772 0.093200 0.330000
v -0.037772 0.091000 0.330000
v -0.037645 0.091000 0.330660
v -0.038250 0.091000 0.330000
v -0.037054 0.091000 0.331425
v -0.037591 0.091000 0.331591
v -0.036151 0.091000 0.331766
v -0.036000 0.091000 0.332250
v -0.035202 0.091000 0.331583
v -0.034409 0.091000 0.331591
v -0.034491 0.091000 0.330929
v -0.034228 0.091000 0.330000
v -0.033750 0.091000 0.330000
v -0.034747 0.091000 0.328747
v -0.034409 0.091000 0.328409
v -0.036000 0.091000 0.328228
v -0.036000 0.091000 0.327750
v -0.037591 0.091000 0.328409
v -0.037253 0.091000 0.328747
v -0.037772 0.091000 0.330000
v -0.036000 0.093200 0.328228
v -0.036000 0.093200 0.328000
v -0.034747 0.093200 0.328747
v -0.034586 0.093200 0.328586
v -0.034228 0.093200 0.330000
v -0.034000 0.093200 0.330000
v -0.034747 0.093200 0.331253
v -0.034586 0.093200 0.331414
v -0.036000 0.093200 0.331772
v -0.036000 0.093200 0.332000
v -0.037253 0.093200 0.331253
v -0.037414 0.093200 0.331414
v -0.037772 0.093200 0.330000
v -0.038000 0.093200 0.330000
v -0.037253 0.093200 0.328747
v -0.037414 0.093200 0.328586
v -0.033750 0.091300 0.330000
v -0.034409 0.091000 0.331591
v -0.034409 0.091300 0.331591
v -0.036000 0.091000 0.332250
v -0.036000 0.091300 0.332250
v -0.037591 0.091000 0.331591
v -0.037591 0.091300 0.331591
v -0.038250 0.091000 0.330000
v -0.038250 0.091300 0.330000
v -0.033750 0.091000 0.330000
v -0.038250 0.091300 0.330000
v -0.037591 0.091000 0.328409
v -0.037591 0.091300 0.328409
v -0.036000 0.091000 0.327750
v -0.036000 0.091300 0.327750
v -0.034409 0.091000 0.328409
v -0.034409 0.091300 0.328409
v -0.033750 0.091000 0.330000
v -0.033750 0.091300 0.330000
v -0.038250 0.091000 0.330000
v -0.034000 0.095300 0.330000
v -0.034000 0.093200 0.330000
v -0.034586 0.095300 0.328586
v -0.034586 0.093200 0.328586
v -0.036000 0.095300 0.328000
v -0.036000 0.093200 0.328000
v -0.037414 0.095300 0.328586
v -0.037414 0.093200 0.328586
v -0.038000 0.095300 0.330000
v -0.038000 0.093200 0.330000
v -0.038000 0.095300 0.330000
v -0.038000 0.093200 0.330000
v -0.037414 0.095300 0.331414
v -0.037414 0.093200 0.331414
v -0.036000 0.095300 0.332000
v -0.036000 0.093200 0.332000
v -0.034586 0.095300 0.331414
v -0.034586 0.093200 0.331414
v -0.034000 0.095300 0.330000
v -0.034000 0.093200 0.330000
v -0.038250 0.091300 0.330000
v -0.037591 0.095300 0.331591
v -0.037591 0.091300 0.331591
v -0.036000 0.095300 0.332250
v -0.036000 0.091300 0.332250
v -0.034409 0.095300 0.331591
v -0.034409 0.091300 0.331591
v -0.033750 0.095300 0.330000
v -0.033750 0.091300 0.330000
v -0.038250 0.095300 0.330000
v -0.033750 0.091300 0.330000
v -0.034409 0.095300 0.328409
v -0.034409 0.091300 0.328409
v -0.036000 0.095300 0.327750
v -0.036000 0.091300 0.327750
v -0.037591 0.095300 0.328409
v -0.037591 0.091300 0.328409
v -0.038250 0.095300 0.330000
v -0.038250 0.091300 0.330000
v -0.033750 0.095300 0.330000
v -0.036000 0.095300 0.332000
v -0.036000 0.095300 0.332250
v -0.037414 0.095300 0.331414
v -0.037591 0.095300 0.331591
v -0.038000 0.095300 0.330000
v -0.038250 0.095300 0.330000
v -0.037414 0.095300 0.328586
v -0.037591 0.095300 0.328409
v -0.036000 0.095300 0.328000
v -0.036000 0.095300 0.327750
v -0.034586 0.095300 0.328586
v -0.034409 0.095300 0.328409
v -0.034000 0.095300 0.330000
v -0.033750 0.095300 0.330000
v -0.034586 0.095300 0.331414
v -0.034409 0.095300 0.331591
v 0.114228 0.091000 0.330000
v 0.114355 0.091000 0.330660
v 0.114747 0.093200 0.331253
v 0.114946 0.091000 0.331425
v 0.116000 0.093200 0.331772
v 0.115849 0.091000 0.331766
v 0.116798 0.091000 0.331583
v 0.117772 0.091000 0.330000
v 0.117772 0.093200 0.330000
v 0.117509 0.091000 0.330929
v 0.117253 0.093200 0.331253
v 0.114228 0.093200 0.330000
v 0.117772 0.093200 0.330000
v 0.117772 0.091000 0.330000
v 0.117253 0.093200 0.328747
v 0.117253 0.091000 0.328747
v 0.116000 0.093200 0.328228
v 0.116000 0.091000 0.328228
v 0.114747 0.093200 0.328747
v 0.114747 0.091000 0.328747
v 0.114228 0.093200 0.330000
v 0.114228 0.091000 0.330000
v 0.114355 0.091000 0.330660
v 0.113750 0.091000 0.330000
v 0.114946 0.091000 0.331425
v 0.114409 0.091000 0.331591
v 0.115849 0.091000 0.331766
v 0.116000 0.091000 0.332250
v 0.116798 0.091000 0.331583
v 0.117591 0.091000 0.331591
v 0.117509 0.091000 0.330929
v 0.117772 0.091000 0.330000
v 0.118250 0.091000 0.330000
v 0.117253 0.091000 0.328747
v 0.117591 0.091000 0.328409
v 0.116000 0.091000 0.328228
v 0.116000 0.091000 0.327750
v 0.114409 0.091000 0.328409
v 0.114747 0.091000 0.328747
v 0.114228 0.091000 0.330000
v 0.116000 0.093200 0.328228
v 0.116000 0.093200 0.328000
v 0.117253 0.093200 0.328747
v 0.117414 0.093200 0.328586
v 0.117772 0.093200 0.330000
v 0.118000 0.093200 0.330000
v 0.117253 0.093200 0.331253
v 0.117414 0.093200 0.331414
v 0.116000 0.093200 0.331772
v 0.116000 0.093200 0.332000
v 0.114747 0.093200 0.331253
v 0.114586 0.093200 0.331414
v 0.114228 0.093200 0.330000
v 0.114000 0.093200 0.330000
v 0.114747 0.093200 0.328747
v 0.114586 0.093200 0.328586
v 0.118250 0.091300 0.330000
v 0.117591 0.091000 0.331591
v 0.117591 0.091300 0.331591
v 0.116000 0.091000 0.332250
v 0.116000 0.091300 0.332250
v 0.114409 0.091000 0.331591
v 0.114409 0.091300 0.331591
v 0.113750 0.091000 0.330000
v 0.113750 0.091300 0.330000
v 0.118250 0.091000 0.330000
v 0.113750 0.091300 0.330000
v 0.114409 0.091000 0.328409
v 0.114409 0.091300 0.328409
v 0.116000 0.091000 0.327750
v 0.116000 0.091300 0.327750
v 0.117591 0.091000 0.328409
v 0.117591 0.091300 0.328409
v 0.118250 0.091000 0.330000
v 0.118250 0.091300 0.330000
v 0.113750 0.091000 0.330000
v 0.118000 0.095300 0.330000
v 0.118000 0.093200 0.330000
v 0.117414 0.095300 0.328586
v 0.117414 0.093200 0.328586
v 0.116000 0.095300 0.328000
v 0.116000 0.093200 0.328000
v 0.114586 0.095300 0.328586
v 0.114586 0.093200 0.328586
v 0.114000 0.095300 0.330000
v 0.114000 0.093200 0.330000
v 0.114000 0.095300 0.330000
v 0.114000 0.093200 0.330000
v 0.114586 0.095300 0.331414
v 0.114586 0.093200 0.331414
v 0.116000 0.095300 0.332000
v 0.116000 0.093200 0.332000
v 0.117414 0.095300 0.331414
v 0.117414 0.093200 0.331414
v 0.118000 0.095300 0.330000
v 0.118000 0.093200 0.330000
v 0.113750 0.091300 0.330000
v 0.114409 0.095300 0.331591
v 0.114409 0.091300 0.331591
v 0.116000 0.095300 0.332250
v 0.116000 0.091300 0.332250
v 0.117591 0.095300 0.331591
v 0.117591 0.091300 0.331591
v 0.118250 0.095300 0.330000
v 0.118250 0.091300 0.330000
v 0.113750 0.095300 0.330000
v 0.118250 0.091300 0.330000
v 0.117591 0.095300 0.328409
v 0.117591 0.091300 0.328409
v 0.116000 0.095300 0.327750
v 0.116000 0.091300 0.327750
v 0.114409 0.095300 0.328409
v 0.114409 0.091300 0.328409
v 0.113750 0.095300 0.330000
v 0.113750 0.091300 0.330000
v 0.118250 0.095300 0.330000
v 0.116000 0.095300 0.332000
v 0.116000 0.095300 0.332250
v 0.114586 0.095300 0.331414
v 0.114409 0.095300 0.331591
v 0.114000 0.095300 0.330000
v 0.113750 0.095300 0.330000
v 0.114586 0.095300 0.328586
v 0.114409 0.095300 0.328409
v 0.116000 0.095300 0.328000
v 0.116000 0.095300 0.327750
v 0.117414 0.095300 0.328586
v 0.117591 0.095300 0.328409
v 0.118000 0.095300 0.330000
v 0.118250 0.095300 0.330000
v 0.117414 0.095300 0.331414
v 0.117591 0.095300 0.331591
v -0.039772 0.091000 0.415000
v -0.039645 0.091000 0.415660
v -0.039253 0.093200 0.416253
v -0.039054 0.091000 0.416425
v -0.038000 0.093200 0.416772
v -0.038151 0.091000 0.416766
v -0.037202 0.091000 0.416583
v -0.036228 0.091000 0.415000
v -0.036228 0.093200 0.415000
v -0.036491 0.091000 0.415929
v -0.036747 0.093200 0.416253
v -0.039772 0.093200 0.415000
v -0.036228 0.093200 0.415000
v -0.036228 0.091000 0.415000
v -0.036747 0.093200 0.413747
v -0.036747 0.091000 0.413747
v -0.038000 0.093200 0.413228
v -0.038000 0.091000 0.413228
v -0.039253 0.093200 0.413747
v -0.039253 0.091000 0.413747
v -0.039772 0.093200 0.415000
v -0.039772 0.091000 0.415000
v -0.039645 0.091000 0.415660
v -0.040250 0.091000 0.415000
v -0.039054 0.091000 0.416425
v -0.039591 0.091000 0.416591
v -0.038151 0.091000 0.416766
v -0.038000 0.091000 0.417250
v -0.037202 0.091000 0.416583
v -0.036409 0.091000 0.416591
v -0.036491 0.091000 0.415929
v -0.036228 0.091000 0.415000
v -0.035750 0.091000 0.415000
v -0.036747 0.091000 0.413747
v -0.036409 0.091000 0.413409
v -0.038000 0.091000 0.413228
v -0.038000 0.091000 0.412750
v -0.039591 0.091000 0.413409
v -0.039253 0.091000 0.413747
v -0.039772 0.091000 0.415000
v -0.038000 0.093200 0.413228
v -0.038000 0.093200 0.413000
v -0.036747 0.093200 0.413747
v -0.036586 0.093200 0.413586
v -0.036228 0.093200 0.415000
v -0.036000 0.093200 0.415000
v -0.036747 0.093200 0.416253
v -0.036586 0.093200 0.416414
v -0.038000 0.093200 0.416772
v -0.038000 0.093200 0.417000
v -0.039253 0.093200 0.416253
v -0.039414 0.093200 0.416414
v -0.039772 0.093200 0.415000
v -0.040000 0.093200 0.415000
v -0.039253 0.093200 0.413747
v -0.039414 0.093200 0.413586
v -0.035750 0.091300 0.415000
v -0.036409 0.091000 0.416591
v -0.036409 0.091300 0.416591
v -0.038000 0.091000 0.417250
v -0.038000 0.091300 0.417250
v -0.039591 0.091000 0.416591
v -0.039591 0.091300 0.416591
v -0.040250 0.091000 0.415000
v -0.040250 0.091300 0.415000
v -0.035750 0.091000 0.415000
v -0.040250 0.091300 0.415000
v -0.039591 0.091000 0.413409
v -0.039591 0.091300 0.413409
v -0.038000 0.091000 0.412750
v -0.038000 0.091300 0.412750
v -0.036409 0.091000 0.413409
v -0.036409 0.091300 0.413409
v -0.035750 0.091000 0.415000
v -0.035750 0.091300 0.415000
v -0.040250 0.091000 0.415000
v -0.036000 0.095300 0.415000
v -0.036000 0.093200 0.415000
v -0.036586 0.095300 0.413586
v -0.036586 0.093200 0.413586
v -0.038000 0.095300 0.413000
v -0.038000 0.093200 0.413000
v -0.039414 0.095300 0.413586
v -0.039414 0.093200 0.413586
v -0.040000 0.095300 0.415000
v -0.040000 0.093200 0.415000
v -0.040000 0.095300 0.415000
v -0.040000 0.093200 0.415000
v -0.039414 0.095300 0.416414
v -0.039414 0.093200 0.416414
v -0.038000 0.095300 0.417000
v -0.038000 0.093200 0.417000
v -0.036586 0.095300 0.416414
v -0.036586 0.093200 0.416414
v -0.036000 0.095300 0.415000
v -0.036000 0.093200 0.415000
v -0.040250 0.091300 0.415000
v -0.039591 0.095300 0.416591
v -0.039591 0.091300 0.416591
v -0.038000 0.095300 0.417250
v -0.038000 0.091300 0.417250
v -0.036409 0.095300 0.416591
v -0.036409 0.091300 0.416591
v -0.035750 0.095300 0.415000
v -0.035750 0.091300 0.415000
v -0.040250 0.095300 0.415000
v -0.035750 0.091300 0.415000
v -0.036409 0.095300 0.413409
v -0.036409 0.091300 0.413409
v -0.038000 0.095300 0.412750
v -0.038000 0.091300 0.412750
v -0.039591 0.095300 0.413409
v -0.039591 0.091300 0.413409
v -0.040250 0.095300 0.415000
v -0.040250 0.091300 0.415000
v -0.035750 0.095300 0.415000
v -0.038000 0.095300 0.417000
v -0.038000 0.095300 0.417250
v -0.039414 0.095300 0.416414
v -0.039591 0.095300 0.416591
v -0.040000 0.095300 0.415000
v -0.040250 0.095300 0.415000
v -0.039414 0.095300 0.413586
v -0.039591 0.095300 0.413409
v -0.038000 0.095300 0.413000
v -0.038000 0.095300 0.412750
v -0.036586 0.095300 0.413586
v -0.036409 0.095300 0.413409
v -0.036000 0.095300 0.415000
v -0.035750 0.095300 0.415000
v -0.036586 0.095300 0.416414
v -0.036409 0.095300 0.416591
v 0.099228 0.091000 0.415000
v 0.099355 0.091000 0.415660
v 0.099747 0.093200 0.416253
v 0.099946 0.091000 0.416425
v 0.101000 0.093200 0.416772
v 0.100849 0.091000 0.416766
v 0.101798 0.091000 0.416583
v 0.102772 0.091000 0.415000
v 0.102772 0.093200 0.415000
v 0.102509 0.091000 0.415929
v 0.102253 0.093200 0.416253
v 0.099228 0.093200 0.415000
v 0.102772 0.093200 0.415000
v 0.102772 0.091000 0.415000
v 0.102253 0.093200 0.413747
v 0.102253 0.091000 0.413747
v 0.101000 0.093200 0.413228
v 0.101000 0.091000 0.413228
v 0.099747 0.093200 0.413747
v 0.099747 0.091000 0.413747
v 0.099228 0.093200 0.415000
v 0.099228 0.091000 0.415000
v 0.099355 0.091000 0.415660
v 0.098750 0.091000 0.415000
v 0.099946 0.091000 0.416425
v 0.099409 0.091000 0.416591
v 0.100849 0.091000 0.416766
v 0.101000 0.091000 0.417250
v 0.101798 0.091000 0.416583
v 0.102591 0.091000 0.416591
v 0.102509 0.091000 0.415929
v 0.102772 0.091000 0.415000
v 0.103250 0.091000 0.415000
v 0.102253 0.091000 0.413747
v 0.102591 0.091000 0.413409
v 0.101000 0.091000 0.413228
v 0.101000 0.091000 0.412750
v 0.099409 0.091000 0.413409
v 0.099747 0.091000 0.413747
v 0.099228 0.091000 0.415000
v 0.101000 0.093200 0.413228
v 0.101000 0.093200 0.413000
v 0.102253 0.093200 0.413747
v 0.102414 0.093200 0.413586
v 0.102772 0.093200 0.415000
v 0.103000 0.093200 0.415000
v 0.102253 0.093200 0.416253
v 0.102414 0.093200 0.416414
v 0.101000 0.093200 0.416772
v 0.101000 0.093200 0.417000
v 0.099747 0.093200 0.416253
v 0.099586 0.093200 0.416414
v 0.099228 0.093200 0.415000
v 0.099000 0.093200 0.415000
v 0.099747 0.093200 0.413747
v 0.099586 0.093200 0.413586
v 0.103250 0.091300 0.415000
v 0.102591 0.091000 0.416591
v 0.102591 0.091300 0.416591
v 0.101000 0.091000 0.417250
v 0.101000 0.091300 0.417250
v 0.099409 0.091000 0.416591
v 0.099409 0.091300 0.416591
v 0.098750 0.091000 0.415000
v 0.098750 0.091300 0.415000
v 0.103250 0.091000 0.415000
v 0.098750 0.091300 0.415000
v 0.099409 0.091000 0.413409
v 0.099409 0.091300 0.413409
v 0.101000 0.091000 0.412750
v 0.101000 0.091300 0.412750
v 0.102591 0.091000 0.413409
v 0.102591 0.091300 0.413409
v 0.103250 0.091000 0.415000
v 0.103250 0.091300 0.415000
v 0.098750 0.091000 0.415000
v 0.103000 0.095300 0.415000
v 0.103000 0.093200 0.415000
v 0.102414 0.095300 0.413586
v 0.102414 0.093200 0.413586
v 0.101000 0.095300 0.413000
v 0.101000 0.093200 0.413000
v 0.099586 0.095300 0.413586
v 0.099586 0.093200 0.413586
v 0.099000 0.095300 0.415000
v 0.099000 0.093200 0.415000
v 0.099000 0.095300 0.415000
v 0.099000 0.093200 0.415000
v 0.099586 0.095300 0.416414
v 0.099586 0.093200 0.416414
v 0.101000 0.095300 0.417000
v 0.101000 0.093200 0.417000
v 0.102414 0.095300 0.416414
v 0.102414 0.093200 0.416414
v 0.103000 0.095300 0.415000
v 0.103000 0.093200 0.415000
v 0.098750 0.091300 0.415000
v 0.099409 0.095300 0.416591
v 0.099409 0.091300 0.416591
v 0.101000 0.095300 0.417250
v 0.101000 0.091300 0.417250
v 0.102591 0.095300 0.416591
v 0.102591 0.091300 0.416591
v 0.103250 0.095300 0.415000
v 0.103250 0.091300 0.415000
v 0.098750 0.095300 0.415000
v 0.103250 0.091300 0.415000
v 0.102591 0.095300 0.413409
v 0.102591 0.091300 0.413409
v 0.101000 0.095300 0.412750
v 0.101000 0.091300 0.412750
v 0.099409 0.095300 0.413409
v 0.099409 0.091300 0.413409
v 0.098750 0.095300 0.415000
v 0.098750 0.091300 0.415000
v 0.103250 0.095300 0.415000
v 0.101000 0.095300 0.417000
v 0.101000 0.095300 0.417250
v 0.099586 0.095300 0.416414
v 0.099409 0.095300 0.416591
v 0.099000 0.095300 0.415000
v 0.098750 0.095300 0.415000
v 0.099586 0.095300 0.413586
v 0.099409 0.095300 0.413409
v 0.101000 0.095300 0.413000
v 0.101000 0.095300 0.412750
v 0.102414 0.095300 0.413586
v 0.102591 0.095300 0.413409
v 0.103000 0.095300 0.415000
v 0.103250 0.095300 0.415000
v 0.102414 0.095300 0.416414
v 0.102591 0.095300 0.416591
v -0.036773 0.091000 0.505000
v -0.036645 0.091000 0.505660
v -0.036253 0.093200 0.506253
v -0.036054 0.091000 0.506425
v -0.035000 0.093200 0.506772
v -0.035151 0.091000 0.506766
v -0.034202 0.091000 0.506583
v -0.033228 0.091000 0.505000
v -0.033228 0.093200 0.505000
v -0.033491 0.091000 0.505929
v -0.033747 0.093200 0.506253
v -0.036773 0.093200 0.505000
v -0.033228 0.093200 0.505000
v -0.033228 0.091000 0.505000
v -0.033747 0.093200 0.503747
v -0.033747 0.091000 0.503747
v -0.035000 0.093200 0.503228
v -0.035000 0.091000 0.503228
v -0.036253 0.093200 0.503747
v -0.036253 0.091000 0.503747
v -0.036773 0.093200 0.505000
v -0.036773 0.091000 0.505000
v -0.036645 0.091000 0.505660
v -0.037250 0.091000 0.505000
v -0.036054 0.091000 0.506425
v -0.036591 0.091000 0.506591
v -0.035151 0.091000 0.506766
v -0.035000 0.091000 0.507250
v -0.034202 0.091000 0.506583
v -0.033409 0.091000 0.506591
v -0.033491 0.091000 0.505929
v -0.033228 0.091000 0.505000
v -0.032750 0.091000 0.505000
v -0.033747 0.091000 0.503747
v -0.033409 0.091000 0.503409
v -0.035000 0.091000 0.503228
v -0.035000 0.091000 0.502750
v -0.036591 0.091000 0.503409
v -0.036253 0.091000 0.503747
v -0.036773 0.091000 0.505000
v -0.035000 0.093200 0.503228
v -0.035000 0.093200 0.503000
v -0.033747 0.093200 0.503747
v -0.033586 0.093200 0.503586
v -0.033228 0.093200 0.505000
v -0.033000 0.093200 0.505000
v -0.033747 0.093200 0.506253
v -0.033586 0.093200 0.506414
v -0.035000 0.093200 0.506772
v -0.035000 0.093200 0.507000
v -0.036253 0.093200 0.506253
v -0.036414 0.093200 0.506414
v -0.036773 0.093200 0.505000
v -0.037000 0.093200 0.505000
v -0.036253 0.093200 0.503747
v -0.036414 0.093200 0.503586
v -0.032750 0.091300 0.505000
v -0.033409 0.091000 0.506591
v -0.033409 0.091300 0.506591
v -0.035000 0.091000 0.507250
v -0.035000 0.091300 0.507250
v -0.036591 0.091000 0.506591
v -0.036591 0.091300 0.506591
v -0.037250 0.091000 0.505000
v -0.037250 0.091300 0.505000
v -0.032750 0.091000 0.505000
v -0.037250 0.091300 0.505000
v -0.036591 0.091000 0.503409
v -0.036591 0.091300 0.503409
v -0.035000 0.091000 0.502750
v -0.035000 0.091300 0.502750
v -0.033409 0.091000 0.503409
v -0.033409 0.091300 0.503409
v -0.032750 0.091000 0.505000
v -0.032750 0.091300 0.505000
v -0.037250 0.091000 0.505000
v -0.033000 0.095300 0.505000
v -0.033000 0.093200 0.505000
v -0.033586 0.095300 0.503586
v -0.033586 0.093200 0.503586
v -0.035000 0.095300 0.503000
v -0.035000 0.093200 0.503000
v -0.036414 0.095300 0.503586
v -0.036414 0.093200 0.503586
v -0.037000 0.095300 0.505000
v -0.037000 0.093200 0.505000
v -0.037000 0.095300 0.505000
v -0.037000 0.093200 0.505000
v -0.036414 0.095300 0.506414
v -0.036414 0.093200 0.506414
v -0.035000 0.095300 0.507000
v -0.035000 0.093200 0.507000
v -0.033586 0.095300 0.506414
v -0.033586 0.093200 0.506414
v -0.033000 0.095300 0.505000
v -0.033000 0.093200 0.505000
v -0.037250 0.091300 0.505000
v -0.036591 0.095300 0.506591
v -0.036591 0.091300 0.506591
v -0.035000 0.095300 0.507250
v -0.035000 0.091300 0.507250
v -0.033409 0.095300 0.506591
v -0.033409 0.091300 0.506591
v -0.032750 0.095300 0.505000
v -0.032750 0.091300 0.505000
v -0.037250 0.095300 0.505000
v -0.032750 0.091300 0.505000
v -0.033409 0.095300 0.503409
v -0.033409 0.091300 0.503409
v -0.035000 0.095300 0.502750
v -0.035000 0.091300 0.502750
v -0.036591 0.095300 0.503409
v -0.036591 0.091300 0.503409
v -0.037250 0.095300 0.505000
v -0.037250 0.091300 0.505000
v -0.032750 0.095300 0.505000
v -0.035000 0.095300 0.507000
v -0.035000 0.095300 0.507250
v -0.036414 0.095300 0.506414
v -0.036591 0.095300 0.506591
v -0.037000 0.095300 0.505000
v -0.037250 0.095300 0.505000
v -0.036414 0.095300 0.503586
v -0.036591 0.095300 0.503409
v -0.035000 0.095300 0.503000
v -0.035000 0.095300 0.502750
v -0.033586 0.095300 0.503586
v -0.033409 0.095300 0.503409
v -0.033000 0.095300 0.505000
v -0.032750 0.095300 0.505000
v -0.033586 0.095300 0.506414
v -0.033409 0.095300 0.506591
v 0.077228 0.091000 0.505000
v 0.077355 0.091000 0.505660
v 0.077747 0.093200 0.506253
v 0.077946 0.091000 0.506425
v 0.079000 0.093200 0.506772
v 0.078849 0.091000 0.506766
v 0.079798 0.091000 0.506583
v 0.080773 0.091000 0.505000
v 0.080773 0.093200 0.505000
v 0.080509 0.091000 0.505929
v 0.080253 0.093200 0.506253
v 0.077228 0.093200 0.505000
v 0.080773 0.093200 0.505000
v 0.080773 0.091000 0.505000
v 0.080253 0.093200 0.503747
v 0.080253 0.091000 0.503747
v 0.079000 0.093200 0.503228
v 0.079000 0.091000 0.503228
v 0.077747 0.093200 0.503747
v 0.077747 0.091000 0.503747
v 0.077228 0.093200 0.505000
v 0.077228 0.091000 0.505000
v 0.077355 0.091000 0.505660
v 0.076750 0.091000 0.505000
v 0.077946 0.091000 0.506425
v 0.077409 0.091000 0.506591
v 0.078849 0.091000 0.506766
v 0.079000 0.091000 0.507250
v 0.079798 0.091000 0.506583
v 0.080591 0.091000 0.506591
v 0.080509 0.091000 0.505929
v 0.080773 0.091000 0.505000
v 0.081250 0.091000 0.505000
v 0.080253 0.091000 0.503747
v 0.080591 0.091000 0.503409
v 0.079000 0.091000 0.503228
v 0.079000 0.091000 0.502750
v 0.077409 0.091000 0.503409
v 0.077747 0.091000 0.503747
v 0.077228 0.091000 0.505000
v 0.079000 0.093200 0.503228
v 0.079000 0.093200 0.503000
v 0.080253 0.093200 0.503747
v 0.080414 0.093200 0.503586
v 0.080773 0.093200 0.505000
v 0.081000 0.093200 0.505000
v 0.080253 0.093200 0.506253
v 0.080414 0.093200 0.506414
v 0.079000 0.093200 0.506772
v 0.079000 0.093200 0.507000
v 0.077747 0.093200 0.506253
v 0.077586 0.093200 0.506414
v 0.077228 0.093200 0.505000
v 0.077000 0.093200 0.505000
v 0.077747 0.093200 0.503747
v 0.077586 0.093200 0.503586
v 0.081250 0.091300 0.505000
v 0.080591 0.091000 0.506591
v 0.080591 0.091300 0.506591
v 0.079000 0.091000 0.507250
v 0.079000 0.091300 0.507250
v 0.077409 0.091000 0.506591
v 0.077409 0.091300 0.506591
v 0.076750 0.091000 0.505000
v 0.076750 0.091300 0.505000
v 0.081250 0.091000 0.505000
v 0.076750 0.091300 0.505000
v 0.077409 0.091000 0.503409
v 0.077409 0.091300 0.503409
v 0.079000 0.091000 0.502750
v 0.079000 0.091300 0.502750
v 0.080591 0.091000 0.503409
v 0.080591 0.091300 0.503409
v 0.081250 0.091000 0.505000
v 0.081250 0.091300 0.505000
v 0.076750 0.091000 0.505000
v 0.081000 0.095300 0.505000
v 0.081000 0.093200 0.505000
v 0.080414 0.095300 0.503586
v 0.080414 0.093200 0.503586
v 0.079000 0.095300 0.503000
v 0.079000 0.093200 0.503000
v 0.077586 0.095300 0.503586
v 0.077586 0.093200 0.503586
v 0.077000 0.095300 0.505000
v 0.077000 0.093200 0.505000
v 0.077000 0.095300 0.505000
v 0.077000 0.093200 0.505000
v 0.077586 0.095300 0.506414
v 0.077586 0.093200 0.506414
v 0.079000 0.095300 0.507000
v 0.079000 0.093200 0.507000
v 0.080414 0.095300 0.506414
v 0.080414 0.093200 0.506414
v 0.081000 0.095300 0.505000
v 0.081000 0.093200 0.505000
v 0.076750 0.091300 0.505000
v 0.077409 0.095300 0.506591
v 0.077409 0.091300 0.506591
v 0.079000 0.095300 0.507250
v 0.079000 0.091300 0.507250
v 0.080591 0.095300 0.506591
v 0.080591 0.091300 0.506591
v 0.081250 0.095300 0.505000
v 0.081250 0.091300 0.505000
v 0.076750 0.095300 0.505000
v 0.081250 0.091300 0.505000
v 0.080591 0.095300 0.503409
v 0.080591 0.091300 0.503409
v 0.079000 0.095300 0.502750
v 0.079000 0.091300 0.502750
v 0.077409 0.095300 0.503409
v 0.077409 0.091300 0.503409
v 0.076750 0.095300 0.505000
v 0.076750 0.091300 0.505000
v 0.081250 0.095300 0.505000
v 0.079000 0.095300 0.507000
v 0.079000 0.095300 0.507250
v 0.077586 0.095300 0.506414
v 0.077409 0.095300 0.506591
v 0.077000 0.095300 0.505000
v 0.076750 0.095300 0.505000
v 0.077586 0.095300 0.503586
v 0.077409 0.095300 0.503409
v 0.079000 0.095300 0.503000
v 0.079000 0.095300 0.502750
v 0.080414 0.095300 0.503586
v 0.080591 0.095300 0.503409
v 0.081000 0.095300 0.505000
v 0.081250 0.095300 0.505000
v 0.080414 0.095300 0.506414
v 0.080591 0.095300 0.506591
v -0.032773 0.091000 0.595000
v -0.032645 0.091000 0.595660
v -0.032253 0.093200 0.596253
v -0.032054 0.091000 0.596425
v -0.031000 0.093200 0.596773
v -0.031151 0.091000 0.596766
v -0.030202 0.091000 0.596583
v -0.029228 0.091000 0.595000
v -0.029228 0.093200 0.595000
v -0.029491 0.091000 0.595929
v -0.029747 0.093200 0.596253
v -0.032773 0.093200 0.595000
v -0.029228 0.093200 0.595000
v -0.029228 0.091000 0.595000
v -0.029747 0.093200 0.593747
v -0.029747 0.091000 0.593747
v -0.031000 0.093200 0.593227
v -0.031000 0.091000 0.593227
v -0.032253 0.093200 0.593747
v -0.032253 0.091000 0.593747
v -0.032773 0.093200 0.595000
v -0.032773 0.091000 0.595000
v -0.032645 0.091000 0.595660
v -0.033250 0.091000 0.595000
v -0.032054 0.091000 0.596425
v -0.032591 0.091000 0.596591
v -0.031151 0.091000 0.596766
v -0.031000 0.091000 0.597250
v -0.030202 0.091000 0.596583
v -0.029409 0.091000 0.596591
v -0.029491 0.091000 0.595929
v -0.029228 0.091000 0.595000
v -0.028750 0.091000 0.595000
v -0.029747 0.091000 0.593747
v -0.029409 0.091000 0.593409
v -0.031000 0.091000 0.593227
v -0.031000 0.091000 0.592750
v -0.032591 0.091000 0.593409
v -0.032253 0.091000 0.593747
v -0.032773 0.091000 0.595000
v -0.031000 0.093200 0.593227
v -0.031000 0.093200 0.593000
v -0.029747 0.093200 0.593747
v -0.029586 0.093200 0.593586
v -0.029228 0.093200 0.595000
v -0.029000 0.093200 0.595000
v -0.029747 0.093200 0.596253
v -0.029586 0.093200 0.596414
v -0.031000 0.093200 0.596773
v -0.031000 0.093200 0.597000
v -0.032253 0.093200 0.596253
v -0.032414 0.093200 0.596414
v -0.032773 0.093200 0.595000
v -0.033000 0.093200 0.595000
v -0.032253 0.093200 0.593747
v -0.032414 0.093200 0.593586
v -0.028750 0.091300 0.595000
v -0.029409 0.091000 0.596591
v -0.029409 0.091300 0.596591
v -0.031000 0.091000 0.597250
v -0.031000 0.091300 0.597250
v -0.032591 0.091000 0.596591
v -0.032591 0.091300 0.596591
v -0.033250 0.091000 0.595000
v -0.033250 0.091300 0.595000
v -0.028750 0.091000 0.595000
v -0.033250 0.091300 0.595000
v -0.032591 0.091000 0.593409
v -0.032591 0.091300 0.593409
v -0.031000 0.091000 0.592750
v -0.031000 0.091300 0.592750
v -0.029409 0.091000 0.593409
v -0.029409 0.091300 0.593409
v -0.028750 0.091000 0.595000
v -0.028750 0.091300 0.595000
v -0.033250 0.091000 0.595000
v -0.029000 0.095300 0.595000
v -0.029000 0.093200 0.595000
v -0.029586 0.095300 0.593586
v -0.029586 0.093200 0.593586
v -0.031000 0.095300 0.593000
v -0.031000 0.093200 0.593000
v -0.032414 0.095300 0.593586
v -0.032414 0.093200 0.593586
v -0.033000 0.095300 0.595000
v -0.033000 0.093200 0.595000
v -0.033000 0.095300 0.595000
v -0.033000 0.093200 0.595000
v -0.032414 0.095300 0.596414
v -0.032414 0.093200 0.596414
v -0.031000 0.095300 0.597000
v -0.031000 0.093200 0.597000
v -0.029586 0.095300 0.596414
v -0.029586 0.093200 0.596414
v -0.029000 0.095300 0.595000
v -0.029000 0.093200 0.595000
v -0.033250 0.091300 0.595000
v -0.032591 0.095300 0.596591
v -0.032591 0.091300 0.596591
v -0.031000 0.095300 0.597250
v -0.031000 0.091300 0.597250
v -0.029409 0.095300 0.596591
v -0.029409 0.091300 0.596591
v -0.028750 0.095300 0.595000
v -0.028750 0.091300 0.595000
v -0.033250 0.095300 0.595000
v -0.028750 0.091300 0.595000
v -0.029409 0.095300 0.593409
v -0.029409 0.091300 0.593409
v -0.031000 0.095300 0.592750
v -0.031000 0.091300 0.592750
v -0.032591 0.095300 0.593409
v -0.032591 0.091300 0.593409
v -0.033250 0.095300 0.595000
v -0.033250 0.091300 0.595000
v -0.028750 0.095300 0.595000
v -0.031000 0.095300 0.597000
v -0.031000 0.095300 0.597250
v -0.032414 0.095300 0.596414
v -0.032591 0.095300 0.596591
v -0.033000 0.095300 0.595000
v -0.033250 0.095300 0.595000
v -0.032414 0.095300 0.593586
v -0.032591 0.095300 0.593409
v -0.031000 0.095300 0.593000
v -0.031000 0.095300 0.592750
v -0.029586 0.095300 0.593586
v -0.029409 0.095300 0.593409
v -0.029000 0.095300 0.595000
v -0.028750 0.095300 0.595000
v -0.029586 0.095300 0.596414
v -0.029409 0.095300 0.596591
v 0.072228 0.091000 0.595000
v 0.072355 0.091000 0.595660
v 0.072747 0.093200 0.596253
v 0.072946 0.091000 0.596425
v 0.074000 0.093200 0.596773
v 0.073849 0.091000 0.596766
v 0.074798 0.091000 0.596583
v 0.075773 0.091000 0.595000
v 0.075773 0.093200 0.595000
v 0.075509 0.091000 0.595929
v 0.075253 0.093200 0.596253
v 0.072228 0.093200 0.595000
v 0.075773 0.093200 0.595000
v 0.075773 0.091000 0.595000
v 0.075253 0.093200 0.593747
v 0.075253 0.091000 0.593747
v 0.074000 0.093200 0.593227
v 0.074000 0.091000 0.593227
v 0.072747 0.093200 0.593747
v 0.072747 0.091000 0.593747
v 0.072228 0.093200 0.595000
v 0.072228 0.091000 0.595000
v 0.072355 0.091000 0.595660
v 0.071750 0.091000 0.595000
v 0.072946 0.091000 0.596425
v 0.072409 0.091000 0.596591
v 0.073849 0.091000 0.596766
v 0.074000 0.091000 0.597250
v 0.074798 0.091000 0.596583
v 0.075591 0.091000 0.596591
v 0.075509 0.091000 0.595929
v 0.075773 0.091000 0.595000
v 0.076250 0.091000 0.595000
v 0.075253 0.091000 0.593747
v 0.075591 0.091000 0.593409
v 0.074000 0.091000 0.593227
v 0.074000 0.091000 0.592750
v 0.072409 0.091000 0.593409
v 0.072747 0.091000 0.593747
v 0.072228 0.091000 0.595000
v 0.074000 0.093200 0.593227
v 0.074000 0.093200 0.593000
v 0.075253 0.093200 0.593747
v 0.075414 0.093200 0.593586
v 0.075773 0.093200 0.595000
v 0.076000 0.093200 0.595000
v 0.075253 0.093200 0.596253
v 0.075414 0.093200 0.596414
v 0.074000 0.093200 0.596773
v 0.074000 0.093200 0.597000
v 0.072747 0.093200 0.596253
v 0.072586 0.093200 0.596414
v 0.072228 0.093200 0.595000
v 0.072000 0.093200 0.595000
v 0.072747 0.093200 0.593747
v 0.072586 0.093200 0.593586
v 0.076250 0.091300 0.595000
v 0.075591 0.091000 0.596591
v 0.075591 0.091300 0.596591
v 0.074000 0.091000 0.597250
v 0.074000 0.091300 0.597250
v 0.072409 0.091000 0.596591
v 0.072409 0.091300 0.596591
v 0.071750 0.091000 0.595000
v 0.071750 0.091300 0.595000
v 0.076250 0.091000 0.595000
v 0.071750 0.091300 0.595000
v 0.072409 0.091000 0.593409
v 0.072409 0.091300 0.593409
v 0.074000 0.091000 0.592750
v 0.074000 0.091300 0.592750
v 0.075591 0.091000 0.593409
v 0.075591 0.091300 0.593409
v 0.076250 0.091000 0.595000
v 0.076250 0.091300 0.595000
v 0.071750 0.091000 0.595000
v 0.076000 0.095300 0.595000
v 0.076000 0.093200 0.595000
v 0.075414 0.095300 0.593586
v 0.075414 0.093200 0.593586
v 0.074000 0.095300 0.593000
v 0.074000 0.093200 0.593000
v 0.072586 0.095300 0.593586
v 0.072586 0.093200 0.593586
v 0.072000 0.095300 0.595000
v 0.072000 0.093200 0.595000
v 0.072000 0.095300 0.595000
v 0.072000 0.093200 0.595000
v 0.072586 0.095300 0.596414
v 0.072586 0.093200 0.596414
v 0.074000 0.095300 0.597000
v 0.074000 0.093200 0.597000
v 0.075414 0.095300 0.596414
v 0.075414 0.093200 0.596414
v 0.076000 0.095300 0.595000
v 0.076000 0.093200 0.595000
v 0.071750 0.091300 0.595000
v 0.072409 0.095300 0.596591
v 0.072409 0.091300 0.596591
v 0.074000 0.095300 0.597250
v 0.074000 0.091300 0.597250
v 0.075591 0.095300 0.596591
v 0.075591 0.091300 0.596591
v 0.076250 0.095300 0.595000
v 0.076250 0.091300 0.595000
v 0.071750 0.095300 0.595000
v 0.076250 0.091300 0.595000
v 0.075591 0.095300 0.593409
v 0.075591 0.091300 0.593409
v 0.074000 0.095300 0.592750
v 0.074000 0.091300 0.592750
v 0.072409 0.095300 0.593409
v 0.072409 0.091300 0.593409
v 0.071750 0.095300 0.595000
v 0.071750 0.091300 0.595000
v 0.076250 0.095300 0.595000
v 0.074000 0.095300 0.597000
v 0.074000 0.095300 0.597250
v 0.072586 0.095300 0.596414
v 0.072409 0.095300 0.596591
v 0.072000 0.095300 0.595000
v 0.071750 0.095300 0.595000
v 0.072586 0.095300 0.593586
v 0.072409 0.095300 0.593409
v 0.074000 0.095300 0.593000
v 0.074000 0.095300 0.592750
v 0.075414 0.095300 0.593586
v 0.075591 0.095300 0.593409
v 0.076000 0.095300 0.595000
v 0.076250 0.095300 0.595000
v 0.075414 0.095300 0.596414
v 0.075591 0.095300 0.596591
v -0.029772 0.091000 0.685000
v -0.029645 0.091000 0.685660
v -0.029253 0.093200 0.686253
v -0.029054 0.091000 0.686425
v -0.028000 0.093200 0.686773
v -0.028151 0.091000 0.686766
v -0.027202 0.091000 0.686583
v -0.026228 0.091000 0.685000
v -0.026228 0.093200 0.685000
v -0.026491 0.091000 0.685929
v -0.026747 0.093200 0.686253
v -0.029772 0.093200 0.685000
v -0.026228 0.093200 0.685000
v -0.026228 0.091000 0.685000
v -0.026747 0.093200 0.683747
v -0.026747 0.091000 0.683747
v -0.028000 0.093200 0.683227
v -0.028000 0.091000 0.683227
v -0.029253 0.093200 0.683747
v -0.029253 0.091000 0.683747
v -0.029772 0.093200 0.685000
v -0.029772 0.091000 0.685000
v -0.029645 0.091000 0.685660
v -0.030250 0.091000 0.685000
v -0.029054 0.091000 0.686425
v -0.029591 0.091000 0.686591
v -0.028151 0.091000 0.686766
v -0.028000 0.091000 0.687250
v -0.027202 0.091000 0.686583
v -0.026409 0.091000 0.686591
v -0.026491 0.091000 0.685929
v -0.026228 0.091000 0.685000
v -0.025750 0.091000 0.685000
v -0.026747 0.091000 0.683747
v -0.026409 0.091000 0.683409
v -0.028000 0.091000 0.683227
v -0.028000 0.091000 0.682750
v -0.029591 0.091000 0.683409
v -0.029253 0.091000 0.683747
v -0.029772 0.091000 0.685000
v -0.028000 0.093200 0.683227
v -0.028000 0.093200 0.683000
v -0.026747 0.093200 0.683747
v -0.026586 0.093200 0.683586
v -0.026228 0.093200 0.685000
v -0.026000 0.093200 0.685000
v -0.026747 0.093200 0.686253
v -0.026586 0.093200 0.686414
v -0.028000 0.093200 0.686773
v -0.028000 0.093200 0.687000
v -0.029253 0.093200 0.686253
v -0.029414 0.093200 0.686414
v -0.029772 0.093200 0.685000
v -0.030000 0.093200 0.685000
v -0.029253 0.093200 0.683747
v -0.029414 0.093200 0.683586
v -0.025750 0.091300 0.685000
v -0.026409 0.091000 0.686591
v -0.026409 0.091300 0.686591
v -0.028000 0.091000 0.687250
v -0.028000 0.091300 0.687250
v -0.029591 0.091000 0.686591
v -0.029591 0.091300 0.686591
v -0.030250 0.091000 0.685000
v -0.030250 0.091300 0.685000
v -0.025750 0.091000 0.685000
v -0.030250 0.091300 0.685000
v -0.029591 0.091000 0.683409
v -0.029591 0.091300 0.683409
v -0.028000 0.091000 0.682750
v -0.028000 0.091300 0.682750
v -0.026409 0.091000 0.683409
v -0.026409 0.091300 0.683409
v -0.025750 0.091000 0.685000
v -0.025750 0.091300 0.685000
v -0.030250 0.091000 0.685000
v -0.026000 0.095300 0.685000
v -0.026000 0.093200 0.685000
v -0.026586 0.095300 0.683586
v -0.026586 0.093200 0.683586
v -0.028000 0.095300 0.683000
v -0.028000 0.093200 0.683000
v -0.029414 0.095300 0.683586
v -0.029414 0.093200 0.683586
v -0.030000 0.095300 0.685000
v -0.030000 0.093200 0.685000
v -0.030000 0.095300 0.685000
v -0.030000 0.093200 0.685000
v -0.029414 0.095300 0.686414
v -0.029414 0.093200 0.686414
v -0.028000 0.095300 0.687000
v -0.028000 0.093200 0.687000
v -0.026586 0.095300 0.686414
v -0.026586 0.093200 0.686414
v -0.026000 0.095300 0.685000
v -0.026000 0.093200 0.685000
v -0.030250 0.091300 0.685000
v -0.029591 0.095300 0.686591
v -0.029591 0.091300 0.686591
v -0.028000 0.095300 0.687250
v -0.028000 0.091300 0.687250
v -0.026409 0.095300 0.686591
v -0.026409 0.091300 0.686591
v -0.025750 0.095300 0.685000
v -0.025750 0.091300 0.685000
v -0.030250 0.095300 0.685000
v -0.025750 0.091300 0.685000
v -0.026409 0.095300 0.683409
v -0.026409 0.091300 0.683409
v -0.028000 0.095300 0.682750
v -0.028000 0.091300 0.682750
v -0.029591 0.095300 0.683409
v -0.029591 0.091300 0.683409
v -0.030250 0.095300 0.685000
v -0.030250 0.091300 0.685000
v -0.025750 0.095300 0.685000
v -0.028000 0.095300 0.687000
v -0.028000 0.095300 0.687250
v -0.029414 0.095300 0.686414
v -0.029591 0.095300 0.686591
v -0.030000 0.095300 0.685000
v -0.030250 0.095300 0.685000
v -0.029414 0.095300 0.683586
v -0.029591 0.095300 0.683409
v -0.028000 0.095300 0.683000
v -0.028000 0.095300 0.682750
v -0.026586 0.095300 0.683586
v -0.026409 0.095300 0.683409
v -0.026000 0.095300 0.685000
v -0.025750 0.095300 0.685000
v -0.026586 0.095300 0.686414
v -0.026409 0.095300 0.686591
v 0.087228 0.091000 0.685000
v 0.087355 0.091000 0.685660
v 0.087747 0.093200 0.686253
v 0.087946 0.091000 0.686425
v 0.089000 0.093200 0.686773
v 0.088849 0.091000 0.686766
v 0.089798 0.091000 0.686583
v 0.090773 0.091000 0.685000
v 0.090773 0.093200 0.685000
v 0.090509 0.091000 0.685929
v 0.090253 0.093200 0.686253
v 0.087228 0.093200 0.685000
v 0.090773 0.093200 0.685000
v 0.090773 0.091000 0.685000
v 0.090253 0.093200 0.683747
v 0.090253 0.091000 0.683747
v 0.089000 0.093200 0.683227
v 0.089000 0.091000 0.683227
v 0.087747 0.093200 0.683747
v 0.087747 0.091000 0.683747
v 0.087228 0.093200 0.685000
v 0.087228 0.091000 0.685000
v 0.087355 0.091000 0.685660
v 0.086750 0.091000 0.685000
v 0.087946 0.091000 0.686425
v 0.087409 0.091000 0.686591
v 0.088849 0.091000 0.686766
v 0.089000 0.091000 0.687250
v 0.089798 0.091000 0.686583
v 0.090591 0.091000 0.686591
v 0.090509 0.091000 0.685929
v 0.090773 0.091000 0.685000
v 0.091250 0.091000 0.685000
v 0.090253 0.091000 0.683747
v 0.090591 0.091000 0.683409
v 0.089000 0.091000 0.683227
v 0.089000 0.091000 0.682750
v 0.087409 0.091000 0.683409
v 0.087747 0.091000 0.683747
v 0.087228 0.091000 0.685000
v 0.089000 0.093200 0.683227
v 0.089000 0.093200 0.683000
v 0.090253 0.093200 0.683747
v 0.090414 0.093200 0.683586
v 0.090773 0.093200 0.685000
v 0.091000 0.093200 0.685000
v 0.090253 0.093200 0.686253
v 0.090414 0.093200 0.686414
v 0.089000 0.093200 0.686773
v 0.089000 0.093200 0.687000
v 0.087747 0.093200 0.686253
v 0.087586 0.093200 0.686414
v 0.087228 0.093200 0.685000
v 0.087000 0.093200 0.685000
v 0.087747 0.093200 0.683747
v 0.087586 0.093200 0.683586
v 0.091250 0.091300 0.685000
v 0.090591 0.091000 0.686591
v 0.090591 0.091300 0.686591
v 0.089000 0.091000 0.687250
v 0.089000 0.091300 0.687250
v 0.087409 0.091000 0.686591
v 0.087409 0.091300 0.686591
v 0.086750 0.091000 0.685000
v 0.086750 0.091300 0.685000
v 0.091250 0.091000 0.685000
v 0.086750 0.091300 0.685000
v 0.087409 0.091000 0.683409
v 0.087409 0.091300 0.683409
v 0.089000 0.091000 0.682750
v 0.089000 0.091300 0.682750
v 0.090591 0.091000 0.683409
v 0.090591 0.091300 0.683409
v 0.091250 0.091000 0.685000
v 0.091250 0.091300 0.685000
v 0.086750 0.091000 0.685000
v 0.091000 0.095300 0.685000
v 0.091000 0.093200 0.685000
v 0.090414 0.095300 0.683586
v 0.090414 0.093200 0.683586
v 0.089000 0.095300 0.683000
v 0.089000 0.093200 0.683000
v 0.087586 0.095300 0.683586
v 0.087586 0.093200 0.683586
v 0.087000 0.095300 0.685000
v 0.087000 0.093200 0.685000
v 0.087000 0.095300 0.685000
v 0.087000 0.093200 0.685000
v 0.087586 0.095300 0.686414
v 0.087586 0.093200 0.686414
v 0.089000 0.095300 0.687000
v 0.089000 0.093200 0.687000
v 0.090414 0.095300 0.686414
v 0.090414 0.093200 0.686414
v 0.091000 0.095300 0.685000
v 0.091000 0.093200 0.685000
v 0.086750 0.091300 0.685000
v 0.087409 0.095300 0.686591
v 0.087409 0.091300 0.686591
v 0.089000 0.095300 0.687250
v 0.089000 0.091300 0.687250
v 0.090591 0.095300 0.686591
v 0.090591 0.091300 0.686591
v 0.091250 0.095300 0.685000
v 0.091250 0.091300 0.685000
v 0.086750 0.095300 0.685000
v 0.091250 0.091300 0.685000
v 0.090591 0.095300 0.683409
v 0.090591 0.091300 0.683409
v 0.089000 0.095300 0.682750
v 0.089000 0.091300 0.682750
v 0.087409 0.095300 0.683409
v 0.087409 0.091300 0.683409
v 0.086750 0.095300 0.685000
v 0.086750 0.091300 0.685000
v 0.091250 0.095300 0.685000
v 0.089000 0.095300 0.687000
v 0.089000 0.095300 0.687250
v 0.087586 0.095300 0.686414
v 0.087409 0.095300 0.686591
v 0.087000 0.095300 0.685000
v 0.086750 0.095300 0.685000
v 0.087586 0.095300 0.683586
v 0.087409 0.095300 0.683409
v 0.089000 0.095300 0.683000
v 0.089000 0.095300 0.682750
v 0.090414 0.095300 0.683586
v 0.090591 0.095300 0.683409
v 0.091000 0.095300 0.685000
v 0.091250 0.095300 0.685000
v 0.090414 0.095300 0.686414
v 0.090591 0.095300 0.686591
v -0.023773 0.091000 0.775000
v -0.023645 0.091000 0.775660
v -0.023253 0.093200 0.776253
v -0.023054 0.091000 0.776425
v -0.022000 0.093200 0.776773
v -0.022151 0.091000 0.776766
v -0.021202 0.091000 0.776583
v -0.020228 0.091000 0.775000
v -0.020228 0.093200 0.775000
v -0.020491 0.091000 0.775929
v -0.020747 0.093200 0.776253
v -0.023773 0.093200 0.775000
v -0.020228 0.093200 0.775000
v -0.020228 0.091000 0.775000
v -0.020747 0.093200 0.773747
v -0.020747 0.091000 0.773747
v -0.022000 0.093200 0.773227
v -0.022000 0.091000 0.773227
v -0.023253 0.093200 0.773747
v -0.023253 0.091000 0.773747
v -0.023773 0.093200 0.775000
v -0.023773 0.091000 0.775000
v -0.023645 0.091000 0.775660
v -0.024250 0.091000 0.775000
v -0.023054 0.091000 0.776425
v -0.023591 0.091000 0.776591
v -0.022151 0.091000 0.776766
v -0.022000 0.091000 0.777250
v -0.021202 0.091000 0.776583
v -0.020409 0.091000 0.776591
v -0.020491 0.091000 0.775929
v -0.020228 0.091000 0.775000
v -0.019750 0.091000 0.775000
v -0.020747 0.091000 0.773747
v -0.020409 0.091000 0.773409
v -0.022000 0.091000 0.773227
v -0.022000 0.091000 0.772750
v -0.023591 0.091000 0.773409
v -0.023253 0.091000 0.773747
v -0.023773 0.091000 0.775000
v -0.022000 0.093200 0.773227
v -0.022000 0.093200 0.773000
v -0.020747 0.093200 0.773747
v -0.020586 0.093200 0.773586
v -0.020228 0.093200 0.775000
v -0.020000 0.093200 0.775000
v -0.020747 0.093200 0.776253
v -0.020586 0.093200 0.776414
v -0.022000 0.093200 0.776773
v -0.022000 0.093200 0.777000
v -0.023253 0.093200 0.776253
v -0.023414 0.093200 0.776414
v -0.023773 0.093200 0.775000
v -0.024000 0.093200 0.775000
v -0.023253 0.093200 0.773747
v -0.023414 0.093200 0.773586
v -0.019750 0.091300 0.775000
v -0.020409 0.091000 0.776591
v -0.020409 0.091300 0.776591
v -0.022000 0.091000 0.777250
v -0.022000 0.091300 0.777250
v -0.023591 0.091000 0.776591
v -0.023591 0.091300 0.776591
v -0.024250 0.091000 0.775000
v -0.024250 0.091300 0.775000
v -0.019750 0.091000 0.775000
v -0.024250 0.091300 0.775000
v -0.023591 0.091000 0.773409
v -0.023591 0.091300 0.773409
v -0.022000 0.091000 0.772750
v -0.022000 0.091300 0.772750
v -0.020409 0.091000 0.773409
v -0.020409 0.091300 0.773409
v -0.019750 0.091000 0.775000
v -0.019750 0.091300 0.775000
v -0.024250 0.091000 0.775000
v -0.020000 0.095300 0.775000
v -0.020000 0.093200 0.775000
v -0.020586 0.095300 0.773586
v -0.020586 0.093200 0.773586
v -0.022000 0.095300 0.773000
v -0.022000 0.093200 0.773000
v -0.023414 0.095300 0.773586
v -0.023414 0.093200 0.773586
v -0.024000 0.095300 0.775000
v -0.024000 0.093200 0.775000
v -0.024000 0.095300 0.775000
v -0.024000 0.093200 0.775000
v -0.023414 0.095300 0.776414
v -0.023414 0.093200 0.776414
v -0.022000 0.095300 0.777000
v -0.022000 0.093200 0.777000
v -0.020586 0.095300 0.776414
v -0.020586 0.093200 0.776414
v -0.020000 0.095300 0.775000
v -0.020000 0.093200 0.775000
v -0.024250 0.091300 0.775000
v -0.023591 0.095300 0.776591
v -0.023591 0.091300 0.776591
v -0.022000 0.095300 0.777250
v -0.022000 0.091300 0.777250
v -0.020409 0.095300 0.776591
v -0.020409 0.091300 0.776591
v -0.019750 0.095300 0.775000
v -0.019750 0.091300 0.775000
v -0.024250 0.095300 0.775000
v -0.019750 0.091300 0.775000
v -0.020409 0.095300 0.773409
v -0.020409 0.091300 0.773409
v -0.022000 0.095300 0.772750
v -0.022000 0.091300 0.772750
v -0.023591 0.095300 0.773409
v -0.023591 0.091300 0.773409
v -0.024250 0.095300 0.775000
v -0.024250 0.091300 0.775000
v -0.019750 0.095300 0.775000
v -0.022000 0.095300 0.777000
v -0.022000 0.095300 0.777250
v -0.023414 0.095300 0.776414
v -0.023591 0.095300 0.776591
v -0.024000 0.095300 0.775000
v -0.024250 0.095300 0.775000
v -0.023414 0.095300 0.773586
v -0.023591 0.095300 0.773409
v -0.022000 0.095300 0.773000
v -0.022000 0.095300 0.772750
v -0.020586 0.095300 0.773586
v -0.020409 0.095300 0.773409
v -0.020000 0.095300 0.775000
v -0.019750 0.095300 0.775000
v -0.020586 0.095300 0.776414
v -0.020409 0.095300 0.776591
v 0.100228 0.091000 0.775000
v 0.100355 0.091000 0.775660
v 0.100747 0.093200 0.776253
v 0.100946 0.091000 0.776425
v 0.102000 0.093200 0.776773
v 0.101849 0.091000 0.776766
v 0.102798 0.091000 0.776583
v 0.103772 0.091000 0.775000
v 0.103772 0.093200 0.775000
v 0.103509 0.091000 0.775929
v 0.103253 0.093200 0.776253
v 0.100228 0.093200 0.775000
v 0.103772 0.093200 0.775000
v 0.103772 0.091000 0.775000
v 0.103253 0.093200 0.773747
v 0.103253 0.091000 0.773747
v 0.102000 0.093200 0.773227
v 0.102000 0.091000 0.773227
v 0.100747 0.093200 0.773747
v 0.100747 0.091000 0.773747
v 0.100228 0.093200 0.775000
v 0.100228 0.091000 0.775000
v 0.100355 0.091000 0.775660
v 0.099750 0.091000 0.775000
v 0.100946 0.091000 0.776425
v 0.100409 0.091000 0.776591
v 0.101849 0.091000 0.776766
v 0.102000 0.091000 0.777250
v 0.102798 0.091000 0.776583
v 0.103591 0.091000 0.776591
v 0.103509 0.091000 0.775929
v 0.103772 0.091000 0.775000
v 0.104250 0.091000 0.775000
v 0.103253 0.091000 0.773747
v 0.103591 0.091000 0.773409
v 0.102000 0.091000 0.773227
v 0.102000 0.091000 0.772750
v 0.100409 0.091000 0.773409
v 0.100747 0.091000 0.773747
v 0.100228 0.091000 0.775000
v 0.102000 0.093200 0.773227
v 0.102000 0.093200 0.773000
v 0.103253 0.093200 0.773747
v 0.103414 0.093200 0.773586
v 0.103772 0.093200 0.775000
v 0.104000 0.093200 0.775000
v 0.103253 0.093200 0.776253
v 0.103414 0.093200 0.776414
v 0.102000 0.093200 0.776773
v 0.102000 0.093200 0.777000
v 0.100747 0.093200 0.776253
v 0.100586 0.093200 0.776414
v 0.100228 0.093200 0.775000
v 0.100000 0.093200 0.775000
v 0.100747 0.093200 0.773747
v 0.100586 0.093200 0.773586
v 0.104250 0.091300 0.775000
v 0.103591 0.091000 0.776591
v 0.103591 0.091300 0.776591
v 0.102000 0.091000 0.777250
v 0.102000 0.091300 0.777250
v 0.100409 0.091000 0.776591
v 0.100409 0.091300 0.776591
v 0.099750 0.091000 0.775000
v 0.099750 0.091300 0.775000
v 0.104250 0.091000 0.775000
v 0.099750 0.091300 0.775000
v 0.100409 0.091000 0.773409
v 0.100409 0.091300 0.773409
v 0.102000 0.091000 0.772750
v 0.102000 0.091300 0.772750
v 0.103591 0.091000 0.773409
v 0.103591 0.091300 0.773409
v 0.104250 0.091000 0.775000
v 0.104250 0.091300 0.775000
v 0.099750 0.091000 0.775000
v 0.104000 0.095300 0.775000
v 0.104000 0.093200 0.775000
v 0.103414 0.095300 0.773586
v 0.103414 0.093200 0.773586
v 0.102000 0.095300 0.773000
v 0.102000 0.093200 0.773000
v 0.100586 0.095300 0.773586
v 0.100586 0.093200 0.773586
v 0.100000 0.095300 0.775000
v 0.100000 0.093200 0.775000
v 0.100000 0.095300 0.775000
v 0.100000 0.093200 0.775000
v 0.100586 0.095300 0.776414
v 0.100586 0.093200 0.776414
v 0.102000 0.095300 0.777000
v 0.102000 0.093200 0.777000
v 0.103414 0.095300 0.776414
v 0.103414 0.093200 0.776414
v 0.104000 0.095300 0.775000
v 0.104000 0.093200 0.775000
v 0.099750 0.091300 0.775000
v 0.100409 0.095300 0.776591
v 0.100409 0.091300 0.776591
v 0.102000 0.095300 0.777250
v 0.102000 0.091300 0.777250
v 0.103591 0.095300 0.776591
v 0.103591 0.091300 0.776591
v 0.104250 0.095300 0.775000
v 0.104250 0.091300 0.775000
v 0.099750 0.095300 0.775000
v 0.104250 0.091300 0.775000
v 0.103591 0.095300 0.773409
v 0.103591 0.091300 0.773409
v 0.102000 0.095300 0.772750
v 0.102000 0.091300 0.772750
v 0.100409 0.095300 0.773409
v 0.100409 0.091300 0.773409
v 0.099750 0.095300 0.775000
v 0.099750 0.091300 0.775000
v 0.104250 0.095300 0.775000
v 0.102000 0.095300 0.777000
v 0.102000 0.095300 0.777250
v 0.100586 0.095300 0.776414
v 0.100409 0.095300 0.776591
v 0.100000 0.095300 0.775000
v 0.099750 0.095300 0.775000
v 0.100586 0.095300 0.773586
v 0.100409 0.095300 0.773409
v 0.102000 0.095300 0.773000
v 0.102000 0.095300 0.772750
v 0.103414 0.095300 0.773586
v 0.103591 0.095300 0.773409
v 0.104000 0.095300 0.775000
v 0.104250 0.095300 0.775000
v 0.103414 0.095300 0.776414
v 0.103591 0.095300 0.776591
v 0.007228 0.091000 0.828694
v 0.007355 0.091000 0.829354
v 0.007747 0.093200 0.829947
v 0.007946 0.091000 0.830118
v 0.009000 0.093200 0.830466
v 0.008849 0.091000 0.830460
v 0.009798 0.091000 0.830276
v 0.010773 0.091000 0.828694
v 0.010773 0.093200 0.828694
v 0.010509 0.091000 0.829623
v 0.010253 0.093200 0.829947
v 0.007228 0.093200 0.828694
v 0.010773 0.093200 0.828694
v 0.010773 0.091000 0.828694
v 0.010253 0.093200 0.827440
v 0.010253 0.091000 0.827440
v 0.009000 0.093200 0.826921
v 0.009000 0.091000 0.826921
v 0.007747 0.093200 0.827440
v 0.007747 0.091000 0.827440
v 0.007228 0.093200 0.828694
v 0.007228 0.091000 0.828694
v 0.007355 0.091000 0.829354
v 0.006750 0.091000 0.828694
v 0.007946 0.091000 0.830118
v 0.007409 0.091000 0.830285
v 0.008849 0.091000 0.830460
v 0.009000 0.091000 0.830944
v 0.009798 0.091000 0.830276
v 0.010591 0.091000 0.830285
v 0.010509 0.091000 0.829623
v 0.010773 0.091000 0.828694
v 0.011250 0.091000 0.828694
v 0.010253 0.091000 0.827440
v 0.010591 0.091000 0.827103
v 0.009000 0.091000 0.826921
v 0.009000 0.091000 0.826444
v 0.007409 0.091000 0.827103
v 0.007747 0.091000 0.827440
v 0.007228 0.091000 0.828694
v 0.009000 0.093200 0.826921
v 0.009000 0.093200 0.826694
v 0.010253 0.093200 0.827440
v 0.010414 0.093200 0.827279
v 0.010773 0.093200 0.828694
v 0.011000 0.093200 0.828694
v 0.010253 0.093200 0.829947
v 0.010414 0.093200 0.830108
v 0.009000 0.093200 0.830466
v 0.009000 0.093200 0.830694
v 0.007747 0.093200 0.829947
v 0.007586 0.093200 0.830108
v 0.007228 0.093200 0.828694
v 0.007000 0.093200 0.828694
v 0.007747 0.093200 0.827440
v 0.007586 0.093200 0.827279
v 0.011250 0.091300 0.828694
v 0.010591 0.091000 0.830285
v 0.010591 0.091300 0.830285
v 0.009000 0.091000 0.830944
v 0.009000 0.091300 0.830944
v 0.007409 0.091000 0.830285
v 0.007409 0.091300 0.830285
v 0.006750 0.091000 0.828694
v 0.006750 0.091300 0.828694
v 0.011250 0.091000 0.828694
v 0.006750 0.091300 0.828694
v 0.007409 0.091000 0.827103
v 0.007409 0.091300 0.827103
v 0.009000 0.091000 0.826444
v 0.009000 0.091300 0.826444
v 0.010591 0.091000 0.827103
v 0.010591 0.091300 0.827103
v 0.011250 0.091000 0.828694
v 0.011250 0.091300 0.828694
v 0.006750 0.091000 0.828694
v 0.011000 0.095300 0.828694
v 0.011000 0.093200 0.828694
v 0.010414 0.095300 0.827279
v 0.010414 0.093200 0.827279
v 0.009000 0.095300 0.826694
v 0.009000 0.093200 0.826694
v 0.007586 0.095300 0.827279
v 0.007586 0.093200 0.827279
v 0.007000 0.095300 0.828694
v 0.007000 0.093200 0.828694
v 0.007000 0.095300 0.828694
v 0.007000 0.093200 0.828694
v 0.007586 0.095300 0.830108
v 0.007586 0.093200 0.830108
v 0.009000 0.095300 0.830694
v 0.009000 0.093200 0.830694
v 0.010414 0.095300 0.830108
v 0.010414 0.093200 0.830108
v 0.011000 0.095300 0.828694
v 0.011000 0.093200 0.828694
v 0.006750 0.091300 0.828694
v 0.007409 0.095300 0.830285
v 0.007409 0.091300 0.830285
v 0.009000 0.095300 0.830944
v 0.009000 0.091300 0.830944
v 0.010591 0.095300 0.830285
v 0.010591 0.091300 0.830285
v 0.011250 0.095300 0.828694
v 0.011250 0.091300 0.828694
v 0.006750 0.095300 0.828694
v 0.011250 0.091300 0.828694
v 0.010591 0.095300 0.827103
v 0.010591 0.091300 0.827103
v 0.009000 0.095300 0.826444
v 0.009000 0.091300 0.826444
v 0.007409 0.095300 0.827103
v 0.007409 0.091300 0.827103
v 0.006750 0.095300 0.828694
v 0.006750 0.091300 0.828694
v 0.011250 0.095300 0.828694
v 0.009000 0.095300 0.830694
v 0.009000 0.095300 0.830944
v 0.007586 0.095300 0.830108
v 0.007409 0.095300 0.830285
v 0.007000 0.095300 0.828694
v 0.006750 0.095300 0.828694
v 0.007586 0.095300 0.827279
v 0.007409 0.095300 0.827103
v 0.009000 0.095300 0.826694
v 0.009000 0.095300 0.826444
v 0.010414 0.095300 0.827279
v 0.010591 0.095300 0.827103
v 0.011000 0.095300 0.828694
v 0.011250 0.095300 0.828694
v 0.010414 0.095300 0.830108
v 0.010591 0.095300 0.830285
v 0.069228 0.091000 0.828694
v 0.069355 0.091000 0.829354
v 0.069747 0.093200 0.829947
v 0.069946 0.091000 0.830118
v 0.071000 0.093200 0.830466
v 0.070849 0.091000 0.830460
v 0.071798 0.091000 0.830276
v 0.072773 0.091000 0.828694
v 0.072773 0.093200 0.828694
v 0.072509 0.091000 0.829623
v 0.072253 0.093200 0.829947
v 0.069228 0.093200 0.828694
v 0.072773 0.093200 0.828694
v 0.072773 0.091000 0.828694
v 0.072253 0.093200 0.827440
v 0.072253 0.091000 0.827440
v 0.071000 0.093200 0.826921
v 0.071000 0.091000 0.826921
v 0.069747 0.093200 0.827440
v 0.069747 0.091000 0.827440
v 0.069228 0.093200 0.828694
v 0.069228 0.091000 0.828694
v 0.069355 0.091000 0.829354
v 0.068750 0.091000 0.828694
v 0.069946 0.091000 0.830118
v 0.069409 0.091000 0.830285
v 0.070849 0.091000 0.830460
v 0.071000 0.091000 0.830944
v 0.071798 0.091000 0.830276
v 0.072591 0.091000 0.830285
v 0.072509 0.091000 0.829623
v 0.072773 0.091000 0.828694
v 0.073250 0.091000 0.828694
v 0.072253 0.091000 0.827440
v 0.072591 0.091000 0.827103
v 0.071000 0.091000 0.826921
v 0.071000 0.091000 0.826444
v 0.069409 0.091000 0.827103
v 0.069747 0.091000 0.827440
v 0.069228 0.091000 0.828694
v 0.071000 0.093200 0.826921
v 0.071000 0.093200 0.826694
v 0.072253 0.093200 0.827440
v 0.072414 0.093200 0.827279
v 0.072773 0.093200 0.828694
v 0.073000 0.093200 0.828694
v 0.072253 0.093200 0.829947
v 0.072414 0.093200 0.830108
v 0.071000 0.093200 0.830466
v 0.071000 0.093200 0.830694
v 0.069747 0.093200 0.829947
v 0.069586 0.093200 0.830108
v 0.069228 0.093200 0.828694
v 0.069000 0.093200 0.828694
v 0.069747 0.093200 0.827440
v 0.069586 0.093200 0.827279
v 0.073250 0.091300 0.828694
v 0.072591 0.091000 0.830285
v 0.072591 0.091300 0.830285
v 0.071000 0.091000 0.830944
v 0.071000 0.091300 0.830944
v 0.069409 0.091000 0.830285
v 0.069409 0.091300 0.830285
v 0.068750 0.091000 0.828694
v 0.068750 0.091300 0.828694
v 0.073250 0.091000 0.828694
v 0.068750 0.091300 0.828694
v 0.069409 0.091000 0.827103
v 0.069409 0.091300 0.827103
v 0.071000 0.091000 0.826444
v 0.071000 0.091300 0.826444
v 0.072591 0.091000 0.827103
v 0.072591 0.091300 0.827103
v 0.073250 0.091000 0.828694
v 0.073250 0.091300 0.828694
v 0.068750 0.091000 0.828694
v 0.073000 0.095300 0.828694
v 0.073000 0.093200 0.828694
v 0.072414 0.095300 0.827279
v 0.072414 0.093200 0.827279
v 0.071000 0.095300 0.826694
v 0.071000 0.093200 0.826694
v 0.069586 0.095300 0.827279
v 0.069586 0.093200 0.827279
v 0.069000 0.095300 0.828694
v 0.069000 0.093200 0.828694
v 0.069000 0.095300 0.828694
v 0.069000 0.093200 0.828694
v 0.069586 0.095300 0.830108
v 0.069586 0.093200 0.830108
v 0.071000 0.095300 0.830694
v 0.071000 0.093200 0.830694
v 0.072414 0.095300 0.830108
v 0.072414 0.093200 0.830108
v 0.073000 0.095300 0.828694
v 0.073000 0.093200 0.828694
v 0.068750 0.091300 0.828694
v 0.069409 0.095300 0.830285
v 0.069409 0.091300 0.830285
v 0.071000 0.095300 0.830944
v 0.071000 0.091300 0.830944
v 0.072591 0.095300 0.830285
v 0.072591 0.091300 0.830285
v 0.073250 0.095300 0.828694
v 0.073250 0.091300 0.828694
v 0.068750 0.095300 0.828694
v 0.073250 0.091300 0.828694
v 0.072591 0.095300 0.827103
v 0.072591 0.091300 0.827103
v 0.071000 0.095300 0.826444
v 0.071000 0.091300 0.826444
v 0.069409 0.095300 0.827103
v 0.069409 0.091300 0.827103
v 0.068750 0.095300 0.828694
v 0.068750 0.091300 0.828694
v 0.073250 0.095300 0.828694
v 0.071000 0.095300 0.830694
v 0.071000 0.095300 0.830944
v 0.069586 0.095300 0.830108
v 0.069409 0.095300 0.830285
v 0.069000 0.095300 0.828694
v 0.068750 0.095300 0.828694
v 0.069586 0.095300 0.827279
v 0.069409 0.095300 0.827103
v 0.071000 0.095300 0.826694
v 0.071000 0.095300 0.826444
v 0.072414 0.095300 0.827279
v 0.072591 0.095300 0.827103
v 0.073000 0.095300 0.828694
v 0.073250 0.095300 0.828694
v 0.072414 0.095300 0.830108
v 0.072591 0.095300 0.830285
v 0.099350 -0.091200 0.408000
v 0.099833 -0.091200 0.406833
v 0.099833 -0.091200 0.409167
v 0.101000 -0.091200 0.406350
v 0.101000 -0.091200 0.409650
v 0.102167 -0.091200 0.406833
v 0.102167 -0.091200 0.409167
v 0.102650 -0.091200 0.408000
v 0.102650 -0.091500 0.408000
v 0.102167 -0.091200 0.406833
v 0.102167 -0.091500 0.406833
v 0.101000 -0.091200 0.406350
v 0.101000 -0.091500 0.406350
v 0.099833 -0.091200 0.406833
v 0.099833 -0.091500 0.406833
v 0.099350 -0.091200 0.408000
v 0.099350 -0.091500 0.408000
v 0.102650 -0.091200 0.408000
v 0.099665 -0.091500 0.408970
v 0.099833 -0.091200 0.409167
v 0.100490 -0.091500 0.409569
v 0.101000 -0.091200 0.409650
v 0.101510 -0.091500 0.409569
v 0.102167 -0.091200 0.409167
v 0.102335 -0.091500 0.408970
v 0.102650 -0.091200 0.408000
v 0.102650 -0.091500 0.408000
v 0.099350 -0.091500 0.408000
v 0.099350 -0.091200 0.408000
v 0.099350 -0.095840 0.408000
v 0.099665 -0.091500 0.408970
v 0.099833 -0.095840 0.409167
v 0.100490 -0.091500 0.409569
v 0.101000 -0.095840 0.409650
v 0.101510 -0.091500 0.409569
v 0.102167 -0.095840 0.409167
v 0.102335 -0.091500 0.408970
v 0.102650 -0.091500 0.408000
v 0.099350 -0.091500 0.408000
v 0.102650 -0.095840 0.408000
v 0.102650 -0.095840 0.408000
v 0.102167 -0.091500 0.406833
v 0.102167 -0.095840 0.406833
v 0.101000 -0.091500 0.406350
v 0.101000 -0.095840 0.406350
v 0.099833 -0.091500 0.406833
v 0.099833 -0.095840 0.406833
v 0.099350 -0.091500 0.408000
v 0.099350 -0.095840 0.408000
v 0.102650 -0.091500 0.408000
v 0.101000 -0.095840 0.406350
v 0.099833 -0.095840 0.406833
v 0.102167 -0.095840 0.406833
v 0.099350 -0.095840 0.408000
v 0.102650 -0.095840 0.408000
v 0.099833 -0.095840 0.409167
v 0.102167 -0.095840 0.409167
v 0.101000 -0.095840 0.409650
v -0.029650 -0.091200 0.692000
v -0.029167 -0.091200 0.690833
v -0.029167 -0.091200 0.693167
v -0.028000 -0.091200 0.690350
v -0.028000 -0.091200 0.693650
v -0.026833 -0.091200 0.690833
v -0.026833 -0.091200 0.693167
v -0.026350 -0.091200 0.692000
v -0.026350 -0.091500 0.692000
v -0.026833 -0.091200 0.690833
v -0.026833 -0.091500 0.690833
v -0.028000 -0.091200 0.690350
v -0.028000 -0.091500 0.690350
v -0.029167 -0.091200 0.690833
v -0.029167 -0.091500 0.690833
v -0.029650 -0.091200 0.692000
v -0.029650 -0.091500 0.692000
v -0.026350 -0.091200 0.692000
v -0.029335 -0.091500 0.692970
v -0.029167 -0.091200 0.693167
v -0.028510 -0.091500 0.693569
v -0.028000 -0.091200 0.693650
v -0.027490 -0.091500 0.693569
v -0.026833 -0.091200 0.693167
v -0.026665 -0.091500 0.692970
v -0.026350 -0.091200 0.692000
v -0.026350 -0.091500 0.692000
v -0.029650 -0.091500 0.692000
v -0.029650 -0.091200 0.692000
v -0.029650 -0.095840 0.692000
v -0.029335 -0.091500 0.692970
v -0.029167 -0.095840 0.693167
v -0.028510 -0.091500 0.693569
v -0.028000 -0.095840 0.693650
v -0.027490 -0.091500 0.693569
v -0.026833 -0.095840 0.693167
v -0.026665 -0.091500 0.692970
v -0.026350 -0.091500 0.692000
v -0.029650 -0.091500 0.692000
v -0.026350 -0.095840 0.692000
v -0.026350 -0.095840 0.692000
v -0.026833 -0.091500 0.690833
v -0.026833 -0.095840 0.690833
v -0.028000 -0.091500 0.690350
v -0.028000 -0.095840 0.690350
v -0.029167 -0.091500 0.690833
v -0.029167 -0.095840 0.690833
v -0.029650 -0.091500 0.692000
v -0.029650 -0.095840 0.692000
v -0.026350 -0.091500 0.692000
v -0.028000 -0.095840 0.690350
v -0.029167 -0.095840 0.690833
v -0.026833 -0.095840 0.690833
v -0.029650 -0.095840 0.692000
v -0.026350 -0.095840 0.692000
v -0.029167 -0.095840 0.693167
v -0.026833 -0.095840 0.693167
v -0.028000 -0.095840 0.693650
v -0.023650 -0.091200 0.768000
v -0.023167 -0.091200 0.766833
v -0.023167 -0.091200 0.769167
v -0.022000 -0.091200 0.766350
v -0.022000 -0.091200 0.769650
v -0.020833 -0.091200 0.766833
v -0.020833 -0.091200 0.769167
v -0.020350 -0.091200 0.768000
v -0.020350 -0.091500 0.768000
v -0.020833 -0.091200 0.766833
v -0.020833 -0.091500 0.766833
v -0.022000 -0.091200 0.766350
v -0.022000 -0.091500 0.766350
v -0.023167 -0.091200 0.766833
v -0.023167 -0.091500 0.766833
v -0.023650 -0.091200 0.768000
v -0.023650 -0.091500 0.768000
v -0.020350 -0.091200 0.768000
v -0.023335 -0.091500 0.768970
v -0.023167 -0.091200 0.769167
v -0.022510 -0.091500 0.769569
v -0.022000 -0.091200 0.769650
v -0.021490 -0.091500 0.769569
v -0.020833 -0.091200 0.769167
v -0.020665 -0.091500 0.768970
v -0.020350 -0.091200 0.768000
v -0.020350 -0.091500 0.768000
v -0.023650 -0.091500 0.768000
v -0.023650 -0.091200 0.768000
v -0.023650 -0.095840 0.768000
v -0.023335 -0.091500 0.768970
v -0.023167 -0.095840 0.769167
v -0.022510 -0.091500 0.769569
v -0.022000 -0.095840 0.769650
v -0.021490 -0.091500 0.769569
v -0.020833 -0.095840 0.769167
v -0.020665 -0.091500 0.768970
v -0.020350 -0.091500 0.768000
v -0.023650 -0.091500 0.768000
v -0.020350 -0.095840 0.768000
v -0.020350 -0.095840 0.768000
v -0.020833 -0.091500 0.766833
v -0.020833 -0.095840 0.766833
v -0.022000 -0.091500 0.766350
v -0.022000 -0.095840 0.766350
v -0.023167 -0.091500 0.766833
v -0.023167 -0.095840 0.766833
v -0.023650 -0.091500 0.768000
v -0.023650 -0.095840 0.768000
v -0.020350 -0.091500 0.768000
v -0.022000 -0.095840 0.766350
v -0.023167 -0.095840 0.766833
v -0.020833 -0.095840 0.766833
v -0.023650 -0.095840 0.768000
v -0.020350 -0.095840 0.768000
v -0.023167 -0.095840 0.769167
v -0.020833 -0.095840 0.769167
v -0.022000 -0.095840 0.769650
v -0.000225 -0.091500 0.265798
v 0.000055 -0.091200 0.266127
v 0.001150 -0.091500 0.266797
v 0.002000 -0.091200 0.266932
v 0.002850 -0.091500 0.266797
v 0.003945 -0.091200 0.266127
v 0.004225 -0.091500 0.265798
v 0.004750 -0.091200 0.264182
v 0.004750 -0.091500 0.264182
v -0.000750 -0.091500 0.264182
v -0.000750 -0.091200 0.264182
v 0.004750 -0.091500 0.264182
v 0.003945 -0.091200 0.262238
v 0.003945 -0.091500 0.262238
v 0.002000 -0.091200 0.261432
v 0.002000 -0.091500 0.261432
v 0.000055 -0.091200 0.262238
v 0.000055 -0.091500 0.262238
v -0.000750 -0.091200 0.264182
v -0.000750 -0.091500 0.264182
v 0.004750 -0.091200 0.264182
v 0.004240 -0.091200 0.264182
v 0.003584 -0.091200 0.262598
v 0.003945 -0.091200 0.262238
v 0.002000 -0.091200 0.261942
v 0.002000 -0.091200 0.261432
v 0.000416 -0.091200 0.262598
v 0.000055 -0.091200 0.262238
v -0.000240 -0.091200 0.264182
v -0.000750 -0.091200 0.264182
v 0.000416 -0.091200 0.265766
v 0.000055 -0.091200 0.266127
v 0.002000 -0.091200 0.266422
v 0.002000 -0.091200 0.266932
v 0.003584 -0.091200 0.265766
v 0.003945 -0.091200 0.266127
v 0.004750 -0.091200 0.264182
v 0.004240 -0.093800 0.264182
v 0.004240 -0.091200 0.264182
v 0.003584 -0.093800 0.265766
v 0.003584 -0.091200 0.265766
v 0.002000 -0.093800 0.266422
v 0.002000 -0.091200 0.266422
v 0.000416 -0.093800 0.265766
v 0.000416 -0.091200 0.265766
v -0.000240 -0.093800 0.264182
v -0.000240 -0.091200 0.264182
v -0.000240 -0.093800 0.264182
v -0.000240 -0.091200 0.264182
v 0.000416 -0.093800 0.262598
v 0.000416 -0.091200 0.262598
v 0.002000 -0.093800 0.261942
v 0.002000 -0.091200 0.261942
v 0.003584 -0.093800 0.262598
v 0.003584 -0.091200 0.262598
v 0.004240 -0.093800 0.264182
v 0.004240 -0.091200 0.264182
v 0.002000 -0.093800 0.261942
v 0.002000 -0.093800 0.261682
v 0.000416 -0.093800 0.262598
v 0.000232 -0.093800 0.262414
v -0.000240 -0.093800 0.264182
v -0.000500 -0.093800 0.264182
v 0.000416 -0.093800 0.265766
v 0.000232 -0.093800 0.265950
v 0.002000 -0.093800 0.266422
v 0.002000 -0.093800 0.266682
v 0.003584 -0.093800 0.265766
v 0.003768 -0.093800 0.265950
v 0.004240 -0.093800 0.264182
v 0.004500 -0.093800 0.264182
v 0.003584 -0.093800 0.262598
v 0.003768 -0.093800 0.262414
v -0.000500 -0.096200 0.264182
v -0.000500 -0.093800 0.264182
v 0.000232 -0.096200 0.262414
v 0.000232 -0.093800 0.262414
v 0.002000 -0.096200 0.261682
v 0.002000 -0.093800 0.261682
v 0.003768 -0.096200 0.262414
v 0.003768 -0.093800 0.262414
v 0.004500 -0.096200 0.264182
v 0.004500 -0.093800 0.264182
v 0.004500 -0.096200 0.264182
v 0.004500 -0.093800 0.264182
v 0.003768 -0.096200 0.265950
v 0.003768 -0.093800 0.265950
v 0.002000 -0.096200 0.266682
v 0.002000 -0.093800 0.266682
v 0.000232 -0.096200 0.265950
v 0.000232 -0.093800 0.265950
v -0.000500 -0.096200 0.264182
v -0.000500 -0.093800 0.264182
v 0.004225 -0.091500 0.265798
v 0.003945 -0.096200 0.266127
v 0.002850 -0.091500 0.266797
v 0.002000 -0.096200 0.266932
v 0.001150 -0.091500 0.266797
v 0.000055 -0.096200 0.266127
v -0.000225 -0.091500 0.265798
v -0.000750 -0.096200 0.264182
v -0.000750 -0.091500 0.264182
v 0.004750 -0.091500 0.264182
v 0.004750 -0.096200 0.264182
v -0.000750 -0.091500 0.264182
v 0.000055 -0.096200 0.262238
v 0.000055 -0.091500 0.262238
v 0.002000 -0.096200 0.261432
v 0.002000 -0.091500 0.261432
v 0.003945 -0.096200 0.262238
v 0.003945 -0.091500 0.262238
v 0.004750 -0.096200 0.264182
v 0.004750 -0.091500 0.264182
v -0.000750 -0.096200 0.264182
v -0.000500 -0.096200 0.264182
v -0.000750 -0.096200 0.264182
v 0.000232 -0.096200 0.265950
v 0.000055 -0.096200 0.266127
v 0.002000 -0.096200 0.266682
v 0.002000 -0.096200 0.266932
v 0.003768 -0.096200 0.265950
v 0.003945 -0.096200 0.266127
v 0.004500 -0.096200 0.264182
v 0.004750 -0.096200 0.264182
v 0.003768 -0.096200 0.262414
v 0.003945 -0.096200 0.262238
v 0.002000 -0.096200 0.261682
v 0.002000 -0.096200 0.261432
v 0.000232 -0.096200 0.262414
v 0.000055 -0.096200 0.262238
v 0.075775 -0.091500 0.265798
v 0.076055 -0.091200 0.266127
v 0.077150 -0.091500 0.266797
v 0.078000 -0.091200 0.266932
v 0.078850 -0.091500 0.266797
v 0.079945 -0.091200 0.266127
v 0.080225 -0.091500 0.265798
v 0.080750 -0.091200 0.264182
v 0.080750 -0.091500 0.264182
v 0.075250 -0.091500 0.264182
v 0.075250 -0.091200 0.264182
v 0.080750 -0.091500 0.264182
v 0.079945 -0.091200 0.262238
v 0.079945 -0.091500 0.262238
v 0.078000 -0.091200 0.261432
v 0.078000 -0.091500 0.261432
v 0.076055 -0.091200 0.262238
v 0.076055 -0.091500 0.262238
v 0.075250 -0.091200 0.264182
v 0.075250 -0.091500 0.264182
v 0.080750 -0.091200 0.264182
v 0.080240 -0.091200 0.264182
v 0.079584 -0.091200 0.262598
v 0.079945 -0.091200 0.262238
v 0.078000 -0.091200 0.261942
v 0.078000 -0.091200 0.261432
v 0.076416 -0.091200 0.262598
v 0.076055 -0.091200 0.262238
v 0.075760 -0.091200 0.264182
v 0.075250 -0.091200 0.264182
v 0.076416 -0.091200 0.265766
v 0.076055 -0.091200 0.266127
v 0.078000 -0.091200 0.266422
v 0.078000 -0.091200 0.266932
v 0.079584 -0.091200 0.265766
v 0.079945 -0.091200 0.266127
v 0.080750 -0.091200 0.264182
v 0.080240 -0.093800 0.264182
v 0.080240 -0.091200 0.264182
v 0.079584 -0.093800 0.265766
v 0.079584 -0.091200 0.265766
v 0.078000 -0.093800 0.266422
v 0.078000 -0.091200 0.266422
v 0.076416 -0.093800 0.265766
v 0.076416 -0.091200 0.265766
v 0.075760 -0.093800 0.264182
v 0.075760 -0.091200 0.264182
v 0.075760 -0.093800 0.264182
v 0.075760 -0.091200 0.264182
v 0.076416 -0.093800 0.262598
v 0.076416 -0.091200 0.262598
v 0.078000 -0.093800 0.261942
v 0.078000 -0.091200 0.261942
v 0.079584 -0.093800 0.262598
v 0.079584 -0.091200 0.262598
v 0.080240 -0.093800 0.264182
v 0.080240 -0.091200 0.264182
v 0.078000 -0.093800 0.261942
v 0.078000 -0.093800 0.261682
v 0.076416 -0.093800 0.262598
v 0.076232 -0.093800 0.262414
v 0.075760 -0.093800 0.264182
v 0.075500 -0.093800 0.264182
v 0.076416 -0.093800 0.265766
v 0.076232 -0.093800 0.265950
v 0.078000 -0.093800 0.266422
v 0.078000 -0.093800 0.266682
v 0.079584 -0.093800 0.265766
v 0.079768 -0.093800 0.265950
v 0.080240 -0.093800 0.264182
v 0.080500 -0.093800 0.264182
v 0.079584 -0.093800 0.262598
v 0.079768 -0.093800 0.262414
v 0.075500 -0.096200 0.264182
v 0.075500 -0.093800 0.264182
v 0.076232 -0.096200 0.262414
v 0.076232 -0.093800 0.262414
v 0.078000 -0.096200 0.261682
v 0.078000 -0.093800 0.261682
v 0.079768 -0.096200 0.262414
v 0.079768 -0.093800 0.262414
v 0.080500 -0.096200 0.264182
v 0.080500 -0.093800 0.264182
v 0.080500 -0.096200 0.264182
v 0.080500 -0.093800 0.264182
v 0.079768 -0.096200 0.265950
v 0.079768 -0.093800 0.265950
v 0.078000 -0.096200 0.266682
v 0.078000 -0.093800 0.266682
v 0.076232 -0.096200 0.265950
v 0.076232 -0.093800 0.265950
v 0.075500 -0.096200 0.264182
v 0.075500 -0.093800 0.264182
v 0.080225 -0.091500 0.265798
v 0.079945 -0.096200 0.266127
v 0.078850 -0.091500 0.266797
v 0.078000 -0.096200 0.266932
v 0.077150 -0.091500 0.266797
v 0.076055 -0.096200 0.266127
v 0.075775 -0.091500 0.265798
v 0.075250 -0.096200 0.264182
v 0.075250 -0.091500 0.264182
v 0.080750 -0.091500 0.264182
v 0.080750 -0.096200 0.264182
v 0.075250 -0.091500 0.264182
v 0.076055 -0.096200 0.262238
v 0.076055 -0.091500 0.262238
v 0.078000 -0.096200 0.261432
v 0.078000 -0.091500 0.261432
v 0.079945 -0.096200 0.262238
v 0.079945 -0.091500 0.262238
v 0.080750 -0.096200 0.264182
v 0.080750 -0.091500 0.264182
v 0.075250 -0.096200 0.264182
v 0.075500 -0.096200 0.264182
v 0.075250 -0.096200 0.264182
v 0.076232 -0.096200 0.265950
v 0.076055 -0.096200 0.266127
v 0.078000 -0.096200 0.266682
v 0.078000 -0.096200 0.266932
v 0.079768 -0.096200 0.265950
v 0.079945 -0.096200 0.266127
v 0.080500 -0.096200 0.264182
v 0.080750 -0.096200 0.264182
v 0.079768 -0.096200 0.262414
v 0.079945 -0.096200 0.262238
v 0.078000 -0.096200 0.261682
v 0.078000 -0.096200 0.261432
v 0.076232 -0.096200 0.262414
v 0.076055 -0.096200 0.262238
v 0.113775 -0.091500 0.331616
v 0.114055 -0.091200 0.331945
v 0.115150 -0.091500 0.332615
v 0.116000 -0.091200 0.332750
v 0.116850 -0.091500 0.332615
v 0.117945 -0.091200 0.331945
v 0.118225 -0.091500 0.331616
v 0.118750 -0.091200 0.330000
v 0.118750 -0.091500 0.330000
v 0.113250 -0.091500 0.330000
v 0.113250 -0.091200 0.330000
v 0.118750 -0.091500 0.330000
v 0.117945 -0.091200 0.328055
v 0.117945 -0.091500 0.328055
v 0.116000 -0.091200 0.327250
v 0.116000 -0.091500 0.327250
v 0.114055 -0.091200 0.328055
v 0.114055 -0.091500 0.328055
v 0.113250 -0.091200 0.330000
v 0.113250 -0.091500 0.330000
v 0.118750 -0.091200 0.330000
v 0.118240 -0.091200 0.330000
v 0.117584 -0.091200 0.328416
v 0.117945 -0.091200 0.328055
v 0.116000 -0.091200 0.327760
v 0.116000 -0.091200 0.327250
v 0.114416 -0.091200 0.328416
v 0.114055 -0.091200 0.328055
v 0.113760 -0.091200 0.330000
v 0.113250 -0.091200 0.330000
v 0.114416 -0.091200 0.331584
v 0.114055 -0.091200 0.331945
v 0.116000 -0.091200 0.332240
v 0.116000 -0.091200 0.332750
v 0.117584 -0.091200 0.331584
v 0.117945 -0.091200 0.331945
v 0.118750 -0.091200 0.330000
v 0.118240 -0.093800 0.330000
v 0.118240 -0.091200 0.330000
v 0.117584 -0.093800 0.331584
v 0.117584 -0.091200 0.331584
v 0.116000 -0.093800 0.332240
v 0.116000 -0.091200 0.332240
v 0.114416 -0.093800 0.331584
v 0.114416 -0.091200 0.331584
v 0.113760 -0.093800 0.330000
v 0.113760 -0.091200 0.330000
v 0.113760 -0.093800 0.330000
v 0.113760 -0.091200 0.330000
v 0.114416 -0.093800 0.328416
v 0.114416 -0.091200 0.328416
v 0.116000 -0.093800 0.327760
v 0.116000 -0.091200 0.327760
v 0.117584 -0.093800 0.328416
v 0.117584 -0.091200 0.328416
v 0.118240 -0.093800 0.330000
v 0.118240 -0.091200 0.330000
v 0.116000 -0.093800 0.327760
v 0.116000 -0.093800 0.327500
v 0.114416 -0.093800 0.328416
v 0.114232 -0.093800 0.328232
v 0.113760 -0.093800 0.330000
v 0.113500 -0.093800 0.330000
v 0.114416 -0.093800 0.331584
v 0.114232 -0.093800 0.331768
v 0.116000 -0.093800 0.332240
v 0.116000 -0.093800 0.332500
v 0.117584 -0.093800 0.331584
v 0.117768 -0.093800 0.331768
v 0.118240 -0.093800 0.330000
v 0.118500 -0.093800 0.330000
v 0.117584 -0.093800 0.328416
v 0.117768 -0.093800 0.328232
v 0.113500 -0.096200 0.330000
v 0.113500 -0.093800 0.330000
v 0.114232 -0.096200 0.328232
v 0.114232 -0.093800 0.328232
v 0.116000 -0.096200 0.327500
v 0.116000 -0.093800 0.327500
v 0.117768 -0.096200 0.328232
v 0.117768 -0.093800 0.328232
v 0.118500 -0.096200 0.330000
v 0.118500 -0.093800 0.330000
v 0.118500 -0.096200 0.330000
v 0.118500 -0.093800 0.330000
v 0.117768 -0.096200 0.331768
v 0.117768 -0.093800 0.331768
v 0.116000 -0.096200 0.332500
v 0.116000 -0.093800 0.332500
v 0.114232 -0.096200 0.331768
v 0.114232 -0.093800 0.331768
v 0.113500 -0.096200 0.330000
v 0.113500 -0.093800 0.330000
v 0.118225 -0.091500 0.331616
v 0.117945 -0.096200 0.331945
v 0.116850 -0.091500 0.332615
v 0.116000 -0.096200 0.332750
v 0.115150 -0.091500 0.332615
v 0.114055 -0.096200 0.331945
v 0.113775 -0.091500 0.331616
v 0.113250 -0.096200 0.330000
v 0.113250 -0.091500 0.330000
v 0.118750 -0.091500 0.330000
v 0.118750 -0.096200 0.330000
v 0.113250 -0.091500 0.330000
v 0.114055 -0.096200 0.328055
v 0.114055 -0.091500 0.328055
v 0.116000 -0.096200 0.327250
v 0.116000 -0.091500 0.327250
v 0.117945 -0.096200 0.328055
v 0.117945 -0.091500 0.328055
v 0.118750 -0.096200 0.330000
v 0.118750 -0.091500 0.330000
v 0.113250 -0.096200 0.330000
v 0.113500 -0.096200 0.330000
v 0.113250 -0.096200 0.330000
v 0.114232 -0.096200 0.331768
v 0.114055 -0.096200 0.331945
v 0.116000 -0.096200 0.332500
v 0.116000 -0.096200 0.332750
v 0.117768 -0.096200 0.331768
v 0.117945 -0.096200 0.331945
v 0.118500 -0.096200 0.330000
v 0.118750 -0.096200 0.330000
v 0.117768 -0.096200 0.328232
v 0.117945 -0.096200 0.328055
v 0.116000 -0.096200 0.327500
v 0.116000 -0.096200 0.327250
v 0.114232 -0.096200 0.328232
v 0.114055 -0.096200 0.328055
v -0.038225 -0.091500 0.331616
v -0.037945 -0.091200 0.331945
v -0.036850 -0.091500 0.332615
v -0.036000 -0.091200 0.332750
v -0.035150 -0.091500 0.332615
v -0.034056 -0.091200 0.331945
v -0.033775 -0.091500 0.331616
v -0.033250 -0.091200 0.330000
v -0.033250 -0.091500 0.330000
v -0.038750 -0.091500 0.330000
v -0.038750 -0.091200 0.330000
v -0.033250 -0.091500 0.330000
v -0.034056 -0.091200 0.328055
v -0.034056 -0.091500 0.328055
v -0.036000 -0.091200 0.327250
v -0.036000 -0.091500 0.327250
v -0.037945 -0.091200 0.328055
v -0.037945 -0.091500 0.328055
v -0.038750 -0.091200 0.330000
v -0.038750 -0.091500 0.330000
v -0.033250 -0.091200 0.330000
v -0.033760 -0.091200 0.330000
v -0.034416 -0.091200 0.328416
v -0.034056 -0.091200 0.328055
v -0.036000 -0.091200 0.327760
v -0.036000 -0.091200 0.327250
v -0.037584 -0.091200 0.328416
v -0.037945 -0.091200 0.328055
v -0.038240 -0.091200 0.330000
v -0.038750 -0.091200 0.330000
v -0.037584 -0.091200 0.331584
v -0.037945 -0.091200 0.331945
v -0.036000 -0.091200 0.332240
v -0.036000 -0.091200 0.332750
v -0.034416 -0.091200 0.331584
v -0.034056 -0.091200 0.331945
v -0.033250 -0.091200 0.330000
v -0.033760 -0.093800 0.330000
v -0.033760 -0.091200 0.330000
v -0.034416 -0.093800 0.331584
v -0.034416 -0.091200 0.331584
v -0.036000 -0.093800 0.332240
v -0.036000 -0.091200 0.332240
v -0.037584 -0.093800 0.331584
v -0.037584 -0.091200 0.331584
v -0.038240 -0.093800 0.330000
v -0.038240 -0.091200 0.330000
v -0.038240 -0.093800 0.330000
v -0.038240 -0.091200 0.330000
v -0.037584 -0.093800 0.328416
v -0.037584 -0.091200 0.328416
v -0.036000 -0.093800 0.327760
v -0.036000 -0.091200 0.327760
v -0.034416 -0.093800 0.328416
v -0.034416 -0.091200 0.328416
v -0.033760 -0.093800 0.330000
v -0.033760 -0.091200 0.330000
v -0.036000 -0.093800 0.327760
v -0.036000 -0.093800 0.327500
v -0.037584 -0.093800 0.328416
v -0.037768 -0.093800 0.328232
v -0.038240 -0.093800 0.330000
v -0.038500 -0.093800 0.330000
v -0.037584 -0.093800 0.331584
v -0.037768 -0.093800 0.331768
v -0.036000 -0.093800 0.332240
v -0.036000 -0.093800 0.332500
v -0.034416 -0.093800 0.331584
v -0.034232 -0.093800 0.331768
v -0.033760 -0.093800 0.330000
v -0.033500 -0.093800 0.330000
v -0.034416 -0.093800 0.328416
v -0.034232 -0.093800 0.328232
v -0.038500 -0.096200 0.330000
v -0.038500 -0.093800 0.330000
v -0.037768 -0.096200 0.328232
v -0.037768 -0.093800 0.328232
v -0.036000 -0.096200 0.327500
v -0.036000 -0.093800 0.327500
v -0.034232 -0.096200 0.328232
v -0.034232 -0.093800 0.328232
v -0.033500 -0.096200 0.330000
v -0.033500 -0.093800 0.330000
v -0.033500 -0.096200 0.330000
v -0.033500 -0.093800 0.330000
v -0.034232 -0.096200 0.331768
v -0.034232 -0.093800 0.331768
v -0.036000 -0.096200 0.332500
v -0.036000 -0.093800 0.332500
v -0.037768 -0.096200 0.331768
v -0.037768 -0.093800 0.331768
v -0.038500 -0.096200 0.330000
v -0.038500 -0.093800 0.330000
v -0.033775 -0.091500 0.331616
v -0.034056 -0.096200 0.331945
v -0.035150 -0.091500 0.332615
v -0.036000 -0.096200 0.332750
v -0.036850 -0.091500 0.332615
v -0.037945 -0.096200 0.331945
v -0.038225 -0.091500 0.331616
v -0.038750 -0.096200 0.330000
v -0.038750 -0.091500 0.330000
v -0.033250 -0.091500 0.330000
v -0.033250 -0.096200 0.330000
v -0.038750 -0.091500 0.330000
v -0.037945 -0.096200 0.328055
v -0.037945 -0.091500 0.328055
v -0.036000 -0.096200 0.327250
v -0.036000 -0.091500 0.327250
v -0.034056 -0.096200 0.328055
v -0.034056 -0.091500 0.328055
v -0.033250 -0.096200 0.330000
v -0.033250 -0.091500 0.330000
v -0.038750 -0.096200 0.330000
v -0.038500 -0.096200 0.330000
v -0.038750 -0.096200 0.330000
v -0.037768 -0.096200 0.331768
v -0.037945 -0.096200 0.331945
v -0.036000 -0.096200 0.332500
v -0.036000 -0.096200 0.332750
v -0.034232 -0.096200 0.331768
v -0.034056 -0.096200 0.331945
v -0.033500 -0.096200 0.330000
v -0.033250 -0.096200 0.330000
v -0.034232 -0.096200 0.328232
v -0.034056 -0.096200 0.328055
v -0.036000 -0.096200 0.327500
v -0.036000 -0.096200 0.327250
v -0.037768 -0.096200 0.328232
v -0.037945 -0.096200 0.328055
v -0.040225 -0.091500 0.416616
v -0.039945 -0.091200 0.416945
v -0.038850 -0.091500 0.417615
v -0.038000 -0.091200 0.417750
v -0.037150 -0.091500 0.417615
v -0.036056 -0.091200 0.416945
v -0.035775 -0.091500 0.416616
v -0.035250 -0.091200 0.415000
v -0.035250 -0.091500 0.415000
v -0.040750 -0.091500 0.415000
v -0.040750 -0.091200 0.415000
v -0.035250 -0.091500 0.415000
v -0.036056 -0.091200 0.413055
v -0.036056 -0.091500 0.413055
v -0.038000 -0.091200 0.412250
v -0.038000 -0.091500 0.412250
v -0.039945 -0.091200 0.413055
v -0.039945 -0.091500 0.413055
v -0.040750 -0.091200 0.415000
v -0.040750 -0.091500 0.415000
v -0.035250 -0.091200 0.415000
v -0.035760 -0.091200 0.415000
v -0.036416 -0.091200 0.413416
v -0.036056 -0.091200 0.413055
v -0.038000 -0.091200 0.412760
v -0.038000 -0.091200 0.412250
v -0.039584 -0.091200 0.413416
v -0.039945 -0.091200 0.413055
v -0.040240 -0.091200 0.415000
v -0.040750 -0.091200 0.415000
v -0.039584 -0.091200 0.416584
v -0.039945 -0.091200 0.416945
v -0.038000 -0.091200 0.417240
v -0.038000 -0.091200 0.417750
v -0.036416 -0.091200 0.416584
v -0.036056 -0.091200 0.416945
v -0.035250 -0.091200 0.415000
v -0.035760 -0.093800 0.415000
v -0.035760 -0.091200 0.415000
v -0.036416 -0.093800 0.416584
v -0.036416 -0.091200 0.416584
v -0.038000 -0.093800 0.417240
v -0.038000 -0.091200 0.417240
v -0.039584 -0.093800 0.416584
v -0.039584 -0.091200 0.416584
v -0.040240 -0.093800 0.415000
v -0.040240 -0.091200 0.415000
v -0.040240 -0.093800 0.415000
v -0.040240 -0.091200 0.415000
v -0.039584 -0.093800 0.413416
v -0.039584 -0.091200 0.413416
v -0.038000 -0.093800 0.412760
v -0.038000 -0.091200 0.412760
v -0.036416 -0.093800 0.413416
v -0.036416 -0.091200 0.413416
v -0.035760 -0.093800 0.415000
v -0.035760 -0.091200 0.415000
v -0.038000 -0.093800 0.412760
v -0.038000 -0.093800 0.412500
v -0.039584 -0.093800 0.413416
v -0.039768 -0.093800 0.413232
v -0.040240 -0.093800 0.415000
v -0.040500 -0.093800 0.415000
v -0.039584 -0.093800 0.416584
v -0.039768 -0.093800 0.416768
v -0.038000 -0.093800 0.417240
v -0.038000 -0.093800 0.417500
v -0.036416 -0.093800 0.416584
v -0.036232 -0.093800 0.416768
v -0.035760 -0.093800 0.415000
v -0.035500 -0.093800 0.415000
v -0.036416 -0.093800 0.413416
v -0.036232 -0.093800 0.413232
v -0.040500 -0.096200 0.415000
v -0.040500 -0.093800 0.415000
v -0.039768 -0.096200 0.413232
v -0.039768 -0.093800 0.413232
v -0.038000 -0.096200 0.412500
v -0.038000 -0.093800 0.412500
v -0.036232 -0.096200 0.413232
v -0.036232 -0.093800 0.413232
v -0.035500 -0.096200 0.415000
v -0.035500 -0.093800 0.415000
v -0.035500 -0.096200 0.415000
v -0.035500 -0.093800 0.415000
v -0.036232 -0.096200 0.416768
v -0.036232 -0.093800 0.416768
v -0.038000 -0.096200 0.417500
v -0.038000 -0.093800 0.417500
v -0.039768 -0.096200 0.416768
v -0.039768 -0.093800 0.416768
v -0.040500 -0.096200 0.415000
v -0.040500 -0.093800 0.415000
v -0.035775 -0.091500 0.416616
v -0.036056 -0.096200 0.416945
v -0.037150 -0.091500 0.417615
v -0.038000 -0.096200 0.417750
v -0.038850 -0.091500 0.417615
v -0.039945 -0.096200 0.416945
v -0.040225 -0.091500 0.416616
v -0.040750 -0.096200 0.415000
v -0.040750 -0.091500 0.415000
v -0.035250 -0.091500 0.415000
v -0.035250 -0.096200 0.415000
v -0.040750 -0.091500 0.415000
v -0.039945 -0.096200 0.413055
v -0.039945 -0.091500 0.413055
v -0.038000 -0.096200 0.412250
v -0.038000 -0.091500 0.412250
v -0.036056 -0.096200 0.413055
v -0.036056 -0.091500 0.413055
v -0.035250 -0.096200 0.415000
v -0.035250 -0.091500 0.415000
v -0.040750 -0.096200 0.415000
v -0.040500 -0.096200 0.415000
v -0.040750 -0.096200 0.415000
v -0.039768 -0.096200 0.416768
v -0.039945 -0.096200 0.416945
v -0.038000 -0.096200 0.417500
v -0.038000 -0.096200 0.417750
v -0.036232 -0.096200 0.416768
v -0.036056 -0.096200 0.416945
v -0.035500 -0.096200 0.415000
v -0.035250 -0.096200 0.415000
v -0.036232 -0.096200 0.413232
v -0.036056 -0.096200 0.413055
v -0.038000 -0.096200 0.412500
v -0.038000 -0.096200 0.412250
v -0.039768 -0.096200 0.413232
v -0.039945 -0.096200 0.413055
v 0.098775 -0.091500 0.416616
v 0.099055 -0.091200 0.416945
v 0.100150 -0.091500 0.417615
v 0.101000 -0.091200 0.417750
v 0.101850 -0.091500 0.417615
v 0.102945 -0.091200 0.416945
v 0.103225 -0.091500 0.416616
v 0.103750 -0.091200 0.415000
v 0.103750 -0.091500 0.415000
v 0.098250 -0.091500 0.415000
v 0.098250 -0.091200 0.415000
v 0.103750 -0.091500 0.415000
v 0.102945 -0.091200 0.413055
v 0.102945 -0.091500 0.413055
v 0.101000 -0.091200 0.412250
v 0.101000 -0.091500 0.412250
v 0.099055 -0.091200 0.413055
v 0.099055 -0.091500 0.413055
v 0.098250 -0.091200 0.415000
v 0.098250 -0.091500 0.415000
v 0.103750 -0.091200 0.415000
v 0.103240 -0.091200 0.415000
v 0.102584 -0.091200 0.413416
v 0.102945 -0.091200 0.413055
v 0.101000 -0.091200 0.412760
v 0.101000 -0.091200 0.412250
v 0.099416 -0.091200 0.413416
v 0.099055 -0.091200 0.413055
v 0.098760 -0.091200 0.415000
v 0.098250 -0.091200 0.415000
v 0.099416 -0.091200 0.416584
v 0.099055 -0.091200 0.416945
v 0.101000 -0.091200 0.417240
v 0.101000 -0.091200 0.417750
v 0.102584 -0.091200 0.416584
v 0.102945 -0.091200 0.416945
v 0.103750 -0.091200 0.415000
v 0.103240 -0.093800 0.415000
v 0.103240 -0.091200 0.415000
v 0.102584 -0.093800 0.416584
v 0.102584 -0.091200 0.416584
v 0.101000 -0.093800 0.417240
v 0.101000 -0.091200 0.417240
v 0.099416 -0.093800 0.416584
v 0.099416 -0.091200 0.416584
v 0.098760 -0.093800 0.415000
v 0.098760 -0.091200 0.415000
v 0.098760 -0.093800 0.415000
v 0.098760 -0.091200 0.415000
v 0.099416 -0.093800 0.413416
v 0.099416 -0.091200 0.413416
v 0.101000 -0.093800 0.412760
v 0.101000 -0.091200 0.412760
v 0.102584 -0.093800 0.413416
v 0.102584 -0.091200 0.413416
v 0.103240 -0.093800 0.415000
v 0.103240 -0.091200 0.415000
v 0.101000 -0.093800 0.412760
v 0.101000 -0.093800 0.412500
v 0.099416 -0.093800 0.413416
v 0.099232 -0.093800 0.413232
v 0.098760 -0.093800 0.415000
v 0.098500 -0.093800 0.415000
v 0.099416 -0.093800 0.416584
v 0.099232 -0.093800 0.416768
v 0.101000 -0.093800 0.417240
v 0.101000 -0.093800 0.417500
v 0.102584 -0.093800 0.416584
v 0.102768 -0.093800 0.416768
v 0.103240 -0.093800 0.415000
v 0.103500 -0.093800 0.415000
v 0.102584 -0.093800 0.413416
v 0.102768 -0.093800 0.413232
v 0.098500 -0.096200 0.415000
v 0.098500 -0.093800 0.415000
v 0.099232 -0.096200 0.413232
v 0.099232 -0.093800 0.413232
v 0.101000 -0.096200 0.412500
v 0.101000 -0.093800 0.412500
v 0.102768 -0.096200 0.413232
v 0.102768 -0.093800 0.413232
v 0.103500 -0.096200 0.415000
v 0.103500 -0.093800 0.415000
v 0.103500 -0.096200 0.415000
v 0.103500 -0.093800 0.415000
v 0.102768 -0.096200 0.416768
v 0.102768 -0.093800 0.416768
v 0.101000 -0.096200 0.417500
v 0.101000 -0.093800 0.417500
v 0.099232 -0.096200 0.416768
v 0.099232 -0.093800 0.416768
v 0.098500 -0.096200 0.415000
v 0.098500 -0.093800 0.415000
v 0.103225 -0.091500 0.416616
v 0.102945 -0.096200 0.416945
v 0.101850 -0.091500 0.417615
v 0.101000 -0.096200 0.417750
v 0.100150 -0.091500 0.417615
v 0.099055 -0.096200 0.416945
v 0.098775 -0.091500 0.416616
v 0.098250 -0.096200 0.415000
v 0.098250 -0.091500 0.415000
v 0.103750 -0.091500 0.415000
v 0.103750 -0.096200 0.415000
v 0.098250 -0.091500 0.415000
v 0.099055 -0.096200 0.413055
v 0.099055 -0.091500 0.413055
v 0.101000 -0.096200 0.412250
v 0.101000 -0.091500 0.412250
v 0.102945 -0.096200 0.413055
v 0.102945 -0.091500 0.413055
v 0.103750 -0.096200 0.415000
v 0.103750 -0.091500 0.415000
v 0.098250 -0.096200 0.415000
v 0.098500 -0.096200 0.415000
v 0.098250 -0.096200 0.415000
v 0.099232 -0.096200 0.416768
v 0.099055 -0.096200 0.416945
v 0.101000 -0.096200 0.417500
v 0.101000 -0.096200 0.417750
v 0.102768 -0.096200 0.416768
v 0.102945 -0.096200 0.416945
v 0.103500 -0.096200 0.415000
v 0.103750 -0.096200 0.415000
v 0.102768 -0.096200 0.413232
v 0.102945 -0.096200 0.413055
v 0.101000 -0.096200 0.412500
v 0.101000 -0.096200 0.412250
v 0.099232 -0.096200 0.413232
v 0.099055 -0.096200 0.413055
v 0.076775 -0.091500 0.506616
v 0.077055 -0.091200 0.506945
v 0.078150 -0.091500 0.507615
v 0.079000 -0.091200 0.507750
v 0.079850 -0.091500 0.507615
v 0.080945 -0.091200 0.506945
v 0.081225 -0.091500 0.506616
v 0.081750 -0.091200 0.505000
v 0.081750 -0.091500 0.505000
v 0.076250 -0.091500 0.505000
v 0.076250 -0.091200 0.505000
v 0.081750 -0.091500 0.505000
v 0.080945 -0.091200 0.503055
v 0.080945 -0.091500 0.503055
v 0.079000 -0.091200 0.502250
v 0.079000 -0.091500 0.502250
v 0.077055 -0.091200 0.503055
v 0.077055 -0.091500 0.503055
v 0.076250 -0.091200 0.505000
v 0.076250 -0.091500 0.505000
v 0.081750 -0.091200 0.505000
v 0.081240 -0.091200 0.505000
v 0.080584 -0.091200 0.503416
v 0.080945 -0.091200 0.503055
v 0.079000 -0.091200 0.502760
v 0.079000 -0.091200 0.502250
v 0.077416 -0.091200 0.503416
v 0.077055 -0.091200 0.503055
v 0.076760 -0.091200 0.505000
v 0.076250 -0.091200 0.505000
v 0.077416 -0.091200 0.506584
v 0.077055 -0.091200 0.506945
v 0.079000 -0.091200 0.507240
v 0.079000 -0.091200 0.507750
v 0.080584 -0.091200 0.506584
v 0.080945 -0.091200 0.506945
v 0.081750 -0.091200 0.505000
v 0.081240 -0.093800 0.505000
v 0.081240 -0.091200 0.505000
v 0.080584 -0.093800 0.506584
v 0.080584 -0.091200 0.506584
v 0.079000 -0.093800 0.507240
v 0.079000 -0.091200 0.507240
v 0.077416 -0.093800 0.506584
v 0.077416 -0.091200 0.506584
v 0.076760 -0.093800 0.505000
v 0.076760 -0.091200 0.505000
v 0.076760 -0.093800 0.505000
v 0.076760 -0.091200 0.505000
v 0.077416 -0.093800 0.503416
v 0.077416 -0.091200 0.503416
v 0.079000 -0.093800 0.502760
v 0.079000 -0.091200 0.502760
v 0.080584 -0.093800 0.503416
v 0.080584 -0.091200 0.503416
v 0.081240 -0.093800 0.505000
v 0.081240 -0.091200 0.505000
v 0.079000 -0.093800 0.502760
v 0.079000 -0.093800 0.502500
v 0.077416 -0.093800 0.503416
v 0.077232 -0.093800 0.503232
v 0.076760 -0.093800 0.505000
v 0.076500 -0.093800 0.505000
v 0.077416 -0.093800 0.506584
v 0.077232 -0.093800 0.506768
v 0.079000 -0.093800 0.507240
v 0.079000 -0.093800 0.507500
v 0.080584 -0.093800 0.506584
v 0.080768 -0.093800 0.506768
v 0.081240 -0.093800 0.505000
v 0.081500 -0.093800 0.505000
v 0.080584 -0.093800 0.503416
v 0.080768 -0.093800 0.503232
v 0.076500 -0.096200 0.505000
v 0.076500 -0.093800 0.505000
v 0.077232 -0.096200 0.503232
v 0.077232 -0.093800 0.503232
v 0.079000 -0.096200 0.502500
v 0.079000 -0.093800 0.502500
v 0.080768 -0.096200 0.503232
v 0.080768 -0.093800 0.503232
v 0.081500 -0.096200 0.505000
v 0.081500 -0.093800 0.505000
v 0.081500 -0.096200 0.505000
v 0.081500 -0.093800 0.505000
v 0.080768 -0.096200 0.506768
v 0.080768 -0.093800 0.506768
v 0.079000 -0.096200 0.507500
v 0.079000 -0.093800 0.507500
v 0.077232 -0.096200 0.506768
v 0.077232 -0.093800 0.506768
v 0.076500 -0.096200 0.505000
v 0.076500 -0.093800 0.505000
v 0.081225 -0.091500 0.506616
v 0.080945 -0.096200 0.506945
v 0.079850 -0.091500 0.507615
v 0.079000 -0.096200 0.507750
v 0.078150 -0.091500 0.507615
v 0.077055 -0.096200 0.506945
v 0.076775 -0.091500 0.506616
v 0.076250 -0.096200 0.505000
v 0.076250 -0.091500 0.505000
v 0.081750 -0.091500 0.505000
v 0.081750 -0.096200 0.505000
v 0.076250 -0.091500 0.505000
v 0.077055 -0.096200 0.503055
v 0.077055 -0.091500 0.503055
v 0.079000 -0.096200 0.502250
v 0.079000 -0.091500 0.502250
v 0.080945 -0.096200 0.503055
v 0.080945 -0.091500 0.503055
v 0.081750 -0.096200 0.505000
v 0.081750 -0.091500 0.505000
v 0.076250 -0.096200 0.505000
v 0.076500 -0.096200 0.505000
v 0.076250 -0.096200 0.505000
v 0.077232 -0.096200 0.506768
v 0.077055 -0.096200 0.506945
v 0.079000 -0.096200 0.507500
v 0.079000 -0.096200 0.507750
v 0.080768 -0.096200 0.506768
v 0.080945 -0.096200 0.506945
v 0.081500 -0.096200 0.505000
v 0.081750 -0.096200 0.505000
v 0.080768 -0.096200 0.503232
v 0.080945 -0.096200 0.503055
v 0.079000 -0.096200 0.502500
v 0.079000 -0.096200 0.502250
v 0.077232 -0.096200 0.503232
v 0.077055 -0.096200 0.503055
v -0.037225 -0.091500 0.506616
v -0.036945 -0.091200 0.506945
v -0.035850 -0.091500 0.507615
v -0.035000 -0.091200 0.507750
v -0.034150 -0.091500 0.507615
v -0.033056 -0.091200 0.506945
v -0.032775 -0.091500 0.506616
v -0.032250 -0.091200 0.505000
v -0.032250 -0.091500 0.505000
v -0.037750 -0.091500 0.505000
v -0.037750 -0.091200 0.505000
v -0.032250 -0.091500 0.505000
v -0.033056 -0.091200 0.503055
v -0.033056 -0.091500 0.503055
v -0.035000 -0.091200 0.502250
v -0.035000 -0.091500 0.502250
v -0.036945 -0.091200 0.503055
v -0.036945 -0.091500 0.503055
v -0.037750 -0.091200 0.505000
v -0.037750 -0.091500 0.505000
v -0.032250 -0.091200 0.505000
v -0.032760 -0.091200 0.505000
v -0.033416 -0.091200 0.503416
v -0.033056 -0.091200 0.503055
v -0.035000 -0.091200 0.502760
v -0.035000 -0.091200 0.502250
v -0.036584 -0.091200 0.503416
v -0.036945 -0.091200 0.503055
v -0.037240 -0.091200 0.505000
v -0.037750 -0.091200 0.505000
v -0.036584 -0.091200 0.506584
v -0.036945 -0.091200 0.506945
v -0.035000 -0.091200 0.507240
v -0.035000 -0.091200 0.507750
v -0.033416 -0.091200 0.506584
v -0.033056 -0.091200 0.506945
v -0.032250 -0.091200 0.505000
v -0.032760 -0.093800 0.505000
v -0.032760 -0.091200 0.505000
v -0.033416 -0.093800 0.506584
v -0.033416 -0.091200 0.506584
v -0.035000 -0.093800 0.507240
v -0.035000 -0.091200 0.507240
v -0.036584 -0.093800 0.506584
v -0.036584 -0.091200 0.506584
v -0.037240 -0.093800 0.505000
v -0.037240 -0.091200 0.505000
v -0.037240 -0.093800 0.505000
v -0.037240 -0.091200 0.505000
v -0.036584 -0.093800 0.503416
v -0.036584 -0.091200 0.503416
v -0.035000 -0.093800 0.502760
v -0.035000 -0.091200 0.502760
v -0.033416 -0.093800 0.503416
v -0.033416 -0.091200 0.503416
v -0.032760 -0.093800 0.505000
v -0.032760 -0.091200 0.505000
v -0.035000 -0.093800 0.502760
v -0.035000 -0.093800 0.502500
v -0.036584 -0.093800 0.503416
v -0.036768 -0.093800 0.503232
v -0.037240 -0.093800 0.505000
v -0.037500 -0.093800 0.505000
v -0.036584 -0.093800 0.506584
v -0.036768 -0.093800 0.506768
v -0.035000 -0.093800 0.507240
v -0.035000 -0.093800 0.507500
v -0.033416 -0.093800 0.506584
v -0.033232 -0.093800 0.506768
v -0.032760 -0.093800 0.505000
v -0.032500 -0.093800 0.505000
v -0.033416 -0.093800 0.503416
v -0.033232 -0.093800 0.503232
v -0.037500 -0.096200 0.505000
v -0.037500 -0.093800 0.505000
v -0.036768 -0.096200 0.503232
v -0.036768 -0.093800 0.503232
v -0.035000 -0.096200 0.502500
v -0.035000 -0.093800 0.502500
v -0.033232 -0.096200 0.503232
v -0.033232 -0.093800 0.503232
v -0.032500 -0.096200 0.505000
v -0.032500 -0.093800 0.505000
v -0.032500 -0.096200 0.505000
v -0.032500 -0.093800 0.505000
v -0.033232 -0.096200 0.506768
v -0.033232 -0.093800 0.506768
v -0.035000 -0.096200 0.507500
v -0.035000 -0.093800 0.507500
v -0.036768 -0.096200 0.506768
v -0.036768 -0.093800 0.506768
v -0.037500 -0.096200 0.505000
v -0.037500 -0.093800 0.505000
v -0.032775 -0.091500 0.506616
v -0.033056 -0.096200 0.506945
v -0.034150 -0.091500 0.507615
v -0.035000 -0.096200 0.507750
v -0.035850 -0.091500 0.507615
v -0.036945 -0.096200 0.506945
v -0.037225 -0.091500 0.506616
v -0.037750 -0.096200 0.505000
v -0.037750 -0.091500 0.505000
v -0.032250 -0.091500 0.505000
v -0.032250 -0.096200 0.505000
v -0.037750 -0.091500 0.505000
v -0.036945 -0.096200 0.503055
v -0.036945 -0.091500 0.503055
v -0.035000 -0.096200 0.502250
v -0.035000 -0.091500 0.502250
v -0.033056 -0.096200 0.503055
v -0.033056 -0.091500 0.503055
v -0.032250 -0.096200 0.505000
v -0.032250 -0.091500 0.505000
v -0.037750 -0.096200 0.505000
v -0.037500 -0.096200 0.505000
v -0.037750 -0.096200 0.505000
v -0.036768 -0.096200 0.506768
v -0.036945 -0.096200 0.506945
v -0.035000 -0.096200 0.507500
v -0.035000 -0.096200 0.507750
v -0.033232 -0.096200 0.506768
v -0.033056 -0.096200 0.506945
v -0.032500 -0.096200 0.505000
v -0.032250 -0.096200 0.505000
v -0.033232 -0.096200 0.503232
v -0.033056 -0.096200 0.503055
v -0.035000 -0.096200 0.502500
v -0.035000 -0.096200 0.502250
v -0.036768 -0.096200 0.503232
v -0.036945 -0.096200 0.503055
v -0.033225 -0.091500 0.596616
v -0.032945 -0.091200 0.596945
v -0.031850 -0.091500 0.597615
v -0.031000 -0.091200 0.597750
v -0.030150 -0.091500 0.597615
v -0.029056 -0.091200 0.596945
v -0.028775 -0.091500 0.596616
v -0.028250 -0.091200 0.595000
v -0.028250 -0.091500 0.595000
v -0.033750 -0.091500 0.595000
v -0.033750 -0.091200 0.595000
v -0.028250 -0.091500 0.595000
v -0.029056 -0.091200 0.593055
v -0.029056 -0.091500 0.593055
v -0.031000 -0.091200 0.592250
v -0.031000 -0.091500 0.592250
v -0.032945 -0.091200 0.593055
v -0.032945 -0.091500 0.593055
v -0.033750 -0.091200 0.595000
v -0.033750 -0.091500 0.595000
v -0.028250 -0.091200 0.595000
v -0.028760 -0.091200 0.595000
v -0.029416 -0.091200 0.593416
v -0.029056 -0.091200 0.593055
v -0.031000 -0.091200 0.592760
v -0.031000 -0.091200 0.592250
v -0.032584 -0.091200 0.593416
v -0.032945 -0.091200 0.593055
v -0.033240 -0.091200 0.595000
v -0.033750 -0.091200 0.595000
v -0.032584 -0.091200 0.596584
v -0.032945 -0.091200 0.596945
v -0.031000 -0.091200 0.597240
v -0.031000 -0.091200 0.597750
v -0.029416 -0.091200 0.596584
v -0.029056 -0.091200 0.596945
v -0.028250 -0.091200 0.595000
v -0.028760 -0.093800 0.595000
v -0.028760 -0.091200 0.595000
v -0.029416 -0.093800 0.596584
v -0.029416 -0.091200 0.596584
v -0.031000 -0.093800 0.597240
v -0.031000 -0.091200 0.597240
v -0.032584 -0.093800 0.596584
v -0.032584 -0.091200 0.596584
v -0.033240 -0.093800 0.595000
v -0.033240 -0.091200 0.595000
v -0.033240 -0.093800 0.595000
v -0.033240 -0.091200 0.595000
v -0.032584 -0.093800 0.593416
v -0.032584 -0.091200 0.593416
v -0.031000 -0.093800 0.592760
v -0.031000 -0.091200 0.592760
v -0.029416 -0.093800 0.593416
v -0.029416 -0.091200 0.593416
v -0.028760 -0.093800 0.595000
v -0.028760 -0.091200 0.595000
v -0.031000 -0.093800 0.592760
v -0.031000 -0.093800 0.592500
v -0.032584 -0.093800 0.593416
v -0.032768 -0.093800 0.593232
v -0.033240 -0.093800 0.595000
v -0.033500 -0.093800 0.595000
v -0.032584 -0.093800 0.596584
v -0.032768 -0.093800 0.596768
v -0.031000 -0.093800 0.597240
v -0.031000 -0.093800 0.597500
v -0.029416 -0.093800 0.596584
v -0.029232 -0.093800 0.596768
v -0.028760 -0.093800 0.595000
v -0.028500 -0.093800 0.595000
v -0.029416 -0.093800 0.593416
v -0.029232 -0.093800 0.593232
v -0.033500 -0.096200 0.595000
v -0.033500 -0.093800 0.595000
v -0.032768 -0.096200 0.593232
v -0.032768 -0.093800 0.593232
v -0.031000 -0.096200 0.592500
v -0.031000 -0.093800 0.592500
v -0.029232 -0.096200 0.593232
v -0.029232 -0.093800 0.593232
v -0.028500 -0.096200 0.595000
v -0.028500 -0.093800 0.595000
v -0.028500 -0.096200 0.595000
v -0.028500 -0.093800 0.595000
v -0.029232 -0.096200 0.596768
v -0.029232 -0.093800 0.596768
v -0.031000 -0.096200 0.597500
v -0.031000 -0.093800 0.597500
v -0.032768 -0.096200 0.596768
v -0.032768 -0.093800 0.596768
v -0.033500 -0.096200 0.595000
v -0.033500 -0.093800 0.595000
v -0.028775 -0.091500 0.596616
v -0.029056 -0.096200 0.596945
v -0.030150 -0.091500 0.597615
v -0.031000 -0.096200 0.597750
v -0.031850 -0.091500 0.597615
v -0.032945 -0.096200 0.596945
v -0.033225 -0.091500 0.596616
v -0.033750 -0.096200 0.595000
v -0.033750 -0.091500 0.595000
v -0.028250 -0.091500 0.595000
v -0.028250 -0.096200 0.595000
v -0.033750 -0.091500 0.595000
v -0.032945 -0.096200 0.593055
v -0.032945 -0.091500 0.593055
v -0.031000 -0.096200 0.592250
v -0.031000 -0.091500 0.592250
v -0.029056 -0.096200 0.593055
v -0.029056 -0.091500 0.593055
v -0.028250 -0.096200 0.595000
v -0.028250 -0.091500 0.595000
v -0.033750 -0.096200 0.595000
v -0.033500 -0.096200 0.595000
v -0.033750 -0.096200 0.595000
v -0.032768 -0.096200 0.596768
v -0.032945 -0.096200 0.596945
v -0.031000 -0.096200 0.597500
v -0.031000 -0.096200 0.597750
v -0.029232 -0.096200 0.596768
v -0.029056 -0.096200 0.596945
v -0.028500 -0.096200 0.595000
v -0.028250 -0.096200 0.595000
v -0.029232 -0.096200 0.593232
v -0.029056 -0.096200 0.593055
v -0.031000 -0.096200 0.592500
v -0.031000 -0.096200 0.592250
v -0.032768 -0.096200 0.593232
v -0.032945 -0.096200 0.593055
v 0.071775 -0.091500 0.596616
v 0.072055 -0.091200 0.596945
v 0.073150 -0.091500 0.597615
v 0.074000 -0.091200 0.597750
v 0.074850 -0.091500 0.597615
v 0.075945 -0.091200 0.596945
v 0.076225 -0.091500 0.596616
v 0.076750 -0.091200 0.595000
v 0.076750 -0.091500 0.595000
v 0.071250 -0.091500 0.595000
v 0.071250 -0.091200 0.595000
v 0.076750 -0.091500 0.595000
v 0.075945 -0.091200 0.593055
v 0.075945 -0.091500 0.593055
v 0.074000 -0.091200 0.592250
v 0.074000 -0.091500 0.592250
v 0.072055 -0.091200 0.593055
v 0.072055 -0.091500 0.593055
v 0.071250 -0.091200 0.595000
v 0.071250 -0.091500 0.595000
v 0.076750 -0.091200 0.595000
v 0.076240 -0.091200 0.595000
v 0.075584 -0.091200 0.593416
v 0.075945 -0.091200 0.593055
v 0.074000 -0.091200 0.592760
v 0.074000 -0.091200 0.592250
v 0.072416 -0.091200 0.593416
v 0.072055 -0.091200 0.593055
v 0.071760 -0.091200 0.595000
v 0.071250 -0.091200 0.595000
v 0.072416 -0.091200 0.596584
v 0.072055 -0.091200 0.596945
v 0.074000 -0.091200 0.597240
v 0.074000 -0.091200 0.597750
v 0.075584 -0.091200 0.596584
v 0.075945 -0.091200 0.596945
v 0.076750 -0.091200 0.595000
v 0.076240 -0.093800 0.595000
v 0.076240 -0.091200 0.595000
v 0.075584 -0.093800 0.596584
v 0.075584 -0.091200 0.596584
v 0.074000 -0.093800 0.597240
v 0.074000 -0.091200 0.597240
v 0.072416 -0.093800 0.596584
v 0.072416 -0.091200 0.596584
v 0.071760 -0.093800 0.595000
v 0.071760 -0.091200 0.595000
v 0.071760 -0.093800 0.595000
v 0.071760 -0.091200 0.595000
v 0.072416 -0.093800 0.593416
v 0.072416 -0.091200 0.593416
v 0.074000 -0.093800 0.592760
v 0.074000 -0.091200 0.592760
v 0.075584 -0.093800 0.593416
v 0.075584 -0.091200 0.593416
v 0.076240 -0.093800 0.595000
v 0.076240 -0.091200 0.595000
v 0.074000 -0.093800 0.592760
v 0.074000 -0.093800 0.592500
v 0.072416 -0.093800 0.593416
v 0.072232 -0.093800 0.593232
v 0.071760 -0.093800 0.595000
v 0.071500 -0.093800 0.595000
v 0.072416 -0.093800 0.596584
v 0.072232 -0.093800 0.596768
v 0.074000 -0.093800 0.597240
v 0.074000 -0.093800 0.597500
v 0.075584 -0.093800 0.596584
v 0.075768 -0.093800 0.596768
v 0.076240 -0.093800 0.595000
v 0.076500 -0.093800 0.595000
v 0.075584 -0.093800 0.593416
v 0.075768 -0.093800 0.593232
v 0.071500 -0.096200 0.595000
v 0.071500 -0.093800 0.595000
v 0.072232 -0.096200 0.593232
v 0.072232 -0.093800 0.593232
v 0.074000 -0.096200 0.592500
v 0.074000 -0.093800 0.592500
v 0.075768 -0.096200 0.593232
v 0.075768 -0.093800 0.593232
v 0.076500 -0.096200 0.595000
v 0.076500 -0.093800 0.595000
v 0.076500 -0.096200 0.595000
v 0.076500 -0.093800 0.595000
v 0.075768 -0.096200 0.596768
v 0.075768 -0.093800 0.596768
v 0.074000 -0.096200 0.597500
v 0.074000 -0.093800 0.597500
v 0.072232 -0.096200 0.596768
v 0.072232 -0.093800 0.596768
v 0.071500 -0.096200 0.595000
v 0.071500 -0.093800 0.595000
v 0.076225 -0.091500 0.596616
v 0.075945 -0.096200 0.596945
v 0.074850 -0.091500 0.597615
v 0.074000 -0.096200 0.597750
v 0.073150 -0.091500 0.597615
v 0.072055 -0.096200 0.596945
v 0.071775 -0.091500 0.596616
v 0.071250 -0.096200 0.595000
v 0.071250 -0.091500 0.595000
v 0.076750 -0.091500 0.595000
v 0.076750 -0.096200 0.595000
v 0.071250 -0.091500 0.595000
v 0.072055 -0.096200 0.593055
v 0.072055 -0.091500 0.593055
v 0.074000 -0.096200 0.592250
v 0.074000 -0.091500 0.592250
v 0.075945 -0.096200 0.593055
v 0.075945 -0.091500 0.593055
v 0.076750 -0.096200 0.595000
v 0.076750 -0.091500 0.595000
v 0.071250 -0.096200 0.595000
v 0.071500 -0.096200 0.595000
v 0.071250 -0.096200 0.595000
v 0.072232 -0.096200 0.596768
v 0.072055 -0.096200 0.596945
v 0.074000 -0.096200 0.597500
v 0.074000 -0.096200 0.597750
v 0.075768 -0.096200 0.596768
v 0.075945 -0.096200 0.596945
v 0.076500 -0.096200 0.595000
v 0.076750 -0.096200 0.595000
v 0.075768 -0.096200 0.593232
v 0.075945 -0.096200 0.593055
v 0.074000 -0.096200 0.592500
v 0.074000 -0.096200 0.592250
v 0.072232 -0.096200 0.593232
v 0.072055 -0.096200 0.593055
v 0.086775 -0.091500 0.686616
v 0.087055 -0.091200 0.686945
v 0.088150 -0.091500 0.687615
v 0.089000 -0.091200 0.687750
v 0.089850 -0.091500 0.687615
v 0.090945 -0.091200 0.686945
v 0.091225 -0.091500 0.686616
v 0.091750 -0.091200 0.685000
v 0.091750 -0.091500 0.685000
v 0.086250 -0.091500 0.685000
v 0.086250 -0.091200 0.685000
v 0.091750 -0.091500 0.685000
v 0.090945 -0.091200 0.683055
v 0.090945 -0.091500 0.683055
v 0.089000 -0.091200 0.682250
v 0.089000 -0.091500 0.682250
v 0.087055 -0.091200 0.683055
v 0.087055 -0.091500 0.683055
v 0.086250 -0.091200 0.685000
v 0.086250 -0.091500 0.685000
v 0.091750 -0.091200 0.685000
v 0.091240 -0.091200 0.685000
v 0.090584 -0.091200 0.683416
v 0.090945 -0.091200 0.683055
v 0.089000 -0.091200 0.682760
v 0.089000 -0.091200 0.682250
v 0.087416 -0.091200 0.683416
v 0.087055 -0.091200 0.683055
v 0.086760 -0.091200 0.685000
v 0.086250 -0.091200 0.685000
v 0.087416 -0.091200 0.686584
v 0.087055 -0.091200 0.686945
v 0.089000 -0.091200 0.687240
v 0.089000 -0.091200 0.687750
v 0.090584 -0.091200 0.686584
v 0.090945 -0.091200 0.686945
v 0.091750 -0.091200 0.685000
v 0.091240 -0.093800 0.685000
v 0.091240 -0.091200 0.685000
v 0.090584 -0.093800 0.686584
v 0.090584 -0.091200 0.686584
v 0.089000 -0.093800 0.687240
v 0.089000 -0.091200 0.687240
v 0.087416 -0.093800 0.686584
v 0.087416 -0.091200 0.686584
v 0.086760 -0.093800 0.685000
v 0.086760 -0.091200 0.685000
v 0.086760 -0.093800 0.685000
v 0.086760 -0.091200 0.685000
v 0.087416 -0.093800 0.683416
v 0.087416 -0.091200 0.683416
v 0.089000 -0.093800 0.682760
v 0.089000 -0.091200 0.682760
v 0.090584 -0.093800 0.683416
v 0.090584 -0.091200 0.683416
v 0.091240 -0.093800 0.685000
v 0.091240 -0.091200 0.685000
v 0.089000 -0.093800 0.682760
v 0.089000 -0.093800 0.682500
v 0.087416 -0.093800 0.683416
v 0.087232 -0.093800 0.683232
v 0.086760 -0.093800 0.685000
v 0.086500 -0.093800 0.685000
v 0.087416 -0.093800 0.686584
v 0.087232 -0.093800 0.686768
v 0.089000 -0.093800 0.687240
v 0.089000 -0.093800 0.687500
v 0.090584 -0.093800 0.686584
v 0.090768 -0.093800 0.686768
v 0.091240 -0.093800 0.685000
v 0.091500 -0.093800 0.685000
v 0.090584 -0.093800 0.683416
v 0.090768 -0.093800 0.683232
v 0.086500 -0.096200 0.685000
v 0.086500 -0.093800 0.685000
v 0.087232 -0.096200 0.683232
v 0.087232 -0.093800 0.683232
v 0.089000 -0.096200 0.682500
v 0.089000 -0.093800 0.682500
v 0.090768 -0.096200 0.683232
v 0.090768 -0.093800 0.683232
v 0.091500 -0.096200 0.685000
v 0.091500 -0.093800 0.685000
v 0.091500 -0.096200 0.685000
v 0.091500 -0.093800 0.685000
v 0.090768 -0.096200 0.686768
v 0.090768 -0.093800 0.686768
v 0.089000 -0.096200 0.687500
v 0.089000 -0.093800 0.687500
v 0.087232 -0.096200 0.686768
v 0.087232 -0.093800 0.686768
v 0.086500 -0.096200 0.685000
v 0.086500 -0.093800 0.685000
v 0.091225 -0.091500 0.686616
v 0.090945 -0.096200 0.686945
v 0.089850 -0.091500 0.687615
v 0.089000 -0.096200 0.687750
v 0.088150 -0.091500 0.687615
v 0.087055 -0.096200 0.686945
v 0.086775 -0.091500 0.686616
v 0.086250 -0.096200 0.685000
v 0.086250 -0.091500 0.685000
v 0.091750 -0.091500 0.685000
v 0.091750 -0.096200 0.685000
v 0.086250 -0.091500 0.685000
v 0.087055 -0.096200 0.683055
v 0.087055 -0.091500 0.683055
v 0.089000 -0.096200 0.682250
v 0.089000 -0.091500 0.682250
v 0.090945 -0.096200 0.683055
v 0.090945 -0.091500 0.683055
v 0.091750 -0.096200 0.685000
v 0.091750 -0.091500 0.685000
v 0.086250 -0.096200 0.685000
v 0.086500 -0.096200 0.685000
v 0.086250 -0.096200 0.685000
v 0.087232 -0.096200 0.686768
v 0.087055 -0.096200 0.686945
v 0.089000 -0.096200 0.687500
v 0.089000 -0.096200 0.687750
v 0.090768 -0.096200 0.686768
v 0.090945 -0.096200 0.686945
v 0.091500 -0.096200 0.685000
v 0.091750 -0.096200 0.685000
v 0.090768 -0.096200 0.683232
v 0.090945 -0.096200 0.683055
v 0.089000 -0.096200 0.682500
v 0.089000 -0.096200 0.682250
v 0.087232 -0.096200 0.683232
v 0.087055 -0.096200 0.683055
v -0.030225 -0.091500 0.686616
v -0.029945 -0.091200 0.686945
v -0.028850 -0.091500 0.687615
v -0.028000 -0.091200 0.687750
v -0.027150 -0.091500 0.687615
v -0.026056 -0.091200 0.686945
v -0.025775 -0.091500 0.686616
v -0.025250 -0.091200 0.685000
v -0.025250 -0.091500 0.685000
v -0.030750 -0.091500 0.685000
v -0.030750 -0.091200 0.685000
v -0.025250 -0.091500 0.685000
v -0.026056 -0.091200 0.683055
v -0.026056 -0.091500 0.683055
v -0.028000 -0.091200 0.682250
v -0.028000 -0.091500 0.682250
v -0.029945 -0.091200 0.683055
v -0.029945 -0.091500 0.683055
v -0.030750 -0.091200 0.685000
v -0.030750 -0.091500 0.685000
v -0.025250 -0.091200 0.685000
v -0.025760 -0.091200 0.685000
v -0.026416 -0.091200 0.683416
v -0.026056 -0.091200 0.683055
v -0.028000 -0.091200 0.682760
v -0.028000 -0.091200 0.682250
v -0.029584 -0.091200 0.683416
v -0.029945 -0.091200 0.683055
v -0.030240 -0.091200 0.685000
v -0.030750 -0.091200 0.685000
v -0.029584 -0.091200 0.686584
v -0.029945 -0.091200 0.686945
v -0.028000 -0.091200 0.687240
v -0.028000 -0.091200 0.687750
v -0.026416 -0.091200 0.686584
v -0.026056 -0.091200 0.686945
v -0.025250 -0.091200 0.685000
v -0.025760 -0.093800 0.685000
v -0.025760 -0.091200 0.685000
v -0.026416 -0.093800 0.686584
v -0.026416 -0.091200 0.686584
v -0.028000 -0.093800 0.687240
v -0.028000 -0.091200 0.687240
v -0.029584 -0.093800 0.686584
v -0.029584 -0.091200 0.686584
v -0.030240 -0.093800 0.685000
v -0.030240 -0.091200 0.685000
v -0.030240 -0.093800 0.685000
v -0.030240 -0.091200 0.685000
v -0.029584 -0.093800 0.683416
v -0.029584 -0.091200 0.683416
v -0.028000 -0.093800 0.682760
v -0.028000 -0.091200 0.682760
v -0.026416 -0.093800 0.683416
v -0.026416 -0.091200 0.683416
v -0.025760 -0.093800 0.685000
v -0.025760 -0.091200 0.685000
v -0.028000 -0.093800 0.682760
v -0.028000 -0.093800 0.682500
v -0.029584 -0.093800 0.683416
v -0.029768 -0.093800 0.683232
v -0.030240 -0.093800 0.685000
v -0.030500 -0.093800 0.685000
v -0.029584 -0.093800 0.686584
v -0.029768 -0.093800 0.686768
v -0.028000 -0.093800 0.687240
v -0.028000 -0.093800 0.687500
v -0.026416 -0.093800 0.686584
v -0.026232 -0.093800 0.686768
v -0.025760 -0.093800 0.685000
v -0.025500 -0.093800 0.685000
v -0.026416 -0.093800 0.683416
v -0.026232 -0.093800 0.683232
v -0.030500 -0.096200 0.685000
v -0.030500 -0.093800 0.685000
v -0.029768 -0.096200 0.683232
v -0.029768 -0.093800 0.683232
v -0.028000 -0.096200 0.682500
v -0.028000 -0.093800 0.682500
v -0.026232 -0.096200 0.683232
v -0.026232 -0.093800 0.683232
v -0.025500 -0.096200 0.685000
v -0.025500 -0.093800 0.685000
v -0.025500 -0.096200 0.685000
v -0.025500 -0.093800 0.685000
v -0.026232 -0.096200 0.686768
v -0.026232 -0.093800 0.686768
v -0.028000 -0.096200 0.687500
v -0.028000 -0.093800 0.687500
v -0.029768 -0.096200 0.686768
v -0.029768 -0.093800 0.686768
v -0.030500 -0.096200 0.685000
v -0.030500 -0.093800 0.685000
v -0.025775 -0.091500 0.686616
v -0.026056 -0.096200 0.686945
v -0.027150 -0.091500 0.687615
v -0.028000 -0.096200 0.687750
v -0.028850 -0.091500 0.687615
v -0.029945 -0.096200 0.686945
v -0.030225 -0.091500 0.686616
v -0.030750 -0.096200 0.685000
v -0.030750 -0.091500 0.685000
v -0.025250 -0.091500 0.685000
v -0.025250 -0.096200 0.685000
v -0.030750 -0.091500 0.685000
v -0.029945 -0.096200 0.683055
v -0.029945 -0.091500 0.683055
v -0.028000 -0.096200 0.682250
v -0.028000 -0.091500 0.682250
v -0.026056 -0.096200 0.683055
v -0.026056 -0.091500 0.683055
v -0.025250 -0.096200 0.685000
v -0.025250 -0.091500 0.685000
v -0.030750 -0.096200 0.685000
v -0.030500 -0.096200 0.685000
v -0.030750 -0.096200 0.685000
v -0.029768 -0.096200 0.686768
v -0.029945 -0.096200 0.686945
v -0.028000 -0.096200 0.687500
v -0.028000 -0.096200 0.687750
v -0.026232 -0.096200 0.686768
v -0.026056 -0.096200 0.686945
v -0.025500 -0.096200 0.685000
v -0.025250 -0.096200 0.685000
v -0.026232 -0.096200 0.683232
v -0.026056 -0.096200 0.683055
v -0.028000 -0.096200 0.682500
v -0.028000 -0.096200 0.682250
v -0.029768 -0.096200 0.683232
v -0.029945 -0.096200 0.683055
v -0.024225 -0.091500 0.776616
v -0.023945 -0.091200 0.776945
v -0.022850 -0.091500 0.777615
v -0.022000 -0.091200 0.777750
v -0.021150 -0.091500 0.777615
v -0.020056 -0.091200 0.776945
v -0.019775 -0.091500 0.776616
v -0.019250 -0.091200 0.775000
v -0.019250 -0.091500 0.775000
v -0.024750 -0.091500 0.775000
v -0.024750 -0.091200 0.775000
v -0.019250 -0.091500 0.775000
v -0.020056 -0.091200 0.773055
v -0.020056 -0.091500 0.773055
v -0.022000 -0.091200 0.772250
v -0.022000 -0.091500 0.772250
v -0.023945 -0.091200 0.773055
v -0.023945 -0.091500 0.773055
v -0.024750 -0.091200 0.775000
v -0.024750 -0.091500 0.775000
v -0.019250 -0.091200 0.775000
v -0.019760 -0.091200 0.775000
v -0.020416 -0.091200 0.773416
v -0.020056 -0.091200 0.773055
v -0.022000 -0.091200 0.772760
v -0.022000 -0.091200 0.772250
v -0.023584 -0.091200 0.773416
v -0.023945 -0.091200 0.773055
v -0.024240 -0.091200 0.775000
v -0.024750 -0.091200 0.775000
v -0.023584 -0.091200 0.776584
v -0.023945 -0.091200 0.776945
v -0.022000 -0.091200 0.777240
v -0.022000 -0.091200 0.777750
v -0.020416 -0.091200 0.776584
v -0.020056 -0.091200 0.776945
v -0.019250 -0.091200 0.775000
v -0.019760 -0.093800 0.775000
v -0.019760 -0.091200 0.775000
v -0.020416 -0.093800 0.776584
v -0.020416 -0.091200 0.776584
v -0.022000 -0.093800 0.777240
v -0.022000 -0.091200 0.777240
v -0.023584 -0.093800 0.776584
v -0.023584 -0.091200 0.776584
v -0.024240 -0.093800 0.775000
v -0.024240 -0.091200 0.775000
v -0.024240 -0.093800 0.775000
v -0.024240 -0.091200 0.775000
v -0.023584 -0.093800 0.773416
v -0.023584 -0.091200 0.773416
v -0.022000 -0.093800 0.772760
v -0.022000 -0.091200 0.772760
v -0.020416 -0.093800 0.773416
v -0.020416 -0.091200 0.773416
v -0.019760 -0.093800 0.775000
v -0.019760 -0.091200 0.775000
v -0.022000 -0.093800 0.772760
v -0.022000 -0.093800 0.772500
v -0.023584 -0.093800 0.773416
v -0.023768 -0.093800 0.773232
v -0.024240 -0.093800 0.775000
v -0.024500 -0.093800 0.775000
v -0.023584 -0.093800 0.776584
v -0.023768 -0.093800 0.776768
v -0.022000 -0.093800 0.777240
v -0.022000 -0.093800 0.777500
v -0.020416 -0.093800 0.776584
v -0.020232 -0.093800 0.776768
v -0.019760 -0.093800 0.775000
v -0.019500 -0.093800 0.775000
v -0.020416 -0.093800 0.773416
v -0.020232 -0.093800 0.773232
v -0.024500 -0.096200 0.775000
v -0.024500 -0.093800 0.775000
v -0.023768 -0.096200 0.773232
v -0.023768 -0.093800 0.773232
v -0.022000 -0.096200 0.772500
v -0.022000 -0.093800 0.772500
v -0.020232 -0.096200 0.773232
v -0.020232 -0.093800 0.773232
v -0.019500 -0.096200 0.775000
v -0.019500 -0.093800 0.775000
v -0.019500 -0.096200 0.775000
v -0.019500 -0.093800 0.775000
v -0.020232 -0.096200 0.776768
v -0.020232 -0.093800 0.776768
v -0.022000 -0.096200 0.777500
v -0.022000 -0.093800 0.777500
v -0.023768 -0.096200 0.776768
v -0.023768 -0.093800 0.776768
v -0.024500 -0.096200 0.775000
v -0.024500 -0.093800 0.775000
v -0.019775 -0.091500 0.776616
v -0.020056 -0.096200 0.776945
v -0.021150 -0.091500 0.777615
v -0.022000 -0.096200 0.777750
v -0.022850 -0.091500 0.777615
v -0.023945 -0.096200 0.776945
v -0.024225 -0.091500 0.776616
v -0.024750 -0.096200 0.775000
v -0.024750 -0.091500 0.775000
v -0.019250 -0.091500 0.775000
v -0.019250 -0.096200 0.775000
v -0.024750 -0.091500 0.775000
v -0.023945 -0.096200 0.773055
v -0.023945 -0.091500 0.773055
v -0.022000 -0.096200 0.772250
v -0.022000 -0.091500 0.772250
v -0.020056 -0.096200 0.773055
v -0.020056 -0.091500 0.773055
v -0.019250 -0.096200 0.775000
v -0.019250 -0.091500 0.775000
v -0.024750 -0.096200 0.775000
v -0.024500 -0.096200 0.775000
v -0.024750 -0.096200 0.775000
v -0.023768 -0.096200 0.776768
v -0.023945 -0.096200 0.776945
v -0.022000 -0.096200 0.777500
v -0.022000 -0.096200 0.777750
v -0.020232 -0.096200 0.776768
v -0.020056 -0.096200 0.776945
v -0.019500 -0.096200 0.775000
v -0.019250 -0.096200 0.775000
v -0.020232 -0.096200 0.773232
v -0.020056 -0.096200 0.773055
v -0.022000 -0.096200 0.772500
v -0.022000 -0.096200 0.772250
v -0.023768 -0.096200 0.773232
v -0.023945 -0.096200 0.773055
v 0.099775 -0.091500 0.776616
v 0.100055 -0.091200 0.776945
v 0.101150 -0.091500 0.777615
v 0.102000 -0.091200 0.777750
v 0.102850 -0.091500 0.777615
v 0.103945 -0.091200 0.776945
v 0.104225 -0.091500 0.776616
v 0.104750 -0.091200 0.775000
v 0.104750 -0.091500 0.775000
v 0.099250 -0.091500 0.775000
v 0.099250 -0.091200 0.775000
v 0.104750 -0.091500 0.775000
v 0.103945 -0.091200 0.773055
v 0.103945 -0.091500 0.773055
v 0.102000 -0.091200 0.772250
v 0.102000 -0.091500 0.772250
v 0.100055 -0.091200 0.773055
v 0.100055 -0.091500 0.773055
v 0.099250 -0.091200 0.775000
v 0.099250 -0.091500 0.775000
v 0.104750 -0.091200 0.775000
v 0.104240 -0.091200 0.775000
v 0.103584 -0.091200 0.773416
v 0.103945 -0.091200 0.773055
v 0.102000 -0.091200 0.772760
v 0.102000 -0.091200 0.772250
v 0.100416 -0.091200 0.773416
v 0.100055 -0.091200 0.773055
v 0.099760 -0.091200 0.775000
v 0.099250 -0.091200 0.775000
v 0.100416 -0.091200 0.776584
v 0.100055 -0.091200 0.776945
v 0.102000 -0.091200 0.777240
v 0.102000 -0.091200 0.777750
v 0.103584 -0.091200 0.776584
v 0.103945 -0.091200 0.776945
v 0.104750 -0.091200 0.775000
v 0.104240 -0.093800 0.775000
v 0.104240 -0.091200 0.775000
v 0.103584 -0.093800 0.776584
v 0.103584 -0.091200 0.776584
v 0.102000 -0.093800 0.777240
v 0.102000 -0.091200 0.777240
v 0.100416 -0.093800 0.776584
v 0.100416 -0.091200 0.776584
v 0.099760 -0.093800 0.775000
v 0.099760 -0.091200 0.775000
v 0.099760 -0.093800 0.775000
v 0.099760 -0.091200 0.775000
v 0.100416 -0.093800 0.773416
v 0.100416 -0.091200 0.773416
v 0.102000 -0.093800 0.772760
v 0.102000 -0.091200 0.772760
v 0.103584 -0.093800 0.773416
v 0.103584 -0.091200 0.773416
v 0.104240 -0.093800 0.775000
v 0.104240 -0.091200 0.775000
v 0.102000 -0.093800 0.772760
v 0.102000 -0.093800 0.772500
v 0.100416 -0.093800 0.773416
v 0.100232 -0.093800 0.773232
v 0.099760 -0.093800 0.775000
v 0.099500 -0.093800 0.775000
v 0.100416 -0.093800 0.776584
v 0.100232 -0.093800 0.776768
v 0.102000 -0.093800 0.777240
v 0.102000 -0.093800 0.777500
v 0.103584 -0.093800 0.776584
v 0.103768 -0.093800 0.776768
v 0.104240 -0.093800 0.775000
v 0.104500 -0.093800 0.775000
v 0.103584 -0.093800 0.773416
v 0.103768 -0.093800 0.773232
v 0.099500 -0.096200 0.775000
v 0.099500 -0.093800 0.775000
v 0.100232 -0.096200 0.773232
v 0.100232 -0.093800 0.773232
v 0.102000 -0.096200 0.772500
v 0.102000 -0.093800 0.772500
v 0.103768 -0.096200 0.773232
v 0.103768 -0.093800 0.773232
v 0.104500 -0.096200 0.775000
v 0.104500 -0.093800 0.775000
v 0.104500 -0.096200 0.775000
v 0.104500 -0.093800 0.775000
v 0.103768 -0.096200 0.776768
v 0.103768 -0.093800 0.776768
v 0.102000 -0.096200 0.777500
v 0.102000 -0.093800 0.777500
v 0.100232 -0.096200 0.776768
v 0.100232 -0.093800 0.776768
v 0.099500 -0.096200 0.775000
v 0.099500 -0.093800 0.775000
v 0.104225 -0.091500 0.776616
v 0.103945 -0.096200 0.776945
v 0.102850 -0.091500 0.777615
v 0.102000 -0.096200 0.777750
v 0.101150 -0.091500 0.777615
v 0.100055 -0.096200 0.776945
v 0.099775 -0.091500 0.776616
v 0.099250 -0.096200 0.775000
v 0.099250 -0.091500 0.775000
v 0.104750 -0.091500 0.775000
v 0.104750 -0.096200 0.775000
v 0.099250 -0.091500 0.775000
v 0.100055 -0.096200 0.773055
v 0.100055 -0.091500 0.773055
v 0.102000 -0.096200 0.772250
v 0.102000 -0.091500 0.772250
v 0.103945 -0.096200 0.773055
v 0.103945 -0.091500 0.773055
v 0.104750 -0.096200 0.775000
v 0.104750 -0.091500 0.775000
v 0.099250 -0.096200 0.775000
v 0.099500 -0.096200 0.775000
v 0.099250 -0.096200 0.775000
v 0.100232 -0.096200 0.776768
v 0.100055 -0.096200 0.776945
v 0.102000 -0.096200 0.777500
v 0.102000 -0.096200 0.777750
v 0.103768 -0.096200 0.776768
v 0.103945 -0.096200 0.776945
v 0.104500 -0.096200 0.775000
v 0.104750 -0.096200 0.775000
v 0.103768 -0.096200 0.773232
v 0.103945 -0.096200 0.773055
v 0.102000 -0.096200 0.772500
v 0.102000 -0.096200 0.772250
v 0.100232 -0.096200 0.773232
v 0.100055 -0.096200 0.773055
v 0.068775 -0.091500 0.830310
v 0.069055 -0.091200 0.830638
v 0.070150 -0.091500 0.831309
v 0.071000 -0.091200 0.831444
v 0.071850 -0.091500 0.831309
v 0.072945 -0.091200 0.830638
v 0.073225 -0.091500 0.830310
v 0.073750 -0.091200 0.828694
v 0.073750 -0.091500 0.828694
v 0.068250 -0.091500 0.828694
v 0.068250 -0.091200 0.828694
v 0.073750 -0.091500 0.828694
v 0.072945 -0.091200 0.826749
v 0.072945 -0.091500 0.826749
v 0.071000 -0.091200 0.825944
v 0.071000 -0.091500 0.825944
v 0.069055 -0.091200 0.826749
v 0.069055 -0.091500 0.826749
v 0.068250 -0.091200 0.828694
v 0.068250 -0.091500 0.828694
v 0.073750 -0.091200 0.828694
v 0.073240 -0.091200 0.828694
v 0.072584 -0.091200 0.827110
v 0.072945 -0.091200 0.826749
v 0.071000 -0.091200 0.826454
v 0.071000 -0.091200 0.825944
v 0.069416 -0.091200 0.827110
v 0.069055 -0.091200 0.826749
v 0.068760 -0.091200 0.828694
v 0.068250 -0.091200 0.828694
v 0.069416 -0.091200 0.830277
v 0.069055 -0.091200 0.830638
v 0.071000 -0.091200 0.830934
v 0.071000 -0.091200 0.831444
v 0.072584 -0.091200 0.830277
v 0.072945 -0.091200 0.830638
v 0.073750 -0.091200 0.828694
v 0.073240 -0.093800 0.828694
v 0.073240 -0.091200 0.828694
v 0.072584 -0.093800 0.830277
v 0.072584 -0.091200 0.830277
v 0.071000 -0.093800 0.830934
v 0.071000 -0.091200 0.830934
v 0.069416 -0.093800 0.830277
v 0.069416 -0.091200 0.830277
v 0.068760 -0.093800 0.828694
v 0.068760 -0.091200 0.828694
v 0.068760 -0.093800 0.828694
v 0.068760 -0.091200 0.828694
v 0.069416 -0.093800 0.827110
v 0.069416 -0.091200 0.827110
v 0.071000 -0.093800 0.826454
v 0.071000 -0.091200 0.826454
v 0.072584 -0.093800 0.827110
v 0.072584 -0.091200 0.827110
v 0.073240 -0.093800 0.828694
v 0.073240 -0.091200 0.828694
v 0.071000 -0.093800 0.826454
v 0.071000 -0.093800 0.826194
v 0.069416 -0.093800 0.827110
v 0.069232 -0.093800 0.826926
v 0.068760 -0.093800 0.828694
v 0.068500 -0.093800 0.828694
v 0.069416 -0.093800 0.830277
v 0.069232 -0.093800 0.830461
v 0.071000 -0.093800 0.830934
v 0.071000 -0.093800 0.831194
v 0.072584 -0.093800 0.830277
v 0.072768 -0.093800 0.830461
v 0.073240 -0.093800 0.828694
v 0.073500 -0.093800 0.828694
v 0.072584 -0.093800 0.827110
v 0.072768 -0.093800 0.826926
v 0.068500 -0.096200 0.828694
v 0.068500 -0.093800 0.828694
v 0.069232 -0.096200 0.826926
v 0.069232 -0.093800 0.826926
v 0.071000 -0.096200 0.826194
v 0.071000 -0.093800 0.826194
v 0.072768 -0.096200 0.826926
v 0.072768 -0.093800 0.826926
v 0.073500 -0.096200 0.828694
v 0.073500 -0.093800 0.828694
v 0.073500 -0.096200 0.828694
v 0.073500 -0.093800 0.828694
v 0.072768 -0.096200 0.830461
v 0.072768 -0.093800 0.830461
v 0.071000 -0.096200 0.831194
v 0.071000 -0.093800 0.831194
v 0.069232 -0.096200 0.830461
v 0.069232 -0.093800 0.830461
v 0.068500 -0.096200 0.828694
v 0.068500 -0.093800 0.828694
v 0.073225 -0.091500 0.830310
v 0.072945 -0.096200 0.830638
v 0.071850 -0.091500 0.831309
v 0.071000 -0.096200 0.831444
v 0.070150 -0.091500 0.831309
v 0.069055 -0.096200 0.830638
v 0.068775 -0.091500 0.830310
v 0.068250 -0.096200 0.828694
v 0.068250 -0.091500 0.828694
v 0.073750 -0.091500 0.828694
v 0.073750 -0.096200 0.828694
v 0.068250 -0.091500 0.828694
v 0.069055 -0.096200 0.826749
v 0.069055 -0.091500 0.826749
v 0.071000 -0.096200 0.825944
v 0.071000 -0.091500 0.825944
v 0.072945 -0.096200 0.826749
v 0.072945 -0.091500 0.826749
v 0.073750 -0.096200 0.828694
v 0.073750 -0.091500 0.828694
v 0.068250 -0.096200 0.828694
v 0.068500 -0.096200 0.828694
v 0.068250 -0.096200 0.828694
v 0.069232 -0.096200 0.830461
v 0.069055 -0.096200 0.830638
v 0.071000 -0.096200 0.831194
v 0.071000 -0.096200 0.831444
v 0.072768 -0.096200 0.830461
v 0.072945 -0.096200 0.830638
v 0.073500 -0.096200 0.828694
v 0.073750 -0.096200 0.828694
v 0.072768 -0.096200 0.826926
v 0.072945 -0.096200 0.826749
v 0.071000 -0.096200 0.826194
v 0.071000 -0.096200 0.825944
v 0.069232 -0.096200 0.826926
v 0.069055 -0.096200 0.826749
v 0.006775 -0.091500 0.830310
v 0.007055 -0.091200 0.830638
v 0.008150 -0.091500 0.831309
v 0.009000 -0.091200 0.831444
v 0.009850 -0.091500 0.831309
v 0.010945 -0.091200 0.830638
v 0.011225 -0.091500 0.830310
v 0.011750 -0.091200 0.828694
v 0.011750 -0.091500 0.828694
v 0.006250 -0.091500 0.828694
v 0.006250 -0.091200 0.828694
v 0.011750 -0.091500 0.828694
v 0.010945 -0.091200 0.826749
v 0.010945 -0.091500 0.826749
v 0.009000 -0.091200 0.825944
v 0.009000 -0.091500 0.825944
v 0.007055 -0.091200 0.826749
v 0.007055 -0.091500 0.826749
v 0.006250 -0.091200 0.828694
v 0.006250 -0.091500 0.828694
v 0.011750 -0.091200 0.828694
v 0.011240 -0.091200 0.828694
v 0.010584 -0.091200 0.827110
v 0.010945 -0.091200 0.826749
v 0.009000 -0.091200 0.826454
v 0.009000 -0.091200 0.825944
v 0.007416 -0.091200 0.827110
v 0.007055 -0.091200 0.826749
v 0.006760 -0.091200 0.828694
v 0.006250 -0.091200 0.828694
v 0.007416 -0.091200 0.830277
v 0.007055 -0.091200 0.830638
v 0.009000 -0.091200 0.830934
v 0.009000 -0.091200 0.831444
v 0.010584 -0.091200 0.830277
v 0.010945 -0.091200 0.830638
v 0.011750 -0.091200 0.828694
v 0.011240 -0.093800 0.828694
v 0.011240 -0.091200 0.828694
v 0.010584 -0.093800 0.830277
v 0.010584 -0.091200 0.830277
v 0.009000 -0.093800 0.830934
v 0.009000 -0.091200 0.830934
v 0.007416 -0.093800 0.830277
v 0.007416 -0.091200 0.830277
v 0.006760 -0.093800 0.828694
v 0.006760 -0.091200 0.828694
v 0.006760 -0.093800 0.828694
v 0.006760 -0.091200 0.828694
v 0.007416 -0.093800 0.827110
v 0.007416 -0.091200 0.827110
v 0.009000 -0.093800 0.826454
v 0.009000 -0.091200 0.826454
v 0.010584 -0.093800 0.827110
v 0.010584 -0.091200 0.827110
v 0.011240 -0.093800 0.828694
v 0.011240 -0.091200 0.828694
v 0.009000 -0.093800 0.826454
v 0.009000 -0.093800 0.826194
v 0.007416 -0.093800 0.827110
v 0.007232 -0.093800 0.826926
v 0.006760 -0.093800 0.828694
v 0.006500 -0.093800 0.828694
v 0.007416 -0.093800 0.830277
v 0.007232 -0.093800 0.830461
v 0.009000 -0.093800 0.830934
v 0.009000 -0.093800 0.831194
v 0.010584 -0.093800 0.830277
v 0.010768 -0.093800 0.830461
v 0.011240 -0.093800 0.828694
v 0.011500 -0.093800 0.828694
v 0.010584 -0.093800 0.827110
v 0.010768 -0.093800 0.826926
v 0.006500 -0.096200 0.828694
v 0.006500 -0.093800 0.828694
v 0.007232 -0.096200 0.826926
v 0.007232 -0.093800 0.826926
v 0.009000 -0.096200 0.826194
v 0.009000 -0.093800 0.826194
v 0.010768 -0.096200 0.826926
v 0.010768 -0.093800 0.826926
v 0.011500 -0.096200 0.828694
v 0.011500 -0.093800 0.828694
v 0.011500 -0.096200 0.828694
v 0.011500 -0.093800 0.828694
v 0.010768 -0.096200 0.830461
v 0.010768 -0.093800 0.830461
v 0.009000 -0.096200 0.831194
v 0.009000 -0.093800 0.831194
v 0.007232 -0.096200 0.830461
v 0.007232 -0.093800 0.830461
v 0.006500 -0.096200 0.828694
v 0.006500 -0.093800 0.828694
v 0.011225 -0.091500 0.830310
v 0.010945 -0.096200 0.830638
v 0.009850 -0.091500 0.831309
v 0.009000 -0.096200 0.831444
v 0.008150 -0.091500 0.831309
v 0.007055 -0.096200 0.830638
v 0.006775 -0.091500 0.830310
v 0.006250 -0.096200 0.828694
v 0.006250 -0.091500 0.828694
v 0.011750 -0.091500 0.828694
v 0.011750 -0.096200 0.828694
v 0.006250 -0.091500 0.828694
v 0.007055 -0.096200 0.826749
v 0.007055 -0.091500 0.826749
v 0.009000 -0.096200 0.825944
v 0.009000 -0.091500 0.825944
v 0.010945 -0.096200 0.826749
v 0.010945 -0.091500 0.826749
v 0.011750 -0.096200 0.828694
v 0.011750 -0.091500 0.828694
v 0.006250 -0.096200 0.828694
v 0.006500 -0.096200 0.828694
v 0.006250 -0.096200 0.828694
v 0.007232 -0.096200 0.830461
v 0.007055 -0.096200 0.830638
v 0.009000 -0.096200 0.831194
v 0.009000 -0.096200 0.831444
v 0.010768 -0.096200 0.830461
v 0.010945 -0.096200 0.830638
v 0.011500 -0.096200 0.828694
v 0.011750 -0.096200 0.828694
v 0.010768 -0.096200 0.826926
v 0.010945 -0.096200 0.826749
v 0.009000 -0.096200 0.826194
v 0.009000 -0.096200 0.825944
v 0.007232 -0.096200 0.826926
v 0.007055 -0.096200 0.826749
v 0.032752 0.085300 0.326842
v 0.027772 0.085300 0.326397
v 0.032307 0.085300 0.331823
v 0.027327 0.085300 0.331378
v 0.052673 0.085300 0.328622
v 0.047693 0.085300 0.328177
v 0.052228 0.085300 0.333603
v 0.047248 0.085300 0.333158
v 0.032752 0.085300 0.778158
v 0.032752 0.091000 0.778158
v 0.032307 0.085300 0.773177
v 0.032307 0.091000 0.773177
v 0.032307 0.091300 0.773177
v 0.032307 0.091000 0.773177
v 0.032752 0.091300 0.778158
v 0.032752 0.091000 0.778158
v 0.032752 0.091300 0.778158
v 0.032752 0.091000 0.778158
v 0.027772 0.091300 0.778603
v 0.027772 0.091000 0.778603
v 0.032752 0.085300 0.778158
v 0.032307 0.085300 0.773177
v 0.027772 0.085300 0.778603
v 0.027327 0.085300 0.773622
v 0.027772 0.091000 0.778603
v 0.032752 0.091000 0.778158
v 0.027772 0.085300 0.778603
v 0.032752 0.085300 0.778158
v 0.052228 0.085300 0.771397
v 0.052673 0.085300 0.776378
v 0.052228 0.091000 0.771397
v 0.052673 0.091000 0.776378
v 0.052228 0.091300 0.771397
v 0.052228 0.091000 0.771397
v 0.052673 0.091300 0.776378
v 0.052673 0.091000 0.776378
v 0.052673 0.085300 0.776378
v 0.052228 0.085300 0.771397
v 0.047693 0.085300 0.776823
v 0.047248 0.085300 0.771842
v 0.102000 0.099300 0.771500
v 0.099525 0.099300 0.772525
v 0.104475 0.099300 0.772525
v 0.098500 0.099300 0.775000
v 0.105500 0.099300 0.775000
v 0.099525 0.099300 0.777475
v 0.104475 0.099300 0.777475
v 0.102000 0.099300 0.778500
v 0.116000 0.099300 0.326500
v 0.113525 0.099300 0.327525
v 0.118475 0.099300 0.327525
v 0.112500 0.099300 0.330000
v 0.119500 0.099300 0.330000
v 0.113525 0.099300 0.332475
v 0.118475 0.099300 0.332475
v 0.116000 0.099300 0.333500
v 0.101000 0.099300 0.411500
v 0.098525 0.099300 0.412525
v 0.103475 0.099300 0.412525
v 0.097500 0.099300 0.415000
v 0.104500 0.099300 0.415000
v 0.098525 0.099300 0.417475
v 0.103475 0.099300 0.417475
v 0.101000 0.099300 0.418500
v 0.089000 0.099300 0.681500
v 0.086525 0.099300 0.682525
v 0.091475 0.099300 0.682525
v 0.085500 0.099300 0.685000
v 0.092500 0.099300 0.685000
v 0.086525 0.099300 0.687475
v 0.091475 0.099300 0.687475
v 0.089000 0.099300 0.688500
v -0.038000 0.099300 0.411500
v -0.040475 0.099300 0.412525
v -0.035525 0.099300 0.412525
v -0.041500 0.099300 0.415000
v -0.034500 0.099300 0.415000
v -0.040475 0.099300 0.417475
v -0.035525 0.099300 0.417475
v -0.038000 0.099300 0.418500
v -0.036000 0.099300 0.326500
v -0.038475 0.099300 0.327525
v -0.033525 0.099300 0.327525
v -0.039500 0.099300 0.330000
v -0.032500 0.099300 0.330000
v -0.038475 0.099300 0.332475
v -0.033525 0.099300 0.332475
v -0.036000 0.099300 0.333500
v 0.027327 0.115300 0.331378
v 0.032307 0.115300 0.331823
v 0.027327 0.085300 0.331378
v 0.032307 0.085300 0.331823
v 0.032307 0.115300 0.331823
v 0.032752 0.115300 0.326842
v 0.032307 0.085300 0.331823
v 0.032752 0.085300 0.326842
v 0.032752 0.115300 0.326842
v 0.027772 0.115300 0.326397
v 0.032752 0.085300 0.326842
v 0.027772 0.085300 0.326397
v 0.027772 0.115300 0.326397
v 0.027327 0.115300 0.331378
v 0.027772 0.085300 0.326397
v 0.027327 0.085300 0.331378
v 0.052228 0.115300 0.333603
v 0.052228 0.085300 0.333603
v 0.047248 0.115300 0.333158
v 0.047248 0.085300 0.333158
v 0.052673 0.115300 0.328622
v 0.052673 0.085300 0.328622
v 0.052228 0.115300 0.333603
v 0.052228 0.085300 0.333603
v 0.047693 0.115300 0.328177
v 0.047693 0.085300 0.328177
v 0.052673 0.115300 0.328622
v 0.052673 0.085300 0.328622
v 0.047248 0.115300 0.333158
v 0.047248 0.085300 0.333158
v 0.047693 0.115300 0.328177
v 0.047693 0.085300 0.328177
v 0.027772 0.115300 0.778603
v 0.032752 0.115300 0.778158
v 0.027772 0.091300 0.778603
v 0.032752 0.091300 0.778158
v 0.032752 0.091300 0.778158
v 0.032752 0.115300 0.778158
v 0.032307 0.091300 0.773177
v 0.032307 0.115300 0.773177
v 0.032307 0.091000 0.773177
v 0.032307 0.091300 0.773177
v 0.027327 0.085300 0.773622
v 0.032307 0.115300 0.773177
v 0.027327 0.115300 0.773622
v 0.032307 0.085300 0.773177
v 0.027327 0.115300 0.773622
v 0.027772 0.115300 0.778603
v 0.027772 0.091300 0.778603
v 0.027772 0.091000 0.778603
v 0.027772 0.085300 0.778603
v 0.027327 0.085300 0.773622
v 0.052673 0.091300 0.776378
v 0.047693 0.115300 0.776823
v 0.052673 0.115300 0.776378
v 0.047693 0.091300 0.776823
v 0.052673 0.091000 0.776378
v 0.047693 0.091000 0.776823
v 0.052673 0.085300 0.776378
v 0.047693 0.085300 0.776823
v 0.052228 0.091300 0.771397
v 0.052673 0.091300 0.776378
v 0.052228 0.115300 0.771397
v 0.052673 0.115300 0.776378
v 0.047248 0.091300 0.771842
v 0.052228 0.115300 0.771397
v 0.047248 0.115300 0.771842
v 0.052228 0.091300 0.771397
v 0.047248 0.091000 0.771842
v 0.052228 0.091000 0.771397
v 0.047248 0.085300 0.771842
v 0.052228 0.085300 0.771397
v 0.047248 0.115300 0.771842
v 0.047693 0.115300 0.776823
v 0.047248 0.091300 0.771842
v 0.047693 0.091300 0.776823
v 0.047248 0.091000 0.771842
v 0.047693 0.091000 0.776823
v 0.047248 0.085300 0.771842
v 0.047693 0.085300 0.776823
v -0.022000 0.099300 0.771500
v -0.024475 0.099300 0.772525
v -0.019525 0.099300 0.772525
v -0.025500 0.099300 0.775000
v -0.018500 0.099300 0.775000
v -0.024475 0.099300 0.777475
v -0.019525 0.099300 0.777475
v -0.022000 0.099300 0.778500
v 0.102000 0.099300 0.778500
v 0.102000 0.095300 0.778500
v 0.104475 0.099300 0.777475
v 0.104475 0.095300 0.777475
v 0.105500 0.099300 0.775000
v 0.105500 0.095300 0.775000
v 0.104475 0.099300 0.772525
v 0.104475 0.095300 0.772525
v 0.102000 0.099300 0.771500
v 0.102000 0.095300 0.771500
v 0.102000 0.099300 0.771500
v 0.102000 0.095300 0.771500
v 0.099525 0.099300 0.772525
v 0.099525 0.095300 0.772525
v 0.098500 0.099300 0.775000
v 0.098500 0.095300 0.775000
v 0.099525 0.099300 0.777475
v 0.099525 0.095300 0.777475
v 0.102000 0.099300 0.778500
v 0.102000 0.095300 0.778500
v 0.116000 0.099300 0.333500
v 0.116000 0.095300 0.333500
v 0.118475 0.099300 0.332475
v 0.118475 0.095300 0.332475
v 0.119500 0.099300 0.330000
v 0.119500 0.095300 0.330000
v 0.118475 0.099300 0.327525
v 0.118475 0.095300 0.327525
v 0.116000 0.099300 0.326500
v 0.116000 0.095300 0.326500
v 0.116000 0.095300 0.333500
v 0.116000 0.099300 0.333500
v 0.113525 0.095300 0.332475
v 0.113525 0.099300 0.332475
v 0.112500 0.095300 0.330000
v 0.112500 0.099300 0.330000
v 0.113525 0.095300 0.327525
v 0.113525 0.099300 0.327525
v 0.116000 0.095300 0.326500
v 0.116000 0.099300 0.326500
v 0.074000 0.099300 0.591500
v 0.071525 0.099300 0.592525
v 0.076475 0.099300 0.592525
v 0.070500 0.099300 0.595000
v 0.077500 0.099300 0.595000
v 0.071525 0.099300 0.597475
v 0.076475 0.099300 0.597475
v 0.074000 0.099300 0.598500
v 0.101000 0.095300 0.411500
v 0.101000 0.099300 0.411500
v 0.103475 0.095300 0.412525
v 0.103475 0.099300 0.412525
v 0.104500 0.095300 0.415000
v 0.104500 0.099300 0.415000
v 0.103475 0.095300 0.417475
v 0.103475 0.099300 0.417475
v 0.101000 0.095300 0.418500
v 0.101000 0.099300 0.418500
v 0.101000 0.099300 0.411500
v 0.101000 0.095300 0.411500
v 0.098525 0.099300 0.412525
v 0.098525 0.095300 0.412525
v 0.097500 0.099300 0.415000
v 0.097500 0.095300 0.415000
v 0.098525 0.099300 0.417475
v 0.098525 0.095300 0.417475
v 0.101000 0.099300 0.418500
v 0.101000 0.095300 0.418500
v 0.089000 0.099300 0.688500
v 0.089000 0.095300 0.688500
v 0.091475 0.099300 0.687475
v 0.091475 0.095300 0.687475
v 0.092500 0.099300 0.685000
v 0.092500 0.095300 0.685000
v 0.091475 0.099300 0.682525
v 0.091475 0.095300 0.682525
v 0.089000 0.099300 0.681500
v 0.089000 0.095300 0.681500
v 0.089000 0.099300 0.681500
v 0.089000 0.095300 0.681500
v 0.086525 0.099300 0.682525
v 0.086525 0.095300 0.682525
v 0.085500 0.099300 0.685000
v 0.085500 0.095300 0.685000
v 0.086525 0.099300 0.687475
v 0.086525 0.095300 0.687475
v 0.089000 0.099300 0.688500
v 0.089000 0.095300 0.688500
v 0.109245 0.104803 0.330000
v 0.109303 0.104776 0.330902
v 0.110157 0.095300 0.333469
v 0.110767 0.104059 0.334378
v 0.113007 0.095300 0.336256
v 0.113706 0.102468 0.336586
v 0.113706 0.095300 0.336586
v 0.109245 0.095300 0.330000
v 0.121298 0.095300 0.336998
v 0.120997 0.095300 0.337081
v 0.120998 0.096201 0.337081
v 0.121425 0.095463 0.336905
v 0.121511 0.095300 0.336813
v 0.120997 0.095300 0.337081
v 0.119485 0.095300 0.337102
v 0.119485 0.098133 0.337102
v 0.120988 0.096214 0.337081
v 0.120998 0.096201 0.337081
v 0.079000 0.099300 0.501500
v 0.076525 0.099300 0.502525
v 0.081475 0.099300 0.502525
v 0.075500 0.099300 0.505000
v 0.082500 0.099300 0.505000
v 0.076525 0.099300 0.507475
v 0.081475 0.099300 0.507475
v 0.079000 0.099300 0.508500
v -0.028000 0.099300 0.681500
v -0.030475 0.099300 0.682525
v -0.025525 0.099300 0.682525
v -0.031500 0.099300 0.685000
v -0.024500 0.099300 0.685000
v -0.030475 0.099300 0.687475
v -0.025525 0.099300 0.687475
v -0.028000 0.099300 0.688500
v -0.035000 0.099300 0.501500
v -0.037475 0.099300 0.502525
v -0.032525 0.099300 0.502525
v -0.038500 0.099300 0.505000
v -0.031500 0.099300 0.505000
v -0.037475 0.099300 0.507475
v -0.032525 0.099300 0.507475
v -0.035000 0.099300 0.508500
v -0.031000 0.099300 0.591500
v -0.033475 0.099300 0.592525
v -0.028525 0.099300 0.592525
v -0.034500 0.099300 0.595000
v -0.027500 0.099300 0.595000
v -0.033475 0.099300 0.597475
v -0.028525 0.099300 0.597475
v -0.031000 0.099300 0.598500
v -0.038000 0.099300 0.411500
v -0.038000 0.095300 0.411500
v -0.040475 0.099300 0.412525
v -0.040475 0.095300 0.412525
v -0.041500 0.099300 0.415000
v -0.041500 0.095300 0.415000
v -0.040475 0.099300 0.417475
v -0.040475 0.095300 0.417475
v -0.038000 0.099300 0.418500
v -0.038000 0.095300 0.418500
v -0.038000 0.099300 0.418500
v -0.038000 0.095300 0.418500
v -0.035525 0.099300 0.417475
v -0.035525 0.095300 0.417475
v -0.034500 0.099300 0.415000
v -0.034500 0.095300 0.415000
v -0.035525 0.099300 0.412525
v -0.035525 0.095300 0.412525
v -0.038000 0.099300 0.411500
v -0.038000 0.095300 0.411500
v -0.036000 0.095300 0.326500
v -0.036000 0.099300 0.326500
v -0.033525 0.095300 0.327525
v -0.033525 0.099300 0.327525
v -0.032500 0.095300 0.330000
v -0.032500 0.099300 0.330000
v -0.033525 0.095300 0.332475
v -0.033525 0.099300 0.332475
v -0.036000 0.095300 0.333500
v -0.036000 0.099300 0.333500
v -0.036000 0.095300 0.333500
v -0.036000 0.099300 0.333500
v -0.038475 0.095300 0.332475
v -0.038475 0.099300 0.332475
v -0.039500 0.095300 0.330000
v -0.039500 0.099300 0.330000
v -0.038475 0.095300 0.327525
v -0.038475 0.099300 0.327525
v -0.036000 0.095300 0.326500
v -0.036000 0.099300 0.326500
v 0.039638 0.115293 0.333984
v 0.040453 0.115301 0.333860
v 0.038681 0.115300 0.333767
v 0.045336 0.115300 0.326461
v 0.030396 0.115300 0.325126
v 0.032752 0.115300 0.326842
v 0.028793 0.115300 0.325309
v 0.027772 0.115300 0.326397
v 0.027430 0.115300 0.326078
v 0.026413 0.115300 0.327422
v 0.026056 0.115300 0.328754
v 0.026194 0.115300 0.330209
v 0.027327 0.115300 0.331378
v 0.026876 0.115300 0.331557
v 0.032307 0.115300 0.331823
v 0.028079 0.115300 0.332596
v 0.029684 0.115300 0.333094
v 0.029341 0.115300 0.333049
v 0.037841 0.115300 0.333768
v 0.038681 0.115300 0.333767
v 0.047693 0.115300 0.328177
v 0.050316 0.115300 0.326906
v 0.051574 0.115300 0.327230
v 0.052673 0.115300 0.328622
v 0.051059 0.115300 0.334736
v 0.052388 0.115300 0.334069
v 0.049604 0.115300 0.334874
v 0.052228 0.115300 0.333603
v 0.047248 0.115300 0.333158
v 0.040453 0.115301 0.333860
v 0.043040 0.115300 0.334258
v 0.053402 0.115300 0.332928
v 0.053907 0.115300 0.331539
v 0.053944 0.115300 0.331246
v 0.053688 0.115300 0.329439
v 0.052837 0.115300 0.328111
v 0.040077 0.115300 0.771058
v 0.039475 0.115298 0.771072
v 0.036686 0.115300 0.771306
v 0.039637 0.115297 0.771017
v 0.029684 0.115300 0.771906
v 0.028079 0.115300 0.772404
v 0.036686 0.115300 0.771306
v 0.032307 0.115300 0.773177
v 0.047248 0.115300 0.771842
v 0.047693 0.115300 0.776823
v 0.027327 0.115300 0.773622
v 0.026879 0.115300 0.773439
v 0.026195 0.115300 0.774788
v 0.026056 0.115300 0.776246
v 0.026631 0.115300 0.777983
v 0.027772 0.115300 0.778603
v 0.027730 0.115300 0.779156
v 0.032752 0.115300 0.778158
v 0.029153 0.115300 0.779790
v 0.035376 0.115300 0.779429
v 0.030396 0.115300 0.779874
v 0.041033 0.115300 0.770943
v 0.040077 0.115300 0.771058
v 0.049604 0.115300 0.770126
v 0.050885 0.115300 0.770218
v 0.052228 0.115300 0.771397
v 0.052311 0.115300 0.770873
v 0.051858 0.115300 0.777631
v 0.052673 0.115300 0.776378
v 0.050316 0.115300 0.778094
v 0.053411 0.115300 0.772087
v 0.053944 0.115300 0.773754
v 0.053865 0.115300 0.774977
v 0.053063 0.115300 0.776634
v -0.022000 0.099300 0.778500
v -0.022000 0.095300 0.778500
v -0.019525 0.099300 0.777475
v -0.019525 0.095300 0.777475
v -0.018500 0.099300 0.775000
v -0.018500 0.095300 0.775000
v -0.019525 0.099300 0.772525
v -0.019525 0.095300 0.772525
v -0.022000 0.099300 0.771500
v -0.022000 0.095300 0.771500
v -0.022000 0.099300 0.771500
v -0.022000 0.095300 0.771500
v -0.024475 0.099300 0.772525
v -0.024475 0.095300 0.772525
v -0.025500 0.099300 0.775000
v -0.025500 0.095300 0.775000
v -0.024475 0.099300 0.777475
v -0.024475 0.095300 0.777475
v -0.022000 0.099300 0.778500
v -0.022000 0.095300 0.778500
v 0.098473 0.095300 0.770146
v 0.102000 0.095300 0.771500
v 0.102000 0.095300 0.769000
v 0.104475 0.095300 0.772525
v 0.107152 0.095300 0.769000
v 0.105500 0.095300 0.775000
v 0.107419 0.095300 0.775000
v 0.104475 0.095300 0.777475
v 0.107151 0.095300 0.781000
v 0.102000 0.095300 0.778500
v 0.102000 0.095300 0.781000
v 0.096294 0.095300 0.776854
v 0.098473 0.095300 0.779854
v 0.099525 0.095300 0.772525
v 0.096294 0.095300 0.773146
v 0.098500 0.095300 0.775000
v 0.099525 0.095300 0.777475
v 0.102000 0.095300 0.781000
v 0.102000 0.101518 0.781109
v 0.107151 0.095300 0.781000
v 0.104608 0.099173 0.781068
v 0.056372 0.114623 0.775000
v 0.053865 0.115300 0.774977
v 0.056092 0.114644 0.776110
v 0.053063 0.115300 0.776634
v 0.054625 0.114732 0.778402
v 0.051858 0.115300 0.777631
v 0.052196 0.114868 0.779825
v 0.050316 0.115300 0.778094
v 0.050148 0.114978 0.780041
v 0.056419 0.114614 0.773533
v 0.053944 0.115300 0.773754
v 0.037905 0.115225 0.780077
v 0.040697 0.115244 0.779690
v 0.035376 0.115300 0.779429
v 0.043416 0.115218 0.779633
v 0.050316 0.115300 0.778094
v 0.050148 0.114978 0.780041
v 0.030396 0.115300 0.779874
v 0.030906 0.114978 0.781761
v 0.030540 0.114958 0.781843
v 0.029153 0.115300 0.779790
v 0.028126 0.114830 0.781785
v 0.027730 0.115300 0.779156
v 0.026147 0.114729 0.780898
v 0.026631 0.115300 0.777983
v 0.024580 0.114654 0.779301
v 0.026056 0.115300 0.776246
v 0.023581 0.114614 0.776467
v 0.030906 0.114978 0.781761
v 0.030396 0.115300 0.779874
v -0.024709 0.099065 0.781066
v -0.022000 0.101518 0.781109
v -0.027151 0.095300 0.781000
v -0.022000 0.095300 0.781000
v -0.036581 0.100621 0.322867
v -0.039487 0.098133 0.322898
v -0.036581 0.095300 0.322867
v -0.039487 0.095300 0.322898
v -0.033706 0.102469 0.323414
v -0.036581 0.100621 0.322867
v -0.033706 0.095300 0.323414
v -0.036581 0.095300 0.322867
v 0.027413 0.114957 0.323441
v 0.025880 0.114905 0.324297
v 0.027430 0.115300 0.326078
v 0.024324 0.114855 0.326102
v 0.026413 0.115300 0.327422
v 0.023571 0.114836 0.328532
v 0.026056 0.115300 0.328754
v 0.028865 0.115008 0.323098
v 0.028793 0.115300 0.325309
v 0.030396 0.115300 0.325126
v 0.030894 0.115082 0.323252
v 0.042964 0.115249 0.325386
v 0.040221 0.115262 0.325278
v 0.045336 0.115300 0.326461
v 0.037457 0.115244 0.324846
v 0.030396 0.115300 0.325126
v 0.030894 0.115082 0.323252
v 0.050316 0.115300 0.326906
v 0.050158 0.115082 0.324974
v 0.056382 0.114842 0.330000
v 0.055436 0.114884 0.327570
v 0.053688 0.115300 0.329439
v 0.054078 0.114937 0.326131
v 0.052837 0.115300 0.328111
v 0.052043 0.115013 0.325143
v 0.051574 0.115300 0.327230
v 0.050158 0.115082 0.324974
v 0.050316 0.115300 0.326906
v 0.056429 0.114836 0.331468
v 0.053944 0.115300 0.331246
v 0.116581 0.095300 0.322867
v 0.116581 0.100620 0.322867
v 0.113265 0.095300 0.323611
v 0.113037 0.102852 0.323728
v 0.110687 0.095300 0.325725
v 0.110249 0.104317 0.326372
v 0.109573 0.095300 0.327876
v 0.109245 0.104803 0.330000
v 0.109245 0.095300 0.330000
v 0.120997 0.095300 0.322919
v 0.120986 0.096216 0.322919
v 0.120244 0.097263 0.322908
v 0.116581 0.100620 0.322867
v 0.116581 0.095300 0.322867
v 0.120998 0.096201 0.322919
v 0.121097 0.096038 0.322929
v 0.120998 0.096201 0.322919
v 0.120997 0.095300 0.322919
v 0.121139 0.095300 0.322938
v 0.121511 0.095300 0.323187
v 0.113007 0.095300 0.336256
v 0.113706 0.095300 0.336586
v 0.110157 0.095300 0.333469
v 0.116000 0.095300 0.333500
v 0.116581 0.095300 0.337131
v 0.119485 0.095300 0.337102
v 0.121139 0.095300 0.322938
v 0.116581 0.095300 0.322867
v 0.121511 0.095300 0.323187
v 0.116000 0.095300 0.326500
v 0.113265 0.095300 0.323611
v 0.110687 0.095300 0.325725
v 0.118475 0.095300 0.332475
v 0.121511 0.095300 0.336813
v 0.121298 0.095300 0.336998
v 0.120997 0.095300 0.337081
v 0.113525 0.095300 0.332475
v 0.112500 0.095300 0.330000
v 0.109245 0.095300 0.330000
v 0.113525 0.095300 0.327525
v 0.109573 0.095300 0.327876
v 0.121796 0.095300 0.330000
v 0.118475 0.095300 0.327525
v 0.119500 0.095300 0.330000
v 0.120997 0.095300 0.322919
v 0.090245 0.095300 0.667510
v 0.090103 0.095300 0.666827
v 0.090622 0.095300 0.669390
v 0.089859 0.095300 0.665633
v 0.074000 0.099300 0.591500
v 0.074000 0.095300 0.591500
v 0.071525 0.099300 0.592525
v 0.071525 0.095300 0.592525
v 0.070500 0.099300 0.595000
v 0.070500 0.095300 0.595000
v 0.071525 0.099300 0.597475
v 0.071525 0.095300 0.597475
v 0.074000 0.099300 0.598500
v 0.074000 0.095300 0.598500
v 0.074000 0.099300 0.598500
v 0.074000 0.095300 0.598500
v 0.076475 0.099300 0.597475
v 0.076475 0.095300 0.597475
v 0.077500 0.099300 0.595000
v 0.077500 0.095300 0.595000
v 0.076475 0.099300 0.592525
v 0.076475 0.095300 0.592525
v 0.074000 0.099300 0.591500
v 0.074000 0.095300 0.591500
v 0.094267 0.095300 0.406942
v 0.094177 0.095300 0.408090
v 0.095650 0.095300 0.403757
v 0.101000 0.095300 0.411500
v 0.097305 0.095300 0.402211
v 0.110350 0.095300 0.401222
v 0.101434 0.095300 0.400989
v 0.103475 0.095300 0.417475
v 0.101000 0.095300 0.418500
v 0.101603 0.095300 0.422216
v 0.098725 0.095300 0.421662
v 0.094695 0.095300 0.417623
v 0.096816 0.095300 0.420532
v 0.098525 0.095300 0.417475
v 0.097500 0.095300 0.415000
v 0.094210 0.095300 0.415096
v 0.098525 0.095300 0.412525
v 0.103475 0.095300 0.412525
v 0.104500 0.095300 0.415000
v 0.105047 0.095300 0.422239
v 0.101434 0.095300 0.400989
v 0.110350 0.095300 0.401222
v 0.108697 0.097899 0.401137
v 0.103736 0.101703 0.401021
v 0.101434 0.102918 0.400989
v 0.101434 0.095300 0.400989
v 0.101434 0.102918 0.400989
v 0.097305 0.095300 0.402211
v 0.097805 0.104413 0.401904
v 0.095650 0.095300 0.403757
v 0.095142 0.105165 0.404508
v 0.094267 0.095300 0.406942
v 0.094177 0.105166 0.408090
v 0.094177 0.095300 0.408090
v 0.094210 0.095300 0.415096
v 0.094177 0.095300 0.408090
v 0.094210 0.104453 0.415097
v 0.094177 0.105166 0.408090
v 0.094210 0.095300 0.415096
v 0.094210 0.104453 0.415097
v 0.094695 0.095300 0.417623
v 0.095231 0.103657 0.418706
v 0.096816 0.095300 0.420532
v 0.097919 0.102096 0.421279
v 0.098725 0.095300 0.421662
v 0.101603 0.095300 0.422216
v 0.101603 0.099658 0.422216
v 0.104506 0.096542 0.422231
v 0.105047 0.095300 0.422239
v 0.101603 0.099658 0.422216
v 0.101603 0.095300 0.422216
v 0.089000 0.095300 0.691000
v 0.089000 0.101863 0.691115
v 0.094910 0.095300 0.691000
v 0.093600 0.097832 0.691044
v 0.086525 0.095300 0.687475
v 0.083294 0.095300 0.686854
v 0.089000 0.095300 0.688500
v 0.085473 0.095300 0.689854
v 0.089000 0.095300 0.691000
v 0.086525 0.095300 0.682525
v 0.083294 0.095300 0.683146
v 0.085500 0.095300 0.685000
v 0.089000 0.095300 0.679000
v 0.085473 0.095300 0.680146
v 0.089000 0.095300 0.681500
v 0.092528 0.095300 0.679000
v 0.091475 0.095300 0.682525
v 0.092500 0.095300 0.685000
v 0.094910 0.095300 0.691000
v 0.091475 0.095300 0.687475
v 0.091847 0.096963 0.678971
v 0.089000 0.100128 0.678916
v 0.092528 0.095300 0.679000
v 0.089000 0.095300 0.679000
v 0.082857 0.104387 0.684564
v 0.083294 0.095300 0.683146
v 0.083334 0.103975 0.682606
v 0.085473 0.095300 0.680146
v 0.085676 0.102481 0.679855
v 0.089000 0.095300 0.679000
v 0.089000 0.100128 0.678916
v 0.083038 0.104501 0.686550
v 0.083848 0.104318 0.688372
v 0.083294 0.095300 0.686854
v 0.085535 0.103691 0.690076
v 0.085473 0.095300 0.689854
v 0.089000 0.101863 0.691115
v 0.089000 0.095300 0.691000
v 0.067986 0.103749 0.593727
v 0.067944 0.103833 0.596067
v 0.068294 0.095300 0.593146
v 0.068945 0.103605 0.598494
v 0.068294 0.095300 0.596854
v 0.072048 0.102593 0.600808
v 0.070473 0.095300 0.599854
v 0.074000 0.101765 0.601113
v 0.074000 0.095300 0.601000
v 0.072046 0.102197 0.589200
v 0.070280 0.102898 0.590125
v 0.070473 0.095300 0.590146
v 0.068902 0.103402 0.591576
v 0.074000 0.095300 0.589000
v 0.074000 0.101291 0.588895
v 0.106522 0.096612 0.768977
v 0.106532 0.096591 0.768950
v 0.104966 0.098777 0.768939
v 0.106577 0.096515 0.768979
v 0.102000 0.095300 0.769000
v 0.107152 0.095300 0.769000
v 0.107150 0.095305 0.769000
v 0.106577 0.096515 0.768979
v 0.106522 0.096612 0.768977
v 0.104966 0.098777 0.768939
v 0.102000 0.101518 0.768891
v 0.095823 0.105434 0.775000
v 0.096294 0.095300 0.773146
v 0.096312 0.105168 0.772604
v 0.098473 0.095300 0.770146
v 0.097833 0.104300 0.770467
v 0.102000 0.101518 0.768891
v 0.098812 0.103708 0.769745
v 0.095948 0.105366 0.776228
v 0.096294 0.095300 0.776854
v 0.097035 0.104763 0.778655
v 0.098473 0.095300 0.779854
v 0.102000 0.101518 0.781109
v 0.102000 0.095300 0.781000
v 0.099454 0.103302 0.780587
v 0.102000 0.095300 0.769000
v 0.097833 0.104300 0.770467
v 0.094093 0.106141 0.770166
v 0.094303 0.106144 0.775000
v 0.081845 0.110385 0.771261
v 0.082006 0.110387 0.775000
v 0.072868 0.112410 0.772063
v 0.072996 0.112411 0.775000
v 0.056419 0.114614 0.773533
v 0.056372 0.114623 0.775000
v 0.098812 0.103708 0.769745
v 0.096312 0.105168 0.772604
v 0.095823 0.105434 0.775000
v 0.049102 0.115052 0.768321
v 0.050885 0.115300 0.770218
v 0.051598 0.114915 0.768201
v 0.052311 0.115300 0.770873
v 0.053997 0.114765 0.769223
v 0.053411 0.115300 0.772087
v 0.055599 0.114660 0.770988
v 0.053944 0.115300 0.773754
v 0.056419 0.114614 0.773533
v 0.049604 0.115300 0.770126
v 0.039618 0.115293 0.770803
v 0.040077 0.115300 0.771058
v 0.041402 0.115284 0.770442
v 0.041033 0.115300 0.770943
v 0.049102 0.115052 0.768321
v 0.049604 0.115300 0.770126
v 0.039637 0.115297 0.771017
v 0.044122 0.115254 0.335296
v 0.049113 0.115127 0.336671
v 0.043040 0.115300 0.334258
v 0.040453 0.115301 0.333860
v 0.039638 0.115293 0.333984
v 0.049604 0.115300 0.334874
v 0.056429 0.114836 0.331468
v 0.053907 0.115300 0.331539
v 0.055883 0.114854 0.333491
v 0.053402 0.115300 0.332928
v 0.054073 0.114932 0.335718
v 0.052388 0.115300 0.334069
v 0.051725 0.115030 0.336765
v 0.051059 0.115300 0.334736
v 0.049113 0.115127 0.336671
v 0.049604 0.115300 0.334874
v 0.053944 0.115300 0.331246
v 0.056382 0.114842 0.330000
v 0.066800 0.114042 0.332395
v 0.078443 0.112650 0.330000
v 0.089233 0.110715 0.334399
v 0.094691 0.109520 0.330000
v 0.104419 0.106579 0.335756
v 0.104662 0.106584 0.330000
v 0.109245 0.104803 0.330000
v 0.113706 0.102468 0.336586
v 0.110767 0.104059 0.334378
v 0.109303 0.104776 0.330902
v 0.056429 0.114836 0.331468
v 0.113706 0.102468 0.336586
v 0.116581 0.100621 0.337131
v 0.113706 0.095300 0.336586
v 0.116581 0.095300 0.337131
v 0.116581 0.100621 0.337131
v 0.119485 0.098133 0.337102
v 0.116581 0.095300 0.337131
v 0.119485 0.095300 0.337102
v 0.121796 0.095300 0.330000
v 0.121511 0.095300 0.336813
v 0.122141 0.092940 0.337340
v 0.121425 0.095463 0.336905
v 0.121131 0.095952 0.337249
v 0.120998 0.096201 0.337081
v 0.120988 0.096214 0.337081
v 0.122156 0.092941 0.337179
v 0.119485 0.098133 0.337102
v 0.122468 0.092941 0.330000
v 0.079000 0.099300 0.501500
v 0.079000 0.095300 0.501500
v 0.076525 0.099300 0.502525
v 0.076525 0.095300 0.502525
v 0.075500 0.099300 0.505000
v 0.075500 0.095300 0.505000
v 0.076525 0.099300 0.507475
v 0.076525 0.095300 0.507475
v 0.079000 0.099300 0.508500
v 0.079000 0.095300 0.508500
v 0.079000 0.099300 0.508500
v 0.079000 0.095300 0.508500
v 0.081475 0.099300 0.507475
v 0.081475 0.095300 0.507475
v 0.082500 0.099300 0.505000
v 0.082500 0.095300 0.505000
v 0.081475 0.099300 0.502525
v 0.081475 0.095300 0.502525
v 0.079000 0.099300 0.501500
v 0.079000 0.095300 0.501500
v 0.078234 0.101328 0.511057
v 0.075473 0.095300 0.509854
v 0.074887 0.102802 0.509547
v 0.073294 0.095300 0.506854
v 0.072971 0.103617 0.506187
v 0.073294 0.095300 0.503146
v 0.072940 0.103755 0.503967
v 0.073844 0.103628 0.501657
v 0.075588 0.103191 0.499898
v 0.075473 0.095300 0.500146
v 0.079000 0.095300 0.499000
v 0.079000 0.101992 0.498883
v 0.079000 0.100931 0.511098
v 0.079000 0.095300 0.511000
v -0.028000 0.099300 0.681500
v -0.028000 0.095300 0.681500
v -0.030475 0.099300 0.682525
v -0.030475 0.095300 0.682525
v -0.031500 0.099300 0.685000
v -0.031500 0.095300 0.685000
v -0.030475 0.099300 0.687475
v -0.030475 0.095300 0.687475
v -0.028000 0.099300 0.688500
v -0.028000 0.095300 0.688500
v -0.028000 0.099300 0.688500
v -0.028000 0.095300 0.688500
v -0.025525 0.099300 0.687475
v -0.025525 0.095300 0.687475
v -0.024500 0.099300 0.685000
v -0.024500 0.095300 0.685000
v -0.025525 0.099300 0.682525
v -0.025525 0.095300 0.682525
v -0.028000 0.099300 0.681500
v -0.028000 0.095300 0.681500
v 0.107698 0.093011 0.768951
v 0.107152 0.095300 0.769000
v 0.107967 0.093012 0.775000
v 0.107419 0.095300 0.775000
v -0.035000 0.099300 0.501500
v -0.035000 0.095300 0.501500
v -0.037475 0.099300 0.502525
v -0.037475 0.095300 0.502525
v -0.038500 0.099300 0.505000
v -0.038500 0.095300 0.505000
v -0.037475 0.099300 0.507475
v -0.037475 0.095300 0.507475
v -0.035000 0.099300 0.508500
v -0.035000 0.095300 0.508500
v -0.035000 0.099300 0.508500
v -0.035000 0.095300 0.508500
v -0.032525 0.099300 0.507475
v -0.032525 0.095300 0.507475
v -0.031500 0.099300 0.505000
v -0.031500 0.095300 0.505000
v -0.032525 0.099300 0.502525
v -0.032525 0.095300 0.502525
v -0.035000 0.099300 0.501500
v -0.035000 0.095300 0.501500
v -0.031000 0.099300 0.591500
v -0.031000 0.095300 0.591500
v -0.033475 0.099300 0.592525
v -0.033475 0.095300 0.592525
v -0.034500 0.099300 0.595000
v -0.034500 0.095300 0.595000
v -0.033475 0.099300 0.597475
v -0.033475 0.095300 0.597475
v -0.031000 0.099300 0.598500
v -0.031000 0.095300 0.598500
v -0.031000 0.099300 0.598500
v -0.031000 0.095300 0.598500
v -0.028525 0.099300 0.597475
v -0.028525 0.095300 0.597475
v -0.027500 0.099300 0.595000
v -0.027500 0.095300 0.595000
v -0.028525 0.099300 0.592525
v -0.028525 0.095300 0.592525
v -0.031000 0.099300 0.591500
v -0.031000 0.095300 0.591500
v -0.035525 0.095300 0.417475
v -0.038000 0.095300 0.418500
v -0.032294 0.095300 0.416854
v -0.038000 0.095300 0.421000
v -0.034473 0.095300 0.419854
v -0.035525 0.095300 0.412525
v -0.034500 0.095300 0.415000
v -0.032294 0.095300 0.413146
v -0.038000 0.095300 0.411500
v -0.034473 0.095300 0.410146
v -0.044426 0.095300 0.409000
v -0.040475 0.095300 0.417475
v -0.041500 0.095300 0.415000
v -0.040475 0.095300 0.412525
v -0.038000 0.095300 0.409000
v -0.044214 0.095300 0.421000
v -0.044214 0.095300 0.421000
v -0.043456 0.096987 0.421029
v -0.038000 0.095300 0.421000
v -0.040775 0.099736 0.421077
v -0.038000 0.101533 0.421109
v -0.032093 0.104286 0.416737
v -0.031856 0.104404 0.414573
v -0.032294 0.095300 0.416854
v -0.032391 0.104221 0.412463
v -0.032294 0.095300 0.413146
v -0.034693 0.103283 0.409828
v -0.034473 0.095300 0.410146
v -0.038000 0.101630 0.408890
v -0.038000 0.095300 0.409000
v -0.033047 0.103889 0.418645
v -0.034473 0.095300 0.419854
v -0.034595 0.103222 0.420107
v -0.038000 0.095300 0.421000
v -0.038000 0.101533 0.421109
v -0.038000 0.095300 0.409000
v -0.038000 0.101630 0.408890
v -0.044426 0.095300 0.409000
v -0.042798 0.097993 0.408953
v -0.040996 0.095300 0.322918
v -0.039487 0.095300 0.322898
v -0.040996 0.096201 0.322918
v -0.039487 0.098133 0.322898
v -0.041313 0.095300 0.323009
v -0.040996 0.095300 0.322918
v -0.040996 0.096201 0.322918
v -0.041117 0.096002 0.322931
v -0.041512 0.095300 0.323183
v -0.033058 0.095300 0.336234
v -0.031019 0.095300 0.334650
v -0.036000 0.095300 0.333500
v -0.029686 0.095300 0.332447
v -0.033525 0.095300 0.332475
v -0.029247 0.095300 0.330337
v -0.032500 0.095300 0.330000
v -0.029599 0.095300 0.327764
v -0.033525 0.095300 0.327525
v -0.031475 0.095300 0.324840
v -0.036000 0.095300 0.326500
v -0.033706 0.095300 0.323414
v -0.036581 0.095300 0.322867
v -0.042106 0.095300 0.336948
v -0.036540 0.095300 0.337055
v -0.042407 0.095300 0.336852
v -0.041512 0.095300 0.323183
v -0.039500 0.095300 0.330000
v -0.038475 0.095300 0.327525
v -0.039487 0.095300 0.322898
v -0.040996 0.095300 0.322918
v -0.041313 0.095300 0.323009
v -0.042575 0.095300 0.336676
v -0.038475 0.095300 0.332475
v -0.042481 0.095509 0.336791
v -0.042106 0.096199 0.336948
v -0.042106 0.095300 0.336948
v -0.042407 0.095300 0.336852
v -0.042575 0.095300 0.336676
v -0.036540 0.095300 0.337055
v -0.042106 0.095300 0.336948
v -0.042106 0.096199 0.336948
v -0.041562 0.096999 0.336964
v -0.036540 0.101410 0.337055
v -0.036540 0.101410 0.337055
v -0.035606 0.101987 0.337009
v -0.033058 0.095300 0.336234
v -0.032320 0.103705 0.335793
v -0.031019 0.095300 0.334650
v -0.029796 0.104759 0.332721
v -0.029686 0.095300 0.332447
v -0.029247 0.095300 0.330337
v -0.029287 0.104860 0.329160
v -0.029599 0.095300 0.327764
v -0.030580 0.104166 0.325856
v -0.031475 0.095300 0.324840
v -0.033706 0.095300 0.323414
v -0.036540 0.095300 0.337055
v -0.033706 0.102469 0.323414
v 0.029341 0.115300 0.333049
v 0.028079 0.115300 0.332596
v 0.027383 0.115036 0.334624
v 0.026876 0.115300 0.331557
v 0.025160 0.114934 0.333157
v 0.026194 0.115300 0.330209
v 0.023927 0.114866 0.331174
v 0.026056 0.115300 0.328754
v 0.023571 0.114836 0.328532
v 0.029848 0.115128 0.334947
v 0.029684 0.115300 0.333094
v 0.039638 0.115293 0.333984
v 0.038681 0.115300 0.333767
v 0.039024 0.115292 0.334126
v 0.037841 0.115300 0.333768
v 0.037994 0.115288 0.334244
v 0.029684 0.115300 0.333094
v 0.029848 0.115128 0.334947
v 0.039637 0.115297 0.771017
v 0.039618 0.115293 0.770803
v 0.039475 0.115298 0.771072
v 0.036713 0.115271 0.770677
v 0.036686 0.115300 0.771306
v 0.029857 0.115053 0.770042
v 0.029684 0.115300 0.771906
v 0.023581 0.114614 0.776467
v 0.026195 0.115300 0.774788
v 0.023849 0.114652 0.774069
v 0.026879 0.115300 0.773439
v 0.025303 0.114774 0.771692
v 0.028079 0.115300 0.772404
v 0.027276 0.114910 0.770406
v 0.029684 0.115300 0.771906
v 0.029857 0.115053 0.770042
v 0.026056 0.115300 0.776246
v -0.016000 0.095300 0.775000
v -0.016804 0.095300 0.778000
v -0.017225 0.104661 0.778897
v -0.019000 0.095300 0.780196
v -0.018811 0.103708 0.780255
v -0.022000 0.095300 0.781000
v -0.022000 0.101518 0.781109
v -0.015914 0.105447 0.776055
v -0.015821 0.105534 0.775000
v -0.016000 0.095300 0.775000
v -0.015821 0.105534 0.775000
v -0.016000 0.095300 0.768000
v -0.015817 0.105797 0.768000
v -0.016000 0.095300 0.768000
v -0.016128 0.105719 0.766067
v -0.016804 0.095300 0.765000
v -0.018397 0.104709 0.762999
v -0.019000 0.095300 0.762804
v -0.022000 0.102642 0.761872
v -0.022000 0.095300 0.762000
v -0.015817 0.105797 0.768000
v -0.022000 0.095300 0.762000
v -0.022000 0.102642 0.761872
v -0.028723 0.095300 0.762000
v -0.026520 0.098811 0.761939
v -0.019525 0.095300 0.777475
v -0.022000 0.095300 0.778500
v -0.016804 0.095300 0.778000
v -0.022000 0.095300 0.781000
v -0.019000 0.095300 0.780196
v -0.022000 0.095300 0.771500
v -0.019525 0.095300 0.772525
v -0.016000 0.095300 0.768000
v -0.018500 0.095300 0.775000
v -0.016000 0.095300 0.775000
v -0.027151 0.095300 0.781000
v -0.024475 0.095300 0.777475
v -0.025500 0.095300 0.775000
v -0.028723 0.095300 0.762000
v -0.022000 0.095300 0.762000
v -0.024475 0.095300 0.772525
v -0.016804 0.095300 0.765000
v -0.019000 0.095300 0.762804
v 0.097152 0.093012 0.811786
v 0.096767 0.096615 0.810196
v 0.084954 0.096615 0.824401
v 0.094718 0.099702 0.808925
v 0.083331 0.099702 0.822618
v 0.089281 0.104315 0.805554
v 0.079025 0.104315 0.817886
v 0.082828 0.107743 0.801553
v 0.073915 0.107743 0.812270
v 0.068044 0.112411 0.792387
v 0.062208 0.112411 0.799404
v 0.050148 0.114978 0.780041
v 0.043416 0.115218 0.779633
v 0.097035 0.104763 0.778655
v 0.095948 0.105366 0.776228
v 0.095766 0.104315 0.790885
v 0.094303 0.106144 0.775000
v 0.088464 0.107743 0.788805
v 0.082006 0.110387 0.775000
v 0.071734 0.112411 0.784039
v 0.072996 0.112411 0.775000
v 0.056372 0.114623 0.775000
v 0.099454 0.103302 0.780587
v 0.101919 0.099702 0.792637
v 0.016658 0.113891 0.777086
v 0.001417 0.111203 0.778448
v 0.009196 0.112411 0.786828
v -0.009039 0.108165 0.779382
v -0.007043 0.107743 0.793063
v -0.017962 0.104199 0.780179
v -0.014131 0.104315 0.795785
v -0.020104 0.099702 0.798078
v -0.006366 0.104315 0.809819
v -0.011482 0.099702 0.813661
v 0.004946 0.104315 0.821189
v 0.001079 0.099702 0.826285
v 0.018941 0.104315 0.829025
v 0.016617 0.099702 0.834986
v 0.034547 0.104315 0.832727
v 0.033945 0.099702 0.839097
v 0.050570 0.104315 0.832013
v 0.051736 0.099702 0.838303
v 0.065784 0.104315 0.826936
v 0.068629 0.099702 0.832667
v 0.024580 0.114654 0.779301
v 0.013615 0.112411 0.794814
v 0.026147 0.114729 0.780898
v 0.028126 0.114830 0.781785
v -0.013410 0.096615 0.815108
v -0.022354 0.096615 0.798942
v -0.027151 0.095300 0.781000
v -0.024709 0.099065 0.781066
v -0.000295 0.107743 0.805259
v 0.009537 0.107743 0.815141
v 0.020053 0.112411 0.801284
v 0.028016 0.112411 0.805743
v 0.037905 0.115225 0.780077
v 0.036897 0.112411 0.807850
v 0.040697 0.115244 0.779690
v 0.046015 0.112411 0.807443
v 0.054672 0.112411 0.804555
v 0.049186 0.107743 0.824547
v 0.062408 0.107743 0.820135
v 0.030906 0.114978 0.781761
v -0.004652 0.093012 0.826242
v -0.000379 0.096615 0.828205
v 0.005866 0.093012 0.833775
v 0.015742 0.096615 0.837232
v 0.017621 0.093012 0.839177
v 0.030187 0.093012 0.842255
v 0.033718 0.096615 0.841497
v 0.052175 0.096615 0.840674
v 0.069701 0.096615 0.834826
v 0.021698 0.107743 0.821950
v 0.035261 0.107743 0.825168
v 0.043108 0.093012 0.842896
v 0.055917 0.093012 0.841077
v 0.068149 0.093012 0.836865
v 0.079361 0.093012 0.830410
v 0.089147 0.093012 0.821948
v 0.103087 0.093012 0.800290
v 0.104237 0.096615 0.793298
v 0.106736 0.093012 0.787878
v 0.107151 0.095300 0.781000
v 0.107419 0.095300 0.775000
v 0.052196 0.114868 0.779825
v -0.027699 0.093012 0.781049
v -0.027685 0.093012 0.781210
v -0.025281 0.093012 0.793922
v -0.020513 0.093012 0.805948
v -0.013552 0.093012 0.816853
v 0.104608 0.099173 0.781068
v 0.102000 0.101518 0.781109
v 0.056092 0.114644 0.776110
v 0.054625 0.114732 0.778402
v -0.018811 0.103708 0.780255
v -0.022000 0.101518 0.781109
v 0.023581 0.114614 0.776467
v 0.030540 0.114958 0.781843
v 0.095823 0.105434 0.775000
v 0.107967 0.093012 0.775000
v -0.030679 0.098487 0.698056
v -0.028000 0.100909 0.698098
v -0.032518 0.095300 0.698000
v -0.028000 0.095300 0.698000
v -0.022000 0.095300 0.692000
v -0.022804 0.095300 0.695000
v -0.023497 0.103672 0.696183
v -0.025000 0.095300 0.697196
v -0.025485 0.102572 0.697587
v -0.028000 0.095300 0.698000
v -0.028000 0.100909 0.698098
v -0.021934 0.104451 0.693068
v -0.021839 0.104503 0.692000
v -0.022000 0.095300 0.692000
v -0.021839 0.104503 0.692000
v -0.022000 0.095300 0.685000
v -0.021838 0.104559 0.685000
v -0.024907 0.103195 0.679698
v -0.022804 0.095300 0.682000
v -0.023365 0.103918 0.680957
v -0.022000 0.095300 0.685000
v -0.022233 0.104405 0.682838
v -0.021838 0.104559 0.685000
v -0.025000 0.095300 0.679804
v -0.028000 0.101458 0.678893
v -0.028000 0.095300 0.679000
v -0.033303 0.095300 0.679000
v -0.028000 0.095300 0.679000
v -0.032697 0.096926 0.678972
v -0.028000 0.101458 0.678893
v -0.031675 0.098384 0.678946
v -0.029396 0.102386 0.589090
v -0.027473 0.095300 0.590146
v -0.026129 0.103501 0.591257
v -0.025294 0.095300 0.593146
v -0.025131 0.103790 0.593169
v -0.025294 0.095300 0.596854
v -0.024859 0.103857 0.595311
v -0.025281 0.103719 0.597253
v -0.027820 0.102838 0.600243
v -0.027473 0.095300 0.599854
v -0.031000 0.095300 0.601000
v -0.031000 0.101458 0.601107
v -0.031000 0.101708 0.588888
v -0.031000 0.095300 0.589000
v -0.028895 0.103765 0.505720
v -0.028997 0.103771 0.503675
v -0.029294 0.095300 0.506854
v -0.029759 0.103579 0.501793
v -0.029294 0.095300 0.503146
v -0.032678 0.102649 0.499329
v -0.031473 0.095300 0.500146
v -0.035000 0.101711 0.498888
v -0.035000 0.095300 0.499000
v -0.032960 0.102338 0.510773
v -0.030913 0.103083 0.509576
v -0.031473 0.095300 0.509854
v -0.029472 0.103563 0.507683
v -0.035000 0.095300 0.511000
v -0.035000 0.101466 0.511108
v 0.052043 0.115013 0.325143
v 0.054078 0.114937 0.326131
v 0.073574 0.112650 0.311275
v 0.055436 0.114884 0.327570
v 0.077206 0.112650 0.320326
v 0.056382 0.114842 0.330000
v 0.078443 0.112650 0.330000
v -0.026744 0.092941 0.281562
v -0.027746 0.094919 0.283865
v -0.013957 0.094919 0.268302
v -0.025531 0.098659 0.285373
v -0.012193 0.098659 0.270319
v -0.020867 0.102669 0.288550
v -0.008477 0.102669 0.274567
v -0.009409 0.108151 0.296352
v 0.000648 0.108151 0.285002
v 0.008225 0.112650 0.308361
v 0.014693 0.112650 0.301062
v 0.028865 0.115008 0.323098
v 0.030894 0.115082 0.323252
v -0.034321 0.092941 0.294261
v -0.037176 0.094919 0.302397
v -0.034653 0.098659 0.303299
v -0.029338 0.102669 0.305200
v -0.016286 0.108151 0.309868
v 0.003803 0.112650 0.317053
v 0.024324 0.114855 0.326102
v 0.025880 0.114905 0.324297
v -0.024419 0.106579 0.324244
v -0.014483 0.109517 0.325132
v 0.001705 0.112649 0.326578
v 0.023571 0.114836 0.328532
v -0.039487 0.098133 0.322898
v -0.036581 0.100621 0.322867
v -0.033706 0.102469 0.323414
v 0.094691 0.109520 0.330000
v 0.104662 0.106584 0.330000
v 0.097854 0.108151 0.314958
v 0.111270 0.102669 0.311469
v 0.092207 0.108151 0.300883
v 0.104314 0.102669 0.294131
v 0.083200 0.108151 0.288683
v 0.093219 0.102669 0.279102
v 0.071413 0.108151 0.279142
v 0.078698 0.102669 0.267348
v 0.057605 0.108151 0.272873
v 0.061687 0.102669 0.259626
v 0.042663 0.108151 0.270282
v 0.043280 0.102669 0.256433
v 0.027550 0.108151 0.271533
v 0.024662 0.102669 0.257975
v 0.013238 0.108151 0.276548
v 0.007032 0.102669 0.264152
v 0.067782 0.112650 0.303429
v 0.060202 0.112650 0.297293
v 0.051321 0.112650 0.293262
v 0.041712 0.112650 0.291595
v 0.031993 0.112650 0.292400
v 0.022789 0.112650 0.295625
v 0.116733 0.098659 0.310049
v 0.109243 0.098659 0.291382
v 0.097297 0.098659 0.275201
v 0.081664 0.098659 0.262546
v 0.063349 0.098659 0.254232
v 0.043532 0.098659 0.250795
v 0.023487 0.098659 0.252455
v 0.004505 0.098659 0.259105
v 0.119326 0.094919 0.309375
v 0.111583 0.094919 0.290077
v 0.099234 0.094919 0.273349
v 0.083072 0.094919 0.260266
v 0.064138 0.094919 0.251671
v 0.043651 0.094919 0.248118
v 0.022929 0.094919 0.249834
v 0.003305 0.094919 0.256709
v 0.102096 0.092941 0.275732
v 0.091406 0.092941 0.265514
v 0.079063 0.092941 0.257370
v 0.065463 0.092941 0.251562
v 0.051045 0.092941 0.248275
v 0.036272 0.092941 0.247616
v 0.021619 0.092941 0.249607
v 0.007557 0.092941 0.254182
v -0.005463 0.092941 0.261195
v -0.017020 0.092941 0.270421
v 0.050158 0.115082 0.324974
v 0.042964 0.115249 0.325386
v 0.110249 0.104317 0.326372
v 0.113037 0.102852 0.323728
v 0.116581 0.100620 0.322867
v 0.120244 0.097263 0.322908
v 0.120986 0.096216 0.322919
v 0.120998 0.096201 0.322919
v 0.122468 0.092941 0.330000
v 0.121142 0.092941 0.315272
v 0.117207 0.092941 0.301017
v 0.110790 0.092941 0.287694
v 0.040221 0.115262 0.325278
v 0.037457 0.115244 0.324846
v -0.041169 0.095888 0.322747
v -0.039509 0.092941 0.308109
v -0.042141 0.092941 0.322660
v 0.121097 0.096038 0.322929
v 0.121511 0.095300 0.323187
v 0.121796 0.095300 0.330000
v 0.109245 0.104803 0.330000
v 0.027413 0.114957 0.323441
v 0.001040 0.071001 0.719059
v -0.006363 0.071001 0.725022
v -0.001708 0.072000 0.721076
v -0.012864 0.071001 0.731957
v -0.010885 0.072000 0.729634
v -0.018338 0.071001 0.739729
v -0.018338 0.072000 0.739729
v 0.062823 0.071001 0.710763
v 0.052412 0.071001 0.707968
v 0.057740 0.072000 0.709177
v 0.041691 0.071001 0.706850
v 0.045376 0.072000 0.707041
v 0.030927 0.071001 0.707435
v 0.032829 0.072000 0.707207
v 0.020391 0.071001 0.709710
v 0.020525 0.072000 0.709669
v 0.010345 0.071001 0.713617
v 0.008881 0.072000 0.714345
v 0.069504 0.072000 0.713544
v 0.072663 0.071001 0.715163
v 0.080268 0.072000 0.719992
v 0.081686 0.071001 0.721059
v 0.089667 0.072000 0.728304
v 0.089667 0.071001 0.728304
v -0.042146 0.092859 0.322660
v -0.042141 0.092941 0.322660
v -0.039625 0.092859 0.308516
v -0.039509 0.092941 0.308109
v -0.034689 0.092859 0.295023
v -0.034321 0.092941 0.294261
v -0.027486 0.092859 0.282593
v -0.026744 0.092941 0.281562
v -0.018234 0.092859 0.271600
v -0.017020 0.092941 0.270421
v -0.007216 0.092859 0.262380
v -0.005463 0.092941 0.261195
v 0.005235 0.092859 0.255212
v 0.007557 0.092941 0.254182
v 0.018741 0.092859 0.250314
v 0.021619 0.092941 0.249607
v 0.032893 0.092859 0.247834
v 0.036272 0.092941 0.247616
v 0.047260 0.092859 0.247847
v 0.051045 0.092941 0.248275
v 0.061407 0.092859 0.250354
v 0.065463 0.092941 0.251562
v 0.074904 0.092859 0.255277
v 0.079063 0.092941 0.257370
v 0.087342 0.092859 0.262468
v 0.091406 0.092941 0.265514
v 0.098343 0.092859 0.271709
v 0.102096 0.092941 0.275732
v 0.107573 0.092859 0.282718
v 0.110790 0.092941 0.287694
v 0.114754 0.092859 0.295162
v 0.117207 0.092941 0.301017
v 0.119665 0.092859 0.308664
v 0.121142 0.092941 0.315272
v 0.122159 0.092859 0.322813
v 0.122468 0.092941 0.330000
v 0.122160 0.092859 0.337180
v 0.122145 0.092858 0.337340
v 0.122156 0.092941 0.337179
v 0.122141 0.092940 0.337340
v 0.095079 0.094528 0.691014
v 0.095654 0.094501 0.693863
v 0.102207 0.093468 0.728116
v 0.103401 0.093369 0.735312
v 0.107016 0.092961 0.761967
v 0.107698 0.093011 0.768951
v 0.107702 0.092939 0.768951
v 0.094107 0.094752 0.686337
v 0.094927 0.094549 0.690276
v 0.093378 0.094869 0.682816
v 0.091810 0.094996 0.675115
v 0.091162 0.095228 0.672041
v 0.091117 0.095098 0.671740
v 0.091105 0.095099 0.671683
v 0.089859 0.095300 0.665633
v 0.090245 0.095300 0.667510
v 0.090622 0.095300 0.669390
v 0.090719 0.095300 0.669880
v 0.090642 0.095300 0.669490
v 0.095078 0.094528 0.691010
v 0.089736 0.095300 0.665000
v 0.089779 0.095299 0.665210
v 0.089779 0.095299 0.665210
v 0.089800 0.095300 0.665315
v 0.089859 0.095300 0.665633
v 0.089800 0.095300 0.665315
v 0.089779 0.095299 0.665210
v 0.089736 0.095300 0.665000
v 0.089859 0.095300 0.665633
v 0.089776 0.095314 0.665205
v 0.090103 0.095300 0.666827
v 0.089775 0.095395 0.665210
v 0.090622 0.095300 0.669390
v 0.090257 0.095392 0.667650
v 0.090642 0.095300 0.669490
v 0.090719 0.095300 0.669880
v 0.084070 0.096377 0.635356
v 0.084059 0.096457 0.635361
v 0.088726 0.095648 0.660079
v 0.088415 0.095729 0.658557
v 0.090098 0.095432 0.666893
v 0.090648 0.095337 0.669584
v 0.091031 0.095265 0.671434
v 0.091162 0.095228 0.672041
v 0.079083 0.097554 0.601039
v 0.083435 0.096652 0.631838
v 0.079139 0.097238 0.601034
v 0.084049 0.096509 0.635364
v 0.089256 0.095401 0.662634
v 0.088207 0.095578 0.657389
v 0.082552 0.096573 0.626258
v 0.092702 0.094986 0.679567
v 0.093378 0.094869 0.682816
v 0.091756 0.095146 0.674993
v 0.091536 0.095182 0.673920
v 0.091201 0.095242 0.672284
v 0.094107 0.094752 0.686337
v 0.074000 0.095300 0.601000
v 0.074000 0.101765 0.601113
v 0.077650 0.099493 0.601073
v 0.078680 0.098343 0.601053
v 0.079083 0.097554 0.601039
v 0.079139 0.097238 0.601034
v 0.079170 0.095300 0.601000
v 0.071525 0.095300 0.597475
v 0.068294 0.095300 0.596854
v 0.074000 0.095300 0.598500
v 0.070473 0.095300 0.599854
v 0.074000 0.095300 0.601000
v 0.071525 0.095300 0.592525
v 0.068294 0.095300 0.593146
v 0.070500 0.095300 0.595000
v 0.074000 0.095300 0.589000
v 0.070473 0.095300 0.590146
v 0.074000 0.095300 0.591500
v 0.078077 0.095300 0.589000
v 0.076475 0.095300 0.592525
v 0.077500 0.095300 0.595000
v 0.079170 0.095300 0.601000
v 0.076475 0.095300 0.597475
v 0.074000 0.095300 0.589000
v 0.078077 0.095300 0.589000
v 0.078033 0.097642 0.588959
v 0.077677 0.098400 0.588946
v 0.076280 0.099869 0.588920
v 0.074000 0.101291 0.588895
v 0.107152 0.095300 0.769000
v 0.107698 0.093011 0.768951
v 0.104504 0.094816 0.744764
v 0.103401 0.093369 0.735312
v 0.096889 0.095628 0.701744
v 0.095654 0.094501 0.693863
v 0.095079 0.094528 0.691014
v 0.081845 0.110385 0.771261
v 0.086184 0.108076 0.746251
v 0.072868 0.112410 0.772063
v 0.075817 0.111052 0.747162
v 0.056419 0.114614 0.773533
v 0.054244 0.113478 0.724445
v 0.055599 0.114660 0.770988
v 0.053997 0.114765 0.769223
v 0.089233 0.110715 0.334399
v 0.083592 0.111027 0.360665
v 0.104419 0.106579 0.335756
v 0.096125 0.108061 0.361810
v 0.113706 0.102468 0.336586
v 0.108118 0.104525 0.349524
v 0.116581 0.100621 0.337131
v 0.115265 0.100536 0.350146
v 0.119485 0.098133 0.337102
v 0.119400 0.096405 0.350488
v 0.121131 0.095952 0.337249
v 0.120259 0.094719 0.350556
v 0.122141 0.092940 0.337340
v 0.118685 0.093166 0.363685
v 0.092540 0.100891 0.701961
v 0.086655 0.104417 0.702343
v 0.100355 0.100574 0.745067
v 0.094461 0.104513 0.745543
v 0.102000 0.101518 0.768891
v 0.098812 0.103708 0.769745
v 0.083848 0.104318 0.688372
v 0.083038 0.104501 0.686550
v 0.078630 0.107571 0.702943
v 0.094093 0.106141 0.770166
v 0.067179 0.106575 0.645789
v 0.075673 0.104244 0.650085
v 0.082857 0.104387 0.684564
v 0.081557 0.101463 0.649824
v 0.083334 0.103975 0.682606
v 0.085676 0.102481 0.679855
v 0.095231 0.103657 0.418706
v 0.094210 0.104453 0.415097
v 0.083691 0.104250 0.454473
v 0.074949 0.106679 0.453939
v 0.073215 0.104114 0.496741
v 0.065194 0.105975 0.496444
v 0.068188 0.104053 0.524578
v 0.060557 0.105659 0.524434
v 0.065549 0.104031 0.552500
v 0.058174 0.105538 0.552500
v 0.065345 0.104038 0.567157
v 0.058615 0.105671 0.581966
v 0.067007 0.104082 0.595289
v 0.061245 0.105979 0.609006
v 0.070033 0.104143 0.618724
v 0.087995 0.107587 0.401928
v 0.104036 0.104492 0.374117
v 0.095142 0.105165 0.404508
v 0.111134 0.100649 0.374693
v 0.097805 0.104413 0.401904
v 0.101434 0.102918 0.400989
v 0.078735 0.099756 0.524710
v 0.074415 0.102088 0.524669
v 0.075905 0.099919 0.552502
v 0.071634 0.102163 0.552501
v 0.076068 0.099744 0.581703
v 0.071378 0.102143 0.567113
v 0.074000 0.101291 0.588895
v 0.072046 0.102197 0.589200
v 0.078234 0.101328 0.511057
v 0.074887 0.102802 0.509547
v 0.068902 0.103402 0.591576
v 0.067986 0.103749 0.593727
v 0.067944 0.103833 0.596067
v 0.084999 0.097402 0.498963
v 0.092528 0.096403 0.468180
v 0.084610 0.098174 0.498950
v 0.084990 0.098190 0.497025
v 0.083122 0.099703 0.498923
v 0.083950 0.099331 0.497011
v 0.079000 0.101992 0.498883
v 0.079621 0.101892 0.496927
v 0.075588 0.103191 0.499898
v 0.073844 0.103628 0.501657
v 0.072940 0.103755 0.503967
v 0.112205 0.093899 0.394960
v 0.110350 0.095300 0.401222
v 0.116169 0.095005 0.375042
v 0.108697 0.097899 0.401137
v 0.115294 0.096647 0.374988
v 0.078033 0.097642 0.588959
v 0.077912 0.097673 0.587285
v 0.077677 0.098400 0.588946
v 0.077095 0.098679 0.581696
v 0.076280 0.099869 0.588920
v 0.078741 0.097929 0.536696
v 0.082462 0.097900 0.511045
v 0.079799 0.098695 0.524717
v 0.081661 0.099023 0.511065
v 0.079000 0.100931 0.511098
v 0.094910 0.095300 0.691000
v 0.096111 0.097171 0.701777
v 0.093600 0.097832 0.691044
v 0.089000 0.101863 0.691115
v 0.085535 0.103691 0.690076
v 0.078680 0.098343 0.601053
v 0.077650 0.099493 0.601073
v 0.079551 0.098184 0.608508
v 0.078570 0.099327 0.608520
v 0.085394 0.097227 0.645003
v 0.084491 0.098520 0.645023
v 0.091847 0.096963 0.678971
v 0.089000 0.100128 0.678916
v 0.042037 0.109477 0.480507
v 0.022970 0.109736 0.487589
v 0.037197 0.108171 0.523933
v 0.020486 0.108511 0.529321
v 0.035865 0.107877 0.552500
v 0.020268 0.108399 0.568163
v 0.036438 0.108198 0.582449
v 0.038468 0.108949 0.609904
v 0.052792 0.107464 0.609340
v 0.058241 0.108484 0.646319
v 0.022376 0.109450 0.609798
v 0.044199 0.110812 0.656787
v 0.068177 0.110103 0.700533
v 0.026506 0.111350 0.654279
v 0.034021 0.114186 0.718795
v 0.039618 0.115293 0.770803
v 0.049102 0.115052 0.768321
v 0.041402 0.115284 0.770442
v 0.051858 0.106917 0.524245
v 0.049840 0.106711 0.552500
v 0.050344 0.106937 0.582147
v 0.076161 0.110216 0.400909
v 0.064496 0.108661 0.453242
v 0.055895 0.107459 0.496055
v 0.074000 0.101765 0.601113
v 0.075944 0.101797 0.618541
v 0.090380 0.101454 0.454808
v 0.094671 0.098382 0.454962
v 0.095655 0.097062 0.454987
v 0.076967 0.098889 0.552501
v 0.097919 0.102096 0.421279
v 0.101603 0.099658 0.422216
v 0.104506 0.096542 0.422231
v 0.105047 0.095300 0.422239
v 0.105334 0.094689 0.421710
v 0.092702 0.094986 0.679567
v 0.092528 0.095300 0.679000
v 0.094107 0.094752 0.686337
v 0.095078 0.094528 0.691010
v 0.095079 0.094528 0.691013
v 0.090098 0.095432 0.666893
v 0.088415 0.095729 0.658557
v 0.083435 0.096652 0.631838
v 0.103786 0.096487 0.744814
v 0.104966 0.098777 0.768939
v 0.059810 0.113773 0.370165
v 0.035992 0.114727 0.369138
v 0.051229 0.111894 0.423447
v 0.028233 0.112083 0.435179
v 0.054073 0.114932 0.335718
v 0.051725 0.115030 0.336765
v 0.049113 0.115127 0.336671
v 0.044122 0.115254 0.335296
v 0.039638 0.115293 0.333984
v 0.094177 0.105166 0.408090
v 0.091756 0.095146 0.674993
v 0.091201 0.095242 0.672284
v 0.090648 0.095337 0.669584
v 0.107150 0.095305 0.769000
v 0.106532 0.096591 0.768950
v 0.106577 0.096515 0.768979
v 0.107338 0.094510 0.414173
v 0.107679 0.094463 0.412886
v 0.107734 0.094459 0.412676
v 0.107884 0.094440 0.412107
v 0.108211 0.094399 0.410860
v 0.066800 0.114042 0.332395
v 0.056429 0.114836 0.331468
v 0.055883 0.114854 0.333491
v 0.072048 0.102593 0.600808
v 0.068945 0.103605 0.598494
v 0.072971 0.103617 0.506187
v 0.077176 0.097987 0.560858
v 0.103736 0.101703 0.401021
v 0.051598 0.114915 0.768201
v 0.070280 0.102898 0.590125
v 0.079083 0.097554 0.601039
v 0.082608 0.097523 0.511039
v 0.079000 0.095300 0.511000
v 0.079000 0.100931 0.511098
v 0.081661 0.099023 0.511065
v 0.082462 0.097900 0.511045
v 0.082608 0.097523 0.511039
v 0.082655 0.095300 0.511000
v 0.075473 0.095300 0.509854
v 0.079000 0.095300 0.511000
v 0.073294 0.095300 0.506854
v 0.079000 0.095300 0.508500
v 0.082655 0.095300 0.511000
v 0.081475 0.095300 0.507475
v 0.076525 0.095300 0.502525
v 0.073294 0.095300 0.503146
v 0.075500 0.095300 0.505000
v 0.076525 0.095300 0.507475
v 0.079000 0.095300 0.499000
v 0.075473 0.095300 0.500146
v 0.079000 0.095300 0.501500
v 0.085079 0.095300 0.499000
v 0.081475 0.095300 0.502525
v 0.082500 0.095300 0.505000
v 0.079000 0.095300 0.499000
v 0.085079 0.095300 0.499000
v 0.085054 0.097093 0.498969
v 0.084999 0.097402 0.498963
v 0.084610 0.098174 0.498950
v 0.083122 0.099703 0.498923
v 0.079000 0.101992 0.498883
v 0.085054 0.097093 0.498969
v 0.085244 0.097071 0.498091
v 0.092528 0.096403 0.468180
v 0.093848 0.096035 0.463326
v 0.105321 0.094687 0.421754
v 0.105067 0.094646 0.422678
v 0.105098 0.094642 0.422568
v 0.084999 0.097402 0.498963
v 0.105334 0.094689 0.421710
v 0.105671 0.094572 0.420481
v 0.106799 0.094431 0.416260
v 0.107338 0.094510 0.414173
v 0.112508 0.093744 0.393725
v 0.107679 0.094463 0.412886
v 0.107884 0.094440 0.412107
v 0.107734 0.094459 0.412676
v 0.118834 0.093061 0.362831
v 0.118685 0.093166 0.363685
v 0.112205 0.093899 0.394960
v 0.108211 0.094399 0.410860
v 0.105334 0.094689 0.421710
v 0.105667 0.094571 0.420494
v 0.122145 0.092858 0.337340
v 0.122141 0.092940 0.337340
v -0.033303 0.095300 0.679000
v -0.033325 0.095179 0.679002
v -0.033323 0.095300 0.679000
v -0.028000 0.095300 0.681500
v -0.025525 0.095300 0.682525
v -0.022804 0.095300 0.682000
v -0.024500 0.095300 0.685000
v -0.022000 0.095300 0.685000
v -0.025525 0.095300 0.687475
v -0.022000 0.095300 0.692000
v -0.033303 0.095300 0.679000
v -0.028000 0.095300 0.679000
v -0.025000 0.095300 0.679804
v -0.033323 0.095300 0.679000
v -0.032661 0.095300 0.698000
v -0.032518 0.095300 0.698000
v -0.028000 0.095300 0.698000
v -0.031500 0.095300 0.685000
v -0.030475 0.095300 0.682525
v -0.028000 0.095300 0.688500
v -0.030475 0.095300 0.687475
v -0.025000 0.095300 0.697196
v -0.022804 0.095300 0.695000
v -0.032518 0.095300 0.698000
v -0.032661 0.095300 0.698000
v -0.032674 0.094573 0.697987
v -0.025281 0.093012 0.793922
v -0.025178 0.092939 0.794286
v -0.020513 0.093012 0.805948
v -0.020168 0.092939 0.806622
v -0.013552 0.093012 0.816853
v -0.012849 0.092939 0.817745
v -0.004652 0.093012 0.826242
v -0.003502 0.092939 0.827227
v 0.005866 0.093012 0.833775
v 0.007514 0.092939 0.834706
v 0.017621 0.093012 0.839177
v 0.019777 0.092939 0.839893
v 0.030187 0.093012 0.842255
v 0.032815 0.092939 0.842591
v 0.043108 0.093012 0.842896
v 0.046130 0.092939 0.842694
v 0.055917 0.093012 0.841077
v 0.059209 0.092939 0.840201
v 0.068149 0.093012 0.836865
v 0.071551 0.092939 0.835205
v 0.079361 0.093012 0.830410
v 0.082682 0.092939 0.827899
v 0.089147 0.093012 0.821948
v 0.092176 0.092939 0.818564
v 0.097152 0.093012 0.811786
v 0.099667 0.092939 0.807557
v 0.103087 0.093012 0.800290
v 0.104869 0.092939 0.795300
v 0.106736 0.093012 0.787878
v 0.107582 0.092939 0.782265
v 0.107967 0.093012 0.775000
v 0.107698 0.093011 0.768951
v -0.027701 0.092973 0.781049
v -0.027702 0.092938 0.781049
v -0.027687 0.092939 0.781210
v -0.027685 0.093012 0.781210
v -0.027699 0.093012 0.781049
v 0.107702 0.092939 0.768951
v -0.042141 0.092941 0.322660
v -0.042146 0.092859 0.322660
v -0.044056 0.093188 0.351553
v -0.044314 0.093201 0.357861
v -0.044777 0.094262 0.395922
v -0.044781 0.094148 0.396838
v -0.044634 0.094586 0.406343
v -0.044632 0.094457 0.407194
v -0.044608 0.094636 0.407917
v -0.044611 0.094497 0.408500
v -0.044594 0.094662 0.408705
v -0.044608 0.094503 0.408711
v -0.044607 0.094594 0.409013
v -0.044259 0.094916 0.421786
v -0.044242 0.095091 0.421779
v -0.044284 0.094889 0.420993
v -0.044267 0.095065 0.420996
v -0.044489 0.094710 0.413799
v -0.044471 0.094805 0.414336
v -0.044607 0.094594 0.409043
v -0.044607 0.094594 0.409013
v -0.043836 0.095299 0.433753
v -0.040339 0.097173 0.498967
v -0.043649 0.095629 0.437737
v -0.044128 0.095207 0.425239
v -0.040280 0.097494 0.498962
v -0.035000 0.095300 0.499000
v -0.035000 0.101711 0.498888
v -0.038385 0.099774 0.498922
v -0.039885 0.098259 0.498948
v -0.040280 0.097494 0.498962
v -0.040339 0.097173 0.498967
v -0.040370 0.095300 0.499000
v -0.031473 0.095300 0.500146
v -0.035000 0.095300 0.499000
v -0.035000 0.095300 0.501500
v -0.040370 0.095300 0.499000
v -0.037475 0.095300 0.502525
v -0.032525 0.095300 0.507475
v -0.035000 0.095300 0.508500
v -0.029294 0.095300 0.506854
v -0.035000 0.095300 0.511000
v -0.031473 0.095300 0.509854
v -0.032525 0.095300 0.502525
v -0.031500 0.095300 0.505000
v -0.029294 0.095300 0.503146
v -0.039645 0.095300 0.511000
v -0.037475 0.095300 0.507475
v -0.038500 0.095300 0.505000
v -0.035000 0.095300 0.511000
v -0.039645 0.095300 0.511000
v -0.039602 0.097576 0.511040
v -0.039189 0.098418 0.511054
v -0.037842 0.099790 0.511078
v -0.035000 0.101466 0.511108
v -0.031000 0.095300 0.589000
v -0.031000 0.101708 0.588888
v -0.033991 0.099984 0.588918
v -0.035574 0.098318 0.588947
v -0.035858 0.097682 0.588958
v -0.035898 0.095300 0.589000
v -0.027473 0.095300 0.590146
v -0.031000 0.095300 0.589000
v -0.031000 0.095300 0.591500
v -0.035898 0.095300 0.589000
v -0.033475 0.095300 0.592525
v -0.028525 0.095300 0.597475
v -0.031000 0.095300 0.598500
v -0.025294 0.095300 0.596854
v -0.031000 0.095300 0.601000
v -0.027473 0.095300 0.599854
v -0.028525 0.095300 0.592525
v -0.027500 0.095300 0.595000
v -0.025294 0.095300 0.593146
v -0.035518 0.095300 0.601000
v -0.033475 0.095300 0.597475
v -0.034500 0.095300 0.595000
v -0.031000 0.095300 0.601000
v -0.035518 0.095300 0.601000
v -0.035479 0.097451 0.601038
v -0.035088 0.098295 0.601052
v -0.033796 0.099698 0.601077
v -0.031000 0.101458 0.601107
v -0.027701 0.092973 0.781049
v -0.027699 0.093012 0.781049
v -0.030988 0.093557 0.734900
v -0.030859 0.095214 0.730741
v -0.032518 0.095300 0.698000
v -0.029531 0.097711 0.730653
v -0.030679 0.098487 0.698056
v -0.026624 0.100723 0.730454
v -0.028000 0.100909 0.698098
v -0.020731 0.104468 0.730051
v -0.025485 0.102572 0.697587
v -0.023497 0.103672 0.696183
v -0.044777 0.094262 0.395922
v -0.044634 0.094586 0.406343
v -0.044269 0.095213 0.373466
v -0.044426 0.095300 0.409000
v -0.042706 0.098010 0.392792
v -0.042798 0.097993 0.408953
v -0.039244 0.100881 0.393004
v -0.038000 0.101630 0.408890
v -0.034693 0.103283 0.409828
v -0.035000 0.101466 0.511108
v -0.037842 0.099790 0.511078
v -0.033039 0.102090 0.522864
v -0.036573 0.100325 0.522825
v -0.031000 0.101708 0.588888
v -0.033991 0.099984 0.588918
v -0.038000 0.101533 0.421109
v -0.040775 0.099736 0.421077
v -0.037459 0.101457 0.448798
v -0.041001 0.099114 0.448660
v -0.035000 0.101711 0.498888
v -0.038385 0.099774 0.498922
v -0.022000 0.102642 0.761872
v -0.018397 0.104709 0.762999
v -0.007716 0.109324 0.729161
v -0.016128 0.105719 0.766067
v -0.009039 0.108165 0.779382
v -0.015817 0.105797 0.768000
v -0.015821 0.105534 0.775000
v -0.026520 0.098811 0.761939
v -0.028723 0.095300 0.762000
v -0.017227 0.108311 0.424532
v -0.031723 0.104328 0.423900
v -0.015897 0.106770 0.493555
v -0.028438 0.104115 0.493317
v -0.013102 0.106333 0.581944
v -0.024419 0.104055 0.582058
v -0.010483 0.108076 0.670271
v -0.022673 0.104296 0.670808
v -0.022233 0.104405 0.682838
v -0.023365 0.103918 0.680957
v -0.030580 0.104166 0.325856
v -0.029287 0.104860 0.329160
v -0.014483 0.109517 0.325132
v -0.016495 0.109325 0.375285
v 0.001705 0.112649 0.326578
v 0.003353 0.112468 0.386059
v 0.023571 0.114836 0.328532
v 0.023927 0.114866 0.331174
v 0.036713 0.115271 0.770677
v 0.039618 0.115293 0.770803
v 0.028364 0.114328 0.726517
v 0.034021 0.114186 0.718795
v 0.022052 0.111927 0.668608
v 0.026506 0.111350 0.654279
v 0.016878 0.109413 0.610617
v 0.022376 0.109450 0.609798
v 0.020268 0.108399 0.568163
v 0.029848 0.115128 0.334947
v 0.029555 0.114954 0.353844
v 0.037994 0.115288 0.334244
v 0.035992 0.114727 0.369138
v 0.039024 0.115292 0.334126
v 0.039638 0.115293 0.333984
v 0.000219 0.107841 0.581788
v 0.015260 0.108571 0.581569
v 0.014580 0.108250 0.552500
v 0.014983 0.108571 0.523426
v 0.020486 0.108511 0.529321
v 0.017279 0.109962 0.480093
v 0.022970 0.109736 0.487589
v 0.028233 0.112083 0.435179
v 0.002951 0.109560 0.640308
v 0.009245 0.112737 0.727954
v 0.027276 0.114910 0.770406
v 0.029857 0.115053 0.770042
v 0.001417 0.111203 0.778448
v -0.000881 0.107841 0.523199
v -0.000209 0.109541 0.465076
v -0.044471 0.094805 0.414336
v -0.044214 0.095300 0.421000
v -0.044607 0.094594 0.409013
v -0.044594 0.094662 0.408705
v -0.044608 0.094636 0.407917
v -0.044267 0.095065 0.420996
v -0.044242 0.095091 0.421779
v -0.042724 0.097088 0.448590
v -0.044128 0.095207 0.425239
v -0.043649 0.095629 0.437737
v -0.032697 0.096926 0.678972
v -0.031675 0.098384 0.678946
v -0.033155 0.096670 0.671273
v -0.031647 0.098800 0.671208
v -0.034710 0.098196 0.611860
v -0.033006 0.099942 0.611823
v -0.033796 0.099698 0.601077
v -0.031000 0.101458 0.601107
v -0.041924 0.097426 0.348199
v -0.038471 0.100575 0.348471
v -0.031337 0.104513 0.349021
v -0.032161 0.104469 0.374278
v -0.031856 0.104404 0.414573
v -0.028554 0.101293 0.671069
v -0.029687 0.101890 0.611749
v -0.027820 0.102838 0.600243
v 0.023629 0.113089 0.410695
v -0.036540 0.101410 0.337055
v -0.041562 0.096999 0.336964
v -0.043473 0.094833 0.348076
v -0.035606 0.101987 0.337009
v -0.032320 0.103705 0.335793
v -0.028000 0.101458 0.678893
v -0.033303 0.095300 0.679000
v -0.033325 0.095179 0.679002
v -0.035088 0.098295 0.601052
v -0.044056 0.093188 0.351553
v -0.042141 0.092941 0.322660
v -0.041512 0.095300 0.323183
v -0.041169 0.095888 0.322747
v -0.041117 0.096002 0.322931
v -0.040996 0.096201 0.322918
v -0.025281 0.103719 0.597253
v -0.024859 0.103857 0.595311
v -0.025131 0.103790 0.593169
v -0.026129 0.103501 0.591257
v -0.039885 0.098259 0.498948
v -0.043456 0.096987 0.421029
v -0.028895 0.103765 0.505720
v -0.028997 0.103771 0.503675
v -0.029759 0.103579 0.501793
v -0.032678 0.102649 0.499329
v -0.029472 0.103563 0.507683
v -0.030913 0.103083 0.509576
v -0.032960 0.102338 0.510773
v -0.034595 0.103222 0.420107
v -0.033047 0.103889 0.418645
v -0.021838 0.104559 0.685000
v -0.021839 0.104503 0.692000
v -0.021934 0.104451 0.693068
v -0.018811 0.103708 0.780255
v -0.017962 0.104199 0.780179
v -0.017225 0.104661 0.778897
v -0.015914 0.105447 0.776055
v -0.039602 0.097576 0.511040
v -0.039516 0.097603 0.512465
v -0.039189 0.098418 0.511054
v -0.038407 0.098707 0.522804
v -0.035858 0.097682 0.588958
v -0.035574 0.098318 0.588947
v 0.016658 0.113891 0.777086
v 0.023849 0.114652 0.774069
v 0.025303 0.114774 0.771692
v -0.042106 0.096199 0.336948
v -0.042481 0.095509 0.336791
v -0.042575 0.095300 0.336676
v -0.029396 0.102386 0.589090
v 0.027383 0.115036 0.334624
v 0.025160 0.114934 0.333157
v -0.032391 0.104221 0.412463
v -0.029796 0.104759 0.332721
v -0.024419 0.106579 0.324244
v -0.033706 0.102469 0.323414
v -0.027151 0.095300 0.781000
v -0.032674 0.094573 0.697987
v -0.024907 0.103195 0.679698
v -0.035479 0.097451 0.601038
v -0.040280 0.097494 0.498962
v -0.032093 0.104286 0.416737
v -0.039487 0.098133 0.322898
v 0.023581 0.114614 0.776467
v -0.018338 0.071001 0.739729
v -0.022482 0.071001 0.748166
v -0.018338 0.072000 0.739729
v -0.022482 0.072000 0.748166
v 0.089667 0.073000 0.728304
v 0.089667 0.072000 0.728304
v 0.080268 0.073000 0.719992
v 0.080268 0.072000 0.719992
v 0.069504 0.073000 0.713544
v 0.069504 0.072000 0.713544
v 0.057740 0.073000 0.709177
v 0.057740 0.072000 0.709177
v 0.045376 0.073000 0.707041
v 0.045376 0.072000 0.707041
v 0.032829 0.073000 0.707207
v 0.032829 0.072000 0.707207
v 0.020525 0.073000 0.709669
v 0.020525 0.072000 0.709669
v 0.008881 0.073000 0.714345
v 0.008881 0.072000 0.714345
v -0.001708 0.073000 0.721076
v -0.001708 0.072000 0.721076
v -0.010885 0.073000 0.729634
v -0.010885 0.072000 0.729634
v -0.018338 0.073000 0.739729
v -0.018338 0.072000 0.739729
v 0.095686 0.071001 0.735973
v 0.089667 0.071001 0.728304
v 0.095686 0.072000 0.735973
v 0.089667 0.072000 0.728304
v 0.107565 0.071001 0.768963
v 0.107834 0.071001 0.775000
v 0.107068 0.071001 0.763782
v 0.106532 0.071001 0.788227
v 0.104670 0.071001 0.753981
v 0.103606 0.071001 0.798574
v 0.100848 0.071001 0.744643
v 0.099082 0.071001 0.808329
v 0.095686 0.071001 0.735973
v 0.093073 0.071001 0.817246
v 0.089667 0.071001 0.728304
v 0.085731 0.071001 0.825102
v 0.081686 0.071001 0.721059
v 0.077239 0.071001 0.831698
v 0.072663 0.071001 0.715163
v 0.067812 0.071001 0.836870
v 0.062823 0.071001 0.710763
v 0.057687 0.071001 0.840488
v 0.052412 0.071001 0.707968
v 0.047117 0.071001 0.842460
v 0.041691 0.071001 0.706850
v 0.036368 0.071001 0.842737
v 0.030927 0.071001 0.707435
v 0.025710 0.071001 0.841312
v 0.020391 0.071001 0.709710
v 0.015411 0.071001 0.838220
v 0.010345 0.071001 0.713617
v 0.005730 0.071001 0.833541
v 0.001040 0.071001 0.719059
v -0.003090 0.071001 0.827391
v -0.006363 0.071001 0.725022
v -0.012864 0.071001 0.731957
v -0.010827 0.071001 0.819924
v -0.018338 0.071001 0.739729
v -0.017286 0.071001 0.811328
v -0.022482 0.071001 0.748166
v -0.022307 0.071001 0.801820
v -0.025529 0.071001 0.756834
v -0.025762 0.071001 0.791637
v -0.027379 0.071001 0.765833
v -0.027565 0.071001 0.781037
v -0.028000 0.071001 0.775000
v -0.027990 0.071001 0.776167
v 0.085731 0.071001 0.825102
v 0.093073 0.071001 0.817246
v 0.089023 0.072000 0.821886
v 0.099082 0.071001 0.808329
v 0.097024 0.072000 0.811739
v 0.103606 0.071001 0.798574
v 0.102956 0.072000 0.800259
v 0.106532 0.071001 0.788227
v 0.106603 0.072000 0.787863
v 0.107834 0.071001 0.775000
v 0.107834 0.072000 0.775000
v 0.025710 0.071001 0.841312
v 0.036368 0.071001 0.842737
v 0.030117 0.072000 0.842110
v 0.047117 0.071001 0.842460
v 0.043022 0.072000 0.842767
v 0.057687 0.071001 0.840488
v 0.055817 0.072000 0.840964
v 0.067812 0.071001 0.836870
v 0.068039 0.072000 0.836768
v 0.077239 0.071001 0.831698
v 0.079243 0.072000 0.830331
v -0.022307 0.071001 0.801820
v -0.017286 0.071001 0.811328
v -0.020458 0.072000 0.805762
v -0.010827 0.071001 0.819924
v -0.013528 0.072000 0.816668
v -0.003090 0.071001 0.827391
v -0.004655 0.072000 0.826063
v 0.005730 0.071001 0.833541
v 0.005838 0.072000 0.833604
v 0.015411 0.071001 0.838220
v 0.017570 0.072000 0.839019
v -0.025762 0.071001 0.791637
v -0.025194 0.072000 0.793740
v -0.027565 0.072000 0.781037
v -0.027565 0.071001 0.781037
v 0.107834 0.071001 0.775000
v 0.107565 0.071001 0.768963
v 0.107834 0.072000 0.775000
v 0.107565 0.072000 0.768963
v -0.018234 0.092859 0.271600
v -0.018228 0.091300 0.271556
v -0.027486 0.092859 0.282593
v -0.027492 0.091300 0.282555
v -0.034689 0.092859 0.295023
v -0.034706 0.091300 0.294996
v -0.039625 0.092859 0.308516
v -0.039649 0.091300 0.308500
v -0.042146 0.092859 0.322660
v -0.042173 0.091300 0.322658
v 0.032893 0.092859 0.247834
v 0.032962 0.091300 0.247801
v 0.018741 0.092859 0.250314
v 0.018795 0.091300 0.250272
v 0.005235 0.092859 0.255212
v 0.005272 0.091300 0.255165
v -0.007216 0.092859 0.262380
v -0.007195 0.091300 0.262332
v 0.074904 0.092859 0.255277
v 0.075004 0.091300 0.255294
v 0.061407 0.092859 0.250354
v 0.061500 0.091300 0.250351
v 0.047260 0.092859 0.247847
v 0.047343 0.091300 0.247827
v 0.114754 0.092859 0.295162
v 0.114835 0.091300 0.295272
v 0.107573 0.092859 0.282718
v 0.107668 0.091300 0.282805
v 0.098343 0.092859 0.271709
v 0.098444 0.091300 0.271772
v 0.087342 0.092859 0.262468
v 0.087445 0.091300 0.262508
v 0.122159 0.092859 0.322813
v 0.122199 0.091300 0.322962
v 0.119665 0.092859 0.308664
v 0.119728 0.091300 0.308795
v 0.122145 0.092858 0.337340
v 0.122173 0.091300 0.337342
v 0.122160 0.092859 0.337180
v 0.089800 0.095300 0.665315
v 0.089736 0.095300 0.665000
v 0.089256 0.095401 0.662634
v 0.089516 0.091300 0.663578
v 0.088207 0.095578 0.657389
v 0.084357 0.091300 0.636472
v 0.082552 0.096573 0.626258
v 0.081650 0.091300 0.619791
v 0.079139 0.097238 0.601034
v 0.079170 0.095300 0.601000
v 0.107702 0.092939 0.768951
v 0.107730 0.091300 0.768948
v 0.107016 0.092961 0.761967
v 0.105523 0.091300 0.749376
v 0.102207 0.093468 0.728116
v 0.099550 0.091300 0.713245
v 0.095079 0.094528 0.691014
v 0.095079 0.094528 0.691013
v 0.095078 0.094528 0.691010
v 0.082655 0.095300 0.511000
v 0.083533 0.091300 0.506815
v 0.085079 0.095300 0.499000
v 0.090968 0.091300 0.474583
v 0.085054 0.097093 0.498969
v 0.085244 0.097071 0.498091
v 0.122145 0.092858 0.337340
v 0.118834 0.093061 0.362831
v 0.117745 0.091300 0.369208
v 0.112508 0.093744 0.393725
v 0.110660 0.091300 0.401521
v 0.106799 0.094431 0.416260
v 0.105671 0.094572 0.420481
v 0.077301 0.091300 0.571241
v 0.078088 0.091300 0.544766
v 0.077176 0.097987 0.560858
v 0.079513 0.091300 0.531197
v 0.078741 0.097929 0.536696
v 0.082608 0.097523 0.511039
v 0.077912 0.097673 0.587285
v 0.078033 0.097642 0.588959
v 0.078077 0.095300 0.589000
v 0.078185 0.091300 0.589497
v 0.105098 0.094642 0.422568
v 0.105067 0.094646 0.422678
v 0.103497 0.091300 0.428636
v 0.093848 0.096035 0.463326
v 0.091105 0.095099 0.671683
v 0.091117 0.095098 0.671740
v 0.091810 0.094996 0.675115
v 0.094927 0.094549 0.690276
v 0.105667 0.094571 0.420494
v 0.105334 0.094689 0.421710
v 0.105321 0.094687 0.421754
v 0.089776 0.095314 0.665205
v 0.089859 0.095300 0.665633
v 0.120345 0.091300 0.353218
v 0.122173 0.091300 0.337342
v 0.092176 0.092939 0.818564
v 0.092172 0.091300 0.818613
v 0.099667 0.092939 0.807557
v 0.099678 0.091300 0.807597
v 0.104869 0.092939 0.795300
v 0.104891 0.091300 0.795328
v 0.107582 0.092939 0.782265
v 0.107609 0.091300 0.782278
v 0.107702 0.092939 0.768951
v 0.107730 0.091300 0.768948
v 0.046130 0.092939 0.842694
v 0.046052 0.091300 0.842730
v 0.059209 0.092939 0.840201
v 0.059149 0.091300 0.840248
v 0.071551 0.092939 0.835205
v 0.071511 0.091300 0.835258
v 0.082682 0.092939 0.827899
v 0.082661 0.091300 0.827953
v -0.003502 0.092939 0.827227
v -0.003613 0.091300 0.827172
v 0.007514 0.092939 0.834706
v 0.007403 0.091300 0.834678
v 0.019777 0.092939 0.839893
v 0.019672 0.091300 0.839891
v 0.032815 0.092939 0.842591
v 0.032722 0.091300 0.842609
v -0.025178 0.092939 0.794286
v -0.025248 0.091300 0.794149
v -0.020168 0.092939 0.806622
v -0.020258 0.091300 0.806510
v -0.012849 0.092939 0.817745
v -0.012953 0.091300 0.817661
v -0.027702 0.092938 0.781049
v -0.027730 0.091300 0.781052
v -0.027687 0.092939 0.781210
v -0.033323 0.095300 0.679000
v -0.033325 0.095179 0.679002
v -0.032674 0.094573 0.697987
v -0.031001 0.091300 0.735366
v -0.030988 0.093557 0.734900
v -0.027701 0.092973 0.781049
v -0.042146 0.092859 0.322660
v -0.042173 0.091300 0.322658
v -0.044314 0.093201 0.357861
v -0.044204 0.091300 0.354160
v -0.044781 0.094148 0.396838
v -0.044870 0.091300 0.389503
v -0.043988 0.091300 0.431587
v -0.033446 0.091300 0.677331
v -0.035248 0.091300 0.612635
v -0.035518 0.095300 0.601000
v -0.041267 0.091300 0.485237
v -0.035898 0.095300 0.589000
v -0.039645 0.095300 0.511000
v -0.039602 0.097576 0.511040
v -0.043836 0.095299 0.433753
v -0.040339 0.097173 0.498967
v -0.040370 0.095300 0.499000
v -0.044259 0.094916 0.421786
v -0.044284 0.094889 0.420993
v -0.044489 0.094710 0.413799
v -0.044607 0.094594 0.409043
v -0.044607 0.094594 0.409013
v -0.044608 0.094503 0.408711
v -0.044611 0.094497 0.408500
v -0.044632 0.094457 0.407194
v -0.032661 0.095300 0.698000
v -0.035479 0.097451 0.601038
v -0.035858 0.097682 0.588958
v -0.039516 0.097603 0.512465
v -0.027730 0.091300 0.781052
v -0.027702 0.092938 0.781049
v 0.017055 0.062000 0.409424
v 0.029650 0.062000 0.412021
v 0.022526 0.063000 0.410804
v 0.042494 0.062000 0.412634
v 0.036395 0.063000 0.412593
v 0.055279 0.062000 0.411247
v 0.050367 0.063000 0.412019
v 0.067694 0.062000 0.407894
v 0.064043 0.063000 0.409098
v 0.078739 0.062000 0.403033
v 0.077031 0.063000 0.403914
v 0.088959 0.062000 0.396615
v 0.088959 0.063000 0.396615
v 0.009157 0.063000 0.406703
v 0.005017 0.062000 0.404905
v -0.003330 0.063000 0.400407
v -0.006176 0.062000 0.398573
v -0.014577 0.063000 0.392097
v -0.016251 0.062000 0.390583
v -0.024262 0.063000 0.382010
v -0.024966 0.062000 0.381127
v -0.032109 0.063000 0.370434
v -0.032109 0.062000 0.370434
v -0.034738 0.063000 0.365110
v -0.036548 0.063000 0.360768
v -0.036548 0.062000 0.360768
v -0.032109 0.062000 0.370434
v -0.032109 0.063000 0.370434
v -0.036548 0.062000 0.360768
v -0.039836 0.063000 0.350796
v -0.039836 0.062000 0.350796
v -0.041831 0.063000 0.340487
v -0.041831 0.062000 0.340487
v -0.042500 0.063000 0.330007
v -0.042500 0.062000 0.330007
v -0.036548 0.063000 0.360768
v 0.121086 0.062000 0.345208
v 0.117778 0.063000 0.357511
v 0.117883 0.062000 0.357210
v 0.112615 0.063000 0.369157
v 0.112716 0.062000 0.368970
v 0.105721 0.063000 0.379870
v 0.105785 0.062000 0.379785
v 0.097259 0.063000 0.389394
v 0.097259 0.062000 0.389394
v 0.121086 0.063000 0.345208
v 0.090403 0.063000 0.395516
v 0.088959 0.063000 0.396615
v 0.088959 0.062000 0.396615
v 0.097259 0.062000 0.389394
v 0.097259 0.063000 0.389394
v 0.077031 0.063000 0.403914
v 0.071992 0.064450 0.407418
v 0.064043 0.063000 0.409098
v 0.052512 0.064450 0.412828
v 0.050367 0.063000 0.412019
v 0.032304 0.064450 0.413414
v 0.036395 0.063000 0.412593
v 0.022526 0.063000 0.410804
v 0.088959 0.063000 0.396615
v 0.089608 0.064450 0.397499
v 0.078298 0.065000 0.406443
v 0.090634 0.065000 0.398895
v -0.026460 0.065000 0.383789
v -0.021121 0.064450 0.387282
v -0.016444 0.065000 0.394221
v -0.005617 0.064450 0.400258
v -0.004812 0.065000 0.402816
v 0.012544 0.064450 0.409141
v 0.008102 0.065000 0.409327
v 0.021928 0.065000 0.413568
v -0.034576 0.065000 0.371818
v -0.033065 0.064450 0.370971
v -0.024262 0.063000 0.382010
v -0.032109 0.063000 0.370434
v -0.014577 0.063000 0.392097
v -0.003330 0.063000 0.400407
v 0.009157 0.063000 0.406703
v 0.036272 0.065000 0.415419
v 0.050722 0.065000 0.414825
v 0.064866 0.065000 0.411804
v -0.042000 -0.063000 0.330552
v -0.042000 -0.063000 0.329448
v -0.042052 -0.066000 0.330500
v -0.042052 -0.066000 0.329500
v -0.042058 -0.066311 0.330391
v -0.042056 -0.066220 0.329553
v -0.042061 -0.066489 0.330107
v -0.042060 -0.066449 0.329781
v -0.042061 -0.066500 0.330000
v -0.042058 -0.066311 0.330391
v -0.042061 -0.066489 0.330107
v -0.042500 -0.066430 0.330255
v -0.042061 -0.066500 0.330000
v -0.042500 -0.066500 0.330000
v -0.042060 -0.066449 0.329781
v -0.042500 -0.066421 0.329730
v -0.042056 -0.066220 0.329553
v -0.042499 -0.066294 0.329595
v -0.042052 -0.066000 0.329500
v -0.042499 -0.066000 0.329500
v -0.042499 -0.066169 0.330471
v -0.042499 -0.066000 0.330500
v -0.042052 -0.066000 0.330500
v -0.042052 -0.066000 0.330500
v -0.042499 -0.066000 0.330500
v -0.042000 -0.063000 0.330552
v -0.042498 -0.063000 0.330552
v -0.025493 0.053508 0.486317
v -0.034577 0.056574 0.488735
v -0.024727 0.057707 0.480064
v -0.033473 0.062117 0.475813
v -0.027351 0.060995 0.475139
v -0.032883 0.064545 0.465133
v -0.025822 0.063287 0.467868
v -0.032618 0.065000 0.458254
v -0.022656 0.065000 0.454261
v -0.035044 0.025473 0.515402
v -0.035610 0.037159 0.512021
v -0.031122 0.025501 0.508006
v -0.029098 0.037181 0.502334
v -0.025748 0.025507 0.501591
v -0.020164 0.037165 0.494833
v -0.019160 0.025492 0.496436
v -0.009509 0.037114 0.490099
v -0.011651 0.025455 0.492768
v -0.003518 0.025397 0.490736
v -0.038070 0.031150 0.525086
v -0.037726 0.037343 0.517046
v -0.030875 0.043020 0.500737
v -0.021430 0.043006 0.492809
v -0.023220 0.048535 0.489949
v -0.011096 0.048491 0.484576
v -0.012278 0.053470 0.480465
v 0.002060 0.053407 0.478508
v -0.011742 0.057676 0.475117
v 0.002060 0.059699 0.470247
v -0.013094 0.060972 0.469707
v -0.012184 0.063272 0.463478
v -0.036951 0.043473 0.508896
v -0.033386 0.048548 0.498480
v -0.035764 0.050375 0.499075
v -0.010166 0.042957 0.487812
v 0.002060 0.045201 0.484872
v 0.002060 0.035634 0.488908
v 0.002060 0.063652 0.460644
v -0.011024 0.065000 0.451425
v 0.002060 0.065000 0.450348
v -0.037341 0.025424 0.523451
v -0.037878 0.025349 0.532548
v 0.002060 0.025349 0.490346
v -0.042414 0.071179 0.337565
v -0.041990 0.069500 0.339253
v -0.041725 0.069129 0.345263
v -0.040974 0.067710 0.346543
v -0.040862 0.067814 0.350836
v -0.039441 0.066231 0.353846
v -0.039499 0.066539 0.357144
v -0.037525 0.065223 0.360656
v -0.038416 0.065883 0.361129
v -0.035819 0.064797 0.365616
v -0.036746 0.065266 0.366271
v -0.034576 0.065000 0.371818
v -0.042498 0.072811 0.330515
v -0.042118 0.069728 0.337932
v -0.041755 0.068585 0.341065
v -0.040506 0.066261 0.348030
v -0.039122 0.065081 0.353453
v -0.036962 0.064180 0.360238
v -0.038898 0.064511 0.354111
v -0.036548 0.063000 0.360768
v -0.034738 0.063000 0.365110
v -0.035089 0.063877 0.365166
v -0.032109 0.063000 0.370434
v -0.033065 0.064450 0.370971
v -0.042482 0.074879 0.328072
v -0.042481 0.074648 0.328120
v -0.042485 0.074725 0.328148
v -0.042481 0.074558 0.328151
v -0.042492 0.074505 0.328342
v -0.042482 0.074351 0.328251
v -0.042508 0.074164 0.328830
v -0.042485 0.074086 0.328435
v -0.042487 0.074007 0.328527
v -0.042500 0.073075 0.330000
v -0.042551 0.073293 0.330821
v -0.042482 0.074913 0.328069
v -0.041755 0.068585 0.341065
v -0.041831 0.063000 0.340487
v -0.040506 0.066261 0.348030
v -0.039836 0.063000 0.350796
v -0.038898 0.064511 0.354111
v -0.036548 0.063000 0.360768
v -0.042500 0.063000 0.330007
v -0.042118 0.069728 0.337932
v -0.042498 0.072811 0.330515
v -0.042500 0.073075 0.330000
v -0.042487 0.074007 0.328527
v -0.042485 0.074086 0.328435
v -0.042469 0.062000 0.329213
v -0.042500 0.062000 0.330007
v -0.042469 0.063000 0.329213
v -0.042500 0.063000 0.330007
v -0.027990 0.071001 0.776167
v -0.027565 0.071001 0.781037
v -0.027990 0.072000 0.776167
v -0.027565 0.072000 0.781037
v -0.028000 0.071001 0.775000
v -0.027379 0.072000 0.765833
v -0.027379 0.071001 0.765833
v -0.025529 0.072000 0.756834
v -0.025529 0.071001 0.756834
v -0.022482 0.072000 0.748166
v -0.022482 0.071001 0.748166
v -0.028000 0.072000 0.775000
v -0.028000 0.071001 0.775000
v -0.027990 0.071001 0.776167
v -0.028000 0.072000 0.775000
v -0.027990 0.072000 0.776167
v -0.020181 0.073000 0.743101
v -0.018338 0.073000 0.739729
v -0.018338 0.072000 0.739729
v -0.022482 0.072000 0.748166
v -0.022482 0.073000 0.748166
v -0.035320 0.025437 0.590873
v -0.034961 0.025478 0.595075
v -0.035193 0.028288 0.594085
v -0.033621 0.032750 0.603104
v -0.034565 0.034741 0.601355
v -0.029498 0.040191 0.614626
v -0.033425 0.041720 0.609267
v -0.031880 0.048918 0.617661
v -0.019822 0.058633 0.636577
v -0.015953 0.065856 0.647166
v -0.028201 0.063243 0.637105
v -0.021103 0.069920 0.652542
v -0.026272 0.069743 0.649767
v -0.011044 0.072764 0.663124
v -0.024692 0.073745 0.662771
v -0.021499 0.074476 0.668103
v -0.023450 0.075000 0.675064
v -0.009924 0.075000 0.678377
v 0.002030 0.040061 0.631806
v 0.004657 0.046975 0.634653
v -0.000739 0.049755 0.635810
v 0.004657 0.056369 0.640630
v -0.006398 0.058583 0.641356
v 0.004657 0.064208 0.648537
v -0.000783 0.065809 0.650433
v 0.004657 0.070102 0.657984
v -0.006485 0.069892 0.656630
v 0.004657 0.073760 0.668500
v -0.004929 0.074466 0.671723
v -0.029949 0.025584 0.609630
v -0.025133 0.025606 0.616263
v -0.028086 0.032804 0.613590
v -0.019391 0.025603 0.621533
v -0.019760 0.032808 0.622019
v -0.012148 0.025573 0.625868
v -0.009023 0.032759 0.627798
v -0.003690 0.025515 0.628688
v 0.003397 0.032657 0.630136
v 0.004657 0.025436 0.629567
v 0.004657 0.036490 0.630904
v -0.020813 0.040195 0.623419
v -0.009610 0.040148 0.629440
v -0.024560 0.049861 0.625893
v -0.012985 0.049826 0.632695
v -0.030299 0.055361 0.625696
v -0.000339 0.075000 0.679427
v 0.004657 0.075000 0.679566
v -0.033055 0.025544 0.602902
v 0.058476 0.075000 0.706446
v 0.080293 0.075000 0.668744
v 0.070728 0.075000 0.710994
v 0.088976 0.075000 0.711530
v 0.081938 0.075000 0.717710
v -0.023450 0.075000 0.675064
v -0.009924 0.075000 0.678377
v 0.045599 0.075000 0.704221
v 0.032531 0.075000 0.704394
v 0.019717 0.075000 0.706959
v 0.007590 0.075000 0.711829
v -0.003439 0.075000 0.718839
v -0.012996 0.075000 0.727752
v -0.020758 0.075000 0.738265
v -0.000339 0.075000 0.679427
v 0.004657 0.075000 0.679566
v 0.037504 0.075000 0.679566
v 0.051388 0.075000 0.678488
v 0.065332 0.075000 0.675155
v 0.075168 0.075000 0.671306
v 0.091728 0.075000 0.726366
v -0.010885 0.073000 0.729634
v -0.007905 0.074450 0.724968
v -0.001708 0.073000 0.721076
v 0.006769 0.074450 0.714224
v 0.008881 0.073000 0.714345
v 0.023734 0.074450 0.707669
v 0.020525 0.073000 0.709669
v 0.032829 0.073000 0.707207
v -0.018338 0.073000 0.739729
v -0.019276 0.074450 0.739161
v -0.012996 0.075000 0.727752
v -0.020758 0.075000 0.738265
v 0.081938 0.075000 0.717710
v 0.076377 0.074450 0.716053
v 0.070728 0.075000 0.710994
v 0.059780 0.074450 0.708616
v 0.058476 0.075000 0.706446
v 0.041820 0.074450 0.705756
v 0.045599 0.075000 0.704221
v 0.032531 0.075000 0.704394
v 0.091728 0.075000 0.726366
v 0.090466 0.074450 0.727553
v 0.080268 0.073000 0.719992
v 0.089667 0.073000 0.728304
v 0.069504 0.073000 0.713544
v 0.057740 0.073000 0.709177
v 0.045376 0.073000 0.707041
v 0.019717 0.075000 0.706959
v 0.007590 0.075000 0.711829
v -0.003439 0.075000 0.718839
v 0.092893 0.073000 0.732129
v 0.095686 0.073000 0.735973
v 0.095686 0.072000 0.735973
v 0.089667 0.072000 0.728304
v 0.089667 0.073000 0.728304
v 0.095686 0.071001 0.735973
v 0.100848 0.072000 0.744643
v 0.100848 0.071001 0.744643
v 0.104670 0.072000 0.753981
v 0.104670 0.071001 0.753981
v 0.107068 0.072000 0.763782
v 0.107068 0.071001 0.763782
v 0.095686 0.072000 0.735973
v 0.107565 0.071001 0.768963
v 0.107068 0.071001 0.763782
v 0.107565 0.072000 0.768963
v 0.107068 0.072000 0.763782
v -0.027565 0.073000 0.781037
v -0.027565 0.072000 0.781037
v -0.025194 0.073000 0.793740
v -0.025194 0.072000 0.793740
v -0.020458 0.073000 0.805762
v -0.020458 0.072000 0.805762
v -0.013528 0.073000 0.816668
v -0.013528 0.072000 0.816668
v -0.004655 0.073000 0.826063
v -0.004655 0.072000 0.826063
v 0.005838 0.073000 0.833604
v 0.005838 0.072000 0.833604
v 0.017570 0.073000 0.839019
v 0.017570 0.072000 0.839019
v 0.030117 0.073000 0.842110
v 0.030117 0.072000 0.842110
v 0.043022 0.073000 0.842767
v 0.043022 0.072000 0.842767
v 0.055817 0.073000 0.840964
v 0.055817 0.072000 0.840964
v 0.068039 0.073000 0.836768
v 0.068039 0.072000 0.836768
v 0.079243 0.073000 0.830331
v 0.079243 0.072000 0.830331
v 0.089023 0.073000 0.821886
v 0.089023 0.072000 0.821886
v 0.097024 0.073000 0.811739
v 0.097024 0.072000 0.811739
v 0.102956 0.073000 0.800259
v 0.102956 0.072000 0.800259
v 0.106603 0.073000 0.787863
v 0.106603 0.072000 0.787863
v 0.107834 0.073000 0.775000
v 0.107834 0.072000 0.775000
v 0.107565 0.073000 0.768963
v 0.107565 0.072000 0.768963
v -0.039940 0.091000 0.309608
v -0.039649 0.091300 0.308500
v -0.039563 0.091000 0.308184
v -0.034706 0.091300 0.294996
v -0.039161 0.091000 0.306768
v -0.038734 0.091000 0.305358
v -0.035049 0.091000 0.295738
v -0.034425 0.091000 0.294404
v -0.027492 0.091300 0.282555
v -0.033778 0.091000 0.293082
v -0.033107 0.091000 0.291771
v -0.027773 0.091000 0.282957
v -0.026923 0.091000 0.281755
v -0.018228 0.091300 0.271556
v -0.026051 0.091000 0.280568
v -0.025158 0.091000 0.279397
v -0.018344 0.091000 0.271671
v -0.017294 0.091000 0.270639
v -0.007195 0.091300 0.262332
v -0.016225 0.091000 0.269626
v -0.015138 0.091000 0.268632
v -0.008263 0.091000 0.263090
v -0.007061 0.091000 0.262239
v 0.005272 0.091300 0.255165
v -0.005844 0.091000 0.261410
v -0.004612 0.091000 0.260603
v 0.004385 0.091000 0.255584
v 0.005718 0.091000 0.254960
v 0.018795 0.091300 0.250272
v 0.007063 0.091000 0.254360
v 0.008419 0.091000 0.253784
v 0.018163 0.091000 0.250443
v 0.019587 0.091000 0.250066
v 0.032962 0.091300 0.247801
v 0.021017 0.091000 0.249714
v 0.022453 0.091000 0.249388
v 0.032636 0.091000 0.247829
v 0.034104 0.091000 0.247711
v 0.047343 0.091300 0.247827
v 0.035573 0.091000 0.247619
v 0.037044 0.091000 0.247553
v 0.045875 0.091000 0.247709
v 0.047343 0.091000 0.247827
v 0.061500 0.091300 0.250351
v 0.048808 0.091000 0.247972
v 0.050271 0.091000 0.248142
v 0.060392 0.091000 0.250060
v 0.061816 0.091000 0.250437
v 0.075004 0.091300 0.255294
v 0.063232 0.091000 0.250839
v 0.064642 0.091000 0.251266
v 0.074262 0.091000 0.254951
v 0.075596 0.091000 0.255575
v 0.087445 0.091300 0.262508
v 0.076919 0.091000 0.256222
v 0.078230 0.091000 0.256893
v 0.087043 0.091000 0.262227
v 0.088245 0.091000 0.263077
v 0.098444 0.091300 0.271772
v 0.089432 0.091000 0.263949
v 0.090603 0.091000 0.264842
v 0.098329 0.091000 0.271656
v 0.099361 0.091000 0.272706
v 0.107668 0.091300 0.282805
v 0.100374 0.091000 0.273775
v 0.101368 0.091000 0.274862
v 0.106910 0.091000 0.281737
v 0.107761 0.091000 0.282939
v 0.114835 0.091300 0.295272
v 0.108590 0.091000 0.284156
v 0.109397 0.091000 0.285388
v 0.114416 0.091000 0.294385
v 0.115040 0.091000 0.295718
v 0.119728 0.091300 0.308795
v 0.115640 0.091000 0.297063
v 0.116216 0.091000 0.298419
v 0.119557 0.091000 0.308163
v 0.119934 0.091000 0.309587
v 0.122199 0.091300 0.322962
v 0.120286 0.091000 0.311017
v 0.120612 0.091000 0.312453
v 0.122171 0.091000 0.322636
v 0.122289 0.091000 0.324104
v 0.122173 0.091300 0.337342
v 0.122381 0.091000 0.325573
v 0.122447 0.091000 0.327045
v -0.040291 0.091000 0.311038
v -0.040617 0.091000 0.312474
v -0.040917 0.091000 0.313916
v -0.041191 0.091000 0.315363
v -0.041439 0.091000 0.316814
v -0.041662 0.091000 0.318270
v -0.041858 0.091000 0.319729
v -0.042029 0.091000 0.321192
v -0.042173 0.091000 0.322658
v -0.042173 0.091300 0.322658
v -0.035648 0.091000 0.297083
v -0.036224 0.091000 0.298439
v -0.036775 0.091000 0.299804
v -0.037302 0.091000 0.301180
v -0.037804 0.091000 0.302564
v -0.038281 0.091000 0.303957
v -0.028602 0.091000 0.284175
v -0.029409 0.091000 0.285406
v -0.030194 0.091000 0.286652
v -0.030956 0.091000 0.287912
v -0.031696 0.091000 0.289185
v -0.032413 0.091000 0.290472
v -0.019376 0.091000 0.272722
v -0.020389 0.091000 0.273791
v -0.021382 0.091000 0.274878
v -0.022356 0.091000 0.275982
v -0.023311 0.091000 0.277104
v -0.024245 0.091000 0.278242
v -0.009449 0.091000 0.263962
v -0.010620 0.091000 0.264855
v -0.011775 0.091000 0.265769
v -0.012913 0.091000 0.266703
v -0.014034 0.091000 0.267658
v 0.003062 0.091000 0.256232
v 0.001751 0.091000 0.256903
v 0.000452 0.091000 0.257597
v -0.000834 0.091000 0.258314
v -0.002107 0.091000 0.259054
v -0.003366 0.091000 0.259817
v 0.016747 0.091000 0.250845
v 0.015338 0.091000 0.251273
v 0.013936 0.091000 0.251726
v 0.012543 0.091000 0.252203
v 0.011159 0.091000 0.252706
v 0.009784 0.091000 0.253233
v 0.031170 0.091000 0.247974
v 0.029708 0.091000 0.248145
v 0.028248 0.091000 0.248342
v 0.026793 0.091000 0.248564
v 0.025341 0.091000 0.248813
v 0.023895 0.091000 0.249088
v 0.044405 0.091000 0.247618
v 0.042934 0.091000 0.247552
v 0.041462 0.091000 0.247513
v 0.039989 0.091000 0.247500
v 0.038517 0.091000 0.247513
v 0.058962 0.091000 0.249709
v 0.057526 0.091000 0.249383
v 0.056084 0.091000 0.249083
v 0.054637 0.091000 0.248809
v 0.053186 0.091000 0.248561
v 0.051730 0.091000 0.248338
v 0.072917 0.091000 0.254352
v 0.071561 0.091000 0.253776
v 0.070196 0.091000 0.253225
v 0.068821 0.091000 0.252698
v 0.067436 0.091000 0.252196
v 0.066043 0.091000 0.251719
v 0.085825 0.091000 0.261398
v 0.084594 0.091000 0.260591
v 0.083348 0.091000 0.259806
v 0.082088 0.091000 0.259044
v 0.080815 0.091000 0.258304
v 0.079528 0.091000 0.257587
v 0.097278 0.091000 0.270624
v 0.096209 0.091000 0.269611
v 0.095122 0.091000 0.268618
v 0.094018 0.091000 0.267644
v 0.092896 0.091000 0.266689
v 0.091758 0.091000 0.265755
v 0.106038 0.091000 0.280551
v 0.105145 0.091000 0.279380
v 0.104231 0.091000 0.278225
v 0.103297 0.091000 0.277087
v 0.102342 0.091000 0.275966
v 0.113768 0.091000 0.293062
v 0.113097 0.091000 0.291751
v 0.112403 0.091000 0.290452
v 0.111686 0.091000 0.289166
v 0.110946 0.091000 0.287893
v 0.110183 0.091000 0.286634
v 0.119155 0.091000 0.306747
v 0.118727 0.091000 0.305338
v 0.118274 0.091000 0.303936
v 0.117797 0.091000 0.302543
v 0.117294 0.091000 0.301159
v 0.116767 0.091000 0.299784
v 0.122026 0.091000 0.321170
v 0.121855 0.091000 0.319708
v 0.121658 0.091000 0.318248
v 0.121436 0.091000 0.316793
v 0.121187 0.091000 0.315341
v 0.120912 0.091000 0.313894
v 0.122173 0.091000 0.337342
v 0.122291 0.091000 0.335875
v 0.122382 0.091000 0.334405
v 0.122448 0.091000 0.332934
v 0.122487 0.091000 0.331462
v 0.122500 0.091000 0.329989
v 0.122487 0.091000 0.328517
v 0.120523 0.091000 0.351923
v 0.120345 0.091300 0.353218
v 0.120234 0.091000 0.353999
v 0.117745 0.091300 0.369208
v 0.119933 0.091000 0.356073
v 0.119699 0.091000 0.357628
v 0.117961 0.091000 0.368023
v 0.117418 0.091000 0.370962
v 0.110660 0.091300 0.401521
v 0.116855 0.091000 0.373898
v 0.116271 0.091000 0.376830
v 0.110836 0.091000 0.400811
v 0.110276 0.091000 0.403054
v 0.103497 0.091300 0.428636
v 0.109173 0.091000 0.407400
v 0.108528 0.091000 0.409895
v 0.103771 0.091000 0.427638
v 0.102802 0.091000 0.431157
v 0.090968 0.091300 0.474583
v 0.100851 0.091000 0.438197
v 0.098895 0.091000 0.445234
v 0.091153 0.091000 0.473865
v 0.090316 0.091000 0.477135
v 0.083533 0.091300 0.506815
v 0.089492 0.091000 0.480409
v 0.088683 0.091000 0.483688
v 0.083874 0.091000 0.505108
v 0.083218 0.091000 0.508421
v 0.079513 0.091300 0.531197
v 0.082900 0.091000 0.510078
v 0.082589 0.091000 0.511737
v 0.079669 0.091000 0.529997
v 0.079355 0.091000 0.532450
v 0.078088 0.091300 0.544766
v 0.079060 0.091000 0.534905
v 0.078785 0.091000 0.537361
v 0.078284 0.091000 0.542450
v 0.078063 0.091000 0.545083
v 0.077301 0.091300 0.571241
v 0.077867 0.091000 0.547717
v 0.077698 0.091000 0.550353
v 0.077297 0.091000 0.571055
v 0.077339 0.091000 0.572980
v 0.078185 0.091300 0.589497
v 0.077379 0.091000 0.574423
v 0.077425 0.091000 0.575864
v 0.078181 0.091000 0.589453
v 0.078398 0.091000 0.592167
v 0.081650 0.091300 0.619791
v 0.078536 0.091000 0.593781
v 0.078682 0.091000 0.595395
v 0.081341 0.091000 0.617677
v 0.081747 0.091000 0.620448
v 0.084357 0.091300 0.636472
v 0.082167 0.091000 0.623216
v 0.082600 0.091000 0.625982
v 0.083971 0.091000 0.634248
v 0.084692 0.091000 0.638366
v 0.089516 0.091300 0.663578
v 0.085435 0.091000 0.642479
v 0.086197 0.091000 0.646588
v 0.089033 0.091000 0.661174
v 0.089766 0.091000 0.664817
v 0.099550 0.091300 0.713245
v 0.090752 0.091000 0.669671
v 0.091414 0.091000 0.672907
v 0.098925 0.091000 0.709979
v 0.099703 0.091000 0.714053
v 0.105523 0.091300 0.749376
v 0.100465 0.091000 0.718130
v 0.101208 0.091000 0.722211
v 0.105245 0.091000 0.747339
v 0.105730 0.091000 0.750932
v 0.107730 0.091300 0.768948
v 0.105963 0.091000 0.752730
v 0.106188 0.091000 0.754529
v 0.120799 0.091000 0.349844
v 0.121113 0.091000 0.347348
v 0.121408 0.091000 0.344850
v 0.121683 0.091000 0.342349
v 0.121938 0.091000 0.339847
v 0.122173 0.091000 0.337342
v 0.122173 0.091300 0.337342
v 0.118483 0.091000 0.365079
v 0.118982 0.091000 0.362132
v 0.119458 0.091000 0.359181
v 0.111388 0.091000 0.398565
v 0.111900 0.091000 0.396455
v 0.112405 0.091000 0.394344
v 0.113224 0.091000 0.390851
v 0.114021 0.091000 0.387354
v 0.114796 0.091000 0.383851
v 0.115546 0.091000 0.380343
v 0.115912 0.091000 0.378587
v 0.105213 0.091000 0.422357
v 0.106556 0.091000 0.417374
v 0.107877 0.091000 0.412389
v 0.091789 0.091000 0.471415
v 0.092431 0.091000 0.468966
v 0.093392 0.091000 0.465344
v 0.094365 0.091000 0.461724
v 0.095410 0.091000 0.457876
v 0.096463 0.091000 0.454028
v 0.097920 0.091000 0.448752
v 0.084555 0.091000 0.501800
v 0.085259 0.091000 0.498497
v 0.085665 0.091000 0.496641
v 0.086078 0.091000 0.494786
v 0.086923 0.091000 0.491081
v 0.087792 0.091000 0.487381
v 0.080003 0.091000 0.527547
v 0.080220 0.091000 0.526027
v 0.080443 0.091000 0.524508
v 0.080677 0.091000 0.522970
v 0.080917 0.091000 0.521434
v 0.081414 0.091000 0.518385
v 0.081793 0.091000 0.516167
v 0.082184 0.091000 0.513951
v 0.077268 0.091000 0.569127
v 0.077252 0.091000 0.567196
v 0.077250 0.091000 0.564878
v 0.077267 0.091000 0.562562
v 0.077305 0.091000 0.560248
v 0.077362 0.091000 0.557938
v 0.077441 0.091000 0.555631
v 0.077556 0.091000 0.552991
v 0.077986 0.091000 0.586737
v 0.077812 0.091000 0.584020
v 0.077660 0.091000 0.581302
v 0.077531 0.091000 0.578584
v 0.080902 0.091000 0.614557
v 0.080483 0.091000 0.611433
v 0.080084 0.091000 0.608306
v 0.079707 0.091000 0.605177
v 0.079340 0.091000 0.601928
v 0.078999 0.091000 0.598677
v 0.078837 0.091000 0.597036
v 0.083274 0.091000 0.630126
v 0.082934 0.091000 0.628055
v 0.088309 0.091000 0.657531
v 0.087240 0.091000 0.652062
v 0.086715 0.091000 0.649326
v 0.098331 0.091000 0.706925
v 0.097731 0.091000 0.703873
v 0.096916 0.091000 0.699786
v 0.096093 0.091000 0.695701
v 0.094983 0.091000 0.690257
v 0.094239 0.091000 0.686630
v 0.092745 0.091000 0.679377
v 0.104735 0.091000 0.743750
v 0.104254 0.091000 0.740512
v 0.103754 0.091000 0.737277
v 0.103237 0.091000 0.734044
v 0.102704 0.091000 0.730814
v 0.102340 0.091000 0.728662
v 0.101969 0.091000 0.726510
v 0.107730 0.091000 0.768948
v 0.107462 0.091000 0.766060
v 0.107172 0.091000 0.763174
v 0.106863 0.091000 0.760290
v 0.106535 0.091000 0.757408
v 0.078531 0.091000 0.539819
v 0.107730 0.091000 0.768948
v 0.107730 0.091300 0.768948
v 0.107609 0.091000 0.782278
v 0.107609 0.091300 0.782278
v 0.104890 0.091000 0.795328
v 0.104891 0.091300 0.795328
v 0.099678 0.091000 0.807597
v 0.099678 0.091300 0.807597
v 0.092172 0.091000 0.818613
v 0.092172 0.091300 0.818613
v 0.082661 0.091000 0.827953
v 0.082661 0.091300 0.827953
v 0.071510 0.091000 0.835258
v 0.071511 0.091300 0.835258
v 0.059149 0.091000 0.840248
v 0.059149 0.091300 0.840248
v 0.046052 0.091000 0.842730
v 0.046052 0.091300 0.842730
v 0.032722 0.091000 0.842609
v 0.032722 0.091300 0.842609
v 0.019672 0.091000 0.839890
v 0.019672 0.091300 0.839891
v 0.007403 0.091000 0.834678
v 0.007403 0.091300 0.834678
v -0.003613 0.091000 0.827172
v -0.003613 0.091300 0.827172
v -0.012953 0.091000 0.817661
v -0.012953 0.091300 0.817661
v -0.020258 0.091000 0.806510
v -0.020258 0.091300 0.806510
v -0.025248 0.091000 0.794149
v -0.025248 0.091300 0.794149
v -0.027730 0.091000 0.781052
v -0.027730 0.091300 0.781052
v -0.030826 0.091000 0.738443
v -0.031001 0.091300 0.735366
v -0.031125 0.091000 0.733134
v -0.033446 0.091300 0.677331
v -0.031315 0.091000 0.729594
v -0.031498 0.091000 0.726053
v -0.033244 0.091000 0.683547
v -0.033500 0.091000 0.675597
v -0.035248 0.091300 0.612635
v -0.033742 0.091000 0.667646
v -0.033930 0.091000 0.661134
v -0.037163 0.091000 0.558082
v -0.037174 0.091000 0.557856
v -0.041267 0.091300 0.485237
v -0.037280 0.091000 0.555539
v -0.037471 0.091000 0.551505
v -0.040973 0.091000 0.490160
v -0.041379 0.091000 0.483343
v -0.043988 0.091300 0.431587
v -0.041719 0.091000 0.477528
v -0.041885 0.091000 0.474638
v -0.043979 0.091000 0.431821
v -0.044044 0.091000 0.430083
v -0.044870 0.091300 0.389503
v -0.044137 0.091000 0.427477
v -0.044225 0.091000 0.424871
v -0.044867 0.091000 0.390981
v -0.044871 0.091000 0.388374
v -0.044204 0.091300 0.354160
v -0.044871 0.091000 0.387003
v -0.044868 0.091000 0.385633
v -0.044258 0.091000 0.355485
v -0.044162 0.091000 0.353137
v -0.042173 0.091300 0.322658
v -0.044058 0.091000 0.350790
v -0.043946 0.091000 0.348443
v -0.030511 0.091000 0.743752
v -0.030177 0.091000 0.749060
v -0.029824 0.091000 0.754367
v -0.029449 0.091000 0.759707
v -0.029053 0.091000 0.765046
v -0.028635 0.091000 0.770383
v -0.028195 0.091000 0.775719
v -0.027730 0.091000 0.781052
v -0.027730 0.091300 0.781052
v -0.032938 0.091000 0.692405
v -0.032775 0.091000 0.696833
v -0.032605 0.091000 0.701262
v -0.032366 0.091000 0.707165
v -0.032113 0.091000 0.713068
v -0.031844 0.091000 0.718971
v -0.037070 0.091000 0.560178
v -0.036903 0.091000 0.564023
v -0.036742 0.091000 0.567901
v -0.036436 0.091000 0.575748
v -0.036150 0.091000 0.583664
v -0.035967 0.091000 0.589056
v -0.035793 0.091000 0.594404
v -0.035596 0.091000 0.600732
v -0.035410 0.091000 0.606989
v -0.035214 0.091000 0.613842
v -0.035024 0.091000 0.620696
v -0.034656 0.091000 0.634402
v -0.034290 0.091000 0.648109
v -0.040643 0.091000 0.495642
v -0.040270 0.091000 0.501809
v -0.039899 0.091000 0.507942
v -0.039588 0.091000 0.513112
v -0.039206 0.091000 0.519529
v -0.039012 0.091000 0.522847
v -0.038820 0.091000 0.526155
v -0.038665 0.091000 0.528867
v -0.038513 0.091000 0.531569
v -0.038293 0.091000 0.535546
v -0.038079 0.091000 0.539516
v -0.037870 0.091000 0.543493
v -0.037668 0.091000 0.547488
v -0.043913 0.091000 0.433558
v -0.043774 0.091000 0.437032
v -0.043628 0.091000 0.440506
v -0.043545 0.091000 0.442418
v -0.043459 0.091000 0.444329
v -0.043368 0.091000 0.446325
v -0.043275 0.091000 0.448322
v -0.043086 0.091000 0.452228
v -0.042891 0.091000 0.456134
v -0.042712 0.091000 0.459606
v -0.042528 0.091000 0.463078
v -0.042339 0.091000 0.466549
v -0.042195 0.091000 0.469152
v -0.042049 0.091000 0.471754
v -0.044855 0.091000 0.393588
v -0.044836 0.091000 0.396195
v -0.044811 0.091000 0.398802
v -0.044779 0.091000 0.401409
v -0.044741 0.091000 0.404016
v -0.044701 0.091000 0.406362
v -0.044656 0.091000 0.408709
v -0.044607 0.091000 0.411055
v -0.044553 0.091000 0.413401
v -0.044514 0.091000 0.414965
v -0.044474 0.091000 0.416529
v -0.044387 0.091000 0.419657
v -0.044308 0.091000 0.422264
v -0.044347 0.091000 0.357833
v -0.044428 0.091000 0.360181
v -0.044502 0.091000 0.362530
v -0.044569 0.091000 0.364879
v -0.044629 0.091000 0.367228
v -0.044682 0.091000 0.369577
v -0.044728 0.091000 0.371926
v -0.044763 0.091000 0.373982
v -0.044793 0.091000 0.376038
v -0.044818 0.091000 0.378094
v -0.044838 0.091000 0.380150
v -0.044852 0.091000 0.381977
v -0.044862 0.091000 0.383805
v -0.042173 0.091000 0.322658
v -0.042352 0.091000 0.324706
v -0.042525 0.091000 0.326755
v -0.042691 0.091000 0.328804
v -0.042849 0.091000 0.330854
v -0.043002 0.091000 0.332904
v -0.043148 0.091000 0.334955
v -0.043287 0.091000 0.337007
v -0.043419 0.091000 0.339059
v -0.043516 0.091000 0.340622
v -0.043609 0.091000 0.342186
v -0.043699 0.091000 0.343750
v -0.043764 0.091000 0.344923
v -0.043826 0.091000 0.346096
v 0.067694 0.062000 0.407894
v 0.055279 0.062000 0.411247
v 0.017055 0.062000 0.409424
v 0.042494 0.062000 0.412634
v 0.029650 0.062000 0.412021
v 0.121921 0.062000 0.337320
v 0.121196 0.062000 0.344477
v -0.041831 0.062000 0.340487
v 0.121086 0.062000 0.345208
v -0.039836 0.062000 0.350796
v 0.117883 0.062000 0.357210
v -0.036548 0.062000 0.360768
v 0.112716 0.062000 0.368970
v -0.032109 0.062000 0.370434
v 0.105785 0.062000 0.379785
v -0.024966 0.062000 0.381127
v 0.097259 0.062000 0.389394
v -0.016251 0.062000 0.390583
v 0.088959 0.062000 0.396615
v -0.006176 0.062000 0.398573
v 0.078739 0.062000 0.403033
v 0.005017 0.062000 0.404905
v -0.042500 0.062000 0.330007
v 0.122062 0.062000 0.324495
v -0.042469 0.062000 0.329213
v -0.041921 0.062000 0.322680
v -0.021122 0.062000 0.274966
v 0.110742 0.062000 0.288046
v -0.028934 0.062000 0.285138
v 0.116404 0.062000 0.299554
v -0.035071 0.062000 0.296401
v 0.120208 0.062000 0.311803
v -0.039588 0.062000 0.309256
v 0.103359 0.062000 0.277558
v -0.011822 0.062000 0.266133
v 0.094436 0.062000 0.268345
v -0.001262 0.062000 0.258853
v 0.084188 0.062000 0.260632
v 0.010302 0.062000 0.253303
v 0.072865 0.062000 0.254605
v 0.022587 0.062000 0.249618
v 0.060744 0.062000 0.250412
v 0.035295 0.062000 0.247888
v 0.048118 0.062000 0.248155
v 0.010302 0.062000 0.253303
v -0.001262 0.062000 0.258853
v 0.005379 0.063000 0.255395
v -0.011822 0.062000 0.266133
v -0.007050 0.063000 0.262540
v -0.021122 0.062000 0.274966
v -0.018050 0.063000 0.271735
v -0.028934 0.062000 0.285138
v -0.027285 0.063000 0.282700
v -0.035071 0.062000 0.296401
v -0.034477 0.063000 0.295103
v -0.039588 0.062000 0.309256
v -0.039405 0.063000 0.308566
v -0.041921 0.062000 0.322680
v -0.041921 0.063000 0.322680
v 0.110742 0.062000 0.288046
v 0.103359 0.062000 0.277558
v 0.107460 0.063000 0.282950
v 0.094436 0.062000 0.268345
v 0.098265 0.063000 0.271950
v 0.084188 0.062000 0.260632
v 0.087300 0.063000 0.262715
v 0.072865 0.062000 0.254605
v 0.074897 0.063000 0.255523
v 0.060744 0.062000 0.250412
v 0.061434 0.063000 0.250595
v 0.048118 0.062000 0.248155
v 0.047320 0.063000 0.248079
v 0.035295 0.062000 0.247888
v 0.032983 0.063000 0.248053
v 0.022587 0.062000 0.249618
v 0.018860 0.063000 0.250516
v 0.114605 0.063000 0.295379
v 0.116404 0.062000 0.299554
v 0.119484 0.063000 0.308860
v 0.120208 0.062000 0.311803
v 0.121947 0.063000 0.322983
v 0.122062 0.062000 0.324495
v 0.121921 0.063000 0.337320
v 0.121921 0.062000 0.337320
v 0.121578 0.080613 0.342298
v 0.121570 0.083431 0.342356
v 0.121086 0.063000 0.345208
v 0.121033 0.081646 0.345491
v 0.117778 0.063000 0.357511
v 0.118621 0.077012 0.354999
v 0.112615 0.063000 0.369157
v 0.114909 0.072572 0.364567
v 0.105721 0.063000 0.379870
v 0.109499 0.068240 0.374453
v 0.103015 0.064847 0.383248
v 0.121700 0.084141 0.341465
v 0.097259 0.063000 0.389394
v 0.121086 0.062000 0.345208
v 0.121196 0.062000 0.344477
v 0.121086 0.063000 0.345208
v 0.121196 0.063000 0.344477
v 0.089608 0.064450 0.397499
v 0.092348 0.063816 0.394419
v 0.092922 0.064741 0.395226
v 0.099357 0.064612 0.387583
v 0.099750 0.065714 0.388267
v 0.105120 0.066268 0.380716
v 0.105316 0.067474 0.381302
v 0.110300 0.069903 0.373651
v 0.108512 0.069574 0.378156
v 0.112604 0.072139 0.370875
v 0.088959 0.063000 0.396615
v 0.090403 0.063000 0.395516
v 0.097259 0.063000 0.389394
v 0.103015 0.064847 0.383248
v 0.109499 0.068240 0.374453
v 0.114909 0.072572 0.364567
v 0.114999 0.073198 0.364490
v 0.118621 0.077012 0.354999
v 0.117080 0.076103 0.360442
v 0.120403 0.080748 0.348854
v 0.121745 0.084773 0.341149
v 0.121740 0.084702 0.341191
v 0.121743 0.084721 0.341160
v 0.121728 0.084558 0.341282
v 0.121727 0.084439 0.341271
v 0.121684 0.084224 0.341608
v 0.121700 0.084141 0.341465
v 0.121517 0.083476 0.342774
v 0.121570 0.083431 0.342356
v 0.121033 0.081646 0.345491
v 0.090634 0.065000 0.398895
v 0.097731 0.065711 0.392168
v 0.103198 0.067220 0.385778
v 0.121746 0.084826 0.341140
v 0.081822 0.065000 0.431730
v 0.074389 0.065000 0.458732
v 0.066347 0.065000 0.455264
v 0.053697 0.065000 0.451759
v 0.040643 0.065000 0.450370
v 0.038735 0.065000 0.450348
v -0.034621 0.065000 0.401954
v -0.034576 0.065000 0.371818
v -0.026460 0.065000 0.383789
v -0.016444 0.065000 0.394221
v -0.004812 0.065000 0.402816
v 0.008102 0.065000 0.409327
v 0.021928 0.065000 0.413568
v 0.002060 0.065000 0.450348
v -0.011024 0.065000 0.451425
v -0.022656 0.065000 0.454261
v -0.032618 0.065000 0.458254
v 0.036272 0.065000 0.415419
v 0.050722 0.065000 0.414825
v 0.064866 0.065000 0.411804
v 0.078298 0.065000 0.406443
v 0.090634 0.065000 0.398895
v 0.078329 0.025437 0.524661
v 0.076368 0.025487 0.516787
v 0.078838 0.031911 0.524015
v 0.072859 0.025516 0.509472
v 0.075872 0.037182 0.510947
v 0.067945 0.025525 0.503015
v 0.068347 0.037196 0.500697
v 0.061830 0.025511 0.497684
v 0.058087 0.037164 0.493190
v 0.054768 0.025477 0.493698
v 0.047042 0.025423 0.491217
v 0.077536 0.038777 0.513138
v 0.072086 0.043035 0.501194
v 0.075301 0.046002 0.502509
v 0.064923 0.048547 0.490521
v 0.073043 0.054192 0.490406
v 0.068732 0.053521 0.487927
v 0.065055 0.057712 0.479810
v 0.056278 0.053486 0.481482
v 0.052437 0.057679 0.475087
v 0.042385 0.053426 0.478618
v 0.038735 0.053407 0.478508
v 0.040410 0.048430 0.482797
v 0.038735 0.045201 0.484872
v 0.040292 0.042891 0.486151
v 0.038735 0.035634 0.488908
v 0.046018 0.037089 0.489115
v 0.053300 0.048503 0.484996
v 0.069496 0.061001 0.475864
v 0.055823 0.060978 0.470209
v 0.040934 0.060943 0.467939
v 0.038735 0.059699 0.470247
v 0.041140 0.063256 0.462073
v 0.038735 0.063652 0.460644
v 0.040643 0.065000 0.450370
v 0.038735 0.065000 0.450348
v 0.072355 0.060047 0.479784
v 0.072386 0.063295 0.470746
v 0.072971 0.063824 0.468864
v 0.074389 0.065000 0.458732
v 0.057429 0.063279 0.464558
v 0.053697 0.065000 0.451759
v 0.066347 0.065000 0.455264
v 0.063068 0.043019 0.493342
v 0.052270 0.042971 0.488204
v 0.038735 0.025349 0.490346
v 0.078660 0.025370 0.532771
v 0.078469 0.025350 0.534936
v 0.045155 0.025518 0.628830
v 0.052454 0.025579 0.626671
v 0.049034 0.032757 0.628500
v 0.059207 0.025620 0.623171
v 0.059544 0.032826 0.623682
v 0.065838 0.025639 0.617806
v 0.068301 0.032844 0.616051
v 0.071685 0.025626 0.610349
v 0.074675 0.032809 0.605925
v 0.075097 0.025588 0.603236
v 0.077047 0.025528 0.595598
v 0.037504 0.036490 0.630904
v 0.049529 0.040146 0.630172
v 0.037504 0.046975 0.634653
v 0.050733 0.049815 0.634240
v 0.050925 0.058603 0.640812
v 0.063391 0.058653 0.635837
v 0.053000 0.065849 0.648736
v 0.067396 0.065888 0.642994
v 0.066904 0.069935 0.650960
v 0.077283 0.068710 0.641883
v 0.078296 0.072919 0.653364
v 0.037504 0.056369 0.640630
v 0.037504 0.064208 0.648537
v 0.052634 0.069906 0.655873
v 0.037504 0.070102 0.657984
v 0.054240 0.072769 0.662912
v 0.037504 0.073760 0.668500
v 0.053340 0.074472 0.670787
v 0.051388 0.075000 0.678488
v 0.065332 0.075000 0.675155
v 0.062806 0.049875 0.628730
v 0.074202 0.058675 0.627861
v 0.072862 0.049891 0.619974
v 0.076920 0.055947 0.621498
v 0.077334 0.047608 0.611358
v 0.070024 0.072789 0.657475
v 0.079733 0.074863 0.664834
v 0.068462 0.074481 0.666373
v 0.080293 0.075000 0.668744
v 0.075168 0.075000 0.671306
v 0.060496 0.040212 0.625155
v 0.069633 0.040230 0.617196
v 0.076279 0.040196 0.606631
v 0.077705 0.039595 0.602320
v 0.076840 0.062368 0.630511
v 0.077756 0.032187 0.594185
v 0.077410 0.025437 0.586845
v 0.037504 0.025436 0.629567
v 0.037504 0.075000 0.679566
v 0.038735 0.053407 0.478508
v 0.002060 0.059699 0.470247
v 0.038735 0.059699 0.470247
v 0.002060 0.063652 0.460644
v 0.038735 0.063652 0.460644
v 0.002060 0.065000 0.450348
v 0.038735 0.065000 0.450348
v 0.002060 0.053407 0.478508
v 0.038735 0.045201 0.484872
v 0.002060 0.045201 0.484872
v 0.038735 0.035634 0.488908
v 0.002060 0.035634 0.488908
v 0.038735 0.025349 0.490346
v 0.002060 0.025349 0.490346
v 0.002088 -0.056180 0.475840
v 0.038681 -0.060995 0.468229
v 0.002088 -0.060995 0.468229
v 0.038681 -0.063986 0.459733
v 0.002088 -0.063986 0.459733
v 0.038681 -0.065000 0.450784
v 0.002088 -0.065000 0.450784
v 0.038681 -0.056180 0.475840
v 0.002088 -0.049783 0.482181
v 0.038681 -0.049783 0.482181
v 0.002088 -0.042130 0.486930
v 0.038681 -0.042130 0.486930
v 0.002088 -0.033609 0.489846
v 0.038681 -0.033609 0.489846
v 0.002088 -0.024651 0.490782
v 0.038681 -0.024651 0.490782
v 0.078305 -0.065000 0.406439
v 0.071999 -0.064450 0.407415
v 0.064871 -0.065000 0.411803
v 0.052516 -0.064450 0.412828
v 0.050726 -0.065000 0.414825
v 0.032304 -0.064450 0.413414
v 0.036273 -0.065000 0.415419
v 0.021927 -0.065000 0.413568
v 0.090643 -0.065000 0.398888
v 0.089617 -0.064450 0.397492
v 0.077038 -0.063000 0.403910
v 0.088968 -0.063000 0.396609
v -0.024269 -0.063000 0.382001
v -0.021128 -0.064450 0.387275
v -0.014583 -0.063000 0.392091
v -0.005623 -0.064450 0.400254
v -0.003335 -0.063000 0.400404
v 0.012541 -0.064450 0.409139
v 0.009153 -0.063000 0.406701
v 0.022525 -0.063000 0.410803
v -0.032115 -0.063000 0.370422
v -0.033072 -0.064450 0.370958
v -0.026468 -0.065000 0.383780
v -0.034583 -0.065000 0.371805
v -0.016451 -0.065000 0.394215
v -0.004818 -0.065000 0.402812
v 0.008098 -0.065000 0.409325
v 0.036396 -0.063000 0.412593
v 0.050371 -0.063000 0.412018
v 0.064049 -0.063000 0.409096
v -0.042000 -0.063000 0.330552
v -0.042000 -0.062000 0.330552
v -0.042000 -0.063000 0.329448
v -0.042000 -0.062000 0.329448
v -0.042498 -0.063000 0.330552
v -0.042498 -0.062000 0.330552
v -0.042000 -0.063000 0.330552
v -0.042000 -0.062000 0.330552
v -0.042498 -0.062000 0.330552
v -0.041786 -0.063000 0.340831
v -0.041786 -0.062000 0.340831
v -0.039798 -0.063000 0.350941
v -0.039798 -0.062000 0.350941
v -0.036566 -0.063000 0.360724
v -0.036566 -0.062000 0.360724
v -0.042498 -0.063000 0.330552
v -0.033957 -0.063000 0.366827
v -0.032115 -0.063000 0.370422
v -0.032115 -0.062000 0.370422
v -0.036566 -0.062000 0.360724
v -0.036566 -0.063000 0.360724
v 0.028089 -0.062000 0.411809
v 0.015547 -0.062000 0.408972
v 0.022525 -0.063000 0.410803
v 0.003596 -0.062000 0.404224
v 0.009153 -0.063000 0.406701
v -0.007475 -0.062000 0.397680
v -0.003335 -0.063000 0.400404
v -0.017396 -0.062000 0.389499
v -0.014583 -0.063000 0.392091
v -0.025455 -0.062000 0.380500
v -0.024269 -0.063000 0.382001
v -0.032115 -0.062000 0.370422
v -0.032115 -0.063000 0.370422
v 0.036396 -0.063000 0.412593
v 0.040919 -0.062000 0.412666
v 0.050371 -0.063000 0.412018
v 0.053728 -0.062000 0.411523
v 0.064049 -0.063000 0.409096
v 0.066204 -0.062000 0.408408
v 0.077038 -0.063000 0.403910
v 0.078046 -0.062000 0.403397
v 0.088968 -0.063000 0.396609
v 0.088968 -0.062000 0.396609
v 0.097279 -0.062000 0.389375
v 0.088968 -0.062000 0.396609
v 0.088968 -0.063000 0.396609
v 0.096550 -0.063000 0.390075
v 0.097276 -0.063000 0.389378
v 0.097279 -0.063000 0.389375
v -0.042000 -0.063000 0.329448
v -0.042000 -0.062000 0.329448
v -0.042489 -0.063000 0.329448
v -0.042489 -0.062000 0.329448
v 0.097279 -0.062000 0.389375
v 0.105751 -0.063000 0.379830
v 0.105599 -0.062000 0.380030
v 0.112649 -0.063000 0.369093
v 0.112570 -0.062000 0.369241
v 0.117810 -0.063000 0.357421
v 0.117782 -0.062000 0.357500
v 0.121108 -0.063000 0.345092
v 0.121108 -0.062000 0.345092
v 0.097279 -0.063000 0.389375
v 0.004657 0.064208 0.648537
v 0.037504 0.070102 0.657984
v 0.004657 0.070102 0.657984
v 0.037504 0.073760 0.668500
v 0.004657 0.073760 0.668500
v 0.037504 0.075000 0.679566
v 0.004657 0.075000 0.679566
v 0.037504 0.064208 0.648537
v 0.004657 0.056369 0.640630
v 0.037504 0.056369 0.640630
v 0.004657 0.046975 0.634653
v 0.037504 0.046975 0.634653
v 0.004657 0.036490 0.630904
v 0.037504 0.036490 0.630904
v 0.004657 0.025436 0.629567
v 0.037504 0.025436 0.629567
v -0.042000 -0.063000 0.329448
v -0.042489 -0.063000 0.329448
v -0.042052 -0.066000 0.329500
v -0.042499 -0.066000 0.329500
v -0.042499 -0.066000 0.329500
v -0.042482 -0.074105 0.328296
v -0.042499 -0.066294 0.329595
v -0.042496 -0.073467 0.329202
v -0.042500 -0.066421 0.329730
v -0.042500 -0.073027 0.330000
v -0.042500 -0.066500 0.330000
v -0.042500 -0.066430 0.330255
v -0.039172 -0.064749 0.353197
v -0.039798 -0.063000 0.350941
v -0.040894 -0.066834 0.346197
v -0.041786 -0.063000 0.340831
v -0.041646 -0.068301 0.341837
v -0.042229 -0.070183 0.336684
v -0.042498 -0.063000 0.330552
v -0.042499 -0.066000 0.330500
v -0.042499 -0.066169 0.330471
v -0.036776 -0.063105 0.360195
v -0.036566 -0.063000 0.360724
v -0.042489 -0.062000 0.329448
v -0.042469 -0.062000 0.329115
v -0.042489 -0.063000 0.329448
v -0.042469 -0.063000 0.329115
v -0.033957 -0.063000 0.366827
v -0.036566 -0.063000 0.360724
v -0.035190 -0.063884 0.364914
v -0.036776 -0.063105 0.360195
v -0.036916 -0.064180 0.360366
v -0.039172 -0.064749 0.353197
v -0.038921 -0.064962 0.354153
v -0.040894 -0.066834 0.346197
v -0.039420 -0.066348 0.354669
v -0.040677 -0.067491 0.348857
v -0.040010 -0.066938 0.355007
v -0.041153 -0.068183 0.349181
v -0.033072 -0.064450 0.370958
v -0.035015 -0.064848 0.368457
v -0.034583 -0.065000 0.371805
v -0.034700 -0.065001 0.371529
v -0.037683 -0.065419 0.360912
v -0.036139 -0.064978 0.365497
v -0.036884 -0.065300 0.365886
v -0.038375 -0.065859 0.361273
v -0.041560 -0.068760 0.343354
v -0.041939 -0.069575 0.343466
v -0.042155 -0.070188 0.337842
v -0.042383 -0.070998 0.338162
v -0.042542 -0.072214 0.333999
v -0.042482 -0.074105 0.328296
v -0.042511 -0.074075 0.328878
v -0.042496 -0.073467 0.329202
v -0.042541 -0.073532 0.330099
v -0.042500 -0.073027 0.330000
v -0.042335 -0.070906 0.335289
v -0.042229 -0.070183 0.336684
v -0.041646 -0.068301 0.341837
v -0.042482 -0.074705 0.328029
v -0.042492 -0.074452 0.328277
v -0.042479 -0.074341 0.328129
v -0.042478 -0.074534 0.328029
v -0.042478 -0.074698 0.327973
v -0.042479 -0.074906 0.327935
v -0.042479 -0.074908 0.327935
v -0.042479 -0.074913 0.327934
v -0.032115 -0.063000 0.370422
v 0.002289 0.000000 0.490567
v 0.002288 -0.000349 0.490570
v -0.005409 0.000000 0.491316
v -0.006168 -0.000374 0.491475
v -0.012680 0.000000 0.493475
v -0.014557 -0.000379 0.494291
v -0.019552 0.000000 0.497060
v -0.022291 -0.000359 0.499013
v -0.025684 -0.000000 0.501980
v -0.028813 -0.000314 0.505416
v -0.031014 0.000000 0.508419
v -0.032886 -0.000260 0.511523
v -0.034859 -0.000000 0.515747
v -0.035741 -0.000190 0.518167
v -0.037082 0.000000 0.523536
v -0.037333 -0.000106 0.525070
v -0.037644 0.000000 0.532764
v 0.002088 -0.042130 0.486930
v -0.007135 -0.042597 0.487681
v -0.006638 -0.036548 0.490004
v -0.018714 -0.042705 0.491862
v -0.017586 -0.036663 0.493973
v -0.028677 -0.042822 0.499060
v -0.026997 -0.036789 0.500792
v -0.036287 -0.042942 0.508746
v -0.034177 -0.036916 0.509958
v -0.037257 -0.041217 0.512373
v -0.037920 -0.034632 0.521016
v -0.005858 -0.057504 0.474656
v -0.010500 -0.053311 0.480596
v 0.002088 -0.056180 0.475840
v -0.009471 -0.048339 0.484697
v 0.002088 -0.049783 0.482181
v -0.032270 -0.048545 0.497745
v -0.021796 -0.048438 0.489625
v -0.023925 -0.053397 0.485955
v -0.019272 -0.057562 0.478187
v -0.008806 -0.060881 0.469423
v 0.002088 -0.060995 0.468229
v 0.002088 -0.063986 0.459733
v -0.035010 -0.054244 0.493338
v -0.036187 -0.047944 0.503100
v -0.006188 -0.065000 0.451213
v -0.005094 -0.063228 0.462937
v -0.020345 -0.065000 0.453993
v -0.019120 -0.063252 0.465854
v -0.032602 -0.065000 0.458696
v -0.033050 -0.063908 0.469414
v -0.023406 -0.060926 0.473815
v -0.032238 -0.063279 0.471626
v -0.033862 -0.060117 0.481690
v -0.035041 -0.025176 0.515888
v -0.031127 -0.025079 0.508490
v -0.025760 -0.024979 0.502068
v -0.019186 -0.024880 0.496909
v -0.011656 -0.024785 0.493218
v -0.003519 -0.024701 0.491178
v 0.002088 -0.033609 0.489846
v 0.002088 -0.024651 0.490782
v -0.031436 -0.057627 0.484857
v -0.037330 -0.025265 0.523939
v -0.038014 -0.027988 0.529596
v -0.037862 -0.025348 0.532986
v 0.002088 -0.065000 0.450784
v 0.002060 0.025349 0.490346
v 0.002289 0.000000 0.490567
v -0.003518 0.025397 0.490736
v -0.005409 0.000000 0.491316
v -0.011651 0.025455 0.492768
v -0.012680 0.000000 0.493475
v -0.019160 0.025492 0.496436
v -0.019552 0.000000 0.497060
v -0.025748 0.025507 0.501591
v -0.025684 -0.000000 0.501980
v -0.031122 0.025501 0.508006
v -0.031014 0.000000 0.508419
v -0.035044 0.025473 0.515402
v -0.034859 -0.000000 0.515747
v -0.037341 0.025424 0.523451
v -0.037082 0.000000 0.523536
v -0.037878 0.025349 0.532548
v -0.037644 0.000000 0.532764
v -0.037878 0.025349 0.532548
v -0.038282 0.033090 0.526552
v -0.038497 0.037966 0.519989
v -0.038639 0.039510 0.521345
v -0.038951 0.044384 0.515445
v -0.039095 0.046994 0.514725
v -0.039479 0.052099 0.508659
v -0.039650 0.054878 0.506636
v -0.039783 0.058047 0.498281
v -0.040665 0.065447 0.488014
v -0.039816 0.063179 0.486778
v -0.041061 0.069394 0.472927
v -0.039729 0.067117 0.472271
v -0.042233 0.072299 0.458754
v -0.041089 0.069704 0.458694
v -0.032618 0.065000 0.458254
v -0.032883 0.064545 0.465133
v -0.036752 0.065897 0.458469
v -0.035533 0.064056 0.471247
v -0.039191 0.067472 0.458596
v -0.037808 0.065281 0.471692
v -0.041696 0.071851 0.473587
v -0.040345 0.062869 0.496304
v -0.042604 0.074913 0.458773
v -0.042373 0.074755 0.463108
v -0.041778 0.073077 0.473590
v -0.041124 0.069442 0.484288
v -0.038304 0.061216 0.485658
v -0.036323 0.059748 0.484766
v -0.038747 0.056060 0.496740
v -0.037144 0.054446 0.495436
v -0.039019 0.050162 0.506807
v -0.037907 0.048470 0.505141
v -0.038385 0.042678 0.513536
v -0.037726 0.037343 0.517046
v -0.038070 0.031150 0.525086
v -0.033473 0.062117 0.475813
v -0.034577 0.056574 0.488735
v -0.035764 0.050375 0.499075
v -0.036951 0.043473 0.508896
v -0.042233 0.072299 0.458754
v -0.044382 0.074913 0.414240
v -0.043313 0.070057 0.402080
v -0.044661 0.074913 0.377420
v -0.042777 0.070057 0.354877
v -0.043768 0.074913 0.347857
v -0.042414 0.071179 0.337565
v -0.042551 0.073293 0.330821
v -0.032618 0.065000 0.458254
v -0.036752 0.065897 0.458469
v -0.039487 0.066264 0.402025
v -0.039191 0.067472 0.458596
v -0.041089 0.069704 0.458694
v -0.039499 0.066539 0.357144
v -0.040862 0.067814 0.350836
v -0.041725 0.069129 0.345263
v -0.042482 0.074913 0.328069
v -0.042485 0.074725 0.328148
v -0.042492 0.074505 0.328342
v -0.042508 0.074164 0.328830
v -0.038416 0.065883 0.361129
v -0.036746 0.065266 0.366271
v -0.034576 0.065000 0.371818
v -0.034621 0.065000 0.401954
v -0.042604 0.074913 0.458773
v -0.042476 0.074601 0.328049
v -0.042481 0.074709 0.328095
v -0.042474 0.074581 0.328027
v -0.042478 0.074679 0.328058
v -0.042471 0.074599 0.327976
v -0.042479 0.074742 0.328051
v -0.042481 0.074908 0.328060
v -0.042482 0.074879 0.328072
v -0.042482 0.074913 0.328069
v -0.042478 0.074529 0.328103
v -0.042472 0.074213 0.328066
v -0.042478 0.074528 0.328107
v -0.042473 0.074213 0.328070
v -0.042473 0.074213 0.328077
v -0.042454 0.073998 0.327819
v -0.042477 0.074176 0.328159
v -0.042480 0.074180 0.328229
v -0.042478 0.074216 0.328171
v -0.042478 0.074216 0.328181
v -0.042480 0.074367 0.328182
v -0.042481 0.074389 0.328200
v -0.042479 0.074418 0.328165
v -0.042481 0.074558 0.328151
v -0.042479 0.074419 0.328159
v -0.042479 0.074420 0.328152
v -0.042479 0.074422 0.328144
v -0.042478 0.074422 0.328139
v -0.042478 0.074423 0.328134
v -0.042478 0.074425 0.328126
v -0.042477 0.074425 0.328121
v -0.042477 0.074427 0.328114
v -0.042481 0.074566 0.328136
v -0.042481 0.074648 0.328120
v -0.042481 0.074621 0.328118
v -0.042480 0.074624 0.328112
v -0.042473 0.074410 0.328048
v -0.042477 0.074591 0.328073
v -0.042471 0.074321 0.328018
v -0.042470 0.074322 0.328008
v -0.042472 0.074212 0.328058
v -0.042470 0.074322 0.327999
v -0.042469 0.074323 0.327993
v -0.042476 0.074598 0.328056
v -0.042474 0.074410 0.328055
v -0.042473 0.074381 0.328055
v -0.042478 0.074532 0.328095
v -0.042480 0.074600 0.328112
v -0.042477 0.074595 0.328064
v -0.042475 0.074579 0.328032
v -0.042468 0.074249 0.327982
v -0.042485 0.074086 0.328435
v -0.042482 0.074351 0.328251
v -0.042481 0.074282 0.328244
v -0.042481 0.074388 0.328206
v -0.042478 0.074216 0.328187
v -0.042468 0.074249 0.327977
v -0.042470 0.074478 0.327985
v -0.042464 0.074249 0.327923
v -0.042459 0.074494 0.327821
v -0.042479 0.074526 0.328113
v -0.042474 0.074318 0.328086
v -0.042476 0.074376 0.328101
v -0.042479 0.074368 0.328171
v -0.042480 0.074181 0.328237
v -0.042485 0.074086 0.328435
v -0.042454 0.073998 0.327819
v -0.042500 0.063000 0.330007
v -0.042469 0.063000 0.329213
v -0.041921 0.062000 0.322680
v -0.042469 0.062000 0.329213
v -0.041921 0.063000 0.322680
v -0.042469 0.063000 0.329213
v -0.037223 0.090780 0.556737
v -0.037070 0.091000 0.560178
v -0.037163 0.091000 0.558082
v -0.037174 0.091000 0.557856
v -0.037258 0.091000 0.555978
v -0.037356 0.091000 0.553872
v -0.037535 0.091000 0.550139
v -0.037701 0.091000 0.546792
v -0.037872 0.091000 0.543445
v -0.027565 0.072000 0.781037
v -0.027565 0.073000 0.781037
v -0.027990 0.072000 0.776167
v -0.027990 0.073000 0.776167
v -0.027379 0.072000 0.765833
v -0.028000 0.072000 0.775000
v -0.028000 0.082709 0.775000
v -0.027990 0.073000 0.776167
v -0.027980 0.083563 0.776636
v -0.027952 0.084155 0.777548
v -0.027722 0.079970 0.768862
v -0.027038 0.077846 0.763602
v -0.025529 0.072000 0.756834
v -0.025764 0.075699 0.757704
v -0.022482 0.072000 0.748166
v -0.023993 0.073941 0.752001
v -0.022482 0.073000 0.748166
v -0.027933 0.084617 0.778009
v -0.027942 0.084385 0.777813
v -0.027990 0.072000 0.776167
v -0.026446 0.077508 0.759691
v -0.025198 0.076252 0.754124
v -0.027038 0.077846 0.763602
v -0.025574 0.075607 0.756986
v -0.025764 0.075699 0.757704
v -0.024016 0.074637 0.751810
v -0.023993 0.073941 0.752001
v -0.022401 0.074082 0.747344
v -0.022482 0.073000 0.748166
v -0.020592 0.073873 0.743033
v -0.020181 0.073000 0.743101
v -0.019276 0.074450 0.739161
v -0.018338 0.073000 0.739729
v -0.027952 0.084155 0.777548
v -0.027992 0.084076 0.776866
v -0.027980 0.083563 0.776636
v -0.028074 0.082614 0.772961
v -0.028000 0.082709 0.775000
v -0.027490 0.079362 0.766548
v -0.027722 0.079970 0.768862
v -0.027804 0.080434 0.766097
v -0.027145 0.078742 0.760210
v -0.025922 0.077092 0.753653
v -0.024389 0.075929 0.747879
v -0.023514 0.075272 0.748382
v -0.022613 0.075226 0.742701
v -0.021922 0.074818 0.743960
v -0.020758 0.075000 0.738265
v -0.027936 0.084913 0.778007
v -0.027939 0.084794 0.777951
v -0.027933 0.084732 0.778024
v -0.027943 0.084702 0.777879
v -0.027933 0.084617 0.778009
v -0.027956 0.084490 0.777626
v -0.027942 0.084385 0.777813
v -0.020758 0.075000 0.738265
v -0.022613 0.075226 0.742701
v -0.023450 0.075000 0.675064
v -0.027034 0.076264 0.710301
v -0.027112 0.075695 0.675178
v -0.030487 0.077898 0.675283
v -0.024389 0.075929 0.747879
v -0.025922 0.077092 0.753653
v -0.030857 0.080057 0.710466
v -0.032718 0.081256 0.675353
v -0.028074 0.082614 0.772961
v -0.027936 0.084913 0.778007
v -0.027804 0.080434 0.766097
v -0.027145 0.078742 0.760210
v -0.030897 0.084913 0.736125
v -0.033445 0.084913 0.675375
v -0.027992 0.084076 0.776866
v -0.027956 0.084490 0.777626
v -0.027943 0.084702 0.777879
v -0.027939 0.084794 0.777951
v -0.030487 0.077898 0.675283
v -0.031500 0.077110 0.661780
v -0.027112 0.075695 0.675178
v -0.029689 0.074900 0.659844
v -0.023450 0.075000 0.675064
v -0.027366 0.073710 0.660087
v -0.024692 0.073745 0.662771
v -0.026272 0.069743 0.649767
v -0.034894 0.054797 0.613683
v -0.035006 0.047891 0.607606
v -0.034604 0.059546 0.620736
v -0.033731 0.057658 0.622488
v -0.033852 0.066518 0.632089
v -0.032500 0.064592 0.633451
v -0.032628 0.073466 0.647470
v -0.031106 0.070645 0.645872
v -0.028967 0.069266 0.646503
v -0.033445 0.084913 0.675375
v -0.033826 0.083655 0.662227
v -0.032718 0.081256 0.675353
v -0.033732 0.081812 0.660819
v -0.032960 0.079359 0.661330
v -0.035130 0.039294 0.600836
v -0.035031 0.037589 0.601090
v -0.034394 0.043954 0.608579
v -0.033425 0.041720 0.609267
v -0.033570 0.049343 0.615166
v -0.031880 0.048918 0.617661
v -0.032263 0.056059 0.623958
v -0.030299 0.055361 0.625696
v -0.030642 0.063074 0.634509
v -0.028201 0.063243 0.637105
v -0.034584 0.050968 0.613376
v -0.034990 0.045568 0.606600
v -0.033788 0.075718 0.646483
v -0.034238 0.078078 0.645431
v -0.034300 0.077144 0.642920
v -0.034063 0.081259 0.652995
v -0.034517 0.068662 0.630555
v -0.034759 0.061867 0.620827
v -0.034574 0.069453 0.630146
v -0.035320 0.025437 0.590873
v -0.035193 0.028288 0.594085
v -0.035226 0.032196 0.595650
v -0.034565 0.034741 0.601355
v -0.003435 -0.000000 0.628473
v 0.004657 0.025436 0.629567
v -0.003943 -0.000000 0.628362
v -0.003690 0.025515 0.628688
v -0.004449 -0.000000 0.628244
v -0.004944 -0.000000 0.628122
v -0.011644 -0.000000 0.625777
v -0.012155 -0.000000 0.625541
v -0.012148 0.025573 0.625868
v -0.012663 -0.000000 0.625297
v -0.013167 -0.000000 0.625047
v -0.018915 -0.000000 0.621504
v -0.019365 -0.000000 0.621166
v -0.019391 0.025603 0.621533
v -0.019811 -0.000000 0.620822
v -0.020251 -0.000000 0.620471
v -0.024337 -0.000000 0.616674
v -0.024710 -0.000000 0.616269
v -0.025133 0.025606 0.616263
v -0.025078 -0.000000 0.615859
v -0.025440 -0.000000 0.615444
v -0.029320 -0.000000 0.610102
v -0.029603 -0.000000 0.609630
v -0.029949 0.025584 0.609630
v -0.029879 -0.000000 0.609153
v -0.030148 -0.000000 0.608673
v -0.032620 -0.000000 0.603284
v -0.032804 -0.000000 0.602779
v -0.033055 0.025544 0.602902
v -0.032989 -0.000000 0.602248
v -0.033166 -0.000000 0.601715
v -0.034961 0.025478 0.595075
v -0.034684 -0.000000 0.595278
v -0.035320 0.025437 0.590873
v -0.034757 -0.000000 0.594768
v -0.034824 -0.000000 0.594256
v -0.002926 -0.000000 0.628578
v -0.002416 -0.000000 0.628676
v -0.001904 -0.000000 0.628767
v -0.001392 -0.000000 0.628852
v -0.000878 -0.000000 0.628930
v -0.000363 -0.000000 0.629001
v 0.000153 -0.000000 0.629066
v 0.000669 -0.000000 0.629124
v 0.001194 -0.000000 0.629176
v 0.001720 -0.000000 0.629221
v 0.002247 -0.000000 0.629259
v 0.002774 0.000000 0.629290
v 0.003301 0.000000 0.629315
v 0.003829 0.000000 0.629332
v 0.004345 0.000000 0.629342
v 0.004862 0.000000 0.629345
v 0.004872 -0.000000 0.629345
v -0.011129 -0.000000 0.626006
v -0.010611 -0.000000 0.626227
v -0.010090 -0.000000 0.626442
v -0.009567 -0.000000 0.626649
v -0.009040 -0.000000 0.626848
v -0.008510 -0.000000 0.627040
v -0.007978 -0.000000 0.627225
v -0.007444 -0.000000 0.627402
v -0.006907 -0.000000 0.627572
v -0.006419 -0.000000 0.627719
v -0.005929 -0.000000 0.627860
v -0.005437 -0.000000 0.627994
v -0.018459 -0.000000 0.621836
v -0.018000 -0.000000 0.622161
v -0.017535 -0.000000 0.622480
v -0.017067 -0.000000 0.622792
v -0.016593 -0.000000 0.623098
v -0.016116 -0.000000 0.623397
v -0.015634 -0.000000 0.623689
v -0.015149 -0.000000 0.623974
v -0.014659 -0.000000 0.624253
v -0.014166 -0.000000 0.624525
v -0.013668 -0.000000 0.624789
v -0.023958 -0.000000 0.617073
v -0.023573 -0.000000 0.617468
v -0.023183 -0.000000 0.617857
v -0.022788 -0.000000 0.618240
v -0.022379 -0.000000 0.618627
v -0.021964 -0.000000 0.619008
v -0.021543 -0.000000 0.619382
v -0.021118 -0.000000 0.619751
v -0.020687 -0.000000 0.620114
v -0.029031 -0.000000 0.610571
v -0.028736 -0.000000 0.611036
v -0.028434 -0.000000 0.611497
v -0.028126 -0.000000 0.611953
v -0.027811 -0.000000 0.612406
v -0.027491 -0.000000 0.612854
v -0.027164 -0.000000 0.613297
v -0.026831 -0.000000 0.613736
v -0.026492 -0.000000 0.614170
v -0.026147 -0.000000 0.614600
v -0.025797 -0.000000 0.615024
v -0.032429 -0.000000 0.603788
v -0.032231 -0.000000 0.604288
v -0.032027 -0.000000 0.604786
v -0.031816 -0.000000 0.605281
v -0.031598 -0.000000 0.605774
v -0.031374 -0.000000 0.606263
v -0.031143 -0.000000 0.606749
v -0.030905 -0.000000 0.607232
v -0.030661 -0.000000 0.607712
v -0.030411 -0.000000 0.608189
v -0.034602 -0.000000 0.595804
v -0.034513 -0.000000 0.596328
v -0.034416 -0.000000 0.596851
v -0.034313 -0.000000 0.597373
v -0.034196 -0.000000 0.597922
v -0.034072 -0.000000 0.598470
v -0.033940 -0.000000 0.599016
v -0.033801 -0.000000 0.599560
v -0.033653 -0.000000 0.600102
v -0.033499 -0.000000 0.600642
v -0.033336 -0.000000 0.601180
v -0.035105 -0.000000 0.590654
v -0.035085 -0.000000 0.591170
v -0.035058 -0.000000 0.591686
v -0.035025 -0.000000 0.592201
v -0.034984 -0.000000 0.592716
v -0.034938 -0.000000 0.593230
v -0.034884 -0.000000 0.593743
v -0.034981 -0.000000 0.592868
v -0.034940 -0.000009 0.593307
v -0.034929 -0.000000 0.593419
v -0.033433 -0.000045 0.600891
v -0.034869 -0.000000 0.593969
v -0.034801 -0.000000 0.594518
v -0.033448 -0.000000 0.600846
v -0.033292 -0.000000 0.601356
v -0.031213 -0.000080 0.606619
v -0.033128 -0.000000 0.601863
v -0.032958 -0.000000 0.602368
v -0.031255 -0.000000 0.606537
v -0.031009 -0.000000 0.607044
v -0.027187 -0.000131 0.613276
v -0.030756 -0.000000 0.607547
v -0.030496 -0.000000 0.608047
v -0.027522 -0.000000 0.612825
v -0.027188 -0.000000 0.613278
v -0.020655 -0.000196 0.620146
v -0.026848 -0.000000 0.613727
v -0.026501 -0.000000 0.614171
v -0.021079 -0.000000 0.619793
v -0.020658 -0.000000 0.620147
v -0.012724 -0.000258 0.625269
v -0.020231 -0.000000 0.620496
v -0.019800 -0.000000 0.620838
v -0.012817 -0.000000 0.625227
v -0.012332 -0.000000 0.625461
v -0.003997 -0.000310 0.628349
v -0.011845 -0.000000 0.625690
v -0.011354 -0.000000 0.625911
v -0.004083 -0.000000 0.628333
v -0.003534 -0.000000 0.628454
v 0.004865 -0.000349 0.629342
v -0.002984 -0.000000 0.628568
v -0.002433 -0.000000 0.628675
v -0.035026 -0.000000 0.592317
v -0.035064 -0.000000 0.591765
v -0.035093 -0.000000 0.591208
v -0.035115 0.000000 0.590651
v -0.033598 -0.000000 0.600334
v -0.033741 -0.000000 0.599821
v -0.033877 -0.000000 0.599305
v -0.034007 -0.000000 0.598788
v -0.034129 -0.000000 0.598269
v -0.034245 -0.000000 0.597748
v -0.034353 -0.000000 0.597226
v -0.034454 -0.000000 0.596703
v -0.034553 -0.000000 0.596158
v -0.034643 -0.000000 0.595613
v -0.034726 -0.000000 0.595066
v -0.031493 -0.000000 0.606027
v -0.031724 -0.000000 0.605513
v -0.031948 -0.000000 0.604996
v -0.032165 -0.000000 0.604477
v -0.032374 -0.000000 0.603954
v -0.032576 -0.000000 0.603428
v -0.032771 -0.000000 0.602900
v -0.027849 -0.000000 0.612366
v -0.028170 -0.000000 0.611904
v -0.028484 -0.000000 0.611436
v -0.028792 -0.000000 0.610964
v -0.029093 -0.000000 0.610488
v -0.029388 -0.000000 0.610008
v -0.029675 -0.000000 0.609524
v -0.029956 -0.000000 0.609035
v -0.030230 -0.000000 0.608543
v -0.021496 -0.000000 0.619433
v -0.021908 -0.000000 0.619067
v -0.022315 -0.000000 0.618696
v -0.022716 -0.000000 0.618319
v -0.023112 -0.000000 0.617936
v -0.023512 -0.000000 0.617540
v -0.023906 -0.000000 0.617137
v -0.024295 -0.000000 0.616729
v -0.024677 -0.000000 0.616316
v -0.025054 -0.000000 0.615898
v -0.025425 -0.000000 0.615474
v -0.025790 -0.000000 0.615045
v -0.026149 -0.000000 0.614611
v -0.013309 -0.000000 0.624980
v -0.013798 -0.000000 0.624726
v -0.014284 -0.000000 0.624466
v -0.014765 -0.000000 0.624199
v -0.015243 -0.000000 0.623926
v -0.015718 -0.000000 0.623645
v -0.016188 -0.000000 0.623359
v -0.016654 -0.000000 0.623066
v -0.017117 -0.000000 0.622766
v -0.017575 -0.000000 0.622460
v -0.018029 -0.000000 0.622148
v -0.018478 -0.000000 0.621830
v -0.018923 -0.000000 0.621505
v -0.019364 -0.000000 0.621175
v -0.004629 -0.000000 0.628203
v -0.005174 -0.000000 0.628066
v -0.005717 -0.000000 0.627921
v -0.006257 -0.000000 0.627769
v -0.006796 -0.000000 0.627609
v -0.007332 -0.000000 0.627442
v -0.007843 -0.000000 0.627274
v -0.008352 -0.000000 0.627100
v -0.008859 -0.000000 0.626919
v -0.009364 -0.000000 0.626731
v -0.009865 -0.000000 0.626536
v -0.010364 -0.000000 0.626334
v -0.010861 -0.000000 0.626126
v 0.004862 0.000000 0.629345
v 0.004345 0.000000 0.629342
v 0.003829 0.000000 0.629332
v 0.003313 0.000000 0.629315
v 0.002797 0.000000 0.629292
v 0.002282 -0.000000 0.629262
v 0.001767 -0.000000 0.629226
v 0.001253 -0.000000 0.629182
v 0.000739 -0.000000 0.629132
v 0.000226 -0.000000 0.629076
v -0.000302 -0.000000 0.629011
v -0.000829 -0.000000 0.628939
v -0.001355 -0.000000 0.628859
v -0.001880 -0.000000 0.628773
v 0.088580 0.079663 0.667061
v 0.098861 0.084913 0.709979
v 0.099252 0.080057 0.719107
v 0.104898 0.084913 0.745318
v 0.105719 0.081424 0.756660
v 0.107086 0.083744 0.763707
v 0.086688 0.077423 0.667445
v 0.084264 0.075858 0.667937
v 0.095489 0.076264 0.719798
v 0.088976 0.075000 0.711530
v 0.091728 0.075000 0.726366
v 0.097140 0.075810 0.734678
v 0.099605 0.076739 0.739393
v 0.101394 0.077678 0.743367
v 0.103703 0.079327 0.749541
v 0.107367 0.084913 0.765725
v 0.107360 0.084798 0.765669
v 0.107340 0.084634 0.765519
v 0.107292 0.084386 0.765152
v 0.095552 0.075404 0.731990
v 0.093769 0.075116 0.729235
v 0.089722 0.082276 0.666829
v 0.090092 0.084913 0.666754
v 0.080293 0.075000 0.668744
v 0.102566 0.077754 0.747992
v 0.103703 0.079327 0.749541
v 0.104854 0.079547 0.754524
v 0.105719 0.081424 0.756660
v 0.105717 0.080522 0.757528
v 0.107086 0.083744 0.763707
v 0.107068 0.083308 0.763779
v 0.107292 0.084386 0.765152
v 0.107296 0.084169 0.765243
v 0.107340 0.084634 0.765519
v 0.107338 0.084415 0.765536
v 0.107364 0.084633 0.765723
v 0.099282 0.074582 0.741689
v 0.095686 0.073000 0.735973
v 0.096657 0.074290 0.737103
v 0.092893 0.073000 0.732129
v 0.093223 0.073878 0.731962
v 0.089667 0.073000 0.728304
v 0.090466 0.074450 0.727553
v 0.099605 0.076739 0.739393
v 0.097077 0.075346 0.736565
v 0.097140 0.075810 0.734678
v 0.093839 0.074781 0.731340
v 0.095552 0.075404 0.731990
v 0.093769 0.075116 0.729235
v 0.099967 0.076353 0.742055
v 0.099765 0.075204 0.742523
v 0.101981 0.076402 0.747028
v 0.101394 0.077678 0.743367
v 0.107360 0.084798 0.765669
v 0.107367 0.084913 0.765725
v 0.107367 0.084817 0.765738
v 0.104200 0.078515 0.752587
v 0.091728 0.075000 0.726366
v 0.095686 0.073000 0.735973
v 0.099282 0.074582 0.741689
v 0.100848 0.072000 0.744643
v 0.101981 0.076402 0.747028
v 0.104670 0.072000 0.753981
v 0.104200 0.078515 0.752587
v 0.107068 0.072000 0.763782
v 0.105717 0.080522 0.757528
v 0.107068 0.083308 0.763779
v 0.107068 0.073000 0.763782
v 0.107296 0.084169 0.765243
v 0.107338 0.084415 0.765536
v 0.107364 0.084633 0.765723
v 0.095686 0.072000 0.735973
v 0.107068 0.072000 0.763782
v 0.107068 0.073000 0.763782
v 0.107565 0.072000 0.768963
v 0.107565 0.073000 0.768963
v -0.004655 0.073000 0.826063
v -0.003607 0.091000 0.827165
v -0.013528 0.073000 0.816668
v -0.012947 0.091000 0.817655
v -0.020458 0.073000 0.805762
v -0.020251 0.091000 0.806506
v -0.025194 0.073000 0.793740
v -0.025240 0.091000 0.794147
v -0.027565 0.073000 0.781037
v -0.027722 0.091000 0.781051
v 0.043022 0.073000 0.842767
v 0.046051 0.091000 0.842721
v 0.030117 0.073000 0.842110
v 0.032723 0.091000 0.842601
v 0.017570 0.073000 0.839019
v 0.019675 0.091000 0.839882
v 0.005838 0.073000 0.833604
v 0.007407 0.091000 0.834670
v 0.089023 0.073000 0.821886
v 0.092165 0.091000 0.818607
v 0.079243 0.073000 0.830331
v 0.082655 0.091000 0.827946
v 0.068039 0.073000 0.836768
v 0.071507 0.091000 0.835251
v 0.055817 0.073000 0.840964
v 0.059147 0.091000 0.840240
v 0.099670 0.091000 0.807593
v 0.097024 0.073000 0.811739
v 0.104882 0.091000 0.795325
v 0.102956 0.073000 0.800259
v 0.106603 0.073000 0.787863
v 0.107721 0.091000 0.768949
v 0.107601 0.091000 0.782277
v 0.107834 0.073000 0.775000
v 0.107565 0.073000 0.768963
v -0.036384 0.091000 0.576836
v -0.036436 0.091000 0.575748
v -0.036601 0.091000 0.571252
v -0.036742 0.091000 0.567901
v -0.036829 0.091000 0.565700
v -0.036903 0.091000 0.564023
v -0.037070 0.091000 0.560178
v -0.036150 0.091000 0.583664
v 0.083327 0.091000 0.507799
v 0.083958 0.091000 0.504634
v 0.083874 0.091000 0.505108
v 0.084454 0.091000 0.502222
v 0.084555 0.091000 0.501800
v 0.094290 0.091000 0.461949
v 0.093392 0.091000 0.465344
v 0.093190 0.091000 0.466049
v 0.092431 0.091000 0.468966
v 0.092461 0.091000 0.468798
v 0.091789 0.091000 0.471415
v 0.091744 0.091000 0.471534
v 0.091153 0.091000 0.473865
v 0.091137 0.091000 0.473873
v 0.090316 0.091000 0.477135
v 0.090540 0.091000 0.476201
v 0.097920 0.091000 0.448752
v 0.096463 0.091000 0.454028
v 0.096479 0.091000 0.453923
v 0.095410 0.091000 0.457876
v 0.095431 0.091000 0.457745
v 0.094365 0.091000 0.461724
v -0.035410 0.091000 0.606989
v -0.035596 0.091000 0.600732
v -0.035573 0.091000 0.601090
v -0.035793 0.091000 0.594404
v -0.035799 0.091000 0.593784
v -0.037872 0.091000 0.543445
v -0.037701 0.091000 0.546792
v -0.037870 0.091000 0.543493
v -0.038079 0.091000 0.539516
v -0.038149 0.091000 0.538131
v 0.122173 0.091000 0.337342
v 0.121938 0.091000 0.339847
v 0.121968 0.091000 0.339454
v 0.122164 0.091000 0.337342
v 0.122291 0.091000 0.335875
v 0.107730 0.091000 0.768948
v 0.107609 0.091000 0.782278
v 0.107601 0.091000 0.782277
v 0.107721 0.091000 0.768949
v 0.107459 0.091000 0.766125
v 0.107462 0.091000 0.766060
v -0.027730 0.091000 0.781052
v -0.028195 0.091000 0.775719
v -0.028092 0.091000 0.776820
v -0.027722 0.091000 0.781051
v -0.025248 0.091000 0.794149
v -0.040334 0.091000 0.500545
v -0.039766 0.091000 0.509945
v -0.040270 0.091000 0.501809
v -0.040643 0.091000 0.495642
v -0.040973 0.091000 0.490160
v -0.041133 0.091000 0.487301
v -0.041521 0.091000 0.480751
v -0.041379 0.091000 0.483343
v -0.041719 0.091000 0.477528
v -0.041885 0.091000 0.474638
v -0.041928 0.091000 0.473713
v -0.042049 0.091000 0.471754
v -0.042195 0.091000 0.469152
v -0.042274 0.091000 0.467535
v -0.042606 0.091000 0.461408
v -0.042528 0.091000 0.463078
v -0.042712 0.091000 0.459606
v -0.042891 0.091000 0.456134
v -0.042902 0.091000 0.455701
v -0.043398 0.091000 0.445432
v -0.043182 0.091000 0.450039
v -0.043368 0.091000 0.446325
v -0.043459 0.091000 0.444329
v -0.043545 0.091000 0.442418
v -0.043602 0.091000 0.440858
v -0.043879 0.091000 0.434159
v -0.043744 0.091000 0.437498
v -0.043774 0.091000 0.437032
v -0.043913 0.091000 0.433558
v -0.043979 0.091000 0.431821
v -0.044044 0.091000 0.430083
v -0.044046 0.091000 0.429743
v -0.044458 0.091000 0.416745
v -0.044338 0.091000 0.420959
v -0.044387 0.091000 0.419657
v -0.044474 0.091000 0.416529
v -0.044514 0.091000 0.414965
v -0.044553 0.091000 0.413401
v -0.044563 0.091000 0.412569
v -0.044607 0.091000 0.411055
v -0.044656 0.091000 0.408709
v -0.044652 0.091000 0.408430
v -0.044785 0.091000 0.400225
v -0.044726 0.091000 0.404308
v -0.044779 0.091000 0.401409
v -0.044811 0.091000 0.398802
v -0.044836 0.091000 0.396195
v -0.044827 0.091000 0.396109
v -0.044862 0.091000 0.388616
v -0.044852 0.091000 0.392345
v -0.044867 0.091000 0.390981
v -0.044871 0.091000 0.388374
v -0.044871 0.091000 0.387003
v -0.044868 0.091000 0.385633
v -0.044857 0.091000 0.384921
v -0.044862 0.091000 0.383805
v -0.044852 0.091000 0.381977
v -0.044838 0.091000 0.381236
v -0.044838 0.091000 0.380150
v -0.044818 0.091000 0.378094
v -0.044803 0.091000 0.377584
v -0.044793 0.091000 0.376038
v -0.044763 0.091000 0.373982
v -0.044753 0.091000 0.373894
v -0.044728 0.091000 0.371926
v -0.044682 0.091000 0.369577
v -0.044667 0.091000 0.369306
v -0.044629 0.091000 0.367228
v -0.044569 0.091000 0.364879
v -0.044557 0.091000 0.364771
v -0.042029 0.091000 0.321192
v -0.042164 0.091000 0.322658
v -0.042173 0.091000 0.322658
v -0.042352 0.091000 0.324706
v -0.037174 0.091000 0.557856
v -0.037280 0.091000 0.555539
v -0.037258 0.091000 0.555978
v -0.037356 0.091000 0.553872
v -0.037471 0.091000 0.551505
v -0.037535 0.091000 0.550139
v -0.037668 0.091000 0.547488
v -0.038293 0.091000 0.535546
v -0.038436 0.091000 0.532837
v -0.038513 0.091000 0.531569
v -0.038665 0.091000 0.528867
v -0.038745 0.091000 0.527309
v -0.038820 0.091000 0.526155
v -0.039012 0.091000 0.522847
v -0.039062 0.091000 0.521805
v -0.039206 0.091000 0.519529
v -0.039482 0.091000 0.514674
v -0.039588 0.091000 0.513112
v -0.039899 0.091000 0.507942
v -0.042339 0.091000 0.466549
v -0.043086 0.091000 0.452228
v -0.043275 0.091000 0.448322
v -0.043628 0.091000 0.440506
v -0.044137 0.091000 0.427477
v -0.044198 0.091000 0.425366
v -0.044225 0.091000 0.424871
v -0.044308 0.091000 0.422264
v -0.044701 0.091000 0.406362
v -0.044741 0.091000 0.404016
v -0.044855 0.091000 0.393588
v -0.044502 0.091000 0.362530
v -0.044423 0.091000 0.360286
v -0.044428 0.091000 0.360181
v -0.044347 0.091000 0.357833
v -0.044262 0.091000 0.355822
v -0.044258 0.091000 0.355485
v -0.044162 0.091000 0.353137
v -0.044077 0.091000 0.351398
v -0.044058 0.091000 0.350790
v -0.043974 0.091000 0.349199
v -0.043946 0.091000 0.348443
v -0.043862 0.091000 0.346941
v -0.043826 0.091000 0.346096
v -0.043764 0.091000 0.344923
v -0.043692 0.091000 0.343777
v -0.043699 0.091000 0.343750
v -0.043609 0.091000 0.342186
v -0.043509 0.091000 0.340644
v -0.043516 0.091000 0.340622
v -0.043419 0.091000 0.339059
v -0.043310 0.091000 0.337499
v -0.043287 0.091000 0.337007
v -0.043148 0.091000 0.334955
v -0.043093 0.091000 0.334305
v -0.043002 0.091000 0.332904
v -0.042880 0.091000 0.331376
v -0.042849 0.091000 0.330854
v -0.042691 0.091000 0.328804
v -0.042655 0.091000 0.328468
v -0.042525 0.091000 0.326755
v -0.042416 0.091000 0.325552
v -0.042017 0.091000 0.321168
v -0.041858 0.091000 0.319729
v -0.041843 0.091000 0.319680
v -0.041662 0.091000 0.318270
v -0.041642 0.091000 0.318195
v -0.041439 0.091000 0.316814
v -0.041414 0.091000 0.316715
v -0.041191 0.091000 0.315363
v -0.041160 0.091000 0.315238
v -0.040917 0.091000 0.313916
v -0.040878 0.091000 0.313767
v -0.040617 0.091000 0.312474
v -0.040570 0.091000 0.312301
v -0.040291 0.091000 0.311038
v -0.040236 0.091000 0.310841
v -0.039940 0.091000 0.309608
v -0.039874 0.091000 0.309387
v -0.039563 0.091000 0.308184
v -0.039487 0.091000 0.307940
v -0.039161 0.091000 0.306768
v -0.039073 0.091000 0.306501
v -0.038734 0.091000 0.305358
v -0.038634 0.091000 0.305069
v -0.038281 0.091000 0.303957
v -0.038168 0.091000 0.303645
v -0.037804 0.091000 0.302564
v -0.037676 0.091000 0.302230
v -0.037302 0.091000 0.301180
v -0.037159 0.091000 0.300824
v -0.036775 0.091000 0.299804
v -0.036617 0.091000 0.299428
v -0.036224 0.091000 0.298439
v -0.036049 0.091000 0.298041
v -0.035648 0.091000 0.297083
v -0.035456 0.091000 0.296666
v -0.035049 0.091000 0.295738
v -0.034838 0.091000 0.295301
v -0.034425 0.091000 0.294404
v -0.034196 0.091000 0.293948
v -0.033778 0.091000 0.293082
v -0.033529 0.091000 0.292606
v -0.033107 0.091000 0.291771
v -0.032838 0.091000 0.291277
v -0.032413 0.091000 0.290472
v -0.032123 0.091000 0.289961
v -0.031696 0.091000 0.289185
v -0.031384 0.091000 0.288658
v -0.030956 0.091000 0.287912
v -0.030621 0.091000 0.287369
v -0.030194 0.091000 0.286652
v -0.029836 0.091000 0.286093
v -0.029409 0.091000 0.285406
v -0.029027 0.091000 0.284833
v -0.028602 0.091000 0.284175
v -0.028195 0.091000 0.283587
v -0.027773 0.091000 0.282957
v -0.027341 0.091000 0.282356
v -0.026923 0.091000 0.281755
v -0.026465 0.091000 0.281141
v -0.026051 0.091000 0.280568
v -0.025567 0.091000 0.279942
v -0.025158 0.091000 0.279397
v -0.024647 0.091000 0.278760
v -0.024245 0.091000 0.278242
v -0.023706 0.091000 0.277594
v -0.023311 0.091000 0.277104
v -0.022744 0.091000 0.276446
v -0.022356 0.091000 0.275982
v -0.021761 0.091000 0.275316
v -0.021382 0.091000 0.274878
v -0.020758 0.091000 0.274203
v -0.020389 0.091000 0.273791
v -0.019735 0.091000 0.273109
v -0.019376 0.091000 0.272722
v -0.018692 0.091000 0.272034
v -0.018344 0.091000 0.271671
v -0.017630 0.091000 0.270978
v -0.017294 0.091000 0.270639
v -0.016548 0.091000 0.269941
v -0.016225 0.091000 0.269626
v -0.015448 0.091000 0.268924
v -0.015138 0.091000 0.268632
v -0.014330 0.091000 0.267927
v -0.014034 0.091000 0.267658
v -0.013194 0.091000 0.266951
v -0.012913 0.091000 0.266703
v -0.012040 0.091000 0.265995
v -0.011775 0.091000 0.265769
v -0.010870 0.091000 0.265061
v -0.010620 0.091000 0.264855
v -0.009682 0.091000 0.264148
v -0.009449 0.091000 0.263962
v -0.008478 0.091000 0.263257
v -0.008263 0.091000 0.263090
v -0.007258 0.091000 0.262387
v -0.007061 0.091000 0.262239
v -0.006023 0.091000 0.261540
v -0.005844 0.091000 0.261410
v -0.004772 0.091000 0.260716
v -0.004612 0.091000 0.260603
v -0.003506 0.091000 0.259914
v -0.003366 0.091000 0.259817
v -0.002227 0.091000 0.259136
v -0.002107 0.091000 0.259054
v -0.000933 0.091000 0.258381
v -0.000834 0.091000 0.258314
v 0.000374 0.091000 0.257649
v 0.000452 0.091000 0.257597
v 0.001695 0.091000 0.256942
v 0.001751 0.091000 0.256903
v 0.003028 0.091000 0.256258
v 0.003062 0.091000 0.256232
v 0.004373 0.091000 0.255599
v 0.004385 0.091000 0.255584
v 0.005730 0.091000 0.254964
v 0.005718 0.091000 0.254960
v 0.007063 0.091000 0.254360
v 0.007098 0.091000 0.254354
v 0.008419 0.091000 0.253784
v 0.008477 0.091000 0.253769
v 0.009784 0.091000 0.253233
v 0.009866 0.091000 0.253210
v 0.011159 0.091000 0.252706
v 0.011266 0.091000 0.252675
v 0.012543 0.091000 0.252203
v 0.012675 0.091000 0.252166
v 0.013936 0.091000 0.251726
v 0.014093 0.091000 0.251683
v 0.015338 0.091000 0.251273
v 0.015519 0.091000 0.251225
v 0.016747 0.091000 0.250845
v 0.016953 0.091000 0.250794
v 0.018163 0.091000 0.250443
v 0.018395 0.091000 0.250388
v 0.019587 0.091000 0.250066
v 0.019845 0.091000 0.250009
v 0.021017 0.091000 0.249714
v 0.021300 0.091000 0.249656
v 0.022453 0.091000 0.249388
v 0.022762 0.091000 0.249330
v 0.023895 0.091000 0.249088
v 0.024230 0.091000 0.249030
v 0.025341 0.091000 0.248813
v 0.025703 0.091000 0.248757
v 0.026793 0.091000 0.248564
v 0.027181 0.091000 0.248511
v 0.028248 0.091000 0.248342
v 0.028663 0.091000 0.248292
v 0.029708 0.091000 0.248145
v 0.030148 0.091000 0.248099
v 0.031170 0.091000 0.247974
v 0.031637 0.091000 0.247934
v 0.032636 0.091000 0.247829
v 0.033128 0.091000 0.247795
v 0.034104 0.091000 0.247711
v 0.034622 0.091000 0.247684
v 0.035573 0.091000 0.247619
v 0.036118 0.091000 0.247600
v 0.037044 0.091000 0.247553
v 0.037615 0.091000 0.247543
v 0.038517 0.091000 0.247513
v 0.039113 0.091000 0.247514
v 0.040610 0.091000 0.247511
v 0.039989 0.091000 0.247500
v 0.059149 0.091000 0.840248
v 0.046052 0.091000 0.842730
v 0.046051 0.091000 0.842721
v 0.059147 0.091000 0.840240
v 0.071510 0.091000 0.835258
v 0.071507 0.091000 0.835251
v 0.082661 0.091000 0.827953
v 0.082655 0.091000 0.827946
v 0.092172 0.091000 0.818613
v 0.092165 0.091000 0.818607
v 0.099678 0.091000 0.807597
v 0.099670 0.091000 0.807593
v 0.104890 0.091000 0.795328
v 0.104882 0.091000 0.795325
v 0.107173 0.091000 0.763268
v 0.107172 0.091000 0.763174
v 0.106864 0.091000 0.760380
v 0.106863 0.091000 0.760290
v 0.106541 0.091000 0.757537
v 0.106535 0.091000 0.757408
v 0.106197 0.091000 0.754669
v 0.106188 0.091000 0.754529
v 0.105963 0.091000 0.752730
v 0.105831 0.091000 0.751777
v 0.105730 0.091000 0.750932
v 0.105437 0.091000 0.748804
v 0.105245 0.091000 0.747339
v 0.105056 0.091000 0.746051
v 0.104735 0.091000 0.743750
v 0.104674 0.091000 0.743396
v 0.104276 0.091000 0.740714
v 0.104254 0.091000 0.740512
v 0.103779 0.091000 0.737490
v 0.103754 0.091000 0.737277
v 0.103298 0.091000 0.734476
v 0.103237 0.091000 0.734044
v 0.102820 0.091000 0.731563
v 0.102704 0.091000 0.730814
v 0.102340 0.091000 0.728662
v 0.102326 0.091000 0.728634
v 0.101969 0.091000 0.726510
v 0.101671 0.091000 0.724862
v 0.101208 0.091000 0.722211
v 0.101036 0.091000 0.721311
v 0.100465 0.091000 0.718130
v 0.100382 0.091000 0.717733
v 0.099890 0.091000 0.715097
v 0.099703 0.091000 0.714053
v 0.099388 0.091000 0.712448
v 0.098925 0.091000 0.709979
v 0.098358 0.091000 0.707114
v 0.098331 0.091000 0.706925
v 0.097731 0.091000 0.703873
v 0.097474 0.091000 0.702632
v 0.096916 0.091000 0.699786
v 0.096625 0.091000 0.698388
v 0.096093 0.091000 0.695701
v 0.095791 0.091000 0.694267
v 0.094983 0.091000 0.690257
v 0.094948 0.091000 0.690135
v 0.094239 0.091000 0.686630
v 0.093301 0.091000 0.682126
v 0.092745 0.091000 0.679377
v 0.091873 0.091000 0.675196
v 0.091414 0.091000 0.672907
v 0.090752 0.091000 0.669671
v 0.090568 0.091000 0.668826
v 0.089766 0.091000 0.664817
v 0.089538 0.091000 0.663749
v 0.089033 0.091000 0.661174
v 0.088635 0.091000 0.659235
v 0.088309 0.091000 0.657531
v 0.087776 0.091000 0.654883
v 0.087240 0.091000 0.652062
v 0.086990 0.091000 0.650828
v 0.086715 0.091000 0.649326
v 0.086308 0.091000 0.647244
v 0.086197 0.091000 0.646588
v 0.085644 0.091000 0.643685
v 0.085435 0.091000 0.642479
v 0.085023 0.091000 0.640283
v 0.084692 0.091000 0.638366
v 0.084422 0.091000 0.636906
v 0.083971 0.091000 0.634248
v 0.083684 0.091000 0.632637
v 0.083274 0.091000 0.630126
v 0.083021 0.091000 0.628665
v 0.082934 0.091000 0.628055
v 0.082600 0.091000 0.625982
v 0.082391 0.091000 0.624732
v 0.082167 0.091000 0.623216
v 0.081807 0.091000 0.620926
v 0.081747 0.091000 0.620448
v 0.081523 0.091000 0.619006
v 0.081341 0.091000 0.617677
v 0.081247 0.091000 0.617098
v 0.080989 0.091000 0.615265
v 0.080902 0.091000 0.614557
v 0.080706 0.091000 0.613197
v 0.080483 0.091000 0.611433
v 0.080258 0.091000 0.609777
v 0.080084 0.091000 0.608306
v 0.079840 0.091000 0.606394
v 0.079707 0.091000 0.605177
v 0.079453 0.091000 0.603048
v 0.079340 0.091000 0.601928
v 0.079105 0.091000 0.599820
v 0.078999 0.091000 0.598677
v 0.078837 0.091000 0.597036
v 0.078787 0.091000 0.596628
v 0.078682 0.091000 0.595395
v 0.078536 0.091000 0.593781
v 0.078499 0.091000 0.593473
v 0.078398 0.091000 0.592167
v 0.078287 0.091000 0.590929
v 0.078181 0.091000 0.589453
v 0.078111 0.091000 0.588638
v 0.077986 0.091000 0.586737
v 0.077951 0.091000 0.586367
v 0.077820 0.091000 0.584317
v 0.077812 0.091000 0.584020
v 0.077686 0.091000 0.581984
v 0.077660 0.091000 0.581302
v 0.077570 0.091000 0.579674
v 0.077531 0.091000 0.578584
v 0.077481 0.091000 0.577618
v 0.077425 0.091000 0.575864
v 0.077406 0.091000 0.575577
v 0.077379 0.091000 0.574423
v 0.077340 0.091000 0.573367
v 0.077339 0.091000 0.572980
v 0.077291 0.091000 0.571174
v 0.077297 0.091000 0.571055
v 0.077268 0.091000 0.569127
v 0.077252 0.091000 0.568458
v 0.077252 0.091000 0.567196
v 0.077240 0.091000 0.565779
v 0.077250 0.091000 0.564878
v 0.077253 0.091000 0.563136
v 0.077267 0.091000 0.562562
v 0.077282 0.091000 0.560996
v 0.077305 0.091000 0.560248
v 0.077324 0.091000 0.559021
v 0.077362 0.091000 0.557938
v 0.077381 0.091000 0.557047
v 0.077441 0.091000 0.555631
v 0.077449 0.091000 0.555196
v 0.077537 0.091000 0.553180
v 0.077556 0.091000 0.552991
v 0.077642 0.091000 0.551173
v 0.077698 0.091000 0.550353
v 0.077757 0.091000 0.549253
v 0.077867 0.091000 0.547717
v 0.077886 0.091000 0.547322
v 0.078038 0.091000 0.545285
v 0.078063 0.091000 0.545083
v 0.078207 0.091000 0.543232
v 0.078284 0.091000 0.542450
v 0.078384 0.091000 0.541262
v 0.078531 0.091000 0.539819
v 0.078576 0.091000 0.539280
v 0.078785 0.091000 0.537361
v 0.078795 0.091000 0.537184
v 0.079031 0.091000 0.535072
v 0.079060 0.091000 0.534905
v 0.079280 0.091000 0.532977
v 0.079355 0.091000 0.532450
v 0.079546 0.091000 0.530860
v 0.079669 0.091000 0.529997
v 0.079839 0.091000 0.528658
v 0.080003 0.091000 0.527547
v 0.080144 0.091000 0.526476
v 0.080220 0.091000 0.526027
v 0.080443 0.091000 0.524508
v 0.080468 0.091000 0.524272
v 0.080677 0.091000 0.522970
v 0.080810 0.091000 0.522045
v 0.080917 0.091000 0.521434
v 0.081257 0.091000 0.519266
v 0.081414 0.091000 0.518385
v 0.081732 0.091000 0.516452
v 0.081793 0.091000 0.516167
v 0.082184 0.091000 0.513951
v 0.082236 0.091000 0.513602
v 0.082589 0.091000 0.511737
v 0.082767 0.091000 0.510717
v 0.082900 0.091000 0.510078
v 0.083218 0.091000 0.508421
v 0.084968 0.091000 0.499792
v 0.085259 0.091000 0.498497
v 0.085498 0.091000 0.497344
v 0.085665 0.091000 0.496641
v 0.085906 0.091000 0.495497
v 0.086078 0.091000 0.494786
v 0.086323 0.091000 0.493640
v 0.086923 0.091000 0.491081
v 0.087184 0.091000 0.489901
v 0.087792 0.091000 0.487381
v 0.088079 0.091000 0.486126
v 0.088683 0.091000 0.483688
v 0.088887 0.091000 0.482799
v 0.089492 0.091000 0.480409
v 0.089702 0.091000 0.479515
v 0.098604 0.091000 0.446237
v 0.098895 0.091000 0.445234
v 0.100221 0.091000 0.440417
v 0.100851 0.091000 0.438197
v 0.101837 0.091000 0.434598
v 0.102802 0.091000 0.431157
v 0.103274 0.091000 0.429401
v 0.103771 0.091000 0.427638
v 0.104712 0.091000 0.424155
v 0.105213 0.091000 0.422357
v 0.105761 0.091000 0.420290
v 0.106556 0.091000 0.417374
v 0.106800 0.091000 0.416416
v 0.107877 0.091000 0.412389
v 0.107828 0.091000 0.412531
v 0.108528 0.091000 0.409895
v 0.108826 0.091000 0.408704
v 0.109173 0.091000 0.407400
v 0.109900 0.091000 0.404504
v 0.110276 0.091000 0.403054
v 0.110836 0.091000 0.400811
v 0.110926 0.091000 0.400404
v 0.111388 0.091000 0.398565
v 0.111900 0.091000 0.396455
v 0.111918 0.091000 0.396340
v 0.112402 0.091000 0.394312
v 0.112405 0.091000 0.394344
v 0.112877 0.091000 0.392297
v 0.113224 0.091000 0.390851
v 0.113495 0.091000 0.389628
v 0.114021 0.091000 0.387354
v 0.114095 0.091000 0.386982
v 0.114676 0.091000 0.384358
v 0.114796 0.091000 0.383851
v 0.115432 0.091000 0.380840
v 0.115546 0.091000 0.380343
v 0.115912 0.091000 0.378587
v 0.116142 0.091000 0.377422
v 0.116271 0.091000 0.376830
v 0.116818 0.091000 0.374038
v 0.116855 0.091000 0.373898
v 0.117145 0.091000 0.372350
v 0.117418 0.091000 0.370962
v 0.117464 0.091000 0.370670
v 0.117774 0.091000 0.368999
v 0.117961 0.091000 0.368023
v 0.118075 0.091000 0.367337
v 0.118368 0.091000 0.365684
v 0.118483 0.091000 0.365079
v 0.118652 0.091000 0.364040
v 0.118982 0.091000 0.362132
v 0.119051 0.091000 0.361661
v 0.119429 0.091000 0.359306
v 0.119458 0.091000 0.359181
v 0.119699 0.091000 0.357628
v 0.119771 0.091000 0.357094
v 0.119933 0.091000 0.356073
v 0.120108 0.091000 0.354817
v 0.120234 0.091000 0.353999
v 0.120428 0.091000 0.352550
v 0.120523 0.091000 0.351923
v 0.120732 0.091000 0.350292
v 0.120799 0.091000 0.349844
v 0.121013 0.091000 0.348091
v 0.121113 0.091000 0.347348
v 0.121277 0.091000 0.345906
v 0.121408 0.091000 0.344850
v 0.121524 0.091000 0.343737
v 0.121683 0.091000 0.342349
v 0.121754 0.091000 0.341587
v 0.122284 0.091000 0.335849
v 0.122382 0.091000 0.334405
v 0.122376 0.091000 0.334353
v 0.122448 0.091000 0.332934
v 0.122442 0.091000 0.332857
v 0.122487 0.091000 0.331462
v 0.122480 0.091000 0.331359
v 0.122500 0.091000 0.329989
v 0.122491 0.091000 0.329861
v 0.122487 0.091000 0.328517
v 0.122475 0.091000 0.328364
v 0.122447 0.091000 0.327045
v 0.122432 0.091000 0.326866
v 0.122381 0.091000 0.325573
v 0.122361 0.091000 0.325370
v 0.122289 0.091000 0.324104
v 0.122264 0.091000 0.323875
v 0.122171 0.091000 0.322636
v 0.122139 0.091000 0.322382
v 0.122026 0.091000 0.321170
v 0.121987 0.091000 0.320892
v 0.121855 0.091000 0.319708
v 0.121808 0.091000 0.319405
v 0.121658 0.091000 0.318248
v 0.121602 0.091000 0.317921
v 0.121436 0.091000 0.316793
v 0.121369 0.091000 0.316441
v 0.121187 0.091000 0.315341
v 0.121110 0.091000 0.314966
v 0.120912 0.091000 0.313894
v 0.120823 0.091000 0.313496
v 0.120612 0.091000 0.312453
v 0.120510 0.091000 0.312031
v 0.120286 0.091000 0.311017
v 0.120171 0.091000 0.310572
v 0.119934 0.091000 0.309587
v 0.119805 0.091000 0.309119
v 0.119557 0.091000 0.308163
v 0.119412 0.091000 0.307673
v 0.119155 0.091000 0.306747
v 0.118994 0.091000 0.306235
v 0.118727 0.091000 0.305338
v 0.118549 0.091000 0.304805
v 0.118274 0.091000 0.303936
v 0.118079 0.091000 0.303382
v 0.117797 0.091000 0.302543
v 0.117583 0.091000 0.301969
v 0.117294 0.091000 0.301159
v 0.117061 0.091000 0.300565
v 0.116767 0.091000 0.299784
v 0.116514 0.091000 0.299170
v 0.116216 0.091000 0.298419
v 0.115941 0.091000 0.297786
v 0.115640 0.091000 0.297063
v 0.115344 0.091000 0.296412
v 0.115040 0.091000 0.295718
v 0.114721 0.091000 0.295050
v 0.114416 0.091000 0.294385
v 0.114075 0.091000 0.293699
v 0.113768 0.091000 0.293062
v 0.113403 0.091000 0.292360
v 0.113097 0.091000 0.291751
v 0.112708 0.091000 0.291033
v 0.112403 0.091000 0.290452
v 0.111988 0.091000 0.289719
v 0.111686 0.091000 0.289166
v 0.111245 0.091000 0.288419
v 0.110946 0.091000 0.287893
v 0.110478 0.091000 0.287132
v 0.110183 0.091000 0.286634
v 0.109688 0.091000 0.285859
v 0.109397 0.091000 0.285388
v 0.108875 0.091000 0.284601
v 0.108590 0.091000 0.284156
v 0.108039 0.091000 0.283358
v 0.107761 0.091000 0.282939
v 0.107181 0.091000 0.282130
v 0.106910 0.091000 0.281737
v 0.106301 0.091000 0.280918
v 0.106038 0.091000 0.280551
v 0.105398 0.091000 0.279722
v 0.105145 0.091000 0.279380
v 0.104475 0.091000 0.278543
v 0.104231 0.091000 0.278225
v 0.103530 0.091000 0.277381
v 0.103297 0.091000 0.277087
v 0.102564 0.091000 0.276236
v 0.102342 0.091000 0.275966
v 0.101577 0.091000 0.275108
v 0.101368 0.091000 0.274862
v 0.100570 0.091000 0.273999
v 0.100374 0.091000 0.273775
v 0.099543 0.091000 0.272909
v 0.099361 0.091000 0.272706
v 0.098497 0.091000 0.271837
v 0.098329 0.091000 0.271656
v 0.097431 0.091000 0.270784
v 0.097278 0.091000 0.270624
v 0.096346 0.091000 0.269751
v 0.096209 0.091000 0.269611
v 0.095243 0.091000 0.268738
v 0.095122 0.091000 0.268618
v 0.094121 0.091000 0.267745
v 0.094018 0.091000 0.267644
v 0.092982 0.091000 0.266772
v 0.092896 0.091000 0.266689
v 0.091825 0.091000 0.265821
v 0.091758 0.091000 0.265755
v 0.090651 0.091000 0.264890
v 0.090603 0.091000 0.264842
v 0.089461 0.091000 0.263981
v 0.089432 0.091000 0.263949
v 0.088254 0.091000 0.263094
v 0.088245 0.091000 0.263077
v 0.087031 0.091000 0.262229
v 0.087043 0.091000 0.262227
v 0.085825 0.091000 0.261398
v 0.085792 0.091000 0.261386
v 0.084594 0.091000 0.260591
v 0.084539 0.091000 0.260566
v 0.083348 0.091000 0.259806
v 0.083271 0.091000 0.259769
v 0.082088 0.091000 0.259044
v 0.081988 0.091000 0.258994
v 0.080815 0.091000 0.258304
v 0.080692 0.091000 0.258244
v 0.079528 0.091000 0.257587
v 0.079382 0.091000 0.257517
v 0.078230 0.091000 0.256893
v 0.078060 0.091000 0.256813
v 0.076919 0.091000 0.256222
v 0.076724 0.091000 0.256134
v 0.075596 0.091000 0.255575
v 0.075377 0.091000 0.255480
v 0.074262 0.091000 0.254951
v 0.074018 0.091000 0.254850
v 0.072917 0.091000 0.254352
v 0.072648 0.091000 0.254244
v 0.071561 0.091000 0.253776
v 0.071267 0.091000 0.253664
v 0.070196 0.091000 0.253225
v 0.069876 0.091000 0.253109
v 0.068821 0.091000 0.252698
v 0.068474 0.091000 0.252579
v 0.067436 0.091000 0.252196
v 0.067064 0.091000 0.252075
v 0.066043 0.091000 0.251719
v 0.065644 0.091000 0.251596
v 0.064642 0.091000 0.251266
v 0.064216 0.091000 0.251143
v 0.063232 0.091000 0.250839
v 0.062780 0.091000 0.250717
v 0.061816 0.091000 0.250437
v 0.061337 0.091000 0.250316
v 0.060392 0.091000 0.250060
v 0.059887 0.091000 0.249942
v 0.058962 0.091000 0.249709
v 0.058430 0.091000 0.249594
v 0.057526 0.091000 0.249383
v 0.056967 0.091000 0.249272
v 0.056084 0.091000 0.249083
v 0.055498 0.091000 0.248978
v 0.054637 0.091000 0.248809
v 0.054024 0.091000 0.248710
v 0.053186 0.091000 0.248561
v 0.052546 0.091000 0.248468
v 0.051730 0.091000 0.248338
v 0.051063 0.091000 0.248254
v 0.050271 0.091000 0.248142
v 0.049577 0.091000 0.248067
v 0.048808 0.091000 0.247972
v 0.048087 0.091000 0.247906
v 0.047343 0.091000 0.247827
v 0.046595 0.091000 0.247773
v 0.045875 0.091000 0.247709
v 0.045101 0.091000 0.247667
v 0.044405 0.091000 0.247618
v 0.043605 0.091000 0.247588
v 0.042934 0.091000 0.247552
v 0.042108 0.091000 0.247536
v 0.041462 0.091000 0.247513
v 0.032722 0.091000 0.842609
v 0.032723 0.091000 0.842601
v 0.019672 0.091000 0.839890
v 0.019675 0.091000 0.839882
v 0.007403 0.091000 0.834678
v 0.007407 0.091000 0.834670
v -0.003613 0.091000 0.827172
v -0.003607 0.091000 0.827165
v -0.012953 0.091000 0.817661
v -0.012947 0.091000 0.817655
v -0.020258 0.091000 0.806510
v -0.020251 0.091000 0.806506
v -0.025240 0.091000 0.794147
v -0.028452 0.091000 0.772531
v -0.028635 0.091000 0.770383
v -0.028801 0.091000 0.768189
v -0.029053 0.091000 0.765046
v -0.029139 0.091000 0.763794
v -0.029449 0.091000 0.759707
v -0.029466 0.091000 0.759351
v -0.029782 0.091000 0.754855
v -0.029824 0.091000 0.754367
v -0.030097 0.091000 0.750149
v -0.030177 0.091000 0.749060
v -0.030400 0.091000 0.745405
v -0.030511 0.091000 0.743752
v -0.030691 0.091000 0.740611
v -0.030826 0.091000 0.738443
v -0.030971 0.091000 0.735752
v -0.031125 0.091000 0.733134
v -0.031254 0.091000 0.730582
v -0.031315 0.091000 0.729594
v -0.031498 0.091000 0.726053
v -0.031524 0.091000 0.725354
v -0.031783 0.091000 0.720069
v -0.031844 0.091000 0.718971
v -0.032030 0.091000 0.714728
v -0.032113 0.091000 0.713068
v -0.032289 0.091000 0.708787
v -0.032366 0.091000 0.707165
v -0.032536 0.091000 0.702784
v -0.032605 0.091000 0.701262
v -0.032775 0.091000 0.696833
v -0.032770 0.091000 0.696717
v -0.032938 0.091000 0.692405
v -0.032993 0.091000 0.690594
v -0.033230 0.091000 0.683700
v -0.033244 0.091000 0.683547
v -0.033456 0.091000 0.676731
v -0.033500 0.091000 0.675597
v -0.033699 0.091000 0.668788
v -0.033742 0.091000 0.667646
v -0.033930 0.091000 0.661134
v -0.033932 0.091000 0.660763
v -0.034222 0.091000 0.650283
v -0.034290 0.091000 0.648109
v -0.034507 0.091000 0.639716
v -0.034656 0.091000 0.634402
v -0.034926 0.091000 0.624060
v -0.035024 0.091000 0.620696
v -0.035214 0.091000 0.613842
v -0.035211 0.091000 0.613633
v -0.035358 0.091000 0.608441
v -0.035967 0.091000 0.589056
v -0.036080 0.091000 0.585269
v -0.036150 0.091000 0.583664
v -0.036229 0.091000 0.581042
v -0.036384 0.091000 0.576836
v 0.119805 0.091000 0.309119
v 0.121947 0.063000 0.322983
v 0.119412 0.091000 0.307673
v 0.119484 0.063000 0.308860
v 0.118994 0.091000 0.306235
v 0.118549 0.091000 0.304805
v 0.121110 0.091000 0.314966
v 0.121369 0.091000 0.316441
v 0.121602 0.091000 0.317921
v 0.121921 0.063000 0.337320
v 0.121808 0.091000 0.319405
v 0.121987 0.091000 0.320892
v 0.115344 0.091000 0.296412
v 0.114721 0.091000 0.295050
v 0.114605 0.063000 0.295379
v 0.114075 0.091000 0.293699
v 0.113403 0.091000 0.292360
v 0.108039 0.091000 0.283358
v 0.107181 0.091000 0.282130
v 0.107460 0.063000 0.282950
v 0.106301 0.091000 0.280918
v 0.105398 0.091000 0.279722
v 0.098497 0.091000 0.271837
v 0.097431 0.091000 0.270784
v 0.098265 0.063000 0.271950
v 0.096346 0.091000 0.269751
v 0.095243 0.091000 0.268738
v 0.088254 0.091000 0.263094
v 0.087031 0.091000 0.262229
v 0.087300 0.063000 0.262715
v 0.085792 0.091000 0.261386
v 0.084539 0.091000 0.260566
v 0.075377 0.091000 0.255480
v 0.074018 0.091000 0.254850
v 0.074897 0.063000 0.255523
v 0.072648 0.091000 0.254244
v 0.071267 0.091000 0.253664
v 0.059887 0.091000 0.249942
v 0.058430 0.091000 0.249594
v 0.061434 0.063000 0.250595
v 0.056967 0.091000 0.249272
v 0.055498 0.091000 0.248978
v 0.048087 0.091000 0.247906
v 0.046595 0.091000 0.247773
v 0.047320 0.063000 0.248079
v 0.045101 0.091000 0.247667
v 0.043605 0.091000 0.247588
v 0.033128 0.091000 0.247795
v 0.031637 0.091000 0.247934
v 0.032983 0.063000 0.248053
v 0.030148 0.091000 0.248099
v 0.028663 0.091000 0.248292
v 0.019845 0.091000 0.250009
v 0.018395 0.091000 0.250388
v 0.018860 0.063000 0.250516
v 0.016953 0.091000 0.250794
v 0.015519 0.091000 0.251225
v 0.005730 0.091000 0.254964
v 0.004373 0.091000 0.255599
v 0.005379 0.063000 0.255395
v 0.003028 0.091000 0.256258
v 0.001695 0.091000 0.256942
v -0.006023 0.091000 0.261540
v -0.007258 0.091000 0.262387
v -0.007050 0.063000 0.262540
v -0.008478 0.091000 0.263257
v -0.009682 0.091000 0.264148
v -0.017630 0.091000 0.270978
v -0.018692 0.091000 0.272034
v -0.018050 0.063000 0.271735
v -0.019735 0.091000 0.273109
v -0.020758 0.091000 0.274203
v -0.028195 0.091000 0.283587
v -0.029027 0.091000 0.284833
v -0.027285 0.063000 0.282700
v -0.029836 0.091000 0.286093
v -0.030621 0.091000 0.287369
v -0.034196 0.091000 0.293948
v -0.034838 0.091000 0.295301
v -0.034477 0.063000 0.295103
v -0.035456 0.091000 0.296666
v -0.036049 0.091000 0.298041
v -0.039487 0.091000 0.307940
v -0.039874 0.091000 0.309387
v -0.039405 0.063000 0.308566
v -0.040236 0.091000 0.310841
v -0.040570 0.091000 0.312301
v 0.120171 0.091000 0.310572
v 0.120510 0.091000 0.312031
v 0.120823 0.091000 0.313496
v 0.115941 0.091000 0.297786
v 0.116514 0.091000 0.299170
v 0.117061 0.091000 0.300565
v 0.117583 0.091000 0.301969
v 0.118079 0.091000 0.303382
v 0.108875 0.091000 0.284601
v 0.109688 0.091000 0.285859
v 0.110478 0.091000 0.287132
v 0.111245 0.091000 0.288419
v 0.111988 0.091000 0.289719
v 0.112708 0.091000 0.291033
v 0.099543 0.091000 0.272909
v 0.100570 0.091000 0.273999
v 0.101577 0.091000 0.275108
v 0.102564 0.091000 0.276236
v 0.103530 0.091000 0.277381
v 0.104475 0.091000 0.278543
v 0.089461 0.091000 0.263981
v 0.090651 0.091000 0.264890
v 0.091825 0.091000 0.265821
v 0.092982 0.091000 0.266772
v 0.094121 0.091000 0.267745
v 0.076724 0.091000 0.256134
v 0.078060 0.091000 0.256813
v 0.079382 0.091000 0.257517
v 0.080692 0.091000 0.258244
v 0.081988 0.091000 0.258994
v 0.083271 0.091000 0.259769
v 0.061337 0.091000 0.250316
v 0.062780 0.091000 0.250717
v 0.064216 0.091000 0.251143
v 0.065644 0.091000 0.251596
v 0.067064 0.091000 0.252075
v 0.068474 0.091000 0.252579
v 0.069876 0.091000 0.253109
v 0.049577 0.091000 0.248067
v 0.051063 0.091000 0.248254
v 0.052546 0.091000 0.248468
v 0.054024 0.091000 0.248710
v 0.034622 0.091000 0.247684
v 0.036118 0.091000 0.247600
v 0.037615 0.091000 0.247543
v 0.039113 0.091000 0.247514
v 0.040610 0.091000 0.247511
v 0.042108 0.091000 0.247536
v 0.021300 0.091000 0.249656
v 0.022762 0.091000 0.249330
v 0.024230 0.091000 0.249030
v 0.025703 0.091000 0.248757
v 0.027181 0.091000 0.248511
v 0.007098 0.091000 0.254354
v 0.008477 0.091000 0.253769
v 0.009866 0.091000 0.253210
v 0.011266 0.091000 0.252675
v 0.012675 0.091000 0.252166
v 0.014093 0.091000 0.251683
v -0.004772 0.091000 0.260716
v -0.003506 0.091000 0.259914
v -0.002227 0.091000 0.259136
v -0.000933 0.091000 0.258381
v 0.000374 0.091000 0.257649
v -0.016548 0.091000 0.269941
v -0.015448 0.091000 0.268924
v -0.014330 0.091000 0.267927
v -0.013194 0.091000 0.266951
v -0.012040 0.091000 0.265995
v -0.010870 0.091000 0.265061
v -0.027341 0.091000 0.282356
v -0.026465 0.091000 0.281141
v -0.025567 0.091000 0.279942
v -0.024647 0.091000 0.278760
v -0.023706 0.091000 0.277594
v -0.022744 0.091000 0.276446
v -0.021761 0.091000 0.275316
v -0.033529 0.091000 0.292606
v -0.032838 0.091000 0.291277
v -0.032123 0.091000 0.289961
v -0.031384 0.091000 0.288658
v -0.039073 0.091000 0.306501
v -0.038634 0.091000 0.305069
v -0.038168 0.091000 0.303645
v -0.037676 0.091000 0.302230
v -0.037159 0.091000 0.300824
v -0.036617 0.091000 0.299428
v -0.041921 0.063000 0.322680
v -0.042164 0.091000 0.322658
v -0.042017 0.091000 0.321168
v -0.041843 0.091000 0.319680
v -0.041642 0.091000 0.318195
v -0.041414 0.091000 0.316715
v -0.041160 0.091000 0.315238
v -0.040878 0.091000 0.313767
v 0.122139 0.091000 0.322382
v 0.122264 0.091000 0.323875
v 0.122361 0.091000 0.325370
v 0.122432 0.091000 0.326866
v 0.122475 0.091000 0.328364
v 0.122491 0.091000 0.329861
v 0.122480 0.091000 0.331359
v 0.122442 0.091000 0.332857
v 0.122376 0.091000 0.334353
v 0.122284 0.091000 0.335849
v 0.122164 0.091000 0.337342
v 0.121196 0.062000 0.344477
v 0.121921 0.062000 0.337320
v 0.121196 0.063000 0.344477
v 0.121921 0.063000 0.337320
v 0.121745 0.084054 0.341088
v 0.121700 0.084141 0.341465
v 0.121579 0.078536 0.342218
v 0.121578 0.080613 0.342298
v 0.121196 0.063000 0.344477
v 0.121086 0.063000 0.345208
v 0.121727 0.084439 0.341271
v 0.121735 0.084483 0.341207
v 0.121743 0.084721 0.341160
v 0.121747 0.084736 0.341119
v 0.121745 0.084773 0.341149
v 0.121748 0.084785 0.341114
v 0.121746 0.084826 0.341140
v 0.121745 0.084054 0.341088
v 0.121753 0.084468 0.341043
v 0.121700 0.084141 0.341465
v 0.121745 0.084489 0.341121
v 0.121750 0.084738 0.341094
v 0.081827 0.066542 0.460728
v 0.078070 0.065367 0.459719
v 0.095384 0.066390 0.409811
v 0.081822 0.065000 0.431730
v 0.097731 0.065711 0.392168
v 0.090634 0.065000 0.398895
v 0.093705 0.084826 0.463915
v 0.095957 0.077512 0.450144
v 0.101584 0.084825 0.435310
v 0.108990 0.077512 0.401941
v 0.112147 0.084826 0.395153
v 0.117836 0.084825 0.368358
v 0.093319 0.081018 0.463811
v 0.092151 0.077138 0.463498
v 0.101916 0.070797 0.411530
v 0.090385 0.073789 0.463024
v 0.087988 0.070796 0.462381
v 0.115691 0.077512 0.371928
v 0.112604 0.072139 0.370875
v 0.108512 0.069574 0.378156
v 0.121517 0.083476 0.342774
v 0.121746 0.084826 0.341140
v 0.120403 0.080748 0.348854
v 0.117080 0.076103 0.360442
v 0.085077 0.068341 0.461600
v 0.103198 0.067220 0.385778
v 0.121684 0.084224 0.341608
v 0.121728 0.084558 0.341282
v 0.121740 0.084702 0.341191
v 0.074389 0.065000 0.458732
v 0.085077 0.068341 0.461600
v 0.085510 0.069944 0.475898
v 0.081827 0.066542 0.460728
v 0.081790 0.066491 0.473945
v 0.078070 0.065367 0.459719
v 0.077372 0.064283 0.472183
v 0.072971 0.063824 0.468864
v 0.072355 0.060047 0.479784
v 0.079193 0.033564 0.529517
v 0.079553 0.040022 0.518762
v 0.079640 0.040262 0.526878
v 0.080114 0.042800 0.523174
v 0.080707 0.050556 0.520442
v 0.081284 0.052626 0.516404
v 0.082408 0.059060 0.504880
v 0.080661 0.049370 0.512094
v 0.080543 0.055620 0.501104
v 0.078711 0.046559 0.508120
v 0.077520 0.052891 0.497800
v 0.075301 0.046002 0.502509
v 0.073043 0.054192 0.490406
v 0.093319 0.081018 0.463811
v 0.090804 0.083749 0.474914
v 0.092151 0.077138 0.463498
v 0.089862 0.080465 0.477834
v 0.090385 0.073789 0.463024
v 0.089165 0.076624 0.476671
v 0.087988 0.070796 0.462381
v 0.087472 0.072988 0.477287
v 0.083628 0.065739 0.490457
v 0.080646 0.062220 0.487576
v 0.082268 0.061422 0.511988
v 0.082868 0.061751 0.507636
v 0.083509 0.066865 0.505738
v 0.084965 0.068679 0.492603
v 0.086372 0.073299 0.490523
v 0.076742 0.059719 0.485125
v 0.077536 0.038777 0.513138
v 0.085786 0.075561 0.495418
v 0.086461 0.076878 0.492466
v 0.088529 0.081219 0.483901
v 0.078960 0.032099 0.531389
v 0.078838 0.031911 0.524015
v 0.084372 0.071096 0.501766
v 0.093705 0.084826 0.463915
v 0.078469 0.025350 0.534936
v 0.074389 0.065000 0.458732
v 0.038492 0.000000 0.490567
v 0.038735 0.025349 0.490346
v 0.040898 0.000000 0.490639
v 0.047042 0.025423 0.491217
v 0.048536 -0.000000 0.491848
v 0.053083 -0.000000 0.493322
v 0.078469 0.025350 0.534936
v 0.078233 0.000000 0.535130
v 0.078660 0.025370 0.532771
v 0.078373 -0.000000 0.527450
v 0.078329 0.025437 0.524661
v 0.077692 -0.000000 0.522592
v 0.076368 0.025487 0.516787
v 0.076387 -0.000000 0.517754
v 0.074457 -0.000000 0.513052
v 0.057486 -0.000000 0.495362
v 0.054768 0.025477 0.493698
v 0.061651 -0.000000 0.497950
v 0.061830 0.025511 0.497684
v 0.065496 -0.000000 0.501054
v 0.067945 0.025525 0.503015
v 0.068943 -0.000000 0.504626
v 0.071924 -0.000000 0.508600
v 0.072859 0.025516 0.509472
v 0.077183 0.000000 0.586647
v 0.077410 0.025437 0.586845
v 0.077261 0.000000 0.588737
v 0.077047 0.025528 0.595598
v 0.076642 0.000000 0.596383
v 0.075443 0.000000 0.601282
v 0.037504 0.025436 0.629567
v 0.037271 0.000000 0.629345
v 0.045155 0.025518 0.628830
v 0.044966 0.000000 0.628598
v 0.052454 0.025579 0.626671
v 0.052991 -0.000000 0.626125
v 0.059207 0.025620 0.623171
v 0.060498 -0.000000 0.621908
v 0.064539 0.000000 0.618606
v 0.075097 0.025588 0.603236
v 0.073609 0.000000 0.606055
v 0.071685 0.025626 0.610349
v 0.071156 0.000000 0.610594
v 0.065838 0.025639 0.617806
v 0.068116 0.000000 0.614807
v 0.077410 0.025437 0.586845
v 0.077951 0.034475 0.592860
v 0.078344 0.039479 0.598740
v 0.078455 0.041399 0.597689
v 0.079173 0.048482 0.605311
v 0.079191 0.049650 0.603943
v 0.080082 0.056514 0.611167
v 0.079940 0.056373 0.609674
v 0.081321 0.065380 0.619195
v 0.081313 0.065638 0.619102
v 0.083322 0.072940 0.633046
v 0.083268 0.074427 0.631040
v 0.086132 0.080572 0.647200
v 0.084692 0.078696 0.639045
v 0.086761 0.082673 0.650020
v 0.086688 0.077423 0.667445
v 0.084456 0.076234 0.663784
v 0.088580 0.079663 0.667061
v 0.086526 0.077913 0.663247
v 0.089722 0.082276 0.666829
v 0.088067 0.080104 0.662779
v 0.090092 0.084913 0.666754
v 0.088945 0.082549 0.662426
v 0.088724 0.084546 0.659974
v 0.085606 0.078155 0.648072
v 0.084387 0.075917 0.649019
v 0.082572 0.074115 0.649941
v 0.081055 0.074265 0.656492
v 0.079630 0.070222 0.642935
v 0.078296 0.072919 0.653364
v 0.077283 0.068710 0.641883
v 0.078807 0.062806 0.628621
v 0.081112 0.068878 0.635809
v 0.082549 0.070752 0.634462
v 0.076840 0.062368 0.630511
v 0.076920 0.055947 0.621498
v 0.078626 0.054942 0.617315
v 0.077334 0.047608 0.611358
v 0.078578 0.046898 0.607313
v 0.077705 0.039595 0.602320
v 0.077756 0.032187 0.594185
v 0.081120 0.063334 0.620974
v 0.080201 0.061460 0.622716
v 0.079677 0.054696 0.613147
v 0.084264 0.075858 0.667937
v 0.080293 0.075000 0.668744
v 0.079733 0.074863 0.664834
v 0.077692 -0.000000 0.522592
v 0.077586 -0.000050 0.522098
v 0.076387 -0.000000 0.517754
v 0.076235 -0.000077 0.517318
v 0.074457 -0.000000 0.513052
v 0.074265 -0.000107 0.512670
v 0.071924 -0.000000 0.508600
v 0.071703 -0.000140 0.508273
v 0.068943 -0.000000 0.504626
v 0.068597 -0.000173 0.504230
v 0.065496 -0.000000 0.501054
v 0.062125 -0.000229 0.498297
v 0.061651 -0.000000 0.497950
v 0.057486 -0.000000 0.495362
v 0.053083 -0.000000 0.493322
v 0.054612 -0.000279 0.493962
v 0.048536 -0.000000 0.491848
v 0.046562 -0.000320 0.491392
v 0.040898 0.000000 0.490639
v 0.038493 -0.000349 0.490570
v 0.038492 0.000000 0.490567
v 0.078373 -0.000000 0.527450
v 0.078233 0.000000 0.535130
v 0.078483 -0.000016 0.529653
v 0.038492 0.000000 0.490567
v 0.002060 0.025349 0.490346
v 0.038735 0.025349 0.490346
v 0.002289 0.000000 0.490567
v 0.038493 -0.000349 0.490570
v 0.002288 -0.000349 0.490570
v 0.038681 -0.024651 0.490782
v 0.002088 -0.024651 0.490782
v 0.046829 -0.024722 0.491622
v 0.051297 -0.036581 0.491024
v 0.038681 -0.033609 0.489846
v 0.050578 -0.042616 0.488331
v 0.038681 -0.042130 0.486930
v 0.051504 -0.048345 0.485028
v 0.038681 -0.049783 0.482181
v 0.052645 -0.053315 0.480957
v 0.052117 -0.057524 0.475684
v 0.064772 -0.057581 0.480336
v 0.067359 -0.060933 0.475333
v 0.072603 -0.063078 0.472137
v 0.070086 -0.063270 0.470059
v 0.073877 -0.064926 0.461664
v 0.054855 -0.063242 0.464456
v 0.074286 -0.065000 0.459143
v 0.072618 -0.065000 0.458338
v 0.067861 -0.024988 0.503422
v 0.072803 -0.025083 0.509904
v 0.071924 -0.036843 0.505449
v 0.076328 -0.025174 0.517252
v 0.078836 -0.031187 0.525602
v 0.078293 -0.025259 0.525167
v 0.078616 -0.025331 0.533227
v 0.070920 -0.042831 0.500552
v 0.062716 -0.036707 0.496643
v 0.061577 -0.042719 0.493047
v 0.077716 -0.037863 0.514937
v 0.075379 -0.045524 0.503600
v 0.073448 -0.048539 0.498182
v 0.073257 -0.052847 0.492905
v 0.063365 -0.048438 0.490100
v 0.065566 -0.053397 0.486473
v 0.038681 -0.056180 0.475840
v 0.053450 -0.060890 0.470219
v 0.038681 -0.060995 0.468229
v 0.038681 -0.063986 0.459733
v 0.047426 -0.065000 0.451263
v 0.038681 -0.065000 0.450784
v 0.054600 -0.024803 0.494087
v 0.061708 -0.024893 0.498075
v 0.072286 -0.059109 0.482160
v 0.060313 -0.065000 0.453764
v 0.078432 -0.025349 0.535331
v 0.038681 -0.024651 0.490782
v 0.036273 -0.065000 0.415419
v 0.038681 -0.065000 0.450784
v 0.047426 -0.065000 0.451263
v 0.060313 -0.065000 0.453764
v 0.072618 -0.065000 0.458338
v 0.074286 -0.065000 0.459143
v 0.086672 -0.065000 0.414085
v 0.050726 -0.065000 0.414825
v -0.034493 -0.065000 0.409635
v -0.032602 -0.065000 0.458696
v -0.020345 -0.065000 0.453993
v -0.006188 -0.065000 0.451213
v 0.002088 -0.065000 0.450784
v 0.021927 -0.065000 0.413568
v 0.008098 -0.065000 0.409325
v -0.004818 -0.065000 0.402812
v -0.016451 -0.065000 0.394215
v -0.026468 -0.065000 0.383780
v -0.034583 -0.065000 0.371805
v 0.064871 -0.065000 0.411803
v 0.078305 -0.065000 0.406439
v 0.090643 -0.065000 0.398888
v 0.117591 -0.076663 0.358980
v 0.115497 -0.073907 0.363523
v 0.115234 -0.074261 0.365184
v 0.112076 -0.071254 0.370735
v 0.112418 -0.071996 0.371244
v 0.107405 -0.068593 0.378624
v 0.107474 -0.069032 0.379784
v 0.101909 -0.066469 0.386102
v 0.102470 -0.066966 0.386704
v 0.096550 -0.065257 0.392111
v 0.097994 -0.065762 0.391888
v 0.090643 -0.065000 0.398888
v 0.120966 -0.081422 0.345836
v 0.118616 -0.076985 0.355016
v 0.115072 -0.072722 0.364212
v 0.112003 -0.070337 0.370304
v 0.107181 -0.067733 0.378131
v 0.110650 -0.069014 0.372601
v 0.101547 -0.065707 0.385535
v 0.101432 -0.064781 0.385140
v 0.095830 -0.063749 0.391008
v 0.096550 -0.063000 0.390075
v 0.088968 -0.063000 0.396609
v 0.096090 -0.064613 0.391473
v 0.089617 -0.064450 0.397492
v 0.121588 -0.083410 0.342231
v 0.121672 -0.084012 0.341703
v 0.121731 -0.084175 0.341238
v 0.121740 -0.084418 0.341193
v 0.121745 -0.084317 0.341135
v 0.121767 -0.084678 0.340986
v 0.121766 -0.084586 0.340988
v 0.121776 -0.084826 0.340919
v 0.120465 -0.080837 0.348571
v 0.121526 -0.083425 0.342720
v 0.104534 -0.065501 0.381396
v 0.097279 -0.063000 0.389375
v 0.097276 -0.063000 0.389378
v 0.120966 -0.081422 0.345836
v 0.121108 -0.063000 0.345092
v 0.118616 -0.076985 0.355016
v 0.117810 -0.063000 0.357421
v 0.115072 -0.072722 0.364212
v 0.112649 -0.063000 0.369093
v 0.110650 -0.069014 0.372601
v 0.104534 -0.065501 0.381396
v 0.121304 -0.070484 0.343996
v 0.121588 -0.083410 0.342231
v 0.121731 -0.084175 0.341238
v 0.105751 -0.063000 0.379830
v 0.097279 -0.063000 0.389375
v 0.121928 -0.062000 0.337321
v -0.041786 -0.062000 0.340831
v 0.121215 -0.062000 0.344372
v -0.039798 -0.062000 0.350941
v 0.121108 -0.062000 0.345092
v -0.036566 -0.062000 0.360724
v 0.117782 -0.062000 0.357500
v -0.032115 -0.062000 0.370422
v 0.112570 -0.062000 0.369241
v -0.025455 -0.062000 0.380500
v 0.105599 -0.062000 0.380030
v -0.017396 -0.062000 0.389499
v 0.097279 -0.062000 0.389375
v -0.007475 -0.062000 0.397680
v 0.088968 -0.062000 0.396609
v 0.003596 -0.062000 0.404224
v 0.078046 -0.062000 0.403397
v 0.015547 -0.062000 0.408972
v 0.066204 -0.062000 0.408408
v 0.028089 -0.062000 0.411809
v 0.053728 -0.062000 0.411523
v -0.042498 -0.062000 0.330552
v -0.042000 -0.062000 0.330552
v 0.093221 -0.062000 0.267284
v -0.022190 -0.062000 0.276166
v 0.102324 -0.062000 0.276321
v -0.029803 -0.062000 0.286488
v 0.109912 -0.062000 0.286663
v -0.035719 -0.062000 0.297869
v 0.115799 -0.062000 0.298059
v -0.039794 -0.062000 0.310032
v 0.119843 -0.062000 0.310231
v -0.013065 -0.062000 0.267152
v 0.082823 -0.062000 0.259773
v -0.002649 -0.062000 0.259666
v 0.071385 -0.062000 0.253969
v 0.008804 -0.062000 0.253891
v 0.059184 -0.062000 0.250014
v 0.021016 -0.062000 0.249967
v 0.046516 -0.062000 0.248004
v 0.033690 -0.062000 0.247988
v 0.122012 -0.062000 0.323689
v -0.041928 -0.062000 0.322679
v -0.042469 -0.062000 0.329115
v -0.042489 -0.062000 0.329448
v -0.042000 -0.062000 0.329448
v 0.040919 -0.062000 0.412666
v 0.121215 -0.062000 0.344372
v 0.121108 -0.062000 0.345092
v 0.121215 -0.063000 0.344372
v 0.121108 -0.063000 0.345092
v 0.082823 -0.062000 0.259773
v 0.093221 -0.062000 0.267284
v 0.087304 -0.063000 0.262709
v 0.102324 -0.062000 0.276321
v 0.098270 -0.063000 0.271945
v 0.109912 -0.062000 0.286663
v 0.107466 -0.063000 0.282946
v 0.115799 -0.062000 0.298059
v 0.114612 -0.063000 0.295376
v 0.119843 -0.062000 0.310231
v 0.119491 -0.063000 0.308858
v 0.122012 -0.062000 0.323689
v 0.121955 -0.063000 0.322983
v 0.121928 -0.062000 0.337321
v 0.121928 -0.063000 0.337321
v -0.022190 -0.062000 0.276166
v -0.013065 -0.062000 0.267152
v -0.018055 -0.063000 0.271730
v -0.002649 -0.062000 0.259666
v -0.007054 -0.063000 0.262534
v 0.008804 -0.062000 0.253891
v 0.005376 -0.063000 0.255388
v 0.021016 -0.062000 0.249967
v 0.018858 -0.063000 0.250509
v 0.033690 -0.062000 0.247988
v 0.032983 -0.063000 0.248045
v 0.046516 -0.062000 0.248004
v 0.047321 -0.063000 0.248072
v 0.059184 -0.062000 0.250014
v 0.061436 -0.063000 0.250588
v 0.071385 -0.062000 0.253969
v 0.074900 -0.063000 0.255517
v -0.027291 -0.063000 0.282696
v -0.029803 -0.062000 0.286488
v -0.034483 -0.063000 0.295100
v -0.035719 -0.062000 0.297869
v -0.039412 -0.063000 0.308564
v -0.039794 -0.062000 0.310032
v -0.041928 -0.063000 0.322679
v -0.041928 -0.062000 0.322679
v 0.077269 -0.000031 0.588730
v 0.077261 0.000000 0.588737
v 0.076651 -0.000133 0.596376
v 0.076642 0.000000 0.596383
v 0.075483 -0.000190 0.601176
v 0.075443 0.000000 0.601282
v 0.073706 -0.000240 0.605855
v 0.073609 0.000000 0.606055
v 0.071329 -0.000284 0.610324
v 0.071156 0.000000 0.610594
v 0.068374 -0.000319 0.614496
v 0.068116 0.000000 0.614807
v 0.061847 -0.000363 0.620903
v 0.064539 0.000000 0.618606
v 0.060498 -0.000000 0.621908
v 0.037271 0.000000 0.629345
v 0.037273 -0.000349 0.629342
v 0.044966 0.000000 0.628598
v 0.045723 -0.000375 0.628439
v 0.052991 -0.000000 0.626125
v 0.054110 -0.000381 0.625626
v 0.077183 0.000000 0.586647
v 0.004862 0.000000 0.629345
v 0.004865 -0.000349 0.629342
v 0.037273 -0.000349 0.629342
v 0.004647 -0.024564 0.629131
v 0.037470 -0.024564 0.629131
v 0.004872 -0.000000 0.629345
v 0.037271 0.000000 0.629345
v 0.037504 0.025436 0.629567
v 0.004657 0.025436 0.629567
v -0.042469 -0.062000 0.329115
v -0.041928 -0.062000 0.322679
v -0.042469 -0.063000 0.329115
v -0.041928 -0.063000 0.322679
v -0.042469 -0.063000 0.329115
v -0.042452 -0.074018 0.327695
v -0.042482 -0.074105 0.328296
v -0.042499 -0.066000 0.329500
v -0.042489 -0.063000 0.329448
v -0.042460 -0.074523 0.327740
v -0.042469 -0.074761 0.327832
v -0.042462 -0.074516 0.327771
v -0.042469 -0.074718 0.327844
v -0.042468 -0.074497 0.327864
v -0.042475 -0.074673 0.327927
v -0.042469 -0.074495 0.327873
v -0.042475 -0.074668 0.327935
v -0.042469 -0.074494 0.327878
v -0.042475 -0.074665 0.327940
v -0.042469 -0.074492 0.327885
v -0.042476 -0.074662 0.327946
v -0.042470 -0.074491 0.327891
v -0.042476 -0.074659 0.327951
v -0.042470 -0.074490 0.327896
v -0.042476 -0.074657 0.327956
v -0.042470 -0.074488 0.327905
v -0.042477 -0.074652 0.327964
v -0.042471 -0.074486 0.327912
v -0.042477 -0.074649 0.327970
v -0.042471 -0.074486 0.327916
v -0.042477 -0.074647 0.327974
v -0.042472 -0.074484 0.327924
v -0.042477 -0.074643 0.327980
v -0.042472 -0.074482 0.327932
v -0.042478 -0.074534 0.328029
v -0.042472 -0.074481 0.327937
v -0.042473 -0.074480 0.327945
v -0.042452 -0.074018 0.327695
v -0.042473 -0.074478 0.327950
v -0.042474 -0.074476 0.327961
v -0.042474 -0.074475 0.327968
v -0.042474 -0.074473 0.327977
v -0.042475 -0.074472 0.327982
v -0.042475 -0.074469 0.327995
v -0.042476 -0.074464 0.328019
v -0.042477 -0.074463 0.328024
v -0.042477 -0.074461 0.328031
v -0.042477 -0.074460 0.328038
v -0.042477 -0.074459 0.328042
v -0.042478 -0.074457 0.328049
v -0.042478 -0.074456 0.328058
v -0.042479 -0.074341 0.328129
v -0.042475 -0.074854 0.327902
v -0.042476 -0.074849 0.327907
v -0.042469 -0.074765 0.327826
v -0.042459 -0.074524 0.327733
v -0.042475 -0.074861 0.327896
v -0.042468 -0.074770 0.327818
v -0.042458 -0.074526 0.327724
v -0.042475 -0.074867 0.327891
v -0.042468 -0.074774 0.327812
v -0.042458 -0.074528 0.327716
v -0.042474 -0.074874 0.327886
v -0.042467 -0.074779 0.327804
v -0.042457 -0.074530 0.327707
v -0.042479 -0.074908 0.327935
v -0.042479 -0.074906 0.327935
v -0.042479 -0.074913 0.327934
v -0.042472 -0.074860 0.327860
v -0.042465 -0.074753 0.327780
v -0.042456 -0.074525 0.327699
v -0.042478 -0.074698 0.327973
v -0.042476 -0.074809 0.327911
v -0.042482 -0.074105 0.328296
v -0.038375 -0.065859 0.361273
v -0.040010 -0.066938 0.355007
v -0.039510 -0.066264 0.375485
v -0.043336 -0.070057 0.375431
v -0.038850 -0.066264 0.427695
v -0.042674 -0.070057 0.427829
v -0.039633 -0.067898 0.459063
v -0.041862 -0.071256 0.459179
v -0.042588 -0.074913 0.459217
v -0.043983 -0.074913 0.427775
v -0.044655 -0.074913 0.399920
v -0.044496 -0.074913 0.367628
v -0.042479 -0.074913 0.327934
v -0.034583 -0.065000 0.371805
v -0.034493 -0.065000 0.409635
v -0.036260 -0.065695 0.458887
v -0.042542 -0.072214 0.333999
v -0.042383 -0.070998 0.338162
v -0.041939 -0.069575 0.343466
v -0.041153 -0.068183 0.349181
v -0.034700 -0.065001 0.371529
v -0.036884 -0.065300 0.365886
v -0.042541 -0.073532 0.330099
v -0.042511 -0.074075 0.328878
v -0.042492 -0.074452 0.328277
v -0.042482 -0.074705 0.328029
v -0.032602 -0.065000 0.458696
v -0.039633 -0.067898 0.459063
v -0.039713 -0.067075 0.472963
v -0.036260 -0.065695 0.458887
v -0.037798 -0.065236 0.472375
v -0.032602 -0.065000 0.458696
v -0.035526 -0.064007 0.471923
v -0.033050 -0.063908 0.469414
v -0.033862 -0.060117 0.481690
v -0.038174 -0.031395 0.528319
v -0.038479 -0.038623 0.519542
v -0.038550 -0.038285 0.522804
v -0.038297 -0.043814 0.512378
v -0.038976 -0.045522 0.514248
v -0.039005 -0.049823 0.507780
v -0.038859 -0.043548 0.518309
v -0.039566 -0.053579 0.506694
v -0.039358 -0.051185 0.511052
v -0.039924 -0.058516 0.502736
v -0.037920 -0.034632 0.521016
v -0.037257 -0.041217 0.512373
v -0.037924 -0.048128 0.506097
v -0.038806 -0.054854 0.499392
v -0.039768 -0.058272 0.498283
v -0.040686 -0.065868 0.487276
v -0.040670 -0.066073 0.491515
v -0.041038 -0.069354 0.473630
v -0.041666 -0.071809 0.474300
v -0.041862 -0.071256 0.459179
v -0.041911 -0.073656 0.471473
v -0.042588 -0.074913 0.459217
v -0.037091 -0.054676 0.495470
v -0.038331 -0.060767 0.487221
v -0.039793 -0.063594 0.486083
v -0.036232 -0.060187 0.484152
v -0.036187 -0.047944 0.503100
v -0.035010 -0.054244 0.493338
v -0.041391 -0.071243 0.480149
v -0.037862 -0.025348 0.532986
v -0.038014 -0.027988 0.529596
v 0.002088 -0.024651 0.490782
v -0.003519 -0.024701 0.491178
v -0.006168 -0.000374 0.491475
v -0.011656 -0.024785 0.493218
v -0.014557 -0.000379 0.494291
v -0.019186 -0.024880 0.496909
v -0.022291 -0.000359 0.499013
v -0.025760 -0.024979 0.502068
v -0.028813 -0.000314 0.505416
v -0.031127 -0.025079 0.508490
v -0.032886 -0.000260 0.511523
v -0.035041 -0.025176 0.515888
v -0.035741 -0.000190 0.518167
v -0.037330 -0.025265 0.523939
v -0.037333 -0.000106 0.525070
v -0.037644 0.000000 0.532764
v 0.002288 -0.000349 0.490570
v -0.037862 -0.025348 0.532986
v -0.037070 0.091000 0.560178
v -0.037223 0.090780 0.556737
v -0.036829 0.091000 0.565700
v -0.036181 0.000000 0.562296
v -0.036601 0.091000 0.571252
v -0.036384 0.091000 0.576836
v -0.033826 0.083655 0.662227
v -0.033932 0.091000 0.660763
v -0.034063 0.081259 0.652995
v -0.034222 0.091000 0.650283
v -0.034300 0.077144 0.642920
v -0.034507 0.091000 0.639716
v -0.034574 0.069453 0.630146
v -0.034926 0.091000 0.624060
v -0.034759 0.061867 0.620827
v -0.034894 0.054797 0.613683
v -0.035211 0.091000 0.613633
v -0.035006 0.047891 0.607606
v -0.035358 0.091000 0.608441
v -0.035130 0.039294 0.600836
v -0.035573 0.091000 0.601090
v -0.035226 0.032196 0.595650
v -0.035799 0.091000 0.593784
v -0.035320 0.025437 0.590873
v -0.036080 0.091000 0.585269
v -0.035105 -0.000000 0.590654
v -0.035686 0.000000 0.574305
v -0.037872 0.091000 0.543445
v -0.037358 0.000000 0.538046
v -0.038149 0.091000 0.538131
v -0.037644 0.000000 0.532764
v -0.038436 0.091000 0.532837
v -0.037878 0.025349 0.532548
v -0.038282 0.033090 0.526552
v -0.038745 0.091000 0.527309
v -0.038639 0.039510 0.521345
v -0.039062 0.091000 0.521805
v -0.039095 0.046994 0.514725
v -0.039482 0.091000 0.514674
v -0.039650 0.054878 0.506636
v -0.039766 0.091000 0.509945
v -0.040345 0.062869 0.496304
v -0.040334 0.091000 0.500545
v -0.041124 0.069442 0.484288
v -0.041133 0.091000 0.487301
v -0.041778 0.073077 0.473590
v -0.041521 0.091000 0.480751
v -0.041928 0.091000 0.473713
v -0.042274 0.091000 0.467535
v -0.042373 0.074755 0.463108
v -0.042606 0.091000 0.461408
v -0.042604 0.074913 0.458773
v -0.044382 0.074913 0.414240
v -0.027933 0.084617 0.778009
v -0.027565 0.073000 0.781037
v -0.027933 0.084732 0.778024
v -0.027722 0.091000 0.781051
v -0.027936 0.084913 0.778007
v -0.028092 0.091000 0.776820
v -0.030897 0.084913 0.736125
v -0.028452 0.091000 0.772531
v -0.028801 0.091000 0.768189
v -0.030400 0.091000 0.745405
v -0.030691 0.091000 0.740611
v -0.030971 0.091000 0.735752
v -0.033445 0.084913 0.675375
v -0.031254 0.091000 0.730582
v -0.031524 0.091000 0.725354
v -0.033230 0.091000 0.683700
v -0.033456 0.091000 0.676731
v -0.033699 0.091000 0.668788
v -0.044338 0.091000 0.420959
v -0.044458 0.091000 0.416745
v -0.044563 0.091000 0.412569
v -0.044661 0.074913 0.377420
v -0.044652 0.091000 0.408430
v -0.044726 0.091000 0.404308
v -0.044838 0.091000 0.381236
v -0.044803 0.091000 0.377584
v -0.044753 0.091000 0.373894
v -0.043768 0.074913 0.347857
v -0.044667 0.091000 0.369306
v -0.044557 0.091000 0.364771
v -0.044077 0.091000 0.351398
v -0.043974 0.091000 0.349199
v -0.043862 0.091000 0.346941
v -0.042482 0.074913 0.328069
v -0.043692 0.091000 0.343777
v -0.043509 0.091000 0.340644
v -0.042880 0.091000 0.331376
v -0.042655 0.091000 0.328468
v -0.042416 0.091000 0.325552
v -0.042481 0.074908 0.328060
v -0.042459 0.074494 0.327821
v -0.036229 0.091000 0.581042
v -0.029139 0.091000 0.763794
v -0.029466 0.091000 0.759351
v -0.029782 0.091000 0.754855
v -0.030097 0.091000 0.750149
v -0.031783 0.091000 0.720069
v -0.032030 0.091000 0.714728
v -0.032289 0.091000 0.708787
v -0.032536 0.091000 0.702784
v -0.032770 0.091000 0.696717
v -0.032993 0.091000 0.690594
v -0.042902 0.091000 0.455701
v -0.043182 0.091000 0.450039
v -0.043398 0.091000 0.445432
v -0.043602 0.091000 0.440858
v -0.043744 0.091000 0.437498
v -0.043879 0.091000 0.434159
v -0.044046 0.091000 0.429743
v -0.044198 0.091000 0.425366
v -0.044785 0.091000 0.400225
v -0.044827 0.091000 0.396109
v -0.044852 0.091000 0.392345
v -0.044862 0.091000 0.388616
v -0.044857 0.091000 0.384921
v -0.044423 0.091000 0.360286
v -0.044262 0.091000 0.355822
v -0.043310 0.091000 0.337499
v -0.043093 0.091000 0.334305
v -0.042164 0.091000 0.322658
v -0.041921 0.063000 0.322680
v -0.042454 0.073998 0.327819
v -0.027990 0.073000 0.776167
v -0.042469 0.063000 0.329213
v -0.035105 -0.000000 0.590654
v -0.035115 0.000000 0.590651
v -0.035085 -0.000000 0.591170
v -0.035093 -0.000000 0.591208
v -0.035058 -0.000000 0.591686
v -0.035064 -0.000000 0.591765
v -0.035025 -0.000000 0.592201
v -0.035026 -0.000000 0.592317
v -0.034984 -0.000000 0.592716
v -0.034981 -0.000000 0.592868
v -0.034938 -0.000000 0.593230
v -0.034929 -0.000000 0.593419
v -0.034884 -0.000000 0.593743
v -0.034869 -0.000000 0.593969
v -0.034824 -0.000000 0.594256
v -0.034801 -0.000000 0.594518
v -0.034757 -0.000000 0.594768
v -0.034726 -0.000000 0.595066
v -0.034684 -0.000000 0.595278
v -0.034643 -0.000000 0.595613
v -0.034602 -0.000000 0.595804
v -0.034553 -0.000000 0.596158
v -0.034513 -0.000000 0.596328
v -0.034454 -0.000000 0.596703
v -0.034416 -0.000000 0.596851
v -0.034353 -0.000000 0.597226
v -0.034313 -0.000000 0.597373
v -0.034245 -0.000000 0.597748
v -0.034196 -0.000000 0.597922
v -0.034129 -0.000000 0.598269
v -0.034072 -0.000000 0.598470
v -0.034007 -0.000000 0.598788
v -0.033940 -0.000000 0.599016
v -0.033877 -0.000000 0.599305
v -0.033801 -0.000000 0.599560
v -0.033741 -0.000000 0.599821
v -0.033653 -0.000000 0.600102
v -0.033598 -0.000000 0.600334
v -0.033499 -0.000000 0.600642
v -0.033448 -0.000000 0.600846
v -0.033336 -0.000000 0.601180
v -0.033292 -0.000000 0.601356
v -0.033166 -0.000000 0.601715
v -0.033128 -0.000000 0.601863
v -0.032989 -0.000000 0.602248
v -0.032958 -0.000000 0.602368
v -0.032804 -0.000000 0.602779
v -0.032771 -0.000000 0.602900
v -0.032620 -0.000000 0.603284
v -0.032576 -0.000000 0.603428
v -0.032429 -0.000000 0.603788
v -0.032374 -0.000000 0.603954
v -0.032231 -0.000000 0.604288
v -0.032165 -0.000000 0.604477
v -0.032027 -0.000000 0.604786
v -0.031948 -0.000000 0.604996
v -0.031816 -0.000000 0.605281
v -0.031724 -0.000000 0.605513
v -0.031598 -0.000000 0.605774
v -0.031493 -0.000000 0.606027
v -0.031374 -0.000000 0.606263
v -0.031255 -0.000000 0.606537
v -0.031143 -0.000000 0.606749
v -0.031009 -0.000000 0.607044
v -0.030905 -0.000000 0.607232
v -0.030756 -0.000000 0.607547
v -0.030661 -0.000000 0.607712
v -0.030496 -0.000000 0.608047
v -0.030411 -0.000000 0.608189
v -0.030230 -0.000000 0.608543
v -0.030148 -0.000000 0.608673
v -0.029956 -0.000000 0.609035
v -0.029879 -0.000000 0.609153
v -0.029675 -0.000000 0.609524
v -0.029603 -0.000000 0.609630
v -0.029388 -0.000000 0.610008
v -0.029320 -0.000000 0.610102
v -0.029093 -0.000000 0.610488
v -0.029031 -0.000000 0.610571
v -0.028792 -0.000000 0.610964
v -0.028736 -0.000000 0.611036
v -0.028484 -0.000000 0.611436
v -0.028434 -0.000000 0.611497
v -0.028170 -0.000000 0.611904
v -0.028126 -0.000000 0.611953
v -0.027849 -0.000000 0.612366
v -0.027811 -0.000000 0.612406
v -0.027522 -0.000000 0.612825
v -0.027491 -0.000000 0.612854
v -0.027188 -0.000000 0.613278
v -0.027164 -0.000000 0.613297
v -0.026848 -0.000000 0.613727
v -0.026831 -0.000000 0.613736
v -0.026501 -0.000000 0.614171
v -0.026492 -0.000000 0.614170
v -0.026147 -0.000000 0.614600
v 0.004862 0.000000 0.629345
v 0.004345 0.000000 0.629342
v 0.004345 0.000000 0.629342
v 0.003829 0.000000 0.629332
v 0.003829 0.000000 0.629332
v 0.003301 0.000000 0.629315
v 0.003313 0.000000 0.629315
v 0.002797 0.000000 0.629292
v 0.002797 0.000000 0.629292
v 0.002774 0.000000 0.629290
v 0.002282 -0.000000 0.629262
v 0.002247 -0.000000 0.629259
v 0.001767 -0.000000 0.629226
v 0.001720 -0.000000 0.629221
v 0.001253 -0.000000 0.629182
v 0.001194 -0.000000 0.629176
v 0.000739 -0.000000 0.629132
v 0.000669 -0.000000 0.629124
v 0.000226 -0.000000 0.629076
v 0.000153 -0.000000 0.629066
v -0.000302 -0.000000 0.629011
v -0.000363 -0.000000 0.629001
v -0.000829 -0.000000 0.628939
v -0.000878 -0.000000 0.628930
v -0.001355 -0.000000 0.628859
v -0.001392 -0.000000 0.628852
v -0.001880 -0.000000 0.628773
v -0.001904 -0.000000 0.628767
v -0.002416 -0.000000 0.628676
v -0.002433 -0.000000 0.628675
v -0.002926 -0.000000 0.628578
v -0.002984 -0.000000 0.628568
v -0.003435 -0.000000 0.628473
v -0.003534 -0.000000 0.628454
v -0.003943 -0.000000 0.628362
v -0.004083 -0.000000 0.628333
v -0.004449 -0.000000 0.628244
v -0.004629 -0.000000 0.628203
v -0.004944 -0.000000 0.628122
v -0.005174 -0.000000 0.628066
v -0.005437 -0.000000 0.627994
v -0.005717 -0.000000 0.627921
v -0.005929 -0.000000 0.627860
v -0.006257 -0.000000 0.627769
v -0.006419 -0.000000 0.627719
v -0.006796 -0.000000 0.627609
v -0.006907 -0.000000 0.627572
v -0.007332 -0.000000 0.627442
v -0.007444 -0.000000 0.627402
v -0.007843 -0.000000 0.627274
v -0.007978 -0.000000 0.627225
v -0.008352 -0.000000 0.627100
v -0.008510 -0.000000 0.627040
v -0.008859 -0.000000 0.626919
v -0.009040 -0.000000 0.626848
v -0.009364 -0.000000 0.626731
v -0.009567 -0.000000 0.626649
v -0.009865 -0.000000 0.626536
v -0.010090 -0.000000 0.626442
v -0.010364 -0.000000 0.626334
v -0.010611 -0.000000 0.626227
v -0.010861 -0.000000 0.626126
v -0.011129 -0.000000 0.626006
v -0.011354 -0.000000 0.625911
v -0.011644 -0.000000 0.625777
v -0.011845 -0.000000 0.625690
v -0.012155 -0.000000 0.625541
v -0.012332 -0.000000 0.625461
v -0.012663 -0.000000 0.625297
v -0.012817 -0.000000 0.625227
v -0.013167 -0.000000 0.625047
v -0.013309 -0.000000 0.624980
v -0.013668 -0.000000 0.624789
v -0.013798 -0.000000 0.624726
v -0.014166 -0.000000 0.624525
v -0.014284 -0.000000 0.624466
v -0.014659 -0.000000 0.624253
v -0.014765 -0.000000 0.624199
v -0.015149 -0.000000 0.623974
v -0.015243 -0.000000 0.623926
v -0.015634 -0.000000 0.623689
v -0.015718 -0.000000 0.623645
v -0.016116 -0.000000 0.623397
v -0.016188 -0.000000 0.623359
v -0.016593 -0.000000 0.623098
v -0.016654 -0.000000 0.623066
v -0.017067 -0.000000 0.622792
v -0.017117 -0.000000 0.622766
v -0.017535 -0.000000 0.622480
v -0.017575 -0.000000 0.622460
v -0.018000 -0.000000 0.622161
v -0.018029 -0.000000 0.622148
v -0.018459 -0.000000 0.621836
v -0.018478 -0.000000 0.621830
v -0.018915 -0.000000 0.621504
v -0.018923 -0.000000 0.621505
v -0.019364 -0.000000 0.621175
v -0.019365 -0.000000 0.621166
v -0.019800 -0.000000 0.620838
v -0.019811 -0.000000 0.620822
v -0.020231 -0.000000 0.620496
v -0.020251 -0.000000 0.620471
v -0.020658 -0.000000 0.620147
v -0.020687 -0.000000 0.620114
v -0.021079 -0.000000 0.619793
v -0.021118 -0.000000 0.619751
v -0.021496 -0.000000 0.619433
v -0.021543 -0.000000 0.619382
v -0.021908 -0.000000 0.619067
v -0.021964 -0.000000 0.619008
v -0.022315 -0.000000 0.618696
v -0.022379 -0.000000 0.618627
v -0.022716 -0.000000 0.618319
v -0.022788 -0.000000 0.618240
v -0.023112 -0.000000 0.617936
v -0.023183 -0.000000 0.617857
v -0.023512 -0.000000 0.617540
v -0.023573 -0.000000 0.617468
v -0.023906 -0.000000 0.617137
v -0.023958 -0.000000 0.617073
v -0.024295 -0.000000 0.616729
v -0.024337 -0.000000 0.616674
v -0.024677 -0.000000 0.616316
v -0.024710 -0.000000 0.616269
v -0.025054 -0.000000 0.615898
v -0.025078 -0.000000 0.615859
v -0.025425 -0.000000 0.615474
v -0.025440 -0.000000 0.615444
v -0.025790 -0.000000 0.615045
v -0.025797 -0.000000 0.615024
v -0.026149 -0.000000 0.614611
v -0.035686 0.000000 0.574305
v 0.003301 0.000000 0.629315
v 0.004865 -0.000349 0.629342
v -0.003997 -0.000310 0.628349
v -0.004446 -0.024677 0.628083
v -0.012724 -0.000258 0.625269
v -0.013253 -0.024811 0.624902
v -0.019618 -0.024926 0.620931
v -0.035115 0.000000 0.590651
v -0.035344 -0.025436 0.590429
v -0.034940 -0.000009 0.593307
v -0.035113 -0.025398 0.593610
v -0.033433 -0.000045 0.600891
v -0.033126 -0.025281 0.602313
v -0.031213 -0.000080 0.606619
v -0.029866 -0.025167 0.609359
v -0.027187 -0.000131 0.613276
v -0.025307 -0.025048 0.615643
v -0.020655 -0.000196 0.620146
v 0.004647 -0.024564 0.629131
v -0.027132 -0.075695 0.674738
v -0.023471 -0.075000 0.674625
v -0.026282 -0.075224 0.670591
v -0.023920 -0.074818 0.669964
v -0.027798 -0.072765 0.655899
v -0.025040 -0.073079 0.659390
v -0.026561 -0.068906 0.647375
v -0.034841 -0.032646 0.598550
v -0.034855 -0.040048 0.603513
v -0.033844 -0.039556 0.606360
v -0.034194 -0.045557 0.610066
v -0.032470 -0.046416 0.614257
v -0.033018 -0.052452 0.618690
v -0.030767 -0.053587 0.622967
v -0.031430 -0.059878 0.629012
v -0.028676 -0.061586 0.634038
v -0.029706 -0.066748 0.640694
v -0.035227 -0.033892 0.596424
v -0.035128 -0.040985 0.601674
v -0.034919 -0.047177 0.608136
v -0.035005 -0.049322 0.608368
v -0.034853 -0.055919 0.615136
v -0.034891 -0.056096 0.614473
v -0.034263 -0.063356 0.626203
v -0.034234 -0.072324 0.637487
v -0.033313 -0.070115 0.638777
v -0.032188 -0.075265 0.652774
v -0.030081 -0.074009 0.655559
v -0.030990 -0.077852 0.668340
v -0.028695 -0.076251 0.670590
v -0.030508 -0.077898 0.674843
v -0.031737 -0.068194 0.639881
v -0.033121 -0.061440 0.627758
v -0.034253 -0.054071 0.617038
v -0.034697 -0.065449 0.624516
v -0.034436 -0.074313 0.637188
v -0.034077 -0.079939 0.651160
v -0.034224 -0.079037 0.646632
v -0.033938 -0.082896 0.658288
v -0.033548 -0.082379 0.665553
v -0.033466 -0.084913 0.674935
v -0.032558 -0.080065 0.668152
v -0.032739 -0.081256 0.674912
v -0.033483 -0.077528 0.652002
v -0.033569 -0.084829 0.671535
v -0.035344 -0.025436 0.590429
v -0.034376 -0.091200 0.644937
v -0.034889 -0.091200 0.625679
v -0.034329 -0.091200 0.646657
v -0.035272 -0.091200 0.611795
v -0.036838 -0.091200 0.565671
v -0.036771 -0.091200 0.567188
v -0.036559 -0.091200 0.572498
v -0.037102 -0.091200 0.559462
v -0.037009 -0.091200 0.561697
v -0.037189 -0.091200 0.557695
v -0.037376 -0.091200 0.553666
v -0.037461 -0.091200 0.551708
v -0.037773 -0.091200 0.545560
v -0.037845 -0.091200 0.543984
v -0.038194 -0.091200 0.537462
v -0.038228 -0.091200 0.536740
v -0.038632 -0.091200 0.529452
v 0.088079 0.091000 0.486126
v 0.085786 0.075561 0.495418
v 0.088887 0.091000 0.482799
v 0.088529 0.081219 0.483901
v 0.089702 0.091000 0.479515
v 0.090540 0.091000 0.476201
v 0.085498 0.091000 0.497344
v 0.084372 0.071096 0.501766
v 0.085906 0.091000 0.495497
v 0.086323 0.091000 0.493640
v 0.087184 0.091000 0.489901
v 0.084968 0.091000 0.499792
v 0.084454 0.091000 0.502222
v 0.082268 0.061422 0.511988
v 0.083958 0.091000 0.504634
v 0.083327 0.091000 0.507799
v 0.080810 0.091000 0.522045
v 0.079640 0.040262 0.526878
v 0.081257 0.091000 0.519266
v 0.080707 0.050556 0.520442
v 0.081732 0.091000 0.516452
v 0.082236 0.091000 0.513602
v 0.079839 0.091000 0.528658
v 0.078960 0.032099 0.531389
v 0.080144 0.091000 0.526476
v 0.080468 0.091000 0.524272
v 0.077937 0.000000 0.537822
v 0.078233 0.000000 0.535130
v 0.079031 0.091000 0.535072
v 0.078469 0.025350 0.534936
v 0.079280 0.091000 0.532977
v 0.079546 0.091000 0.530860
v 0.077951 0.034475 0.592860
v 0.077410 0.025437 0.586845
v 0.077951 0.091000 0.586367
v 0.077183 0.000000 0.586647
v 0.077820 0.091000 0.584317
v 0.077686 0.091000 0.581984
v 0.078111 0.091000 0.588638
v 0.078287 0.091000 0.590929
v 0.078499 0.091000 0.593473
v 0.078455 0.041399 0.597689
v 0.078787 0.091000 0.596628
v 0.079191 0.049650 0.603943
v 0.079105 0.091000 0.599820
v 0.079453 0.091000 0.603048
v 0.079840 0.091000 0.606394
v 0.079940 0.056373 0.609674
v 0.080258 0.091000 0.609777
v 0.081313 0.065638 0.619102
v 0.080706 0.091000 0.613197
v 0.080989 0.091000 0.615265
v 0.084422 0.091000 0.636906
v 0.084692 0.078696 0.639045
v 0.083684 0.091000 0.632637
v 0.083268 0.074427 0.631040
v 0.083021 0.091000 0.628665
v 0.082391 0.091000 0.624732
v 0.085644 0.091000 0.643685
v 0.086308 0.091000 0.647244
v 0.086761 0.082673 0.650020
v 0.086990 0.091000 0.650828
v 0.088724 0.084546 0.659974
v 0.087776 0.091000 0.654883
v 0.088635 0.091000 0.659235
v 0.121921 0.063000 0.337320
v 0.122164 0.091000 0.337342
v 0.121196 0.063000 0.344477
v 0.121968 0.091000 0.339454
v 0.121745 0.084054 0.341088
v 0.121753 0.084468 0.341043
v 0.089538 0.091000 0.663749
v 0.090092 0.084913 0.666754
v 0.090568 0.091000 0.668826
v 0.098861 0.084913 0.709979
v 0.091873 0.091000 0.675196
v 0.093301 0.091000 0.682126
v 0.105437 0.091000 0.748804
v 0.107367 0.084913 0.765725
v 0.105056 0.091000 0.746051
v 0.104898 0.084913 0.745318
v 0.104674 0.091000 0.743396
v 0.104276 0.091000 0.740714
v 0.106864 0.091000 0.760380
v 0.107173 0.091000 0.763268
v 0.107459 0.091000 0.766125
v 0.107367 0.084817 0.765738
v 0.107565 0.073000 0.768963
v 0.107364 0.084633 0.765723
v 0.107068 0.073000 0.763782
v 0.118368 0.091000 0.365684
v 0.118075 0.091000 0.367337
v 0.117836 0.084825 0.368358
v 0.117774 0.091000 0.368999
v 0.112147 0.084826 0.395153
v 0.117464 0.091000 0.370670
v 0.117145 0.091000 0.372350
v 0.112877 0.091000 0.392297
v 0.112402 0.091000 0.394312
v 0.111918 0.091000 0.396340
v 0.101584 0.084825 0.435310
v 0.110926 0.091000 0.400404
v 0.109900 0.091000 0.404504
v 0.103274 0.091000 0.429401
v 0.101837 0.091000 0.434598
v 0.100221 0.091000 0.440417
v 0.093705 0.084826 0.463915
v 0.098604 0.091000 0.446237
v 0.096479 0.091000 0.453923
v 0.095431 0.091000 0.457745
v 0.094290 0.091000 0.461949
v 0.093190 0.091000 0.466049
v 0.090804 0.083749 0.474914
v 0.092461 0.091000 0.468798
v 0.091744 0.091000 0.471534
v 0.077324 0.091000 0.559021
v 0.077282 0.091000 0.560996
v 0.076488 0.000000 0.561522
v 0.077253 0.091000 0.563136
v 0.077240 0.091000 0.565779
v 0.077252 0.091000 0.568458
v 0.081247 0.091000 0.617098
v 0.081523 0.091000 0.619006
v 0.081807 0.091000 0.620926
v 0.097474 0.091000 0.702632
v 0.098358 0.091000 0.707114
v 0.099388 0.091000 0.712448
v 0.099890 0.091000 0.715097
v 0.100382 0.091000 0.717733
v 0.085023 0.091000 0.640283
v 0.105831 0.091000 0.751777
v 0.106197 0.091000 0.754669
v 0.106541 0.091000 0.757537
v 0.121754 0.091000 0.341587
v 0.121746 0.084826 0.341140
v 0.121748 0.084785 0.341114
v 0.121750 0.084738 0.341094
v 0.121524 0.091000 0.343737
v 0.121277 0.091000 0.345906
v 0.121013 0.091000 0.348091
v 0.120732 0.091000 0.350292
v 0.120428 0.091000 0.352550
v 0.120108 0.091000 0.354817
v 0.119771 0.091000 0.357094
v 0.119429 0.091000 0.359306
v 0.119051 0.091000 0.361661
v 0.118652 0.091000 0.364040
v 0.116818 0.091000 0.374038
v 0.116142 0.091000 0.377422
v 0.115432 0.091000 0.380840
v 0.114676 0.091000 0.384358
v 0.114095 0.091000 0.386982
v 0.113495 0.091000 0.389628
v 0.108826 0.091000 0.408704
v 0.107828 0.091000 0.412531
v 0.106800 0.091000 0.416416
v 0.105761 0.091000 0.420290
v 0.104712 0.091000 0.424155
v 0.091137 0.091000 0.473873
v 0.082767 0.091000 0.510717
v 0.078795 0.091000 0.537184
v 0.078576 0.091000 0.539280
v 0.078384 0.091000 0.541262
v 0.078207 0.091000 0.543232
v 0.078038 0.091000 0.545285
v 0.077886 0.091000 0.547322
v 0.077757 0.091000 0.549253
v 0.077642 0.091000 0.551173
v 0.077537 0.091000 0.553180
v 0.077449 0.091000 0.555196
v 0.077381 0.091000 0.557047
v 0.077291 0.091000 0.571174
v 0.077340 0.091000 0.573367
v 0.077406 0.091000 0.575577
v 0.077481 0.091000 0.577618
v 0.077570 0.091000 0.579674
v 0.094948 0.091000 0.690135
v 0.095791 0.091000 0.694267
v 0.096625 0.091000 0.698388
v 0.101036 0.091000 0.721311
v 0.101671 0.091000 0.724862
v 0.102326 0.091000 0.728634
v 0.102820 0.091000 0.731563
v 0.103298 0.091000 0.734476
v 0.103779 0.091000 0.737490
v 0.121579 0.078536 0.342218
v 0.107721 0.091000 0.768949
v 0.078432 -0.025349 0.535331
v 0.078616 -0.025331 0.533227
v 0.078483 -0.000016 0.529653
v 0.078293 -0.025259 0.525167
v 0.077586 -0.000050 0.522098
v 0.076328 -0.025174 0.517252
v 0.076235 -0.000077 0.517318
v 0.074265 -0.000107 0.512670
v 0.062125 -0.000229 0.498297
v 0.061708 -0.024893 0.498075
v 0.054612 -0.000279 0.493962
v 0.054600 -0.024803 0.494087
v 0.046562 -0.000320 0.491392
v 0.046829 -0.024722 0.491622
v 0.038493 -0.000349 0.490570
v 0.038681 -0.024651 0.490782
v 0.068597 -0.000173 0.504230
v 0.067861 -0.024988 0.503422
v 0.071703 -0.000140 0.508273
v 0.072803 -0.025083 0.509904
v 0.078233 0.000000 0.535130
v 0.091811 -0.084421 0.471078
v 0.093604 -0.084826 0.464320
v 0.091719 -0.081146 0.470199
v 0.093217 -0.081018 0.464217
v 0.090739 -0.077253 0.469514
v 0.092049 -0.077138 0.463904
v 0.089895 -0.073872 0.465183
v 0.090284 -0.073789 0.463431
v 0.087551 -0.070871 0.464448
v 0.087887 -0.070796 0.462788
v 0.083404 -0.067573 0.463223
v 0.084975 -0.068341 0.462008
v 0.078724 -0.065608 0.461904
v 0.081725 -0.066542 0.461137
v 0.073877 -0.064926 0.461664
v 0.077967 -0.065367 0.460130
v 0.074286 -0.065000 0.459143
v 0.086957 -0.078573 0.490427
v 0.088309 -0.079298 0.484442
v 0.084442 -0.071622 0.501488
v 0.085123 -0.070985 0.497142
v 0.082629 -0.063773 0.510208
v 0.082501 -0.060670 0.510046
v 0.081181 -0.054743 0.517843
v 0.080924 -0.051312 0.519026
v 0.079971 -0.044277 0.524893
v 0.079809 -0.041493 0.525741
v 0.079185 -0.035502 0.529947
v 0.079166 -0.033666 0.529742
v 0.078432 -0.025349 0.535331
v 0.078836 -0.031187 0.525602
v 0.089065 -0.082086 0.481783
v 0.087851 -0.075544 0.482931
v 0.087034 -0.072635 0.479579
v 0.077122 -0.063882 0.474197
v 0.081492 -0.066127 0.476032
v 0.085137 -0.069595 0.478094
v 0.072603 -0.063078 0.472137
v 0.072286 -0.059109 0.482160
v 0.076680 -0.058940 0.487175
v 0.073257 -0.052847 0.492905
v 0.077629 -0.051856 0.499926
v 0.075379 -0.045524 0.503600
v 0.078864 -0.045290 0.510566
v 0.077716 -0.037863 0.514937
v 0.079544 -0.038736 0.521289
v 0.080496 -0.061475 0.489725
v 0.080499 -0.054606 0.503347
v 0.080570 -0.048104 0.514649
v 0.083361 -0.064993 0.492724
v 0.082180 -0.058023 0.507229
v 0.084603 -0.067909 0.494960
v 0.077967 -0.065367 0.460130
v 0.081725 -0.066542 0.461137
v 0.086672 -0.065000 0.414085
v 0.096270 -0.066390 0.406452
v 0.090643 -0.065000 0.398888
v 0.097994 -0.065762 0.391888
v 0.087887 -0.070796 0.462788
v 0.090284 -0.073789 0.463431
v 0.102807 -0.070797 0.408149
v 0.107129 -0.077512 0.409270
v 0.112418 -0.071996 0.371244
v 0.115307 -0.077512 0.373944
v 0.115234 -0.074261 0.365184
v 0.117591 -0.076663 0.358980
v 0.093217 -0.081018 0.464217
v 0.106860 -0.084826 0.416009
v 0.115686 -0.084826 0.379401
v 0.120660 -0.084826 0.350478
v 0.120465 -0.080837 0.348571
v 0.121526 -0.083425 0.342720
v 0.102470 -0.066966 0.386704
v 0.107474 -0.069032 0.379784
v 0.121776 -0.084826 0.340919
v 0.121767 -0.084678 0.340986
v 0.121740 -0.084418 0.341193
v 0.121672 -0.084012 0.341703
v 0.084975 -0.068341 0.462008
v 0.092049 -0.077138 0.463904
v 0.093604 -0.084826 0.464320
v 0.074286 -0.065000 0.459143
v 0.121779 -0.084314 0.340842
v 0.121773 -0.084088 0.340883
v 0.121731 -0.084175 0.341238
v 0.121745 -0.084317 0.341135
v 0.121766 -0.084586 0.340988
v 0.121776 -0.084826 0.340919
v 0.121215 -0.063000 0.344372
v 0.121108 -0.063000 0.345092
v 0.121385 -0.070215 0.343414
v 0.121304 -0.070484 0.343996
v 0.121773 -0.084088 0.340883
v 0.121731 -0.084175 0.341238
v 0.121928 -0.062000 0.337321
v 0.121215 -0.062000 0.344372
v 0.121928 -0.063000 0.337321
v 0.121215 -0.063000 0.344372
v 0.107668 -0.091200 0.282805
v 0.107466 -0.063000 0.282946
v 0.114835 -0.091200 0.295272
v 0.114612 -0.063000 0.295376
v 0.119728 -0.091200 0.308795
v 0.119491 -0.063000 0.308858
v 0.122199 -0.091200 0.322962
v 0.121955 -0.063000 0.322983
v 0.122173 -0.091200 0.337342
v 0.121928 -0.063000 0.337321
v -0.018055 -0.063000 0.271730
v -0.018228 -0.091200 0.271556
v -0.027291 -0.063000 0.282696
v -0.027492 -0.091200 0.282555
v -0.034483 -0.063000 0.295100
v -0.034706 -0.091200 0.294996
v -0.039412 -0.063000 0.308564
v -0.039649 -0.091200 0.308500
v -0.041928 -0.063000 0.322679
v -0.042173 -0.091200 0.322658
v -0.007195 -0.091200 0.262332
v -0.007054 -0.063000 0.262534
v 0.005272 -0.091200 0.255165
v 0.005376 -0.063000 0.255388
v 0.018795 -0.091200 0.250272
v 0.018858 -0.063000 0.250509
v 0.032962 -0.091200 0.247801
v 0.032983 -0.063000 0.248045
v 0.047343 -0.091200 0.247827
v 0.047321 -0.063000 0.248072
v 0.061500 -0.091200 0.250351
v 0.061436 -0.063000 0.250588
v 0.075004 -0.091200 0.255294
v 0.074900 -0.063000 0.255517
v 0.087445 -0.091200 0.262508
v 0.087304 -0.063000 0.262709
v 0.098444 -0.091200 0.271772
v 0.098270 -0.063000 0.271945
v 0.077183 0.000000 0.586647
v 0.077269 -0.000031 0.588730
v 0.077047 -0.025339 0.594987
v 0.076651 -0.000133 0.596376
v 0.075130 -0.025236 0.602629
v 0.075483 -0.000190 0.601176
v 0.071754 -0.025124 0.609742
v 0.073706 -0.000240 0.605855
v 0.071329 -0.000284 0.610324
v 0.037470 -0.024564 0.629131
v 0.040200 -0.024593 0.629038
v 0.045723 -0.000375 0.628439
v 0.047937 -0.024685 0.627736
v 0.054110 -0.000381 0.625626
v 0.055071 -0.024787 0.625050
v 0.061847 -0.000363 0.620903
v 0.061554 -0.024897 0.621068
v 0.068374 -0.000319 0.614496
v 0.067173 -0.025010 0.615923
v 0.077391 -0.025436 0.586443
v 0.037273 -0.000349 0.629342
v 0.049447 -0.075000 0.678329
v 0.063066 -0.075000 0.675413
v 0.059152 -0.074478 0.669031
v 0.071823 -0.075000 0.672315
v 0.073949 -0.074492 0.663563
v 0.080216 -0.075000 0.668331
v 0.078679 -0.073848 0.656917
v 0.043141 -0.074464 0.671634
v 0.042625 -0.072749 0.664119
v 0.037470 -0.073733 0.667942
v 0.042120 -0.069805 0.656777
v 0.037470 -0.069994 0.657323
v 0.047705 -0.065637 0.649132
v 0.037470 -0.063975 0.647809
v 0.042851 -0.058208 0.641473
v 0.037470 -0.055979 0.639883
v 0.048173 -0.049281 0.634167
v 0.037470 -0.046413 0.633946
v 0.045908 -0.039430 0.630403
v 0.037470 -0.035761 0.630301
v 0.044277 -0.031922 0.629034
v 0.037470 -0.024564 0.629131
v 0.040200 -0.024593 0.629038
v 0.077739 -0.032730 0.594376
v 0.076835 -0.032565 0.598995
v 0.077716 -0.037852 0.599992
v 0.074394 -0.039898 0.609716
v 0.077491 -0.043846 0.606662
v 0.070953 -0.049561 0.621324
v 0.077169 -0.049741 0.613446
v 0.076828 -0.057081 0.622578
v 0.047937 -0.024685 0.627736
v 0.055296 -0.032069 0.625498
v 0.055071 -0.024787 0.625050
v 0.064842 -0.032233 0.619017
v 0.061554 -0.024897 0.621068
v 0.067173 -0.025010 0.615923
v 0.075787 -0.065798 0.636716
v 0.067909 -0.058409 0.632274
v 0.062552 -0.065714 0.644708
v 0.056056 -0.058303 0.638449
v 0.076816 -0.063776 0.632332
v 0.060477 -0.049415 0.629386
v 0.066961 -0.039734 0.619345
v 0.057223 -0.039575 0.626389
v 0.077047 -0.025339 0.594987
v 0.075130 -0.025236 0.602629
v 0.071754 -0.025124 0.609742
v 0.072224 -0.032402 0.610029
v 0.077474 -0.070265 0.645056
v 0.071217 -0.069907 0.648182
v 0.074874 -0.072817 0.654583
v 0.057329 -0.069854 0.654066
v 0.059483 -0.072781 0.661109
v 0.037470 -0.075000 0.679129
v 0.077391 -0.025436 0.586443
v 0.037470 -0.063975 0.647809
v 0.004647 -0.069994 0.657323
v 0.037470 -0.069994 0.657323
v 0.004647 -0.073733 0.667942
v 0.037470 -0.073733 0.667942
v 0.004647 -0.075000 0.679129
v 0.037470 -0.075000 0.679129
v 0.004647 -0.063975 0.647809
v 0.037470 -0.055979 0.639883
v 0.004647 -0.055979 0.639883
v 0.037470 -0.046413 0.633946
v 0.004647 -0.046413 0.633946
v 0.037470 -0.035761 0.630301
v 0.004647 -0.035761 0.630301
v 0.037470 -0.024564 0.629131
v 0.004647 -0.024564 0.629131
v -0.004446 -0.024677 0.628083
v -0.013253 -0.024811 0.624902
v -0.007161 -0.031996 0.627861
v -0.017792 -0.032166 0.622866
v -0.007643 -0.039487 0.629442
v -0.018721 -0.039652 0.624264
v -0.008859 -0.049320 0.633430
v -0.021048 -0.049470 0.627763
v -0.021725 -0.058386 0.634849
v -0.030767 -0.053587 0.622967
v -0.028676 -0.061586 0.634038
v 0.004647 -0.035761 0.630301
v 0.004647 -0.046413 0.633946
v 0.004647 -0.055979 0.639883
v -0.009584 -0.058278 0.639853
v -0.010506 -0.065667 0.648125
v -0.024265 -0.065748 0.642871
v -0.026561 -0.068906 0.647375
v -0.035344 -0.025436 0.590429
v -0.034841 -0.032646 0.598550
v -0.032716 -0.032521 0.604952
v -0.033844 -0.039556 0.606360
v -0.026568 -0.032347 0.615006
v -0.027881 -0.039826 0.616095
v 0.004647 -0.075000 0.679129
v 0.004647 -0.073733 0.667942
v -0.012388 -0.074475 0.670130
v -0.012457 -0.072775 0.662409
v -0.025040 -0.073079 0.659390
v -0.025783 -0.069902 0.649947
v -0.019618 -0.024926 0.620931
v -0.025307 -0.025048 0.615643
v -0.029866 -0.025167 0.609359
v -0.033126 -0.025281 0.602313
v -0.035113 -0.025398 0.593610
v -0.010783 -0.069843 0.655237
v 0.004647 -0.069994 0.657323
v -0.032470 -0.046416 0.614257
v -0.031143 -0.049628 0.618800
v -0.009238 -0.075000 0.678052
v -0.023920 -0.074818 0.669964
v -0.023471 -0.075000 0.674625
v 0.004647 -0.063975 0.647809
v 0.004647 -0.024564 0.629131
v -0.020765 -0.075000 0.738276
v -0.023471 -0.075000 0.674625
v -0.022620 -0.075226 0.742714
v -0.027132 -0.075695 0.674738
v -0.025478 -0.076264 0.741032
v -0.030508 -0.077898 0.674843
v -0.029297 -0.080057 0.741260
v -0.032739 -0.081256 0.674912
v -0.031295 -0.084913 0.728922
v -0.033466 -0.084913 0.674935
v -0.027986 -0.084095 0.777036
v -0.028075 -0.082604 0.772997
v -0.027788 -0.080355 0.765870
v -0.027050 -0.078561 0.759567
v -0.025784 -0.076951 0.753047
v -0.027928 -0.084913 0.778187
v -0.027930 -0.084832 0.778152
v -0.027935 -0.084710 0.778060
v -0.027947 -0.084528 0.777842
v -0.024170 -0.075809 0.747168
v -0.027931 -0.084564 0.778064
v -0.027929 -0.084692 0.778127
v -0.027927 -0.084354 0.778103
v -0.027927 -0.084682 0.778152
v -0.027923 -0.084461 0.778180
v -0.027922 -0.084461 0.778194
v -0.027910 -0.084214 0.778318
v -0.027939 -0.084301 0.777873
v -0.027926 -0.084687 0.778165
v -0.027921 -0.084461 0.778201
v -0.027921 -0.084461 0.778206
v -0.027921 -0.084461 0.778212
v -0.027926 -0.084690 0.778177
v -0.027925 -0.084692 0.778182
v -0.027928 -0.084815 0.778167
v -0.027925 -0.084694 0.778187
v -0.027924 -0.084697 0.778196
v -0.027920 -0.084460 0.778227
v -0.027919 -0.084460 0.778236
v -0.027911 -0.084522 0.778345
v -0.027926 -0.084689 0.778172
v -0.027924 -0.084700 0.778206
v -0.027923 -0.084872 0.778235
v -0.027928 -0.084865 0.778178
v -0.027926 -0.084904 0.778201
v -0.027928 -0.084913 0.778187
v -0.027920 -0.084460 0.778217
v -0.027916 -0.084751 0.778303
v -0.036274 -0.091200 0.580069
v -0.035686 0.000000 0.574305
v -0.036559 -0.091200 0.572511
v -0.036181 0.000000 0.562296
v -0.036559 -0.091200 0.572510
v -0.036559 -0.091200 0.572498
v -0.035344 -0.025436 0.590429
v -0.036010 -0.091200 0.587629
v -0.035227 -0.033892 0.596424
v -0.035765 -0.091200 0.595189
v -0.035128 -0.040985 0.601674
v -0.035528 -0.091200 0.602938
v -0.035005 -0.049322 0.608368
v -0.035284 -0.091200 0.611375
v -0.034891 -0.056096 0.614473
v -0.035283 -0.091200 0.611386
v -0.035278 -0.091200 0.611591
v -0.034224 -0.079037 0.646632
v -0.034329 -0.091200 0.646657
v -0.033938 -0.082896 0.658288
v -0.034328 -0.091200 0.646715
v -0.033569 -0.084829 0.671535
v -0.033039 -0.091200 0.689553
v -0.033466 -0.084913 0.674935
v -0.031553 -0.091200 0.724950
v -0.031295 -0.084913 0.728922
v -0.027730 -0.091200 0.781052
v -0.027928 -0.084913 0.778187
v -0.027926 -0.084904 0.778201
v -0.042266 -0.091200 0.323716
v -0.042412 -0.091200 0.325402
v -0.042452 -0.074018 0.327695
v -0.042552 -0.091200 0.327088
v -0.042456 -0.074525 0.327699
v -0.042465 -0.074753 0.327780
v -0.044579 -0.091200 0.365265
v -0.044638 -0.091200 0.367625
v -0.044496 -0.074913 0.367628
v -0.044682 -0.091200 0.369582
v -0.044655 -0.074913 0.399920
v -0.044721 -0.091200 0.371539
v -0.044755 -0.091200 0.373496
v -0.044822 -0.091200 0.397606
v -0.044802 -0.091200 0.399546
v -0.044784 -0.091200 0.400993
v -0.043983 -0.074913 0.427775
v -0.044764 -0.091200 0.402440
v -0.044718 -0.091200 0.405333
v -0.044294 -0.091200 0.422691
v -0.044189 -0.091200 0.425899
v -0.044078 -0.091200 0.429107
v -0.042588 -0.074913 0.459217
v -0.043959 -0.091200 0.432314
v -0.043834 -0.091200 0.435521
v -0.042959 -0.091200 0.454758
v -0.042768 -0.091200 0.458496
v -0.042571 -0.091200 0.462234
v -0.041911 -0.073656 0.471473
v -0.042369 -0.091200 0.465971
v -0.042221 -0.091200 0.468655
v -0.042071 -0.091200 0.471339
v -0.041906 -0.091200 0.474261
v -0.041391 -0.071243 0.480149
v -0.041738 -0.091200 0.477182
v -0.041548 -0.091200 0.480454
v -0.035272 -0.091200 0.611795
v -0.034376 -0.091200 0.644937
v -0.034697 -0.065449 0.624516
v -0.034436 -0.074313 0.637188
v -0.042469 -0.063000 0.329115
v -0.041928 -0.063000 0.322679
v -0.042173 -0.091200 0.322658
v -0.042688 -0.091200 0.328774
v -0.042479 -0.074913 0.327934
v -0.042472 -0.074860 0.327860
v -0.042820 -0.091200 0.330461
v -0.042905 -0.091200 0.331586
v -0.042988 -0.091200 0.332711
v -0.043148 -0.091200 0.334961
v -0.043300 -0.091200 0.337212
v -0.043445 -0.091200 0.339464
v -0.043582 -0.091200 0.341716
v -0.043711 -0.091200 0.343968
v -0.043779 -0.091200 0.345208
v -0.043841 -0.091200 0.346382
v -0.043902 -0.091200 0.347566
v -0.043961 -0.091200 0.348749
v -0.044072 -0.091200 0.351108
v -0.044176 -0.091200 0.353467
v -0.044271 -0.091200 0.355826
v -0.044359 -0.091200 0.358185
v -0.044440 -0.091200 0.360545
v -0.044513 -0.091200 0.362905
v -0.044785 -0.091200 0.375454
v -0.044802 -0.091200 0.376759
v -0.044817 -0.091200 0.378064
v -0.044842 -0.091200 0.380674
v -0.044859 -0.091200 0.383284
v -0.044869 -0.091200 0.385894
v -0.044870 -0.091200 0.388505
v -0.044866 -0.091200 0.391003
v -0.044865 -0.091200 0.391115
v -0.044855 -0.091200 0.393560
v -0.044853 -0.091200 0.393725
v -0.044840 -0.091200 0.395666
v -0.044837 -0.091200 0.396117
v -0.044665 -0.091200 0.408227
v -0.044604 -0.091200 0.411120
v -0.044537 -0.091200 0.414013
v -0.044462 -0.091200 0.416906
v -0.044381 -0.091200 0.419799
v -0.043702 -0.091200 0.438728
v -0.043587 -0.091200 0.441400
v -0.043469 -0.091200 0.444072
v -0.043347 -0.091200 0.446743
v -0.043253 -0.091200 0.448747
v -0.043156 -0.091200 0.450751
v -0.037358 0.000000 0.538046
v -0.038194 -0.091200 0.537462
v -0.037773 -0.091200 0.545560
v -0.037376 -0.091200 0.553666
v -0.037189 -0.091200 0.557695
v -0.037009 -0.091200 0.561697
v -0.036838 -0.091200 0.565671
v -0.027572 -0.073000 0.781038
v -0.027910 -0.084214 0.778318
v -0.027911 -0.084522 0.778345
v -0.027916 -0.084751 0.778303
v -0.027923 -0.084872 0.778235
v -0.035115 0.000000 0.590651
v -0.027958 -0.073000 0.776627
v -0.037862 -0.025348 0.532986
v -0.037644 0.000000 0.532764
v -0.041391 -0.071243 0.480149
v -0.041548 -0.091200 0.480454
v -0.040670 -0.066073 0.491515
v -0.041355 -0.091200 0.483724
v -0.040965 -0.091200 0.490266
v -0.039924 -0.058516 0.502736
v -0.040493 -0.091200 0.498065
v -0.040020 -0.091200 0.505864
v -0.039358 -0.051185 0.511052
v -0.039602 -0.091200 0.512797
v -0.038859 -0.043548 0.518309
v -0.039395 -0.091200 0.516263
v -0.038550 -0.038285 0.522804
v -0.039089 -0.091200 0.521463
v -0.038174 -0.031395 0.528319
v -0.038876 -0.091200 0.525144
v -0.038633 -0.091200 0.529440
v -0.037862 -0.025348 0.532986
v -0.038632 -0.091200 0.529452
v -0.037358 0.000000 0.538046
v -0.038194 -0.091200 0.537462
v -0.027939 -0.084301 0.777873
v -0.027910 -0.084214 0.778318
v -0.027994 -0.072999 0.775896
v -0.027958 -0.073000 0.776627
v 0.007403 -0.091200 0.834678
v 0.003931 -0.073000 0.832459
v -0.003613 -0.091200 0.827172
v -0.005984 -0.073000 0.824880
v -0.012953 -0.091200 0.817661
v -0.014343 -0.073000 0.815612
v -0.020258 -0.091200 0.806510
v -0.020863 -0.073000 0.804970
v -0.025248 -0.091200 0.794149
v -0.025323 -0.073000 0.793314
v -0.027730 -0.091200 0.781052
v -0.027572 -0.073000 0.781038
v 0.107572 -0.073000 0.768962
v 0.107842 -0.073000 0.775000
v 0.107609 -0.091200 0.782278
v 0.106551 -0.073000 0.788170
v 0.104891 -0.091200 0.795328
v 0.102728 -0.073000 0.800838
v 0.099678 -0.091200 0.807597
v 0.096519 -0.073000 0.812524
v 0.092172 -0.091200 0.818613
v 0.088160 -0.073000 0.822782
v 0.082661 -0.091200 0.827953
v 0.077968 -0.073000 0.831222
v 0.071511 -0.091200 0.835258
v 0.066332 -0.073000 0.837523
v 0.059149 -0.091200 0.840248
v 0.053694 -0.073000 0.841445
v 0.046052 -0.091200 0.842730
v 0.040535 -0.073000 0.842839
v 0.040500 -0.075000 0.842857
v 0.015067 -0.073000 0.838094
v 0.019672 -0.091200 0.839891
v 0.027047 -0.073000 0.841594
v 0.032722 -0.091200 0.842609
v 0.039465 -0.073000 0.842839
v 0.039500 -0.075000 0.842857
v 0.039920 -0.075494 0.842863
v 0.040000 -0.075500 0.842863
v 0.040254 -0.075431 0.842862
v 0.040470 -0.075169 0.842859
v 0.107730 -0.091200 0.768948
v 0.039624 -0.075329 0.842861
v 0.040000 -0.075500 0.842561
v 0.040254 -0.075431 0.842862
v 0.040220 -0.075449 0.842560
v 0.040470 -0.075169 0.842859
v 0.040447 -0.075221 0.842556
v 0.040500 -0.075000 0.842857
v 0.040500 -0.075000 0.842552
v 0.040000 -0.075500 0.842863
v 0.039893 -0.075489 0.842561
v 0.039920 -0.075494 0.842863
v 0.039609 -0.075311 0.842558
v 0.039624 -0.075329 0.842861
v 0.039500 -0.075000 0.842552
v 0.039500 -0.075000 0.842857
v 0.087116 -0.077898 0.666931
v 0.084925 -0.076843 0.652890
v 0.083806 -0.075695 0.667602
v 0.083024 -0.075073 0.653692
v 0.080216 -0.075000 0.668331
v 0.080776 -0.073928 0.654408
v 0.078679 -0.073848 0.656917
v 0.077474 -0.070265 0.645056
v 0.077391 -0.025436 0.586443
v 0.077739 -0.032730 0.594376
v 0.078204 -0.037694 0.596332
v 0.077716 -0.037852 0.599992
v 0.078480 -0.043828 0.603310
v 0.077491 -0.043846 0.606662
v 0.078556 -0.049054 0.609497
v 0.077169 -0.049741 0.613446
v 0.078579 -0.055526 0.617681
v 0.076828 -0.057081 0.622578
v 0.078722 -0.062252 0.627335
v 0.076816 -0.063776 0.632332
v 0.079393 -0.069313 0.640388
v 0.086251 -0.079077 0.652086
v 0.082961 -0.072504 0.638128
v 0.083875 -0.074717 0.636839
v 0.081443 -0.065616 0.624285
v 0.081821 -0.067711 0.622594
v 0.080397 -0.058927 0.614056
v 0.080273 -0.059273 0.611990
v 0.079804 -0.057084 0.615965
v 0.079353 -0.051610 0.605138
v 0.079320 -0.050639 0.607553
v 0.078830 -0.045405 0.601244
v 0.078528 -0.042706 0.598234
v 0.077930 -0.034543 0.592504
v 0.090016 -0.084913 0.666343
v 0.087685 -0.083832 0.654706
v 0.089303 -0.081256 0.666487
v 0.086892 -0.081515 0.651365
v 0.081401 -0.070644 0.639353
v 0.080360 -0.063734 0.625922
v 0.083784 -0.076341 0.633945
v 0.084080 -0.077032 0.635625
v 0.085314 -0.080280 0.642363
v 0.081925 -0.069106 0.622925
v 0.122173 -0.091200 0.337342
v 0.121928 -0.063000 0.337321
v 0.122166 -0.091200 0.337417
v 0.121215 -0.063000 0.344372
v 0.122166 -0.091200 0.337418
v 0.122163 -0.091200 0.337450
v 0.078798 -0.091200 0.537234
v 0.078432 -0.025349 0.535331
v 0.078717 -0.091200 0.537994
v 0.077937 0.000000 0.537822
v 0.078612 -0.091200 0.539014
v 0.078573 -0.091200 0.539402
v 0.078881 -0.091200 0.536474
v 0.078967 -0.091200 0.535706
v 0.079055 -0.091200 0.534938
v 0.079185 -0.035502 0.529947
v 0.079217 -0.091200 0.533563
v 0.079386 -0.091200 0.532189
v 0.092421 -0.091200 0.468986
v 0.093604 -0.084826 0.464320
v 0.091903 -0.091200 0.470957
v 0.091811 -0.084421 0.471078
v 0.091390 -0.091200 0.472929
v 0.090780 -0.091200 0.475297
v 0.092942 -0.091200 0.467016
v 0.093335 -0.091200 0.465539
v 0.093730 -0.091200 0.464063
v 0.106860 -0.084826 0.416009
v 0.094220 -0.091200 0.462243
v 0.094712 -0.091200 0.460423
v 0.121773 -0.084088 0.340883
v 0.121779 -0.084314 0.340842
v 0.121776 -0.084826 0.340919
v 0.121458 -0.091200 0.344413
v 0.121294 -0.091200 0.345841
v 0.107581 -0.091200 0.767314
v 0.107555 -0.091200 0.767040
v 0.107418 -0.084913 0.766174
v 0.107418 -0.091200 0.765611
v 0.104245 -0.084913 0.740821
v 0.107276 -0.091200 0.764183
v 0.107129 -0.091200 0.762755
v 0.095955 -0.091200 0.695029
v 0.090016 -0.084913 0.666343
v 0.096698 -0.091200 0.698705
v 0.096644 -0.084913 0.698716
v 0.097397 -0.091200 0.702199
v 0.097746 -0.091200 0.703954
v 0.091463 -0.091200 0.673155
v 0.090566 -0.091200 0.668775
v 0.089858 -0.091200 0.665288
v 0.087685 -0.083832 0.654706
v 0.089155 -0.091200 0.661800
v 0.088661 -0.091200 0.659321
v 0.104485 -0.091200 0.742051
v 0.104329 -0.091200 0.741010
v 0.104011 -0.091200 0.738927
v 0.100698 -0.084913 0.719704
v 0.103710 -0.091200 0.736999
v 0.103404 -0.091200 0.735073
v 0.101187 -0.091200 0.722094
v 0.100751 -0.091200 0.719694
v 0.100510 -0.091200 0.718380
v 0.100267 -0.091200 0.717067
v 0.099775 -0.091200 0.714440
v 0.088170 -0.091200 0.656842
v 0.087683 -0.091200 0.654362
v 0.085314 -0.080280 0.642363
v 0.087381 -0.091200 0.652811
v 0.087082 -0.091200 0.651260
v 0.085906 -0.091200 0.645051
v 0.085447 -0.091200 0.642565
v 0.084995 -0.091200 0.640078
v 0.083784 -0.076341 0.633945
v 0.084772 -0.091200 0.638834
v 0.084551 -0.091200 0.637589
v 0.084259 -0.091200 0.635929
v 0.083972 -0.091200 0.634269
v 0.083688 -0.091200 0.632608
v 0.081925 -0.069106 0.622925
v 0.083491 -0.091200 0.631447
v 0.083297 -0.091200 0.630285
v 0.082443 -0.091200 0.625009
v 0.082206 -0.091200 0.623487
v 0.081915 -0.091200 0.621584
v 0.080273 -0.059273 0.611990
v 0.081630 -0.091200 0.619680
v 0.081353 -0.091200 0.617775
v 0.080818 -0.091200 0.613963
v 0.080562 -0.091200 0.612055
v 0.080319 -0.091200 0.610190
v 0.079353 -0.051610 0.605138
v 0.080084 -0.091200 0.608325
v 0.079969 -0.091200 0.607392
v 0.079857 -0.091200 0.606459
v 0.079709 -0.091200 0.605215
v 0.079566 -0.091200 0.603970
v 0.078528 -0.042706 0.598234
v 0.079426 -0.091200 0.602724
v 0.079256 -0.091200 0.601167
v 0.079092 -0.091200 0.599609
v 0.078935 -0.091200 0.598050
v 0.077930 -0.034543 0.592504
v 0.078783 -0.091200 0.596491
v 0.078638 -0.091200 0.594931
v 0.078499 -0.091200 0.593371
v 0.078360 -0.091200 0.591730
v 0.077391 -0.025436 0.586443
v 0.078229 -0.091200 0.590089
v 0.078106 -0.091200 0.588447
v 0.077249 -0.091200 0.564981
v 0.077249 -0.091200 0.564932
v 0.077249 -0.091200 0.564929
v 0.076488 0.000000 0.561522
v 0.077250 -0.091200 0.564841
v 0.077644 -0.091200 0.551312
v 0.077720 -0.091200 0.549991
v 0.077655 -0.091200 0.551115
v 0.077654 -0.091200 0.551117
v 0.079561 -0.091200 0.530815
v 0.079741 -0.091200 0.529443
v 0.079971 -0.044277 0.524893
v 0.079928 -0.091200 0.528071
v 0.080121 -0.091200 0.526700
v 0.080279 -0.091200 0.525604
v 0.080441 -0.091200 0.524509
v 0.081181 -0.054743 0.517843
v 0.080607 -0.091200 0.523414
v 0.080733 -0.091200 0.522593
v 0.081124 -0.091200 0.520132
v 0.081378 -0.091200 0.518590
v 0.081638 -0.091200 0.517049
v 0.082629 -0.063773 0.510208
v 0.081905 -0.091200 0.515510
v 0.082178 -0.091200 0.513972
v 0.082457 -0.091200 0.512434
v 0.082742 -0.091200 0.510898
v 0.082975 -0.091200 0.509670
v 0.084442 -0.071622 0.501488
v 0.083211 -0.091200 0.508443
v 0.083450 -0.091200 0.507216
v 0.084190 -0.091200 0.503540
v 0.084480 -0.091200 0.502140
v 0.084774 -0.091200 0.500741
v 0.086957 -0.078573 0.490427
v 0.085072 -0.091200 0.499344
v 0.085373 -0.091200 0.497953
v 0.086691 -0.091200 0.492067
v 0.086934 -0.091200 0.491015
v 0.087419 -0.091200 0.488937
v 0.089065 -0.082086 0.481783
v 0.087911 -0.091200 0.486861
v 0.088411 -0.091200 0.484787
v 0.088699 -0.091200 0.483605
v 0.088989 -0.091200 0.482423
v 0.089283 -0.091200 0.481230
v 0.089580 -0.091200 0.480038
v 0.090176 -0.091200 0.477667
v 0.106153 -0.091200 0.418866
v 0.106874 -0.091200 0.416173
v 0.107588 -0.091200 0.413479
v 0.115686 -0.084826 0.379401
v 0.108295 -0.091200 0.410783
v 0.108646 -0.091200 0.409435
v 0.115285 -0.091200 0.381577
v 0.115668 -0.091200 0.379758
v 0.116045 -0.091200 0.377938
v 0.120660 -0.084826 0.350478
v 0.116414 -0.091200 0.376117
v 0.116776 -0.091200 0.374294
v 0.095206 -0.091200 0.691354
v 0.094741 -0.091200 0.689083
v 0.093807 -0.091200 0.684541
v 0.092183 -0.091200 0.676659
v 0.106977 -0.091200 0.761327
v 0.106838 -0.091200 0.760058
v 0.106695 -0.091200 0.758790
v 0.106549 -0.091200 0.757523
v 0.106436 -0.091200 0.756572
v 0.106322 -0.091200 0.755622
v 0.106116 -0.091200 0.753949
v 0.105905 -0.091200 0.752277
v 0.105687 -0.091200 0.750605
v 0.105464 -0.091200 0.748935
v 0.105235 -0.091200 0.747265
v 0.105040 -0.091200 0.745874
v 0.104841 -0.091200 0.744483
v 0.104639 -0.091200 0.743094
v 0.103091 -0.091200 0.733147
v 0.102772 -0.091200 0.731223
v 0.102448 -0.091200 0.729299
v 0.102242 -0.091200 0.728098
v 0.102035 -0.091200 0.726896
v 0.101826 -0.091200 0.725695
v 0.101615 -0.091200 0.724494
v 0.099276 -0.091200 0.711815
v 0.098771 -0.091200 0.709191
v 0.098433 -0.091200 0.707450
v 0.098092 -0.091200 0.705709
v 0.086686 -0.091200 0.649191
v 0.086294 -0.091200 0.647121
v 0.083113 -0.091200 0.629168
v 0.082930 -0.091200 0.628050
v 0.082685 -0.091200 0.626530
v 0.077990 -0.091200 0.586804
v 0.077882 -0.091200 0.585161
v 0.077830 -0.091200 0.584339
v 0.077781 -0.091200 0.583517
v 0.077734 -0.091200 0.582695
v 0.077689 -0.091200 0.581873
v 0.077626 -0.091200 0.580640
v 0.077567 -0.091200 0.579406
v 0.077513 -0.091200 0.578173
v 0.077463 -0.091200 0.576939
v 0.077410 -0.091200 0.575445
v 0.077364 -0.091200 0.573950
v 0.077326 -0.091200 0.572456
v 0.077295 -0.091200 0.570961
v 0.077272 -0.091200 0.569466
v 0.077256 -0.091200 0.567971
v 0.077253 -0.091200 0.567517
v 0.077251 -0.091200 0.567220
v 0.077249 -0.091200 0.566469
v 0.077248 -0.091200 0.566248
v 0.077248 -0.091200 0.565725
v 0.077724 -0.091200 0.549917
v 0.077782 -0.091200 0.549000
v 0.077791 -0.091200 0.548855
v 0.077800 -0.091200 0.548718
v 0.077842 -0.091200 0.548078
v 0.077870 -0.091200 0.547670
v 0.077886 -0.091200 0.547440
v 0.077955 -0.091200 0.546487
v 0.077967 -0.091200 0.546327
v 0.077979 -0.091200 0.546162
v 0.078078 -0.091200 0.544884
v 0.078183 -0.091200 0.543607
v 0.078295 -0.091200 0.542331
v 0.078306 -0.091200 0.542206
v 0.078310 -0.091200 0.542155
v 0.078412 -0.091200 0.541055
v 0.078434 -0.091200 0.540826
v 0.078438 -0.091200 0.540781
v 0.078510 -0.091200 0.540034
v 0.078567 -0.091200 0.539458
v 0.083632 -0.091200 0.506296
v 0.083816 -0.091200 0.505377
v 0.085678 -0.091200 0.496564
v 0.085987 -0.091200 0.495176
v 0.086217 -0.091200 0.494148
v 0.086450 -0.091200 0.493120
v 0.095225 -0.091200 0.458534
v 0.095741 -0.091200 0.456645
v 0.096419 -0.091200 0.454174
v 0.097099 -0.091200 0.451704
v 0.098010 -0.091200 0.448412
v 0.098618 -0.091200 0.446217
v 0.099838 -0.091200 0.441829
v 0.101098 -0.091200 0.437296
v 0.101727 -0.091200 0.435030
v 0.102668 -0.091200 0.431629
v 0.103372 -0.091200 0.429079
v 0.104073 -0.091200 0.426527
v 0.104604 -0.091200 0.424583
v 0.105134 -0.091200 0.422638
v 0.105645 -0.091200 0.420752
v 0.108994 -0.091200 0.408085
v 0.109609 -0.091200 0.405687
v 0.110216 -0.091200 0.403287
v 0.110517 -0.091200 0.402086
v 0.110816 -0.091200 0.400885
v 0.111211 -0.091200 0.399283
v 0.111603 -0.091200 0.397679
v 0.111990 -0.091200 0.396075
v 0.112508 -0.091200 0.393906
v 0.112764 -0.091200 0.392820
v 0.113018 -0.091200 0.391734
v 0.113395 -0.091200 0.390105
v 0.113767 -0.091200 0.388474
v 0.114135 -0.091200 0.386842
v 0.114497 -0.091200 0.385209
v 0.114894 -0.091200 0.383394
v 0.117127 -0.091200 0.372492
v 0.117469 -0.091200 0.370689
v 0.117482 -0.091200 0.370622
v 0.117638 -0.091200 0.369786
v 0.117667 -0.091200 0.369629
v 0.117779 -0.091200 0.369021
v 0.117804 -0.091200 0.368884
v 0.117892 -0.091200 0.368402
v 0.118023 -0.091200 0.367680
v 0.118128 -0.091200 0.367092
v 0.118238 -0.091200 0.366475
v 0.118253 -0.091200 0.366392
v 0.118381 -0.091200 0.365661
v 0.118449 -0.091200 0.365269
v 0.118490 -0.091200 0.365034
v 0.118659 -0.091200 0.364052
v 0.118716 -0.091200 0.363719
v 0.118771 -0.091200 0.363392
v 0.118927 -0.091200 0.362462
v 0.118976 -0.091200 0.362167
v 0.119041 -0.091200 0.361771
v 0.119189 -0.091200 0.360864
v 0.119230 -0.091200 0.360614
v 0.119305 -0.091200 0.360145
v 0.119445 -0.091200 0.359262
v 0.119477 -0.091200 0.359060
v 0.119562 -0.091200 0.358514
v 0.119711 -0.091200 0.357549
v 0.119717 -0.091200 0.357505
v 0.119725 -0.091200 0.357454
v 0.119947 -0.091200 0.355979
v 0.119951 -0.091200 0.355949
v 0.119958 -0.091200 0.355900
v 0.120173 -0.091200 0.354425
v 0.120178 -0.091200 0.354392
v 0.120239 -0.091200 0.353967
v 0.120375 -0.091200 0.353000
v 0.120379 -0.091200 0.352969
v 0.120443 -0.091200 0.352508
v 0.120571 -0.091200 0.351572
v 0.120574 -0.091200 0.351545
v 0.120641 -0.091200 0.351047
v 0.120760 -0.091200 0.350142
v 0.120763 -0.091200 0.350120
v 0.120833 -0.091200 0.349584
v 0.120944 -0.091200 0.348711
v 0.120946 -0.091200 0.348694
v 0.121019 -0.091200 0.348113
v 0.121122 -0.091200 0.347279
v 0.121123 -0.091200 0.347268
v 0.121201 -0.091200 0.346621
v 0.121293 -0.091200 0.345845
v 0.107121 -0.073000 0.764231
v 0.107572 -0.073000 0.768962
v 0.107730 -0.091200 0.768948
v 0.107641 -0.091200 0.767962
v 0.107613 -0.091200 0.767659
v 0.078233 0.000000 0.535130
v 0.121385 -0.070215 0.343414
v 0.081082 -0.091200 0.615869
v 0.077183 0.000000 0.586647
v 0.080861 -0.091200 0.521772
v 0.084032 -0.075000 0.686921
v 0.045601 -0.075000 0.704221
v 0.058481 -0.075000 0.706448
v 0.070735 -0.075000 0.710997
v 0.081947 -0.075000 0.717716
v 0.091737 -0.075000 0.726376
v 0.004647 -0.075000 0.679129
v -0.009238 -0.075000 0.678052
v -0.020765 -0.075000 0.738276
v -0.013003 -0.075000 0.727759
v -0.003445 -0.075000 0.718843
v 0.007586 -0.075000 0.711831
v 0.019715 -0.075000 0.706959
v 0.032532 -0.075000 0.704394
v 0.037470 -0.075000 0.679129
v 0.080216 -0.075000 0.668331
v 0.071823 -0.075000 0.672315
v 0.063066 -0.075000 0.675413
v 0.049447 -0.075000 0.678329
v -0.023471 -0.075000 0.674625
v -0.028000 -0.082670 0.775000
v -0.027576 -0.079581 0.767335
v -0.027788 -0.080355 0.765870
v -0.026644 -0.077769 0.760751
v -0.027050 -0.078561 0.759567
v -0.025341 -0.076362 0.754682
v -0.025784 -0.076951 0.753047
v -0.023700 -0.075349 0.748950
v -0.024170 -0.075809 0.747168
v -0.021709 -0.074784 0.743415
v -0.022620 -0.075226 0.742714
v -0.020765 -0.075000 0.738276
v -0.027679 -0.079759 0.768397
v -0.027255 -0.078366 0.764961
v -0.026058 -0.076092 0.758866
v -0.025049 -0.075218 0.755114
v -0.023178 -0.074298 0.749401
v -0.024705 -0.074536 0.754089
v -0.022487 -0.073000 0.748180
v -0.020674 -0.073000 0.744115
v -0.020977 -0.073884 0.743900
v -0.018344 -0.073000 0.739739
v -0.019282 -0.074450 0.739172
v -0.027928 -0.084865 0.778178
v -0.027928 -0.084815 0.778167
v -0.027930 -0.084832 0.778152
v -0.027929 -0.084692 0.778127
v -0.027935 -0.084710 0.778060
v -0.027931 -0.084564 0.778064
v -0.027947 -0.084528 0.777842
v -0.027939 -0.084301 0.777873
v -0.027986 -0.084095 0.777036
v -0.027971 -0.083706 0.777000
v -0.028075 -0.082604 0.772997
v -0.027928 -0.084913 0.778187
v 0.040552 -0.072000 0.842500
v 0.039448 -0.072000 0.842500
v 0.040500 -0.075000 0.842552
v 0.039500 -0.075000 0.842552
v 0.040447 -0.075221 0.842556
v 0.039609 -0.075311 0.842558
v 0.040220 -0.075449 0.842560
v 0.039893 -0.075489 0.842561
v 0.040000 -0.075500 0.842561
v 0.039500 -0.075000 0.842857
v 0.039500 -0.075000 0.842552
v 0.039465 -0.073000 0.842839
v 0.039448 -0.072000 0.842500
v 0.039448 -0.072000 0.842839
v 0.039465 -0.073000 0.842839
v 0.039448 -0.072000 0.842839
v 0.027047 -0.073000 0.841594
v 0.027032 -0.072000 0.841591
v 0.015067 -0.073000 0.838094
v 0.015055 -0.072000 0.838089
v 0.003931 -0.073000 0.832459
v 0.003922 -0.072000 0.832453
v -0.005984 -0.073000 0.824880
v -0.005990 -0.072000 0.824874
v -0.014343 -0.073000 0.815612
v -0.014347 -0.072000 0.815607
v -0.020863 -0.073000 0.804970
v -0.020865 -0.072000 0.804966
v -0.025323 -0.073000 0.793314
v -0.025323 -0.072000 0.793312
v -0.027572 -0.073000 0.781038
v -0.027572 -0.072000 0.781038
v -0.027958 -0.072000 0.776627
v -0.027958 -0.073000 0.776627
v -0.027572 -0.072000 0.781038
v -0.027572 -0.073000 0.781038
v -0.027994 -0.072000 0.775896
v -0.027994 -0.072999 0.775896
v -0.027958 -0.072000 0.776627
v -0.027958 -0.073000 0.776627
v -0.028000 -0.082670 0.775000
v -0.028000 -0.072000 0.775000
v -0.027679 -0.079759 0.768397
v -0.027380 -0.072000 0.765838
v -0.027255 -0.078366 0.764961
v -0.026058 -0.076092 0.758866
v -0.024705 -0.074536 0.754089
v -0.025531 -0.072000 0.756843
v -0.022487 -0.072000 0.748180
v -0.022487 -0.073000 0.748180
v -0.027994 -0.072999 0.775896
v -0.027994 -0.072000 0.775896
v -0.027971 -0.083706 0.777000
v -0.027939 -0.084301 0.777873
v 0.107572 -0.072000 0.768962
v 0.107572 -0.073000 0.768962
v 0.107121 -0.072000 0.764231
v 0.107121 -0.073000 0.764231
v 0.107572 -0.073000 0.768962
v 0.107572 -0.072000 0.768962
v 0.107842 -0.073000 0.775000
v 0.107842 -0.072000 0.775000
v 0.106551 -0.073000 0.788170
v 0.106551 -0.072000 0.788167
v 0.102728 -0.073000 0.800838
v 0.102730 -0.072000 0.800834
v 0.096519 -0.073000 0.812524
v 0.096523 -0.072000 0.812518
v 0.088160 -0.073000 0.822782
v 0.088166 -0.072000 0.822776
v 0.077968 -0.073000 0.831222
v 0.077977 -0.072000 0.831216
v 0.066332 -0.073000 0.837523
v 0.066344 -0.072000 0.837518
v 0.053694 -0.073000 0.841445
v 0.053709 -0.072000 0.841442
v 0.040535 -0.073000 0.842839
v 0.040552 -0.072000 0.842839
v 0.040500 -0.075000 0.842857
v 0.040535 -0.073000 0.842839
v 0.040500 -0.075000 0.842552
v 0.040552 -0.072000 0.842839
v 0.040552 -0.072000 0.842500
v 0.107338 -0.084490 0.765491
v 0.107349 -0.084336 0.765613
v 0.107418 -0.084913 0.766174
v 0.107195 -0.083984 0.764439
v 0.107418 -0.084913 0.766174
v 0.106165 -0.082020 0.758634
v 0.101152 -0.080057 0.729802
v 0.104349 -0.079900 0.751578
v 0.102467 -0.078366 0.746054
v 0.090016 -0.084913 0.666343
v 0.091548 -0.080057 0.680322
v 0.096644 -0.084913 0.698716
v 0.100698 -0.084913 0.719704
v 0.104245 -0.084913 0.740821
v 0.089303 -0.081256 0.666487
v 0.087116 -0.077898 0.666931
v 0.087801 -0.076264 0.681095
v 0.083806 -0.075695 0.667602
v 0.084032 -0.075000 0.686921
v 0.080216 -0.075000 0.668331
v 0.097380 -0.076264 0.730442
v 0.097490 -0.075916 0.735301
v 0.095820 -0.075460 0.732424
v 0.091737 -0.075000 0.726376
v 0.092600 -0.075021 0.727555
v 0.107338 -0.084490 0.765491
v 0.100452 -0.077148 0.741202
v 0.107349 -0.084336 0.765613
v 0.107028 -0.073000 0.763542
v 0.107418 -0.084913 0.766174
v 0.107121 -0.073000 0.764231
v 0.107121 -0.072000 0.764231
v 0.107121 -0.073000 0.764231
v 0.107028 -0.072000 0.763542
v 0.107028 -0.073000 0.763542
v -0.013003 -0.075000 0.727759
v -0.007911 -0.074450 0.724974
v -0.003445 -0.075000 0.718843
v 0.006765 -0.074450 0.714226
v 0.007586 -0.075000 0.711831
v 0.023732 -0.074450 0.707669
v 0.019715 -0.075000 0.706959
v 0.032532 -0.075000 0.704394
v -0.020765 -0.075000 0.738276
v -0.019282 -0.074450 0.739172
v -0.010891 -0.073000 0.729641
v -0.018344 -0.073000 0.739739
v 0.080276 -0.073000 0.719998
v 0.076385 -0.074450 0.716058
v 0.069510 -0.073000 0.713547
v 0.059785 -0.074450 0.708618
v 0.057745 -0.073000 0.709178
v 0.041822 -0.074450 0.705756
v 0.045378 -0.073000 0.707041
v 0.032829 -0.073000 0.707207
v 0.089676 -0.073000 0.728313
v 0.090475 -0.074450 0.727562
v 0.081947 -0.075000 0.717716
v 0.091737 -0.075000 0.726376
v 0.070735 -0.075000 0.710997
v 0.058481 -0.075000 0.706448
v 0.045601 -0.075000 0.704221
v 0.020523 -0.073000 0.709670
v 0.008877 -0.073000 0.714347
v -0.001714 -0.073000 0.721081
v -0.020674 -0.073000 0.744115
v -0.022487 -0.073000 0.748180
v -0.022487 -0.072000 0.748180
v -0.018344 -0.072000 0.739739
v -0.018344 -0.073000 0.739739
v 0.040552 -0.072000 0.842500
v 0.040552 -0.070999 0.842500
v 0.039448 -0.072000 0.842500
v 0.039448 -0.070999 0.842500
v 0.039448 -0.072000 0.842500
v 0.039448 -0.070999 0.842500
v 0.039448 -0.072000 0.842839
v 0.039448 -0.070999 0.842839
v -0.027228 -0.070999 0.784105
v -0.025323 -0.072000 0.793312
v -0.024944 -0.070999 0.794614
v -0.020865 -0.072000 0.804966
v -0.021029 -0.070999 0.804629
v -0.014347 -0.072000 0.815607
v -0.015581 -0.070999 0.813900
v -0.005990 -0.072000 0.824874
v -0.008737 -0.070999 0.822193
v 0.003922 -0.072000 0.832453
v -0.000668 -0.070999 0.829301
v 0.008423 -0.070999 0.835044
v 0.015055 -0.072000 0.838089
v 0.018307 -0.070999 0.839279
v 0.027032 -0.072000 0.841591
v 0.028736 -0.070999 0.841900
v 0.039448 -0.072000 0.842839
v 0.039448 -0.070999 0.842839
v -0.027572 -0.070999 0.781038
v -0.027572 -0.072000 0.781038
v -0.027572 -0.070999 0.781038
v -0.027958 -0.070999 0.776627
v -0.027572 -0.072000 0.781038
v -0.027958 -0.072000 0.776627
v -0.027958 -0.070999 0.776627
v -0.027994 -0.070999 0.775896
v -0.027958 -0.072000 0.776627
v -0.027994 -0.072000 0.775896
v -0.027994 -0.070999 0.775896
v -0.028000 -0.070999 0.775000
v -0.027994 -0.072000 0.775896
v -0.028000 -0.072000 0.775000
v -0.022487 -0.070999 0.748180
v -0.025531 -0.072000 0.756843
v -0.025531 -0.070999 0.756844
v -0.027380 -0.072000 0.765838
v -0.027380 -0.070999 0.765838
v -0.028000 -0.072000 0.775000
v -0.028000 -0.070999 0.775000
v -0.022487 -0.072000 0.748180
v 0.107121 -0.070999 0.764231
v 0.107572 -0.070999 0.768962
v 0.107121 -0.072000 0.764231
v 0.107572 -0.072000 0.768962
v 0.107572 -0.070999 0.768962
v 0.107842 -0.070999 0.775000
v 0.107572 -0.072000 0.768962
v 0.107842 -0.072000 0.775000
v 0.070125 -0.070999 0.835786
v 0.060141 -0.070999 0.839782
v 0.066344 -0.072000 0.837518
v 0.049652 -0.070999 0.842151
v 0.053709 -0.072000 0.841442
v 0.040552 -0.070999 0.842839
v 0.040552 -0.072000 0.842839
v 0.104454 -0.070999 0.796169
v 0.100299 -0.070999 0.806087
v 0.102730 -0.072000 0.800834
v 0.094630 -0.070999 0.815224
v 0.096523 -0.072000 0.812518
v 0.087589 -0.070999 0.823351
v 0.088166 -0.072000 0.822776
v 0.079351 -0.070999 0.830262
v 0.077977 -0.072000 0.831216
v 0.106989 -0.070999 0.785719
v 0.106551 -0.072000 0.788167
v 0.107842 -0.072000 0.775000
v 0.107842 -0.070999 0.775000
v 0.040552 -0.072000 0.842839
v 0.040552 -0.070999 0.842839
v 0.040552 -0.072000 0.842500
v 0.040552 -0.070999 0.842500
v 0.107028 -0.070999 0.763542
v 0.107121 -0.070999 0.764231
v 0.107028 -0.072000 0.763542
v 0.107121 -0.072000 0.764231
v 0.107195 -0.083984 0.764439
v 0.106165 -0.082020 0.758634
v 0.106401 -0.081693 0.760341
v 0.104305 -0.079042 0.752795
v 0.104503 -0.078854 0.753476
v 0.102001 -0.077395 0.746594
v 0.102786 -0.077079 0.748885
v 0.099131 -0.076005 0.740364
v 0.100490 -0.075311 0.743937
v 0.098860 -0.074878 0.740852
v 0.097176 -0.073551 0.738190
v 0.096289 -0.074215 0.736514
v 0.095695 -0.073000 0.735986
v 0.093584 -0.073893 0.732467
v 0.092820 -0.073000 0.732033
v 0.090475 -0.074450 0.727562
v 0.089676 -0.073000 0.728313
v 0.094182 -0.074813 0.731854
v 0.096733 -0.075257 0.735967
v 0.104349 -0.079900 0.751578
v 0.102467 -0.078366 0.746054
v 0.100452 -0.077148 0.741202
v 0.097490 -0.075916 0.735301
v 0.095820 -0.075460 0.732424
v 0.092600 -0.075021 0.727555
v 0.091737 -0.075000 0.726376
v 0.107220 -0.083752 0.764728
v 0.107349 -0.084336 0.765613
v 0.107338 -0.084490 0.765491
v 0.104621 -0.072000 0.753832
v 0.107028 -0.072000 0.763542
v 0.106401 -0.081693 0.760341
v 0.107028 -0.073000 0.763542
v 0.107220 -0.083752 0.764728
v 0.107349 -0.084336 0.765613
v 0.104503 -0.078854 0.753476
v 0.102786 -0.077079 0.748885
v 0.100816 -0.072000 0.744580
v 0.100490 -0.075311 0.743937
v 0.097176 -0.073551 0.738190
v 0.095695 -0.073000 0.735986
v 0.095695 -0.072000 0.735986
v 0.089676 -0.072000 0.728313
v 0.089676 -0.073000 0.728313
v 0.080276 -0.072000 0.719998
v 0.080276 -0.073000 0.719998
v 0.069510 -0.072000 0.713547
v 0.069510 -0.073000 0.713547
v 0.057745 -0.072000 0.709178
v 0.057745 -0.073000 0.709178
v 0.045378 -0.072000 0.707041
v 0.045378 -0.073000 0.707041
v 0.032829 -0.072000 0.707207
v 0.032829 -0.073000 0.707207
v 0.020523 -0.072000 0.709670
v 0.020523 -0.073000 0.709670
v 0.008877 -0.072000 0.714347
v 0.008877 -0.073000 0.714347
v -0.001714 -0.072000 0.721081
v -0.001714 -0.073000 0.721081
v -0.010891 -0.072000 0.729641
v -0.010891 -0.073000 0.729641
v -0.018344 -0.072000 0.739739
v -0.018344 -0.073000 0.739739
v -0.022487 -0.070999 0.748180
v -0.018344 -0.070999 0.739739
v -0.022487 -0.072000 0.748180
v -0.018344 -0.072000 0.739739
v 0.107842 -0.070999 0.775000
v 0.107572 -0.070999 0.768962
v 0.106989 -0.070999 0.785719
v 0.107121 -0.070999 0.764231
v 0.107028 -0.070999 0.763542
v 0.104454 -0.070999 0.796169
v 0.104621 -0.070999 0.753832
v 0.100299 -0.070999 0.806087
v 0.100816 -0.070999 0.744580
v 0.094630 -0.070999 0.815224
v 0.095695 -0.070999 0.735986
v 0.087589 -0.070999 0.823351
v 0.089676 -0.070999 0.728313
v 0.079351 -0.070999 0.830262
v 0.082693 -0.070999 0.721852
v 0.070125 -0.070999 0.835786
v 0.074877 -0.070999 0.716427
v 0.066383 -0.070999 0.712142
v 0.056145 -0.070999 0.708769
v 0.060141 -0.070999 0.839782
v -0.027994 -0.070999 0.775896
v -0.027958 -0.070999 0.776627
v -0.028000 -0.070999 0.775000
v -0.027572 -0.070999 0.781038
v -0.027380 -0.070999 0.765838
v -0.027228 -0.070999 0.784105
v -0.025531 -0.070999 0.756844
v -0.024944 -0.070999 0.794614
v -0.022487 -0.070999 0.748180
v -0.021029 -0.070999 0.804629
v -0.018344 -0.070999 0.739739
v -0.015581 -0.070999 0.813900
v -0.012057 -0.070999 0.730984
v -0.008737 -0.070999 0.822193
v -0.004468 -0.070999 0.723329
v -0.000668 -0.070999 0.829301
v 0.004233 -0.070999 0.716966
v 0.008423 -0.070999 0.835044
v 0.013828 -0.070999 0.712053
v 0.018307 -0.070999 0.839279
v 0.024077 -0.070999 0.708714
v 0.028736 -0.070999 0.841900
v 0.034724 -0.070999 0.707033
v 0.039448 -0.070999 0.842839
v 0.039448 -0.070999 0.842500
v 0.045504 -0.070999 0.707051
v 0.040552 -0.070999 0.842500
v 0.040552 -0.070999 0.842839
v 0.049652 -0.070999 0.842151
v 0.107028 -0.070999 0.763542
v 0.104621 -0.072000 0.753832
v 0.104621 -0.070999 0.753832
v 0.100816 -0.072000 0.744580
v 0.100816 -0.070999 0.744580
v 0.095695 -0.072000 0.735986
v 0.095695 -0.070999 0.735986
v 0.107028 -0.072000 0.763542
v 0.092820 -0.073000 0.732033
v 0.089676 -0.073000 0.728313
v 0.089676 -0.072000 0.728313
v 0.095695 -0.072000 0.735986
v 0.095695 -0.073000 0.735986
v 0.066383 -0.070999 0.712142
v 0.074877 -0.070999 0.716427
v 0.069510 -0.072000 0.713547
v 0.082693 -0.070999 0.721852
v 0.080276 -0.072000 0.719998
v 0.089676 -0.070999 0.728313
v 0.089676 -0.072000 0.728313
v 0.004233 -0.070999 0.716966
v 0.013828 -0.070999 0.712053
v 0.008877 -0.072000 0.714347
v 0.024077 -0.070999 0.708714
v 0.020523 -0.072000 0.709670
v 0.034724 -0.070999 0.707033
v 0.032829 -0.072000 0.707207
v 0.045504 -0.070999 0.707051
v 0.045378 -0.072000 0.707041
v 0.056145 -0.070999 0.708769
v 0.057745 -0.072000 0.709178
v -0.001714 -0.072000 0.721081
v -0.004468 -0.070999 0.723329
v -0.010891 -0.072000 0.729641
v -0.012057 -0.070999 0.730984
v -0.018344 -0.072000 0.739739
v -0.018344 -0.070999 0.739739
v 0.089676 -0.070999 0.728313
v 0.095695 -0.070999 0.735986
v 0.089676 -0.072000 0.728313
v 0.095695 -0.072000 0.735986
v 0.106838 -0.091200 0.760058
v 0.106858 -0.091200 0.760237
v 0.106695 -0.091200 0.758790
v 0.106666 -0.091200 0.758539
v 0.106549 -0.091200 0.757523
v 0.106468 -0.091200 0.756841
v 0.106322 -0.091200 0.755622
v 0.106264 -0.091200 0.755144
v 0.106116 -0.091200 0.753949
v 0.106101 -0.091200 0.753824
v 0.105905 -0.091200 0.752277
v 0.105934 -0.091200 0.752505
v 0.104639 -0.091200 0.743094
v 0.104667 -0.091200 0.743284
v 0.104485 -0.091200 0.742051
v 0.104447 -0.091200 0.741799
v 0.104329 -0.091200 0.741010
v 0.104224 -0.091200 0.740315
v 0.104329 -0.091200 0.741010
v 0.104224 -0.091200 0.740315
v 0.104011 -0.091200 0.738927
v 0.103997 -0.091200 0.738831
v 0.103710 -0.091200 0.736999
v 0.103824 -0.091200 0.737723
v 0.103650 -0.091200 0.736615
v 0.101574 -0.091200 0.724264
v 0.101267 -0.091200 0.722538
v 0.101187 -0.091200 0.722094
v 0.101034 -0.091200 0.721244
v 0.100751 -0.091200 0.719694
v 0.100799 -0.091200 0.719951
v 0.100510 -0.091200 0.718380
v 0.100323 -0.091200 0.717364
v 0.100267 -0.091200 0.717067
v 0.099840 -0.091200 0.714778
v 0.099775 -0.091200 0.714440
v 0.099429 -0.091200 0.712612
v 0.099276 -0.091200 0.711815
v 0.099014 -0.091200 0.710446
v 0.098771 -0.091200 0.709191
v 0.098595 -0.091200 0.708281
v 0.098433 -0.091200 0.707450
v 0.098279 -0.091200 0.706658
v 0.098092 -0.091200 0.705709
v 0.097960 -0.091200 0.705035
v 0.097746 -0.091200 0.703954
v 0.097317 -0.091200 0.701790
v 0.097397 -0.091200 0.702199
v 0.096698 -0.091200 0.698705
v 0.096667 -0.091200 0.698547
v 0.096122 -0.091200 0.695845
v 0.095955 -0.091200 0.695029
v 0.095573 -0.091200 0.693144
v 0.095206 -0.091200 0.691354
v 0.094837 -0.091200 0.689544
v 0.094741 -0.091200 0.689083
v 0.094345 -0.091200 0.687145
v 0.093807 -0.091200 0.684541
v 0.093358 -0.091200 0.682349
v 0.092370 -0.091200 0.677555
v 0.092183 -0.091200 0.676659
v 0.091876 -0.091200 0.675158
v 0.091463 -0.091200 0.673155
v 0.091139 -0.091200 0.671563
v 0.090566 -0.091200 0.668775
v 0.090588 -0.091200 0.668867
v 0.090039 -0.091200 0.666170
v 0.089858 -0.091200 0.665288
v 0.089613 -0.091200 0.664063
v 0.089155 -0.091200 0.661800
v 0.089189 -0.091200 0.661955
v 0.088775 -0.091200 0.659882
v 0.088661 -0.091200 0.659321
v 0.088363 -0.091200 0.657808
v 0.088170 -0.091200 0.656842
v 0.087814 -0.091200 0.655018
v 0.087683 -0.091200 0.654362
v 0.087381 -0.091200 0.652811
v 0.087272 -0.091200 0.652228
v 0.087082 -0.091200 0.651260
v 0.086735 -0.091200 0.649435
v 0.086686 -0.091200 0.649191
v 0.086470 -0.091200 0.648039
v 0.086294 -0.091200 0.647121
v 0.086207 -0.091200 0.646642
v 0.085906 -0.091200 0.645051
v 0.085859 -0.091200 0.644778
v 0.085514 -0.091200 0.642914
v 0.085447 -0.091200 0.642565
v 0.085174 -0.091200 0.641049
v 0.084995 -0.091200 0.640078
v 0.084772 -0.091200 0.638834
v 0.084743 -0.091200 0.638650
v 0.084551 -0.091200 0.637589
v 0.084318 -0.091200 0.636250
v 0.084259 -0.091200 0.635929
v 0.084109 -0.091200 0.635049
v 0.083972 -0.091200 0.634269
v 0.083902 -0.091200 0.633848
v 0.083688 -0.091200 0.632608
v 0.083575 -0.091200 0.631926
v 0.083491 -0.091200 0.631447
v 0.083297 -0.091200 0.630285
v 0.083253 -0.091200 0.630002
v 0.083113 -0.091200 0.629168
v 0.082938 -0.091200 0.628078
v 0.082930 -0.091200 0.628050
v 0.082685 -0.091200 0.626530
v 0.082628 -0.091200 0.626153
v 0.082443 -0.091200 0.625009
v 0.082324 -0.091200 0.624227
v 0.082206 -0.091200 0.623487
v 0.082158 -0.091200 0.623156
v 0.081994 -0.091200 0.622084
v 0.081837 -0.091200 0.621048
v 0.081915 -0.091200 0.621584
v 0.081682 -0.091200 0.620010
v 0.081630 -0.091200 0.619680
v 0.081450 -0.091200 0.618428
v 0.081353 -0.091200 0.617775
v 0.081222 -0.091200 0.616845
v 0.081082 -0.091200 0.615869
v 0.080999 -0.091200 0.615261
v 0.080818 -0.091200 0.613963
v 0.080782 -0.091200 0.613677
v 0.080562 -0.091200 0.612055
v 0.080546 -0.091200 0.611916
v 0.080319 -0.091200 0.610190
v 0.080317 -0.091200 0.610154
v 0.080094 -0.091200 0.608391
v 0.080084 -0.091200 0.608325
v 0.079969 -0.091200 0.607392
v 0.079879 -0.091200 0.606627
v 0.079857 -0.091200 0.606459
v 0.079709 -0.091200 0.605215
v 0.079670 -0.091200 0.604862
v 0.079566 -0.091200 0.603970
v 0.079469 -0.091200 0.603097
v 0.079426 -0.091200 0.602724
v 0.079274 -0.091200 0.601322
v 0.079256 -0.091200 0.601167
v 0.079092 -0.091200 0.599609
v 0.079087 -0.091200 0.599546
v 0.078997 -0.091200 0.598658
v 0.078935 -0.091200 0.598050
v 0.078908 -0.091200 0.597770
v 0.078783 -0.091200 0.596491
v 0.078793 -0.091200 0.596586
v 0.078682 -0.091200 0.595402
v 0.078638 -0.091200 0.594931
v 0.078575 -0.091200 0.594218
v 0.078499 -0.091200 0.593371
v 0.078446 -0.091200 0.592738
v 0.078360 -0.091200 0.591730
v 0.078323 -0.091200 0.591258
v 0.078229 -0.091200 0.590089
v 0.078206 -0.091200 0.589778
v 0.078106 -0.091200 0.588447
v 0.078095 -0.091200 0.588297
v 0.077990 -0.091200 0.586804
v 0.077991 -0.091200 0.586817
v 0.077893 -0.091200 0.585336
v 0.077882 -0.091200 0.585161
v 0.077794 -0.091200 0.583719
v 0.077830 -0.091200 0.584339
v 0.077781 -0.091200 0.583517
v 0.077747 -0.091200 0.582911
v 0.077734 -0.091200 0.582695
v 0.077702 -0.091200 0.582103
v 0.077689 -0.091200 0.581873
v 0.077639 -0.091200 0.580890
v 0.077626 -0.091200 0.580640
v 0.077580 -0.091200 0.579676
v 0.077567 -0.091200 0.579406
v 0.077525 -0.091200 0.578462
v 0.077513 -0.091200 0.578173
v 0.077476 -0.091200 0.577248
v 0.077463 -0.091200 0.576939
v 0.077425 -0.091200 0.575859
v 0.105230 -0.091200 0.747233
v 0.105040 -0.091200 0.745874
v 0.105235 -0.091200 0.747265
v 0.105464 -0.091200 0.748935
v 0.105501 -0.091200 0.749209
v 0.107555 -0.091200 0.767040
v 0.107391 -0.091200 0.765338
v 0.107418 -0.091200 0.765611
v 0.107418 -0.091200 0.765611
v 0.107391 -0.091200 0.765338
v 0.107276 -0.091200 0.764183
v 0.107220 -0.091200 0.763637
v 0.107276 -0.091200 0.764183
v 0.107220 -0.091200 0.763637
v 0.107129 -0.091200 0.762755
v 0.107042 -0.091200 0.761937
v 0.107129 -0.091200 0.762755
v 0.107042 -0.091200 0.761937
v 0.106977 -0.091200 0.761327
v 0.106977 -0.091200 0.761327
v 0.106858 -0.091200 0.760237
v 0.106838 -0.091200 0.760058
v 0.106549 -0.091200 0.757523
v 0.106468 -0.091200 0.756841
v 0.106436 -0.091200 0.756572
v 0.106322 -0.091200 0.755622
v 0.106436 -0.091200 0.756572
v 0.106264 -0.091200 0.755144
v 0.105934 -0.091200 0.752505
v 0.105763 -0.091200 0.751187
v 0.105905 -0.091200 0.752277
v 0.105763 -0.091200 0.751187
v 0.105687 -0.091200 0.750605
v 0.105633 -0.091200 0.750198
v 0.105687 -0.091200 0.750605
v 0.105633 -0.091200 0.750198
v 0.105464 -0.091200 0.748935
v 0.105501 -0.091200 0.749209
v 0.104952 -0.091200 0.745258
v 0.105040 -0.091200 0.745874
v 0.104952 -0.091200 0.745258
v 0.104841 -0.091200 0.744483
v 0.104841 -0.091200 0.744483
v 0.104667 -0.091200 0.743284
v 0.104639 -0.091200 0.743094
v 0.103404 -0.091200 0.735073
v 0.103472 -0.091200 0.735499
v 0.103472 -0.091200 0.735499
v 0.103292 -0.091200 0.734382
v 0.103404 -0.091200 0.735073
v 0.103292 -0.091200 0.734382
v 0.103091 -0.091200 0.733147
v 0.102928 -0.091200 0.732160
v 0.103091 -0.091200 0.733147
v 0.102928 -0.091200 0.732160
v 0.102772 -0.091200 0.731223
v 0.102556 -0.091200 0.729938
v 0.102772 -0.091200 0.731223
v 0.102556 -0.091200 0.729938
v 0.102448 -0.091200 0.729299
v 0.102242 -0.091200 0.728098
v 0.102448 -0.091200 0.729299
v 0.102177 -0.091200 0.727717
v 0.102242 -0.091200 0.728098
v 0.102035 -0.091200 0.726896
v 0.102177 -0.091200 0.727717
v 0.101878 -0.091200 0.725990
v 0.102035 -0.091200 0.726896
v 0.101878 -0.091200 0.725990
v 0.101826 -0.091200 0.725695
v 0.101615 -0.091200 0.724494
v 0.101826 -0.091200 0.725695
v 0.101574 -0.091200 0.724264
v 0.101615 -0.091200 0.724494
v 0.100799 -0.091200 0.719951
v 0.100323 -0.091200 0.717364
v 0.100510 -0.091200 0.718380
v 0.077463 -0.091200 0.576939
v 0.077425 -0.091200 0.575859
v 0.077410 -0.091200 0.575445
v 0.077380 -0.091200 0.574470
v 0.077410 -0.091200 0.575445
v 0.077380 -0.091200 0.574470
v 0.077364 -0.091200 0.573950
v 0.077342 -0.091200 0.573080
v 0.077364 -0.091200 0.573950
v 0.077342 -0.091200 0.573080
v 0.077326 -0.091200 0.572456
v 0.077310 -0.091200 0.571690
v 0.077326 -0.091200 0.572456
v 0.077310 -0.091200 0.571690
v 0.077295 -0.091200 0.570961
v 0.077284 -0.091200 0.570299
v 0.077295 -0.091200 0.570961
v 0.077284 -0.091200 0.570299
v 0.077272 -0.091200 0.569466
v 0.077265 -0.091200 0.568908
v 0.077272 -0.091200 0.569466
v 0.077265 -0.091200 0.568908
v 0.077256 -0.091200 0.567971
v 0.077253 -0.091200 0.567517
v 0.077256 -0.091200 0.567971
v 0.077249 -0.091200 0.564981
v 0.077248 -0.091200 0.565725
v 0.077248 -0.091200 0.566248
v 0.116825 -0.091200 0.374047
v 0.116776 -0.091200 0.374294
v 0.116640 -0.091200 0.374987
v 0.116414 -0.091200 0.376117
v 0.116453 -0.091200 0.375926
v 0.116262 -0.091200 0.376877
v 0.116068 -0.091200 0.377829
v 0.116045 -0.091200 0.377938
v 0.115677 -0.091200 0.379717
v 0.115668 -0.091200 0.379758
v 0.115280 -0.091200 0.381604
v 0.115285 -0.091200 0.381577
v 0.114894 -0.091200 0.383394
v 0.114874 -0.091200 0.383489
v 0.114497 -0.091200 0.385209
v 0.114462 -0.091200 0.385373
v 0.114135 -0.091200 0.386842
v 0.114043 -0.091200 0.387256
v 0.113767 -0.091200 0.388474
v 0.113617 -0.091200 0.389137
v 0.113395 -0.091200 0.390105
v 0.113018 -0.091200 0.391734
v 0.112764 -0.091200 0.392820
v 0.112747 -0.091200 0.392895
v 0.112508 -0.091200 0.393906
v 0.112484 -0.091200 0.394012
v 0.112218 -0.091200 0.395129
v 0.111946 -0.091200 0.396263
v 0.111990 -0.091200 0.396075
v 0.111672 -0.091200 0.397397
v 0.111603 -0.091200 0.397679
v 0.111123 -0.091200 0.399645
v 0.111211 -0.091200 0.399283
v 0.110816 -0.091200 0.400885
v 0.110567 -0.091200 0.401891
v 0.110517 -0.091200 0.402086
v 0.110004 -0.091200 0.404136
v 0.110216 -0.091200 0.403287
v 0.109609 -0.091200 0.405687
v 0.108994 -0.091200 0.408085
v 0.109051 -0.091200 0.407872
v 0.108646 -0.091200 0.409435
v 0.108569 -0.091200 0.409739
v 0.108295 -0.091200 0.410783
v 0.108204 -0.091200 0.411138
v 0.107838 -0.091200 0.412537
v 0.107470 -0.091200 0.413935
v 0.107588 -0.091200 0.413479
v 0.107100 -0.091200 0.415333
v 0.106874 -0.091200 0.416173
v 0.106436 -0.091200 0.417821
v 0.106153 -0.091200 0.418866
v 0.105767 -0.091200 0.420309
v 0.105645 -0.091200 0.420752
v 0.105134 -0.091200 0.422638
v 0.105094 -0.091200 0.422795
v 0.104604 -0.091200 0.424583
v 0.104586 -0.091200 0.424659
v 0.104077 -0.091200 0.426522
v 0.104073 -0.091200 0.426527
v 0.103372 -0.091200 0.429079
v 0.103053 -0.091200 0.430248
v 0.102668 -0.091200 0.431629
v 0.102138 -0.091200 0.433557
v 0.101727 -0.091200 0.435030
v 0.101527 -0.091200 0.435763
v 0.101098 -0.091200 0.437296
v 0.100301 -0.091200 0.440175
v 0.099838 -0.091200 0.441829
v 0.099075 -0.091200 0.444586
v 0.098618 -0.091200 0.446217
v 0.098463 -0.091200 0.446791
v 0.098010 -0.091200 0.448412
v 0.097547 -0.091200 0.450100
v 0.097099 -0.091200 0.451704
v 0.096857 -0.091200 0.452596
v 0.096419 -0.091200 0.454174
v 0.096171 -0.091200 0.455092
v 0.095741 -0.091200 0.456645
v 0.095565 -0.091200 0.457304
v 0.095225 -0.091200 0.458534
v 0.094963 -0.091200 0.459516
v 0.094712 -0.091200 0.460423
v 0.094325 -0.091200 0.461872
v 0.094220 -0.091200 0.462243
v 0.093730 -0.091200 0.464063
v 0.093690 -0.091200 0.464229
v 0.093335 -0.091200 0.465539
v 0.093061 -0.091200 0.466588
v 0.092942 -0.091200 0.467016
v 0.092436 -0.091200 0.468948
v 0.092421 -0.091200 0.468986
v 0.091903 -0.091200 0.470957
v 0.091816 -0.091200 0.471309
v 0.091390 -0.091200 0.472929
v 0.091203 -0.091200 0.473672
v 0.090780 -0.091200 0.475297
v 0.090595 -0.091200 0.476037
v 0.090176 -0.091200 0.477667
v 0.089995 -0.091200 0.478403
v 0.089697 -0.091200 0.479587
v 0.089580 -0.091200 0.480038
v 0.089283 -0.091200 0.481230
v 0.089402 -0.091200 0.480772
v 0.088989 -0.091200 0.482423
v 0.088962 -0.091200 0.482549
v 0.088699 -0.091200 0.483605
v 0.088527 -0.091200 0.484328
v 0.088411 -0.091200 0.484787
v 0.088096 -0.091200 0.486108
v 0.087911 -0.091200 0.486861
v 0.087671 -0.091200 0.487889
v 0.087419 -0.091200 0.488937
v 0.087414 -0.091200 0.488977
v 0.087159 -0.091200 0.490066
v 0.086934 -0.091200 0.491015
v 0.086907 -0.091200 0.491147
v 0.086691 -0.091200 0.492067
v 0.086658 -0.091200 0.492229
v 0.086450 -0.091200 0.493120
v 0.086328 -0.091200 0.493677
v 0.086217 -0.091200 0.494148
v 0.086002 -0.091200 0.495126
v 0.085987 -0.091200 0.495176
v 0.085679 -0.091200 0.496577
v 0.085678 -0.091200 0.496564
v 0.085373 -0.091200 0.497953
v 0.085298 -0.091200 0.498318
v 0.085072 -0.091200 0.499344
v 0.084923 -0.091200 0.500061
v 0.084774 -0.091200 0.500741
v 0.084554 -0.091200 0.501805
v 0.084480 -0.091200 0.502140
v 0.084191 -0.091200 0.503551
v 0.084190 -0.091200 0.503540
v 0.083835 -0.091200 0.505298
v 0.083816 -0.091200 0.505377
v 0.083632 -0.091200 0.506296
v 0.083450 -0.091200 0.507216
v 0.083487 -0.091200 0.507047
v 0.083211 -0.091200 0.508443
v 0.083145 -0.091200 0.508797
v 0.082975 -0.091200 0.509670
v 0.082811 -0.091200 0.510548
v 0.082742 -0.091200 0.510898
v 0.082484 -0.091200 0.512301
v 0.082457 -0.091200 0.512434
v 0.082324 -0.091200 0.513178
v 0.082178 -0.091200 0.513972
v 0.082165 -0.091200 0.514055
v 0.081905 -0.091200 0.515510
v 0.081906 -0.091200 0.515518
v 0.081652 -0.091200 0.516982
v 0.081638 -0.091200 0.517049
v 0.081404 -0.091200 0.518446
v 0.081378 -0.091200 0.518590
v 0.081162 -0.091200 0.519912
v 0.081124 -0.091200 0.520132
v 0.080926 -0.091200 0.521378
v 0.080861 -0.091200 0.521772
v 0.080733 -0.091200 0.522593
v 0.080696 -0.091200 0.522846
v 0.080607 -0.091200 0.523414
v 0.080461 -0.091200 0.524391
v 0.080441 -0.091200 0.524509
v 0.080279 -0.091200 0.525604
v 0.080232 -0.091200 0.525938
v 0.080121 -0.091200 0.526700
v 0.080011 -0.091200 0.527486
v 0.079928 -0.091200 0.528071
v 0.079798 -0.091200 0.529038
v 0.079741 -0.091200 0.529443
v 0.079591 -0.091200 0.530591
v 0.079561 -0.091200 0.530815
v 0.079392 -0.091200 0.532147
v 0.079386 -0.091200 0.532189
v 0.079295 -0.091200 0.532929
v 0.079217 -0.091200 0.533563
v 0.079201 -0.091200 0.533711
v 0.079108 -0.091200 0.534487
v 0.079055 -0.091200 0.534938
v 0.079018 -0.091200 0.535264
v 0.078967 -0.091200 0.535706
v 0.078862 -0.091200 0.536651
v 0.078881 -0.091200 0.536474
v 0.078798 -0.091200 0.537234
v 0.078717 -0.091200 0.537994
v 0.078713 -0.091200 0.538038
v 0.078612 -0.091200 0.539014
v 0.078573 -0.091200 0.539402
v 0.078573 -0.091200 0.539402
v 0.078571 -0.091200 0.539425
v 0.078567 -0.091200 0.539458
v 0.078567 -0.091200 0.539458
v 0.078510 -0.091200 0.540034
v 0.078438 -0.091200 0.540781
v 0.078438 -0.091200 0.540781
v 0.078435 -0.091200 0.540812
v 0.078434 -0.091200 0.540826
v 0.078434 -0.091200 0.540826
v 0.078412 -0.091200 0.541055
v 0.078311 -0.091200 0.542155
v 0.078310 -0.091200 0.542155
v 0.078306 -0.091200 0.542206
v 0.078306 -0.091200 0.542206
v 0.078295 -0.091200 0.542331
v 0.078185 -0.091200 0.543585
v 0.078183 -0.091200 0.543607
v 0.078071 -0.091200 0.544971
v 0.078078 -0.091200 0.544884
v 0.077979 -0.091200 0.546162
v 0.077967 -0.091200 0.546327
v 0.077967 -0.091200 0.546327
v 0.077965 -0.091200 0.546356
v 0.077955 -0.091200 0.546487
v 0.077955 -0.091200 0.546487
v 0.077886 -0.091200 0.547440
v 0.077870 -0.091200 0.547670
v 0.077870 -0.091200 0.547670
v 0.077866 -0.091200 0.547742
v 0.077842 -0.091200 0.548078
v 0.077843 -0.091200 0.548078
v 0.077800 -0.091200 0.548718
v 0.077791 -0.091200 0.548855
v 0.077791 -0.091200 0.548855
v 0.077782 -0.091200 0.549000
v 0.077790 -0.091200 0.548867
v 0.077782 -0.091200 0.549000
v 0.077724 -0.091200 0.549917
v 0.077720 -0.091200 0.549991
v 0.077720 -0.091200 0.549991
v 0.077655 -0.091200 0.551115
v 0.119958 -0.091200 0.355900
v 0.119959 -0.091200 0.355900
v 0.120040 -0.091200 0.355347
v 0.120161 -0.091200 0.354510
v 0.120173 -0.091200 0.354425
v 0.119042 -0.091200 0.361771
v 0.119132 -0.091200 0.361219
v 0.119041 -0.091200 0.361771
v 0.118976 -0.091200 0.362167
v 0.118927 -0.091200 0.362462
v 0.118491 -0.091200 0.365034
v 0.118571 -0.091200 0.364567
v 0.118490 -0.091200 0.365034
v 0.118449 -0.091200 0.365269
v 0.118381 -0.091200 0.365661
v 0.121458 -0.091200 0.344413
v 0.121294 -0.091200 0.345841
v 0.121293 -0.091200 0.345845
v 0.121292 -0.091200 0.345858
v 0.121292 -0.091200 0.345858
v 0.121294 -0.091200 0.345841
v 0.121293 -0.091200 0.345845
v 0.121201 -0.091200 0.346621
v 0.121292 -0.091200 0.345858
v 0.121201 -0.091200 0.346621
v 0.121123 -0.091200 0.347268
v 0.121123 -0.091200 0.347268
v 0.121122 -0.091200 0.347279
v 0.121122 -0.091200 0.347279
v 0.121119 -0.091200 0.347302
v 0.121122 -0.091200 0.347279
v 0.121019 -0.091200 0.348113
v 0.121119 -0.091200 0.347302
v 0.121019 -0.091200 0.348113
v 0.120946 -0.091200 0.348694
v 0.121019 -0.091200 0.348113
v 0.120946 -0.091200 0.348694
v 0.120944 -0.091200 0.348711
v 0.120944 -0.091200 0.348711
v 0.120940 -0.091200 0.348746
v 0.120833 -0.091200 0.349584
v 0.120940 -0.091200 0.348746
v 0.120833 -0.091200 0.349584
v 0.120763 -0.091200 0.350120
v 0.120833 -0.091200 0.349584
v 0.120763 -0.091200 0.350120
v 0.120760 -0.091200 0.350142
v 0.120760 -0.091200 0.350142
v 0.120754 -0.091200 0.350188
v 0.120760 -0.091200 0.350142
v 0.120641 -0.091200 0.351047
v 0.120754 -0.091200 0.350188
v 0.120641 -0.091200 0.351047
v 0.120574 -0.091200 0.351545
v 0.120574 -0.091200 0.351545
v 0.120571 -0.091200 0.351572
v 0.120571 -0.091200 0.351572
v 0.120563 -0.091200 0.351630
v 0.120571 -0.091200 0.351572
v 0.120443 -0.091200 0.352508
v 0.120563 -0.091200 0.351630
v 0.120443 -0.091200 0.352508
v 0.120379 -0.091200 0.352969
v 0.120443 -0.091200 0.352508
v 0.120379 -0.091200 0.352969
v 0.120375 -0.091200 0.353000
v 0.120375 -0.091200 0.353000
v 0.120365 -0.091200 0.353071
v 0.120375 -0.091200 0.353000
v 0.120239 -0.091200 0.353967
v 0.120365 -0.091200 0.353071
v 0.120239 -0.091200 0.353967
v 0.120178 -0.091200 0.354392
v 0.120178 -0.091200 0.354392
v 0.120173 -0.091200 0.354425
v 0.120173 -0.091200 0.354425
v 0.120161 -0.091200 0.354510
v 0.119951 -0.091200 0.355949
v 0.119947 -0.091200 0.355979
v 0.119947 -0.091200 0.355979
v 0.119951 -0.091200 0.355949
v 0.119917 -0.091200 0.356183
v 0.119725 -0.091200 0.357454
v 0.119917 -0.091200 0.356183
v 0.119790 -0.091200 0.357025
v 0.119790 -0.091200 0.357025
v 0.119725 -0.091200 0.357454
v 0.119717 -0.091200 0.357505
v 0.119717 -0.091200 0.357505
v 0.119711 -0.091200 0.357549
v 0.119711 -0.091200 0.357549
v 0.119662 -0.091200 0.357867
v 0.119562 -0.091200 0.358514
v 0.119662 -0.091200 0.357867
v 0.119562 -0.091200 0.358514
v 0.119477 -0.091200 0.359060
v 0.119562 -0.091200 0.358514
v 0.119477 -0.091200 0.359060
v 0.119445 -0.091200 0.359262
v 0.119445 -0.091200 0.359262
v 0.119401 -0.091200 0.359543
v 0.119445 -0.091200 0.359262
v 0.119305 -0.091200 0.360145
v 0.119401 -0.091200 0.359543
v 0.119305 -0.091200 0.360145
v 0.119230 -0.091200 0.360614
v 0.119305 -0.091200 0.360145
v 0.119230 -0.091200 0.360614
v 0.119189 -0.091200 0.360864
v 0.119189 -0.091200 0.360864
v 0.119132 -0.091200 0.361219
v 0.119189 -0.091200 0.360864
v 0.118927 -0.091200 0.362462
v 0.118976 -0.091200 0.362167
v 0.118855 -0.091200 0.362894
v 0.118771 -0.091200 0.363392
v 0.118855 -0.091200 0.362894
v 0.118771 -0.091200 0.363392
v 0.118716 -0.091200 0.363719
v 0.118771 -0.091200 0.363392
v 0.118716 -0.091200 0.363719
v 0.118659 -0.091200 0.364052
v 0.118659 -0.091200 0.364052
v 0.118571 -0.091200 0.364567
v 0.118659 -0.091200 0.364052
v 0.118381 -0.091200 0.365661
v 0.118449 -0.091200 0.365269
v 0.118296 -0.091200 0.366150
v 0.118253 -0.091200 0.366392
v 0.118296 -0.091200 0.366150
v 0.118253 -0.091200 0.366392
v 0.118238 -0.091200 0.366475
v 0.118238 -0.091200 0.366475
v 0.118128 -0.091200 0.367092
v 0.118128 -0.091200 0.367092
v 0.118023 -0.091200 0.367680
v 0.118023 -0.091200 0.367680
v 0.118014 -0.091200 0.367732
v 0.117892 -0.091200 0.368402
v 0.118014 -0.091200 0.367732
v 0.117892 -0.091200 0.368402
v 0.117804 -0.091200 0.368884
v 0.117804 -0.091200 0.368884
v 0.117779 -0.091200 0.369021
v 0.117779 -0.091200 0.369021
v 0.117726 -0.091200 0.369312
v 0.117667 -0.091200 0.369629
v 0.117726 -0.091200 0.369312
v 0.117667 -0.091200 0.369629
v 0.117638 -0.091200 0.369786
v 0.117667 -0.091200 0.369629
v 0.117638 -0.091200 0.369786
v 0.117482 -0.091200 0.370622
v 0.117482 -0.091200 0.370622
v 0.117469 -0.091200 0.370689
v 0.117482 -0.091200 0.370622
v 0.117469 -0.091200 0.370689
v 0.117431 -0.091200 0.370891
v 0.117127 -0.091200 0.372492
v 0.117131 -0.091200 0.372470
v 0.117431 -0.091200 0.370891
v 0.117127 -0.091200 0.372492
v 0.116825 -0.091200 0.374047
v 0.113617 -0.091200 0.389137
v 0.113395 -0.091200 0.390105
v 0.113185 -0.091200 0.391017
v 0.113185 -0.091200 0.391017
v 0.113018 -0.091200 0.391734
v 0.112747 -0.091200 0.392895
v 0.109529 -0.091200 0.406005
v 0.078307 -0.091200 0.542199
v 0.078306 -0.091200 0.542206
v 0.078307 -0.091200 0.542199
v 0.078295 -0.091200 0.542331
v 0.078078 -0.091200 0.544884
v 0.077979 -0.091200 0.546162
v 0.078071 -0.091200 0.544971
v -0.044817 -0.091200 0.378064
v -0.044819 -0.091200 0.378217
v -0.044842 -0.091200 0.380674
v -0.044843 -0.091200 0.380774
v -0.044859 -0.091200 0.383284
v -0.044860 -0.091200 0.383331
v -0.044869 -0.091200 0.385888
v -0.044072 -0.091200 0.351108
v -0.043961 -0.091200 0.348749
v -0.043977 -0.091200 0.349085
v -0.044069 -0.091200 0.351039
v -0.044156 -0.091200 0.352993
v -0.044176 -0.091200 0.353467
v -0.044682 -0.091200 0.369582
v -0.044638 -0.091200 0.367625
v -0.044647 -0.091200 0.367991
v -0.044676 -0.091200 0.369269
v -0.044702 -0.091200 0.370547
v -0.044721 -0.091200 0.371539
v -0.044869 -0.091200 0.385894
v -0.044871 -0.091200 0.388445
v -0.044870 -0.091200 0.388505
v -0.042266 -0.091200 0.323716
v -0.042452 -0.091200 0.325882
v -0.042412 -0.091200 0.325402
v -0.042412 -0.091200 0.325402
v -0.042452 -0.091200 0.325882
v -0.042552 -0.091200 0.327088
v -0.042630 -0.091200 0.328048
v -0.042552 -0.091200 0.327088
v -0.042630 -0.091200 0.328048
v -0.042688 -0.091200 0.328774
v -0.042801 -0.091200 0.330214
v -0.042688 -0.091200 0.328774
v -0.042801 -0.091200 0.330214
v -0.042820 -0.091200 0.330461
v -0.042905 -0.091200 0.331586
v -0.042820 -0.091200 0.330461
v -0.042964 -0.091200 0.332382
v -0.042905 -0.091200 0.331586
v -0.042964 -0.091200 0.332382
v -0.042988 -0.091200 0.332711
v -0.043119 -0.091200 0.334550
v -0.042988 -0.091200 0.332711
v -0.043119 -0.091200 0.334550
v -0.043148 -0.091200 0.334961
v -0.043267 -0.091200 0.336718
v -0.043148 -0.091200 0.334961
v -0.043267 -0.091200 0.336718
v -0.043300 -0.091200 0.337212
v -0.043409 -0.091200 0.338887
v -0.043300 -0.091200 0.337212
v -0.043409 -0.091200 0.338887
v -0.043445 -0.091200 0.339464
v -0.043542 -0.091200 0.341056
v -0.043445 -0.091200 0.339464
v -0.043542 -0.091200 0.341056
v -0.043582 -0.091200 0.341716
v -0.043669 -0.091200 0.343225
v -0.043582 -0.091200 0.341716
v -0.043669 -0.091200 0.343225
v -0.043711 -0.091200 0.343968
v -0.043778 -0.091200 0.345178
v -0.043711 -0.091200 0.343968
v -0.043778 -0.091200 0.345178
v -0.043779 -0.091200 0.345208
v -0.043841 -0.091200 0.346382
v -0.043880 -0.091200 0.347132
v -0.043841 -0.091200 0.346382
v -0.043880 -0.091200 0.347132
v -0.043902 -0.091200 0.347566
v -0.043961 -0.091200 0.348749
v -0.043902 -0.091200 0.347566
v -0.043977 -0.091200 0.349085
v -0.044156 -0.091200 0.352993
v -0.044223 -0.091200 0.354622
v -0.044176 -0.091200 0.353467
v -0.044223 -0.091200 0.354622
v -0.044271 -0.091200 0.355826
v -0.044288 -0.091200 0.356251
v -0.044271 -0.091200 0.355826
v -0.044288 -0.091200 0.356251
v -0.044359 -0.091200 0.358185
v -0.044348 -0.091200 0.357880
v -0.044348 -0.091200 0.357880
v -0.044392 -0.091200 0.359102
v -0.044359 -0.091200 0.358185
v -0.044392 -0.091200 0.359102
v -0.044440 -0.091200 0.360545
v -0.044433 -0.091200 0.360324
v -0.044433 -0.091200 0.360324
v -0.044494 -0.091200 0.362240
v -0.044440 -0.091200 0.360545
v -0.044494 -0.091200 0.362240
v -0.044513 -0.091200 0.362905
v -0.044549 -0.091200 0.364157
v -0.044513 -0.091200 0.362905
v -0.044549 -0.091200 0.364157
v -0.044579 -0.091200 0.365265
v -0.044601 -0.091200 0.366074
v -0.044579 -0.091200 0.365265
v -0.044601 -0.091200 0.366074
v -0.044647 -0.091200 0.367991
v -0.044638 -0.091200 0.367625
v -0.044702 -0.091200 0.370547
v -0.044749 -0.091200 0.373104
v -0.044721 -0.091200 0.371539
v -0.044749 -0.091200 0.373104
v -0.044755 -0.091200 0.373496
v -0.044788 -0.091200 0.375661
v -0.044755 -0.091200 0.373496
v -0.044785 -0.091200 0.375454
v -0.044788 -0.091200 0.375661
v -0.044802 -0.091200 0.376759
v -0.044819 -0.091200 0.378217
v -0.044802 -0.091200 0.376759
v -0.038633 -0.091200 0.529440
v -0.038876 -0.091200 0.525144
v -0.038920 -0.091200 0.524430
v -0.039089 -0.091200 0.521463
v -0.039211 -0.091200 0.519446
v -0.039395 -0.091200 0.516263
v -0.039594 -0.091200 0.513000
v -0.039602 -0.091200 0.512797
v -0.039853 -0.091200 0.508703
v -0.040020 -0.091200 0.505864
v -0.040373 -0.091200 0.500107
v -0.040493 -0.091200 0.498065
v -0.040834 -0.091200 0.492464
v -0.040965 -0.091200 0.490266
v -0.041064 -0.091200 0.488642
v -0.041355 -0.091200 0.483724
v -0.041405 -0.091200 0.482908
v -0.041548 -0.091200 0.480454
v -0.041656 -0.091200 0.478608
v -0.041738 -0.091200 0.477182
v -0.041904 -0.091200 0.474308
v -0.041906 -0.091200 0.474261
v -0.042051 -0.091200 0.471728
v -0.042071 -0.091200 0.471339
v -0.042196 -0.091200 0.469148
v -0.042221 -0.091200 0.468655
v -0.042338 -0.091200 0.466568
v -0.042369 -0.091200 0.465971
v -0.042479 -0.091200 0.463988
v -0.042571 -0.091200 0.462234
v -0.042685 -0.091200 0.460118
v -0.042768 -0.091200 0.458496
v -0.042885 -0.091200 0.456249
v -0.042959 -0.091200 0.454758
v -0.043079 -0.091200 0.452379
v -0.043156 -0.091200 0.450751
v -0.043266 -0.091200 0.448510
v -0.043253 -0.091200 0.448747
v -0.043347 -0.091200 0.446743
v -0.043443 -0.091200 0.444679
v -0.043469 -0.091200 0.444072
v -0.043530 -0.091200 0.442746
v -0.043587 -0.091200 0.441400
v -0.043615 -0.091200 0.440813
v -0.043696 -0.091200 0.438914
v -0.043702 -0.091200 0.438728
v -0.043775 -0.091200 0.437015
v -0.043834 -0.091200 0.435521
v -0.043897 -0.091200 0.433949
v -0.043959 -0.091200 0.432314
v -0.044014 -0.091200 0.430883
v -0.044078 -0.091200 0.429107
v -0.044125 -0.091200 0.427817
v -0.044189 -0.091200 0.425899
v -0.044229 -0.091200 0.424750
v -0.044294 -0.091200 0.422691
v -0.044326 -0.091200 0.421683
v -0.044381 -0.091200 0.419799
v -0.044416 -0.091200 0.418616
v -0.044462 -0.091200 0.416906
v -0.044499 -0.091200 0.415549
v -0.044537 -0.091200 0.414013
v -0.044575 -0.091200 0.412481
v -0.044604 -0.091200 0.411120
v -0.044610 -0.091200 0.410934
v -0.044643 -0.091200 0.409387
v -0.044665 -0.091200 0.408227
v -0.044673 -0.091200 0.407866
v -0.044718 -0.091200 0.405333
v -0.044701 -0.091200 0.406345
v -0.044744 -0.091200 0.403788
v -0.044764 -0.091200 0.402440
v -0.044781 -0.091200 0.401231
v -0.044784 -0.091200 0.400993
v -0.044802 -0.091200 0.399546
v -0.044812 -0.091200 0.398674
v -0.044822 -0.091200 0.397606
v -0.035284 -0.091200 0.611375
v -0.035528 -0.091200 0.602938
v -0.035481 -0.091200 0.604585
v -0.035687 -0.091200 0.597770
v -0.035765 -0.091200 0.595189
v -0.035884 -0.091200 0.591581
v -0.036010 -0.091200 0.587629
v -0.036089 -0.091200 0.585404
v -0.036274 -0.091200 0.580069
v -0.036317 -0.091200 0.578941
v -0.036559 -0.091200 0.572511
v -0.035272 -0.091200 0.611795
v -0.035278 -0.091200 0.611591
v -0.035278 -0.091200 0.611591
v -0.035283 -0.091200 0.611386
v -0.027730 -0.091200 0.781052
v -0.027730 -0.091500 0.781052
v -0.025248 -0.091200 0.794149
v -0.025248 -0.091500 0.794149
v -0.020258 -0.091200 0.806510
v -0.020258 -0.091500 0.806510
v -0.012953 -0.091200 0.817661
v -0.012953 -0.091500 0.817661
v -0.003613 -0.091200 0.827172
v -0.003613 -0.091500 0.827172
v 0.007403 -0.091200 0.834678
v 0.007403 -0.091500 0.834678
v 0.019672 -0.091200 0.839891
v 0.019672 -0.091500 0.839891
v 0.032722 -0.091200 0.842609
v 0.032722 -0.091500 0.842609
v 0.046052 -0.091200 0.842730
v 0.046052 -0.091500 0.842730
v 0.059149 -0.091200 0.840248
v 0.059149 -0.091500 0.840248
v 0.071511 -0.091200 0.835258
v 0.071511 -0.091500 0.835258
v 0.082661 -0.091200 0.827953
v 0.082661 -0.091500 0.827953
v 0.092172 -0.091200 0.818613
v 0.092172 -0.091500 0.818613
v 0.099678 -0.091200 0.807597
v 0.099678 -0.091500 0.807597
v 0.104891 -0.091200 0.795328
v 0.104891 -0.091500 0.795328
v 0.107609 -0.091200 0.782278
v 0.107609 -0.091500 0.782278
v 0.107730 -0.091200 0.768948
v 0.107730 -0.091500 0.768948
v 0.077794 -0.091200 0.583719
v 0.077893 -0.091200 0.585336
v 0.077334 -0.091500 0.572768
v 0.077991 -0.091200 0.586817
v 0.078073 -0.091500 0.587994
v 0.078095 -0.091200 0.588297
v 0.078206 -0.091200 0.589778
v 0.103824 -0.091200 0.737723
v 0.103715 -0.091500 0.737024
v 0.103650 -0.091200 0.736615
v 0.097866 -0.091500 0.704555
v 0.103472 -0.091200 0.735499
v 0.103292 -0.091200 0.734382
v 0.107220 -0.091200 0.763637
v 0.107391 -0.091200 0.765338
v 0.107555 -0.091200 0.767040
v 0.107730 -0.091500 0.768948
v 0.107581 -0.091200 0.767314
v 0.107613 -0.091200 0.767659
v 0.097960 -0.091200 0.705035
v 0.097317 -0.091200 0.701790
v 0.091115 -0.091500 0.671446
v 0.096667 -0.091200 0.698547
v 0.096122 -0.091200 0.695845
v 0.091139 -0.091200 0.671563
v 0.090588 -0.091200 0.668867
v 0.084729 -0.091500 0.638574
v 0.090039 -0.091200 0.666170
v 0.089613 -0.091200 0.664063
v 0.084743 -0.091200 0.638650
v 0.084318 -0.091200 0.636250
v 0.079664 -0.091500 0.604806
v 0.084109 -0.091200 0.635049
v 0.083902 -0.091200 0.633848
v 0.079670 -0.091200 0.604862
v 0.079469 -0.091200 0.603097
v 0.079274 -0.091200 0.601322
v 0.079087 -0.091200 0.599546
v 0.077249 -0.091200 0.564929
v 0.077250 -0.091200 0.564841
v 0.077330 -0.091500 0.559123
v 0.077644 -0.091200 0.551312
v 0.077654 -0.091200 0.551117
v 0.078571 -0.091200 0.539425
v 0.078419 -0.091500 0.540982
v 0.078573 -0.091200 0.539402
v 0.081482 -0.091500 0.517978
v 0.078713 -0.091200 0.538038
v 0.078862 -0.091200 0.536651
v 0.078071 -0.091200 0.544971
v 0.077967 -0.091200 0.546327
v 0.077965 -0.091200 0.546356
v 0.077955 -0.091200 0.546487
v 0.077870 -0.091200 0.547670
v 0.081404 -0.091200 0.518446
v 0.081652 -0.091200 0.516982
v 0.084596 -0.091500 0.501605
v 0.081906 -0.091200 0.515518
v 0.082165 -0.091200 0.514055
v 0.084554 -0.091200 0.501805
v 0.084923 -0.091200 0.500061
v 0.088409 -0.091500 0.484815
v 0.085298 -0.091200 0.498318
v 0.085679 -0.091200 0.496577
v 0.088096 -0.091200 0.486108
v 0.088527 -0.091200 0.484328
v 0.098303 -0.091500 0.447370
v 0.088962 -0.091200 0.482549
v 0.089402 -0.091200 0.480772
v 0.097547 -0.091200 0.450100
v 0.098463 -0.091200 0.446791
v 0.109887 -0.091500 0.404595
v 0.099075 -0.091200 0.444586
v 0.100301 -0.091200 0.440175
v 0.109529 -0.091200 0.406005
v 0.110004 -0.091200 0.404136
v 0.116226 -0.091500 0.377051
v 0.110567 -0.091200 0.401891
v 0.111123 -0.091200 0.399645
v 0.119711 -0.091200 0.357549
v 0.119725 -0.091200 0.357454
v 0.120190 -0.091500 0.354308
v 0.119790 -0.091200 0.357025
v 0.119917 -0.091200 0.356183
v 0.120940 -0.091200 0.348746
v 0.120944 -0.091200 0.348711
v 0.122173 -0.091500 0.337342
v 0.121019 -0.091200 0.348113
v 0.121119 -0.091200 0.347302
v 0.077253 -0.091200 0.567517
v 0.077265 -0.091200 0.568908
v 0.077284 -0.091200 0.570299
v 0.077310 -0.091200 0.571690
v 0.077342 -0.091200 0.573080
v 0.077380 -0.091200 0.574470
v 0.077425 -0.091200 0.575859
v 0.077476 -0.091200 0.577248
v 0.077525 -0.091200 0.578462
v 0.077580 -0.091200 0.579676
v 0.077639 -0.091200 0.580890
v 0.077702 -0.091200 0.582103
v 0.077747 -0.091200 0.582911
v 0.103997 -0.091200 0.738831
v 0.104224 -0.091200 0.740315
v 0.104447 -0.091200 0.741799
v 0.104667 -0.091200 0.743284
v 0.104952 -0.091200 0.745258
v 0.105230 -0.091200 0.747233
v 0.105501 -0.091200 0.749209
v 0.105633 -0.091200 0.750198
v 0.105763 -0.091200 0.751187
v 0.105934 -0.091200 0.752505
v 0.106101 -0.091200 0.753824
v 0.106264 -0.091200 0.755144
v 0.106468 -0.091200 0.756841
v 0.106666 -0.091200 0.758539
v 0.106858 -0.091200 0.760237
v 0.107042 -0.091200 0.761937
v 0.098279 -0.091200 0.706658
v 0.098595 -0.091200 0.708281
v 0.099014 -0.091200 0.710446
v 0.099429 -0.091200 0.712612
v 0.099840 -0.091200 0.714778
v 0.100323 -0.091200 0.717364
v 0.100799 -0.091200 0.719951
v 0.101034 -0.091200 0.721244
v 0.101267 -0.091200 0.722538
v 0.101574 -0.091200 0.724264
v 0.101878 -0.091200 0.725990
v 0.102177 -0.091200 0.727717
v 0.102556 -0.091200 0.729938
v 0.102928 -0.091200 0.732160
v 0.091876 -0.091200 0.675158
v 0.092370 -0.091200 0.677555
v 0.093358 -0.091200 0.682349
v 0.094345 -0.091200 0.687145
v 0.094837 -0.091200 0.689544
v 0.095573 -0.091200 0.693144
v 0.085174 -0.091200 0.641049
v 0.085514 -0.091200 0.642914
v 0.085859 -0.091200 0.644778
v 0.086207 -0.091200 0.646642
v 0.086470 -0.091200 0.648039
v 0.086735 -0.091200 0.649435
v 0.087272 -0.091200 0.652228
v 0.087814 -0.091200 0.655018
v 0.088363 -0.091200 0.657808
v 0.088775 -0.091200 0.659882
v 0.089189 -0.091200 0.661955
v 0.079879 -0.091200 0.606627
v 0.080094 -0.091200 0.608391
v 0.080317 -0.091200 0.610154
v 0.080546 -0.091200 0.611916
v 0.080782 -0.091200 0.613677
v 0.080999 -0.091200 0.615261
v 0.081222 -0.091200 0.616845
v 0.081450 -0.091200 0.618428
v 0.081682 -0.091200 0.620010
v 0.081837 -0.091200 0.621048
v 0.081994 -0.091200 0.622084
v 0.082158 -0.091200 0.623156
v 0.082324 -0.091200 0.624227
v 0.082628 -0.091200 0.626153
v 0.082938 -0.091200 0.628078
v 0.083253 -0.091200 0.630002
v 0.083575 -0.091200 0.631926
v 0.078323 -0.091200 0.591258
v 0.078446 -0.091200 0.592738
v 0.078575 -0.091200 0.594218
v 0.078682 -0.091200 0.595402
v 0.078793 -0.091200 0.596586
v 0.078908 -0.091200 0.597770
v 0.078997 -0.091200 0.598658
v 0.077249 -0.091200 0.564932
v 0.077249 -0.091200 0.564981
v 0.077248 -0.091200 0.566248
v 0.077249 -0.091200 0.566469
v 0.077251 -0.091200 0.567220
v 0.078567 -0.091200 0.539458
v 0.078438 -0.091200 0.540781
v 0.078435 -0.091200 0.540812
v 0.078434 -0.091200 0.540826
v 0.078311 -0.091200 0.542155
v 0.078307 -0.091200 0.542199
v 0.078306 -0.091200 0.542206
v 0.078185 -0.091200 0.543585
v 0.077866 -0.091200 0.547742
v 0.077843 -0.091200 0.548078
v 0.077791 -0.091200 0.548855
v 0.077790 -0.091200 0.548867
v 0.077782 -0.091200 0.549000
v 0.077720 -0.091200 0.549991
v 0.077655 -0.091200 0.551115
v 0.081162 -0.091200 0.519912
v 0.080926 -0.091200 0.521378
v 0.080696 -0.091200 0.522846
v 0.080461 -0.091200 0.524391
v 0.080232 -0.091200 0.525938
v 0.080011 -0.091200 0.527486
v 0.079798 -0.091200 0.529038
v 0.079591 -0.091200 0.530591
v 0.079392 -0.091200 0.532147
v 0.079295 -0.091200 0.532929
v 0.079201 -0.091200 0.533711
v 0.079108 -0.091200 0.534487
v 0.079018 -0.091200 0.535264
v 0.084191 -0.091200 0.503551
v 0.083835 -0.091200 0.505298
v 0.083487 -0.091200 0.507047
v 0.083145 -0.091200 0.508797
v 0.082811 -0.091200 0.510548
v 0.082484 -0.091200 0.512301
v 0.082324 -0.091200 0.513178
v 0.087671 -0.091200 0.487889
v 0.087414 -0.091200 0.488977
v 0.087159 -0.091200 0.490066
v 0.086907 -0.091200 0.491147
v 0.086658 -0.091200 0.492229
v 0.086328 -0.091200 0.493677
v 0.086002 -0.091200 0.495126
v 0.096857 -0.091200 0.452596
v 0.096171 -0.091200 0.455092
v 0.095565 -0.091200 0.457304
v 0.094963 -0.091200 0.459516
v 0.094325 -0.091200 0.461872
v 0.093690 -0.091200 0.464229
v 0.093061 -0.091200 0.466588
v 0.092436 -0.091200 0.468948
v 0.091816 -0.091200 0.471309
v 0.091203 -0.091200 0.473672
v 0.090595 -0.091200 0.476037
v 0.089995 -0.091200 0.478403
v 0.089697 -0.091200 0.479587
v 0.109051 -0.091200 0.407872
v 0.108569 -0.091200 0.409739
v 0.108204 -0.091200 0.411138
v 0.107838 -0.091200 0.412537
v 0.107470 -0.091200 0.413935
v 0.107100 -0.091200 0.415333
v 0.106436 -0.091200 0.417821
v 0.105767 -0.091200 0.420309
v 0.105094 -0.091200 0.422795
v 0.104586 -0.091200 0.424659
v 0.104077 -0.091200 0.426522
v 0.103053 -0.091200 0.430248
v 0.102138 -0.091200 0.433557
v 0.101527 -0.091200 0.435763
v 0.119662 -0.091200 0.357867
v 0.119562 -0.091200 0.358514
v 0.119445 -0.091200 0.359262
v 0.119401 -0.091200 0.359543
v 0.119305 -0.091200 0.360145
v 0.119189 -0.091200 0.360864
v 0.119132 -0.091200 0.361219
v 0.119042 -0.091200 0.361771
v 0.118927 -0.091200 0.362462
v 0.118855 -0.091200 0.362894
v 0.118771 -0.091200 0.363392
v 0.118659 -0.091200 0.364052
v 0.118571 -0.091200 0.364567
v 0.118491 -0.091200 0.365034
v 0.118381 -0.091200 0.365661
v 0.118296 -0.091200 0.366150
v 0.118253 -0.091200 0.366392
v 0.118128 -0.091200 0.367092
v 0.118014 -0.091200 0.367732
v 0.117892 -0.091200 0.368402
v 0.117779 -0.091200 0.369021
v 0.117726 -0.091200 0.369312
v 0.117667 -0.091200 0.369629
v 0.117482 -0.091200 0.370622
v 0.117431 -0.091200 0.370891
v 0.117131 -0.091200 0.372470
v 0.116825 -0.091200 0.374047
v 0.116640 -0.091200 0.374987
v 0.116453 -0.091200 0.375926
v 0.116262 -0.091200 0.376877
v 0.116068 -0.091200 0.377829
v 0.115677 -0.091200 0.379717
v 0.115280 -0.091200 0.381604
v 0.114874 -0.091200 0.383489
v 0.114462 -0.091200 0.385373
v 0.114043 -0.091200 0.387256
v 0.113617 -0.091200 0.389137
v 0.113185 -0.091200 0.391017
v 0.112747 -0.091200 0.392895
v 0.112484 -0.091200 0.394012
v 0.112218 -0.091200 0.395129
v 0.111946 -0.091200 0.396263
v 0.111672 -0.091200 0.397397
v 0.120833 -0.091200 0.349584
v 0.120760 -0.091200 0.350142
v 0.120754 -0.091200 0.350188
v 0.120641 -0.091200 0.351047
v 0.120571 -0.091200 0.351572
v 0.120563 -0.091200 0.351630
v 0.120443 -0.091200 0.352508
v 0.120375 -0.091200 0.353000
v 0.120365 -0.091200 0.353071
v 0.120239 -0.091200 0.353967
v 0.120173 -0.091200 0.354425
v 0.120161 -0.091200 0.354510
v 0.120040 -0.091200 0.355347
v 0.119959 -0.091200 0.355900
v 0.119947 -0.091200 0.355979
v 0.122173 -0.091200 0.337342
v 0.122166 -0.091200 0.337417
v 0.122166 -0.091200 0.337418
v 0.122163 -0.091200 0.337450
v 0.121458 -0.091200 0.344413
v 0.121293 -0.091200 0.345845
v 0.121292 -0.091200 0.345858
v 0.121201 -0.091200 0.346621
v 0.121122 -0.091200 0.347279
v 0.107641 -0.091200 0.767962
v 0.107730 -0.091200 0.768948
v -0.044749 -0.091200 0.373104
v -0.044702 -0.091200 0.370547
v -0.044843 -0.091500 0.395332
v -0.044676 -0.091200 0.369269
v -0.044655 -0.091500 0.368334
v -0.044647 -0.091200 0.367991
v -0.044601 -0.091200 0.366074
v -0.043669 -0.091200 0.343225
v -0.043733 -0.091500 0.344369
v -0.043778 -0.091200 0.345178
v -0.043880 -0.091200 0.347132
v -0.043977 -0.091200 0.349085
v -0.044229 -0.091200 0.424750
v -0.044176 -0.091500 0.426322
v -0.044125 -0.091200 0.427817
v -0.042700 -0.091500 0.459826
v -0.044014 -0.091200 0.430883
v -0.043897 -0.091200 0.433949
v -0.042885 -0.091200 0.456249
v -0.042685 -0.091200 0.460118
v -0.040922 -0.091500 0.491000
v -0.042479 -0.091200 0.463988
v -0.042338 -0.091200 0.466568
v -0.041064 -0.091200 0.488642
v -0.040834 -0.091200 0.492464
v -0.035910 -0.091500 0.590761
v -0.040373 -0.091200 0.500107
v -0.039853 -0.091200 0.508703
v -0.035278 -0.091200 0.611591
v -0.035272 -0.091200 0.611795
v -0.033600 -0.091500 0.672355
v -0.034889 -0.091200 0.625679
v -0.034329 -0.091200 0.646657
v -0.044812 -0.091200 0.398674
v -0.044822 -0.091200 0.397606
v -0.044837 -0.091200 0.396117
v -0.044840 -0.091200 0.395666
v -0.044853 -0.091200 0.393725
v -0.044871 -0.091200 0.388445
v -0.044869 -0.091200 0.385888
v -0.044860 -0.091200 0.383331
v -0.044843 -0.091200 0.380774
v -0.044819 -0.091200 0.378217
v -0.044788 -0.091200 0.375661
v -0.043542 -0.091200 0.341056
v -0.043409 -0.091200 0.338887
v -0.043267 -0.091200 0.336718
v -0.043119 -0.091200 0.334550
v -0.042964 -0.091200 0.332382
v -0.042801 -0.091200 0.330214
v -0.042630 -0.091200 0.328048
v -0.042452 -0.091200 0.325882
v -0.042266 -0.091200 0.323716
v -0.042173 -0.091200 0.322658
v -0.042173 -0.091500 0.322658
v -0.044549 -0.091200 0.364157
v -0.044494 -0.091200 0.362240
v -0.044433 -0.091200 0.360324
v -0.044392 -0.091200 0.359102
v -0.044348 -0.091200 0.357880
v -0.044288 -0.091200 0.356251
v -0.044223 -0.091200 0.354622
v -0.044156 -0.091200 0.352993
v -0.044069 -0.091200 0.351039
v -0.044326 -0.091200 0.421683
v -0.044416 -0.091200 0.418616
v -0.044499 -0.091200 0.415549
v -0.044575 -0.091200 0.412481
v -0.044610 -0.091200 0.410934
v -0.044643 -0.091200 0.409387
v -0.044673 -0.091200 0.407866
v -0.044701 -0.091200 0.406345
v -0.044744 -0.091200 0.403788
v -0.044781 -0.091200 0.401231
v -0.043079 -0.091200 0.452379
v -0.043266 -0.091200 0.448510
v -0.043443 -0.091200 0.444679
v -0.043530 -0.091200 0.442746
v -0.043615 -0.091200 0.440813
v -0.043696 -0.091200 0.438914
v -0.043775 -0.091200 0.437015
v -0.041405 -0.091200 0.482908
v -0.041656 -0.091200 0.478608
v -0.041904 -0.091200 0.474308
v -0.042051 -0.091200 0.471728
v -0.042196 -0.091200 0.469148
v -0.035283 -0.091200 0.611386
v -0.035284 -0.091200 0.611375
v -0.035481 -0.091200 0.604585
v -0.035687 -0.091200 0.597770
v -0.035884 -0.091200 0.591581
v -0.036089 -0.091200 0.585404
v -0.036317 -0.091200 0.578941
v -0.036559 -0.091200 0.572511
v -0.036559 -0.091200 0.572510
v -0.036559 -0.091200 0.572498
v -0.036771 -0.091200 0.567188
v -0.037102 -0.091200 0.559462
v -0.037461 -0.091200 0.551708
v -0.037845 -0.091200 0.543984
v -0.038228 -0.091200 0.536740
v -0.038632 -0.091200 0.529452
v -0.038633 -0.091200 0.529440
v -0.038920 -0.091200 0.524430
v -0.039211 -0.091200 0.519446
v -0.039594 -0.091200 0.513000
v -0.031155 -0.091500 0.732581
v -0.031553 -0.091200 0.724950
v -0.033039 -0.091200 0.689553
v -0.034328 -0.091200 0.646715
v -0.044855 -0.091200 0.393560
v -0.044865 -0.091200 0.391115
v -0.044866 -0.091200 0.391003
v -0.044870 -0.091200 0.388505
v -0.027730 -0.091500 0.781052
v -0.027730 -0.091200 0.781052
v 0.122173 -0.091200 0.337342
v 0.122173 -0.091500 0.337342
v 0.122199 -0.091200 0.322962
v 0.122199 -0.091500 0.322962
v 0.119728 -0.091200 0.308795
v 0.119728 -0.091500 0.308795
v 0.114835 -0.091200 0.295272
v 0.114835 -0.091500 0.295272
v 0.107668 -0.091200 0.282805
v 0.107668 -0.091500 0.282805
v 0.098444 -0.091200 0.271772
v 0.098444 -0.091500 0.271772
v 0.087445 -0.091200 0.262508
v 0.087445 -0.091500 0.262508
v 0.075004 -0.091200 0.255294
v 0.075004 -0.091500 0.255294
v 0.061500 -0.091200 0.250351
v 0.061500 -0.091500 0.250351
v 0.047343 -0.091200 0.247827
v 0.047343 -0.091500 0.247827
v 0.032962 -0.091200 0.247801
v 0.032962 -0.091500 0.247801
v 0.018795 -0.091200 0.250272
v 0.018795 -0.091500 0.250272
v 0.005272 -0.091200 0.255165
v 0.005272 -0.091500 0.255165
v -0.007195 -0.091200 0.262332
v -0.007195 -0.091500 0.262332
v -0.018228 -0.091200 0.271556
v -0.018228 -0.091500 0.271556
v -0.027492 -0.091200 0.282555
v -0.027492 -0.091500 0.282555
v -0.034706 -0.091200 0.294996
v -0.034706 -0.091500 0.294996
v -0.039649 -0.091200 0.308500
v -0.039649 -0.091500 0.308500
v -0.042173 -0.091200 0.322658
v -0.042173 -0.091500 0.322658
v 0.074000 -0.101200 0.590750
v 0.077005 -0.101200 0.591995
v 0.070995 -0.101200 0.591995
v 0.078250 -0.101200 0.595000
v 0.069750 -0.101200 0.595000
v 0.077005 -0.101200 0.598005
v 0.070995 -0.101200 0.598005
v 0.074000 -0.101200 0.599250
v 0.079000 -0.101200 0.500750
v 0.082005 -0.101200 0.501995
v 0.075995 -0.101200 0.501995
v 0.083250 -0.101200 0.505000
v 0.074750 -0.101200 0.505000
v 0.082005 -0.101200 0.508005
v 0.075995 -0.101200 0.508005
v 0.079000 -0.101200 0.509250
v 0.047248 -0.085300 0.771842
v 0.052228 -0.085300 0.771397
v 0.047693 -0.085300 0.776823
v 0.052673 -0.085300 0.776378
v 0.027327 -0.085300 0.773622
v 0.032307 -0.085300 0.773177
v 0.027772 -0.085300 0.778603
v 0.032752 -0.085300 0.778158
v -0.035000 -0.101200 0.500750
v -0.031995 -0.101200 0.501995
v -0.038005 -0.101200 0.501995
v -0.030750 -0.101200 0.505000
v -0.039250 -0.101200 0.505000
v -0.031995 -0.101200 0.508005
v -0.038005 -0.101200 0.508005
v -0.035000 -0.101200 0.509250
v -0.031000 -0.101200 0.590750
v -0.027995 -0.101200 0.591995
v -0.034005 -0.101200 0.591995
v -0.026750 -0.101200 0.595000
v -0.035250 -0.101200 0.595000
v -0.027995 -0.101200 0.598005
v -0.034005 -0.101200 0.598005
v -0.031000 -0.101200 0.599250
v 0.102000 -0.101200 0.770750
v 0.105005 -0.101200 0.771995
v 0.098995 -0.101200 0.771995
v 0.106250 -0.101200 0.775000
v 0.097750 -0.101200 0.775000
v 0.105005 -0.101200 0.778005
v 0.098995 -0.101200 0.778005
v 0.102000 -0.101200 0.779250
v 0.074000 -0.101200 0.599250
v 0.074000 -0.096200 0.599250
v 0.070995 -0.101200 0.598005
v 0.070995 -0.096200 0.598005
v 0.069750 -0.101200 0.595000
v 0.069750 -0.096200 0.595000
v 0.070995 -0.101200 0.591995
v 0.070995 -0.096200 0.591995
v 0.074000 -0.101200 0.590750
v 0.074000 -0.096200 0.590750
v 0.074000 -0.101200 0.590750
v 0.074000 -0.096200 0.590750
v 0.077005 -0.101200 0.591995
v 0.077005 -0.096200 0.591995
v 0.078250 -0.101200 0.595000
v 0.078250 -0.096200 0.595000
v 0.077005 -0.101200 0.598005
v 0.077005 -0.096200 0.598005
v 0.074000 -0.101200 0.599250
v 0.074000 -0.096200 0.599250
v 0.079000 -0.101200 0.509250
v 0.079000 -0.096200 0.509250
v 0.075995 -0.101200 0.508005
v 0.075995 -0.096200 0.508005
v 0.074750 -0.101200 0.505000
v 0.074750 -0.096200 0.505000
v 0.075995 -0.101200 0.501995
v 0.075995 -0.096200 0.501995
v 0.079000 -0.101200 0.500750
v 0.079000 -0.096200 0.500750
v 0.079000 -0.101200 0.500750
v 0.079000 -0.096200 0.500750
v 0.082005 -0.101200 0.501995
v 0.082005 -0.096200 0.501995
v 0.083250 -0.101200 0.505000
v 0.083250 -0.096200 0.505000
v 0.082005 -0.101200 0.508005
v 0.082005 -0.096200 0.508005
v 0.079000 -0.101200 0.509250
v 0.079000 -0.096200 0.509250
v 0.116000 -0.101200 0.325750
v 0.119005 -0.101200 0.326995
v 0.112995 -0.101200 0.326995
v 0.120250 -0.101200 0.330000
v 0.111750 -0.101200 0.330000
v 0.119005 -0.101200 0.333005
v 0.112995 -0.101200 0.333005
v 0.116000 -0.101200 0.334250
v -0.038000 -0.101200 0.410750
v -0.034995 -0.101200 0.411995
v -0.041005 -0.101200 0.411995
v -0.033750 -0.101200 0.415000
v -0.042250 -0.101200 0.415000
v -0.034995 -0.101200 0.418005
v -0.041005 -0.101200 0.418005
v -0.038000 -0.101200 0.419250
v -0.036000 -0.101200 0.325750
v -0.032995 -0.101200 0.326995
v -0.039005 -0.101200 0.326995
v -0.031750 -0.101200 0.330000
v -0.040250 -0.101200 0.330000
v -0.032995 -0.101200 0.333005
v -0.039005 -0.101200 0.333005
v -0.036000 -0.101200 0.334250
v -0.028000 -0.101200 0.680750
v -0.024995 -0.101200 0.681995
v -0.031005 -0.101200 0.681995
v -0.023750 -0.101200 0.685000
v -0.032250 -0.101200 0.685000
v -0.024995 -0.101200 0.688005
v -0.031005 -0.101200 0.688005
v -0.028000 -0.101200 0.689250
v -0.022000 -0.101200 0.770750
v -0.018995 -0.101200 0.771995
v -0.025005 -0.101200 0.771995
v -0.017750 -0.101200 0.775000
v -0.026250 -0.101200 0.775000
v -0.018995 -0.101200 0.778005
v -0.025005 -0.101200 0.778005
v -0.022000 -0.101200 0.779250
v 0.047693 -0.115300 0.776823
v 0.047693 -0.085300 0.776823
v 0.052673 -0.115300 0.776378
v 0.052673 -0.085300 0.776378
v 0.047693 -0.115300 0.776823
v 0.047248 -0.115300 0.771842
v 0.047693 -0.085300 0.776823
v 0.047248 -0.085300 0.771842
v 0.052228 -0.115300 0.771397
v 0.052228 -0.085300 0.771397
v 0.047248 -0.115300 0.771842
v 0.047248 -0.085300 0.771842
v 0.052228 -0.115300 0.771397
v 0.052673 -0.115300 0.776378
v 0.052228 -0.085300 0.771397
v 0.052673 -0.085300 0.776378
v 0.027772 -0.115300 0.778603
v 0.027772 -0.085300 0.778603
v 0.032752 -0.115300 0.778158
v 0.032752 -0.085300 0.778158
v 0.027327 -0.115300 0.773622
v 0.027327 -0.085300 0.773622
v 0.027772 -0.115300 0.778603
v 0.027772 -0.085300 0.778603
v 0.032307 -0.115300 0.773177
v 0.032307 -0.085300 0.773177
v 0.027327 -0.115300 0.773622
v 0.027327 -0.085300 0.773622
v 0.032752 -0.115300 0.778158
v 0.032752 -0.085300 0.778158
v 0.032307 -0.115300 0.773177
v 0.032307 -0.085300 0.773177
v -0.035000 -0.101200 0.509250
v -0.035000 -0.096200 0.509250
v -0.038005 -0.101200 0.508005
v -0.038005 -0.096200 0.508005
v -0.039250 -0.101200 0.505000
v -0.039250 -0.096200 0.505000
v -0.038005 -0.101200 0.501995
v -0.038005 -0.096200 0.501995
v -0.035000 -0.101200 0.500750
v -0.035000 -0.096200 0.500750
v -0.035000 -0.101200 0.500750
v -0.035000 -0.096200 0.500750
v -0.031995 -0.101200 0.501995
v -0.031995 -0.096200 0.501995
v -0.030750 -0.101200 0.505000
v -0.030750 -0.096200 0.505000
v -0.031995 -0.101200 0.508005
v -0.031995 -0.096200 0.508005
v -0.035000 -0.101200 0.509250
v -0.035000 -0.096200 0.509250
v -0.031000 -0.101200 0.599250
v -0.031000 -0.096200 0.599250
v -0.034005 -0.101200 0.598005
v -0.034005 -0.096200 0.598005
v -0.035250 -0.101200 0.595000
v -0.035250 -0.096200 0.595000
v -0.034005 -0.101200 0.591995
v -0.034005 -0.096200 0.591995
v -0.031000 -0.101200 0.590750
v -0.031000 -0.096200 0.590750
v -0.031000 -0.101200 0.590750
v -0.031000 -0.096200 0.590750
v -0.027995 -0.101200 0.591995
v -0.027995 -0.096200 0.591995
v -0.026750 -0.101200 0.595000
v -0.026750 -0.096200 0.595000
v -0.027995 -0.101200 0.598005
v -0.027995 -0.096200 0.598005
v -0.031000 -0.101200 0.599250
v -0.031000 -0.096200 0.599250
v 0.102000 -0.101200 0.779250
v 0.102000 -0.096200 0.779250
v 0.098995 -0.101200 0.778005
v 0.098995 -0.096200 0.778005
v 0.097750 -0.101200 0.775000
v 0.097750 -0.096200 0.775000
v 0.098995 -0.101200 0.771995
v 0.098995 -0.096200 0.771995
v 0.102000 -0.101200 0.770750
v 0.102000 -0.096200 0.770750
v 0.102000 -0.101200 0.770750
v 0.102000 -0.096200 0.770750
v 0.105005 -0.101200 0.771995
v 0.105005 -0.096200 0.771995
v 0.106250 -0.101200 0.775000
v 0.106250 -0.096200 0.775000
v 0.105005 -0.101200 0.778005
v 0.105005 -0.096200 0.778005
v 0.102000 -0.101200 0.779250
v 0.102000 -0.096200 0.779250
v 0.068294 -0.096200 0.593146
v 0.069750 -0.096200 0.595000
v 0.068294 -0.096200 0.596854
v 0.070995 -0.096200 0.598005
v 0.070473 -0.096200 0.599854
v 0.074000 -0.096200 0.599250
v 0.074000 -0.096200 0.601000
v 0.078250 -0.096200 0.595000
v 0.077005 -0.096200 0.591995
v 0.078065 -0.096200 0.589000
v 0.074000 -0.096200 0.590750
v 0.074000 -0.096200 0.589000
v 0.070995 -0.096200 0.591995
v 0.070473 -0.096200 0.590146
v 0.079157 -0.096200 0.601000
v 0.077005 -0.096200 0.598005
v 0.073294 -0.096200 0.503146
v 0.074750 -0.096200 0.505000
v 0.073294 -0.096200 0.506854
v 0.075995 -0.096200 0.508005
v 0.075473 -0.096200 0.509854
v 0.079000 -0.096200 0.509250
v 0.079000 -0.096200 0.511000
v 0.083250 -0.096200 0.505000
v 0.082005 -0.096200 0.501995
v 0.085066 -0.096200 0.499000
v 0.079000 -0.096200 0.500750
v 0.079000 -0.096200 0.499000
v 0.075995 -0.096200 0.501995
v 0.075473 -0.096200 0.500146
v 0.082643 -0.096200 0.511000
v 0.082005 -0.096200 0.508005
v 0.116000 -0.101200 0.334250
v 0.116000 -0.096200 0.334250
v 0.112995 -0.101200 0.333005
v 0.112995 -0.096200 0.333005
v 0.111750 -0.101200 0.330000
v 0.111750 -0.096200 0.330000
v 0.112995 -0.101200 0.326995
v 0.112995 -0.096200 0.326995
v 0.116000 -0.101200 0.325750
v 0.116000 -0.096200 0.325750
v 0.116000 -0.101200 0.325750
v 0.116000 -0.096200 0.325750
v 0.119005 -0.101200 0.326995
v 0.119005 -0.096200 0.326995
v 0.120250 -0.101200 0.330000
v 0.120250 -0.096200 0.330000
v 0.119005 -0.101200 0.333005
v 0.119005 -0.096200 0.333005
v 0.116000 -0.101200 0.334250
v 0.116000 -0.096200 0.334250
v -0.038000 -0.101200 0.410750
v -0.038000 -0.096200 0.410750
v -0.034995 -0.101200 0.411995
v -0.034995 -0.096200 0.411995
v -0.033750 -0.101200 0.415000
v -0.033750 -0.096200 0.415000
v -0.034995 -0.101200 0.418005
v -0.034995 -0.096200 0.418005
v -0.038000 -0.101200 0.419250
v -0.038000 -0.096200 0.419250
v -0.038000 -0.101200 0.419250
v -0.038000 -0.096200 0.419250
v -0.041005 -0.101200 0.418005
v -0.041005 -0.096200 0.418005
v -0.042250 -0.101200 0.415000
v -0.042250 -0.096200 0.415000
v -0.041005 -0.101200 0.411995
v -0.041005 -0.096200 0.411995
v -0.038000 -0.101200 0.410750
v -0.038000 -0.096200 0.410750
v -0.036000 -0.101200 0.334250
v -0.036000 -0.096200 0.334250
v -0.039005 -0.101200 0.333005
v -0.039005 -0.096200 0.333005
v -0.040250 -0.101200 0.330000
v -0.040250 -0.096200 0.330000
v -0.039005 -0.101200 0.326995
v -0.039005 -0.096200 0.326995
v -0.036000 -0.101200 0.325750
v -0.036000 -0.096200 0.325750
v -0.036000 -0.101200 0.325750
v -0.036000 -0.096200 0.325750
v -0.032995 -0.101200 0.326995
v -0.032995 -0.096200 0.326995
v -0.031750 -0.101200 0.330000
v -0.031750 -0.096200 0.330000
v -0.032995 -0.101200 0.333005
v -0.032995 -0.096200 0.333005
v -0.036000 -0.101200 0.334250
v -0.036000 -0.096200 0.334250
v -0.028000 -0.101200 0.689250
v -0.028000 -0.096200 0.689250
v -0.031005 -0.101200 0.688005
v -0.031005 -0.096200 0.688005
v -0.032250 -0.101200 0.685000
v -0.032250 -0.096200 0.685000
v -0.031005 -0.101200 0.681995
v -0.031005 -0.096200 0.681995
v -0.028000 -0.101200 0.680750
v -0.028000 -0.096200 0.680750
v -0.028000 -0.101200 0.680750
v -0.028000 -0.096200 0.680750
v -0.024995 -0.101200 0.681995
v -0.024995 -0.096200 0.681995
v -0.023750 -0.101200 0.685000
v -0.023750 -0.096200 0.685000
v -0.024995 -0.101200 0.688005
v -0.024995 -0.096200 0.688005
v -0.028000 -0.101200 0.689250
v -0.028000 -0.096200 0.689250
v -0.022000 -0.101200 0.779250
v -0.022000 -0.096200 0.779250
v -0.025005 -0.101200 0.778005
v -0.025005 -0.096200 0.778005
v -0.026250 -0.101200 0.775000
v -0.026250 -0.096200 0.775000
v -0.025005 -0.101200 0.771995
v -0.025005 -0.096200 0.771995
v -0.022000 -0.101200 0.770750
v -0.022000 -0.096200 0.770750
v -0.022000 -0.101200 0.770750
v -0.022000 -0.096200 0.770750
v -0.018995 -0.101200 0.771995
v -0.018995 -0.096200 0.771995
v -0.017750 -0.101200 0.775000
v -0.017750 -0.096200 0.775000
v -0.018995 -0.101200 0.778005
v -0.018995 -0.096200 0.778005
v -0.022000 -0.101200 0.779250
v -0.022000 -0.096200 0.779250
v -0.022000 -0.096200 0.781000
v -0.022000 -0.101520 0.781093
v -0.026746 -0.096200 0.781000
v -0.025946 -0.097528 0.781023
v 0.042961 -0.115225 0.779625
v 0.040145 -0.115244 0.779740
v 0.045336 -0.115300 0.778539
v 0.037460 -0.115218 0.780165
v 0.030396 -0.115300 0.779874
v 0.030906 -0.114978 0.781761
v 0.050316 -0.115300 0.778094
v 0.050148 -0.114978 0.780041
v 0.050883 -0.114939 0.780050
v 0.051525 -0.115300 0.777791
v 0.053440 -0.114799 0.779294
v 0.052812 -0.115300 0.776915
v 0.055179 -0.114700 0.777782
v 0.053686 -0.115300 0.775565
v 0.056372 -0.114623 0.775000
v 0.053944 -0.115300 0.773754
v 0.056419 -0.114614 0.773533
v 0.050148 -0.114978 0.780041
v 0.050316 -0.115300 0.778094
v 0.105946 -0.097528 0.781023
v 0.102000 -0.101520 0.781093
v 0.106746 -0.096200 0.781000
v 0.102000 -0.096200 0.781000
v 0.023697 -0.114617 0.777220
v 0.026350 -0.115300 0.777436
v 0.025026 -0.114674 0.779888
v 0.027433 -0.115300 0.778924
v 0.026213 -0.114732 0.780942
v 0.028796 -0.115300 0.779692
v 0.028852 -0.114868 0.781911
v 0.030396 -0.115300 0.779874
v 0.030906 -0.114978 0.781761
v 0.023581 -0.114614 0.776467
v 0.026056 -0.115300 0.776246
v 0.039639 -0.115297 0.771016
v 0.040515 -0.115300 0.771001
v 0.039076 -0.115300 0.771142
v 0.047229 -0.115300 0.770342
v 0.049604 -0.115300 0.770126
v 0.047248 -0.115300 0.771842
v 0.051271 -0.115300 0.770331
v 0.052228 -0.115300 0.771397
v 0.052634 -0.115300 0.771135
v 0.053548 -0.115300 0.772341
v 0.053944 -0.115300 0.773754
v 0.053686 -0.115300 0.775565
v 0.052673 -0.115300 0.776378
v 0.052812 -0.115300 0.776915
v 0.047693 -0.115300 0.776823
v 0.051525 -0.115300 0.777791
v 0.045336 -0.115300 0.778539
v 0.050316 -0.115300 0.778094
v 0.032752 -0.115300 0.778158
v 0.032307 -0.115300 0.773177
v 0.038405 -0.115300 0.771182
v 0.029684 -0.115300 0.771906
v 0.027327 -0.115300 0.773622
v 0.028439 -0.115300 0.772224
v 0.027152 -0.115300 0.773122
v 0.027772 -0.115300 0.778603
v 0.027433 -0.115300 0.778924
v 0.026350 -0.115300 0.777436
v 0.026284 -0.115300 0.774513
v 0.026056 -0.115300 0.776246
v 0.039076 -0.115300 0.771142
v 0.040515 -0.115300 0.771001
v 0.030396 -0.115300 0.779874
v 0.028796 -0.115300 0.779692
v -0.029294 -0.096200 0.503146
v -0.029294 -0.096200 0.506854
v -0.030750 -0.096200 0.505000
v -0.031473 -0.096200 0.509854
v -0.031995 -0.096200 0.508005
v -0.035000 -0.096200 0.511000
v -0.035000 -0.096200 0.509250
v -0.031995 -0.096200 0.501995
v -0.031473 -0.096200 0.500146
v -0.035000 -0.096200 0.499000
v -0.035000 -0.096200 0.500750
v -0.038005 -0.096200 0.501995
v -0.040357 -0.096200 0.499000
v -0.039632 -0.096200 0.511000
v -0.039250 -0.096200 0.505000
v -0.038005 -0.096200 0.508005
v -0.004748 -0.092921 0.826169
v -0.003613 -0.091500 0.827172
v -0.013639 -0.092921 0.816755
v -0.012953 -0.091500 0.817661
v -0.020584 -0.092921 0.805826
v -0.020258 -0.091500 0.806510
v -0.025330 -0.092921 0.793779
v -0.025248 -0.091500 0.794149
v -0.027706 -0.092919 0.781050
v -0.027730 -0.091500 0.781052
v 0.043028 -0.092921 0.842908
v 0.046052 -0.091500 0.842730
v 0.030096 -0.092921 0.842250
v 0.032722 -0.091500 0.842609
v 0.017524 -0.092921 0.839152
v 0.019672 -0.091500 0.839891
v 0.005767 -0.092921 0.833726
v 0.007403 -0.091500 0.834678
v 0.089125 -0.092921 0.821983
v 0.092172 -0.091500 0.818613
v 0.079324 -0.092921 0.830446
v 0.082661 -0.091500 0.827953
v 0.068097 -0.092921 0.836897
v 0.071511 -0.091500 0.835258
v 0.055850 -0.092921 0.841102
v 0.059149 -0.091500 0.840248
v 0.099678 -0.091500 0.807597
v 0.097142 -0.092921 0.811815
v 0.104891 -0.091500 0.795328
v 0.103087 -0.092921 0.800312
v 0.106742 -0.092921 0.787890
v 0.107730 -0.091500 0.768948
v 0.107609 -0.091500 0.782278
v 0.107975 -0.092921 0.775000
v 0.107705 -0.092921 0.768950
v -0.025294 -0.096200 0.593146
v -0.025294 -0.096200 0.596854
v -0.026750 -0.096200 0.595000
v -0.027473 -0.096200 0.599854
v -0.027995 -0.096200 0.598005
v -0.031000 -0.096200 0.601000
v -0.031000 -0.096200 0.599250
v -0.027995 -0.096200 0.591995
v -0.027473 -0.096200 0.590146
v -0.031000 -0.096200 0.589000
v -0.031000 -0.096200 0.590750
v -0.034005 -0.096200 0.591995
v -0.035886 -0.096200 0.589000
v -0.035506 -0.096200 0.601000
v -0.035250 -0.096200 0.595000
v -0.034005 -0.096200 0.598005
v 0.042251 -0.115274 0.770219
v 0.047229 -0.115300 0.770342
v 0.040515 -0.115300 0.771001
v 0.039639 -0.115297 0.771016
v 0.039618 -0.115293 0.770803
v 0.049102 -0.115052 0.768321
v 0.049604 -0.115300 0.770126
v 0.056419 -0.114614 0.773533
v 0.053548 -0.115300 0.772341
v 0.055715 -0.114652 0.771193
v 0.052634 -0.115300 0.771135
v 0.053875 -0.114773 0.769137
v 0.051271 -0.115300 0.770331
v 0.051707 -0.114909 0.768221
v 0.049604 -0.115300 0.770126
v 0.049102 -0.115052 0.768321
v 0.053944 -0.115300 0.773754
v 0.073081 -0.112395 0.775000
v 0.078583 -0.111203 0.771552
v 0.082103 -0.110361 0.775000
v 0.089039 -0.108165 0.770618
v 0.090491 -0.107706 0.775000
v 0.095839 -0.105426 0.775000
v 0.063404 -0.113883 0.772909
v 0.056372 -0.114623 0.775000
v 0.056419 -0.114614 0.773533
v 0.098848 -0.103686 0.769742
v 0.096613 -0.105001 0.772025
v 0.099518 -0.103262 0.769402
v 0.098473 -0.096200 0.770146
v 0.098848 -0.103686 0.769742
v 0.096294 -0.096200 0.773146
v 0.096613 -0.105001 0.772025
v 0.096294 -0.096200 0.776854
v 0.095839 -0.105426 0.775000
v 0.096562 -0.105030 0.777881
v 0.098667 -0.103798 0.780148
v 0.098473 -0.096200 0.779854
v 0.102000 -0.096200 0.781000
v 0.102000 -0.101520 0.781093
v 0.102000 -0.101520 0.768907
v 0.102000 -0.096200 0.769000
v 0.102692 -0.100968 0.768917
v 0.102694 -0.100967 0.768916
v 0.103176 -0.100557 0.768924
v 0.102677 -0.100982 0.768917
v 0.105251 -0.098442 0.768961
v 0.104894 -0.098860 0.768954
v 0.105200 -0.098498 0.768903
v 0.106317 -0.096936 0.768815
v 0.106620 -0.096438 0.768996
v 0.102000 -0.096200 0.769000
v 0.102000 -0.101520 0.768907
v 0.102677 -0.100982 0.768917
v 0.102692 -0.100968 0.768917
v 0.103176 -0.100557 0.768924
v 0.104894 -0.098860 0.768954
v 0.105251 -0.098442 0.768961
v 0.106620 -0.096438 0.768996
v 0.106746 -0.096200 0.769000
v 0.096294 -0.096200 0.773146
v 0.097750 -0.096200 0.775000
v 0.096294 -0.096200 0.776854
v 0.098995 -0.096200 0.778005
v 0.098473 -0.096200 0.779854
v 0.102000 -0.096200 0.779250
v 0.102000 -0.096200 0.781000
v 0.105005 -0.096200 0.778005
v 0.106746 -0.096200 0.781000
v 0.106250 -0.096200 0.775000
v 0.107015 -0.096200 0.775000
v 0.105005 -0.096200 0.771995
v 0.106746 -0.096200 0.769000
v 0.102000 -0.096200 0.770750
v 0.102000 -0.096200 0.769000
v 0.098995 -0.096200 0.771995
v 0.098473 -0.096200 0.770146
v 0.106749 -0.096200 0.769036
v 0.106749 -0.096200 0.769036
v 0.107705 -0.092921 0.768950
v 0.107015 -0.096200 0.775000
v 0.107975 -0.092921 0.775000
v 0.074000 -0.096200 0.601000
v 0.079157 -0.096200 0.601000
v 0.079139 -0.097371 0.601020
v 0.078947 -0.097877 0.601029
v 0.077838 -0.099321 0.601055
v 0.074000 -0.101764 0.601097
v 0.067867 -0.103823 0.595000
v 0.068294 -0.096200 0.596854
v 0.068493 -0.103719 0.597695
v 0.070473 -0.096200 0.599854
v 0.070616 -0.103102 0.600099
v 0.074000 -0.096200 0.601000
v 0.074000 -0.101764 0.601097
v 0.068650 -0.103495 0.592014
v 0.068294 -0.096200 0.593146
v 0.070926 -0.102651 0.589716
v 0.070473 -0.096200 0.590146
v 0.074000 -0.101291 0.588911
v 0.074000 -0.096200 0.589000
v 0.074000 -0.096200 0.589000
v 0.074000 -0.101291 0.588911
v 0.074613 -0.100963 0.588917
v 0.077222 -0.099000 0.588951
v 0.078038 -0.097629 0.588975
v 0.078065 -0.096200 0.589000
v 0.079000 -0.096200 0.511000
v 0.082643 -0.096200 0.511000
v 0.082615 -0.097511 0.511023
v 0.082173 -0.098404 0.511038
v 0.080338 -0.100121 0.511068
v 0.079000 -0.100932 0.511083
v 0.078018 -0.102386 0.498971
v 0.075473 -0.096200 0.500146
v 0.075060 -0.103336 0.500311
v 0.073294 -0.096200 0.503146
v 0.073608 -0.103672 0.502084
v 0.073294 -0.096200 0.506854
v 0.072950 -0.103750 0.504001
v 0.072957 -0.103630 0.506027
v 0.073724 -0.103274 0.508109
v 0.075473 -0.096200 0.509854
v 0.076029 -0.102333 0.510336
v 0.079000 -0.096200 0.511000
v 0.079000 -0.100932 0.511083
v 0.079000 -0.101991 0.498899
v 0.079000 -0.096200 0.499000
v 0.079000 -0.096200 0.499000
v 0.079000 -0.101991 0.498899
v 0.082770 -0.099963 0.498934
v 0.084614 -0.098163 0.498966
v 0.085052 -0.097222 0.498982
v 0.085066 -0.096200 0.499000
v 0.122149 -0.092847 0.337340
v 0.122173 -0.091500 0.337342
v 0.119983 -0.092957 0.355558
v 0.120190 -0.091500 0.354308
v 0.114603 -0.093520 0.384566
v 0.116226 -0.091500 0.377051
v 0.106886 -0.094468 0.415935
v 0.109887 -0.091500 0.404595
v 0.098303 -0.091500 0.447370
v 0.082615 -0.097511 0.511023
v 0.082643 -0.096200 0.511000
v 0.082395 -0.097536 0.512204
v 0.081482 -0.091500 0.517978
v 0.078454 -0.097942 0.539462
v 0.078419 -0.091500 0.540982
v 0.077136 -0.097942 0.566222
v 0.077330 -0.091500 0.559123
v 0.077334 -0.091500 0.572768
v 0.078038 -0.097629 0.588975
v 0.078073 -0.091500 0.587994
v 0.078065 -0.096200 0.589000
v 0.079157 -0.096200 0.601000
v 0.079139 -0.097371 0.601020
v 0.079664 -0.091500 0.604806
v 0.081068 -0.096969 0.616442
v 0.084729 -0.091500 0.638574
v 0.087222 -0.095822 0.652369
v 0.091115 -0.091500 0.671446
v 0.097117 -0.094178 0.701026
v 0.097866 -0.091500 0.704555
v 0.104016 -0.093206 0.739154
v 0.103715 -0.091500 0.737024
v 0.107705 -0.092921 0.768950
v 0.107730 -0.091500 0.768948
v 0.085066 -0.096200 0.499000
v 0.085052 -0.097222 0.498982
v 0.088409 -0.091500 0.484815
v 0.093615 -0.096157 0.464196
v 0.084596 -0.091500 0.501605
v 0.115876 -0.101170 0.336087
v 0.115598 -0.101353 0.336077
v 0.116000 -0.101087 0.336085
v 0.115667 -0.101308 0.336089
v 0.120236 -0.097380 0.336021
v 0.116000 -0.101087 0.336085
v 0.121085 -0.096200 0.336000
v 0.116000 -0.096200 0.336000
v 0.110294 -0.096200 0.328146
v 0.111750 -0.096200 0.330000
v 0.110294 -0.096200 0.331854
v 0.112995 -0.096200 0.333005
v 0.112473 -0.096200 0.334854
v 0.116000 -0.096200 0.334250
v 0.116000 -0.096200 0.336000
v 0.116000 -0.096200 0.324000
v 0.112995 -0.096200 0.326995
v 0.112473 -0.096200 0.325146
v 0.116000 -0.096200 0.325750
v 0.121085 -0.096200 0.324000
v 0.119005 -0.096200 0.326995
v 0.121307 -0.096200 0.330000
v 0.120250 -0.096200 0.330000
v 0.121085 -0.096200 0.336000
v 0.119005 -0.096200 0.333005
v 0.116000 -0.096200 0.324000
v 0.116000 -0.101087 0.323915
v 0.121085 -0.096200 0.324000
v 0.117672 -0.099866 0.323936
v 0.110757 -0.104093 0.333192
v 0.109854 -0.104537 0.330000
v 0.110294 -0.096200 0.331854
v 0.110384 -0.104279 0.327516
v 0.110294 -0.096200 0.328146
v 0.112802 -0.103021 0.324783
v 0.112473 -0.096200 0.325146
v 0.116000 -0.101087 0.323915
v 0.116000 -0.096200 0.324000
v 0.113653 -0.102542 0.335642
v 0.112473 -0.096200 0.334854
v 0.116000 -0.101087 0.336085
v 0.116000 -0.096200 0.336000
v 0.115598 -0.101353 0.336077
v -0.018228 -0.091500 0.271556
v -0.017026 -0.092850 0.270414
v -0.027492 -0.091500 0.282555
v -0.026751 -0.092850 0.281557
v -0.034706 -0.091500 0.294996
v -0.034329 -0.092850 0.294257
v -0.039649 -0.091500 0.308500
v -0.039518 -0.092850 0.308106
v -0.042173 -0.091500 0.322658
v -0.042149 -0.092850 0.322660
v 0.122149 -0.092847 0.337340
v 0.122476 -0.092850 0.330000
v 0.122199 -0.091500 0.322962
v 0.121150 -0.092850 0.315270
v 0.119728 -0.091500 0.308795
v 0.117215 -0.092850 0.301014
v 0.114835 -0.091500 0.295272
v 0.107668 -0.091500 0.282805
v 0.091411 -0.092850 0.265508
v 0.087445 -0.091500 0.262508
v 0.102102 -0.092850 0.275726
v 0.098444 -0.091500 0.271772
v 0.110797 -0.092850 0.287690
v 0.021617 -0.092850 0.249598
v 0.018795 -0.091500 0.250272
v 0.036272 -0.092850 0.247608
v 0.032962 -0.091500 0.247801
v 0.051046 -0.092850 0.248267
v 0.047343 -0.091500 0.247827
v 0.065466 -0.092850 0.251554
v 0.061500 -0.091500 0.250351
v 0.079067 -0.092850 0.257363
v 0.075004 -0.091500 0.255294
v -0.005467 -0.092850 0.261188
v -0.007195 -0.091500 0.262332
v 0.007553 -0.092850 0.254174
v 0.005272 -0.091500 0.255165
v 0.122173 -0.091500 0.337342
v -0.041358 -0.099361 0.408945
v -0.038000 -0.101629 0.408905
v -0.044057 -0.096200 0.409000
v -0.038000 -0.096200 0.409000
v -0.036227 -0.102460 0.420846
v -0.034473 -0.096200 0.419854
v -0.033053 -0.103886 0.418627
v -0.032294 -0.096200 0.416854
v -0.032104 -0.104282 0.416718
v -0.032294 -0.096200 0.413146
v -0.031873 -0.104397 0.414555
v -0.032415 -0.104212 0.412449
v -0.034724 -0.103269 0.409826
v -0.034473 -0.096200 0.410146
v -0.038000 -0.096200 0.409000
v -0.038000 -0.101629 0.408905
v -0.038000 -0.101533 0.421093
v -0.038000 -0.096200 0.421000
v -0.038000 -0.096200 0.421000
v -0.038000 -0.101533 0.421093
v -0.043893 -0.096200 0.421000
v -0.042466 -0.098233 0.421035
v -0.042250 -0.096200 0.415000
v -0.041005 -0.096200 0.418005
v -0.043893 -0.096200 0.421000
v -0.038000 -0.096200 0.419250
v -0.038000 -0.096200 0.421000
v -0.034995 -0.096200 0.418005
v -0.034473 -0.096200 0.419854
v -0.033750 -0.096200 0.415000
v -0.032294 -0.096200 0.416854
v -0.032294 -0.096200 0.413146
v -0.034995 -0.096200 0.411995
v -0.034473 -0.096200 0.410146
v -0.038000 -0.096200 0.409000
v -0.038000 -0.096200 0.410750
v -0.041005 -0.096200 0.411995
v -0.044057 -0.096200 0.409000
v -0.029891 -0.104605 0.329324
v -0.030005 -0.104624 0.331358
v -0.030294 -0.096200 0.328146
v -0.030849 -0.104314 0.333345
v -0.030294 -0.096200 0.331854
v -0.033730 -0.102987 0.335682
v -0.032473 -0.096200 0.334854
v -0.036000 -0.101709 0.336096
v -0.036000 -0.096200 0.336000
v -0.030452 -0.104283 0.327368
v -0.032473 -0.096200 0.325146
v -0.032844 -0.103003 0.324758
v -0.036000 -0.096200 0.324000
v -0.036000 -0.101087 0.323915
v -0.036000 -0.096200 0.336000
v -0.036000 -0.101709 0.336096
v -0.042040 -0.096200 0.336000
v -0.040073 -0.098605 0.336042
v -0.030294 -0.096200 0.328146
v -0.030294 -0.096200 0.331854
v -0.031750 -0.096200 0.330000
v -0.032473 -0.096200 0.334854
v -0.032995 -0.096200 0.333005
v -0.036000 -0.096200 0.336000
v -0.036000 -0.096200 0.334250
v -0.036000 -0.096200 0.324000
v -0.032473 -0.096200 0.325146
v -0.036000 -0.096200 0.325750
v -0.032995 -0.096200 0.326995
v -0.041092 -0.096200 0.324000
v -0.039005 -0.096200 0.326995
v -0.040250 -0.096200 0.330000
v -0.042040 -0.096200 0.336000
v -0.039005 -0.096200 0.333005
v -0.037759 -0.099800 0.323937
v -0.036000 -0.101087 0.323915
v -0.041092 -0.096200 0.324000
v -0.036000 -0.096200 0.324000
v -0.022000 -0.096200 0.685000
v -0.021854 -0.104552 0.685000
v -0.022000 -0.096200 0.692000
v -0.021855 -0.104496 0.692000
v -0.022188 -0.104327 0.693986
v -0.024319 -0.103236 0.696893
v -0.022804 -0.096200 0.695000
v -0.026855 -0.101713 0.697988
v -0.025000 -0.096200 0.697196
v -0.028000 -0.100910 0.698082
v -0.028000 -0.096200 0.698000
v -0.021855 -0.104496 0.692000
v -0.022000 -0.096200 0.692000
v -0.028000 -0.096200 0.698000
v -0.028000 -0.100910 0.698082
v -0.032189 -0.096200 0.698000
v -0.031551 -0.097350 0.698020
v -0.028000 -0.096200 0.689250
v -0.028000 -0.096200 0.698000
v -0.031005 -0.096200 0.688005
v -0.032189 -0.096200 0.698000
v -0.032250 -0.096200 0.685000
v -0.024995 -0.096200 0.688005
v -0.025000 -0.096200 0.697196
v -0.023750 -0.096200 0.685000
v -0.022804 -0.096200 0.695000
v -0.022000 -0.096200 0.685000
v -0.022000 -0.096200 0.692000
v -0.022804 -0.096200 0.682000
v -0.024995 -0.096200 0.681995
v -0.025000 -0.096200 0.679804
v -0.028000 -0.096200 0.679000
v -0.028000 -0.096200 0.680750
v -0.031005 -0.096200 0.681995
v -0.033037 -0.096200 0.679000
v -0.031733 -0.098314 0.678963
v -0.028000 -0.101458 0.678908
v -0.033037 -0.096200 0.679000
v -0.028000 -0.096200 0.679000
v -0.028000 -0.096200 0.679000
v -0.024824 -0.103235 0.679765
v -0.025000 -0.096200 0.679804
v -0.023304 -0.103945 0.681052
v -0.022804 -0.096200 0.682000
v -0.022000 -0.096200 0.685000
v -0.028000 -0.101458 0.678908
v -0.021961 -0.104514 0.683862
v -0.021854 -0.104552 0.685000
v -0.026250 -0.096200 0.775000
v -0.025005 -0.096200 0.778005
v -0.026746 -0.096200 0.781000
v -0.022000 -0.096200 0.779250
v -0.022000 -0.096200 0.781000
v -0.018995 -0.096200 0.778005
v -0.019000 -0.096200 0.780196
v -0.017750 -0.096200 0.775000
v -0.016804 -0.096200 0.778000
v -0.019000 -0.096200 0.762804
v -0.016804 -0.096200 0.765000
v -0.018995 -0.096200 0.771995
v -0.016000 -0.096200 0.768000
v -0.016000 -0.096200 0.775000
v -0.022000 -0.096200 0.762000
v -0.022000 -0.096200 0.770750
v -0.025005 -0.096200 0.771995
v -0.028321 -0.096200 0.762000
v -0.026749 -0.096200 0.780964
v -0.025260 -0.100102 0.761932
v -0.022000 -0.102641 0.761888
v -0.028321 -0.096200 0.762000
v -0.022000 -0.096200 0.762000
v -0.022000 -0.096200 0.762000
v -0.019163 -0.104317 0.762553
v -0.019000 -0.096200 0.762804
v -0.017049 -0.105340 0.764336
v -0.016804 -0.096200 0.765000
v -0.016000 -0.096200 0.768000
v -0.022000 -0.102641 0.761888
v -0.016144 -0.105711 0.766069
v -0.015833 -0.105790 0.768000
v -0.016000 -0.096200 0.768000
v -0.015833 -0.105790 0.768000
v -0.016000 -0.096200 0.775000
v -0.015837 -0.105527 0.775000
v -0.016197 -0.105267 0.777062
v -0.017979 -0.104216 0.779640
v -0.016804 -0.096200 0.778000
v -0.018848 -0.103686 0.780259
v -0.019000 -0.096200 0.780196
v -0.022000 -0.101520 0.781093
v -0.022000 -0.096200 0.781000
v -0.015837 -0.105527 0.775000
v -0.016000 -0.096200 0.775000
v -0.014194 -0.106095 0.779843
v -0.001939 -0.110360 0.778747
v -0.007136 -0.107706 0.793099
v 0.007049 -0.112394 0.777944
v 0.009118 -0.112395 0.786858
v 0.025026 -0.114674 0.779888
v 0.026213 -0.114732 0.780942
v 0.017524 -0.092921 0.839152
v 0.015429 -0.094621 0.838033
v 0.033637 -0.094621 0.842353
v 0.016124 -0.098182 0.836250
v 0.033817 -0.098182 0.840448
v 0.017679 -0.102142 0.832262
v 0.034220 -0.102142 0.836187
v 0.021662 -0.107706 0.822043
v 0.035251 -0.107706 0.825267
v 0.027986 -0.112395 0.805822
v 0.036889 -0.112395 0.807934
v 0.037460 -0.115218 0.780165
v 0.040145 -0.115244 0.779740
v 0.055850 -0.092921 0.841102
v 0.052332 -0.094621 0.841519
v 0.070083 -0.094621 0.835596
v 0.051983 -0.098182 0.839638
v 0.069232 -0.098182 0.833882
v 0.051203 -0.102142 0.835429
v 0.067329 -0.102142 0.830049
v 0.049204 -0.107706 0.824645
v 0.062452 -0.107706 0.820225
v 0.046030 -0.112395 0.807526
v 0.054710 -0.112395 0.804630
v 0.042961 -0.115225 0.779625
v 0.089125 -0.092921 0.821983
v 0.085533 -0.094621 0.825037
v 0.097498 -0.094621 0.810649
v 0.084245 -0.098182 0.823621
v 0.095872 -0.098182 0.809641
v 0.081364 -0.102142 0.820456
v 0.092234 -0.102142 0.807385
v 0.073982 -0.107706 0.812344
v 0.082913 -0.107706 0.801606
v 0.062264 -0.112395 0.799467
v 0.068115 -0.112395 0.792431
v 0.050148 -0.114978 0.780041
v 0.050883 -0.114939 0.780050
v 0.053440 -0.114799 0.779294
v 0.055179 -0.114700 0.777782
v 0.071815 -0.112395 0.784062
v 0.056372 -0.114623 0.775000
v 0.073081 -0.112395 0.775000
v 0.098667 -0.103798 0.780148
v 0.102000 -0.101520 0.781093
v 0.099108 -0.102142 0.791837
v 0.105946 -0.097528 0.781023
v 0.103224 -0.098182 0.793009
v 0.106746 -0.096200 0.781000
v 0.105065 -0.094621 0.793534
v 0.107015 -0.096200 0.775000
v 0.107975 -0.092921 0.775000
v -0.026749 -0.096200 0.780964
v -0.026746 -0.096200 0.781000
v -0.023157 -0.094621 0.799251
v -0.025946 -0.097528 0.781023
v -0.021370 -0.098182 0.798565
v -0.022000 -0.101520 0.781093
v -0.017375 -0.102142 0.797031
v -0.018848 -0.103686 0.780259
v -0.025330 -0.092921 0.793779
v -0.020584 -0.092921 0.805826
v -0.014098 -0.094621 0.815625
v -0.013639 -0.092921 0.816755
v -0.000899 -0.094621 0.828891
v -0.004748 -0.092921 0.826169
v 0.005767 -0.092921 0.833726
v -0.009145 -0.102142 0.811906
v -0.012567 -0.098182 0.814476
v 0.000258 -0.098182 0.827366
v -0.000374 -0.107706 0.805319
v 0.013548 -0.112395 0.794865
v 0.030906 -0.114978 0.781761
v 0.020002 -0.112395 0.801351
v 0.002846 -0.102142 0.823957
v 0.009476 -0.107706 0.815220
v 0.043028 -0.092921 0.842908
v 0.030096 -0.092921 0.842250
v 0.079324 -0.092921 0.830446
v 0.068097 -0.092921 0.836897
v 0.103087 -0.092921 0.800312
v 0.088560 -0.107706 0.788832
v 0.082103 -0.110361 0.775000
v 0.090491 -0.107706 0.775000
v 0.095839 -0.105426 0.775000
v 0.096562 -0.105030 0.777881
v -0.027706 -0.092919 0.781050
v 0.028852 -0.114868 0.781911
v 0.097142 -0.092921 0.811815
v 0.106742 -0.092921 0.787890
v 0.023697 -0.114617 0.777220
v 0.023581 -0.114614 0.776467
v 0.026284 -0.115300 0.774513
v 0.025600 -0.114797 0.771416
v 0.027152 -0.115300 0.773122
v 0.027936 -0.114950 0.770194
v 0.028439 -0.115300 0.772224
v 0.029857 -0.115053 0.770042
v 0.029684 -0.115300 0.771906
v 0.023937 -0.114660 0.773818
v 0.026056 -0.115300 0.776246
v 0.023581 -0.114614 0.776467
v 0.039618 -0.115293 0.770803
v 0.039076 -0.115300 0.771142
v 0.037802 -0.115284 0.770765
v 0.038405 -0.115300 0.771182
v 0.029857 -0.115053 0.770042
v 0.029684 -0.115300 0.771906
v 0.039639 -0.115297 0.771016
v -0.035000 -0.096200 0.499000
v -0.040357 -0.096200 0.499000
v -0.040339 -0.097308 0.498981
v -0.039803 -0.098375 0.498962
v -0.038114 -0.099973 0.498934
v -0.035000 -0.101710 0.498904
v -0.029099 -0.103747 0.503334
v -0.029294 -0.096200 0.503146
v -0.030179 -0.103460 0.501219
v -0.031473 -0.096200 0.500146
v -0.031666 -0.102999 0.499869
v -0.035000 -0.096200 0.499000
v -0.035000 -0.101710 0.498904
v -0.028908 -0.103762 0.505703
v -0.029480 -0.103562 0.507662
v -0.029294 -0.096200 0.506854
v -0.032031 -0.102689 0.510344
v -0.031473 -0.096200 0.509854
v -0.035000 -0.101466 0.511092
v -0.035000 -0.096200 0.511000
v -0.035000 -0.096200 0.511000
v -0.035000 -0.101466 0.511092
v -0.038492 -0.099233 0.511053
v -0.039369 -0.098126 0.511034
v -0.039607 -0.097564 0.511024
v -0.039632 -0.096200 0.511000
v -0.031000 -0.096200 0.589000
v -0.035886 -0.096200 0.589000
v -0.035861 -0.097670 0.588974
v -0.035693 -0.098095 0.588967
v -0.034650 -0.099433 0.588944
v -0.031000 -0.101707 0.588904
v -0.025492 -0.103688 0.592307
v -0.024866 -0.103857 0.595000
v -0.025294 -0.096200 0.593146
v -0.025660 -0.103596 0.598009
v -0.025294 -0.096200 0.596854
v -0.027670 -0.102894 0.600131
v -0.027473 -0.096200 0.599854
v -0.031000 -0.101458 0.601092
v -0.031000 -0.096200 0.601000
v -0.027846 -0.102951 0.589758
v -0.027473 -0.096200 0.590146
v -0.031000 -0.096200 0.589000
v -0.031000 -0.101707 0.588904
v -0.031000 -0.096200 0.601000
v -0.031000 -0.101458 0.601092
v -0.033650 -0.099817 0.601063
v -0.035061 -0.098338 0.601037
v -0.035484 -0.097438 0.601022
v -0.035506 -0.096200 0.601000
v -0.027706 -0.092919 0.781050
v -0.027730 -0.091500 0.781052
v -0.031100 -0.093563 0.732935
v -0.031155 -0.091500 0.732581
v -0.033339 -0.095167 0.678680
v -0.033600 -0.091500 0.672355
v -0.035484 -0.097438 0.601022
v -0.035506 -0.096200 0.601000
v -0.035910 -0.091500 0.590761
v -0.035886 -0.096200 0.589000
v -0.039632 -0.096200 0.511000
v -0.035861 -0.097670 0.588974
v -0.036263 -0.097843 0.577396
v -0.040357 -0.096200 0.499000
v -0.040922 -0.091500 0.491000
v -0.043189 -0.095856 0.448522
v -0.042700 -0.091500 0.459826
v -0.044788 -0.094176 0.396399
v -0.044176 -0.091500 0.426322
v -0.044843 -0.091500 0.395332
v -0.044224 -0.093161 0.355363
v -0.044655 -0.091500 0.368334
v -0.043733 -0.091500 0.344369
v -0.042173 -0.091500 0.322658
v -0.042149 -0.092850 0.322660
v -0.040339 -0.097308 0.498981
v -0.039607 -0.097564 0.511024
v 0.047219 -0.085300 0.333123
v 0.047728 -0.085300 0.328149
v 0.052193 -0.085300 0.333631
v 0.052702 -0.085300 0.328657
v 0.093615 -0.096157 0.464196
v 0.092011 -0.096968 0.469422
v 0.106886 -0.094468 0.415935
v 0.107141 -0.095279 0.414190
v 0.114603 -0.093520 0.384566
v 0.112891 -0.096821 0.386287
v 0.119983 -0.092957 0.355558
v 0.117684 -0.096491 0.361953
v 0.122149 -0.092847 0.337340
v 0.120877 -0.096368 0.337227
v 0.034021 -0.114186 0.718795
v 0.026506 -0.111350 0.654278
v 0.055953 -0.111804 0.695357
v 0.039950 -0.111677 0.667553
v 0.061765 -0.109091 0.666112
v 0.036293 -0.110381 0.638838
v 0.052005 -0.108955 0.638006
v 0.048219 -0.108060 0.609526
v 0.069559 -0.105362 0.637048
v 0.065073 -0.105093 0.608867
v 0.079023 -0.101610 0.636651
v 0.074519 -0.101890 0.608593
v 0.082927 -0.098723 0.636546
v 0.078571 -0.099327 0.608520
v 0.084092 -0.096957 0.636524
v 0.079813 -0.097714 0.608505
v 0.081068 -0.096969 0.616442
v 0.078947 -0.097877 0.601029
v 0.079139 -0.097371 0.601020
v 0.022376 -0.109450 0.609798
v 0.041198 -0.107840 0.581111
v 0.062326 -0.104902 0.580672
v 0.058177 -0.105539 0.552500
v 0.071648 -0.102166 0.552500
v 0.064529 -0.104901 0.524513
v 0.074430 -0.102090 0.524669
v 0.072957 -0.103630 0.506027
v 0.073724 -0.103274 0.508109
v 0.020486 -0.108511 0.529321
v 0.022970 -0.109736 0.487589
v 0.042286 -0.107838 0.524037
v 0.050848 -0.108054 0.495842
v 0.069384 -0.105091 0.496606
v 0.072950 -0.103750 0.504001
v 0.085052 -0.097222 0.498982
v 0.085266 -0.097720 0.497029
v 0.090741 -0.098731 0.469396
v 0.083952 -0.099331 0.497011
v 0.086432 -0.101614 0.469267
v 0.079622 -0.101892 0.496927
v 0.075815 -0.105358 0.468777
v 0.055816 -0.108942 0.467608
v 0.037833 -0.110365 0.466616
v 0.028233 -0.112083 0.435179
v 0.035992 -0.114727 0.369137
v 0.060574 -0.111782 0.410659
v 0.065619 -0.112716 0.382289
v 0.079852 -0.108740 0.412252
v 0.086026 -0.109311 0.384103
v 0.094829 -0.104387 0.413449
v 0.101657 -0.104466 0.385465
v 0.101760 -0.100990 0.413920
v 0.108716 -0.100729 0.386014
v 0.105982 -0.097384 0.414143
v 0.069340 -0.113264 0.357671
v 0.078399 -0.112634 0.333431
v 0.090402 -0.109646 0.359589
v 0.094607 -0.109487 0.334880
v 0.106410 -0.104513 0.361031
v 0.106738 -0.105718 0.335964
v 0.113539 -0.100576 0.361634
v 0.113760 -0.102437 0.336591
v 0.119330 -0.098296 0.337089
v 0.089039 -0.108165 0.770618
v 0.078583 -0.111203 0.771552
v 0.090607 -0.106355 0.745869
v 0.075817 -0.111052 0.747162
v 0.077416 -0.109323 0.722498
v 0.060473 -0.112736 0.723930
v 0.072123 -0.108754 0.694100
v 0.090418 -0.104468 0.721439
v 0.100359 -0.100575 0.745067
v 0.098848 -0.103686 0.769742
v 0.099518 -0.103262 0.769402
v 0.084742 -0.104389 0.693171
v 0.096308 -0.100724 0.721015
v 0.099806 -0.096809 0.720803
v 0.103790 -0.096488 0.744813
v 0.097117 -0.094178 0.701026
v 0.104016 -0.093206 0.739154
v 0.090624 -0.100983 0.692810
v 0.084627 -0.101293 0.664713
v 0.094236 -0.097370 0.692638
v 0.088380 -0.098039 0.664576
v 0.089460 -0.096101 0.664546
v 0.087222 -0.095822 0.652369
v 0.075098 -0.105666 0.665225
v 0.074613 -0.100963 0.588917
v 0.071824 -0.102090 0.580529
v 0.076004 -0.099758 0.580491
v 0.075921 -0.099923 0.552500
v 0.078752 -0.099759 0.524709
v 0.076029 -0.102333 0.510336
v 0.079000 -0.100932 0.511083
v 0.074000 -0.101291 0.588911
v 0.070926 -0.102651 0.589716
v 0.068650 -0.103495 0.592014
v 0.067867 -0.103823 0.595000
v 0.068493 -0.103719 0.597695
v 0.070616 -0.103102 0.600099
v 0.074000 -0.101764 0.601097
v 0.077838 -0.099321 0.601055
v 0.077308 -0.098255 0.580483
v 0.077260 -0.098461 0.552500
v 0.077136 -0.097942 0.566222
v 0.078454 -0.097942 0.539462
v 0.080092 -0.098256 0.524718
v 0.082395 -0.097536 0.512204
v 0.079000 -0.101991 0.498899
v 0.082770 -0.099963 0.498934
v 0.084614 -0.098163 0.498966
v 0.082615 -0.097511 0.511023
v 0.082173 -0.098404 0.511038
v 0.080338 -0.100121 0.511068
v 0.103176 -0.100557 0.768924
v 0.104894 -0.098860 0.768954
v 0.105200 -0.098498 0.768903
v 0.106317 -0.096936 0.768815
v 0.073608 -0.103672 0.502084
v 0.075060 -0.103336 0.500311
v 0.078018 -0.102386 0.498971
v 0.078038 -0.097629 0.588975
v 0.077222 -0.099000 0.588951
v 0.020268 -0.108399 0.568163
v 0.035866 -0.107877 0.552500
v 0.053634 -0.114612 0.356282
v 0.040217 -0.115292 0.334233
v 0.041209 -0.115288 0.334532
v 0.049113 -0.115127 0.336671
v 0.051597 -0.115035 0.336789
v 0.054043 -0.114933 0.335740
v 0.055609 -0.114866 0.334006
v 0.056429 -0.114836 0.331468
v 0.039638 -0.115293 0.333984
v 0.057439 -0.114057 0.748774
v 0.056419 -0.114614 0.773533
v 0.055715 -0.114652 0.771193
v 0.053875 -0.114773 0.769137
v 0.051707 -0.114909 0.768221
v 0.049102 -0.115052 0.768321
v 0.042251 -0.115274 0.770219
v 0.039618 -0.115293 0.770803
v 0.063404 -0.113883 0.772909
v 0.102694 -0.100967 0.768916
v 0.102677 -0.100982 0.768917
v 0.102000 -0.101520 0.768907
v 0.107705 -0.092921 0.768950
v 0.106746 -0.096200 0.769000
v 0.106620 -0.096438 0.768996
v 0.106749 -0.096200 0.769036
v 0.110757 -0.104093 0.333192
v 0.106738 -0.105718 0.335964
v 0.109854 -0.104537 0.330000
v 0.094607 -0.109487 0.334880
v 0.099903 -0.108115 0.330000
v 0.089549 -0.110690 0.330000
v 0.121997 -0.094835 0.330000
v 0.120877 -0.096368 0.337227
v 0.121085 -0.096200 0.336000
v 0.119330 -0.098296 0.337089
v 0.120236 -0.097380 0.336021
v 0.113760 -0.102437 0.336591
v 0.116000 -0.101087 0.336085
v 0.115876 -0.101170 0.336087
v 0.078547 -0.112635 0.330000
v 0.078399 -0.112634 0.333431
v 0.056429 -0.114836 0.331468
v 0.056382 -0.114842 0.330000
v 0.113653 -0.102542 0.335642
v 0.115598 -0.101353 0.336077
v 0.115667 -0.101308 0.336089
v 0.122476 -0.092850 0.330000
v 0.122149 -0.092847 0.337340
v 0.121307 -0.096200 0.330000
v 0.078547 -0.112635 0.330000
v 0.077307 -0.112635 0.320300
v 0.089549 -0.110690 0.330000
v 0.097976 -0.108115 0.314926
v 0.099903 -0.108115 0.330000
v 0.111372 -0.102611 0.311443
v 0.109854 -0.104537 0.330000
v 0.110384 -0.104279 0.327516
v 0.054356 -0.114926 0.326355
v 0.052211 -0.115007 0.325190
v 0.050158 -0.115082 0.324974
v 0.073665 -0.112635 0.311224
v 0.067857 -0.112635 0.303357
v 0.083291 -0.108115 0.288596
v 0.071479 -0.108115 0.279035
v 0.078753 -0.102611 0.267258
v 0.061718 -0.102611 0.259525
v 0.063371 -0.098588 0.254162
v 0.043535 -0.098588 0.250721
v 0.043653 -0.094835 0.248084
v 0.022922 -0.094835 0.249801
v 0.036272 -0.092850 0.247608
v 0.021617 -0.092850 0.249598
v -0.017026 -0.092850 0.270414
v -0.013979 -0.094835 0.268276
v -0.027774 -0.094835 0.283846
v -0.012241 -0.098588 0.270263
v -0.025592 -0.098588 0.285331
v -0.008547 -0.102611 0.274488
v -0.020953 -0.102611 0.288490
v 0.000566 -0.108115 0.284908
v -0.009512 -0.108115 0.296282
v 0.014625 -0.112635 0.300984
v 0.008139 -0.112635 0.308303
v 0.030178 -0.115056 0.323114
v 0.027816 -0.114971 0.323306
v 0.025579 -0.114895 0.324547
v 0.024251 -0.114853 0.326236
v 0.003705 -0.112635 0.317018
v 0.023571 -0.114836 0.328532
v 0.001606 -0.112635 0.326569
v -0.014598 -0.109489 0.325121
v -0.026739 -0.105718 0.324037
v -0.016404 -0.108115 0.309826
v -0.033761 -0.102438 0.323409
v -0.029438 -0.102611 0.305164
v -0.036747 -0.100520 0.323142
v -0.034722 -0.098588 0.303274
v -0.040528 -0.096878 0.322804
v -0.037207 -0.094835 0.302385
v -0.041663 -0.094859 0.322703
v -0.042046 -0.093577 0.322669
v 0.117672 -0.099866 0.323936
v 0.116804 -0.098588 0.310031
v 0.121085 -0.096200 0.324000
v 0.119359 -0.094835 0.309366
v 0.121997 -0.094835 0.330000
v 0.121150 -0.092850 0.315270
v 0.122476 -0.092850 0.330000
v 0.116000 -0.101087 0.323915
v 0.109307 -0.098588 0.291346
v 0.111613 -0.094835 0.290061
v 0.099258 -0.094835 0.273325
v 0.110797 -0.092850 0.287690
v 0.102102 -0.092850 0.275726
v 0.104406 -0.102611 0.294080
v 0.092317 -0.108115 0.300822
v 0.097350 -0.098588 0.275150
v 0.093295 -0.102611 0.279029
v 0.043417 -0.115244 0.325379
v 0.060257 -0.112635 0.297205
v 0.051352 -0.112635 0.293163
v 0.057642 -0.108115 0.272753
v 0.042668 -0.108115 0.270156
v 0.043285 -0.102611 0.256328
v 0.024641 -0.102611 0.257872
v 0.023472 -0.098588 0.252383
v 0.004472 -0.098588 0.259040
v 0.003290 -0.094835 0.256679
v -0.005467 -0.092850 0.261188
v 0.007553 -0.092850 0.254174
v 0.081703 -0.098588 0.262483
v 0.083090 -0.094835 0.260237
v 0.091411 -0.092850 0.265508
v 0.064148 -0.094835 0.251639
v 0.079067 -0.092850 0.257363
v 0.040620 -0.115262 0.325313
v 0.041717 -0.112635 0.291491
v 0.031972 -0.112635 0.292298
v 0.027524 -0.108115 0.271410
v 0.013182 -0.108115 0.276435
v 0.006985 -0.102611 0.264058
v 0.022743 -0.112635 0.295532
v 0.037901 -0.115249 0.324933
v 0.030894 -0.115082 0.323252
v -0.034329 -0.092850 0.294257
v 0.117215 -0.092850 0.301014
v 0.051046 -0.092850 0.248267
v 0.065466 -0.092850 0.251554
v -0.039518 -0.092850 0.308106
v -0.042149 -0.092850 0.322660
v 0.056382 -0.114842 0.330000
v 0.055997 -0.114860 0.328621
v 0.112802 -0.103021 0.324783
v -0.026751 -0.092850 0.281557
v 0.121307 -0.096200 0.330000
v 0.023571 -0.114836 0.328532
v 0.023757 -0.114855 0.330645
v 0.001606 -0.112635 0.326569
v 0.015108 -0.114255 0.334615
v -0.007399 -0.111191 0.332665
v 0.013545 -0.114057 0.352522
v -0.008738 -0.111052 0.350749
v 0.003969 -0.112737 0.376671
v -0.016494 -0.109324 0.375285
v 0.002180 -0.111806 0.405964
v -0.017157 -0.108755 0.404886
v 0.001606 -0.111398 0.417051
v -0.017230 -0.108506 0.416085
v 0.000787 -0.110695 0.435267
v -0.017171 -0.108076 0.434474
v -0.006043 -0.108061 0.493763
v -0.024601 -0.105093 0.493390
v -0.023131 -0.104902 0.522963
v -0.028908 -0.103762 0.505703
v -0.029480 -0.103562 0.507662
v 0.039618 -0.115293 0.770803
v 0.029857 -0.115053 0.770042
v 0.034021 -0.114186 0.718795
v 0.009245 -0.112737 0.727954
v 0.006015 -0.111357 0.686621
v -0.007715 -0.109324 0.729161
v -0.009807 -0.108481 0.687489
v -0.021854 -0.104552 0.685000
v -0.010483 -0.108076 0.670271
v -0.022674 -0.104296 0.670808
v -0.020236 -0.105093 0.611548
v -0.029683 -0.101890 0.611749
v -0.027670 -0.102894 0.600131
v -0.031000 -0.101458 0.601092
v -0.028556 -0.101293 0.671069
v -0.033735 -0.099327 0.611839
v -0.033650 -0.099817 0.601063
v -0.035061 -0.098338 0.601037
v -0.032307 -0.098039 0.671237
v -0.034976 -0.097714 0.611865
v -0.035484 -0.097438 0.601022
v -0.033387 -0.096100 0.671282
v -0.033037 -0.096200 0.679000
v -0.032838 -0.095600 0.688665
v -0.032189 -0.096200 0.698000
v -0.030117 -0.096808 0.730693
v -0.031551 -0.097350 0.698020
v -0.026621 -0.100723 0.730454
v -0.028000 -0.100910 0.698082
v -0.026855 -0.101713 0.697988
v 0.026506 -0.111350 0.654278
v 0.004807 -0.110695 0.669538
v 0.022376 -0.109450 0.609798
v -0.003375 -0.108061 0.611179
v 0.020268 -0.108399 0.568163
v -0.004414 -0.107422 0.581846
v -0.009684 -0.106712 0.552500
v -0.020911 -0.104902 0.582023
v -0.025397 -0.104032 0.552500
v -0.030409 -0.102090 0.582122
v -0.033897 -0.101092 0.552500
v -0.035763 -0.099923 0.552500
v -0.037356 -0.099758 0.522816
v -0.038696 -0.098255 0.522801
v -0.039369 -0.098126 0.511034
v -0.039607 -0.097564 0.511024
v -0.035861 -0.097670 0.588974
v -0.036263 -0.097843 0.577396
v -0.035693 -0.098095 0.588967
v -0.035892 -0.098255 0.582182
v -0.034650 -0.099433 0.588944
v -0.034589 -0.099758 0.582168
v -0.031000 -0.101707 0.588904
v 0.020486 -0.108511 0.529321
v -0.005772 -0.107422 0.523139
v 0.022970 -0.109736 0.487589
v -0.037101 -0.098461 0.552500
v -0.038492 -0.099233 0.511053
v -0.035000 -0.101466 0.511092
v -0.033035 -0.102090 0.522864
v -0.032031 -0.102689 0.510344
v -0.040339 -0.097308 0.498981
v -0.043189 -0.095856 0.448522
v -0.040489 -0.097714 0.493060
v -0.043644 -0.096100 0.433379
v -0.039175 -0.099327 0.493089
v -0.042431 -0.098039 0.433434
v -0.034846 -0.101890 0.493186
v -0.038163 -0.101293 0.433627
v -0.031385 -0.104296 0.433910
v -0.031957 -0.104355 0.415395
v -0.031873 -0.104397 0.414555
v -0.032176 -0.104389 0.404114
v -0.032415 -0.104212 0.412449
v -0.034724 -0.103269 0.409826
v -0.044255 -0.095569 0.414775
v -0.044493 -0.095261 0.403438
v -0.044788 -0.094176 0.396399
v -0.044323 -0.095118 0.373464
v -0.044224 -0.093161 0.355363
v -0.042616 -0.096487 0.348144
v -0.042040 -0.096200 0.336000
v -0.040912 -0.098536 0.348280
v -0.040073 -0.098605 0.336042
v -0.036000 -0.101709 0.336096
v -0.033339 -0.095167 0.678680
v -0.031100 -0.093563 0.732935
v -0.028321 -0.096200 0.762000
v -0.027706 -0.092919 0.781050
v -0.026749 -0.096200 0.780964
v -0.042046 -0.093577 0.322669
v -0.041663 -0.094859 0.322703
v -0.041092 -0.096200 0.324000
v -0.040528 -0.096878 0.322804
v -0.037759 -0.099800 0.323937
v -0.036747 -0.100520 0.323142
v -0.036000 -0.101087 0.323915
v -0.032844 -0.103003 0.324758
v -0.035277 -0.102577 0.348719
v -0.039232 -0.100723 0.373814
v -0.043406 -0.096808 0.373527
v -0.043336 -0.097369 0.403505
v -0.044057 -0.096200 0.409000
v -0.043893 -0.096200 0.421000
v -0.025476 -0.106404 0.331115
v -0.026667 -0.106355 0.349377
v -0.032165 -0.104468 0.374278
v -0.033761 -0.102438 0.323409
v -0.026739 -0.105718 0.324037
v -0.030452 -0.104283 0.327368
v -0.029891 -0.104605 0.329324
v 0.023581 -0.114614 0.776467
v 0.007049 -0.112394 0.777944
v 0.023937 -0.114660 0.773818
v 0.025600 -0.114797 0.771416
v 0.027936 -0.114950 0.770194
v -0.028000 -0.101458 0.678908
v -0.024824 -0.103235 0.679765
v -0.023304 -0.103945 0.681052
v -0.035000 -0.101710 0.498904
v -0.031666 -0.102999 0.499869
v -0.030179 -0.103460 0.501219
v -0.038114 -0.099973 0.498934
v -0.039803 -0.098375 0.498962
v 0.028233 -0.112083 0.435179
v 0.035992 -0.114727 0.369137
v -0.039117 -0.100983 0.403744
v -0.041358 -0.099361 0.408945
v -0.038000 -0.101629 0.408905
v -0.042466 -0.098233 0.421035
v -0.038000 -0.101533 0.421093
v -0.025260 -0.100102 0.761932
v -0.020730 -0.104468 0.730051
v -0.022000 -0.102641 0.761888
v -0.019163 -0.104317 0.762553
v 0.034987 -0.115254 0.334481
v 0.029848 -0.115128 0.334947
v 0.027261 -0.115031 0.334578
v 0.025138 -0.114933 0.333134
v -0.033730 -0.102987 0.335682
v -0.030849 -0.104314 0.333345
v -0.030005 -0.104624 0.331358
v -0.014598 -0.109489 0.325121
v -0.016197 -0.105267 0.777062
v -0.015837 -0.105527 0.775000
v -0.014194 -0.106095 0.779843
v -0.015833 -0.105790 0.768000
v -0.016144 -0.105711 0.766069
v -0.017049 -0.105340 0.764336
v -0.022188 -0.104327 0.693986
v -0.024319 -0.103236 0.696893
v -0.025660 -0.103596 0.598009
v -0.024866 -0.103857 0.595000
v -0.025492 -0.103688 0.592307
v -0.027846 -0.102951 0.589758
v -0.036227 -0.102460 0.420846
v -0.033053 -0.103886 0.418627
v -0.032104 -0.104282 0.416718
v -0.042149 -0.092850 0.322660
v -0.001939 -0.110360 0.778747
v -0.031733 -0.098314 0.678963
v 0.039638 -0.115293 0.333984
v -0.018848 -0.103686 0.780259
v -0.017979 -0.104216 0.779640
v -0.021855 -0.104496 0.692000
v -0.021961 -0.104514 0.683862
v -0.029099 -0.103747 0.503334
v 0.037802 -0.115284 0.770765
v 0.047219 -0.115300 0.333123
v 0.047728 -0.115300 0.328149
v 0.047219 -0.085300 0.333123
v 0.047728 -0.085300 0.328149
v 0.047728 -0.115300 0.328149
v 0.052702 -0.115300 0.328657
v 0.047728 -0.085300 0.328149
v 0.052702 -0.085300 0.328657
v 0.052702 -0.115300 0.328657
v 0.052193 -0.115300 0.333631
v 0.052702 -0.085300 0.328657
v 0.052193 -0.085300 0.333631
v 0.052193 -0.115300 0.333631
v 0.047219 -0.115300 0.333123
v 0.052193 -0.085300 0.333631
v 0.047219 -0.085300 0.333123
v 0.039638 -0.115293 0.333984
v 0.040622 -0.115300 0.333941
v 0.040217 -0.115292 0.334233
v 0.041435 -0.115300 0.334089
v 0.041209 -0.115288 0.334532
v 0.049604 -0.115300 0.334874
v 0.049113 -0.115127 0.336671
v 0.049950 -0.115300 0.334890
v 0.051271 -0.115300 0.334669
v 0.051597 -0.115035 0.336789
v 0.052637 -0.115300 0.333862
v 0.054043 -0.114933 0.335740
v 0.053551 -0.115300 0.332653
v 0.055609 -0.114866 0.334006
v 0.053944 -0.115300 0.331246
v 0.056429 -0.114836 0.331468
v 0.049113 -0.115127 0.336671
v 0.049604 -0.115300 0.334874
v 0.056382 -0.114842 0.330000
v 0.053829 -0.115300 0.329872
v 0.055997 -0.114860 0.328621
v 0.053066 -0.115300 0.328369
v 0.054356 -0.114926 0.326355
v 0.051861 -0.115300 0.327370
v 0.052211 -0.115007 0.325190
v 0.050316 -0.115300 0.326906
v 0.050158 -0.115082 0.324974
v 0.056429 -0.114836 0.331468
v 0.053944 -0.115300 0.331246
v 0.037901 -0.115249 0.324933
v 0.040620 -0.115262 0.325313
v 0.035376 -0.115300 0.325571
v 0.043417 -0.115244 0.325379
v 0.050316 -0.115300 0.326906
v 0.050158 -0.115082 0.324974
v 0.030396 -0.115300 0.325126
v 0.030894 -0.115082 0.323252
v 0.030178 -0.115056 0.323114
v 0.029100 -0.115300 0.325222
v 0.027816 -0.114971 0.323306
v 0.027701 -0.115300 0.325865
v 0.025579 -0.114895 0.324547
v 0.026629 -0.115300 0.327021
v 0.024251 -0.114853 0.326236
v 0.026056 -0.115300 0.328754
v 0.023571 -0.114836 0.328532
v 0.030894 -0.115082 0.323252
v 0.030396 -0.115300 0.325126
v 0.023571 -0.114836 0.328532
v 0.026040 -0.115300 0.329048
v 0.023757 -0.114855 0.330645
v 0.026290 -0.115300 0.330502
v 0.025138 -0.114933 0.333134
v 0.027084 -0.115300 0.331805
v 0.027261 -0.115031 0.334578
v 0.028276 -0.115300 0.332700
v 0.029848 -0.115128 0.334947
v 0.029684 -0.115300 0.333094
v 0.026056 -0.115300 0.328754
v 0.034987 -0.115254 0.334481
v 0.029848 -0.115128 0.334947
v 0.036281 -0.115300 0.333654
v 0.038864 -0.115301 0.333717
v 0.039638 -0.115293 0.333984
v 0.029684 -0.115300 0.333094
v 0.039638 -0.115293 0.333984
v 0.038864 -0.115301 0.333717
v 0.040622 -0.115300 0.333941
v 0.035376 -0.115300 0.325571
v 0.050316 -0.115300 0.326906
v 0.047728 -0.115300 0.328149
v 0.051861 -0.115300 0.327370
v 0.052702 -0.115300 0.328657
v 0.053066 -0.115300 0.328369
v 0.053829 -0.115300 0.329872
v 0.053944 -0.115300 0.331246
v 0.053551 -0.115300 0.332653
v 0.052193 -0.115300 0.333631
v 0.052637 -0.115300 0.333862
v 0.047219 -0.115300 0.333123
v 0.051271 -0.115300 0.334669
v 0.049604 -0.115300 0.334874
v 0.049950 -0.115300 0.334890
v 0.027701 -0.115300 0.325865
v 0.029100 -0.115300 0.325222
v 0.027807 -0.115300 0.326369
v 0.030396 -0.115300 0.325126
v 0.032781 -0.115300 0.326877
v 0.032272 -0.115300 0.331851
v 0.029684 -0.115300 0.333094
v 0.027298 -0.115300 0.331343
v 0.028276 -0.115300 0.332700
v 0.027084 -0.115300 0.331805
v 0.041435 -0.115300 0.334089
v 0.040622 -0.115300 0.333941
v 0.038864 -0.115301 0.333717
v 0.036281 -0.115300 0.333654
v 0.026290 -0.115300 0.330502
v 0.026040 -0.115300 0.329048
v 0.026056 -0.115300 0.328754
v 0.026629 -0.115300 0.327021
v 0.027298 -0.115300 0.331343
v 0.027298 -0.085300 0.331343
v 0.032272 -0.115300 0.331851
v 0.032272 -0.085300 0.331851
v 0.032272 -0.115300 0.331851
v 0.032272 -0.085300 0.331851
v 0.032781 -0.115300 0.326877
v 0.032781 -0.085300 0.326877
v 0.032781 -0.115300 0.326877
v 0.032781 -0.085300 0.326877
v 0.027807 -0.115300 0.326369
v 0.027807 -0.085300 0.326369
v 0.027807 -0.115300 0.326369
v 0.027807 -0.085300 0.326369
v 0.027298 -0.115300 0.331343
v 0.027298 -0.085300 0.331343
v 0.027298 -0.085300 0.331343
v 0.027807 -0.085300 0.326369
v 0.032272 -0.085300 0.331851
v 0.032781 -0.085300 0.326877
v 0.053215 0.085300 0.776831
v 0.052681 0.085300 0.770855
v 0.053215 0.091000 0.776831
v 0.052681 0.091000 0.770855
v 0.047239 0.085300 0.777365
v 0.053215 0.085300 0.776831
v 0.047239 0.091000 0.777365
v 0.053215 0.091000 0.776831
v 0.046705 0.085300 0.771389
v 0.047239 0.085300 0.777365
v 0.046705 0.091000 0.771389
v 0.047239 0.091000 0.777365
v 0.052681 0.085300 0.770855
v 0.046705 0.085300 0.771389
v 0.052681 0.091000 0.770855
v 0.046705 0.091000 0.771389
v 0.053215 0.091000 0.776831
v 0.052681 0.091000 0.770855
v 0.047239 0.091000 0.777365
v 0.046705 0.091000 0.771389
v 0.046705 0.085300 0.771389
v 0.052681 0.085300 0.770855
v 0.047239 0.085300 0.777365
v 0.053215 0.085300 0.776831
v 0.027319 -0.115199 0.779145
v 0.027287 -0.115300 0.778792
v 0.027671 -0.115300 0.779114
v 0.033295 -0.085300 0.778611
v 0.027319 -0.085300 0.779145
v 0.033295 -0.115300 0.778611
v 0.027319 -0.115199 0.779145
v 0.027671 -0.115300 0.779114
v 0.033295 -0.115300 0.778611
v 0.032761 -0.115300 0.772635
v 0.033295 -0.085300 0.778611
v 0.032761 -0.085300 0.772635
v 0.026785 -0.085300 0.773169
v 0.032761 -0.085300 0.772635
v 0.026785 -0.115204 0.773169
v 0.032761 -0.115300 0.772635
v 0.027137 -0.115300 0.773137
v 0.026785 -0.115204 0.773169
v 0.027137 -0.115300 0.773137
v 0.026816 -0.115300 0.773522
v 0.027319 -0.085300 0.779145
v 0.026785 -0.085300 0.773169
v 0.027319 -0.115199 0.779145
v 0.026785 -0.115204 0.773169
v 0.027287 -0.115300 0.778792
v 0.026816 -0.115300 0.773522
v 0.026816 -0.115300 0.773522
v 0.027137 -0.115300 0.773137
v 0.032761 -0.115300 0.772635
v 0.030040 -0.115300 0.773890
v 0.029595 -0.115300 0.773940
v 0.029172 -0.115300 0.774088
v 0.028793 -0.115300 0.774326
v 0.028476 -0.115300 0.774643
v 0.028238 -0.115300 0.775022
v 0.028090 -0.115300 0.775445
v 0.028040 -0.115300 0.775890
v 0.028090 -0.115300 0.776335
v 0.028238 -0.115300 0.776758
v 0.027287 -0.115300 0.778792
v 0.028476 -0.115300 0.777137
v 0.028793 -0.115300 0.777454
v 0.029172 -0.115300 0.777692
v 0.029595 -0.115300 0.777840
v 0.030040 -0.115300 0.777890
v 0.033295 -0.115300 0.778611
v 0.027671 -0.115300 0.779114
v 0.031990 -0.115300 0.776335
v 0.032040 -0.115300 0.775890
v 0.031990 -0.115300 0.775445
v 0.031842 -0.115300 0.775022
v 0.031603 -0.115300 0.774643
v 0.031287 -0.115300 0.774326
v 0.030908 -0.115300 0.774088
v 0.030485 -0.115300 0.773940
v 0.030485 -0.115300 0.777840
v 0.030908 -0.115300 0.777692
v 0.031287 -0.115300 0.777454
v 0.031603 -0.115300 0.777137
v 0.031842 -0.115300 0.776758
v 0.030040 -0.108800 0.773890
v 0.030485 -0.115300 0.773940
v 0.030485 -0.108800 0.773940
v 0.030908 -0.115300 0.774088
v 0.030908 -0.108800 0.774088
v 0.031287 -0.115300 0.774326
v 0.031287 -0.108800 0.774326
v 0.031603 -0.115300 0.774643
v 0.031603 -0.108800 0.774643
v 0.031842 -0.115300 0.775022
v 0.031842 -0.108800 0.775022
v 0.031990 -0.115300 0.775445
v 0.031990 -0.108800 0.775445
v 0.032040 -0.115300 0.775890
v 0.032040 -0.108800 0.775890
v 0.030040 -0.115300 0.773890
v 0.029595 -0.108800 0.773940
v 0.029595 -0.115300 0.773940
v 0.029172 -0.108800 0.774088
v 0.029172 -0.115300 0.774088
v 0.028793 -0.108800 0.774326
v 0.028793 -0.115300 0.774326
v 0.028476 -0.108800 0.774643
v 0.028476 -0.115300 0.774643
v 0.028238 -0.108800 0.775022
v 0.028238 -0.115300 0.775022
v 0.028090 -0.108800 0.775445
v 0.028090 -0.115300 0.775445
v 0.028040 -0.108800 0.775890
v 0.028040 -0.115300 0.775890
v 0.030040 -0.108800 0.777890
v 0.029595 -0.115300 0.777840
v 0.029595 -0.108800 0.777840
v 0.029172 -0.115300 0.777692
v 0.029172 -0.108800 0.777692
v 0.028793 -0.115300 0.777454
v 0.028793 -0.108800 0.777454
v 0.028476 -0.115300 0.777137
v 0.028476 -0.108800 0.777137
v 0.028238 -0.115300 0.776758
v 0.028238 -0.108800 0.776758
v 0.028090 -0.115300 0.776335
v 0.028090 -0.108800 0.776335
v 0.028040 -0.115300 0.775890
v 0.028040 -0.108800 0.775890
v 0.030040 -0.115300 0.777890
v 0.030485 -0.108800 0.777840
v 0.030485 -0.115300 0.777840
v 0.030908 -0.108800 0.777692
v 0.030908 -0.115300 0.777692
v 0.031287 -0.108800 0.777454
v 0.031287 -0.115300 0.777454
v 0.031603 -0.108800 0.777137
v 0.031603 -0.115300 0.777137
v 0.031842 -0.108800 0.776758
v 0.031842 -0.115300 0.776758
v 0.031990 -0.108800 0.776335
v 0.031990 -0.115300 0.776335
v 0.032040 -0.108800 0.775890
v 0.032040 -0.115300 0.775890
v 0.030485 -0.108800 0.777840
v 0.029595 -0.108800 0.777840
v 0.030908 -0.108800 0.777692
v 0.029172 -0.108800 0.777692
v 0.031287 -0.108800 0.777454
v 0.028793 -0.108800 0.777454
v 0.031603 -0.108800 0.777137
v 0.028476 -0.108800 0.777137
v 0.031842 -0.108800 0.776758
v 0.028238 -0.108800 0.776758
v 0.031990 -0.108800 0.776335
v 0.028090 -0.108800 0.776335
v 0.032040 -0.108800 0.775890
v 0.028040 -0.108800 0.775890
v 0.031990 -0.108800 0.775445
v 0.028090 -0.108800 0.775445
v 0.031842 -0.108800 0.775022
v 0.028238 -0.108800 0.775022
v 0.031603 -0.108800 0.774643
v 0.028476 -0.108800 0.774643
v 0.031287 -0.108800 0.774326
v 0.028793 -0.108800 0.774326
v 0.030908 -0.108800 0.774088
v 0.029172 -0.108800 0.774088
v 0.030485 -0.108800 0.773940
v 0.029595 -0.108800 0.773940
v 0.030040 -0.108800 0.773890
v 0.030040 -0.108800 0.777890
v 0.033295 -0.085300 0.778611
v 0.032761 -0.085300 0.772635
v 0.027319 -0.085300 0.779145
v 0.026785 -0.085300 0.773169
v 0.026750 -0.115235 0.331789
v 0.026786 -0.115300 0.331437
v 0.027102 -0.115300 0.331825
v 0.027102 -0.115300 0.331825
v 0.032719 -0.115300 0.332400
v 0.026750 -0.115235 0.331789
v 0.032719 -0.085300 0.332400
v 0.026750 -0.085300 0.331789
v 0.033329 -0.115300 0.326431
v 0.033329 -0.085300 0.326431
v 0.032719 -0.115300 0.332400
v 0.032719 -0.085300 0.332400
v 0.027713 -0.115300 0.325856
v 0.027361 -0.115233 0.325820
v 0.033329 -0.115300 0.326431
v 0.027361 -0.085300 0.325820
v 0.033329 -0.085300 0.326431
v 0.027361 -0.115233 0.325820
v 0.027713 -0.115300 0.325856
v 0.027324 -0.115300 0.326173
v 0.027361 -0.085300 0.325820
v 0.027361 -0.115233 0.325820
v 0.026750 -0.085300 0.331789
v 0.026750 -0.115235 0.331789
v 0.027324 -0.115300 0.326173
v 0.026786 -0.115300 0.331437
v 0.030485 -0.108800 0.331060
v 0.029595 -0.108800 0.331060
v 0.030907 -0.108800 0.330912
v 0.029172 -0.108800 0.330912
v 0.031287 -0.108800 0.330674
v 0.028793 -0.108800 0.330674
v 0.031603 -0.108800 0.330357
v 0.028476 -0.108800 0.330357
v 0.031842 -0.108800 0.329978
v 0.028238 -0.108800 0.329978
v 0.031989 -0.108800 0.329555
v 0.028090 -0.108800 0.329555
v 0.032040 -0.108800 0.329110
v 0.028040 -0.108800 0.329110
v 0.031989 -0.108800 0.328665
v 0.028090 -0.108800 0.328665
v 0.031842 -0.108800 0.328242
v 0.028238 -0.108800 0.328242
v 0.031603 -0.108800 0.327863
v 0.028476 -0.108800 0.327863
v 0.031287 -0.108800 0.327546
v 0.028793 -0.108800 0.327546
v 0.030907 -0.108800 0.327308
v 0.029172 -0.108800 0.327308
v 0.030485 -0.108800 0.327160
v 0.029595 -0.108800 0.327160
v 0.030040 -0.108800 0.327110
v 0.030040 -0.108800 0.331110
v 0.032719 -0.115300 0.332400
v 0.027102 -0.115300 0.331825
v 0.030485 -0.115300 0.331060
v 0.030907 -0.115300 0.330912
v 0.031287 -0.115300 0.330674
v 0.031603 -0.115300 0.330357
v 0.031842 -0.115300 0.329978
v 0.033329 -0.115300 0.326431
v 0.027324 -0.115300 0.326173
v 0.027713 -0.115300 0.325856
v 0.030040 -0.115300 0.327110
v 0.029595 -0.115300 0.327160
v 0.029172 -0.115300 0.327308
v 0.028793 -0.115300 0.327546
v 0.028476 -0.115300 0.327863
v 0.028238 -0.115300 0.328242
v 0.028090 -0.115300 0.328665
v 0.028040 -0.115300 0.329110
v 0.028090 -0.115300 0.329555
v 0.026786 -0.115300 0.331437
v 0.028238 -0.115300 0.329978
v 0.028476 -0.115300 0.330357
v 0.028793 -0.115300 0.330674
v 0.029172 -0.115300 0.330912
v 0.029595 -0.115300 0.331060
v 0.030040 -0.115300 0.331110
v 0.031989 -0.115300 0.329555
v 0.032040 -0.115300 0.329110
v 0.031989 -0.115300 0.328665
v 0.031842 -0.115300 0.328242
v 0.031603 -0.115300 0.327863
v 0.031287 -0.115300 0.327546
v 0.030907 -0.115300 0.327308
v 0.030485 -0.115300 0.327160
v 0.030040 -0.108800 0.327110
v 0.030485 -0.115300 0.327160
v 0.030485 -0.108800 0.327160
v 0.030907 -0.115300 0.327308
v 0.030907 -0.108800 0.327308
v 0.031287 -0.115300 0.327546
v 0.031287 -0.108800 0.327546
v 0.031603 -0.115300 0.327863
v 0.031603 -0.108800 0.327863
v 0.031842 -0.115300 0.328242
v 0.031842 -0.108800 0.328242
v 0.031989 -0.115300 0.328665
v 0.031989 -0.108800 0.328665
v 0.032040 -0.115300 0.329110
v 0.032040 -0.108800 0.329110
v 0.030040 -0.115300 0.327110
v 0.029595 -0.108800 0.327160
v 0.029595 -0.115300 0.327160
v 0.029172 -0.108800 0.327308
v 0.029172 -0.115300 0.327308
v 0.028793 -0.108800 0.327546
v 0.028793 -0.115300 0.327546
v 0.028476 -0.108800 0.327863
v 0.028476 -0.115300 0.327863
v 0.028238 -0.108800 0.328242
v 0.028238 -0.115300 0.328242
v 0.028090 -0.108800 0.328665
v 0.028090 -0.115300 0.328665
v 0.028040 -0.108800 0.329110
v 0.028040 -0.115300 0.329110
v 0.030040 -0.108800 0.331110
v 0.029595 -0.115300 0.331060
v 0.029595 -0.108800 0.331060
v 0.029172 -0.115300 0.330912
v 0.029172 -0.108800 0.330912
v 0.028793 -0.115300 0.330674
v 0.028793 -0.108800 0.330674
v 0.028476 -0.115300 0.330357
v 0.028476 -0.108800 0.330357
v 0.028238 -0.115300 0.329978
v 0.028238 -0.108800 0.329978
v 0.028090 -0.115300 0.329555
v 0.028090 -0.108800 0.329555
v 0.028040 -0.115300 0.329110
v 0.028040 -0.108800 0.329110
v 0.030040 -0.115300 0.331110
v 0.030485 -0.108800 0.331060
v 0.030485 -0.115300 0.331060
v 0.030907 -0.108800 0.330912
v 0.030907 -0.115300 0.330912
v 0.031287 -0.108800 0.330674
v 0.031287 -0.115300 0.330674
v 0.031603 -0.108800 0.330357
v 0.031603 -0.115300 0.330357
v 0.031842 -0.108800 0.329978
v 0.031842 -0.115300 0.329978
v 0.031989 -0.108800 0.329555
v 0.031989 -0.115300 0.329555
v 0.032040 -0.108800 0.329110
v 0.032040 -0.115300 0.329110
v 0.033329 -0.085300 0.326431
v 0.027361 -0.085300 0.325820
v 0.032719 -0.085300 0.332400
v 0.026750 -0.085300 0.331789
v 0.053215 0.091000 0.328169
v 0.053215 0.085300 0.328169
v 0.047239 0.091000 0.327635
v 0.047239 0.085300 0.327635
v 0.052681 0.091000 0.334145
v 0.052681 0.085300 0.334145
v 0.053215 0.091000 0.328169
v 0.053215 0.085300 0.328169
v 0.046705 0.091000 0.333611
v 0.046705 0.085300 0.333611
v 0.052681 0.091000 0.334145
v 0.052681 0.085300 0.334145
v 0.047239 0.091000 0.327635
v 0.047239 0.085300 0.327635
v 0.046705 0.091000 0.333611
v 0.046705 0.085300 0.333611
v 0.053215 0.091000 0.328169
v 0.047239 0.091000 0.327635
v 0.052681 0.091000 0.334145
v 0.046705 0.091000 0.333611
v 0.046705 0.085300 0.333611
v 0.047239 0.085300 0.327635
v 0.052681 0.085300 0.334145
v 0.053215 0.085300 0.328169
v 0.026785 0.091300 0.331831
v 0.027319 0.091300 0.325855
v 0.032761 0.091300 0.332365
v 0.033295 0.091300 0.326389
v 0.027319 0.115233 0.325855
v 0.027287 0.115300 0.326208
v 0.027671 0.115300 0.325886
v 0.026785 0.115236 0.331831
v 0.027137 0.115300 0.331863
v 0.026816 0.115300 0.331478
v 0.029595 0.108800 0.331060
v 0.030485 0.108800 0.331060
v 0.029172 0.108800 0.330912
v 0.030908 0.108800 0.330912
v 0.028793 0.108800 0.330674
v 0.031287 0.108800 0.330674
v 0.028476 0.108800 0.330357
v 0.031603 0.108800 0.330357
v 0.028238 0.108800 0.329978
v 0.031842 0.108800 0.329978
v 0.028090 0.108800 0.329555
v 0.031990 0.108800 0.329555
v 0.028040 0.108800 0.329110
v 0.032040 0.108800 0.329110
v 0.028090 0.108800 0.328665
v 0.031990 0.108800 0.328665
v 0.028238 0.108800 0.328242
v 0.031842 0.108800 0.328242
v 0.028476 0.108800 0.327863
v 0.031603 0.108800 0.327863
v 0.028793 0.108800 0.327546
v 0.031287 0.108800 0.327546
v 0.029172 0.108800 0.327308
v 0.030908 0.108800 0.327308
v 0.029595 0.108800 0.327160
v 0.030485 0.108800 0.327160
v 0.030040 0.108800 0.327110
v 0.030040 0.108800 0.331110
v 0.026816 0.115300 0.331478
v 0.027137 0.115300 0.331863
v 0.030040 0.115300 0.331110
v 0.029595 0.115300 0.331060
v 0.029172 0.115300 0.330912
v 0.028793 0.115300 0.330674
v 0.028476 0.115300 0.330357
v 0.028238 0.115300 0.329978
v 0.028090 0.115300 0.329555
v 0.027287 0.115300 0.326208
v 0.032761 0.115300 0.332365
v 0.033295 0.115300 0.326389
v 0.031842 0.115300 0.329978
v 0.031603 0.115300 0.330357
v 0.031287 0.115300 0.330674
v 0.030908 0.115300 0.330912
v 0.030485 0.115300 0.331060
v 0.027671 0.115300 0.325886
v 0.030040 0.115300 0.327110
v 0.030485 0.115300 0.327160
v 0.030908 0.115300 0.327308
v 0.031287 0.115300 0.327546
v 0.031603 0.115300 0.327863
v 0.031842 0.115300 0.328242
v 0.031990 0.115300 0.328665
v 0.032040 0.115300 0.329110
v 0.031990 0.115300 0.329555
v 0.028040 0.115300 0.329110
v 0.028090 0.115300 0.328665
v 0.028238 0.115300 0.328242
v 0.028476 0.115300 0.327863
v 0.028793 0.115300 0.327546
v 0.029172 0.115300 0.327308
v 0.029595 0.115300 0.327160
v 0.030040 0.108800 0.327110
v 0.029595 0.115300 0.327160
v 0.029595 0.108800 0.327160
v 0.029172 0.115300 0.327308
v 0.029172 0.108800 0.327308
v 0.028793 0.115300 0.327546
v 0.028793 0.108800 0.327546
v 0.028476 0.115300 0.327863
v 0.028476 0.108800 0.327863
v 0.028238 0.115300 0.328242
v 0.028238 0.108800 0.328242
v 0.028090 0.115300 0.328665
v 0.028090 0.108800 0.328665
v 0.028040 0.115300 0.329110
v 0.028040 0.108800 0.329110
v 0.030040 0.115300 0.327110
v 0.030485 0.108800 0.327160
v 0.030485 0.115300 0.327160
v 0.030908 0.108800 0.327308
v 0.030908 0.115300 0.327308
v 0.031287 0.108800 0.327546
v 0.031287 0.115300 0.327546
v 0.031603 0.108800 0.327863
v 0.031603 0.115300 0.327863
v 0.031842 0.108800 0.328242
v 0.031842 0.115300 0.328242
v 0.031990 0.108800 0.328665
v 0.031990 0.115300 0.328665
v 0.032040 0.108800 0.329110
v 0.032040 0.115300 0.329110
v 0.030040 0.108800 0.331110
v 0.030485 0.115300 0.331060
v 0.030485 0.108800 0.331060
v 0.030908 0.115300 0.330912
v 0.030908 0.108800 0.330912
v 0.031287 0.115300 0.330674
v 0.031287 0.108800 0.330674
v 0.031603 0.115300 0.330357
v 0.031603 0.108800 0.330357
v 0.031842 0.115300 0.329978
v 0.031842 0.108800 0.329978
v 0.031990 0.115300 0.329555
v 0.031990 0.108800 0.329555
v 0.032040 0.115300 0.329110
v 0.032040 0.108800 0.329110
v 0.030040 0.115300 0.331110
v 0.029595 0.108800 0.331060
v 0.029595 0.115300 0.331060
v 0.029172 0.108800 0.330912
v 0.029172 0.115300 0.330912
v 0.028793 0.108800 0.330674
v 0.028793 0.115300 0.330674
v 0.028476 0.108800 0.330357
v 0.028476 0.115300 0.330357
v 0.028238 0.108800 0.329978
v 0.028238 0.115300 0.329978
v 0.028090 0.108800 0.329555
v 0.028090 0.115300 0.329555
v 0.028040 0.108800 0.329110
v 0.028040 0.115300 0.329110
v 0.027137 0.115300 0.331863
v 0.026785 0.115236 0.331831
v 0.032761 0.115300 0.332365
v 0.026785 0.091300 0.331831
v 0.032761 0.091300 0.332365
v 0.026785 0.091300 0.331831
v 0.026785 0.115236 0.331831
v 0.027319 0.091300 0.325855
v 0.027319 0.115233 0.325855
v 0.026816 0.115300 0.331478
v 0.027287 0.115300 0.326208
v 0.032761 0.115300 0.332365
v 0.032761 0.091300 0.332365
v 0.033295 0.115300 0.326389
v 0.033295 0.091300 0.326389
v 0.027671 0.115300 0.325886
v 0.033295 0.115300 0.326389
v 0.027319 0.115233 0.325855
v 0.033295 0.091300 0.326389
v 0.027319 0.091300 0.325855
v 0.026785 0.091300 0.773169
v 0.032761 0.091300 0.772635
v 0.027319 0.091300 0.779145
v 0.033295 0.091300 0.778611
v 0.026785 0.115204 0.773169
v 0.026816 0.115300 0.773522
v 0.027137 0.115300 0.773137
v 0.027319 0.115199 0.779145
v 0.027671 0.115300 0.779114
v 0.027287 0.115300 0.778792
v 0.029595 0.108800 0.777840
v 0.030485 0.108800 0.777840
v 0.029172 0.108800 0.777692
v 0.030908 0.108800 0.777692
v 0.028793 0.108800 0.777454
v 0.031287 0.108800 0.777454
v 0.028476 0.108800 0.777137
v 0.031603 0.108800 0.777137
v 0.028238 0.108800 0.776758
v 0.031842 0.108800 0.776758
v 0.028090 0.108800 0.776335
v 0.031990 0.108800 0.776335
v 0.028040 0.108800 0.775890
v 0.032040 0.108800 0.775890
v 0.028090 0.108800 0.775445
v 0.031990 0.108800 0.775445
v 0.028238 0.108800 0.775022
v 0.031842 0.108800 0.775022
v 0.028476 0.108800 0.774643
v 0.031603 0.108800 0.774643
v 0.028793 0.108800 0.774326
v 0.031287 0.108800 0.774326
v 0.029172 0.108800 0.774088
v 0.030908 0.108800 0.774088
v 0.029595 0.108800 0.773940
v 0.030485 0.108800 0.773940
v 0.030040 0.108800 0.773890
v 0.030040 0.108800 0.777890
v 0.032761 0.115300 0.772635
v 0.027137 0.115300 0.773137
v 0.026816 0.115300 0.773522
v 0.030040 0.115300 0.773890
v 0.030485 0.115300 0.773940
v 0.030908 0.115300 0.774088
v 0.031287 0.115300 0.774326
v 0.031603 0.115300 0.774643
v 0.031842 0.115300 0.775022
v 0.031990 0.115300 0.775445
v 0.032040 0.115300 0.775890
v 0.031990 0.115300 0.776335
v 0.033295 0.115300 0.778611
v 0.031842 0.115300 0.776758
v 0.031603 0.115300 0.777137
v 0.031287 0.115300 0.777454
v 0.030908 0.115300 0.777692
v 0.030485 0.115300 0.777840
v 0.030040 0.115300 0.777890
v 0.027287 0.115300 0.778792
v 0.027671 0.115300 0.779114
v 0.028238 0.115300 0.776758
v 0.028090 0.115300 0.776335
v 0.028040 0.115300 0.775890
v 0.028090 0.115300 0.775445
v 0.028238 0.115300 0.775022
v 0.028476 0.115300 0.774643
v 0.028793 0.115300 0.774326
v 0.029172 0.115300 0.774088
v 0.029595 0.115300 0.773940
v 0.029595 0.115300 0.777840
v 0.029172 0.115300 0.777692
v 0.028793 0.115300 0.777454
v 0.028476 0.115300 0.777137
v 0.030040 0.108800 0.773890
v 0.029595 0.115300 0.773940
v 0.029595 0.108800 0.773940
v 0.029172 0.115300 0.774088
v 0.029172 0.108800 0.774088
v 0.028793 0.115300 0.774326
v 0.028793 0.108800 0.774326
v 0.028476 0.115300 0.774643
v 0.028476 0.108800 0.774643
v 0.028238 0.115300 0.775022
v 0.028238 0.108800 0.775022
v 0.028090 0.115300 0.775445
v 0.028090 0.108800 0.775445
v 0.028040 0.115300 0.775890
v 0.028040 0.108800 0.775890
v 0.030040 0.115300 0.773890
v 0.030485 0.108800 0.773940
v 0.030485 0.115300 0.773940
v 0.030908 0.108800 0.774088
v 0.030908 0.115300 0.774088
v 0.031287 0.108800 0.774326
v 0.031287 0.115300 0.774326
v 0.031603 0.108800 0.774643
v 0.031603 0.115300 0.774643
v 0.031842 0.108800 0.775022
v 0.031842 0.115300 0.775022
v 0.031990 0.108800 0.775445
v 0.031990 0.115300 0.775445
v 0.032040 0.108800 0.775890
v 0.032040 0.115300 0.775890
v 0.030040 0.108800 0.777890
v 0.030485 0.115300 0.777840
v 0.030485 0.108800 0.777840
v 0.030908 0.115300 0.777692
v 0.030908 0.108800 0.777692
v 0.031287 0.115300 0.777454
v 0.031287 0.108800 0.777454
v 0.031603 0.115300 0.777137
v 0.031603 0.108800 0.777137
v 0.031842 0.115300 0.776758
v 0.031842 0.108800 0.776758
v 0.031990 0.115300 0.776335
v 0.031990 0.108800 0.776335
v 0.032040 0.115300 0.775890
v 0.032040 0.108800 0.775890
v 0.030040 0.115300 0.777890
v 0.029595 0.108800 0.777840
v 0.029595 0.115300 0.777840
v 0.029172 0.108800 0.777692
v 0.029172 0.115300 0.777692
v 0.028793 0.108800 0.777454
v 0.028793 0.115300 0.777454
v 0.028476 0.108800 0.777137
v 0.028476 0.115300 0.777137
v 0.028238 0.108800 0.776758
v 0.028238 0.115300 0.776758
v 0.028090 0.108800 0.776335
v 0.028090 0.115300 0.776335
v 0.028040 0.108800 0.775890
v 0.028040 0.115300 0.775890
v 0.027287 0.115300 0.778792
v 0.026816 0.115300 0.773522
v 0.027319 0.115199 0.779145
v 0.026785 0.115204 0.773169
v 0.027319 0.091300 0.779145
v 0.026785 0.091300 0.773169
v 0.027319 0.091300 0.779145
v 0.033295 0.091300 0.778611
v 0.027319 0.115199 0.779145
v 0.033295 0.115300 0.778611
v 0.027671 0.115300 0.779114
v 0.032761 0.091300 0.772635
v 0.026785 0.091300 0.773169
v 0.032761 0.115300 0.772635
v 0.026785 0.115204 0.773169
v 0.027137 0.115300 0.773137
v 0.033295 0.091300 0.778611
v 0.032761 0.091300 0.772635
v 0.033295 0.115300 0.778611
v 0.032761 0.115300 0.772635
v 0.046705 0.091300 0.771389
v 0.052681 0.091300 0.770855
v 0.047239 0.091300 0.777365
v 0.053215 0.091300 0.776831
v 0.053215 0.115199 0.776831
v 0.053184 0.115300 0.776478
v 0.052863 0.115300 0.776863
v 0.052681 0.115204 0.770855
v 0.052329 0.115300 0.770886
v 0.052713 0.115300 0.771208
v 0.049515 0.108800 0.776060
v 0.050405 0.108800 0.776060
v 0.049093 0.108800 0.775912
v 0.050828 0.108800 0.775912
v 0.048713 0.108800 0.775674
v 0.051207 0.108800 0.775674
v 0.048397 0.108800 0.775357
v 0.051524 0.108800 0.775357
v 0.048158 0.108800 0.774978
v 0.051762 0.108800 0.774978
v 0.048011 0.108800 0.774555
v 0.051910 0.108800 0.774555
v 0.047960 0.108800 0.774110
v 0.051960 0.108800 0.774110
v 0.048011 0.108800 0.773665
v 0.051910 0.108800 0.773665
v 0.048158 0.108800 0.773242
v 0.051762 0.108800 0.773242
v 0.048397 0.108800 0.772863
v 0.051524 0.108800 0.772863
v 0.048713 0.108800 0.772546
v 0.051207 0.108800 0.772546
v 0.049093 0.108800 0.772308
v 0.050828 0.108800 0.772308
v 0.049515 0.108800 0.772160
v 0.050405 0.108800 0.772160
v 0.049960 0.108800 0.772110
v 0.049960 0.108800 0.776110
v 0.047239 0.115300 0.777365
v 0.052863 0.115300 0.776863
v 0.049515 0.115300 0.776060
v 0.049093 0.115300 0.775912
v 0.048713 0.115300 0.775674
v 0.048397 0.115300 0.775357
v 0.048158 0.115300 0.774978
v 0.046705 0.115300 0.771389
v 0.052713 0.115300 0.771208
v 0.052329 0.115300 0.770886
v 0.049960 0.115300 0.772110
v 0.050405 0.115300 0.772160
v 0.050828 0.115300 0.772308
v 0.051207 0.115300 0.772546
v 0.051524 0.115300 0.772863
v 0.051762 0.115300 0.773242
v 0.051910 0.115300 0.773665
v 0.051960 0.115300 0.774110
v 0.051910 0.115300 0.774555
v 0.053184 0.115300 0.776478
v 0.051762 0.115300 0.774978
v 0.051524 0.115300 0.775357
v 0.051207 0.115300 0.775674
v 0.050828 0.115300 0.775912
v 0.050405 0.115300 0.776060
v 0.049960 0.115300 0.776110
v 0.048011 0.115300 0.774555
v 0.047960 0.115300 0.774110
v 0.048011 0.115300 0.773665
v 0.048158 0.115300 0.773242
v 0.048397 0.115300 0.772863
v 0.048713 0.115300 0.772546
v 0.049093 0.115300 0.772308
v 0.049515 0.115300 0.772160
v 0.049960 0.108800 0.772110
v 0.049515 0.115300 0.772160
v 0.049515 0.108800 0.772160
v 0.049093 0.115300 0.772308
v 0.049093 0.108800 0.772308
v 0.048713 0.115300 0.772546
v 0.048713 0.108800 0.772546
v 0.048397 0.115300 0.772863
v 0.048397 0.108800 0.772863
v 0.048158 0.115300 0.773242
v 0.048158 0.108800 0.773242
v 0.048011 0.115300 0.773665
v 0.048011 0.108800 0.773665
v 0.047960 0.115300 0.774110
v 0.047960 0.108800 0.774110
v 0.049960 0.115300 0.772110
v 0.050405 0.108800 0.772160
v 0.050405 0.115300 0.772160
v 0.050828 0.108800 0.772308
v 0.050828 0.115300 0.772308
v 0.051207 0.108800 0.772546
v 0.051207 0.115300 0.772546
v 0.051524 0.108800 0.772863
v 0.051524 0.115300 0.772863
v 0.051762 0.108800 0.773242
v 0.051762 0.115300 0.773242
v 0.051910 0.108800 0.773665
v 0.051910 0.115300 0.773665
v 0.051960 0.108800 0.774110
v 0.051960 0.115300 0.774110
v 0.049960 0.108800 0.776110
v 0.050405 0.115300 0.776060
v 0.050405 0.108800 0.776060
v 0.050828 0.115300 0.775912
v 0.050828 0.108800 0.775912
v 0.051207 0.115300 0.775674
v 0.051207 0.108800 0.775674
v 0.051524 0.115300 0.775357
v 0.051524 0.108800 0.775357
v 0.051762 0.115300 0.774978
v 0.051762 0.108800 0.774978
v 0.051910 0.115300 0.774555
v 0.051910 0.108800 0.774555
v 0.051960 0.115300 0.774110
v 0.051960 0.108800 0.774110
v 0.049960 0.115300 0.776110
v 0.049515 0.108800 0.776060
v 0.049515 0.115300 0.776060
v 0.049093 0.108800 0.775912
v 0.049093 0.115300 0.775912
v 0.048713 0.108800 0.775674
v 0.048713 0.115300 0.775674
v 0.048397 0.108800 0.775357
v 0.048397 0.115300 0.775357
v 0.048158 0.108800 0.774978
v 0.048158 0.115300 0.774978
v 0.048011 0.108800 0.774555
v 0.048011 0.115300 0.774555
v 0.047960 0.108800 0.774110
v 0.047960 0.115300 0.774110
v 0.046705 0.091300 0.771389
v 0.047239 0.091300 0.777365
v 0.046705 0.115300 0.771389
v 0.047239 0.115300 0.777365
v 0.047239 0.091300 0.777365
v 0.053215 0.091300 0.776831
v 0.047239 0.115300 0.777365
v 0.053215 0.115199 0.776831
v 0.052863 0.115300 0.776863
v 0.052681 0.091300 0.770855
v 0.046705 0.091300 0.771389
v 0.052681 0.115204 0.770855
v 0.046705 0.115300 0.771389
v 0.052329 0.115300 0.770886
v 0.052713 0.115300 0.771208
v 0.053184 0.115300 0.776478
v 0.052681 0.115204 0.770855
v 0.053215 0.115199 0.776831
v 0.052681 0.091300 0.770855
v 0.053215 0.091300 0.776831
v 0.046705 0.091300 0.333611
v 0.047239 0.091300 0.327635
v 0.052681 0.091300 0.334145
v 0.053215 0.091300 0.328169
v 0.052681 0.115236 0.334145
v 0.052713 0.115300 0.333792
v 0.052329 0.115300 0.334114
v 0.053215 0.115233 0.328169
v 0.052863 0.115300 0.328137
v 0.053184 0.115300 0.328522
v 0.049515 0.108800 0.332840
v 0.050405 0.108800 0.332840
v 0.049093 0.108800 0.332692
v 0.050828 0.108800 0.332692
v 0.048713 0.108800 0.332454
v 0.051207 0.108800 0.332454
v 0.048397 0.108800 0.332137
v 0.051524 0.108800 0.332137
v 0.048158 0.108800 0.331758
v 0.051762 0.108800 0.331758
v 0.048010 0.108800 0.331335
v 0.051910 0.108800 0.331335
v 0.047960 0.108800 0.330890
v 0.051960 0.108800 0.330890
v 0.048010 0.108800 0.330445
v 0.051910 0.108800 0.330445
v 0.048158 0.108800 0.330022
v 0.051762 0.108800 0.330022
v 0.048397 0.108800 0.329643
v 0.051524 0.108800 0.329643
v 0.048713 0.108800 0.329326
v 0.051207 0.108800 0.329326
v 0.049093 0.108800 0.329088
v 0.050828 0.108800 0.329088
v 0.049515 0.108800 0.328940
v 0.050405 0.108800 0.328940
v 0.049960 0.108800 0.328890
v 0.049960 0.108800 0.332890
v 0.053184 0.115300 0.328522
v 0.052863 0.115300 0.328137
v 0.047239 0.115300 0.327635
v 0.049960 0.115300 0.328890
v 0.050405 0.115300 0.328940
v 0.050828 0.115300 0.329088
v 0.051207 0.115300 0.329326
v 0.051524 0.115300 0.329643
v 0.051762 0.115300 0.330022
v 0.051910 0.115300 0.330445
v 0.051960 0.115300 0.330890
v 0.051910 0.115300 0.331335
v 0.051762 0.115300 0.331758
v 0.052713 0.115300 0.333792
v 0.051524 0.115300 0.332137
v 0.051207 0.115300 0.332454
v 0.050828 0.115300 0.332692
v 0.050405 0.115300 0.332840
v 0.049960 0.115300 0.332890
v 0.046705 0.115300 0.333611
v 0.052329 0.115300 0.334114
v 0.048010 0.115300 0.331335
v 0.047960 0.115300 0.330890
v 0.048010 0.115300 0.330445
v 0.048158 0.115300 0.330022
v 0.048397 0.115300 0.329643
v 0.048713 0.115300 0.329326
v 0.049093 0.115300 0.329088
v 0.049515 0.115300 0.328940
v 0.049515 0.115300 0.332840
v 0.049093 0.115300 0.332692
v 0.048713 0.115300 0.332454
v 0.048397 0.115300 0.332137
v 0.048158 0.115300 0.331758
v 0.049960 0.108800 0.328890
v 0.049515 0.115300 0.328940
v 0.049515 0.108800 0.328940
v 0.049093 0.115300 0.329088
v 0.049093 0.108800 0.329088
v 0.048713 0.115300 0.329326
v 0.048713 0.108800 0.329326
v 0.048397 0.115300 0.329643
v 0.048397 0.108800 0.329643
v 0.048158 0.115300 0.330022
v 0.048158 0.108800 0.330022
v 0.048010 0.115300 0.330445
v 0.048010 0.108800 0.330445
v 0.047960 0.115300 0.330890
v 0.047960 0.108800 0.330890
v 0.049960 0.115300 0.328890
v 0.050405 0.108800 0.328940
v 0.050405 0.115300 0.328940
v 0.050828 0.108800 0.329088
v 0.050828 0.115300 0.329088
v 0.051207 0.108800 0.329326
v 0.051207 0.115300 0.329326
v 0.051524 0.108800 0.329643
v 0.051524 0.115300 0.329643
v 0.051762 0.108800 0.330022
v 0.051762 0.115300 0.330022
v 0.051910 0.108800 0.330445
v 0.051910 0.115300 0.330445
v 0.051960 0.108800 0.330890
v 0.051960 0.115300 0.330890
v 0.049960 0.108800 0.332890
v 0.050405 0.115300 0.332840
v 0.050405 0.108800 0.332840
v 0.050828 0.115300 0.332692
v 0.050828 0.108800 0.332692
v 0.051207 0.115300 0.332454
v 0.051207 0.108800 0.332454
v 0.051524 0.115300 0.332137
v 0.051524 0.108800 0.332137
v 0.051762 0.115300 0.331758
v 0.051762 0.108800 0.331758
v 0.051910 0.115300 0.331335
v 0.051910 0.108800 0.331335
v 0.051960 0.115300 0.330890
v 0.051960 0.108800 0.330890
v 0.049960 0.115300 0.332890
v 0.049515 0.108800 0.332840
v 0.049515 0.115300 0.332840
v 0.049093 0.108800 0.332692
v 0.049093 0.115300 0.332692
v 0.048713 0.108800 0.332454
v 0.048713 0.115300 0.332454
v 0.048397 0.108800 0.332137
v 0.048397 0.115300 0.332137
v 0.048158 0.108800 0.331758
v 0.048158 0.115300 0.331758
v 0.048010 0.108800 0.331335
v 0.048010 0.115300 0.331335
v 0.047960 0.108800 0.330890
v 0.047960 0.115300 0.330890
v 0.052329 0.115300 0.334114
v 0.046705 0.115300 0.333611
v 0.052681 0.115236 0.334145
v 0.046705 0.091300 0.333611
v 0.052681 0.091300 0.334145
v 0.047239 0.115300 0.327635
v 0.047239 0.091300 0.327635
v 0.046705 0.115300 0.333611
v 0.046705 0.091300 0.333611
v 0.053215 0.091300 0.328169
v 0.053215 0.115233 0.328169
v 0.052681 0.091300 0.334145
v 0.052681 0.115236 0.334145
v 0.053184 0.115300 0.328522
v 0.052713 0.115300 0.333792
v 0.052863 0.115300 0.328137
v 0.053215 0.115233 0.328169
v 0.047239 0.115300 0.327635
v 0.053215 0.091300 0.328169
v 0.047239 0.091300 0.327635
v 0.033295 0.091000 0.326389
v 0.033295 0.085300 0.326389
v 0.027319 0.091000 0.325855
v 0.027319 0.085300 0.325855
v 0.032761 0.091000 0.332365
v 0.032761 0.085300 0.332365
v 0.033295 0.091000 0.326389
v 0.033295 0.085300 0.326389
v 0.026785 0.091000 0.331831
v 0.026785 0.085300 0.331831
v 0.032761 0.091000 0.332365
v 0.032761 0.085300 0.332365
v 0.027319 0.091000 0.325855
v 0.027319 0.085300 0.325855
v 0.026785 0.091000 0.331831
v 0.026785 0.085300 0.331831
v 0.033295 0.091000 0.326389
v 0.027319 0.091000 0.325855
v 0.032761 0.091000 0.332365
v 0.026785 0.091000 0.331831
v 0.026785 0.085300 0.331831
v 0.027319 0.085300 0.325855
v 0.032761 0.085300 0.332365
v 0.033295 0.085300 0.326389
v 0.052639 -0.085300 0.334180
v 0.052639 -0.115236 0.334180
v 0.053250 -0.085300 0.328211
v 0.053250 -0.115232 0.328211
v 0.052675 -0.115300 0.333827
v 0.053214 -0.115300 0.328563
v 0.053250 -0.115232 0.328211
v 0.053214 -0.115300 0.328563
v 0.052898 -0.115300 0.328175
v 0.052898 -0.115300 0.328175
v 0.047281 -0.115300 0.327600
v 0.053250 -0.115232 0.328211
v 0.047281 -0.085300 0.327600
v 0.053250 -0.085300 0.328211
v 0.046671 -0.115300 0.333569
v 0.046671 -0.085300 0.333569
v 0.047281 -0.115300 0.327600
v 0.047281 -0.085300 0.327600
v 0.052287 -0.115300 0.334144
v 0.052639 -0.115236 0.334180
v 0.046671 -0.115300 0.333569
v 0.052639 -0.085300 0.334180
v 0.046671 -0.085300 0.333569
v 0.052639 -0.115236 0.334180
v 0.052287 -0.115300 0.334144
v 0.052675 -0.115300 0.333827
v 0.050405 -0.108800 0.332840
v 0.049515 -0.108800 0.332840
v 0.050828 -0.108800 0.332692
v 0.049093 -0.108800 0.332692
v 0.051207 -0.108800 0.332454
v 0.048713 -0.108800 0.332454
v 0.051524 -0.108800 0.332137
v 0.048397 -0.108800 0.332137
v 0.051762 -0.108800 0.331758
v 0.048158 -0.108800 0.331758
v 0.051910 -0.108800 0.331335
v 0.048010 -0.108800 0.331335
v 0.051960 -0.108800 0.330890
v 0.047960 -0.108800 0.330890
v 0.051910 -0.108800 0.330445
v 0.048010 -0.108800 0.330445
v 0.051762 -0.108800 0.330022
v 0.048158 -0.108800 0.330022
v 0.051524 -0.108800 0.329643
v 0.048397 -0.108800 0.329643
v 0.051207 -0.108800 0.329326
v 0.048713 -0.108800 0.329326
v 0.050828 -0.108800 0.329088
v 0.049093 -0.108800 0.329088
v 0.050405 -0.108800 0.328940
v 0.049515 -0.108800 0.328940
v 0.049960 -0.108800 0.328890
v 0.049960 -0.108800 0.332890
v 0.047281 -0.115300 0.327600
v 0.052898 -0.115300 0.328175
v 0.053214 -0.115300 0.328563
v 0.049960 -0.115300 0.328890
v 0.049515 -0.115300 0.328940
v 0.049093 -0.115300 0.329088
v 0.048713 -0.115300 0.329326
v 0.048397 -0.115300 0.329643
v 0.048158 -0.115300 0.330022
v 0.048010 -0.115300 0.330445
v 0.047960 -0.115300 0.330890
v 0.048010 -0.115300 0.331335
v 0.046671 -0.115300 0.333569
v 0.048158 -0.115300 0.331758
v 0.048397 -0.115300 0.332137
v 0.048713 -0.115300 0.332454
v 0.049093 -0.115300 0.332692
v 0.049515 -0.115300 0.332840
v 0.049960 -0.115300 0.332890
v 0.052675 -0.115300 0.333827
v 0.052287 -0.115300 0.334144
v 0.051762 -0.115300 0.331758
v 0.051910 -0.115300 0.331335
v 0.051960 -0.115300 0.330890
v 0.051910 -0.115300 0.330445
v 0.051762 -0.115300 0.330022
v 0.051524 -0.115300 0.329643
v 0.051207 -0.115300 0.329326
v 0.050828 -0.115300 0.329088
v 0.050405 -0.115300 0.328940
v 0.050405 -0.115300 0.332840
v 0.050828 -0.115300 0.332692
v 0.051207 -0.115300 0.332454
v 0.051524 -0.115300 0.332137
v 0.049960 -0.108800 0.328890
v 0.050405 -0.115300 0.328940
v 0.050405 -0.108800 0.328940
v 0.050828 -0.115300 0.329088
v 0.050828 -0.108800 0.329088
v 0.051207 -0.115300 0.329326
v 0.051207 -0.108800 0.329326
v 0.051524 -0.115300 0.329643
v 0.051524 -0.108800 0.329643
v 0.051762 -0.115300 0.330022
v 0.051762 -0.108800 0.330022
v 0.051910 -0.115300 0.330445
v 0.051910 -0.108800 0.330445
v 0.051960 -0.115300 0.330890
v 0.051960 -0.108800 0.330890
v 0.049960 -0.115300 0.328890
v 0.049515 -0.108800 0.328940
v 0.049515 -0.115300 0.328940
v 0.049093 -0.108800 0.329088
v 0.049093 -0.115300 0.329088
v 0.048713 -0.108800 0.329326
v 0.048713 -0.115300 0.329326
v 0.048397 -0.108800 0.329643
v 0.048397 -0.115300 0.329643
v 0.048158 -0.108800 0.330022
v 0.048158 -0.115300 0.330022
v 0.048010 -0.108800 0.330445
v 0.048010 -0.115300 0.330445
v 0.047960 -0.108800 0.330890
v 0.047960 -0.115300 0.330890
v 0.049960 -0.108800 0.332890
v 0.049515 -0.115300 0.332840
v 0.049515 -0.108800 0.332840
v 0.049093 -0.115300 0.332692
v 0.049093 -0.108800 0.332692
v 0.048713 -0.115300 0.332454
v 0.048713 -0.108800 0.332454
v 0.048397 -0.115300 0.332137
v 0.048397 -0.108800 0.332137
v 0.048158 -0.115300 0.331758
v 0.048158 -0.108800 0.331758
v 0.048010 -0.115300 0.331335
v 0.048010 -0.108800 0.331335
v 0.047960 -0.115300 0.330890
v 0.047960 -0.108800 0.330890
v 0.049960 -0.115300 0.332890
v 0.050405 -0.108800 0.332840
v 0.050405 -0.115300 0.332840
v 0.050828 -0.108800 0.332692
v 0.050828 -0.115300 0.332692
v 0.051207 -0.108800 0.332454
v 0.051207 -0.115300 0.332454
v 0.051524 -0.108800 0.332137
v 0.051524 -0.115300 0.332137
v 0.051762 -0.108800 0.331758
v 0.051762 -0.115300 0.331758
v 0.051910 -0.108800 0.331335
v 0.051910 -0.115300 0.331335
v 0.051960 -0.108800 0.330890
v 0.051960 -0.115300 0.330890
v 0.053250 -0.085300 0.328211
v 0.047281 -0.085300 0.327600
v 0.052639 -0.085300 0.334180
v 0.046671 -0.085300 0.333569
v 0.052681 -0.085300 0.770855
v 0.053215 -0.085300 0.776831
v 0.052681 -0.115204 0.770855
v 0.053215 -0.115199 0.776831
v 0.052713 -0.115300 0.771208
v 0.053184 -0.115300 0.776478
v 0.052681 -0.115204 0.770855
v 0.052713 -0.115300 0.771208
v 0.052329 -0.115300 0.770886
v 0.046705 -0.085300 0.771389
v 0.052681 -0.085300 0.770855
v 0.046705 -0.115300 0.771389
v 0.052681 -0.115204 0.770855
v 0.052329 -0.115300 0.770886
v 0.046705 -0.115300 0.771389
v 0.047239 -0.115300 0.777365
v 0.046705 -0.085300 0.771389
v 0.047239 -0.085300 0.777365
v 0.053215 -0.085300 0.776831
v 0.047239 -0.085300 0.777365
v 0.053215 -0.115199 0.776831
v 0.047239 -0.115300 0.777365
v 0.052863 -0.115300 0.776863
v 0.053215 -0.115199 0.776831
v 0.052863 -0.115300 0.776863
v 0.053184 -0.115300 0.776478
v 0.053184 -0.115300 0.776478
v 0.052863 -0.115300 0.776863
v 0.049960 -0.115300 0.776110
v 0.050405 -0.115300 0.776060
v 0.050828 -0.115300 0.775912
v 0.051207 -0.115300 0.775674
v 0.051524 -0.115300 0.775357
v 0.051762 -0.115300 0.774978
v 0.051910 -0.115300 0.774555
v 0.052713 -0.115300 0.771208
v 0.047239 -0.115300 0.777365
v 0.046705 -0.115300 0.771389
v 0.048158 -0.115300 0.774978
v 0.048397 -0.115300 0.775357
v 0.048713 -0.115300 0.775674
v 0.049093 -0.115300 0.775912
v 0.049515 -0.115300 0.776060
v 0.052329 -0.115300 0.770886
v 0.049960 -0.115300 0.772110
v 0.049515 -0.115300 0.772160
v 0.049093 -0.115300 0.772308
v 0.048713 -0.115300 0.772546
v 0.048397 -0.115300 0.772863
v 0.048158 -0.115300 0.773242
v 0.048010 -0.115300 0.773665
v 0.047960 -0.115300 0.774110
v 0.048010 -0.115300 0.774555
v 0.051960 -0.115300 0.774110
v 0.051910 -0.115300 0.773665
v 0.051762 -0.115300 0.773242
v 0.051524 -0.115300 0.772863
v 0.051207 -0.115300 0.772546
v 0.050828 -0.115300 0.772308
v 0.050405 -0.115300 0.772160
v 0.049960 -0.108800 0.772110
v 0.050405 -0.115300 0.772160
v 0.050405 -0.108800 0.772160
v 0.050828 -0.115300 0.772308
v 0.050828 -0.108800 0.772308
v 0.051207 -0.115300 0.772546
v 0.051207 -0.108800 0.772546
v 0.051524 -0.115300 0.772863
v 0.051524 -0.108800 0.772863
v 0.051762 -0.115300 0.773242
v 0.051762 -0.108800 0.773242
v 0.051910 -0.115300 0.773665
v 0.051910 -0.108800 0.773665
v 0.051960 -0.115300 0.774110
v 0.051960 -0.108800 0.774110
v 0.049960 -0.115300 0.772110
v 0.049515 -0.108800 0.772160
v 0.049515 -0.115300 0.772160
v 0.049093 -0.108800 0.772308
v 0.049093 -0.115300 0.772308
v 0.048713 -0.108800 0.772546
v 0.048713 -0.115300 0.772546
v 0.048397 -0.108800 0.772863
v 0.048397 -0.115300 0.772863
v 0.048158 -0.108800 0.773242
v 0.048158 -0.115300 0.773242
v 0.048010 -0.108800 0.773665
v 0.048010 -0.115300 0.773665
v 0.047960 -0.108800 0.774110
v 0.047960 -0.115300 0.774110
v 0.049960 -0.108800 0.776110
v 0.049515 -0.115300 0.776060
v 0.049515 -0.108800 0.776060
v 0.049093 -0.115300 0.775912
v 0.049093 -0.108800 0.775912
v 0.048713 -0.115300 0.775674
v 0.048713 -0.108800 0.775674
v 0.048397 -0.115300 0.775357
v 0.048397 -0.108800 0.775357
v 0.048158 -0.115300 0.774978
v 0.048158 -0.108800 0.774978
v 0.048010 -0.115300 0.774555
v 0.048010 -0.108800 0.774555
v 0.047960 -0.115300 0.774110
v 0.047960 -0.108800 0.774110
v 0.049960 -0.115300 0.776110
v 0.050405 -0.108800 0.776060
v 0.050405 -0.115300 0.776060
v 0.050828 -0.108800 0.775912
v 0.050828 -0.115300 0.775912
v 0.051207 -0.108800 0.775674
v 0.051207 -0.115300 0.775674
v 0.051524 -0.108800 0.775357
v 0.051524 -0.115300 0.775357
v 0.051762 -0.108800 0.774978
v 0.051762 -0.115300 0.774978
v 0.051910 -0.108800 0.774555
v 0.051910 -0.115300 0.774555
v 0.051960 -0.108800 0.774110
v 0.051960 -0.115300 0.774110
v 0.050405 -0.108800 0.776060
v 0.049515 -0.108800 0.776060
v 0.050828 -0.108800 0.775912
v 0.049093 -0.108800 0.775912
v 0.051207 -0.108800 0.775674
v 0.048713 -0.108800 0.775674
v 0.051524 -0.108800 0.775357
v 0.048397 -0.108800 0.775357
v 0.051762 -0.108800 0.774978
v 0.048158 -0.108800 0.774978
v 0.051910 -0.108800 0.774555
v 0.048010 -0.108800 0.774555
v 0.051960 -0.108800 0.774110
v 0.047960 -0.108800 0.774110
v 0.051910 -0.108800 0.773665
v 0.048010 -0.108800 0.773665
v 0.051762 -0.108800 0.773242
v 0.048158 -0.108800 0.773242
v 0.051524 -0.108800 0.772863
v 0.048397 -0.108800 0.772863
v 0.051207 -0.108800 0.772546
v 0.048713 -0.108800 0.772546
v 0.050828 -0.108800 0.772308
v 0.049093 -0.108800 0.772308
v 0.050405 -0.108800 0.772160
v 0.049515 -0.108800 0.772160
v 0.049960 -0.108800 0.772110
v 0.049960 -0.108800 0.776110
v 0.053215 -0.085300 0.776831
v 0.052681 -0.085300 0.770855
v 0.047239 -0.085300 0.777365
v 0.046705 -0.085300 0.771389
v 0.033295 0.085300 0.778611
v 0.032761 0.085300 0.772635
v 0.033295 0.091000 0.778611
v 0.032761 0.091000 0.772635
v 0.027319 0.085300 0.779145
v 0.033295 0.085300 0.778611
v 0.027319 0.091000 0.779145
v 0.033295 0.091000 0.778611
v 0.026785 0.085300 0.773169
v 0.027319 0.085300 0.779145
v 0.026785 0.091000 0.773169
v 0.027319 0.091000 0.779145
v 0.032761 0.085300 0.772635
v 0.026785 0.085300 0.773169
v 0.032761 0.091000 0.772635
v 0.026785 0.091000 0.773169
v 0.033295 0.091000 0.778611
v 0.032761 0.091000 0.772635
v 0.027319 0.091000 0.779145
v 0.026785 0.091000 0.773169
v 0.026785 0.085300 0.773169
v 0.032761 0.085300 0.772635
v 0.027319 0.085300 0.779145
v 0.033295 0.085300 0.778611
f -10130 -10129 -10131
f -10131 -10129 -10120
f -10131 -10120 -10119
f -10772 -10771 -10773
f -10773 -10771 -10804
f -10407 -10406 -10408
f -10408 -10406 -10396
f -10408 -10396 -10397
f -10397 -10396 -10395
f -10397 -10395 -10394
f -10260 -10266 -10261
f -10261 -10266 -10267
f -10261 -10267 -10259
f -12164 -12166 -12165
f -12165 -12166 -12160
f -12165 -12160 -12168
f -12168 -12160 -12161
f -12168 -12161 -12162
f -12182 -12181 -12183
f -12183 -12181 -12180
f -12183 -12180 -12179
f -12182 -12183 -12188
f -12188 -12183 -12186
f -12188 -12186 -12187
f -12187 -12186 -12185
f -12187 -12185 -12171
f -12171 -12185 -12170
f -12171 -12170 -12172
f -12185 -12186 -12184
f -12184 -12186 -12176
f -12184 -12176 -12174
f -12174 -12176 -12175
f -12174 -12175 -12173
f -12118 -12117 -12116
f -12116 -12117 -12115
f -12116 -12115 -12114
f -12114 -12115 -12113
f -12114 -12113 -12112
f -12112 -12113 -12111
f -12112 -12111 -12110
f -12130 -12123 -12128
f -12128 -12123 -12124
f -12128 -12124 -12125
f -12125 -12124 -12126
f -12125 -12126 -12138
f -12139 -12138 -12137
f -12137 -12138 -12136
f -12137 -12136 -12135
f -12135 -12136 -12134
f -12135 -12134 -12133
f -12133 -12134 -12132
f -12133 -12132 -12131
f -12131 -12132 -12130
f -12131 -12130 -12129
f -12129 -12130 -12128
f -12129 -12128 -12127
f -12106 -12105 -12107
f -12107 -12105 -12101
f -12107 -12101 -12100
f -12099 -12098 -12097
f -12097 -12098 -12096
f -12097 -12096 -12095
f -12095 -12096 -12094
f -12095 -12094 -12093
f -12093 -12094 -12092
f -12093 -12092 -12091
f -12430 -12431 -12428
f -12428 -12431 -12427
f -12428 -12427 -12426
f -12426 -12427 -12425
f -12426 -12425 -12424
f -12448 -12447 -12449
f -12449 -12447 -12446
f -12449 -12446 -12445
f -12450 -12455 -12453
f -12453 -12455 -12454
f -12453 -12454 -12452
f -12442 -12443 -12440
f -12440 -12443 -12439
f -12440 -12439 -12438
f -12438 -12439 -12437
f -12438 -12437 -12436
f -11423 -11422 -11427
f -11427 -11422 -11421
f -11427 -11421 -11426
f -11426 -11421 -11420
f -11426 -11420 -11496
f -11496 -11420 -11419
f -11496 -11419 -11498
f -11430 -11429 -11431
f -11431 -11429 -11428
f -11431 -11428 -11459
f -11459 -11428 -11457
f -11459 -11457 -11458
f -11458 -11457 -11456
f -11458 -11456 -11436
f -11436 -11456 -11490
f -11436 -11490 -11488
f -11488 -11490 -11489
f -11488 -11489 -11487
f -11487 -11489 -11413
f -11429 -11423 -11428
f -11428 -11423 -11427
f -11428 -11427 -11457
f -11457 -11427 -11455
f -11457 -11455 -11456
f -11456 -11455 -11492
f -11456 -11492 -11490
f -11490 -11492 -11491
f -11490 -11491 -11489
f -11489 -11491 -11479
f -11489 -11479 -11413
f -11413 -11479 -11404
f -11487 -11486 -11488
f -11488 -11486 -11438
f -11488 -11438 -11436
f -11436 -11438 -11437
f -11436 -11437 -11458
f -11458 -11437 -11460
f -11458 -11460 -11459
f -11459 -11460 -11461
f -11459 -11461 -11431
f -11431 -11461 -11433
f -11431 -11433 -11432
f -11432 -11433 -11434
f -11460 -11437 -11424
f -11424 -11437 -11439
f -11424 -11439 -11441
f -11441 -11439 -11440
f -11441 -11440 -11442
f -11398 -11414 -11416
f -11416 -11414 -11415
f -11416 -11415 -11417
f -11417 -11415 -11475
f -11417 -11475 -11497
f -11497 -11475 -11495
f -11497 -11495 -11496
f -11496 -11495 -11494
f -11496 -11494 -11426
f -11426 -11494 -11455
f -11426 -11455 -11427
f -11400 -11451 -11453
f -11453 -11451 -11452
f -11453 -11452 -11454
f -11434 -11433 -11450
f -11450 -11433 -11463
f -11450 -11463 -11465
f -11465 -11463 -11464
f -11465 -11464 -11466
f -11466 -11464 -11445
f -11466 -11445 -11446
f -11446 -11445 -11444
f -11446 -11444 -11453
f -11453 -11444 -11435
f -11453 -11435 -11400
f -11411 -11410 -11448
f -11448 -11410 -11449
f -11448 -11449 -11467
f -11467 -11449 -11465
f -11467 -11465 -11466
f -11465 -11449 -11450
f -11450 -11449 -11409
f -11450 -11409 -11408
f -11469 -11403 -11467
f -11467 -11403 -11402
f -11467 -11402 -11447
f -11433 -11461 -11463
f -11463 -11461 -11462
f -11463 -11462 -11464
f -11464 -11462 -11425
f -11464 -11425 -11445
f -11445 -11425 -11443
f -11445 -11443 -11444
f -11444 -11443 -11442
f -11444 -11442 -11435
f -11461 -11460 -11462
f -11462 -11460 -11424
f -11462 -11424 -11425
f -11425 -11424 -11441
f -11425 -11441 -11443
f -11443 -11441 -11442
f -11486 -11440 -11438
f -11438 -11440 -11439
f -11438 -11439 -11437
f -11401 -11474 -11454
f -11454 -11474 -11472
f -11454 -11472 -11453
f -11453 -11472 -11470
f -11453 -11470 -11446
f -11446 -11470 -11468
f -11446 -11468 -11466
f -11466 -11468 -11467
f -11480 -11478 -11479
f -11479 -11478 -11477
f -11479 -11477 -11405
f -11399 -11482 -11484
f -11484 -11482 -11483
f -11484 -11483 -11485
f -11485 -11483 -11475
f -11485 -11475 -11476
f -11476 -11475 -11406
f -11482 -11480 -11481
f -11481 -11480 -11479
f -11481 -11479 -11491
f -11415 -11407 -11475
f -11475 -11407 -11406
f -11482 -11481 -11483
f -11483 -11481 -11493
f -11483 -11493 -11495
f -11495 -11493 -11494
f -11455 -11494 -11492
f -11492 -11494 -11493
f -11492 -11493 -11491
f -11491 -11493 -11481
f -11496 -11498 -11497
f -11497 -11498 -11418
f -11497 -11418 -11417
f -11417 -11418 -11416
f -11862 -11861 -11860
f -11860 -11861 -11859
f -11860 -11859 -11858
f -11858 -11859 -11857
f -11858 -11857 -11856
f -11866 -11865 -11869
f -11869 -11865 -11864
f -11869 -11864 -11863
f -11868 -11867 -11869
f -11869 -11867 -11866
f -11871 -11873 -11872
f -11872 -11873 -11870
f -11822 -11823 -11824
f -11824 -11823 -11825
f -11824 -11825 -11819
f -11850 -11852 -11851
f -11851 -11852 -11853
f -11851 -11853 -11849
f -11836 -11837 -11845
f -11845 -11837 -11847
f -11845 -11847 -11846
f -11846 -11847 -11838
f -526 -527 -528
f -528 -527 -529
f -528 -529 -530
f -530 -529 -531
f -530 -531 -532
f -532 -531 -533
f -532 -533 -534
f -534 -533 -535
f -534 -535 -536
f -536 -535 -537
f -536 -537 -538
f -538 -537 -539
f -538 -539 -554
f -554 -539 -553
f -554 -553 -552
f -552 -553 -551
f -552 -551 -550
f -550 -551 -549
f -550 -549 -548
f -548 -549 -547
f -548 -547 -546
f -546 -547 -545
f -546 -545 -544
f -544 -545 -543
f -544 -543 -542
f -542 -543 -541
f -542 -541 -540
f -515 -514 -513
f -513 -514 -512
f -513 -512 -511
f -520 -519 -518
f -518 -519 -517
f -518 -517 -516
f -596 -595 -599
f -599 -595 -594
f -599 -594 -593
f -600 -598 -599
f -599 -598 -597
f -599 -597 -596
f -585 -608 -611
f -611 -608 -610
f -611 -610 -609
f -607 -606 -610
f -610 -606 -605
f -610 -605 -604
f -585 -611 -586
f -586 -611 -587
f -590 -589 -611
f -611 -589 -588
f -611 -588 -587
f -612 -592 -611
f -611 -592 -591
f -611 -591 -590
f -603 -602 -610
f -610 -602 -601
f -610 -601 -600
f -615 -614 -618
f -618 -614 -613
f -618 -613 -612
f -11551 -11550 -11549
f -11549 -11550 -11548
f -11549 -11548 -11547
f -11547 -11548 -11546
f -11547 -11546 -11545
f -11545 -11546 -11544
f -11545 -11544 -11543
f -556 -557 -558
f -558 -557 -559
f -558 -559 -560
f -560 -559 -561
f -560 -561 -562
f -562 -561 -563
f -562 -563 -564
f -564 -563 -565
f -564 -565 -566
f -566 -565 -567
f -566 -567 -568
f -568 -567 -569
f -568 -569 -584
f -584 -569 -583
f -584 -583 -582
f -582 -583 -581
f -582 -581 -580
f -580 -581 -579
f -580 -579 -578
f -578 -579 -577
f -578 -577 -576
f -576 -577 -575
f -576 -575 -574
f -574 -575 -573
f -574 -573 -572
f -572 -573 -571
f -572 -571 -570
f -11506 -11513 -11515
f -11515 -11513 -11514
f -11515 -11514 -11516
f -11516 -11514 -11507
f -11516 -11507 -11508
f -646 -645 -644
f -644 -645 -643
f -644 -643 -642
f -642 -643 -641
f -642 -641 -640
f -640 -641 -639
f -640 -639 -638
f -638 -639 -637
f -638 -637 -636
f -636 -637 -635
f -636 -635 -634
f -634 -635 -633
f -634 -633 -632
f -632 -633 -631
f -632 -631 -630
f -630 -631 -629
f -630 -629 -628
f -628 -629 -627
f -628 -627 -626
f -626 -627 -625
f -626 -625 -624
f -624 -625 -623
f -624 -623 -622
f -622 -623 -621
f -622 -621 -620
f -665 -664 -663
f -663 -664 -662
f -663 -662 -661
f -670 -669 -668
f -668 -669 -667
f -668 -667 -666
f -678 -679 -680
f -680 -679 -681
f -680 -681 -682
f -682 -681 -683
f -682 -683 -684
f -684 -683 -685
f -684 -685 -686
f -686 -685 -687
f -686 -687 -688
f -688 -687 -689
f -688 -689 -690
f -690 -689 -691
f -690 -691 -706
f -706 -691 -705
f -706 -705 -704
f -704 -705 -703
f -704 -703 -702
f -702 -703 -701
f -702 -701 -700
f -700 -701 -699
f -700 -699 -698
f -698 -699 -697
f -698 -697 -696
f -696 -697 -695
f -696 -695 -694
f -694 -695 -693
f -694 -693 -692
f -798 -797 -796
f -796 -797 -795
f -796 -795 -794
f -794 -795 -793
f -794 -793 -792
f -792 -793 -791
f -792 -791 -790
f -790 -791 -789
f -790 -789 -788
f -788 -789 -787
f -788 -787 -786
f -786 -787 -785
f -786 -785 -784
f -784 -785 -783
f -784 -783 -782
f -782 -783 -781
f -782 -781 -780
f -780 -781 -779
f -780 -779 -778
f -778 -779 -777
f -778 -777 -776
f -776 -777 -775
f -776 -775 -774
f -774 -775 -773
f -774 -773 -772
f -767 -766 -770
f -770 -766 -765
f -770 -765 -764
f -741 -767 -768
f -768 -767 -770
f -768 -770 -769
f -745 -744 -768
f -768 -744 -743
f -768 -743 -742
f -748 -747 -768
f -768 -747 -746
f -768 -746 -745
f -762 -761 -770
f -770 -761 -760
f -770 -760 -759
f -764 -763 -770
f -770 -763 -762
f -708 -709 -710
f -710 -709 -711
f -710 -711 -712
f -712 -711 -713
f -712 -713 -714
f -714 -713 -715
f -714 -715 -716
f -716 -715 -717
f -716 -717 -718
f -718 -717 -719
f -718 -719 -720
f -720 -719 -721
f -720 -721 -736
f -736 -721 -735
f -736 -735 -734
f -734 -735 -733
f -734 -733 -732
f -732 -733 -731
f -732 -731 -730
f -730 -731 -729
f -730 -729 -728
f -728 -729 -727
f -728 -727 -726
f -726 -727 -725
f -726 -725 -724
f -724 -725 -723
f -724 -723 -722
f -755 -754 -758
f -758 -754 -753
f -758 -753 -752
f -759 -757 -758
f -758 -757 -756
f -758 -756 -755
f -750 -758 -751
f -751 -758 -752
f -751 -752 -740
f -739 -738 -751
f -751 -738 -737
f -751 -737 -749
f -8106 -8109 -8107
f -8107 -8109 -8108
f -8107 -8108 -7786
f -7786 -8108 -7787
f -7786 -7787 -7788
f -7788 -7787 -7789
f -7788 -7789 -7790
f -7790 -7789 -7791
f -7790 -7791 -7792
f -7792 -7791 -7793
f -7792 -7793 -7794
f -7794 -7793 -7795
f -7794 -7795 -7796
f -7796 -7795 -7799
f -7796 -7799 -7797
f -7797 -7799 -7798
f -7797 -7798 -7345
f -8156 -8158 -8159
f -8159 -8158 -8157
f -8159 -8157 -8161
f -8180 -8181 -8182
f -8182 -8181 -8183
f -8182 -8183 -8184
f -8184 -8183 -8185
f -8184 -8185 -8186
f -8186 -8185 -8187
f -8186 -8187 -8188
f -8188 -8187 -8189
f -8188 -8189 -8172
f -8172 -8189 -8173
f -8172 -8173 -8174
f -8174 -8173 -8175
f -8174 -8175 -8176
f -8176 -8175 -8177
f -8176 -8177 -8178
f -8178 -8177 -8179
f -8178 -8179 -8164
f -8164 -8179 -8165
f -8164 -8165 -8166
f -8166 -8165 -8167
f -8166 -8167 -8168
f -8168 -8167 -8169
f -8168 -8169 -8170
f -8170 -8169 -8171
f -8170 -8171 -8163
f -8163 -8171 -8162
f -8163 -8162 -8161
f -8161 -8162 -8160
f -8161 -8160 -8159
f -7331 -7332 -8102
f -8102 -7332 -8101
f -8102 -8101 -8103
f -8103 -8101 -8100
f -8103 -8100 -8099
f -8099 -8100 -7333
f -8099 -7333 -7334
f -14873 -14872 -14871
f -14871 -14872 -14870
f -14871 -14870 -14869
f -14869 -14870 -14868
f -14869 -14868 -14867
f -14867 -14868 -14866
f -14867 -14866 -14865
f -14863 -14862 -14861
f -14861 -14862 -14860
f -14861 -14860 -14859
f -14859 -14860 -14858
f -14859 -14858 -14857
f -14857 -14858 -14856
f -14857 -14856 -14855
f -14945 -14947 -14946
f -14946 -14947 -14930
f -14946 -14930 -14932
f -14932 -14930 -14931
f -14932 -14931 -14934
f -14939 -14940 -14938
f -14938 -14940 -14937
f -14938 -14937 -14936
f -14936 -14937 -14935
f -14936 -14935 -14934
f -14934 -14935 -14933
f -14934 -14933 -14932
f -14903 -14902 -14901
f -14901 -14902 -14900
f -14901 -14900 -14899
f -14899 -14900 -14898
f -14899 -14898 -14897
f -14897 -14898 -14896
f -14897 -14896 -14895
f -14913 -14912 -14911
f -14911 -14912 -14910
f -14911 -14910 -14909
f -14909 -14910 -14908
f -14909 -14908 -14907
f -14907 -14908 -14906
f -14907 -14906 -14905
f -14995 -14994 -14993
f -14993 -14994 -14992
f -14993 -14992 -14991
f -14991 -14992 -14990
f -14991 -14990 -14989
f -14989 -14990 -14988
f -14989 -14988 -14987
f -15005 -15004 -15003
f -15003 -15004 -15002
f -15003 -15002 -15001
f -15001 -15002 -15000
f -15001 -15000 -14999
f -14999 -15000 -14998
f -14999 -14998 -14997
f -15035 -15034 -15033
f -15033 -15034 -15032
f -15033 -15032 -15031
f -15031 -15032 -15030
f -15031 -15030 -15029
f -15029 -15030 -15028
f -15029 -15028 -15027
f -15045 -15044 -15043
f -15043 -15044 -15042
f -15043 -15042 -15041
f -15041 -15042 -15040
f -15041 -15040 -15039
f -15039 -15040 -15038
f -15039 -15038 -15037
f -15077 -15079 -15078
f -15078 -15079 -15062
f -15078 -15062 -15064
f -15064 -15062 -15063
f -15064 -15063 -15066
f -15071 -15072 -15070
f -15070 -15072 -15069
f -15070 -15069 -15068
f -15068 -15069 -15067
f -15068 -15067 -15066
f -15066 -15067 -15065
f -15066 -15065 -15064
f -8622 -8624 -8623
f -8623 -8624 -8625
f -8623 -8625 -8611
f -8559 -8558 -8564
f -8564 -8558 -8557
f -8564 -8557 -8556
f -8613 -8612 -8623
f -8623 -8612 -8621
f -8623 -8621 -8622
f -8576 -8577 -8597
f -8597 -8577 -8596
f -8597 -8596 -8595
f -8595 -8596 -8594
f -8595 -8594 -8593
f -15309 -15308 -15307
f -15307 -15308 -15306
f -15307 -15306 -15305
f -15305 -15306 -15304
f -15305 -15304 -15303
f -15303 -15304 -15302
f -15303 -15302 -15301
f -15299 -15298 -15297
f -15297 -15298 -15296
f -15297 -15296 -15295
f -15295 -15296 -15294
f -15295 -15294 -15293
f -15293 -15294 -15292
f -15293 -15292 -15291
f -15341 -15343 -15342
f -15342 -15343 -15326
f -15342 -15326 -15328
f -15328 -15326 -15327
f -15328 -15327 -15330
f -15335 -15336 -15334
f -15334 -15336 -15333
f -15334 -15333 -15332
f -15332 -15333 -15331
f -15332 -15331 -15330
f -15330 -15331 -15329
f -15330 -15329 -15328
f -15269 -15268 -15267
f -15267 -15268 -15266
f -15267 -15266 -15265
f -15265 -15266 -15264
f -15265 -15264 -15263
f -15263 -15264 -15262
f -15263 -15262 -15261
f -15259 -15258 -15257
f -15257 -15258 -15256
f -15257 -15256 -15255
f -15255 -15256 -15254
f -15255 -15254 -15253
f -15253 -15254 -15252
f -15253 -15252 -15251
f -15209 -15211 -15210
f -15210 -15211 -15194
f -15210 -15194 -15196
f -15196 -15194 -15195
f -15196 -15195 -15198
f -15203 -15204 -15202
f -15202 -15204 -15201
f -15202 -15201 -15200
f -15200 -15201 -15199
f -15200 -15199 -15198
f -15198 -15199 -15197
f -15198 -15197 -15196
f -15167 -15166 -15165
f -15165 -15166 -15164
f -15165 -15164 -15163
f -15163 -15164 -15162
f -15163 -15162 -15161
f -15161 -15162 -15160
f -15161 -15160 -15159
f -15177 -15176 -15175
f -15175 -15176 -15174
f -15175 -15174 -15173
f -15173 -15174 -15172
f -15173 -15172 -15171
f -15171 -15172 -15170
f -15171 -15170 -15169
f -15137 -15136 -15135
f -15135 -15136 -15134
f -15135 -15134 -15133
f -15133 -15134 -15132
f -15133 -15132 -15131
f -15131 -15132 -15130
f -15131 -15130 -15129
f -15127 -15126 -15125
f -15125 -15126 -15124
f -15125 -15124 -15123
f -15123 -15124 -15122
f -15123 -15122 -15121
f -15121 -15122 -15120
f -15121 -15120 -15119
f -6405 -6406 -6407
f -6407 -6406 -6408
f -6407 -6408 -6409
f -6409 -6408 -6410
f -6409 -6410 -6338
f -10645 -10531 -10647
f -10647 -10531 -10532
f -10647 -10532 -10533
f -10533 -10532 -10534
f -10015 -10016 -10017
f -10017 -10016 -10018
f -10003 -10004 -10005
f -10005 -10004 -10006
f -10418 -10417 -10419
f -10419 -10417 -10398
f -10419 -10398 -10399
f -10399 -10398 -10400
f -10399 -10400 -10401
f -10401 -10400 -10402
f -10401 -10402 -10403
f -10403 -10402 -10404
f -10403 -10404 -10405
f -10405 -10404 -10406
f -10405 -10406 -10407
f -10417 -10416 -10415
f -10415 -10416 -10414
f -10415 -10414 -10413
f -10413 -10414 -10412
f -10413 -10412 -10411
f -10411 -10412 -10410
f -10411 -10410 -10409
f -10409 -10410 -10430
f -10409 -10430 -10428
f -10428 -10430 -10429
f -10428 -10429 -10427
f -10390 -10391 -10392
f -10392 -10391 -10393
f -10428 -10427 -10426
f -10426 -10427 -10425
f -10426 -10425 -10424
f -10424 -10425 -10423
f -10424 -10423 -10422
f -10422 -10423 -10421
f -10422 -10421 -10420
f -10267 -10266 -10265
f -10265 -10266 -10264
f -10265 -10264 -10263
f -10263 -10264 -10262
f -10263 -10262 -10275
f -10275 -10262 -10274
f -10275 -10274 -10273
f -10273 -10274 -10272
f -10273 -10272 -10271
f -10271 -10272 -10270
f -10271 -10270 -10269
f -10269 -10270 -10268
f -10269 -10268 -10283
f -10283 -10268 -10282
f -10283 -10282 -10281
f -10281 -10282 -10280
f -10281 -10280 -10279
f -10279 -10280 -10278
f -10279 -10278 -10277
f -10277 -10278 -10276
f -10277 -10276 -10293
f -10293 -10276 -10292
f -10293 -10292 -10291
f -10291 -10292 -10290
f -10291 -10290 -10289
f -10289 -10290 -10288
f -10289 -10288 -10287
f -10287 -10288 -10286
f -10287 -10286 -10285
f -10285 -10286 -10284
f -9881 -9880 -9879
f -9879 -9880 -9878
f -9879 -9878 -9877
f -9877 -9878 -9876
f -9877 -9876 -9875
f -9875 -9876 -9874
f -9875 -9874 -9873
f -9873 -9874 -9872
f -9873 -9872 -9871
f -9871 -9872 -9870
f -9871 -9870 -9869
f -9869 -9870 -9868
f -9869 -9868 -9867
f -9867 -9868 -9866
f -9867 -9866 -9865
f -9865 -9866 -9864
f -9865 -9864 -9863
f -9863 -9864 -9862
f -9863 -9862 -9861
f -9861 -9862 -9860
f -9861 -9860 -9859
f -9859 -9860 -9858
f -9859 -9858 -9857
f -9857 -9858 -9856
f -9857 -9856 -9855
f -9855 -9856 -9854
f -9855 -9854 -9853
f -9853 -9854 -9852
f -9853 -9852 -9851
f -9851 -9852 -9850
f -9851 -9850 -9849
f -9849 -9850 -9848
f -9849 -9848 -9847
f -9847 -9848 -9846
f -9487 -9486 -9485
f -9485 -9486 -9484
f -9485 -9484 -9483
f -9483 -9484 -9482
f -9483 -9482 -9481
f -9481 -9482 -9480
f -9481 -9480 -9479
f -9479 -9480 -9478
f -9479 -9478 -9477
f -9477 -9478 -9476
f -9477 -9476 -9475
f -9475 -9476 -9474
f -9475 -9474 -9473
f -9473 -9474 -9472
f -9473 -9472 -9471
f -9471 -9472 -9470
f -9471 -9470 -9469
f -9469 -9470 -9468
f -9469 -9468 -9467
f -9467 -9468 -9466
f -9467 -9466 -9465
f -9465 -9466 -9464
f -9465 -9464 -9463
f -9463 -9464 -9462
f -9463 -9462 -9461
f -9461 -9462 -9460
f -9461 -9460 -9459
f -9459 -9460 -9458
f -9459 -9458 -9457
f -9457 -9458 -9456
f -9457 -9456 -9455
f -9455 -9456 -9454
f -12170 -12185 -12169
f -12169 -12185 -12168
f -12169 -12168 -12167
f -12167 -12168 -12162
f -12167 -12162 -12163
f -12150 -12151 -12152
f -12152 -12151 -12153
f -12152 -12153 -12154
f -12154 -12153 -12155
f -12154 -12155 -12156
f -12156 -12155 -12157
f -12156 -12157 -12158
f -12158 -12157 -12159
f -12140 -12141 -12142
f -12142 -12141 -12143
f -12142 -12143 -12144
f -12144 -12143 -12145
f -12144 -12145 -12146
f -12146 -12145 -12147
f -12146 -12147 -12148
f -12148 -12147 -12149
f -12191 -12193 -12192
f -12192 -12193 -12190
f -12174 -12164 -12184
f -12184 -12164 -12165
f -12175 -12176 -12177
f -12177 -12176 -12178
f -12177 -12178 -12179
f -12179 -12178 -12183
f -12108 -12117 -12109
f -12109 -12117 -12118
f -12119 -12120 -12121
f -12121 -12120 -12122
f -12085 -12086 -12087
f -12087 -12086 -12088
f -12102 -12103 -12104
f -12104 -12103 -12105
f -12104 -12105 -12106
f -12089 -12098 -12090
f -12090 -12098 -12099
f -12423 -12422 -12421
f -12421 -12422 -12420
f -12421 -12420 -12419
f -12419 -12420 -12418
f -12419 -12418 -12417
f -12417 -12418 -12416
f -12408 -12409 -12410
f -12410 -12409 -12411
f -12410 -12411 -12412
f -12412 -12411 -12413
f -12412 -12413 -12414
f -12414 -12413 -12415
f -12398 -12399 -12400
f -12400 -12399 -12401
f -12400 -12401 -12402
f -12402 -12401 -12403
f -12402 -12403 -12404
f -12404 -12403 -12405
f -12404 -12405 -12406
f -12406 -12405 -12407
f -12456 -12457 -12458
f -12458 -12457 -12459
f -12460 -12461 -12462
f -12462 -12461 -12463
f -12432 -12433 -12434
f -12434 -12433 -12435
f -12388 -12389 -12390
f -12390 -12389 -12391
f -12390 -12391 -12392
f -12392 -12391 -12393
f -12392 -12393 -12394
f -12394 -12393 -12395
f -12394 -12395 -12396
f -12396 -12395 -12397
f -12564 -12565 -12566
f -12566 -12565 -12567
f -12560 -12561 -12562
f -12562 -12561 -12563
f -12572 -12573 -12574
f -12574 -12573 -12575
f -12568 -12569 -12570
f -12570 -12569 -12571
f -12552 -12553 -12554
f -12554 -12553 -12555
f -12556 -12557 -12558
f -12558 -12557 -12559
f -12544 -12545 -12546
f -12546 -12545 -12547
f -12548 -12549 -12550
f -12550 -12549 -12551
f -12536 -12537 -12538
f -12538 -12537 -12539
f -12538 -12539 -12540
f -12540 -12539 -12541
f -12540 -12541 -12542
f -12542 -12541 -12543
f -11467 -11468 -11469
f -11469 -11468 -11470
f -11469 -11470 -11471
f -11471 -11470 -11472
f -11471 -11472 -11473
f -11473 -11472 -11474
f -1301 -1302 -1303
f -1303 -1302 -1304
f -1297 -1298 -1299
f -1299 -1298 -1300
f -1309 -1310 -1311
f -1311 -1310 -1312
f -1305 -1306 -1307
f -1307 -1306 -1308
f -1289 -1290 -1291
f -1291 -1290 -1292
f -1293 -1294 -1295
f -1295 -1294 -1296
f -21 -22 -23
f -23 -22 -24
f -17 -18 -19
f -19 -18 -20
f -9 -10 -11
f -11 -10 -12
f -13 -14 -15
f -15 -14 -16
f -1 -2 -3
f -3 -2 -4
f -5 -6 -7
f -7 -6 -8
f -11861 -11855 -11854
f -11854 -11855 -11853
f -11854 -11853 -11852
f -11828 -11829 -11830
f -11830 -11829 -11831
f -11830 -11831 -11832
f -11845 -11844 -11843
f -11843 -11844 -11842
f -11843 -11842 -11841
f -11841 -11842 -11840
f -11841 -11840 -11839
f -521 -522 -523
f -523 -522 -524
f -510 -509 -508
f -508 -509 -507
f -508 -507 -506
f -506 -507 -505
f -11558 -11557 -11556
f -11556 -11557 -11555
f -11556 -11555 -11554
f -11554 -11555 -11553
f -11554 -11553 -11552
f -11541 -11540 -11539
f -11539 -11540 -11538
f -11539 -11538 -11537
f -11537 -11538 -11536
f -11537 -11536 -11535
f -11541 -11539 -11533
f -11533 -11539 -11534
f -615 -618 -616
f -616 -618 -617
f -616 -617 -593
f -593 -617 -599
f -11504 -11506 -11505
f -11505 -11506 -11515
f -653 -654 -655
f -655 -654 -656
f -11714 -11715 -11716
f -11716 -11715 -11717
f -671 -672 -673
f -673 -672 -674
f -673 -674 -675
f -675 -674 -676
f -657 -658 -659
f -659 -658 -660
f -805 -806 -807
f -807 -806 -808
f -751 -749 -768
f -768 -749 -748
f -8099 -7334 -7335
f -7335 -7334 -7336
f -7335 -7336 -7337
f -7337 -7336 -7338
f -7337 -7338 -7339
f -7339 -7338 -7340
f -7339 -7340 -7341
f -7341 -7340 -7342
f -7341 -7342 -7343
f -7343 -7342 -7344
f -7343 -7344 -7345
f -7345 -7344 -7797
f -14874 -14875 -14876
f -14876 -14875 -14877
f -14876 -14877 -14878
f -14878 -14877 -14879
f -14878 -14879 -14880
f -14880 -14879 -14881
f -14880 -14881 -14882
f -14882 -14881 -14883
f -14884 -14885 -14886
f -14886 -14885 -14887
f -14886 -14887 -14888
f -14888 -14887 -14889
f -14888 -14889 -14890
f -14890 -14889 -14891
f -14890 -14891 -14892
f -14892 -14891 -14893
f -14851 -14850 -14849
f -14849 -14850 -14848
f -14849 -14848 -14847
f -14847 -14848 -14846
f -14847 -14846 -14845
f -14845 -14846 -14844
f -14845 -14844 -14843
f -14843 -14844 -14842
f -14843 -14842 -14841
f -14841 -14842 -14840
f -14841 -14840 -14839
f -14839 -14840 -14838
f -14839 -14838 -14853
f -14853 -14838 -14852
f -14853 -14852 -14851
f -14851 -14852 -14850
f -14929 -14928 -14927
f -14927 -14928 -14926
f -14927 -14926 -14925
f -14925 -14926 -14924
f -14925 -14924 -14923
f -14923 -14924 -14922
f -14923 -14922 -14921
f -14921 -14922 -14920
f -14921 -14920 -14919
f -14919 -14920 -14918
f -14919 -14918 -14917
f -14917 -14918 -14916
f -14917 -14916 -14915
f -14915 -14916 -14914
f -14915 -14914 -14929
f -14929 -14914 -14928
f -14940 -14941 -14942
f -14942 -14941 -14943
f -14942 -14943 -14944
f -14944 -14943 -14945
f -14944 -14945 -14946
f -14948 -14949 -14950
f -14950 -14949 -14951
f -14950 -14951 -14952
f -14952 -14951 -14953
f -14952 -14953 -14954
f -14954 -14953 -14955
f -14954 -14955 -14956
f -14956 -14955 -14957
f -14985 -14984 -14983
f -14983 -14984 -14982
f -14983 -14982 -14981
f -14981 -14982 -14980
f -14981 -14980 -14979
f -14979 -14980 -14978
f -14979 -14978 -14977
f -14977 -14978 -14976
f -14977 -14976 -14975
f -14975 -14976 -14974
f -14975 -14974 -14973
f -14973 -14974 -14972
f -14973 -14972 -14971
f -14971 -14972 -14970
f -14971 -14970 -14985
f -14985 -14970 -14984
f -14958 -14969 -14967
f -14967 -14969 -14968
f -14967 -14968 -14966
f -14967 -14966 -14965
f -14965 -14966 -14964
f -14965 -14964 -14963
f -14965 -14963 -14959
f -14959 -14963 -14960
f -14959 -14960 -14961
f -14961 -14960 -14962
f -15015 -15014 -15013
f -15013 -15014 -15012
f -15013 -15012 -15011
f -15011 -15012 -15010
f -15011 -15010 -15009
f -15009 -15010 -15008
f -15009 -15008 -15007
f -15007 -15008 -15006
f -15025 -15024 -15023
f -15023 -15024 -15022
f -15023 -15022 -15021
f -15021 -15022 -15020
f -15021 -15020 -15019
f -15019 -15020 -15018
f -15019 -15018 -15017
f -15017 -15018 -15016
f -15049 -15048 -15047
f -15047 -15048 -15046
f -15047 -15046 -15061
f -15061 -15046 -15060
f -15061 -15060 -15059
f -15059 -15060 -15058
f -15059 -15058 -15057
f -15057 -15058 -15056
f -15057 -15056 -15055
f -15055 -15056 -15054
f -15055 -15054 -15053
f -15053 -15054 -15052
f -15053 -15052 -15051
f -15051 -15052 -15050
f -15051 -15050 -15049
f -15049 -15050 -15048
f -15077 -15076 -15075
f -15075 -15076 -15074
f -15075 -15074 -15073
f -15073 -15074 -15072
f -15073 -15072 -15071
f -15089 -15088 -15087
f -15087 -15088 -15086
f -15087 -15086 -15085
f -15085 -15086 -15084
f -15085 -15084 -15083
f -15083 -15084 -15082
f -15083 -15082 -15081
f -15081 -15082 -15080
f -8627 -8628 -8629
f -8629 -8628 -8630
f -8582 -8581 -8580
f -8580 -8581 -8579
f -8580 -8579 -8578
f -8578 -8579 -8577
f -8578 -8577 -8576
f -15365 -15364 -15363
f -15363 -15364 -15362
f -15363 -15362 -15361
f -15361 -15362 -15360
f -15361 -15360 -15359
f -15358 -15357 -15356
f -15356 -15357 -15355
f -15356 -15355 -15359
f -15359 -15355 -15361
f -15344 -15345 -15346
f -15346 -15345 -15347
f -15346 -15347 -15348
f -15348 -15347 -15349
f -15348 -15349 -15350
f -15350 -15349 -15351
f -15350 -15351 -15352
f -15352 -15351 -15353
f -15280 -15281 -15282
f -15282 -15281 -15283
f -15282 -15283 -15284
f -15284 -15283 -15285
f -15284 -15285 -15286
f -15286 -15285 -15287
f -15286 -15287 -15288
f -15288 -15287 -15289
f -15311 -15310 -15325
f -15325 -15310 -15324
f -15325 -15324 -15323
f -15323 -15324 -15322
f -15323 -15322 -15321
f -15321 -15322 -15320
f -15321 -15320 -15319
f -15319 -15320 -15318
f -15319 -15318 -15317
f -15317 -15318 -15316
f -15317 -15316 -15315
f -15315 -15316 -15314
f -15315 -15314 -15313
f -15313 -15314 -15312
f -15313 -15312 -15311
f -15311 -15312 -15310
f -15336 -15337 -15338
f -15338 -15337 -15339
f -15338 -15339 -15340
f -15340 -15339 -15341
f -15340 -15341 -15342
f -15241 -15240 -15239
f -15239 -15240 -15238
f -15239 -15238 -15237
f -15237 -15238 -15236
f -15237 -15236 -15235
f -15235 -15236 -15234
f -15235 -15234 -15249
f -15249 -15234 -15248
f -15249 -15248 -15247
f -15247 -15248 -15246
f -15247 -15246 -15245
f -15245 -15246 -15244
f -15245 -15244 -15243
f -15243 -15244 -15242
f -15243 -15242 -15241
f -15241 -15242 -15240
f -15222 -15233 -15231
f -15231 -15233 -15232
f -15231 -15232 -15230
f -15226 -15225 -15224
f -15224 -15225 -15223
f -15224 -15223 -15227
f -15227 -15223 -15229
f -15227 -15229 -15228
f -15228 -15229 -15230
f -15212 -15213 -15214
f -15214 -15213 -15215
f -15214 -15215 -15216
f -15216 -15215 -15217
f -15216 -15217 -15218
f -15218 -15217 -15219
f -15218 -15219 -15220
f -15220 -15219 -15221
f -15279 -15278 -15277
f -15277 -15278 -15276
f -15277 -15276 -15275
f -15275 -15276 -15274
f -15275 -15274 -15273
f -15273 -15274 -15272
f -15273 -15272 -15271
f -15271 -15272 -15270
f -15188 -15189 -15190
f -15190 -15189 -15191
f -15190 -15191 -15192
f -15192 -15191 -15193
f -15192 -15193 -15178
f -15178 -15193 -15179
f -15178 -15179 -15180
f -15180 -15179 -15181
f -15180 -15181 -15182
f -15182 -15181 -15183
f -15182 -15183 -15184
f -15184 -15183 -15185
f -15184 -15185 -15186
f -15186 -15185 -15187
f -15186 -15187 -15188
f -15188 -15187 -15189
f -15204 -15205 -15206
f -15206 -15205 -15207
f -15206 -15207 -15208
f -15208 -15207 -15209
f -15208 -15209 -15210
f -15148 -15149 -15150
f -15150 -15149 -15151
f -15150 -15151 -15152
f -15152 -15151 -15153
f -15152 -15153 -15154
f -15154 -15153 -15155
f -15154 -15155 -15156
f -15156 -15155 -15157
f -15138 -15139 -15140
f -15140 -15139 -15141
f -15140 -15141 -15142
f -15142 -15141 -15143
f -15142 -15143 -15144
f -15144 -15143 -15145
f -15144 -15145 -15146
f -15146 -15145 -15147
f -15113 -15112 -15111
f -15111 -15112 -15110
f -15111 -15110 -15109
f -15109 -15110 -15108
f -15109 -15108 -15107
f -15107 -15108 -15106
f -15107 -15106 -15105
f -15105 -15106 -15104
f -15105 -15104 -15103
f -15103 -15104 -15102
f -15103 -15102 -15117
f -15117 -15102 -15116
f -15117 -15116 -15115
f -15115 -15116 -15114
f -15115 -15114 -15113
f -15113 -15114 -15112
f -15101 -15100 -15099
f -15099 -15100 -15098
f -15099 -15098 -15097
f -15097 -15098 -15096
f -15097 -15096 -15095
f -15097 -15095 -15091
f -15091 -15095 -15092
f -15091 -15092 -15093
f -15093 -15092 -15094
f -17034 -17036 -17035
f -17035 -17036 -17037
f -17036 -17038 -17037
f -17037 -17038 -17039
f -17057 -17059 -17058
f -17058 -17059 -17060
f -17059 -17061 -17060
f -17060 -17061 -17062
f -10768 -10774 -10776
f -12138 -12139 -12125
f -12429 -12431 -12430
f -12444 -12449 -12445
f -12451 -12453 -12452
f -12441 -12443 -12442
f -11434 -11450 -11408
f -11448 -11467 -11447
f -11404 -11479 -11405
f -11861 -11862 -11855
f -11848 -11857 -11859
f -608 -607 -610
f -603 -610 -604
f -11542 -11550 -11551
f -619 -645 -646
f -771 -797 -798
f -741 -768 -742
f -739 -751 -740
f -8155 -8158 -8156
f -14864 -14872 -14873
f -14854 -14862 -14863
f -14894 -14902 -14903
f -14904 -14912 -14913
f -14986 -14994 -14995
f -14996 -15004 -15005
f -15026 -15034 -15035
f -15036 -15044 -15045
f -8559 -8564 -8565
f -15300 -15308 -15309
f -15290 -15298 -15299
f -15260 -15268 -15269
f -15250 -15258 -15259
f -15158 -15166 -15167
f -15168 -15176 -15177
f -15128 -15136 -15137
f -15118 -15126 -15127
f -10417 -10418 -10416
f -12187 -12189 -12188
f -11431 -11432 -11430
f -11448 -11412 -11411
f -11449 -11410 -11409
f -11495 -11475 -11483
f -11827 -11829 -11828
f -11845 -11846 -11844
f -555 -557 -556
f -525 -527 -526
f -599 -610 -600
f -611 -618 -612
f -11513 -11512 -11514
f -677 -679 -678
f -707 -709 -708
f -758 -770 -759
f -14939 -14941 -14940
f -15077 -15078 -15076
f -15363 -15354 -15365
f -15335 -15337 -15336
f -15229 -15231 -15230
f -15203 -15205 -15204
f -15099 -15090 -15101
f -10524 -10504 -10523
f -10432 -10433 -10431
f -647 -649 -648
f -650 -652 -651
f -799 -801 -800
f -802 -804 -803
f -17012 -17018 -17019
f -17064 -17072 -17073
f -10774 -10775 -10776
f -10776 -10775 -10777
f -10776 -10777 -10778
f -10778 -10777 -10779
f -10778 -10779 -10780
f -10780 -10779 -10781
f -10780 -10781 -10782
f -10782 -10781 -10783
f -10782 -10783 -10784
f -10784 -10783 -10785
f -10784 -10785 -10786
f -10786 -10785 -10787
f -10786 -10787 -10788
f -10788 -10787 -10789
f -10788 -10789 -10790
f -10790 -10789 -10791
f -10790 -10791 -10792
f -10792 -10791 -10793
f -10792 -10793 -10794
f -10794 -10793 -10795
f -10794 -10795 -10796
f -10796 -10795 -10797
f -10796 -10797 -10798
f -10798 -10797 -10799
f -10798 -10799 -10800
f -10800 -10799 -10801
f -10800 -10801 -10802
f -10802 -10801 -10803
f -10802 -10803 -10804
f -10804 -10803 -10805
f -10804 -10805 -10773
f -10773 -10805 -10770
f -10773 -10770 -10769
f -10524 -10600 -10597
f -10597 -10600 -10649
f -10597 -10649 -10647
f -10647 -10649 -10648
f -10647 -10648 -10646
f -10678 -10680 -10679
f -10679 -10680 -10681
f -10679 -10681 -10643
f -10643 -10681 -10683
f -10643 -10683 -10511
f -10683 -10681 -10682
f -10682 -10681 -10680
f -10682 -10680 -10510
f -10643 -10644 -10679
f -10679 -10644 -10677
f -10679 -10677 -10678
f -10678 -10677 -10676
f -10644 -10651 -10677
f -10677 -10651 -10675
f -10677 -10675 -10676
f -10676 -10675 -10674
f -10600 -10599 -10622
f -10622 -10599 -10598
f -10622 -10598 -10624
f -10918 -10903 -10919
f -10919 -10903 -10902
f -10919 -10902 -10904
f -11069 -11071 -11070
f -11070 -11071 -11072
f -11070 -11072 -11043
f -11043 -11072 -11048
f -11043 -11048 -11050
f -11050 -11048 -11049
f -11050 -11049 -11051
f -11051 -11049 -10919
f -11051 -10919 -10974
f -10974 -10919 -11076
f -10001 -10000 -10002
f -10002 -10000 -9999
f -10002 -9999 -9998
f -10014 -10013 -10012
f -10012 -10013 -10011
f -10012 -10011 -10010
f -10010 -10011 -10009
f -10010 -10009 -10008
f -10443 -10444 -10442
f -10442 -10444 -10441
f -10442 -10441 -10440
f -10440 -10441 -10439
f -10440 -10439 -10438
f -10438 -10439 -10437
f -10438 -10437 -10436
f -10436 -10437 -10435
f -10436 -10435 -10434
f -10434 -10435 -10433
f -10434 -10433 -10432
f -10223 -10222 -10255
f -10255 -10222 -10253
f -10255 -10253 -10254
f -9893 -9892 -9891
f -9891 -9892 -9890
f -9891 -9890 -9889
f -9889 -9890 -9888
f -9889 -9888 -9887
f -9897 -9896 -9898
f -9898 -9896 -9895
f -9898 -9895 -9894
f -9909 -9910 -9911
f -9911 -9910 -9912
f -9911 -9912 -9913
f -9913 -9912 -9914
f -9913 -9914 -9915
f -9915 -9914 -9916
f -9915 -9916 -9908
f -9908 -9907 -9915
f -9915 -9907 -9906
f -9915 -9906 -9904
f -9921 -9922 -9923
f -9923 -9922 -9924
f -9923 -9924 -9925
f -9925 -9924 -9926
f -9925 -9926 -9927
f -9927 -9926 -9928
f -9927 -9928 -9920
f -9900 -9925 -9899
f -9899 -9925 -9927
f -9899 -9927 -9918
f -9918 -9927 -9919
f -9918 -9919 -9917
f -9901 -9909 -9923
f -9923 -9909 -9911
f -9923 -9911 -9921
f -9921 -9911 -9902
f -9491 -9490 -9576
f -9576 -9490 -9489
f -9576 -9489 -9574
f -9493 -9492 -9576
f -9576 -9492 -9491
f -9496 -9495 -9581
f -9581 -9495 -9494
f -9581 -9494 -9579
f -9499 -9498 -9581
f -9581 -9498 -9497
f -9581 -9497 -9496
f -9577 -9578 -9581
f -9581 -9578 -9500
f -9581 -9500 -9499
f -9579 -9580 -9581
f -9581 -9580 -9582
f -9581 -9582 -9586
f -9586 -9582 -9583
f -9586 -9583 -9507
f -9507 -9506 -9586
f -9586 -9506 -9505
f -9586 -9505 -9504
f -9413 -9412 -9452
f -9452 -9412 -9411
f -9452 -9411 -9410
f -9416 -9415 -9452
f -9452 -9415 -9414
f -9452 -9414 -9413
f -9451 -9453 -9452
f -9452 -9453 -9417
f -9452 -9417 -9416
f -11500 -11502 -11509
f -11509 -11502 -11511
f -11509 -11511 -11510
f -11222 -11221 -11223
f -11223 -11221 -11212
f -11223 -11212 -11211
f -11211 -11212 -11210
f -11211 -11210 -11209
f -11209 -11210 -11208
f -11209 -11208 -11207
f -10888 -11066 -11068
f -11068 -11066 -11067
f -11068 -11067 -11069
f -11069 -11070 -11068
f -11068 -11070 -10950
f -10904 -11080 -10919
f -10919 -11080 -11078
f -10919 -11078 -11076
f -11076 -11078 -11077
f -10948 -10947 -11068
f -11068 -10947 -10946
f -11068 -10946 -10888
f -11071 -11073 -11072
f -11072 -11073 -11042
f -11072 -11042 -11048
f -11048 -11042 -11046
f -11048 -11046 -11047
f -11048 -11047 -11049
f -11049 -11047 -10918
f -11049 -10918 -10919
f -11835 -11834 -11833
f -11833 -11834 -11832
f -11833 -11832 -11831
f -11528 -11527 -11526
f -11526 -11527 -11525
f -11526 -11525 -11524
f -11524 -11525 -11523
f -11524 -11523 -11522
f -7306 -7304 -7305
f -7305 -7304 -7303
f -7305 -7303 -7302
f -7311 -7312 -7313
f -7313 -7312 -7315
f -7313 -7315 -7314
f -7314 -7315 -7316
f -7326 -7327 -7325
f -7325 -7327 -7324
f -7325 -7324 -7323
f -7323 -7324 -7322
f -7323 -7322 -7321
f -7321 -7322 -7320
f -7321 -7320 -7319
f -7319 -7320 -7318
f -7319 -7318 -7317
f -7317 -7318 -7316
f -7317 -7316 -7315
f -7762 -7763 -7761
f -7761 -7763 -7760
f -7761 -7760 -7759
f -7759 -7760 -7758
f -7759 -7758 -7757
f -7757 -7758 -7756
f -7757 -7756 -7755
f -7755 -7756 -7754
f -7755 -7754 -7753
f -7772 -7770 -7771
f -7771 -7770 -7769
f -7771 -7769 -7768
f -7768 -7769 -7767
f -7768 -7767 -7766
f -7766 -7767 -7765
f -7766 -7765 -7764
f -7764 -7765 -7763
f -7764 -7763 -7762
f -7778 -7779 -7777
f -7777 -7779 -7776
f -7777 -7776 -7775
f -7775 -7776 -7774
f -7775 -7774 -7773
f -7773 -7774 -7772
f -7773 -7772 -7771
f -7742 -7743 -7744
f -7744 -7743 -7745
f -7744 -7745 -7746
f -7746 -7745 -7747
f -7746 -7747 -7749
f -7749 -7747 -7748
f -7749 -7748 -7750
f -8218 -8220 -8219
f -8219 -8220 -8221
f -8219 -8221 -8225
f -8225 -8221 -8227
f -8225 -8227 -8226
f -8226 -8227 -8228
f -8226 -8224 -8225
f -8225 -8224 -8223
f -8225 -8223 -8219
f -8219 -8223 -8208
f -8219 -8208 -8217
f -8211 -8210 -8212
f -8212 -8210 -8230
f -8212 -8230 -8232
f -8232 -8230 -8231
f -8232 -8231 -8233
f -8228 -8227 -8229
f -8229 -8227 -8215
f -8229 -8215 -8214
f -8214 -8215 -8216
f -8214 -8216 -8241
f -8241 -8216 -8213
f -8241 -8213 -8240
f -8240 -8238 -8239
f -8239 -8238 -8237
f -8239 -8237 -8209
f -8220 -8222 -8221
f -8221 -8222 -8216
f -8221 -8216 -8227
f -8227 -8216 -8215
f -8199 -8197 -8198
f -8198 -8197 -8196
f -8198 -8196 -8195
f -8240 -8239 -8241
f -8241 -8239 -8209
f -8241 -8209 -8214
f -8251 -8252 -8263
f -8263 -8252 -8253
f -8263 -8253 -8257
f -8257 -8253 -8254
f -8257 -8254 -8246
f -8256 -8257 -8255
f -8255 -8257 -8245
f -8249 -8248 -8262
f -8262 -8248 -8247
f -8262 -8247 -8260
f -8264 -8262 -8263
f -8263 -8262 -8261
f -8263 -8261 -8251
f -8625 -8624 -8626
f -8626 -8624 -8620
f -8626 -8620 -8619
f -8600 -8602 -8601
f -8601 -8602 -8603
f -8601 -8603 -8584
f -8584 -8603 -8586
f -8584 -8586 -8585
f -8585 -8586 -8587
f -8574 -8569 -8572
f -8572 -8569 -8568
f -8572 -8568 -8567
f -8567 -8568 -8562
f -8567 -8562 -8563
f -8561 -8567 -8564
f -8564 -8567 -8563
f -8564 -8563 -8565
f -8591 -8592 -8608
f -8608 -8592 -8610
f -8608 -8610 -8609
f -8609 -8610 -8588
f -8609 -8588 -8587
f -8587 -8586 -8609
f -8609 -8586 -8605
f -8609 -8605 -8607
f -8607 -8605 -8606
f -8607 -8606 -8608
f -8600 -8601 -8599
f -8599 -8601 -8584
f -8599 -8584 -8583
f -8583 -8584 -8585
f -8591 -8593 -8592
f -8592 -8593 -8594
f -8592 -8594 -8590
f -8602 -8604 -8603
f -8603 -8604 -8605
f -8603 -8605 -8586
f -6367 -6366 -6404
f -6404 -6366 -6365
f -6404 -6365 -6401
f -6403 -6402 -6404
f -6404 -6402 -6368
f -6404 -6368 -6367
f -5944 -5945 -5946
f -5946 -5945 -5947
f -5946 -5947 -5948
f -5948 -5947 -5949
f -5948 -5949 -5896
f -5894 -5943 -5948
f -5948 -5943 -5942
f -5948 -5942 -5941
f -5848 -5902 -5952
f -5952 -5902 -5901
f -5952 -5901 -5900
f -5938 -5940 -5939
f -5939 -5940 -5941
f -5939 -5941 -5840
f -5844 -5843 -5946
f -5946 -5843 -5842
f -5946 -5842 -5944
f -5847 -5846 -5946
f -5946 -5846 -5845
f -5946 -5845 -5844
f -5900 -5899 -5946
f -5946 -5899 -5898
f -5946 -5898 -5847
f -5896 -5895 -5948
f -5948 -5895 -5894
f -17030 -17029 -17028
f -17028 -17029 -17027
f -17028 -17027 -17026
f -17026 -17027 -17025
f -17026 -17025 -17024
f -17024 -17025 -17023
f -17024 -17023 -17022
f -17061 -17063 -17062
f -17062 -17063 -17054
f -17052 -17051 -17053
f -17053 -17051 -17043
f -17053 -17043 -17044
f -17044 -17043 -17042
f -17044 -17042 -17041
f -17038 -17040 -17039
f -17039 -17040 -17031
f -10478 -10479 -10480
f -10480 -10479 -10481
f -10480 -10481 -10482
f -10482 -10481 -10483
f -10482 -10483 -10484
f -10484 -10483 -10485
f -10484 -10485 -10486
f -10486 -10485 -10487
f -10486 -10487 -10488
f -10488 -10487 -10489
f -10488 -10489 -10490
f -10490 -10489 -10491
f -10490 -10491 -10492
f -10492 -10491 -10493
f -10492 -10493 -10494
f -10494 -10493 -10495
f -10494 -10495 -10496
f -10496 -10495 -10497
f -10496 -10497 -10498
f -10498 -10497 -10499
f -10500 -10501 -10502
f -10502 -10501 -10503
f -10648 -10649 -10650
f -10650 -10649 -10675
f -10650 -10675 -10651
f -10621 -10622 -10623
f -10623 -10622 -10624
f -10473 -10472 -10471
f -10471 -10472 -10470
f -10471 -10470 -10469
f -10469 -10470 -10468
f -10469 -10468 -10467
f -10467 -10468 -10466
f -10467 -10466 -10465
f -10465 -10466 -10464
f -10465 -10464 -10463
f -10463 -10464 -10462
f -10463 -10462 -10461
f -10461 -10462 -10460
f -10461 -10460 -10459
f -10459 -10460 -10458
f -10459 -10458 -10457
f -10457 -10458 -10456
f -10457 -10456 -10455
f -10455 -10456 -10454
f -10455 -10454 -10453
f -10453 -10454 -10452
f -10453 -10452 -10451
f -10451 -10452 -10450
f -10451 -10450 -10449
f -10449 -10450 -10448
f -10449 -10448 -10447
f -10447 -10448 -10446
f -10447 -10446 -10445
f -10445 -10446 -10444
f -10445 -10444 -10443
f -10474 -10475 -10476
f -10476 -10475 -10477
f -10335 -10336 -10337
f -10337 -10336 -10338
f -10337 -10338 -10339
f -10339 -10338 -10340
f -9882 -9883 -9884
f -9884 -9883 -9885
f -9911 -9913 -9902
f -9902 -9913 -9903
f -9903 -9913 -9904
f -9904 -9913 -9915
f -9923 -9925 -9901
f -9901 -9925 -9900
f -9929 -9945 -9946
f -9946 -9945 -9947
f -9574 -9575 -9576
f -9576 -9575 -9577
f -9576 -9577 -9581
f -11394 -11395 -11396
f -11396 -11395 -11397
f -11387 -11389 -11388
f -11388 -11389 -11390
f -11389 -11391 -11390
f -11390 -11391 -11392
f -11511 -11502 -11501
f -11501 -11502 -11503
f -11501 -11503 -11504
f -11504 -11503 -11506
f -11229 -11228 -11230
f -11230 -11228 -11213
f -11230 -11213 -11214
f -11214 -11213 -11215
f -11214 -11215 -11216
f -11216 -11215 -11217
f -11216 -11217 -11218
f -11218 -11217 -11219
f -11218 -11219 -11220
f -11220 -11219 -11221
f -11220 -11221 -11222
f -11228 -11227 -11226
f -11226 -11227 -11225
f -11226 -11225 -11224
f -11164 -11163 -11162
f -11162 -11163 -11161
f -11162 -11161 -11160
f -11077 -11078 -11079
f -11079 -11078 -11080
f -11820 -11821 -11822
f -11822 -11821 -11823
f -11529 -11530 -11531
f -11531 -11530 -11532
f -11517 -11518 -11519
f -11519 -11518 -11520
f -11510 -11508 -11509
f -11509 -11508 -11507
f -7305 -7307 -7306
f -7306 -7307 -7308
f -7307 -7309 -7308
f -7308 -7309 -7310
f -7309 -7311 -7310
f -7310 -7311 -7313
f -7332 -7331 -7330
f -7330 -7331 -7329
f -7330 -7329 -7328
f -7328 -7329 -7327
f -7328 -7327 -7326
f -8109 -8105 -8104
f -8104 -8105 -7785
f -8104 -7785 -7784
f -7784 -7785 -7783
f -7784 -7783 -7782
f -7782 -7783 -7781
f -7782 -7781 -7780
f -7780 -7781 -7779
f -7780 -7779 -7778
f -7749 -7750 -7751
f -7751 -7750 -7752
f -7751 -7752 -7753
f -7753 -7752 -7755
f -8232 -8233 -8234
f -8234 -8233 -8235
f -8234 -8235 -8236
f -8236 -8235 -8237
f -8236 -8237 -8238
f -8202 -8200 -8201
f -8201 -8200 -8199
f -8201 -8199 -8198
f -8201 -8203 -8202
f -8202 -8203 -8204
f -8203 -8205 -8204
f -8204 -8205 -8206
f -8206 -8205 -8207
f -8207 -8205 -8194
f -8190 -8191 -8192
f -8192 -8191 -8193
f -8588 -8610 -8589
f -8589 -8610 -8592
f -8589 -8592 -8590
f -8626 -8619 -8618
f -8618 -8619 -8617
f -8618 -8617 -8616
f -8616 -8617 -8615
f -8616 -8615 -8614
f -6403 -6404 -6405
f -6405 -6404 -6406
f -6399 -6404 -6400
f -6400 -6404 -6401
f -17032 -17034 -17033
f -17033 -17034 -17035
f -17020 -17029 -17021
f -17021 -17029 -17030
f -17019 -17018 -17017
f -17017 -17018 -17016
f -17017 -17016 -17015
f -17015 -17016 -17014
f -17015 -17014 -17013
f -17055 -17057 -17056
f -17056 -17057 -17058
f -17065 -17067 -17066
f -17066 -17067 -17068
f -17067 -17069 -17068
f -17068 -17069 -17070
f -17069 -17071 -17070
f -17070 -17071 -17072
f -17045 -17047 -17046
f -17046 -17047 -17048
f -17047 -17049 -17048
f -17048 -17049 -17050
f -17049 -17051 -17050
f -17050 -17051 -17052
f -10007 -10013 -10014
f -9886 -9892 -9893
f -9409 -9452 -9410
f -11499 -11502 -11500
f -11826 -11834 -11835
f -11521 -11527 -11528
f -8218 -8219 -8217
f -8261 -8262 -8260
f -8245 -8257 -8246
f -8249 -8262 -8250
f -5848 -5952 -5849
f -10682 -10684 -10683
f -10674 -10675 -10673
f -10645 -10647 -10646
f -10946 -10947 -10945
f -10254 -10256 -10255
f -9906 -9907 -9905
f -9927 -9920 -9919
f -11228 -11229 -11227
f -11043 -10950 -11070
f -8109 -8106 -8105
f -8222 -8213 -8216
f -8608 -8609 -8607
f -8604 -8606 -8605
f -8598 -8600 -8599
f -5940 -5948 -5941
f -5946 -5952 -5900
f -5938 -5939 -5937
f -17071 -17073 -17072
f -10806 -10808 -10807
f -10524 -10523 -10600
f -10600 -10523 -10522
f -10600 -10522 -10599
f -4761 -4760 -4759
f -4759 -4760 -4758
f -4759 -4758 -4757
f -2504 -2506 -2505
f -2505 -2506 -2503
f -2496 -2495 -2497
f -2497 -2495 -2494
f -2497 -2494 -2493
f -2501 -2500 -2502
f -2502 -2500 -2499
f -2502 -2499 -2498
f -2492 -2491 -2497
f -2497 -2491 -2490
f -2497 -2490 -2489
f -2514 -2515 -2513
f -2513 -2515 -2511
f -2513 -2511 -2512
f -2512 -2511 -2510
f -2512 -2510 -2509
f -2526 -2527 -2528
f -2528 -2527 -2529
f -2528 -2529 -2530
f -2530 -2529 -2531
f -2530 -2531 -2525
f -2525 -2531 -2524
f -2525 -2524 -2523
f -2520 -2519 -2518
f -2518 -2519 -2517
f -2518 -2517 -2516
f -2516 -2517 -2515
f -2516 -2515 -2514
f -2522 -2521 -2528
f -2528 -2521 -2526
f -2536 -2537 -2538
f -2538 -2537 -2539
f -2538 -2539 -2540
f -2540 -2539 -2541
f -2540 -2541 -2532
f -2588 -2589 -2574
f -2574 -2589 -2575
f -2574 -2575 -2576
f -2576 -2575 -2577
f -2576 -2577 -2578
f -2578 -2577 -2579
f -2578 -2579 -2580
f -2580 -2579 -2581
f -2580 -2581 -2573
f -2573 -2581 -2572
f -2573 -2572 -2571
f -2571 -2572 -2570
f -2571 -2570 -2569
f -2567 -2569 -2568
f -2568 -2569 -2566
f -2568 -2566 -2565
f -2618 -2646 -2644
f -2644 -2646 -2645
f -2644 -2645 -2643
f -2643 -2641 -2642
f -2642 -2641 -2640
f -2642 -2640 -2639
f -2682 -2681 -2683
f -2683 -2681 -2677
f -2683 -2677 -2676
f -2675 -2674 -2673
f -2673 -2674 -2672
f -2673 -2672 -2671
f -2671 -2672 -2670
f -2671 -2670 -2669
f -2669 -2670 -2668
f -2669 -2668 -2667
f -12750 -12749 -12748
f -12748 -12749 -12747
f -12748 -12747 -12746
f -12746 -12747 -12745
f -12746 -12745 -12744
f -12744 -12745 -12743
f -12744 -12743 -12742
f -12739 -12738 -12737
f -12737 -12738 -12736
f -12737 -12736 -12735
f -12735 -12736 -12734
f -12735 -12734 -12733
f -12733 -12734 -12732
f -12733 -12732 -12731
f -12832 -12831 -12830
f -12830 -12831 -12829
f -12830 -12829 -12828
f -12828 -12829 -12827
f -12828 -12827 -12826
f -12826 -12827 -12825
f -12826 -12825 -12824
f -12843 -12842 -12841
f -12841 -12842 -12840
f -12841 -12840 -12839
f -12839 -12840 -12838
f -12839 -12838 -12837
f -12837 -12838 -12836
f -12837 -12836 -12835
f -12821 -12820 -12822
f -12822 -12820 -12807
f -12822 -12807 -12808
f -12814 -12815 -12812
f -12812 -12815 -12813
f -12812 -12813 -12811
f -12880 -12879 -12878
f -12878 -12879 -12877
f -12878 -12877 -12876
f -12876 -12877 -12875
f -12876 -12875 -12874
f -12874 -12875 -12873
f -12874 -12873 -12872
f -12869 -12868 -12867
f -12867 -12868 -12866
f -12867 -12866 -12865
f -12865 -12866 -12864
f -12865 -12864 -12863
f -12863 -12864 -12862
f -12863 -12862 -12861
f -2082 -2081 -2083
f -2083 -2081 -2080
f -2083 -2080 -2079
f -2067 -2029 -2069
f -2069 -2029 -2038
f -2069 -2038 -2091
f -2091 -2038 -2030
f -2091 -2030 -2093
f -2098 -2096 -2097
f -2097 -2096 -2095
f -2097 -2095 -2086
f -2086 -2095 -2084
f -2086 -2084 -2085
f -2085 -2084 -2083
f -2085 -2083 -2037
f -2037 -2083 -2078
f -2037 -2078 -2036
f -2036 -2078 -2076
f -2033 -2075 -2037
f -2037 -2075 -2073
f -2037 -2073 -2085
f -2085 -2073 -2087
f -2085 -2087 -2086
f -2086 -2087 -2088
f -2086 -2088 -2097
f -2097 -2088 -2099
f -2097 -2099 -2098
f -2098 -2099 -2100
f -2074 -2072 -2073
f -2073 -2072 -2071
f -2073 -2071 -2087
f -2087 -2071 -2089
f -2087 -2089 -2088
f -2088 -2089 -2090
f -2088 -2090 -2099
f -2099 -2090 -2101
f -2099 -2101 -2100
f -2100 -2101 -2102
f -2072 -2070 -2071
f -2071 -2070 -2069
f -2071 -2069 -2089
f -2089 -2069 -2091
f -2089 -2091 -2090
f -2090 -2091 -2092
f -2090 -2092 -2101
f -2101 -2092 -2103
f -2101 -2103 -2102
f -2102 -2103 -2104
f -2091 -2093 -2092
f -2092 -2093 -2040
f -2092 -2040 -2103
f -2103 -2040 -2039
f -2103 -2039 -2105
f -2082 -2083 -2094
f -2094 -2083 -2084
f -2094 -2084 -2095
f -12962 -12961 -12960
f -12960 -12961 -12959
f -12960 -12959 -12958
f -12958 -12959 -12957
f -12958 -12957 -12956
f -12956 -12957 -12955
f -12956 -12955 -12954
f -12973 -12972 -12971
f -12971 -12972 -12970
f -12971 -12970 -12969
f -12969 -12970 -12968
f -12969 -12968 -12967
f -12967 -12968 -12966
f -12967 -12966 -12965
f -12944 -12945 -12942
f -12942 -12945 -12943
f -12942 -12943 -12941
f -2036 -2035 -2037
f -2037 -2035 -2034
f -2037 -2034 -2033
f -12951 -12950 -12952
f -12952 -12950 -12937
f -12952 -12937 -12938
f -126 -125 -139
f -139 -125 -124
f -139 -124 -138
f -129 -128 -139
f -139 -128 -127
f -139 -127 -126
f -132 -131 -139
f -139 -131 -130
f -139 -130 -129
f -117 -132 -141
f -141 -132 -139
f -141 -139 -133
f -136 -135 -140
f -140 -135 -134
f -140 -134 -148
f -139 -138 -140
f -140 -138 -137
f -140 -137 -136
f -117 -141 -118
f -118 -141 -119
f -122 -121 -141
f -141 -121 -120
f -141 -120 -119
f -88 -89 -90
f -90 -89 -91
f -90 -91 -92
f -92 -91 -93
f -92 -93 -94
f -94 -93 -95
f -94 -95 -96
f -96 -95 -97
f -96 -97 -98
f -98 -97 -99
f -98 -99 -100
f -100 -99 -101
f -100 -101 -116
f -116 -101 -115
f -116 -115 -114
f -114 -115 -113
f -114 -113 -112
f -112 -113 -111
f -112 -111 -110
f -110 -111 -109
f -110 -109 -108
f -108 -109 -107
f -108 -107 -106
f -106 -107 -105
f -106 -105 -104
f -104 -105 -103
f -104 -103 -102
f -167 -166 -165
f -165 -166 -164
f -165 -164 -163
f -147 -146 -150
f -150 -146 -145
f -150 -145 -144
f -147 -150 -148
f -148 -150 -149
f -148 -149 -140
f -158 -157 -156
f -156 -157 -155
f -156 -155 -154
f -58 -59 -60
f -60 -59 -61
f -60 -61 -62
f -62 -61 -63
f -62 -63 -64
f -64 -63 -65
f -64 -65 -66
f -66 -65 -67
f -66 -67 -68
f -68 -67 -69
f -68 -69 -70
f -70 -69 -71
f -70 -71 -86
f -86 -71 -85
f -86 -85 -84
f -84 -85 -83
f -84 -83 -82
f -82 -83 -81
f -82 -81 -80
f -80 -81 -79
f -80 -79 -78
f -78 -79 -77
f -78 -77 -76
f -76 -77 -75
f -76 -75 -74
f -74 -75 -73
f -74 -73 -72
f -56 -55 -54
f -54 -55 -53
f -54 -53 -52
f -52 -53 -51
f -52 -51 -50
f -50 -51 -49
f -50 -49 -48
f -48 -49 -47
f -48 -47 -46
f -46 -47 -45
f -46 -45 -44
f -44 -45 -43
f -44 -43 -42
f -42 -43 -41
f -42 -41 -40
f -40 -41 -39
f -40 -39 -38
f -38 -39 -37
f -38 -37 -36
f -36 -37 -35
f -36 -35 -34
f -34 -35 -33
f -34 -33 -32
f -32 -33 -31
f -32 -31 -30
f -5309 -5299 -5311
f -5311 -5299 -5300
f -5311 -5300 -5301
f -5296 -5295 -5294
f -5294 -5295 -5293
f -5294 -5293 -5292
f -5292 -5293 -5291
f -5292 -5291 -5290
f -4629 -4628 -4630
f -4630 -4628 -4615
f -4630 -4615 -4616
f -4616 -4615 -4617
f -4616 -4617 -4618
f -4618 -4617 -4619
f -4618 -4619 -4620
f -4620 -4619 -4621
f -4620 -4621 -4622
f -4628 -4627 -4626
f -4626 -4627 -4625
f -4626 -4625 -4624
f -4631 -4632 -4633
f -4633 -4632 -4634
f -4607 -4608 -4609
f -4609 -4608 -4610
f -4781 -4780 -4779
f -4779 -4780 -4778
f -4779 -4778 -4777
f -4777 -4778 -4776
f -4777 -4776 -4775
f -4775 -4776 -4774
f -4775 -4774 -4773
f -4773 -4774 -4772
f -4773 -4772 -4771
f -4771 -4772 -4770
f -4771 -4770 -4769
f -4769 -4770 -4768
f -4769 -4768 -4767
f -4767 -4768 -4766
f -4767 -4766 -4765
f -4765 -4766 -4764
f -4765 -4764 -4763
f -4763 -4764 -4762
f -2992 -2993 -2994
f -2994 -2993 -2995
f -2994 -2995 -2996
f -2996 -2995 -2997
f -2996 -2997 -2998
f -2998 -2997 -2999
f -3020 -3021 -3022
f -3022 -3021 -3023
f -2900 -2901 -2902
f -2902 -2901 -2903
f -2896 -2897 -2898
f -2898 -2897 -2899
f -2908 -2909 -2910
f -2910 -2909 -2911
f -2904 -2905 -2906
f -2906 -2905 -2907
f -2830 -2831 -2832
f -2832 -2831 -2833
f -2832 -2833 -2834
f -2834 -2833 -2835
f -2834 -2835 -2836
f -2836 -2835 -2837
f -2836 -2837 -2838
f -2838 -2837 -2839
f -2829 -2828 -2827
f -2827 -2828 -2826
f -2827 -2826 -2825
f -2825 -2826 -2824
f -2825 -2824 -2823
f -2823 -2824 -2822
f -2823 -2822 -2821
f -2821 -2822 -2820
f -3510 -3511 -3512
f -3512 -3511 -3513
f -3512 -3513 -3514
f -3514 -3513 -3515
f -3514 -3515 -3516
f -3516 -3515 -3517
f -3516 -3517 -3518
f -3518 -3517 -3519
f -3518 -3519 -3520
f -3520 -3519 -3521
f -3520 -3521 -3522
f -3522 -3521 -3523
f -3522 -3523 -3524
f -3524 -3523 -3525
f -3524 -3525 -3526
f -3526 -3525 -3527
f -2488 -2487 -2486
f -2486 -2487 -2485
f -2486 -2485 -2484
f -2484 -2485 -2483
f -2484 -2483 -2482
f -2482 -2483 -2481
f -2482 -2481 -2480
f -2480 -2481 -2479
f -2480 -2479 -2478
f -2478 -2479 -2477
f -2478 -2477 -2476
f -2476 -2477 -2475
f -2476 -2475 -2474
f -2474 -2475 -2473
f -2474 -2473 -2472
f -2472 -2473 -2487
f -2472 -2487 -2488
f -2507 -2519 -2508
f -2508 -2519 -2520
f -2467 -2468 -2469
f -2469 -2468 -2470
f -2632 -2633 -2634
f -2634 -2633 -2635
f -2634 -2635 -2636
f -2636 -2635 -2637
f -2636 -2637 -2638
f -2638 -2637 -2642
f -2638 -2642 -2639
f -2661 -2662 -2663
f -2663 -2662 -2664
f -2665 -2674 -2666
f -2666 -2674 -2675
f -12729 -12728 -12727
f -12727 -12728 -12726
f -12727 -12726 -12725
f -12725 -12726 -12724
f -12725 -12724 -12723
f -12723 -12724 -12722
f -12723 -12722 -12721
f -12721 -12722 -12720
f -12721 -12720 -12719
f -12719 -12720 -12718
f -12719 -12718 -12717
f -12717 -12718 -12716
f -12717 -12716 -12715
f -12715 -12716 -12714
f -12715 -12714 -12729
f -12729 -12714 -12728
f -12740 -12749 -12741
f -12741 -12749 -12750
f -12760 -12759 -12758
f -12758 -12759 -12757
f -12758 -12757 -12756
f -12756 -12757 -12755
f -12756 -12755 -12754
f -12754 -12755 -12753
f -12754 -12753 -12752
f -12752 -12753 -12751
f -12770 -12769 -12768
f -12768 -12769 -12767
f -12768 -12767 -12766
f -12766 -12767 -12765
f -12766 -12765 -12764
f -12764 -12765 -12763
f -12764 -12763 -12762
f -12762 -12763 -12761
f -12774 -12773 -12772
f -12772 -12773 -12771
f -12772 -12771 -12786
f -12786 -12771 -12785
f -12786 -12785 -12784
f -12784 -12785 -12783
f -12784 -12783 -12782
f -12782 -12783 -12781
f -12782 -12781 -12780
f -12780 -12781 -12779
f -12780 -12779 -12778
f -12778 -12779 -12777
f -12778 -12777 -12776
f -12776 -12777 -12775
f -12776 -12775 -12774
f -12774 -12775 -12773
f -12833 -12842 -12834
f -12834 -12842 -12843
f -12845 -12844 -12859
f -12859 -12844 -12858
f -12859 -12858 -12857
f -12857 -12858 -12856
f -12857 -12856 -12855
f -12855 -12856 -12854
f -12855 -12854 -12853
f -12853 -12854 -12852
f -12853 -12852 -12851
f -12851 -12852 -12850
f -12851 -12850 -12849
f -12849 -12850 -12848
f -12849 -12848 -12847
f -12847 -12848 -12846
f -12847 -12846 -12845
f -12845 -12846 -12844
f -12820 -12819 -12818
f -12818 -12819 -12817
f -12818 -12817 -12816
f -12816 -12817 -12815
f -12816 -12815 -12814
f -12822 -12808 -12809
f -12809 -12808 -12810
f -12809 -12810 -12811
f -12811 -12810 -12812
f -12797 -12798 -12799
f -12799 -12798 -12800
f -12799 -12800 -12801
f -12801 -12800 -12802
f -12801 -12802 -12803
f -12803 -12802 -12804
f -12803 -12804 -12805
f -12805 -12804 -12806
f -12787 -12788 -12789
f -12789 -12788 -12790
f -12789 -12790 -12791
f -12791 -12790 -12792
f -12791 -12792 -12793
f -12793 -12792 -12794
f -12793 -12794 -12795
f -12795 -12794 -12796
f -12890 -12889 -12888
f -12888 -12889 -12887
f -12888 -12887 -12886
f -12886 -12887 -12885
f -12886 -12885 -12884
f -12884 -12885 -12883
f -12884 -12883 -12882
f -12882 -12883 -12881
f -12891 -12892 -12893
f -12893 -12892 -12894
f -12893 -12894 -12895
f -12895 -12894 -12896
f -12895 -12896 -12897
f -12897 -12896 -12898
f -12897 -12898 -12899
f -12899 -12898 -12900
f -12902 -12901 -12916
f -12916 -12901 -12915
f -12916 -12915 -12914
f -12914 -12915 -12913
f -12914 -12913 -12912
f -12912 -12913 -12911
f -12912 -12911 -12910
f -12910 -12911 -12909
f -12910 -12909 -12908
f -12908 -12909 -12907
f -12908 -12907 -12906
f -12906 -12907 -12905
f -12906 -12905 -12904
f -12904 -12905 -12903
f -12904 -12903 -12902
f -12902 -12903 -12901
f -12870 -12879 -12871
f -12871 -12879 -12880
f -12952 -12938 -12939
f -12939 -12938 -12940
f -12939 -12940 -12941
f -12941 -12940 -12942
f -12927 -12928 -12929
f -12929 -12928 -12930
f -12929 -12930 -12931
f -12931 -12930 -12932
f -12931 -12932 -12933
f -12933 -12932 -12934
f -12933 -12934 -12935
f -12935 -12934 -12936
f -12926 -12925 -12924
f -12924 -12925 -12923
f -12924 -12923 -12922
f -12922 -12923 -12921
f -12922 -12921 -12920
f -12920 -12921 -12919
f -12920 -12919 -12918
f -12918 -12919 -12917
f -2067 -2069 -2068
f -2068 -2069 -2070
f -2076 -2078 -2077
f -2077 -2078 -2079
f -12963 -12972 -12964
f -12964 -12972 -12973
f -12950 -12949 -12948
f -12948 -12949 -12947
f -12948 -12947 -12946
f -12946 -12947 -12945
f -12946 -12945 -12944
f -2094 -2095 -2106
f -2106 -2095 -2096
f -2103 -2105 -2104
f -2104 -2105 -2042
f -144 -143 -150
f -150 -143 -142
f -150 -142 -141
f -141 -142 -123
f -141 -123 -122
f -159 -160 -161
f -161 -160 -162
f -171 -172 -173
f -173 -172 -174
f -173 -174 -175
f -175 -174 -176
f -25 -26 -27
f -27 -26 -28
f -5309 -5311 -5310
f -5310 -5311 -5312
f -5327 -5326 -5325
f -5325 -5326 -5324
f -5325 -5324 -5323
f -5323 -5324 -5322
f -5323 -5322 -5321
f -5321 -5322 -5320
f -5321 -5320 -5319
f -5319 -5320 -5318
f -5319 -5318 -5317
f -5317 -5318 -5316
f -5317 -5316 -5315
f -5315 -5316 -5314
f -5315 -5314 -5313
f -5313 -5314 -5312
f -5313 -5312 -5311
f -2492 -2497 -2493
f -12730 -12738 -12739
f -12823 -12831 -12832
f -12860 -12868 -12869
f -12953 -12961 -12962
f -29 -55 -56
f -5289 -5295 -5296
f -4628 -4629 -4627
f -2476 -2471 -2478
f -2569 -2567 -2571
f -2642 -2644 -2643
f -12820 -12821 -12819
f -2078 -2083 -2079
f -2073 -2075 -2074
f -12950 -12951 -12949
f -87 -89 -88
f -57 -59 -58
f -5325 -5298 -5327
f -4532 -4534 -4533
f -2546 -2548 -2547
f -1768 -1770 -1771
f -168 -170 -169
f -151 -153 -152
f -4622 -4621 -4623
f -4623 -4621 -4613
f -4623 -4613 -4614
f -4614 -4613 -4612
f -4614 -4612 -4611
f -4678 -4677 -4676
f -4676 -4677 -4675
f -4676 -4675 -4674
f -4674 -4675 -4673
f -4674 -4673 -4672
f -4672 -4673 -4671
f -4672 -4671 -4670
f -4670 -4671 -4669
f -4670 -4669 -4668
f -4788 -4798 -4789
f -4789 -4798 -4799
f -4789 -4799 -4787
f -4830 -4829 -4828
f -4828 -4829 -4827
f -4828 -4827 -4826
f -2546 -2545 -2548
f -2548 -2545 -2544
f -2660 -2659 -2658
f -2658 -2659 -2657
f -2658 -2657 -2656
f -2656 -2657 -2655
f -2656 -2655 -2654
f -2654 -2655 -2653
f -2654 -2653 -2652
f -2631 -2633 -2624
f -2624 -2633 -2617
f -2624 -2617 -2616
f -2623 -2622 -2627
f -2627 -2622 -2621
f -2627 -2621 -2625
f -2627 -2624 -2623
f -2623 -2624 -2616
f -2625 -2626 -2627
f -2627 -2626 -2628
f -2627 -2628 -2630
f -2630 -2628 -2629
f -2630 -2629 -2635
f -2635 -2629 -2644
f -2018 -2019 -2026
f -2026 -2019 -2025
f -2026 -2025 -2024
f -2024 -2025 -2023
f -2024 -2023 -2022
f -2022 -2023 -2021
f -2022 -2021 -2020
f -2011 -2012 -2013
f -2013 -2012 -2014
f -2013 -2014 -2015
f -2015 -2014 -2016
f -2015 -2016 -2010
f -12620 -12619 -12618
f -12618 -12619 -12617
f -12618 -12617 -12616
f -12616 -12617 -12615
f -12616 -12615 -12614
f -12614 -12615 -12613
f -12614 -12613 -12612
f -12609 -12608 -12607
f -12607 -12608 -12606
f -12607 -12606 -12605
f -12605 -12606 -12604
f -12605 -12604 -12603
f -12603 -12604 -12602
f -12603 -12602 -12601
f -12684 -12685 -12682
f -12682 -12685 -12683
f -12682 -12683 -12681
f -12713 -12712 -12711
f -12711 -12712 -12710
f -12711 -12710 -12709
f -12709 -12710 -12708
f -12709 -12708 -12707
f -12707 -12708 -12706
f -12707 -12706 -12705
f -12691 -12690 -12692
f -12692 -12690 -12677
f -12692 -12677 -12678
f -12702 -12701 -12700
f -12700 -12701 -12699
f -12700 -12699 -12698
f -12698 -12699 -12697
f -12698 -12697 -12696
f -12696 -12697 -12695
f -12696 -12695 -12694
f -2152 -2170 -2168
f -2168 -2170 -2169
f -2168 -2169 -2167
f -2032 -2066 -2064
f -2064 -2066 -2065
f -2064 -2065 -2063
f -2055 -2057 -2056
f -2056 -2057 -2064
f -2056 -2064 -2062
f -2062 -2064 -2063
f -2062 -2063 -2061
f -2057 -2058 -2064
f -2064 -2058 -2032
f -2053 -2055 -2054
f -2054 -2055 -2056
f -2054 -2056 -2050
f -2050 -2056 -2062
f -2050 -2062 -2060
f -2060 -2062 -2061
f -2060 -2061 -2059
f -2098 -2100 -2110
f -2110 -2100 -2112
f -2110 -2112 -2111
f -2111 -2112 -2113
f -2111 -2113 -2043
f -2043 -2113 -2044
f -2043 -2044 -2048
f -2048 -2044 -2051
f -2048 -2051 -2123
f -2123 -2051 -2060
f -2123 -2060 -2125
f -2125 -2060 -2059
f -2054 -2050 -2049
f -2049 -2050 -2051
f -2049 -2051 -2044
f -2096 -2098 -2108
f -2108 -2098 -2110
f -2108 -2110 -2109
f -2109 -2110 -2111
f -2109 -2111 -2045
f -2045 -2111 -2043
f -2045 -2043 -2047
f -2047 -2043 -2048
f -2047 -2048 -2121
f -2121 -2048 -2123
f -2121 -2123 -2122
f -2122 -2123 -2124
f -2053 -2054 -2052
f -2052 -2054 -2117
f -2052 -2117 -2118
f -2118 -2117 -2116
f -2118 -2116 -2041
f -2041 -2116 -2042
f -2133 -2132 -2134
f -2134 -2132 -2126
f -2134 -2126 -2127
f -12999 -12998 -12997
f -12997 -12998 -12996
f -12997 -12996 -12995
f -12995 -12996 -12994
f -12995 -12994 -12993
f -12993 -12994 -12992
f -12993 -12992 -12991
f -2106 -2108 -2107
f -2107 -2108 -2109
f -2107 -2109 -2045
f -13010 -13009 -13008
f -13008 -13009 -13007
f -13008 -13007 -13006
f -13006 -13007 -13005
f -13006 -13005 -13004
f -13004 -13005 -13003
f -13004 -13003 -13002
f -2119 -2031 -2121
f -2121 -2031 -2046
f -2121 -2046 -2047
f -2047 -2046 -2045
f -2119 -2121 -2120
f -2120 -2121 -2122
f -2120 -2122 -2028
f -2028 -2122 -2027
f -2049 -2044 -2115
f -2115 -2044 -2113
f -2115 -2113 -2114
f -2114 -2113 -2112
f -2114 -2112 -2102
f -2102 -2112 -2100
f -2054 -2049 -2117
f -2117 -2049 -2115
f -2117 -2115 -2116
f -2116 -2115 -2114
f -2116 -2114 -2104
f -2104 -2114 -2102
f -1285 -1284 -1283
f -1283 -1284 -1282
f -1283 -1282 -1281
f -1276 -1275 -1274
f -1274 -1275 -1273
f -1274 -1273 -1272
f -1473 -1472 -1474
f -1474 -1472 -1454
f -1170 -1171 -1172
f -1172 -1171 -1173
f -1172 -1173 -1174
f -1174 -1173 -1175
f -1174 -1175 -1176
f -1176 -1175 -1177
f -1176 -1177 -1178
f -1178 -1177 -1179
f -1178 -1179 -1180
f -1180 -1179 -1181
f -1180 -1181 -1182
f -1182 -1181 -1183
f -1182 -1183 -1198
f -1198 -1183 -1197
f -1198 -1197 -1196
f -1196 -1197 -1195
f -1196 -1195 -1194
f -1194 -1195 -1193
f -1194 -1193 -1192
f -1192 -1193 -1191
f -1192 -1191 -1190
f -1190 -1191 -1189
f -1190 -1189 -1188
f -1188 -1189 -1187
f -1188 -1187 -1186
f -1186 -1187 -1185
f -1186 -1185 -1184
f -1168 -1167 -1166
f -1166 -1167 -1165
f -1166 -1165 -1164
f -1164 -1165 -1163
f -1164 -1163 -1162
f -1162 -1163 -1161
f -1162 -1161 -1160
f -1160 -1161 -1159
f -1160 -1159 -1158
f -1158 -1159 -1157
f -1158 -1157 -1156
f -1156 -1157 -1155
f -1156 -1155 -1154
f -1154 -1155 -1153
f -1154 -1153 -1152
f -1152 -1153 -1151
f -1152 -1151 -1150
f -1150 -1151 -1149
f -1150 -1149 -1148
f -1148 -1149 -1147
f -1148 -1147 -1146
f -1146 -1147 -1145
f -1146 -1145 -1144
f -1144 -1145 -1143
f -1144 -1143 -1142
f -1200 -1201 -1202
f -1202 -1201 -1203
f -1202 -1203 -1204
f -1204 -1203 -1205
f -1204 -1205 -1206
f -1206 -1205 -1207
f -1206 -1207 -1208
f -1208 -1207 -1209
f -1208 -1209 -1210
f -1210 -1209 -1211
f -1210 -1211 -1212
f -1212 -1211 -1213
f -1212 -1213 -1228
f -1228 -1213 -1227
f -1228 -1227 -1226
f -1226 -1227 -1225
f -1226 -1225 -1224
f -1224 -1225 -1223
f -1224 -1223 -1222
f -1222 -1223 -1221
f -1222 -1221 -1220
f -1220 -1221 -1219
f -1220 -1219 -1218
f -1218 -1219 -1217
f -1218 -1217 -1216
f -1216 -1217 -1215
f -1216 -1215 -1214
f -1231 -1230 -1243
f -1243 -1230 -1229
f -1243 -1229 -1241
f -1244 -1233 -1243
f -1243 -1233 -1232
f -1243 -1232 -1231
f -1247 -1246 -1249
f -1249 -1246 -1245
f -1249 -1245 -1244
f -1244 -1243 -1249
f -1249 -1243 -1242
f -1259 -1258 -1262
f -1262 -1258 -1257
f -1262 -1257 -1256
f -1234 -1259 -1260
f -1260 -1259 -1262
f -1260 -1262 -1261
f -1234 -1260 -1235
f -1235 -1260 -1236
f -1239 -1238 -1260
f -1260 -1238 -1237
f -1260 -1237 -1236
f -1253 -1252 -1262
f -1262 -1252 -1251
f -1262 -1251 -1250
f -1256 -1255 -1262
f -1262 -1255 -1254
f -1262 -1254 -1253
f -1243 -1241 -1260
f -1260 -1241 -1240
f -1260 -1240 -1239
f -13092 -13091 -13090
f -13090 -13091 -13089
f -13090 -13089 -13088
f -13088 -13089 -13087
f -13088 -13087 -13086
f -13086 -13087 -13085
f -13086 -13085 -13084
f -13103 -13102 -13101
f -13101 -13102 -13100
f -13101 -13100 -13099
f -13099 -13100 -13098
f -13099 -13098 -13097
f -13097 -13098 -13096
f -13097 -13096 -13095
f -13074 -13075 -13072
f -13072 -13075 -13073
f -13072 -13073 -13071
f -13081 -13080 -13082
f -13082 -13080 -13067
f -13082 -13067 -13068
f -5470 -5471 -5469
f -5469 -5471 -5369
f -5372 -5371 -5471
f -5471 -5371 -5370
f -5471 -5370 -5369
f -5505 -5516 -5517
f -5517 -5516 -5520
f -5517 -5520 -5522
f -5522 -5520 -5521
f -5522 -5521 -5523
f -5523 -5521 -5520
f -5523 -5520 -5519
f -5519 -5520 -5516
f -5519 -5516 -5515
f -5515 -5516 -5505
f -5515 -5505 -5513
f -5513 -5505 -5511
f -5513 -5511 -5512
f -5512 -5511 -5510
f -5512 -5510 -5499
f -5499 -5510 -5508
f -5499 -5508 -5519
f -5519 -5508 -5507
f -5519 -5507 -5506
f -5506 -5507 -5504
f -5506 -5504 -5498
f -5498 -5504 -5503
f -5513 -5512 -5514
f -5514 -5512 -5499
f -5514 -5499 -5519
f -5503 -5504 -5511
f -5511 -5504 -5509
f -5511 -5509 -5510
f -5510 -5509 -5508
f -5508 -5509 -5507
f -5507 -5509 -5504
f -5519 -5518 -5523
f -5523 -5518 -5525
f -5523 -5525 -5524
f -5311 -5301 -5305
f -5305 -5301 -5302
f -5305 -5302 -5297
f -5297 -5303 -5305
f -5305 -5303 -5304
f -5305 -5304 -5306
f -5305 -5306 -5307
f -5307 -5306 -5308
f -5307 -5308 -5339
f -5339 -5308 -5338
f -5339 -5338 -5337
f -5337 -5338 -5336
f -5337 -5336 -5335
f -5335 -5336 -5334
f -5335 -5334 -5333
f -5333 -5334 -5332
f -5333 -5332 -5331
f -5331 -5332 -5330
f -5331 -5330 -5329
f -5329 -5330 -5328
f -4840 -4851 -4849
f -4849 -4851 -4850
f -4849 -4850 -4848
f -4511 -4512 -4513
f -4513 -4512 -4514
f -4647 -4648 -4649
f -4649 -4648 -4650
f -4651 -4652 -4653
f -4653 -4652 -4654
f -4655 -4656 -4657
f -4657 -4656 -4658
f -4679 -4680 -4681
f -4681 -4680 -4682
f -4683 -4684 -4685
f -4685 -4684 -4686
f -4659 -4677 -4660
f -4660 -4677 -4678
f -4825 -4824 -4823
f -4823 -4824 -4822
f -4823 -4822 -4821
f -4821 -4822 -4820
f -4821 -4820 -4819
f -4819 -4820 -4818
f -4819 -4818 -4817
f -4817 -4818 -4816
f -4817 -4816 -4815
f -4815 -4816 -4814
f -4815 -4814 -4813
f -4813 -4814 -4812
f -4813 -4812 -4811
f -4811 -4812 -4810
f -4811 -4810 -4809
f -4809 -4810 -4808
f -4800 -4801 -4802
f -4802 -4801 -4803
f -4804 -4805 -4806
f -4806 -4805 -4807
f -4839 -4838 -4837
f -4837 -4838 -4836
f -4837 -4836 -4835
f -4835 -4836 -4834
f -4835 -4834 -4833
f -4833 -4834 -4832
f -4833 -4832 -4831
f -4844 -4842 -4843
f -4843 -4842 -4874
f -4843 -4874 -4841
f -4843 -4845 -4844
f -4844 -4845 -4846
f -4845 -4847 -4846
f -4846 -4847 -4848
f -3016 -3017 -3018
f -3018 -3017 -3019
f -2919 -2918 -2917
f -2917 -2918 -2916
f -2917 -2916 -2915
f -2915 -2916 -2914
f -2915 -2914 -2913
f -2913 -2914 -2912
f -2888 -2889 -2890
f -2890 -2889 -2891
f -2892 -2893 -2894
f -2894 -2893 -2895
f -2880 -2881 -2882
f -2882 -2881 -2883
f -2884 -2885 -2886
f -2886 -2885 -2887
f -3543 -3542 -3541
f -3541 -3542 -3540
f -3541 -3540 -3539
f -3539 -3540 -3538
f -3539 -3538 -3537
f -3537 -3538 -3536
f -3537 -3536 -3535
f -3535 -3536 -3534
f -3535 -3534 -3533
f -3533 -3534 -3532
f -3533 -3532 -3531
f -3531 -3532 -3530
f -3531 -3530 -3529
f -3529 -3530 -3528
f -3529 -3528 -3527
f -3527 -3528 -3526
f -2589 -2588 -2587
f -2587 -2588 -2586
f -2587 -2586 -2585
f -2585 -2586 -2584
f -2585 -2584 -2583
f -2583 -2584 -2582
f -2583 -2582 -2599
f -2599 -2582 -2598
f -2599 -2598 -2597
f -2597 -2598 -2596
f -2597 -2596 -2595
f -2595 -2596 -2594
f -2595 -2594 -2593
f -2593 -2594 -2592
f -2593 -2592 -2591
f -2591 -2592 -2590
f -2618 -2644 -2619
f -2619 -2644 -2629
f -2650 -2659 -2651
f -2651 -2659 -2660
f -2635 -2633 -2630
f -2630 -2633 -2631
f -2688 -2689 -2690
f -2690 -2689 -2691
f -2690 -2691 -2692
f -2692 -2691 -2693
f -2692 -2693 -2694
f -2694 -2693 -2695
f -2694 -2695 -2696
f -2696 -2695 -2697
f -2698 -2699 -2700
f -2700 -2699 -2701
f -2700 -2701 -2702
f -2702 -2701 -2703
f -2702 -2703 -2704
f -2704 -2703 -2705
f -2704 -2705 -2706
f -2706 -2705 -2707
f -2684 -2685 -2686
f -2686 -2685 -2687
f -2678 -2679 -2680
f -2680 -2679 -2681
f -2680 -2681 -2682
f -12630 -12629 -12628
f -12628 -12629 -12627
f -12628 -12627 -12626
f -12626 -12627 -12625
f -12626 -12625 -12624
f -12624 -12625 -12623
f -12624 -12623 -12622
f -12622 -12623 -12621
f -12640 -12639 -12638
f -12638 -12639 -12637
f -12638 -12637 -12636
f -12636 -12637 -12635
f -12636 -12635 -12634
f -12634 -12635 -12633
f -12634 -12633 -12632
f -12632 -12633 -12631
f -12641 -12642 -12643
f -12643 -12642 -12644
f -12643 -12644 -12645
f -12645 -12644 -12646
f -12645 -12646 -12647
f -12647 -12646 -12648
f -12647 -12648 -12649
f -12649 -12648 -12650
f -12649 -12650 -12651
f -12651 -12650 -12652
f -12651 -12652 -12653
f -12653 -12652 -12654
f -12653 -12654 -12655
f -12655 -12654 -12656
f -12655 -12656 -12641
f -12641 -12656 -12642
f -12598 -12599 -12584
f -12584 -12599 -12585
f -12584 -12585 -12586
f -12586 -12585 -12587
f -12586 -12587 -12588
f -12588 -12587 -12589
f -12588 -12589 -12590
f -12590 -12589 -12591
f -12590 -12591 -12592
f -12592 -12591 -12593
f -12592 -12593 -12594
f -12594 -12593 -12595
f -12594 -12595 -12596
f -12596 -12595 -12597
f -12596 -12597 -12598
f -12598 -12597 -12599
f -12610 -12619 -12611
f -12611 -12619 -12620
f -12692 -12678 -12679
f -12679 -12678 -12680
f -12679 -12680 -12681
f -12681 -12680 -12682
f -12685 -12686 -12687
f -12687 -12686 -12688
f -12687 -12688 -12689
f -12689 -12688 -12690
f -12689 -12690 -12691
f -12667 -12668 -12669
f -12669 -12668 -12670
f -12669 -12670 -12671
f -12671 -12670 -12672
f -12671 -12672 -12673
f -12673 -12672 -12674
f -12673 -12674 -12675
f -12675 -12674 -12676
f -12657 -12658 -12659
f -12659 -12658 -12660
f -12659 -12660 -12661
f -12661 -12660 -12662
f -12661 -12662 -12663
f -12663 -12662 -12664
f -12663 -12664 -12665
f -12665 -12664 -12666
f -12703 -12712 -12704
f -12704 -12712 -12713
f -2168 -2167 -2166
f -2166 -2167 -2165
f -2166 -2165 -2164
f -2164 -2165 -2163
f -2164 -2163 -2162
f -2162 -2163 -2157
f -12975 -12974 -12989
f -12989 -12974 -12988
f -12989 -12988 -12987
f -12987 -12988 -12986
f -12987 -12986 -12985
f -12985 -12986 -12984
f -12985 -12984 -12983
f -12983 -12984 -12982
f -12983 -12982 -12981
f -12981 -12982 -12980
f -12981 -12980 -12979
f -12979 -12980 -12978
f -12979 -12978 -12977
f -12977 -12978 -12976
f -12977 -12976 -12975
f -12975 -12976 -12974
f -2132 -2131 -2130
f -2130 -2131 -2129
f -2130 -2129 -2128
f -13020 -13019 -13018
f -13018 -13019 -13017
f -13018 -13017 -13016
f -13016 -13017 -13015
f -13016 -13015 -13014
f -13014 -13015 -13013
f -13014 -13013 -13012
f -13012 -13013 -13011
f -13000 -13009 -13001
f -13001 -13009 -13010
f -13021 -13022 -13023
f -13023 -13022 -13024
f -13023 -13024 -13025
f -13025 -13024 -13026
f -13025 -13026 -13027
f -13027 -13026 -13028
f -13027 -13028 -13029
f -13029 -13028 -13030
f -13031 -13032 -13033
f -13033 -13032 -13034
f -13033 -13034 -13035
f -13035 -13034 -13036
f -13035 -13036 -13037
f -13037 -13036 -13038
f -13037 -13038 -13039
f -13039 -13038 -13040
f -13039 -13040 -13041
f -13041 -13040 -13042
f -13041 -13042 -13043
f -13043 -13042 -13044
f -13043 -13044 -13045
f -13045 -13044 -13046
f -13045 -13046 -13031
f -13031 -13046 -13032
f -1277 -1278 -1279
f -1279 -1278 -1280
f -1263 -1264 -1265
f -1265 -1264 -1266
f -1265 -1266 -1267
f -1267 -1266 -1268
f -1137 -1138 -1139
f -1139 -1138 -1140
f -1262 -1250 -1249
f -1249 -1250 -1248
f -1249 -1248 -1247
f -13093 -13102 -13094
f -13094 -13102 -13103
f -13080 -13079 -13078
f -13078 -13079 -13077
f -13078 -13077 -13076
f -13076 -13077 -13075
f -13076 -13075 -13074
f -13057 -13058 -13059
f -13059 -13058 -13060
f -13059 -13060 -13061
f -13061 -13060 -13062
f -13061 -13062 -13063
f -13063 -13062 -13064
f -13063 -13064 -13065
f -13065 -13064 -13066
f -13082 -13068 -13069
f -13069 -13068 -13070
f -13069 -13070 -13071
f -13071 -13070 -13072
f -13056 -13055 -13054
f -13054 -13055 -13053
f -13054 -13053 -13052
f -13052 -13053 -13051
f -13052 -13051 -13050
f -13050 -13051 -13049
f -13050 -13049 -13048
f -13048 -13049 -13047
f -14685 -14686 -14687
f -14687 -14686 -14688
f -14687 -14688 -14689
f -14689 -14688 -14690
f -14689 -14690 -14691
f -14697 -14699 -14698
f -14698 -14699 -14700
f -14699 -14701 -14700
f -14700 -14701 -14702
f -5367 -5372 -5373
f -5373 -5372 -5471
f -5513 -5514 -5515
f -5515 -5514 -5519
f -5523 -5524 -5522
f -5522 -5524 -5511
f -5522 -5511 -5517
f -5517 -5511 -5505
f -5500 -5501 -5502
f -5502 -5501 -5503
f -5502 -5503 -5511
f -5284 -5285 -5286
f -5286 -5285 -5287
f -5286 -5287 -5288
f -5288 -5287 -5289
f -5288 -5289 -5296
f -5340 -5341 -5342
f -5342 -5341 -5343
f -4786 -4789 -4787
f -2017 -2019 -2018
f -12600 -12608 -12609
f -12693 -12701 -12702
f -12990 -12998 -12999
f -2108 -2106 -2096
f -2123 -2125 -2124
f -1454 -1472 -1455
f -1141 -1167 -1168
f -13083 -13091 -13092
f -2621 -2622 -2620
f -12684 -12686 -12685
f -2050 -2060 -2051
f -2045 -2046 -2107
f -2132 -2133 -2131
f -2116 -2104 -2042
f -1169 -1171 -1170
f -1199 -1201 -1200
f -13080 -13081 -13079
f -14701 -14703 -14702
f -5283 -5285 -5284
f -4847 -4849 -4848
f -2647 -2649 -2648
f -1450 -1616 -1617
f -1286 -1288 -1287
f -1269 -1271 -1270
f -1504 -1506 -1505
f -14665 -14666 -14664
f -4668 -4669 -4667
f -4667 -4669 -4666
f -4667 -4666 -4665
f -4665 -4666 -4664
f -4665 -4664 -4663
f -4663 -4664 -4662
f -4663 -4662 -4661
f -4239 -4439 -4240
f -4240 -4439 -4238
f -4219 -4220 -4420
f -4420 -4220 -4422
f -4420 -4422 -4421
f -4421 -4422 -4423
f -4397 -4398 -4396
f -4396 -4398 -4395
f -4396 -4395 -4394
f -4564 -4563 -4565
f -4565 -4563 -4562
f -4565 -4562 -4561
f -4572 -4571 -4573
f -4573 -4571 -4567
f -4573 -4567 -4566
f -4580 -4579 -4584
f -4584 -4579 -4585
f -4584 -4585 -4591
f -4591 -4585 -4589
f -4591 -4589 -4590
f -4590 -4589 -4588
f -4578 -4577 -4585
f -4585 -4577 -4587
f -4585 -4587 -4589
f -4589 -4587 -4588
f -4491 -4490 -4492
f -4492 -4490 -4488
f -4492 -4488 -4489
f -4489 -4488 -4487
f -4489 -4487 -4486
f -4485 -4484 -4483
f -4483 -4484 -4482
f -4483 -4482 -4481
f -4481 -4482 -4480
f -4481 -4480 -4479
f -4476 -4475 -4477
f -4477 -4475 -4474
f -4477 -4474 -4473
f -4464 -4463 -4465
f -4465 -4463 -4454
f -4465 -4454 -4453
f -4453 -4454 -4452
f -4453 -4452 -4451
f -4451 -4452 -4450
f -4451 -4450 -4449
f -4520 -4518 -4519
f -4519 -4518 -4517
f -4519 -4517 -4516
f -4646 -4645 -4644
f -4644 -4645 -4643
f -4644 -4643 -4642
f -4642 -4643 -4641
f -4642 -4641 -4640
f -4598 -4600 -4599
f -4599 -4600 -4601
f -4599 -4601 -4583
f -4601 -4600 -4602
f -4602 -4600 -4576
f -4602 -4576 -4575
f -4583 -4582 -4599
f -4599 -4582 -4597
f -4599 -4597 -4598
f -4598 -4597 -4596
f -4582 -4581 -4597
f -4597 -4581 -4595
f -4597 -4595 -4596
f -4596 -4595 -4594
f -4581 -4580 -4595
f -4595 -4580 -4584
f -4595 -4584 -4593
f -4593 -4584 -4591
f -4593 -4591 -4592
f -4592 -4591 -4590
f -4690 -4689 -4691
f -4691 -4689 -4688
f -4691 -4688 -4687
f -4696 -4695 -4706
f -4706 -4695 -4704
f -4706 -4704 -4705
f -4705 -4704 -4703
f -4703 -4704 -4702
f -4702 -4704 -4716
f -4702 -4716 -4694
f -4694 -4716 -4718
f -4694 -4718 -4693
f -4693 -4718 -4692
f -4701 -4700 -4708
f -4708 -4700 -4699
f -4708 -4699 -4697
f -4709 -4708 -4707
f -4707 -4708 -4706
f -4707 -4706 -4705
f -4732 -4734 -4736
f -4736 -4734 -4735
f -4736 -4735 -4750
f -4750 -4735 -4730
f -4750 -4730 -4748
f -4752 -4743 -4750
f -4750 -4743 -4744
f -4750 -4744 -4745
f -4714 -4715 -4716
f -4716 -4715 -4717
f -4716 -4717 -4718
f -4718 -4717 -4719
f -4718 -4719 -4720
f -4720 -4719 -4721
f -4720 -4721 -4713
f -4795 -4796 -4794
f -4794 -4796 -4792
f -4794 -4792 -4793
f -4793 -4792 -4791
f -4793 -4791 -4790
f -3492 -3491 -3493
f -3493 -3491 -3195
f -3493 -3195 -3194
f -3380 -3379 -3499
f -3499 -3379 -3378
f -3499 -3378 -3497
f -3396 -3395 -3501
f -3501 -3395 -3394
f -3501 -3394 -3393
f -3399 -3398 -3501
f -3501 -3398 -3397
f -3501 -3397 -3396
f -3402 -3401 -3501
f -3501 -3401 -3400
f -3501 -3400 -3399
f -3405 -3404 -3501
f -3501 -3404 -3403
f -3501 -3403 -3402
f -3502 -3407 -3501
f -3501 -3407 -3406
f -3501 -3406 -3405
f -3393 -3392 -3501
f -3501 -3392 -3496
f -3501 -3496 -3495
f -3383 -3382 -3499
f -3499 -3382 -3381
f -3499 -3381 -3380
f -3386 -3385 -3499
f -3499 -3385 -3384
f -3499 -3384 -3383
f -3389 -3388 -3499
f -3499 -3388 -3387
f -3499 -3387 -3386
f -3490 -3391 -3499
f -3499 -3391 -3390
f -3499 -3390 -3389
f -1777 -1776 -1783
f -1783 -1776 -1917
f -1783 -1917 -1849
f -1849 -1917 -1915
f -1849 -1915 -1850
f -1850 -1915 -1848
f -1850 -1848 -1847
f -1845 -1852 -1846
f -1846 -1852 -1847
f -1846 -1847 -1842
f -1850 -1852 -1851
f -1851 -1852 -1853
f -1851 -1853 -1783
f -1783 -1853 -1775
f -1783 -1775 -1782
f -1845 -1846 -1844
f -1844 -1846 -1772
f -1801 -1802 -1840
f -1840 -1802 -1846
f -1840 -1846 -1841
f -1841 -1846 -1842
f -1841 -1839 -1840
f -1840 -1839 -1838
f -1840 -1838 -1771
f -1803 -1774 -1846
f -1846 -1774 -1773
f -1846 -1773 -1772
f -1801 -1840 -1800
f -1800 -1840 -1769
f -1771 -1770 -1840
f -1840 -1770 -1769
f -1780 -1779 -1783
f -1783 -1779 -1778
f -1783 -1778 -1777
f -1782 -1781 -1783
f -1783 -1781 -1780
f -2156 -2161 -2159
f -2159 -2161 -2160
f -2159 -2160 -2163
f -2163 -2160 -2158
f -2163 -2158 -2157
f -2140 -2142 -2144
f -2144 -2142 -2143
f -2144 -2143 -2145
f -2144 -2145 -2146
f -2146 -2145 -2147
f -2146 -2147 -2141
f -2159 -2155 -2156
f -2156 -2155 -2154
f -2156 -2154 -2170
f -1615 -1616 -1614
f -1614 -1616 -1502
f -1614 -1502 -1503
f -1503 -1504 -1614
f -1614 -1504 -1505
f -1614 -1505 -1612
f -1612 -1505 -1458
f -1612 -1458 -1472
f -1471 -1470 -1612
f -1612 -1470 -1469
f -1612 -1469 -1483
f -1467 -1485 -1588
f -1588 -1485 -1590
f -1588 -1590 -1589
f -1589 -1590 -1591
f -1531 -1592 -1530
f -1530 -1592 -1590
f -1530 -1590 -1486
f -1486 -1590 -1485
f -1486 -1485 -1484
f -1484 -1485 -1483
f -14685 -14684 -14686
f -14686 -14684 -14682
f -14681 -14680 -14679
f -14679 -14680 -14678
f -14679 -14678 -14677
f -14677 -14678 -14676
f -14677 -14676 -14675
f -14675 -14676 -14674
f -14675 -14674 -14673
f -14690 -14692 -14691
f -14691 -14692 -14683
f -14713 -14712 -14711
f -14711 -14712 -14710
f -14711 -14710 -14709
f -14709 -14710 -14708
f -14709 -14708 -14707
f -14707 -14708 -14706
f -14707 -14706 -14705
f -5533 -5532 -5539
f -5539 -5532 -5531
f -5539 -5531 -5541
f -5541 -5531 -5526
f -5541 -5526 -5543
f -5527 -5535 -5537
f -5537 -5535 -5534
f -5537 -5534 -5533
f -5530 -5529 -5537
f -5537 -5529 -5528
f -5537 -5528 -5527
f -4901 -4900 -4904
f -4904 -4900 -5203
f -4904 -5203 -5201
f -5201 -5203 -5202
f -5201 -5202 -5200
f -5044 -5178 -5181
f -5181 -5178 -5177
f -5181 -5177 -5176
f -5182 -5180 -5181
f -5181 -5180 -5179
f -5181 -5179 -5050
f -5042 -5041 -5193
f -5193 -5041 -5040
f -5193 -5040 -5191
f -5053 -5052 -5199
f -5199 -5052 -5051
f -5199 -5051 -5184
f -5175 -5174 -5193
f -5193 -5174 -5043
f -5193 -5043 -5042
f -5056 -5055 -5199
f -5199 -5055 -5054
f -5199 -5054 -5053
f -5059 -5058 -5199
f -5199 -5058 -5057
f -5199 -5057 -5056
f -5062 -5061 -5199
f -5199 -5061 -5060
f -5199 -5060 -5059
f -5197 -5064 -5199
f -5199 -5064 -5063
f -5199 -5063 -5062
f -5047 -5046 -5181
f -5181 -5046 -5045
f -5181 -5045 -5044
f -5050 -5049 -5181
f -5181 -5049 -5048
f -5181 -5048 -5047
f -4903 -4902 -4904
f -4904 -4902 -4901
f -4862 -4861 -4873
f -4873 -4861 -4871
f -4873 -4871 -4872
f -4872 -4871 -4870
f -4862 -4873 -4874
f -4874 -4873 -4872
f -4874 -4872 -4841
f -4853 -4852 -4854
f -4854 -4852 -4865
f -4854 -4865 -4867
f -4867 -4865 -4866
f -4867 -4866 -4868
f -4861 -4860 -4871
f -4871 -4860 -4869
f -4871 -4869 -4870
f -4870 -4869 -4868
f -4868 -4869 -4867
f -4867 -4869 -4858
f -4867 -4858 -4854
f -4854 -4858 -4855
f -4854 -4855 -4853
f -4858 -4869 -4859
f -4859 -4869 -4860
f -4859 -4860 -4857
f -4859 -4857 -4858
f -4858 -4857 -4856
f -4858 -4856 -4855
f -4228 -4229 -4230
f -4230 -4229 -4233
f -4419 -4196 -4197
f -4197 -4196 -4201
f -4201 -4202 -4203
f -4203 -4202 -4207
f -4438 -4437 -4436
f -4436 -4437 -4435
f -4436 -4435 -4434
f -4434 -4435 -4433
f -4445 -4446 -4447
f -4447 -4446 -4448
f -4439 -4440 -4441
f -4441 -4440 -4442
f -4441 -4442 -4443
f -4443 -4442 -4444
f -4463 -4462 -4461
f -4461 -4462 -4460
f -4461 -4460 -4459
f -4459 -4460 -4458
f -4459 -4458 -4457
f -4457 -4458 -4456
f -4457 -4456 -4455
f -4455 -4456 -4472
f -4455 -4472 -4470
f -4470 -4472 -4471
f -4470 -4471 -4469
f -4413 -4412 -4411
f -4411 -4412 -4410
f -4411 -4410 -4409
f -4409 -4410 -4408
f -4409 -4408 -4407
f -4407 -4408 -4406
f -4407 -4406 -4405
f -4405 -4406 -4404
f -4405 -4404 -4403
f -4403 -4404 -4402
f -4403 -4402 -4401
f -4401 -4402 -4400
f -4401 -4400 -4399
f -4399 -4400 -4398
f -4399 -4398 -4397
f -4413 -4415 -4414
f -4414 -4415 -4416
f -4426 -4425 -4424
f -4424 -4425 -4423
f -4424 -4423 -4422
f -4427 -4428 -4429
f -4429 -4428 -4430
f -4429 -4430 -4431
f -4431 -4430 -4432
f -4192 -4419 -4417
f -4417 -4419 -4418
f -4417 -4418 -4416
f -4539 -4540 -4541
f -4541 -4540 -4542
f -4541 -4542 -4543
f -4543 -4542 -4544
f -4543 -4544 -4545
f -4545 -4544 -4546
f -4545 -4546 -4547
f -4547 -4546 -4548
f -4547 -4548 -4549
f -4549 -4548 -4550
f -4549 -4550 -4551
f -4551 -4550 -4552
f -4551 -4552 -4553
f -4553 -4552 -4554
f -4553 -4554 -4555
f -4555 -4554 -4556
f -4555 -4556 -4557
f -4557 -4556 -4558
f -4557 -4558 -4559
f -4559 -4558 -4560
f -4535 -4536 -4537
f -4537 -4536 -4538
f -4533 -4531 -4532
f -4532 -4531 -4530
f -4532 -4530 -4529
f -4529 -4530 -4528
f -4529 -4528 -4527
f -4527 -4528 -4526
f -4527 -4526 -4525
f -4525 -4526 -4524
f -4525 -4524 -4523
f -4523 -4524 -4522
f -4523 -4522 -4521
f -4521 -4522 -4520
f -4521 -4520 -4519
f -4564 -4565 -4566
f -4566 -4565 -4573
f -4568 -4569 -4570
f -4570 -4569 -4571
f -4570 -4571 -4572
f -4491 -4492 -4493
f -4493 -4492 -4494
f -4493 -4494 -4495
f -4495 -4494 -4496
f -4495 -4496 -4497
f -4497 -4496 -4498
f -4497 -4498 -4499
f -4499 -4498 -4500
f -4499 -4500 -4501
f -4501 -4500 -4502
f -4501 -4502 -4503
f -4503 -4502 -4504
f -4503 -4504 -4505
f -4505 -4504 -4506
f -4505 -4506 -4507
f -4507 -4506 -4508
f -4507 -4508 -4509
f -4509 -4508 -4510
f -4509 -4510 -4511
f -4511 -4510 -4512
f -4466 -4468 -4467
f -4467 -4468 -4469
f -4486 -4515 -4489
f -4489 -4515 -4516
f -4635 -4636 -4637
f -4637 -4636 -4638
f -4603 -4604 -4605
f -4605 -4604 -4606
f -4592 -4594 -4593
f -4593 -4594 -4595
f -4696 -4706 -4697
f -4697 -4706 -4708
f -4716 -4704 -4714
f -4714 -4704 -4695
f -4710 -4711 -4712
f -4712 -4711 -4720
f -4712 -4720 -4713
f -4748 -4749 -4750
f -4750 -4749 -4751
f -4750 -4751 -4752
f -4752 -4751 -4753
f -4752 -4753 -4731
f -4726 -4727 -4728
f -4728 -4727 -4729
f -4722 -4723 -4724
f -4724 -4723 -4725
f -4711 -4692 -4720
f -4720 -4692 -4718
f -4799 -4798 -4797
f -4797 -4798 -4796
f -4797 -4796 -4795
f -4782 -4783 -4784
f -4784 -4783 -4785
f -3078 -3086 -3079
f -3079 -3086 -3087
f -3492 -3493 -3494
f -3494 -3493 -3501
f -3494 -3501 -3495
f -3497 -3498 -3499
f -3499 -3498 -3500
f -3499 -3500 -3501
f -3501 -3500 -3502
f -2381 -2382 -2383
f -2383 -2382 -2384
f -2383 -2384 -2385
f -2385 -2384 -2386
f -2533 -2535 -2534
f -2534 -2535 -2536
f -2542 -2547 -2543
f -2543 -2547 -2548
f -1955 -1956 -1957
f -1957 -1956 -1958
f -1853 -1852 -1854
f -1854 -1852 -1845
f -1850 -1851 -1849
f -1849 -1851 -1783
f -2152 -2153 -2170
f -2170 -2153 -2156
f -2209 -2210 -2211
f -2211 -2210 -2212
f -2211 -2212 -2213
f -2202 -2203 -2204
f -2204 -2203 -2205
f -2135 -2136 -2137
f -2137 -2136 -2138
f -2148 -2149 -2150
f -2150 -2149 -2151
f -1528 -1529 -1530
f -1530 -1529 -1531
f -1590 -1592 -1591
f -1591 -1592 -1593
f -1612 -1472 -1471
f -1471 -1472 -1473
f -14695 -14697 -14696
f -14696 -14697 -14698
f -14693 -14702 -14694
f -14694 -14702 -14703
f -14665 -14667 -14666
f -14666 -14667 -14668
f -14667 -14669 -14668
f -14668 -14669 -14670
f -14714 -14715 -14716
f -14716 -14715 -14717
f -14716 -14717 -14718
f -14718 -14717 -14719
f -14718 -14719 -14720
f -14720 -14719 -14721
f -5470 -5472 -5471
f -5471 -5472 -5473
f -5201 -5200 -5199
f -5199 -5200 -5198
f -5199 -5198 -5197
f -5191 -5192 -5193
f -5193 -5192 -5194
f -5175 -5193 -5176
f -5176 -5193 -5181
f -5181 -5199 -5182
f -5182 -5199 -5183
f -4852 -4863 -4865
f -4865 -4863 -4864
f -4865 -4864 -4866
f -4264 -4265 -4227
f -4478 -4484 -4485
f -4639 -4645 -4646
f -4574 -4602 -4575
f -4708 -4709 -4701
f -4732 -4736 -4733
f -3489 -3490 -3499
f -1852 -1850 -1847
f -1802 -1803 -1846
f -2139 -2142 -2140
f -1612 -1483 -1485
f -14672 -14680 -14681
f -14704 -14712 -14713
f -5199 -5184 -5183
f -4463 -4464 -4462
f -4415 -4417 -4416
f -4393 -4396 -4394
f -4585 -4579 -4578
f -4586 -4588 -4587
f -4468 -4470 -4469
f -4515 -4519 -4516
f -4699 -4700 -4698
f -2535 -2537 -2536
f -2208 -2210 -2209
f -1615 -1617 -1616
f -14669 -14671 -14670
f -5539 -5537 -5533
f -4235 -4237 -4236
f -4231 -4236 -4232
f -4223 -4227 -4431
f -4224 -4226 -4225
f -4221 -4224 -4222
f -4214 -4220 -4215
f -4216 -4218 -4217
f -4212 -4217 -4213
f -4210 -4214 -4211
f -4208 -4213 -4209
f -4206 -4210 -4207
f -4253 -4259 -4254
f -4209 -4205 -4204
f -4255 -4257 -4256
f -4258 -4260 -4259
f -4244 -4247 -4245
f -4241 -4243 -4242
f -4249 -4254 -4250
f -4251 -4255 -4252
f -4247 -4251 -4248
f -4246 -4250 -4443
f -4189 -4191 -4190
f -4193 -4195 -4194
f -4198 -4200 -4199
f -4233 -4434 -4234
f -4754 -4756 -4755
f -4264 -4263 -4265
f -4265 -4263 -4262
f -4265 -4262 -4261
f -10509 -10633 -10635
f -10635 -10633 -10634
f -10635 -10634 -10636
f -10636 -10634 -10649
f -10636 -10649 -10600
f -10634 -10537 -10649
f -10649 -10537 -10536
f -10649 -10536 -10535
f -10600 -10622 -10620
f -10620 -10622 -10621
f -10620 -10621 -10619
f -10815 -10810 -10812
f -10812 -10810 -10809
f -10812 -10809 -10822
f -10821 -10828 -10820
f -10820 -10828 -10826
f -10820 -10826 -10819
f -10812 -10811 -10815
f -10815 -10811 -10814
f -10815 -10814 -10818
f -10818 -10814 -10813
f -10818 -10813 -10828
f -10907 -10906 -10926
f -10926 -10906 -10905
f -10926 -10905 -10922
f -10923 -10924 -10975
f -10975 -10924 -10925
f -10975 -10925 -10926
f -10926 -10925 -10927
f -10926 -10927 -10907
f -11040 -11041 -11043
f -11043 -11041 -10953
f -11043 -10953 -10950
f -10950 -10953 -10951
f -10950 -10951 -11068
f -11068 -10951 -10949
f -11068 -10949 -10948
f -10926 -10966 -10964
f -10964 -10966 -10965
f -10964 -10965 -10963
f -10963 -10965 -11038
f -10963 -11038 -11036
f -11036 -11038 -11037
f -9951 -9952 -9970
f -9970 -9952 -9969
f -9970 -9969 -9984
f -9984 -9969 -9982
f -9984 -9982 -9983
f -9983 -9982 -9981
f -9985 -9986 -9984
f -9984 -9986 -9971
f -9984 -9971 -9970
f -9970 -9971 -9972
f -9986 -9988 -9971
f -9971 -9988 -9973
f -9971 -9973 -9972
f -9972 -9973 -9974
f -10245 -10255 -10257
f -10257 -10255 -10256
f -10257 -10256 -10258
f -10258 -10256 -10227
f -10301 -10332 -10347
f -10347 -10332 -10333
f -10347 -10333 -10334
f -10346 -10348 -10347
f -10347 -10348 -10349
f -10347 -10349 -10304
f -10304 -10303 -10347
f -10347 -10303 -10302
f -10347 -10302 -10301
f -10349 -10348 -10350
f -10350 -10348 -10297
f -10350 -10297 -10296
f -9932 -9931 -9942
f -9942 -9931 -9930
f -9942 -9930 -9948
f -9935 -9934 -9942
f -9942 -9934 -9933
f -9942 -9933 -9932
f -9939 -9938 -9944
f -9944 -9938 -9937
f -9944 -9937 -9936
f -9942 -9941 -9944
f -9944 -9941 -9940
f -9944 -9940 -9939
f -9584 -9585 -9586
f -9586 -9585 -9587
f -9586 -9587 -9591
f -9591 -9587 -9588
f -9591 -9588 -9510
f -9503 -9502 -9586
f -9586 -9502 -9501
f -9586 -9501 -9584
f -9510 -9509 -9591
f -9591 -9509 -9508
f -9591 -9508 -9589
f -9446 -9447 -9450
f -9450 -9447 -9408
f -9450 -9408 -9407
f -9403 -9448 -9450
f -9450 -9448 -9449
f -9450 -9449 -9451
f -9407 -9406 -9450
f -9450 -9406 -9405
f -9450 -9405 -9404
f -9094 -9100 -9093
f -9093 -9100 -9098
f -9093 -9098 -9081
f -9081 -9098 -9096
f -9081 -9096 -9080
f -9088 -9090 -9089
f -9089 -9090 -9091
f -9089 -9091 -9079
f -9079 -9091 -9081
f -9079 -9081 -9080
f -9090 -9092 -9091
f -9091 -9092 -9093
f -9091 -9093 -9081
f -9088 -9089 -9087
f -9087 -9089 -9079
f -9087 -9079 -9077
f -9077 -9079 -9078
f -11375 -11376 -11377
f -11377 -11376 -11378
f -11377 -11378 -11379
f -11379 -11378 -11380
f -11379 -11380 -11374
f -11374 -11380 -11373
f -11374 -11373 -11372
f -11371 -11370 -11369
f -11369 -11370 -11368
f -11369 -11368 -11367
f -11134 -11136 -11135
f -11135 -11136 -11137
f -11135 -11137 -11118
f -11128 -11127 -11133
f -11133 -11127 -11126
f -11133 -11126 -11125
f -11132 -11133 -11131
f -11131 -11133 -11124
f -11131 -11124 -11123
f -11123 -11124 -11112
f -11123 -11112 -11114
f -11114 -11112 -11113
f -11114 -11113 -11115
f -11132 -11134 -11133
f -11133 -11134 -11135
f -11133 -11135 -11128
f -11159 -11158 -11157
f -11157 -11158 -11156
f -11157 -11156 -11155
f -11155 -11156 -11154
f -11155 -11154 -11153
f -11145 -11152 -11153
f -11153 -11152 -11151
f -11153 -11151 -11150
f -11155 -11153 -11149
f -11149 -11153 -11150
f -11149 -11150 -11148
f -11074 -10923 -11076
f -11076 -10923 -10975
f -11076 -10975 -10974
f -10974 -10975 -10973
f -10974 -10973 -11051
f -11051 -10973 -10972
f -11051 -10972 -11050
f -11050 -10972 -10971
f -11050 -10971 -11045
f -11038 -11040 -11039
f -11039 -11040 -11043
f -11039 -11043 -11044
f -11044 -11043 -11050
f -11044 -11050 -11045
f -11914 -11912 -11911
f -11911 -11912 -11910
f -11911 -11910 -11909
f -11902 -11901 -11900
f -11900 -11901 -11899
f -11900 -11899 -11898
f -11898 -11899 -11897
f -11898 -11897 -11896
f -11922 -11921 -11920
f -11920 -11921 -11919
f -11920 -11919 -11918
f -11999 -12001 -12000
f -12000 -12001 -11998
f -7300 -7301 -7299
f -7299 -7301 -7298
f -7299 -7298 -7297
f -7297 -7298 -7296
f -7297 -7296 -7295
f -7295 -7296 -7294
f -7295 -7294 -7293
f -7290 -7291 -7293
f -7293 -7291 -7292
f -7293 -7292 -7295
f -6923 -6925 -6924
f -6924 -6925 -6896
f -6924 -6896 -6913
f -6913 -6896 -6894
f -6913 -6894 -6911
f -6913 -6914 -6924
f -6924 -6914 -6915
f -6924 -6915 -6922
f -6922 -6915 -6916
f -6922 -6916 -6920
f -6920 -6916 -6918
f -6920 -6918 -6919
f -6919 -6918 -6917
f -7735 -7736 -7734
f -7734 -7736 -7733
f -7734 -7733 -7732
f -7732 -7733 -7731
f -7732 -7731 -7730
f -7730 -7731 -7729
f -7730 -7729 -7728
f -7728 -7729 -7727
f -7728 -7727 -7726
f -7726 -7727 -7725
f -7726 -7725 -7724
f -7724 -7725 -7723
f -7724 -7723 -7722
f -8258 -8259 -8263
f -8263 -8259 -8265
f -8263 -8265 -8264
f -8264 -8265 -8244
f -8264 -8244 -8243
f -8263 -8257 -8258
f -8258 -8257 -8256
f -8258 -8256 -8242
f -8537 -8518 -8535
f -8535 -8518 -8520
f -8535 -8520 -8534
f -8534 -8520 -8521
f -8534 -8521 -8541
f -8535 -8534 -8555
f -8555 -8534 -8554
f -8555 -8554 -8553
f -8553 -8554 -8552
f -8553 -8552 -8551
f -8551 -8552 -8550
f -8551 -8550 -8549
f -8549 -8550 -8548
f -8560 -8566 -8567
f -8567 -8566 -8570
f -8567 -8570 -8572
f -8572 -8570 -8571
f -8572 -8571 -8573
f -8943 -8942 -8941
f -8941 -8942 -8940
f -8941 -8940 -8939
f -8939 -8940 -8938
f -8939 -8938 -8937
f -15523 -15522 -15521
f -15521 -15522 -15520
f -15521 -15520 -15519
f -15519 -15520 -15518
f -15519 -15518 -15517
f -15517 -15518 -15516
f -15517 -15516 -15515
f -15473 -15475 -15474
f -15474 -15475 -15458
f -15474 -15458 -15460
f -15460 -15458 -15459
f -15460 -15459 -15462
f -15533 -15532 -15531
f -15531 -15532 -15530
f -15531 -15530 -15529
f -15529 -15530 -15528
f -15529 -15528 -15527
f -15527 -15528 -15526
f -15527 -15526 -15525
f -15563 -15562 -15561
f -15561 -15562 -15560
f -15561 -15560 -15559
f -15559 -15560 -15558
f -15559 -15558 -15557
f -15557 -15558 -15556
f -15557 -15556 -15555
f -15573 -15572 -15571
f -15571 -15572 -15570
f -15571 -15570 -15569
f -15569 -15570 -15568
f -15569 -15568 -15567
f -15567 -15568 -15566
f -15567 -15566 -15565
f -15605 -15607 -15606
f -15606 -15607 -15590
f -15606 -15590 -15592
f -15592 -15590 -15591
f -15592 -15591 -15594
f -15401 -15400 -15399
f -15399 -15400 -15398
f -15399 -15398 -15397
f -15397 -15398 -15396
f -15397 -15396 -15395
f -15395 -15396 -15394
f -15395 -15394 -15393
f -15391 -15390 -15389
f -15389 -15390 -15388
f -15389 -15388 -15387
f -15387 -15388 -15386
f -15387 -15386 -15385
f -15385 -15386 -15384
f -15385 -15384 -15383
f -15441 -15440 -15439
f -15439 -15440 -15438
f -15439 -15438 -15437
f -15437 -15438 -15436
f -15437 -15436 -15435
f -15435 -15436 -15434
f -15435 -15434 -15433
f -15467 -15468 -15466
f -15466 -15468 -15465
f -15466 -15465 -15464
f -15464 -15465 -15463
f -15464 -15463 -15462
f -15462 -15463 -15461
f -15462 -15461 -15460
f -15431 -15430 -15429
f -15429 -15430 -15428
f -15429 -15428 -15427
f -15427 -15428 -15426
f -15427 -15426 -15425
f -15425 -15426 -15424
f -15425 -15424 -15423
f -15599 -15600 -15598
f -15598 -15600 -15597
f -15598 -15597 -15596
f -15596 -15597 -15595
f -15596 -15595 -15594
f -15594 -15595 -15593
f -15594 -15593 -15592
f -6359 -6395 -6398
f -6398 -6395 -6394
f -6398 -6394 -6393
f -6399 -6397 -6398
f -6398 -6397 -6396
f -6398 -6396 -6364
f -6363 -6362 -6398
f -6398 -6362 -6361
f -6398 -6361 -6360
f -5951 -5950 -5952
f -5952 -5950 -5850
f -5952 -5850 -5849
f -5965 -5963 -5964
f -5964 -5963 -5962
f -5964 -5962 -5954
f -5954 -5962 -5955
f -5954 -5955 -5953
f -17081 -17080 -17079
f -17079 -17080 -17078
f -17079 -17078 -17077
f -17077 -17078 -17076
f -17077 -17076 -17075
f -17102 -17101 -17100
f -17100 -17101 -17099
f -17100 -17099 -17098
f -17098 -17099 -17097
f -17098 -17097 -17096
f -17096 -17097 -17095
f -17096 -17095 -17094
f -17092 -17091 -17090
f -17090 -17091 -17089
f -17090 -17089 -17088
f -17088 -17089 -17087
f -17088 -17087 -17086
f -17086 -17087 -17085
f -17086 -17085 -17084
f -17104 -17106 -17105
f -17105 -17106 -17115
f -17105 -17115 -17113
f -17113 -17115 -17114
f -17113 -17114 -17112
f -17125 -17124 -17123
f -17123 -17124 -17122
f -17123 -17122 -17121
f -17121 -17122 -17120
f -17121 -17120 -17119
f -17119 -17120 -17118
f -17119 -17118 -17117
f -17135 -17134 -17133
f -17133 -17134 -17132
f -17133 -17132 -17131
f -17131 -17132 -17130
f -17131 -17130 -17129
f -17129 -17130 -17128
f -17129 -17128 -17127
f -10673 -10675 -10535
f -10535 -10675 -10649
f -10812 -10822 -10823
f -10823 -10822 -10824
f -10823 -10824 -10825
f -10825 -10824 -10826
f -10825 -10826 -10827
f -10827 -10826 -10828
f -10815 -10818 -10816
f -10816 -10818 -10817
f -9981 -9982 -9980
f -9980 -9982 -9969
f -9980 -9969 -9952
f -10347 -10334 -10335
f -10335 -10334 -10336
f -9935 -9942 -9943
f -9943 -9942 -9944
f -9946 -9947 -9948
f -9948 -9947 -9949
f -9948 -9949 -9942
f -12519 -12518 -12517
f -12517 -12518 -12516
f -12517 -12516 -12515
f -12515 -12516 -12514
f -12515 -12514 -12513
f -12513 -12514 -12512
f -12329 -12328 -12327
f -12327 -12328 -12326
f -12327 -12326 -12325
f -12325 -12326 -12324
f -12325 -12324 -12323
f -12323 -12324 -12322
f -12323 -12322 -12321
f -12321 -12322 -12320
f -12330 -12331 -12332
f -12332 -12331 -12333
f -12332 -12333 -12334
f -12334 -12333 -12335
f -12334 -12335 -12336
f -12336 -12335 -12337
f -12336 -12337 -12338
f -12338 -12337 -12339
f -12293 -12292 -12291
f -12291 -12292 -12290
f -12291 -12290 -12289
f -12289 -12290 -12288
f -12289 -12288 -12287
f -12287 -12288 -12286
f -11392 -11391 -11393
f -11393 -11391 -11385
f -11381 -11382 -11383
f -11383 -11382 -11384
f -11133 -11125 -11124
f -11124 -11125 -11111
f -11124 -11111 -11112
f -11112 -11111 -11113
f -11163 -11164 -11165
f -11165 -11164 -11166
f -11074 -11076 -11075
f -11075 -11076 -11077
f -11915 -11917 -11916
f -11916 -11917 -11912
f -11916 -11912 -11913
f -11913 -11912 -11914
f -11903 -11904 -11905
f -11905 -11904 -11906
f -11911 -11909 -11908
f -11908 -11909 -11907
f -11908 -11907 -11920
f -11902 -11895 -11901
f -11901 -11895 -11894
f -11901 -11894 -11893
f -11893 -11894 -11892
f -11893 -11892 -11891
f -11891 -11892 -11890
f -11891 -11890 -11889
f -11923 -11924 -11925
f -11925 -11924 -11926
f -11916 -11921 -11915
f -11915 -11921 -11922
f -11727 -11726 -11725
f -11725 -11726 -11724
f -11725 -11724 -11723
f -11723 -11724 -11722
f -11723 -11722 -11721
f -11721 -11722 -11720
f -11721 -11720 -11719
f -11719 -11720 -11718
f -11728 -11729 -11730
f -11730 -11729 -11731
f -11730 -11731 -11732
f -11732 -11731 -11733
f -11732 -11733 -11734
f -11734 -11733 -11735
f -11734 -11735 -11736
f -11736 -11735 -11737
f -7303 -7301 -7302
f -7302 -7301 -7300
f -6926 -6917 -6928
f -6928 -6917 -6918
f -6928 -6918 -6916
f -6919 -6921 -6920
f -6920 -6921 -6922
f -6921 -6923 -6922
f -6922 -6923 -6924
f -7743 -7742 -7741
f -7741 -7742 -7740
f -7741 -7740 -7739
f -7739 -7740 -7738
f -7739 -7738 -7737
f -7737 -7738 -7736
f -7737 -7736 -7735
f -8538 -8537 -8536
f -8536 -8537 -8535
f -8536 -8535 -8555
f -8548 -8550 -8539
f -8539 -8550 -8552
f -8539 -8552 -8540
f -8540 -8552 -8541
f -8552 -8554 -8541
f -8541 -8554 -8534
f -8572 -8573 -8574
f -8574 -8573 -8575
f -15486 -15497 -15495
f -15495 -15497 -15496
f -15495 -15496 -15494
f -15499 -15498 -15513
f -15513 -15498 -15512
f -15513 -15512 -15511
f -15511 -15512 -15510
f -15511 -15510 -15509
f -15509 -15510 -15508
f -15509 -15508 -15507
f -15507 -15508 -15506
f -15507 -15506 -15505
f -15505 -15506 -15504
f -15505 -15504 -15503
f -15503 -15504 -15502
f -15503 -15502 -15501
f -15501 -15502 -15500
f -15501 -15500 -15499
f -15499 -15500 -15498
f -15494 -15492 -15493
f -15493 -15492 -15491
f -15493 -15491 -15487
f -15487 -15491 -15488
f -15487 -15488 -15489
f -15489 -15488 -15490
f -15476 -15477 -15478
f -15478 -15477 -15479
f -15478 -15479 -15480
f -15480 -15479 -15481
f -15480 -15481 -15482
f -15482 -15481 -15483
f -15482 -15483 -15484
f -15484 -15483 -15485
f -15473 -15472 -15471
f -15471 -15472 -15470
f -15471 -15470 -15469
f -15469 -15470 -15468
f -15469 -15468 -15467
f -15544 -15545 -15546
f -15546 -15545 -15547
f -15546 -15547 -15548
f -15548 -15547 -15549
f -15548 -15549 -15550
f -15550 -15549 -15551
f -15550 -15551 -15552
f -15552 -15551 -15553
f -15534 -15535 -15536
f -15536 -15535 -15537
f -15536 -15537 -15538
f -15538 -15537 -15539
f -15538 -15539 -15540
f -15540 -15539 -15541
f -15540 -15541 -15542
f -15542 -15541 -15543
f -15575 -15574 -15589
f -15589 -15574 -15588
f -15589 -15588 -15587
f -15587 -15588 -15586
f -15587 -15586 -15585
f -15585 -15586 -15584
f -15585 -15584 -15583
f -15583 -15584 -15582
f -15583 -15582 -15581
f -15581 -15582 -15580
f -15581 -15580 -15579
f -15579 -15580 -15578
f -15579 -15578 -15577
f -15577 -15578 -15576
f -15577 -15576 -15575
f -15575 -15576 -15574
f -15402 -15403 -15404
f -15404 -15403 -15405
f -15404 -15405 -15406
f -15406 -15405 -15407
f -15406 -15407 -15408
f -15408 -15407 -15409
f -15408 -15409 -15410
f -15410 -15409 -15411
f -15378 -15379 -15380
f -15380 -15379 -15381
f -15380 -15381 -15366
f -15366 -15381 -15367
f -15366 -15367 -15368
f -15368 -15367 -15369
f -15368 -15369 -15370
f -15370 -15369 -15371
f -15370 -15371 -15372
f -15372 -15371 -15373
f -15372 -15373 -15374
f -15374 -15373 -15375
f -15374 -15375 -15376
f -15376 -15375 -15377
f -15376 -15377 -15378
f -15378 -15377 -15379
f -15444 -15445 -15446
f -15446 -15445 -15447
f -15446 -15447 -15448
f -15448 -15447 -15449
f -15448 -15449 -15450
f -15450 -15449 -15451
f -15450 -15451 -15452
f -15452 -15451 -15453
f -15452 -15453 -15454
f -15454 -15453 -15455
f -15454 -15455 -15456
f -15456 -15455 -15457
f -15456 -15457 -15442
f -15442 -15457 -15443
f -15442 -15443 -15444
f -15444 -15443 -15445
f -15412 -15413 -15414
f -15414 -15413 -15415
f -15414 -15415 -15416
f -15416 -15415 -15417
f -15416 -15417 -15418
f -15418 -15417 -15419
f -15418 -15419 -15420
f -15420 -15419 -15421
f -15622 -15621 -15620
f -15620 -15621 -15619
f -15620 -15619 -15623
f -15623 -15619 -15625
f -15623 -15625 -15624
f -15624 -15625 -15626
f -15625 -15627 -15626
f -15626 -15627 -15628
f -15628 -15627 -15629
f -15629 -15627 -15618
f -15608 -15609 -15610
f -15610 -15609 -15611
f -15610 -15611 -15612
f -15612 -15611 -15613
f -15612 -15613 -15614
f -15614 -15613 -15615
f -15614 -15615 -15616
f -15616 -15615 -15617
f -15600 -15601 -15602
f -15602 -15601 -15603
f -15602 -15603 -15604
f -15604 -15603 -15605
f -15604 -15605 -15606
f -6398 -6393 -6457
f -6457 -6393 -6456
f -6457 -6456 -6455
f -6455 -6456 -6454
f -5964 -5966 -5965
f -5965 -5966 -5967
f -5951 -5952 -5953
f -5953 -5952 -5954
f -17082 -17091 -17083
f -17083 -17091 -17092
f -17113 -17112 -17111
f -17111 -17112 -17110
f -17111 -17110 -17109
f -17109 -17110 -17108
f -17109 -17108 -17107
f -10560 -10561 -10582
f -10635 -10562 -10509
f -10926 -10922 -10921
f -9503 -9586 -9504
f -9403 -9450 -9404
f -9068 -9090 -9088
f -11147 -11158 -11159
f -11145 -11153 -11146
f -6894 -6896 -6895
f -8560 -8567 -8561
f -8936 -8942 -8943
f -15514 -15522 -15523
f -15524 -15532 -15533
f -15554 -15562 -15563
f -15564 -15572 -15573
f -15392 -15400 -15401
f -15382 -15390 -15391
f -15432 -15440 -15441
f -15422 -15430 -15431
f -6363 -6398 -6364
f -6359 -6398 -6360
f -17074 -17080 -17081
f -17093 -17101 -17102
f -17103 -17106 -17104
f -17116 -17124 -17125
f -17126 -17134 -17135
f -10828 -10821 -10818
f -9983 -9985 -9984
f -9451 -9452 -9450
f -9092 -9094 -9093
f -9079 -9080 -9078
f -11391 -11386 -11385
f -11136 -11138 -11137
f -11135 -11118 -11117
f -11115 -11110 -11114
f -11038 -11039 -11037
f -11920 -11918 -11908
f -15493 -15495 -15494
f -15473 -15474 -15472
f -15599 -15601 -15600
f -6398 -6404 -6399
f -10829 -10831 -10830
f -11142 -11144 -11143
f -11139 -11141 -11140
f -10561 -10584 -10582
f -10582 -10584 -10583
f -10582 -10583 -10581
f -10581 -10583 -10562
f -10581 -10562 -10571
f -10571 -10562 -10635
f -10508 -10560 -10559
f -10559 -10560 -10580
f -10559 -10580 -10578
f -10578 -10580 -10579
f -10578 -10579 -10577
f -10577 -10579 -10570
f -10577 -10570 -10569
f -10636 -10600 -10601
f -10601 -10600 -10620
f -10601 -10620 -10618
f -10618 -10620 -10619
f -10618 -10619 -10617
f -10695 -10694 -10696
f -10696 -10694 -10706
f -10696 -10706 -10704
f -10704 -10706 -10705
f -10704 -10705 -10703
f -10693 -10698 -10700
f -10700 -10698 -10699
f -10700 -10699 -10701
f -10701 -10699 -10694
f -10701 -10694 -10695
f -10688 -10687 -10690
f -10690 -10687 -10686
f -10690 -10686 -10685
f -10700 -10692 -10693
f -10693 -10692 -10691
f -10693 -10691 -10703
f -10703 -10691 -10702
f -10703 -10702 -10704
f -10710 -10709 -10712
f -10712 -10709 -10708
f -10712 -10708 -10707
f -10617 -10616 -10618
f -10618 -10616 -10608
f -10618 -10608 -10601
f -10601 -10608 -10609
f -10601 -10609 -10636
f -10636 -10609 -10638
f -10636 -10638 -10637
f -10636 -10637 -10635
f -10635 -10637 -10551
f -10635 -10551 -10552
f -10659 -10518 -10637
f -10637 -10518 -10549
f -10637 -10549 -10550
f -10949 -10951 -10952
f -10952 -10951 -10955
f -10952 -10955 -10957
f -10957 -10955 -10956
f -10957 -10956 -10958
f -10958 -10956 -10942
f -10958 -10942 -10943
f -10943 -10942 -11024
f -10943 -11024 -11026
f -11026 -11024 -11025
f -11026 -11025 -11027
f -11027 -11025 -11009
f -11027 -11009 -11011
f -11011 -11009 -11010
f -11011 -11010 -11012
f -11012 -11010 -10982
f -11012 -10982 -10933
f -10933 -10982 -10890
f -10956 -10954 -10942
f -10942 -10954 -11022
f -10942 -11022 -11024
f -11024 -11022 -11023
f -11024 -11023 -11025
f -11025 -11023 -11004
f -11025 -11004 -11009
f -11009 -11004 -10887
f -11009 -10887 -11007
f -10955 -10953 -10954
f -10954 -10953 -11041
f -10954 -11041 -11022
f -11022 -11041 -11021
f -11022 -11021 -11023
f -11023 -11021 -11002
f -11023 -11002 -11003
f -10886 -10970 -10920
f -10920 -10970 -10968
f -10920 -10968 -10966
f -10966 -10968 -10967
f -10966 -10967 -10965
f -10965 -10967 -10937
f -10965 -10937 -11038
f -11038 -10937 -11021
f -11038 -11021 -11040
f -11040 -11021 -11041
f -11021 -10937 -10938
f -10938 -10937 -10967
f -10938 -10967 -10969
f -10969 -10967 -10968
f -10969 -10968 -10970
f -9991 -9992 -9990
f -9990 -9992 -9955
f -9990 -9955 -9953
f -9953 -9955 -9989
f -9953 -9989 -9987
f -9987 -9989 -9988
f -9987 -9988 -9986
f -9991 -9993 -9992
f -9992 -9993 -9994
f -9992 -9994 -9966
f -9966 -9994 -9950
f -9966 -9950 -9968
f -9973 -9988 -9975
f -9975 -9988 -9989
f -9975 -9989 -9954
f -9954 -9989 -9955
f -9954 -9955 -9957
f -9957 -9955 -9992
f -9957 -9992 -9964
f -9964 -9992 -9966
f -9964 -9966 -9965
f -9965 -9966 -9967
f -9963 -9961 -9962
f -9962 -9961 -9960
f -9962 -9960 -9979
f -9979 -9960 -9958
f -9979 -9958 -9978
f -9965 -9963 -9964
f -9964 -9963 -9962
f -9964 -9962 -9957
f -9957 -9962 -9956
f -9957 -9956 -9954
f -9954 -9956 -9977
f -9954 -9977 -9975
f -9975 -9977 -9976
f -9975 -9976 -9974
f -10316 -10312 -10318
f -10318 -10312 -10311
f -10318 -10311 -10310
f -9604 -9605 -9606
f -9606 -9605 -9607
f -9606 -9607 -9611
f -9611 -9607 -9608
f -9611 -9608 -9531
f -9610 -9611 -9609
f -9609 -9611 -9524
f -9594 -9595 -9596
f -9596 -9595 -9597
f -9596 -9597 -9601
f -9601 -9597 -9598
f -9601 -9598 -9519
f -9513 -9599 -9601
f -9601 -9599 -9600
f -9601 -9600 -9602
f -9601 -9602 -9606
f -9606 -9602 -9603
f -9606 -9603 -9523
f -9589 -9590 -9591
f -9591 -9590 -9592
f -9591 -9592 -9596
f -9596 -9592 -9593
f -9596 -9593 -9512
f -9512 -9511 -9596
f -9596 -9511 -9594
f -9523 -9522 -9606
f -9606 -9522 -9521
f -9606 -9521 -9520
f -9519 -9518 -9601
f -9601 -9518 -9517
f -9601 -9517 -9516
f -9516 -9515 -9601
f -9601 -9515 -9514
f -9601 -9514 -9513
f -9527 -9526 -9611
f -9611 -9526 -9525
f -9611 -9525 -9524
f -9530 -9529 -9611
f -9611 -9529 -9528
f -9611 -9528 -9527
f -9441 -9442 -9445
f -9445 -9442 -9402
f -9445 -9402 -9401
f -9390 -9443 -9445
f -9445 -9443 -9444
f -9445 -9444 -9446
f -9393 -9392 -9445
f -9445 -9392 -9391
f -9445 -9391 -9390
f -9396 -9395 -9445
f -9445 -9395 -9394
f -9445 -9394 -9393
f -9399 -9398 -9445
f -9445 -9398 -9397
f -9445 -9397 -9396
f -9401 -9400 -9445
f -9445 -9400 -9399
f -9083 -9072 -9085
f -9085 -9072 -9099
f -9085 -9099 -9101
f -9101 -9099 -9100
f -9101 -9100 -9102
f -9102 -9100 -9095
f -9102 -9095 -9104
f -9082 -9083 -9084
f -9084 -9083 -9085
f -9084 -9085 -9086
f -9086 -9085 -9101
f -9086 -9101 -9103
f -9103 -9101 -9102
f -9103 -9102 -9104
f -9082 -9084 -9075
f -9075 -9084 -9086
f -9075 -9086 -9076
f -9076 -9086 -9103
f -9076 -9103 -9105
f -9105 -9103 -9104
f -9105 -9104 -9106
f -9073 -9082 -9074
f -9074 -9082 -9075
f -9074 -9075 -9109
f -9109 -9075 -9111
f -9109 -9111 -9110
f -9110 -9111 -9112
f -9069 -9117 -9106
f -9106 -9117 -9115
f -9106 -9115 -9105
f -9105 -9115 -9113
f -9105 -9113 -9076
f -9076 -9113 -9111
f -9076 -9111 -9075
f -9107 -9071 -9109
f -9109 -9071 -9073
f -9109 -9073 -9074
f -11356 -11358 -11357
f -11357 -11358 -11359
f -11357 -11359 -11361
f -11361 -11359 -11360
f -11361 -11360 -11362
f -11361 -11362 -11363
f -11363 -11362 -11364
f -11363 -11364 -11365
f -11365 -11364 -11366
f -11365 -11366 -11354
f -11135 -11130 -11129
f -11129 -11130 -11120
f -11129 -11120 -11119
f -11119 -11120 -11121
f -11119 -11121 -11127
f -11135 -11129 -11128
f -11128 -11129 -11127
f -11094 -11092 -11091
f -11091 -11092 -11090
f -11091 -11090 -11089
f -11102 -11101 -11100
f -11100 -11101 -11099
f -11100 -11099 -11098
f -11106 -11105 -11109
f -11109 -11105 -11104
f -11109 -11104 -11103
f -11108 -11107 -11109
f -11109 -11107 -11106
f -11084 -11083 -11086
f -11086 -11083 -11082
f -11086 -11082 -11081
f -10938 -10893 -11021
f -11021 -10893 -10892
f -11021 -10892 -11002
f -11878 -11877 -11879
f -11879 -11877 -11875
f -11879 -11875 -11874
f -7283 -7284 -7285
f -7285 -7284 -7287
f -7285 -7287 -7286
f -7286 -7287 -7288
f -6935 -6933 -6934
f -6934 -6933 -6932
f -6934 -6932 -6899
f -6899 -6932 -6907
f -6899 -6907 -6908
f -6908 -6907 -6914
f -6908 -6914 -6912
f -6912 -6914 -6913
f -6912 -6913 -6911
f -6933 -6931 -6932
f -6932 -6931 -6930
f -6932 -6930 -6907
f -6907 -6930 -6915
f -6907 -6915 -6914
f -6931 -6929 -6930
f -6930 -6929 -6928
f -6930 -6928 -6916
f -6900 -6940 -6938
f -6938 -6940 -6939
f -6938 -6939 -6937
f -6906 -6905 -6909
f -6909 -6905 -6904
f -6909 -6904 -6898
f -6898 -6904 -6897
f -6898 -6897 -6934
f -6934 -6897 -6936
f -6934 -6936 -6935
f -6935 -6936 -6937
f -6937 -6936 -6938
f -6938 -6936 -6902
f -6938 -6902 -6901
f -6901 -6902 -6903
f -6911 -6910 -6912
f -6912 -6910 -6909
f -6912 -6909 -6908
f -6908 -6909 -6898
f -6908 -6898 -6899
f -6899 -6898 -6934
f -6936 -6897 -6902
f -6902 -6897 -6904
f -6902 -6904 -6903
f -6903 -6904 -6905
f -7712 -7713 -7711
f -7711 -7713 -7710
f -7711 -7710 -7709
f -7709 -7710 -7708
f -7709 -7708 -7707
f -7707 -7708 -7706
f -7707 -7706 -7705
f -7705 -7706 -7704
f -7705 -7704 -7703
f -7689 -7690 -7688
f -7688 -7690 -7687
f -7688 -7687 -7686
f -7686 -7687 -7685
f -7686 -7685 -7684
f -7684 -7685 -7683
f -7684 -7683 -7682
f -7682 -7683 -7681
f -7682 -7681 -7680
f -7667 -7668 -7666
f -7666 -7668 -7665
f -7666 -7665 -7664
f -7664 -7665 -7663
f -7664 -7663 -7662
f -7662 -7663 -7661
f -7662 -7661 -7660
f -7660 -7661 -7659
f -7660 -7659 -7658
f -7658 -7659 -7657
f -7658 -7657 -7656
f -7656 -7657 -7655
f -7656 -7655 -7654
f -7654 -7655 -7653
f -7654 -7653 -7652
f -8154 -8153 -8152
f -8152 -8153 -8151
f -8152 -8151 -8150
f -8150 -8151 -8149
f -8150 -8149 -8148
f -7285 -8124 -7283
f -7283 -8124 -8122
f -8519 -8515 -8517
f -8517 -8515 -8516
f -8517 -8516 -8543
f -8543 -8516 -8545
f -8543 -8545 -8544
f -8544 -8545 -8546
f -8544 -8546 -8523
f -8523 -8546 -8522
f -8523 -8522 -8531
f -8531 -8522 -8533
f -8531 -8533 -8532
f -8532 -8533 -8512
f -8532 -8512 -8511
f -8511 -8512 -8513
f -8544 -8523 -8529
f -8529 -8523 -8531
f -8529 -8531 -8530
f -8530 -8531 -8532
f -8530 -8532 -8511
f -8530 -8528 -8529
f -8529 -8528 -8527
f -8529 -8527 -8544
f -8544 -8527 -8542
f -8544 -8542 -8543
f -8543 -8542 -8541
f -8543 -8541 -8521
f -8541 -8542 -8540
f -8540 -8542 -8525
f -8540 -8525 -8539
f -8539 -8525 -8524
f -8539 -8524 -8548
f -8546 -8545 -8547
f -8547 -8545 -8516
f -8520 -8519 -8521
f -8521 -8519 -8517
f -8521 -8517 -8543
f -8528 -8526 -8527
f -8527 -8526 -8525
f -8527 -8525 -8542
f -8635 -8634 -8639
f -8639 -8634 -8633
f -8639 -8633 -8632
f -8638 -8637 -8639
f -8639 -8637 -8636
f -8639 -8636 -8635
f -15869 -15871 -15870
f -15870 -15871 -15854
f -15870 -15854 -15856
f -15856 -15854 -15855
f -15856 -15855 -15858
f -15863 -15864 -15862
f -15862 -15864 -15861
f -15862 -15861 -15860
f -15860 -15861 -15859
f -15860 -15859 -15858
f -15858 -15859 -15857
f -15858 -15857 -15856
f -15705 -15704 -15703
f -15703 -15704 -15702
f -15703 -15702 -15701
f -15701 -15702 -15700
f -15701 -15700 -15699
f -15699 -15700 -15698
f -15699 -15698 -15697
f -15737 -15739 -15738
f -15738 -15739 -15722
f -15738 -15722 -15724
f -15724 -15722 -15723
f -15724 -15723 -15726
f -15665 -15664 -15663
f -15663 -15664 -15662
f -15663 -15662 -15661
f -15661 -15662 -15660
f -15661 -15660 -15659
f -15659 -15660 -15658
f -15659 -15658 -15657
f -15695 -15694 -15693
f -15693 -15694 -15692
f -15693 -15692 -15691
f -15691 -15692 -15690
f -15691 -15690 -15689
f -15689 -15690 -15688
f -15689 -15688 -15687
f -15655 -15654 -15653
f -15653 -15654 -15652
f -15653 -15652 -15651
f -15651 -15652 -15650
f -15651 -15650 -15649
f -15649 -15650 -15648
f -15649 -15648 -15647
f -15797 -15796 -15795
f -15795 -15796 -15794
f -15795 -15794 -15793
f -15793 -15794 -15792
f -15793 -15792 -15791
f -15791 -15792 -15790
f -15791 -15790 -15789
f -15827 -15826 -15825
f -15825 -15826 -15824
f -15825 -15824 -15823
f -15823 -15824 -15822
f -15823 -15822 -15821
f -15821 -15822 -15820
f -15821 -15820 -15819
f -15837 -15836 -15835
f -15835 -15836 -15834
f -15835 -15834 -15833
f -15833 -15834 -15832
f -15833 -15832 -15831
f -15831 -15832 -15830
f -15831 -15830 -15829
f -15731 -15732 -15730
f -15730 -15732 -15729
f -15730 -15729 -15728
f -15728 -15729 -15727
f -15728 -15727 -15726
f -15726 -15727 -15725
f -15726 -15725 -15724
f -15787 -15786 -15785
f -15785 -15786 -15784
f -15785 -15784 -15783
f -15783 -15784 -15782
f -15783 -15782 -15781
f -15781 -15782 -15780
f -15781 -15780 -15779
f -6439 -6440 -6441
f -6441 -6440 -6442
f -6441 -6442 -6443
f -6443 -6442 -6444
f -6443 -6444 -6445
f -6445 -6444 -6446
f -6445 -6446 -6447
f -6447 -6446 -6448
f -6447 -6448 -6450
f -6450 -6448 -6449
f -6450 -6449 -6451
f -5975 -5905 -5977
f -5977 -5905 -5904
f -5977 -5904 -5903
f -5984 -5982 -5983
f -5983 -5982 -5981
f -5983 -5981 -5979
f -5979 -5981 -5980
f -5979 -5980 -5978
f -5972 -5974 -5973
f -5973 -5974 -5897
f -5973 -5897 -5966
f -5966 -5897 -5968
f -5966 -5968 -5967
f -5993 -5992 -5994
f -5994 -5992 -5988
f -5994 -5988 -5987
f -10616 -10607 -10608
f -10608 -10607 -10609
f -10966 -10926 -10920
f -10920 -10926 -10921
f -10985 -10984 -10983
f -10983 -10984 -10982
f -10983 -10982 -10981
f -10981 -10982 -11010
f -10981 -11010 -11008
f -11008 -11010 -11009
f -11008 -11009 -11007
f -9993 -9995 -9994
f -9994 -9995 -9996
f -9994 -9996 -9950
f -9956 -9979 -9977
f -9977 -9979 -9978
f -9977 -9978 -9976
f -10226 -10243 -10257
f -10257 -10243 -10244
f -10257 -10244 -10245
f -10318 -10310 -10309
f -10309 -10310 -10341
f -10309 -10341 -10343
f -10343 -10341 -10342
f -10343 -10342 -10344
f -10343 -10344 -10345
f -10345 -10344 -10346
f -10345 -10346 -10347
f -9958 -9960 -9959
f -9959 -9960 -9961
f -9096 -9098 -9097
f -9097 -9098 -9099
f -9097 -9099 -9072
f -9107 -9109 -9108
f -9108 -9109 -9110
f -9117 -9116 -9115
f -9115 -9116 -9114
f -9115 -9114 -9113
f -9113 -9114 -9112
f -9113 -9112 -9111
f -12270 -12271 -12272
f -12272 -12271 -12273
f -12272 -12273 -12274
f -12274 -12273 -12275
f -12274 -12275 -12276
f -12276 -12275 -12277
f -12367 -12366 -12365
f -12365 -12366 -12364
f -12365 -12364 -12363
f -12363 -12364 -12362
f -12363 -12362 -12361
f -12361 -12362 -12360
f -11135 -11117 -11130
f -11130 -11117 -11116
f -11130 -11116 -11120
f -11095 -11097 -11096
f -11096 -11097 -11092
f -11096 -11092 -11093
f -11093 -11092 -11094
f -11091 -11089 -11088
f -11088 -11089 -11087
f -11088 -11087 -11100
f -11096 -11101 -11095
f -11095 -11101 -11102
f -11877 -11876 -11886
f -11886 -11876 -11888
f -11886 -11888 -11887
f -11881 -11882 -11883
f -11883 -11882 -11884
f -11883 -11884 -11885
f -11885 -11884 -11886
f -11885 -11886 -11887
f -11978 -11979 -11980
f -11980 -11979 -11981
f -11980 -11981 -11982
f -11982 -11981 -11983
f -11982 -11983 -11984
f -11984 -11983 -11985
f -11984 -11985 -11986
f -11986 -11985 -11987
f -11988 -11989 -11990
f -11990 -11989 -11991
f -11990 -11991 -11992
f -11992 -11991 -11993
f -11992 -11993 -11994
f -11994 -11993 -11995
f -11994 -11995 -11996
f -11996 -11995 -11997
f -11674 -11675 -11676
f -11676 -11675 -11677
f -11676 -11677 -11678
f -11678 -11677 -11679
f -11678 -11679 -11680
f -11680 -11679 -11681
f -11680 -11681 -11682
f -11682 -11681 -11683
f -11684 -11685 -11686
f -11686 -11685 -11687
f -11686 -11687 -11688
f -11688 -11687 -11689
f -11688 -11689 -11690
f -11690 -11689 -11691
f -11690 -11691 -11692
f -11692 -11691 -11693
f -7287 -7289 -7288
f -7288 -7289 -7290
f -7278 -7279 -7280
f -7280 -7279 -7281
f -7280 -7281 -7282
f -7282 -7281 -8120
f -7282 -8120 -8121
f -8121 -8120 -8122
f -8121 -8122 -8123
f -8123 -8122 -8124
f -6926 -6928 -6927
f -6927 -6928 -6929
f -7713 -7714 -7715
f -7715 -7714 -7716
f -7715 -7716 -7717
f -7717 -7716 -7718
f -7717 -7718 -7719
f -7719 -7718 -7720
f -7719 -7720 -7721
f -7721 -7720 -7722
f -7721 -7722 -7723
f -7705 -7703 -7702
f -7702 -7703 -7701
f -7702 -7701 -7700
f -7700 -7701 -7699
f -7700 -7699 -7698
f -7698 -7699 -7697
f -7698 -7697 -7696
f -7696 -7697 -7695
f -7696 -7695 -7694
f -7694 -7695 -7693
f -7694 -7693 -7692
f -7692 -7693 -7691
f -7693 -7690 -7691
f -7691 -7690 -7689
f -7682 -7680 -7679
f -7679 -7680 -7678
f -7679 -7678 -7677
f -7677 -7678 -7676
f -7677 -7676 -7675
f -7675 -7676 -7674
f -7675 -7674 -7673
f -7673 -7674 -7672
f -7673 -7672 -7671
f -7671 -7672 -7670
f -7671 -7670 -7669
f -7669 -7670 -7668
f -7669 -7668 -7667
f -7645 -7647 -7646
f -7646 -7647 -7648
f -7654 -7652 -7651
f -7651 -7652 -7650
f -7651 -7650 -7649
f -7649 -7650 -7648
f -7649 -7648 -7647
f -8018 -8019 -8020
f -8020 -8019 -8021
f -8020 -8021 -8023
f -8023 -8021 -8022
f -8023 -8022 -8024
f -8929 -8930 -8931
f -8931 -8930 -8932
f -8931 -8932 -8933
f -8933 -8932 -8934
f -8933 -8934 -8935
f -8935 -8934 -8936
f -8935 -8936 -8943
f -15893 -15892 -15891
f -15891 -15892 -15890
f -15891 -15890 -15889
f -15889 -15890 -15888
f -15889 -15888 -15887
f -15872 -15873 -15874
f -15874 -15873 -15875
f -15874 -15875 -15876
f -15876 -15875 -15877
f -15876 -15877 -15878
f -15878 -15877 -15879
f -15878 -15879 -15880
f -15880 -15879 -15881
f -15886 -15885 -15884
f -15884 -15885 -15883
f -15884 -15883 -15887
f -15887 -15883 -15889
f -15864 -15865 -15866
f -15866 -15865 -15867
f -15866 -15867 -15868
f -15868 -15867 -15869
f -15868 -15869 -15870
f -15706 -15707 -15708
f -15708 -15707 -15709
f -15708 -15709 -15710
f -15710 -15709 -15711
f -15710 -15711 -15712
f -15712 -15711 -15713
f -15712 -15713 -15714
f -15714 -15713 -15715
f -15714 -15715 -15716
f -15716 -15715 -15717
f -15716 -15717 -15718
f -15718 -15717 -15719
f -15718 -15719 -15720
f -15720 -15719 -15721
f -15720 -15721 -15706
f -15706 -15721 -15707
f -15676 -15677 -15678
f -15678 -15677 -15679
f -15678 -15679 -15680
f -15680 -15679 -15681
f -15680 -15681 -15682
f -15682 -15681 -15683
f -15682 -15683 -15684
f -15684 -15683 -15685
f -15675 -15674 -15673
f -15673 -15674 -15672
f -15673 -15672 -15671
f -15671 -15672 -15670
f -15671 -15670 -15669
f -15669 -15670 -15668
f -15669 -15668 -15667
f -15667 -15668 -15666
f -15636 -15637 -15638
f -15638 -15637 -15639
f -15638 -15639 -15640
f -15640 -15639 -15641
f -15640 -15641 -15642
f -15642 -15641 -15643
f -15642 -15643 -15644
f -15644 -15643 -15645
f -15644 -15645 -15630
f -15630 -15645 -15631
f -15630 -15631 -15632
f -15632 -15631 -15633
f -15632 -15633 -15634
f -15634 -15633 -15635
f -15634 -15635 -15636
f -15636 -15635 -15637
f -15798 -15799 -15800
f -15800 -15799 -15801
f -15800 -15801 -15802
f -15802 -15801 -15803
f -15802 -15803 -15804
f -15804 -15803 -15805
f -15804 -15805 -15806
f -15806 -15805 -15807
f -15808 -15809 -15810
f -15810 -15809 -15811
f -15810 -15811 -15812
f -15812 -15811 -15813
f -15812 -15813 -15814
f -15814 -15813 -15815
f -15814 -15815 -15816
f -15816 -15815 -15817
f -15839 -15838 -15853
f -15853 -15838 -15852
f -15853 -15852 -15851
f -15851 -15852 -15850
f -15851 -15850 -15849
f -15849 -15850 -15848
f -15849 -15848 -15847
f -15847 -15848 -15846
f -15847 -15846 -15845
f -15845 -15846 -15844
f -15845 -15844 -15843
f -15843 -15844 -15842
f -15843 -15842 -15841
f -15841 -15842 -15840
f -15841 -15840 -15839
f -15839 -15840 -15838
f -15758 -15756 -15757
f -15757 -15756 -15755
f -15757 -15755 -15751
f -15751 -15755 -15752
f -15751 -15752 -15753
f -15753 -15752 -15754
f -15757 -15759 -15758
f -15758 -15759 -15760
f -15749 -15748 -15747
f -15747 -15748 -15746
f -15747 -15746 -15745
f -15745 -15746 -15744
f -15745 -15744 -15743
f -15743 -15744 -15742
f -15743 -15742 -15741
f -15741 -15742 -15740
f -15737 -15736 -15735
f -15735 -15736 -15734
f -15735 -15734 -15733
f -15733 -15734 -15732
f -15733 -15732 -15731
f -15777 -15776 -15775
f -15775 -15776 -15774
f -15775 -15774 -15773
f -15773 -15774 -15772
f -15773 -15772 -15771
f -15771 -15772 -15770
f -15771 -15770 -15769
f -15769 -15770 -15768
f -15769 -15768 -15767
f -15767 -15768 -15766
f -15767 -15766 -15765
f -15765 -15766 -15764
f -15765 -15764 -15763
f -15763 -15764 -15762
f -15763 -15762 -15777
f -15777 -15762 -15776
f -15760 -15759 -15761
f -15761 -15759 -15750
f -6450 -6451 -6452
f -6452 -6451 -6453
f -6452 -6453 -6454
f -6454 -6453 -6455
f -5969 -5970 -5971
f -5971 -5970 -5972
f -5971 -5972 -5973
f -5975 -5977 -5976
f -5976 -5977 -5978
f -5969 -5971 -5903
f -5903 -5971 -5977
f -5984 -5985 -5986
f -5986 -5985 -5994
f -5986 -5994 -5987
f -10688 -10690 -10689
f -10710 -10712 -10711
f -10953 -10955 -10951
f -10984 -10890 -10982
f -9956 -9962 -9979
f -9973 -9975 -9974
f -9604 -9606 -9520
f -9530 -9611 -9531
f -9070 -9071 -9107
f -11355 -11358 -11356
f -11129 -11119 -11127
f -11084 -11086 -11085
f -6909 -6910 -6906
f -8147 -8153 -8154
f -15696 -15704 -15705
f -15656 -15664 -15665
f -15686 -15694 -15695
f -15646 -15654 -15655
f -15788 -15796 -15797
f -15818 -15826 -15827
f -15828 -15836 -15837
f -15778 -15786 -15787
f -10698 -10697 -10699
f -10550 -10551 -10637
f -10954 -10956 -10955
f -9995 -9997 -9996
f -9985 -9987 -9986
f -9966 -9968 -9967
f -9446 -9450 -9445
f -9098 -9100 -9099
f -9094 -9095 -9100
f -11353 -11365 -11354
f -11120 -11122 -11121
f -11100 -11098 -11088
f -11003 -11004 -11023
f -11877 -11878 -11876
f -11880 -11882 -11881
f -7289 -7291 -7290
f -6938 -6901 -6900
f -6916 -6915 -6930
f -7712 -7714 -7713
f -8118 -8019 -8018
f -8533 -8522 -8546
f -8519 -8520 -8518
f -8525 -8526 -8524
f -8512 -8514 -8513
f -8928 -8930 -8929
f -15891 -15882 -15893
f -15863 -15865 -15864
f -15737 -15738 -15736
f -5977 -5979 -5978
f -5983 -5985 -5984
f -6461 -6463 -6462
f -10552 -10569 -10635
f -10635 -10569 -10570
f -10635 -10570 -10571
f -10571 -10570 -10579
f -10571 -10579 -10581
f -10581 -10579 -10580
f -10581 -10580 -10582
f -10582 -10580 -10560
f -6942 -6943 -6944
f -6944 -6943 -6945
f -6944 -6945 -6946
f -6946 -6945 -6956
f -6946 -6956 -6958
f -6958 -6956 -6957
f -6958 -6957 -6959
f -8295 -8294 -8363
f -8363 -8294 -8293
f -8363 -8293 -8361
f -8266 -8351 -8353
f -8353 -8351 -8352
f -8353 -8352 -8354
f -8298 -8297 -8363
f -8363 -8297 -8296
f -8363 -8296 -8295
f -8301 -8300 -8363
f -8363 -8300 -8299
f -8363 -8299 -8298
f -8304 -8303 -8363
f -8363 -8303 -8302
f -8363 -8302 -8301
f -8360 -8306 -8363
f -8363 -8306 -8305
f -8363 -8305 -8304
f -8353 -8354 -8358
f -8358 -8354 -8355
f -8358 -8355 -8292
f -8280 -8356 -8358
f -8358 -8356 -8357
f -8358 -8357 -8359
f -8291 -8290 -8358
f -8358 -8290 -8289
f -8358 -8289 -8288
f -8272 -8271 -8353
f -8353 -8271 -8270
f -8353 -8270 -8269
f -8275 -8274 -8353
f -8353 -8274 -8273
f -8353 -8273 -8272
f -8278 -8277 -8353
f -8353 -8277 -8276
f -8353 -8276 -8275
f -8283 -8282 -8358
f -8358 -8282 -8281
f -8358 -8281 -8280
f -8286 -8285 -8358
f -8358 -8285 -8284
f -8358 -8284 -8283
f -8288 -8287 -8358
f -8358 -8287 -8286
f -8269 -8268 -8353
f -8353 -8268 -8267
f -8353 -8267 -8266
f -8350 -8349 -8385
f -8385 -8349 -8348
f -8385 -8348 -8347
f -8376 -8377 -8378
f -8378 -8377 -8379
f -8378 -8379 -8383
f -8383 -8379 -8380
f -8383 -8380 -8346
f -8336 -8381 -8383
f -8383 -8381 -8382
f -8383 -8382 -8384
f -8371 -8372 -8373
f -8373 -8372 -8374
f -8373 -8374 -8378
f -8378 -8374 -8375
f -8378 -8375 -8335
f -8366 -8367 -8368
f -8368 -8367 -8369
f -8368 -8369 -8373
f -8373 -8369 -8370
f -8373 -8370 -8328
f -8322 -8321 -8373
f -8373 -8321 -8320
f -8373 -8320 -8371
f -8361 -8362 -8363
f -8363 -8362 -8364
f -8363 -8364 -8368
f -8368 -8364 -8365
f -8368 -8365 -8319
f -8325 -8324 -8373
f -8373 -8324 -8323
f -8373 -8323 -8322
f -8328 -8327 -8373
f -8373 -8327 -8326
f -8373 -8326 -8325
f -8313 -8312 -8368
f -8368 -8312 -8311
f -8368 -8311 -8310
f -8316 -8315 -8368
f -8368 -8315 -8314
f -8368 -8314 -8313
f -8319 -8318 -8368
f -8368 -8318 -8317
f -8368 -8317 -8316
f -8309 -8308 -8368
f -8368 -8308 -8307
f -8368 -8307 -8366
f -8335 -8334 -8378
f -8378 -8334 -8333
f -8378 -8333 -8332
f -8383 -8384 -8385
f -8385 -8384 -8386
f -8385 -8386 -8350
f -8331 -8330 -8378
f -8378 -8330 -8329
f -8378 -8329 -8376
f -8339 -8338 -8383
f -8383 -8338 -8337
f -8383 -8337 -8336
f -8342 -8341 -8383
f -8383 -8341 -8340
f -8383 -8340 -8339
f -8345 -8344 -8383
f -8383 -8344 -8343
f -8383 -8343 -8342
f -8505 -8506 -8507
f -8507 -8506 -8508
f -8507 -8508 -8509
f -8509 -8508 -8510
f -8509 -8510 -8474
f -8500 -8501 -8502
f -8502 -8501 -8503
f -8502 -8503 -8507
f -8507 -8503 -8504
f -8507 -8504 -8457
f -8495 -8496 -8497
f -8497 -8496 -8498
f -8497 -8498 -8502
f -8502 -8498 -8499
f -8502 -8499 -8445
f -8490 -8491 -8492
f -8492 -8491 -8493
f -8492 -8493 -8497
f -8497 -8493 -8494
f -8497 -8494 -8434
f -8437 -8436 -8502
f -8502 -8436 -8435
f -8502 -8435 -8500
f -8440 -8439 -8502
f -8502 -8439 -8438
f -8502 -8438 -8437
f -8443 -8442 -8502
f -8502 -8442 -8441
f -8502 -8441 -8440
f -8445 -8444 -8502
f -8502 -8444 -8443
f -8432 -8431 -8497
f -8497 -8431 -8430
f -8497 -8430 -8429
f -8434 -8433 -8497
f -8497 -8433 -8432
f -8454 -8453 -8507
f -8507 -8453 -8452
f -8507 -8452 -8451
f -8457 -8456 -8507
f -8507 -8456 -8455
f -8507 -8455 -8454
f -8428 -8427 -8497
f -8497 -8427 -8426
f -8497 -8426 -8495
f -8468 -8467 -8509
f -8509 -8467 -8466
f -8509 -8466 -8465
f -8471 -8470 -8509
f -8509 -8470 -8469
f -8509 -8469 -8468
f -8474 -8473 -8509
f -8509 -8473 -8472
f -8509 -8472 -8471
f -8461 -8460 -8509
f -8509 -8460 -8459
f -8509 -8459 -8458
f -8448 -8447 -8507
f -8507 -8447 -8446
f -8507 -8446 -8505
f -8464 -8463 -8509
f -8509 -8463 -8462
f -8509 -8462 -8461
f -8451 -8450 -8507
f -8507 -8450 -8449
f -8507 -8449 -8448
f -8479 -8478 -8482
f -8482 -8478 -8404
f -8482 -8404 -8403
f -8394 -8480 -8482
f -8482 -8480 -8481
f -8482 -8481 -8483
f -8421 -8420 -8492
f -8492 -8420 -8419
f -8492 -8419 -8418
f -8424 -8423 -8492
f -8492 -8423 -8422
f -8492 -8422 -8421
f -8482 -8483 -8487
f -8487 -8483 -8484
f -8487 -8484 -8414
f -8405 -8485 -8487
f -8487 -8485 -8486
f -8487 -8486 -8488
f -8488 -8489 -8492
f -8492 -8489 -8425
f -8492 -8425 -8424
f -8417 -8416 -8492
f -8492 -8416 -8415
f -8492 -8415 -8490
f -8408 -8407 -8487
f -8487 -8407 -8406
f -8487 -8406 -8405
f -8411 -8410 -8487
f -8487 -8410 -8409
f -8487 -8409 -8408
f -8414 -8413 -8487
f -8487 -8413 -8412
f -8487 -8412 -8411
f -8397 -8396 -8482
f -8482 -8396 -8395
f -8482 -8395 -8394
f -8400 -8399 -8482
f -8482 -8399 -8398
f -8482 -8398 -8397
f -8403 -8402 -8482
f -8482 -8402 -8401
f -8482 -8401 -8400
f -8389 -8388 -8477
f -8477 -8388 -8387
f -8477 -8387 -8475
f -8392 -8391 -8477
f -8477 -8391 -8390
f -8477 -8390 -8389
f -6439 -6369 -6437
f -6437 -6369 -6458
f -6437 -6458 -6460
f -6460 -6458 -6459
f -6460 -6459 -6461
f -6628 -6624 -6625
f -6625 -6624 -6623
f -6625 -6623 -6622
f -5853 -5852 -5991
f -5991 -5852 -5851
f -5991 -5851 -5989
f -5906 -5855 -5991
f -5991 -5855 -5854
f -5991 -5854 -5853
f -5856 -5911 -5909
f -5909 -5911 -5910
f -5909 -5910 -5908
f -5859 -5858 -5909
f -5909 -5858 -5857
f -5909 -5857 -5856
f -5862 -5861 -5909
f -5909 -5861 -5860
f -5909 -5860 -5859
f -6241 -6242 -6243
f -6243 -6242 -6244
f -6243 -6244 -6245
f -6245 -6244 -6246
f -6245 -6246 -6247
f -6247 -6246 -6248
f -6247 -6248 -6249
f -6249 -6248 -6250
f -6249 -6250 -6251
f -6251 -6250 -6252
f -6251 -6252 -6253
f -6253 -6252 -6254
f -6253 -6254 -6255
f -6255 -6254 -6256
f -6255 -6256 -6257
f -6257 -6256 -6258
f -6257 -6258 -6259
f -6259 -6258 -6260
f -6259 -6260 -6261
f -6261 -6260 -6262
f -6261 -6262 -6263
f -6263 -6262 -6264
f -6263 -6264 -6265
f -6265 -6264 -6266
f -6265 -6266 -6267
f -6267 -6266 -6268
f -6267 -6268 -6269
f -6269 -6268 -6270
f -6269 -6270 -6271
f -6271 -6270 -6272
f -6271 -6272 -6273
f -6273 -6272 -6274
f -6273 -6274 -6275
f -6275 -6274 -6276
f -6275 -6276 -6277
f -6277 -6276 -6278
f -6277 -6278 -6279
f -6279 -6278 -6280
f -6279 -6280 -6281
f -6281 -6280 -6282
f -6281 -6282 -6283
f -6283 -6282 -6284
f -6283 -6284 -6285
f -6285 -6284 -6286
f -6285 -6286 -6287
f -6287 -6286 -6288
f -6287 -6288 -6289
f -6289 -6288 -6290
f -6289 -6290 -6291
f -6291 -6290 -6292
f -6291 -6292 -6293
f -6293 -6292 -6294
f -6293 -6294 -6295
f -6295 -6294 -6296
f -6295 -6296 -6297
f -6297 -6296 -6298
f -6297 -6298 -6299
f -6299 -6298 -6300
f -6299 -6300 -6301
f -6301 -6300 -6302
f -6301 -6302 -6303
f -6303 -6302 -6304
f -6303 -6304 -6305
f -6305 -6304 -6306
f -6305 -6306 -6307
f -6307 -6306 -6308
f -6307 -6308 -6309
f -6309 -6308 -6310
f -6309 -6310 -6311
f -6311 -6310 -6312
f -6311 -6312 -6313
f -6313 -6312 -6314
f -6313 -6314 -6315
f -6315 -6314 -6316
f -6315 -6316 -6317
f -6317 -6316 -6318
f -6317 -6318 -6319
f -6319 -6318 -6320
f -6319 -6320 -6321
f -6321 -6320 -6322
f -6321 -6322 -6323
f -6323 -6322 -6324
f -6323 -6324 -6325
f -6325 -6324 -6326
f -6325 -6326 -6327
f -6327 -6326 -6328
f -6327 -6328 -6329
f -6329 -6328 -6330
f -6329 -6330 -6331
f -6331 -6330 -6332
f -6331 -6332 -6333
f -6333 -6332 -6334
f -6333 -6334 -6335
f -6335 -6334 -6336
f -6335 -6336 -6109
f -6145 -6146 -6144
f -6144 -6146 -6143
f -6144 -6143 -6142
f -6142 -6143 -6141
f -6142 -6141 -6140
f -6140 -6141 -6139
f -6140 -6139 -6138
f -6138 -6139 -6137
f -6138 -6137 -6136
f -6136 -6137 -6135
f -6136 -6135 -6134
f -6134 -6135 -6133
f -6134 -6133 -6132
f -6132 -6133 -6131
f -6132 -6131 -6130
f -6130 -6131 -6129
f -6130 -6129 -6128
f -6128 -6129 -6127
f -6128 -6127 -6126
f -6126 -6127 -6125
f -6126 -6125 -6124
f -6124 -6125 -6123
f -6124 -6123 -6122
f -6122 -6123 -6121
f -6122 -6121 -6120
f -6120 -6121 -6119
f -6120 -6119 -6118
f -6118 -6119 -6117
f -6118 -6117 -6116
f -6116 -6117 -6115
f -6116 -6115 -6114
f -6114 -6115 -6113
f -6114 -6113 -6112
f -6112 -6113 -6111
f -6112 -6111 -6110
f -6110 -6111 -6241
f -6110 -6241 -6243
f -6215 -6213 -6214
f -6214 -6213 -6212
f -6214 -6212 -6211
f -6211 -6212 -6210
f -6211 -6210 -6209
f -6209 -6210 -6208
f -6209 -6208 -6207
f -6207 -6208 -6206
f -6207 -6206 -6205
f -6205 -6206 -6204
f -6205 -6204 -6203
f -6203 -6204 -6202
f -6203 -6202 -6201
f -6201 -6202 -6200
f -6201 -6200 -6199
f -6199 -6200 -6198
f -6199 -6198 -6197
f -6197 -6198 -6196
f -6197 -6196 -6195
f -6195 -6196 -6194
f -6195 -6194 -6193
f -6193 -6194 -6192
f -6193 -6192 -6191
f -6191 -6192 -6190
f -6191 -6190 -6189
f -6189 -6190 -6188
f -6189 -6188 -6187
f -6187 -6188 -6186
f -6187 -6186 -6185
f -6185 -6186 -6184
f -6185 -6184 -6183
f -6183 -6184 -6182
f -6183 -6182 -6181
f -6181 -6182 -6180
f -6181 -6180 -6179
f -6179 -6180 -6178
f -6179 -6178 -6177
f -6177 -6178 -6176
f -6177 -6176 -6175
f -6175 -6176 -6174
f -6175 -6174 -6173
f -6173 -6174 -6172
f -6173 -6172 -6171
f -6171 -6172 -6170
f -6171 -6170 -6169
f -6169 -6170 -6168
f -6169 -6168 -6167
f -6167 -6168 -6166
f -6167 -6166 -6165
f -6165 -6166 -6164
f -6165 -6164 -6163
f -6163 -6164 -6162
f -6163 -6162 -6161
f -6161 -6162 -6160
f -6161 -6160 -6159
f -6159 -6160 -6158
f -6159 -6158 -6157
f -6157 -6158 -6156
f -6157 -6156 -6155
f -6155 -6156 -6154
f -6155 -6154 -6153
f -6153 -6154 -6152
f -6153 -6152 -6151
f -6151 -6152 -6150
f -6151 -6150 -6149
f -6149 -6150 -6148
f -6149 -6148 -6147
f -6147 -6148 -6146
f -6147 -6146 -6145
f -6958 -6959 -6960
f -6960 -6959 -6961
f -6949 -6951 -6950
f -6950 -6951 -6952
f -6951 -6953 -6952
f -6952 -6953 -6954
f -8358 -8359 -8363
f -8363 -8359 -8360
f -8475 -8476 -8477
f -8477 -8476 -8478
f -8477 -8478 -8479
f -6437 -6438 -6439
f -6439 -6438 -6440
f -6629 -6628 -6630
f -6630 -6628 -6625
f -6637 -6636 -6635
f -6635 -6636 -6634
f -6635 -6634 -6633
f -6633 -6634 -6632
f -6633 -6632 -6638
f -6638 -6632 -6640
f -6638 -6640 -6639
f -6639 -6640 -6641
f -6652 -6651 -6650
f -6650 -6651 -6649
f -6650 -6649 -6648
f -6648 -6649 -6647
f -6648 -6647 -6646
f -6646 -6647 -6645
f -6646 -6645 -6644
f -6644 -6645 -6643
f -6644 -6643 -6642
f -6642 -6643 -6641
f -6642 -6641 -6640
f -5989 -5990 -5991
f -5991 -5990 -5992
f -5991 -5992 -5993
f -5906 -5991 -5907
f -5907 -5991 -5908
f -6232 -6231 -6230
f -6230 -6231 -6229
f -6230 -6229 -6228
f -6228 -6229 -6227
f -6228 -6227 -6226
f -6226 -6227 -6225
f -6226 -6225 -6224
f -6224 -6225 -6223
f -6224 -6223 -6222
f -6222 -6223 -6221
f -6222 -6221 -6220
f -6220 -6221 -6219
f -6220 -6219 -6218
f -6218 -6219 -6217
f -6218 -6217 -6216
f -6216 -6217 -6215
f -6216 -6215 -6214
f -6240 -6239 -6238
f -6238 -6239 -6237
f -6238 -6237 -6236
f -6236 -6237 -6235
f -6236 -6235 -6234
f -6234 -6235 -6233
f -8291 -8358 -8292
f -8278 -8353 -8279
f -8309 -8368 -8310
f -8331 -8378 -8332
f -8345 -8383 -8346
f -8428 -8497 -8429
f -8464 -8509 -8465
f -8417 -8492 -8418
f -8392 -8477 -8393
f -6953 -6955 -6954
f -8488 -8492 -8487
f -6461 -6462 -6460
f -6652 -6631 -6651
f -5991 -5909 -5908
f -6232 -6108 -6231
f -6950 -6948 -6949
f -6949 -6948 -6947
f -6949 -6947 -6942
f -6942 -6947 -6941
f -6942 -6941 -6943
f -4367 -4368 -4369
f -4369 -4368 -4370
f -4369 -4370 -4371
f -4371 -4370 -4372
f -4371 -4372 -4373
f -4373 -4372 -4375
f -4373 -4375 -4374
f -4374 -4375 -4376
f -4736 -4750 -4740
f -4740 -4750 -4746
f -4740 -4746 -4741
f -4741 -4746 -4742
f -4750 -4745 -4746
f -4746 -4745 -4747
f -4746 -4747 -4742
f -4741 -4739 -4740
f -4740 -4739 -4738
f -4740 -4738 -4736
f -4736 -4738 -4733
f -3086 -3085 -3163
f -3163 -3085 -3084
f -3163 -3084 -3161
f -3377 -3376 -3488
f -3488 -3376 -3375
f -3488 -3375 -3374
f -3374 -3373 -3488
f -3488 -3373 -3372
f -3488 -3372 -3486
f -3484 -3485 -3488
f -3488 -3485 -3377
f -1839 -1841 -1835
f -1835 -1841 -1837
f -1835 -1837 -1836
f -1836 -1837 -1843
f -1836 -1843 -1831
f -1831 -1843 -1848
f -1831 -1848 -1913
f -1913 -1848 -1915
f -1913 -1915 -1914
f -1914 -1915 -1916
f -1847 -1843 -1842
f -1842 -1843 -1837
f -1842 -1837 -1841
f -1832 -1839 -1833
f -1833 -1839 -1835
f -1833 -1835 -1834
f -1834 -1835 -1836
f -2186 -2187 -2189
f -2189 -2187 -2188
f -2189 -2188 -2190
f -2174 -2175 -2176
f -2176 -2175 -2177
f -2176 -2177 -2178
f -2178 -2177 -2179
f -2178 -2179 -2173
f -2176 -2172 -2174
f -2174 -2172 -2171
f -2213 -2212 -2214
f -2214 -2212 -2206
f -2214 -2206 -2207
f -2189 -2190 -2194
f -2194 -2190 -2192
f -2194 -2192 -2193
f -2193 -2192 -2191
f -2199 -2201 -2200
f -2200 -2201 -2196
f -2200 -2196 -2195
f -2195 -2196 -2194
f -2195 -2194 -2193
f -1453 -1612 -1468
f -1468 -1612 -1485
f -1468 -1485 -1467
f -1501 -1457 -1599
f -1599 -1457 -1595
f -1599 -1595 -1596
f -1596 -1595 -1594
f -1596 -1594 -1532
f -1532 -1594 -1592
f -1532 -1592 -1531
f -1452 -1608 -1610
f -1610 -1608 -1609
f -1610 -1609 -1611
f -1611 -1609 -1586
f -1611 -1586 -1613
f -1613 -1586 -1587
f -1613 -1587 -1615
f -1452 -1499 -1608
f -1608 -1499 -1500
f -1608 -1500 -1501
f -1453 -1610 -1612
f -1612 -1610 -1611
f -1612 -1611 -1613
f -13352 -13351 -13350
f -13350 -13351 -13349
f -13350 -13349 -13348
f -13348 -13349 -13347
f -13348 -13347 -13346
f -13346 -13347 -13345
f -13346 -13345 -13344
f -13334 -13335 -13332
f -13332 -13335 -13333
f -13332 -13333 -13331
f -13341 -13340 -13342
f -13342 -13340 -13327
f -13342 -13327 -13328
f -13363 -13362 -13361
f -13361 -13362 -13360
f -13361 -13360 -13359
f -13359 -13360 -13358
f -13359 -13358 -13357
f -13357 -13358 -13356
f -13357 -13356 -13355
f -13233 -13232 -13231
f -13231 -13232 -13230
f -13231 -13230 -13229
f -13229 -13230 -13228
f -13229 -13228 -13227
f -13227 -13228 -13226
f -13227 -13226 -13225
f -13259 -13258 -13257
f -13257 -13258 -13256
f -13257 -13256 -13255
f -13255 -13256 -13254
f -13255 -13254 -13253
f -13253 -13254 -13252
f -13253 -13252 -13251
f -13270 -13269 -13268
f -13268 -13269 -13267
f -13268 -13267 -13266
f -13266 -13267 -13265
f -13266 -13265 -13264
f -13264 -13265 -13263
f -13264 -13263 -13262
f -13222 -13221 -13220
f -13220 -13221 -13219
f -13220 -13219 -13218
f -13218 -13219 -13217
f -13218 -13217 -13216
f -13216 -13217 -13215
f -13216 -13215 -13214
f -13204 -13205 -13202
f -13202 -13205 -13203
f -13202 -13203 -13201
f -13211 -13210 -13212
f -13212 -13210 -13197
f -13212 -13197 -13198
f -13140 -13139 -13138
f -13138 -13139 -13137
f -13138 -13137 -13136
f -13136 -13137 -13135
f -13136 -13135 -13134
f -13134 -13135 -13133
f -13134 -13133 -13132
f -13129 -13128 -13127
f -13127 -13128 -13126
f -13127 -13126 -13125
f -13125 -13126 -13124
f -13125 -13124 -13123
f -13123 -13124 -13122
f -13123 -13122 -13121
f -14771 -14770 -14769
f -14769 -14770 -14768
f -14769 -14768 -14767
f -14767 -14768 -14766
f -14767 -14766 -14765
f -14765 -14766 -14764
f -14765 -14764 -14763
f -14761 -14760 -14759
f -14759 -14760 -14758
f -14759 -14758 -14757
f -14757 -14758 -14756
f -14757 -14756 -14755
f -14755 -14756 -14754
f -14755 -14754 -14753
f -14739 -14738 -14737
f -14737 -14738 -14736
f -14737 -14736 -14735
f -14735 -14736 -14734
f -14735 -14734 -14733
f -14733 -14734 -14732
f -14733 -14732 -14731
f -14750 -14749 -14748
f -14748 -14749 -14747
f -14748 -14747 -14746
f -14746 -14747 -14745
f -14746 -14745 -14744
f -14744 -14745 -14743
f -14744 -14743 -14742
f -5607 -5661 -5652
f -5652 -5661 -5654
f -5652 -5654 -5653
f -5653 -5654 -5659
f -5653 -5659 -5608
f -5608 -5659 -5657
f -5608 -5657 -5610
f -5610 -5657 -5655
f -5610 -5655 -5612
f -5654 -5661 -5659
f -5659 -5661 -5660
f -5659 -5660 -5658
f -5622 -5649 -5609
f -5609 -5649 -5651
f -5609 -5651 -5608
f -5608 -5651 -5653
f -5564 -5562 -5563
f -5563 -5562 -5561
f -5563 -5561 -5549
f -5565 -5563 -5550
f -5550 -5563 -5549
f -5550 -5549 -5548
f -5572 -5561 -5560
f -5560 -5561 -5562
f -5560 -5562 -5554
f -5554 -5562 -5553
f -5554 -5553 -5547
f -5572 -5560 -5574
f -5574 -5560 -5554
f -5574 -5554 -5547
f -5605 -5604 -5603
f -5603 -5604 -5602
f -5603 -5602 -5601
f -5601 -5602 -5600
f -5601 -5600 -5599
f -5608 -5610 -5609
f -5609 -5610 -5611
f -5609 -5611 -5622
f -5245 -5261 -5282
f -5282 -5261 -5281
f -5282 -5281 -5280
f -5280 -5281 -5279
f -5280 -5279 -5278
f -5278 -5279 -5277
f -5278 -5277 -5276
f -5276 -5277 -5275
f -5067 -5066 -5195
f -5195 -5066 -5065
f -5195 -5065 -5190
f -5194 -5196 -5195
f -5195 -5196 -5068
f -5195 -5068 -5067
f -5188 -5186 -5187
f -5187 -5186 -5185
f -5187 -5185 -5173
f -4878 -4877 -4894
f -4894 -4877 -4876
f -4894 -4876 -4880
f -4892 -4891 -4894
f -4894 -4891 -4890
f -4894 -4890 -4889
f -4881 -4893 -4888
f -4888 -4893 -4894
f -4888 -4894 -4880
f -4881 -4888 -4882
f -4882 -4888 -4883
f -4886 -4885 -4888
f -4888 -4885 -4884
f -4888 -4884 -4883
f -6051 -6045 -6050
f -6050 -6045 -6049
f -6050 -6049 -6048
f -6048 -6049 -6047
f -6048 -6047 -6061
f -6061 -6047 -6059
f -6061 -6059 -6060
f -6060 -6059 -6089
f -6060 -6089 -6087
f -6087 -6089 -6088
f -6087 -6088 -6086
f -6061 -6060 -6062
f -6062 -6060 -6087
f -6062 -6087 -6085
f -6085 -6087 -6086
f -6085 -6086 -6084
f -6052 -6051 -6053
f -6053 -6051 -6050
f -6053 -6050 -6046
f -6046 -6050 -6048
f -6046 -6048 -6061
f -4388 -4389 -4390
f -4390 -4389 -4391
f -4390 -4391 -4392
f -4392 -4391 -4393
f -4392 -4393 -4394
f -4375 -4377 -4376
f -4376 -4377 -4378
f -4358 -4359 -4360
f -4360 -4359 -4361
f -4360 -4361 -4362
f -4362 -4361 -4363
f -4362 -4363 -4364
f -4364 -4363 -4365
f -4364 -4365 -4366
f -4366 -4365 -4367
f -4366 -4367 -4369
f -2927 -2926 -2925
f -2925 -2926 -2924
f -2925 -2924 -2923
f -2923 -2924 -2922
f -2923 -2922 -2921
f -2921 -2922 -2920
f -3486 -3487 -3488
f -3488 -3487 -3489
f -3488 -3489 -3499
f -2385 -2386 -2387
f -2387 -2386 -2388
f -2727 -2726 -2725
f -2725 -2726 -2724
f -2725 -2724 -2723
f -2723 -2724 -2722
f -2723 -2722 -2721
f -2721 -2722 -2720
f -2721 -2720 -2719
f -2719 -2720 -2718
f -2708 -2709 -2710
f -2710 -2709 -2711
f -2710 -2711 -2712
f -2712 -2711 -2713
f -2712 -2713 -2714
f -2714 -2713 -2715
f -2714 -2715 -2716
f -2716 -2715 -2717
f -1953 -1954 -1955
f -1955 -1954 -1956
f -2187 -2185 -2184
f -2184 -2185 -2197
f -2184 -2197 -2198
f -2198 -2197 -2199
f -2198 -2199 -2200
f -2180 -2181 -2182
f -2182 -2181 -2183
f -2215 -2216 -2217
f -2217 -2216 -2218
f -1608 -1501 -1603
f -1603 -1501 -1599
f -1592 -1594 -1593
f -1593 -1594 -1595
f -1612 -1613 -1614
f -1614 -1613 -1615
f -13342 -13328 -13329
f -13329 -13328 -13330
f -13329 -13330 -13331
f -13331 -13330 -13332
f -13340 -13339 -13338
f -13338 -13339 -13337
f -13338 -13337 -13336
f -13336 -13337 -13335
f -13336 -13335 -13334
f -13317 -13318 -13319
f -13319 -13318 -13320
f -13319 -13320 -13321
f -13321 -13320 -13322
f -13321 -13322 -13323
f -13323 -13322 -13324
f -13323 -13324 -13325
f -13325 -13324 -13326
f -13307 -13308 -13309
f -13309 -13308 -13310
f -13309 -13310 -13311
f -13311 -13310 -13312
f -13311 -13312 -13313
f -13313 -13312 -13314
f -13313 -13314 -13315
f -13315 -13314 -13316
f -13303 -13304 -13305
f -13305 -13304 -13306
f -13305 -13306 -13291
f -13291 -13306 -13292
f -13291 -13292 -13293
f -13293 -13292 -13294
f -13293 -13294 -13295
f -13295 -13294 -13296
f -13295 -13296 -13297
f -13297 -13296 -13298
f -13297 -13298 -13299
f -13299 -13298 -13300
f -13299 -13300 -13301
f -13301 -13300 -13302
f -13301 -13302 -13303
f -13303 -13302 -13304
f -13353 -13362 -13354
f -13354 -13362 -13363
f -13242 -13243 -13244
f -13244 -13243 -13245
f -13244 -13245 -13246
f -13246 -13245 -13247
f -13246 -13247 -13248
f -13248 -13247 -13249
f -13248 -13249 -13234
f -13234 -13249 -13235
f -13234 -13235 -13236
f -13236 -13235 -13237
f -13236 -13237 -13238
f -13238 -13237 -13239
f -13238 -13239 -13240
f -13240 -13239 -13241
f -13240 -13241 -13242
f -13242 -13241 -13243
f -13223 -13232 -13224
f -13224 -13232 -13233
f -13260 -13269 -13261
f -13261 -13269 -13270
f -13280 -13279 -13278
f -13278 -13279 -13277
f -13278 -13277 -13276
f -13276 -13277 -13275
f -13276 -13275 -13274
f -13274 -13275 -13273
f -13274 -13273 -13272
f -13272 -13273 -13271
f -13281 -13282 -13283
f -13283 -13282 -13284
f -13283 -13284 -13285
f -13285 -13284 -13286
f -13285 -13286 -13287
f -13287 -13286 -13288
f -13287 -13288 -13289
f -13289 -13288 -13290
f -13187 -13188 -13189
f -13189 -13188 -13190
f -13189 -13190 -13191
f -13191 -13190 -13192
f -13191 -13192 -13193
f -13193 -13192 -13194
f -13193 -13194 -13195
f -13195 -13194 -13196
f -13212 -13198 -13199
f -13199 -13198 -13200
f -13199 -13200 -13201
f -13201 -13200 -13202
f -13177 -13178 -13179
f -13179 -13178 -13180
f -13179 -13180 -13181
f -13181 -13180 -13182
f -13181 -13182 -13183
f -13183 -13182 -13184
f -13183 -13184 -13185
f -13185 -13184 -13186
f -13176 -13175 -13174
f -13174 -13175 -13173
f -13174 -13173 -13172
f -13172 -13173 -13171
f -13172 -13171 -13170
f -13170 -13171 -13169
f -13170 -13169 -13168
f -13168 -13169 -13167
f -13168 -13167 -13166
f -13166 -13167 -13165
f -13166 -13165 -13164
f -13164 -13165 -13163
f -13164 -13163 -13162
f -13162 -13163 -13161
f -13162 -13161 -13176
f -13176 -13161 -13175
f -13205 -13206 -13207
f -13207 -13206 -13208
f -13207 -13208 -13209
f -13209 -13208 -13210
f -13209 -13210 -13211
f -13141 -13142 -13143
f -13143 -13142 -13144
f -13143 -13144 -13145
f -13145 -13144 -13146
f -13145 -13146 -13147
f -13147 -13146 -13148
f -13147 -13148 -13149
f -13149 -13148 -13150
f -13130 -13139 -13131
f -13131 -13139 -13140
f -13151 -13152 -13153
f -13153 -13152 -13154
f -13153 -13154 -13155
f -13155 -13154 -13156
f -13155 -13156 -13157
f -13157 -13156 -13158
f -13157 -13158 -13159
f -13159 -13158 -13160
f -13114 -13115 -13116
f -13116 -13115 -13117
f -13116 -13117 -13118
f -13118 -13117 -13119
f -13118 -13119 -13104
f -13104 -13119 -13105
f -13104 -13105 -13106
f -13106 -13105 -13107
f -13106 -13107 -13108
f -13108 -13107 -13109
f -13108 -13109 -13110
f -13110 -13109 -13111
f -13110 -13111 -13112
f -13112 -13111 -13113
f -13112 -13113 -13114
f -13114 -13113 -13115
f -14779 -14778 -14777
f -14777 -14778 -14776
f -14777 -14776 -14775
f -14775 -14776 -14774
f -14775 -14774 -14773
f -14773 -14774 -14772
f -14722 -14723 -14724
f -14724 -14723 -14725
f -14724 -14725 -14726
f -14726 -14725 -14727
f -14726 -14727 -14728
f -14728 -14727 -14729
f -14751 -14760 -14752
f -14752 -14760 -14761
f -5652 -5651 -5650
f -5650 -5651 -5649
f -5650 -5649 -5648
f -5655 -5657 -5656
f -5656 -5657 -5658
f -5473 -5474 -5475
f -5475 -5474 -5476
f -5475 -5476 -5477
f -5477 -5476 -5478
f -5477 -5478 -5479
f -5479 -5478 -5480
f -5479 -5480 -5431
f -5545 -5544 -5543
f -5543 -5544 -5542
f -5543 -5542 -5541
f -5541 -5542 -5540
f -5541 -5540 -5539
f -5539 -5540 -5538
f -5539 -5538 -5537
f -5537 -5538 -5536
f -5282 -5246 -5245
f -5245 -5246 -5247
f -5187 -5195 -5188
f -5188 -5195 -5189
f -4875 -4886 -4887
f -4887 -4886 -4888
f -6062 -6063 -6061
f -6061 -6063 -6046
f -4377 -4380 -4378
f -3086 -3163 -3087
f -1847 -1848 -1843
f -13343 -13351 -13352
f -13250 -13258 -13259
f -13213 -13221 -13222
f -13120 -13128 -13129
f -14762 -14770 -14771
f -14730 -14738 -14739
f -14741 -14749 -14750
f -14740 -14744 -14742
f -5657 -5659 -5658
f -5553 -5562 -5564
f -5598 -5604 -5605
f -5610 -5612 -5611
f -5195 -5190 -5189
f -4878 -4894 -4879
f -4893 -4892 -4894
f -4387 -4389 -4388
f -4738 -4739 -4737
f -1915 -1917 -1916
f -2186 -2185 -2187
f -13340 -13341 -13339
f -13204 -13206 -13205
f -5652 -5653 -5651
f -5472 -5474 -5473
f -5563 -5565 -5564
f -5246 -5248 -5247
f -5194 -5195 -5193
f -5187 -5173 -5172
f -6083 -6085 -6084
f -4388 -4386 -4387
f -4387 -4386 -4385
f -4387 -4385 -4384
f -4384 -4385 -4383
f -4384 -4383 -4382
f -4382 -4383 -4381
f -4382 -4381 -4380
f -4380 -4381 -4379
f -4380 -4379 -4378
f -4279 -4280 -4281
f -4281 -4280 -4282
f -4281 -4282 -4283
f -4283 -4282 -4285
f -4283 -4285 -4284
f -4284 -4285 -4286
f -4299 -4297 -4298
f -4298 -4297 -4296
f -4298 -4296 -4295
f -4295 -4296 -4294
f -4295 -4294 -4293
f -4293 -4294 -4292
f -4293 -4292 -4291
f -4291 -4292 -4290
f -4291 -4290 -4289
f -4289 -4290 -4288
f -4289 -4288 -4287
f -4287 -4288 -4286
f -4287 -4286 -4285
f -4301 -4300 -4302
f -4302 -4300 -4303
f -4302 -4303 -4305
f -4305 -4303 -4304
f -4305 -4304 -4306
f -4313 -4314 -4315
f -4315 -4314 -4317
f -4315 -4317 -4316
f -4316 -4317 -4318
f -4305 -4306 -4307
f -4307 -4306 -4308
f -4307 -4308 -4309
f -4309 -4308 -4310
f -4309 -4310 -4312
f -4312 -4310 -4311
f -4312 -4311 -4313
f -4334 -4332 -4333
f -4333 -4332 -4331
f -4333 -4331 -4329
f -4329 -4331 -4330
f -4329 -4330 -4328
f -4342 -4343 -4344
f -4344 -4343 -4345
f -4344 -4345 -4346
f -4346 -4345 -4347
f -4346 -4347 -4348
f -4348 -4347 -4349
f -4348 -4349 -4350
f -4350 -4349 -4351
f -4350 -4351 -4352
f -4352 -4351 -4353
f -4352 -4353 -4355
f -4355 -4353 -4354
f -4355 -4354 -4356
f -4358 -4357 -4359
f -4359 -4357 -4356
f -4338 -4339 -4337
f -4337 -4339 -4336
f -4337 -4336 -4335
f -4335 -4336 -4334
f -4335 -4334 -4333
f -3161 -3162 -3163
f -3163 -3162 -3164
f -3163 -3164 -3168
f -3168 -3164 -3165
f -3168 -3165 -3107
f -3105 -3104 -3168
f -3168 -3104 -3103
f -3168 -3103 -3102
f -3107 -3106 -3168
f -3168 -3106 -3105
f -3098 -3097 -3168
f -3168 -3097 -3096
f -3168 -3096 -3095
f -3101 -3100 -3168
f -3168 -3100 -3099
f -3168 -3099 -3098
f -2814 -2804 -2805
f -2805 -2804 -2812
f -2805 -2812 -2810
f -2810 -2812 -2811
f -2810 -2811 -2809
f -3408 -3509 -3507
f -3507 -3509 -3508
f -3507 -3508 -3506
f -3506 -3504 -3505
f -3505 -3504 -3503
f -3505 -3503 -3343
f -3467 -3468 -3469
f -3469 -3468 -3470
f -3469 -3470 -3507
f -3507 -3470 -3471
f -3507 -3471 -3336
f -3337 -3472 -3505
f -3505 -3472 -3473
f -3505 -3473 -3474
f -3411 -3410 -3507
f -3507 -3410 -3409
f -3507 -3409 -3408
f -3414 -3413 -3507
f -3507 -3413 -3412
f -3507 -3412 -3411
f -3417 -3416 -3507
f -3507 -3416 -3415
f -3507 -3415 -3414
f -3420 -3419 -3507
f -3507 -3419 -3418
f -3507 -3418 -3417
f -3343 -3342 -3505
f -3505 -3342 -3341
f -3505 -3341 -3340
f -3340 -3339 -3505
f -3505 -3339 -3338
f -3505 -3338 -3337
f -3334 -3333 -3507
f -3507 -3333 -3332
f -3507 -3332 -3420
f -3336 -3335 -3507
f -3507 -3335 -3334
f -3347 -3346 -3478
f -3478 -3346 -3345
f -3478 -3345 -3344
f -3350 -3349 -3478
f -3478 -3349 -3348
f -3478 -3348 -3347
f -3353 -3352 -3478
f -3478 -3352 -3351
f -3478 -3351 -3350
f -3356 -3355 -3478
f -3478 -3355 -3354
f -3478 -3354 -3353
f -3359 -3358 -3478
f -3478 -3358 -3357
f -3478 -3357 -3356
f -3474 -3475 -3478
f -3478 -3475 -3360
f -3478 -3360 -3359
f -3458 -3457 -3469
f -3469 -3457 -3456
f -3469 -3456 -3323
f -3366 -3365 -3483
f -3483 -3365 -3364
f -3483 -3364 -3363
f -3369 -3368 -3483
f -3483 -3368 -3367
f -3483 -3367 -3366
f -3480 -3371 -3483
f -3483 -3371 -3370
f -3483 -3370 -3369
f -3363 -3362 -3483
f -3483 -3362 -3361
f -3483 -3361 -3481
f -3344 -3476 -3478
f -3478 -3476 -3477
f -3478 -3477 -3479
f -3319 -3318 -3469
f -3469 -3318 -3317
f -3469 -3317 -3467
f -3322 -3321 -3469
f -3469 -3321 -3320
f -3469 -3320 -3319
f -2398 -2397 -2399
f -2399 -2397 -2396
f -2390 -2392 -2391
f -2391 -2392 -2393
f -2391 -2393 -2395
f -2395 -2393 -2394
f -2395 -2394 -2396
f -2445 -2444 -2447
f -2447 -2444 -2443
f -2447 -2443 -2442
f -2464 -2463 -2466
f -2466 -2463 -2462
f -2466 -2462 -2461
f -2458 -2460 -2459
f -2459 -2460 -2453
f -2459 -2453 -2452
f -2452 -2453 -2451
f -2452 -2451 -2450
f -2450 -2451 -2449
f -2450 -2449 -2448
f -2555 -2556 -2557
f -2557 -2556 -2564
f -2557 -2564 -2562
f -2562 -2564 -2563
f -2562 -2563 -2561
f -1981 -1980 -1983
f -1983 -1980 -1979
f -1983 -1979 -1978
f -1976 -1975 -1977
f -1977 -1975 -1967
f -1977 -1967 -1968
f -1968 -1967 -1966
f -1968 -1966 -1965
f -1914 -1916 -1912
f -1912 -1916 -1898
f -1912 -1898 -1910
f -1910 -1898 -1897
f -1910 -1897 -1896
f -1896 -1897 -1895
f -1896 -1895 -1894
f -1821 -1820 -1896
f -1896 -1820 -1908
f -1896 -1908 -1910
f -1910 -1908 -1909
f -1910 -1909 -1911
f -1911 -1909 -1913
f -1911 -1913 -1912
f -1912 -1913 -1914
f -1819 -1906 -1908
f -1908 -1906 -1907
f -1908 -1907 -1909
f -1909 -1907 -1836
f -1909 -1836 -1831
f -1817 -1904 -1906
f -1906 -1904 -1905
f -1906 -1905 -1907
f -1907 -1905 -1834
f -1907 -1834 -1836
f -1817 -1816 -1904
f -1904 -1816 -1902
f -1904 -1902 -1903
f -1903 -1902 -1901
f -1903 -1901 -1832
f -1950 -1949 -1953
f -1953 -1949 -1951
f -1953 -1951 -1952
f -1962 -1961 -1964
f -1964 -1961 -1960
f -1964 -1960 -1959
f -1822 -1821 -1829
f -1829 -1821 -1896
f -1829 -1896 -1894
f -1834 -1905 -1833
f -1833 -1905 -1903
f -1833 -1903 -1832
f -1899 -1901 -1900
f -1900 -1901 -1902
f -1900 -1902 -1816
f -1796 -1795 -1815
f -1815 -1795 -1828
f -1815 -1828 -1827
f -1827 -1828 -1894
f -1894 -1828 -1829
f -1829 -1828 -1830
f -1829 -1830 -1823
f -1827 -1814 -1815
f -1815 -1814 -1813
f -1815 -1813 -1796
f -1567 -1569 -1568
f -1568 -1569 -1570
f -1568 -1570 -1561
f -1568 -1561 -1566
f -1566 -1561 -1576
f -1566 -1576 -1578
f -1578 -1576 -1577
f -1578 -1577 -1579
f -1464 -1463 -1580
f -1580 -1463 -1565
f -1580 -1565 -1578
f -1578 -1565 -1566
f -1532 -1597 -1596
f -1596 -1597 -1598
f -1596 -1598 -1599
f -1599 -1598 -1602
f -1599 -1602 -1603
f -1603 -1602 -1606
f -1603 -1606 -1608
f -1608 -1606 -1607
f -1608 -1607 -1609
f -1609 -1607 -1584
f -1609 -1584 -1586
f -1586 -1584 -1585
f -1586 -1585 -1587
f -1581 -1583 -1582
f -1582 -1583 -1584
f -1582 -1584 -1607
f -1604 -1606 -1601
f -1601 -1606 -1602
f -1601 -1602 -1600
f -1600 -1602 -1598
f -1600 -1598 -1597
f -1466 -1465 -1607
f -1607 -1465 -1580
f -1607 -1580 -1582
f -1582 -1580 -1581
f -1466 -1607 -1605
f -1605 -1607 -1606
f -1605 -1606 -1604
f -13623 -13622 -13621
f -13621 -13622 -13620
f -13621 -13620 -13619
f -13619 -13620 -13618
f -13619 -13618 -13617
f -13617 -13618 -13616
f -13617 -13616 -13615
f -13601 -13600 -13602
f -13602 -13600 -13587
f -13602 -13587 -13588
f -13612 -13611 -13610
f -13610 -13611 -13609
f -13610 -13609 -13608
f -13608 -13609 -13607
f -13608 -13607 -13606
f -13606 -13607 -13605
f -13606 -13605 -13604
f -13594 -13595 -13592
f -13592 -13595 -13593
f -13592 -13593 -13591
f -13471 -13470 -13472
f -13472 -13470 -13457
f -13472 -13457 -13458
f -13482 -13481 -13480
f -13480 -13481 -13479
f -13480 -13479 -13478
f -13478 -13479 -13477
f -13478 -13477 -13476
f -13476 -13477 -13475
f -13476 -13475 -13474
f -13464 -13465 -13462
f -13462 -13465 -13463
f -13462 -13463 -13461
f -13493 -13492 -13491
f -13491 -13492 -13490
f -13491 -13490 -13489
f -13489 -13490 -13488
f -13489 -13488 -13487
f -13487 -13488 -13486
f -13487 -13486 -13485
f -13519 -13518 -13517
f -13517 -13518 -13516
f -13517 -13516 -13515
f -13515 -13516 -13514
f -13515 -13514 -13513
f -13513 -13514 -13512
f -13513 -13512 -13511
f -13530 -13529 -13528
f -13528 -13529 -13527
f -13528 -13527 -13526
f -13526 -13527 -13525
f -13526 -13525 -13524
f -13524 -13525 -13523
f -13524 -13523 -13522
f -13400 -13399 -13398
f -13398 -13399 -13397
f -13398 -13397 -13396
f -13396 -13397 -13395
f -13396 -13395 -13394
f -13394 -13395 -13393
f -13394 -13393 -13392
f -13389 -13388 -13387
f -13387 -13388 -13386
f -13387 -13386 -13385
f -13385 -13386 -13384
f -13385 -13384 -13383
f -13383 -13384 -13382
f -13383 -13382 -13381
f -5630 -5639 -5641
f -5641 -5639 -5640
f -5641 -5640 -5642
f -5630 -5641 -5629
f -5629 -5641 -5643
f -5629 -5643 -5617
f -5617 -5643 -5645
f -5617 -5645 -5619
f -5619 -5645 -5621
f -5619 -5621 -5623
f -5623 -5621 -5622
f -5623 -5622 -5624
f -5624 -5622 -5611
f -5624 -5611 -5612
f -5648 -5649 -5647
f -5647 -5649 -5621
f -5647 -5621 -5645
f -5615 -5614 -5637
f -5637 -5614 -5613
f -5637 -5613 -5635
f -5635 -5613 -5618
f -5635 -5618 -5633
f -5633 -5618 -5619
f -5633 -5619 -5623
f -5615 -5637 -5616
f -5616 -5637 -5606
f -5632 -5633 -5631
f -5631 -5633 -5623
f -5631 -5623 -5620
f -5620 -5623 -5624
f -5620 -5624 -5612
f -5638 -5637 -5636
f -5636 -5637 -5635
f -5636 -5635 -5634
f -5634 -5635 -5633
f -5634 -5633 -5632
f -5614 -5625 -5613
f -5613 -5625 -5627
f -5613 -5627 -5618
f -5618 -5627 -5617
f -5618 -5617 -5619
f -5484 -5482 -5483
f -5483 -5482 -5481
f -5483 -5481 -5432
f -5480 -5429 -5431
f -5431 -5429 -5430
f -5431 -5430 -5483
f -5552 -5551 -5566
f -5566 -5551 -5582
f -5566 -5582 -5584
f -5584 -5582 -5583
f -5584 -5583 -5585
f -5585 -5583 -5577
f -5585 -5577 -5578
f -5547 -5576 -5574
f -5574 -5576 -5575
f -5574 -5575 -5573
f -5573 -5575 -5581
f -5573 -5581 -5579
f -5579 -5581 -5580
f -5551 -5580 -5582
f -5582 -5580 -5581
f -5582 -5581 -5583
f -5583 -5581 -5575
f -5583 -5575 -5576
f -5558 -5557 -5567
f -5567 -5557 -5569
f -5567 -5569 -5568
f -5568 -5569 -5570
f -5557 -5556 -5569
f -5569 -5556 -5555
f -5569 -5555 -5571
f -5546 -5589 -5578
f -5578 -5589 -5587
f -5578 -5587 -5585
f -5585 -5587 -5586
f -5585 -5586 -5584
f -5584 -5586 -5567
f -5584 -5567 -5566
f -5566 -5567 -5568
f -5566 -5568 -5552
f -5587 -5588 -5586
f -5586 -5588 -5559
f -5586 -5559 -5558
f -5492 -5493 -5494
f -5494 -5493 -5495
f -5494 -5495 -5496
f -5496 -5495 -5497
f -5496 -5497 -5491
f -5491 -5497 -5490
f -5491 -5490 -5489
f -5489 -5490 -5488
f -5489 -5488 -5487
f -5487 -5488 -5486
f -5487 -5486 -5485
f -5485 -5486 -5484
f -5485 -5484 -5483
f -5378 -5377 -5494
f -5494 -5377 -5376
f -5494 -5376 -5375
f -5375 -5374 -5494
f -5494 -5374 -5492
f -5242 -5239 -5257
f -5257 -5239 -5255
f -5257 -5255 -5256
f -5256 -5255 -5254
f -5256 -5254 -5258
f -5258 -5254 -5243
f -5258 -5243 -5260
f -5260 -5243 -5244
f -5260 -5244 -5281
f -5281 -5244 -5279
f -5240 -5242 -5241
f -5241 -5242 -5259
f -5241 -5259 -5261
f -5261 -5259 -5260
f -5261 -5260 -5281
f -5256 -5258 -5257
f -5257 -5258 -5259
f -5257 -5259 -5242
f -5273 -5271 -5272
f -5272 -5271 -5270
f -5272 -5270 -5250
f -5250 -5270 -5251
f -5250 -5251 -5253
f -5253 -5251 -5252
f -5253 -5252 -5254
f -5254 -5252 -5268
f -5254 -5268 -5266
f -5266 -5268 -5267
f -5266 -5267 -5265
f -5271 -5269 -5270
f -5270 -5269 -5268
f -5270 -5268 -5252
f -5265 -5264 -5266
f -5266 -5264 -5243
f -5266 -5243 -5254
f -5279 -5244 -5262
f -5262 -5244 -5264
f -5262 -5264 -5263
f -5263 -5264 -5265
f -5263 -5275 -5262
f -5262 -5275 -5277
f -5262 -5277 -5279
f -5273 -5272 -5274
f -5274 -5272 -5249
f -4897 -5150 -5153
f -5153 -5150 -5149
f -5153 -5149 -5148
f -5154 -5152 -5153
f -5153 -5152 -5151
f -5153 -5151 -4897
f -5035 -5156 -5159
f -5159 -5156 -5155
f -5159 -5155 -5154
f -5160 -5158 -5159
f -5159 -5158 -5157
f -5159 -5157 -5037
f -5163 -5162 -5165
f -5165 -5162 -5161
f -5165 -5161 -5160
f -5142 -5140 -5141
f -5141 -5140 -5139
f -5141 -5139 -5138
f -5137 -5135 -5136
f -5136 -5135 -5134
f -5136 -5134 -5133
f -5145 -5144 -5147
f -5147 -5144 -5143
f -5147 -5143 -5142
f -5127 -5126 -5131
f -5131 -5126 -5125
f -5131 -5125 -4896
f -5127 -5131 -5128
f -5128 -5131 -5014
f -5132 -5130 -5131
f -5131 -5130 -5129
f -5131 -5129 -5034
f -5126 -5124 -5125
f -5125 -5124 -5123
f -5125 -5123 -5120
f -5017 -5016 -5131
f -5131 -5016 -5015
f -5131 -5015 -5014
f -5020 -5019 -5131
f -5131 -5019 -5018
f -5131 -5018 -5017
f -5023 -5022 -5131
f -5131 -5022 -5021
f -5131 -5021 -5020
f -5026 -5025 -5131
f -5131 -5025 -5024
f -5131 -5024 -5023
f -5029 -5028 -5131
f -5131 -5028 -5027
f -5131 -5027 -5026
f -5032 -5031 -5131
f -5131 -5031 -5030
f -5131 -5030 -5029
f -5034 -5033 -5131
f -5131 -5033 -5032
f -5038 -5168 -5171
f -5171 -5168 -5167
f -5171 -5167 -5166
f -5172 -5170 -5171
f -5171 -5170 -5169
f -5171 -5169 -5039
f -5037 -5036 -5159
f -5159 -5036 -5035
f -6629 -6627 -6628
f -6628 -6627 -6626
f -6074 -6076 -6075
f -6075 -6076 -6077
f -6075 -6077 -6056
f -6056 -6077 -6070
f -6056 -6070 -6068
f -6068 -6070 -6069
f -6068 -6069 -6067
f -6072 -6071 -6081
f -6081 -6071 -6070
f -6081 -6070 -6079
f -6079 -6070 -6077
f -6079 -6077 -6078
f -6078 -6077 -6076
f -6083 -6074 -6073
f -6073 -6074 -6075
f -6073 -6075 -6057
f -6057 -6075 -6056
f -6057 -6056 -6068
f -6057 -6068 -6066
f -6066 -6068 -6067
f -6066 -6067 -6065
f -6065 -6067 -6055
f -6065 -6055 -6054
f -6046 -6063 -6065
f -6065 -6063 -6064
f -6065 -6064 -6066
f -6066 -6064 -6058
f -6066 -6058 -6057
f -6057 -6058 -6073
f -6046 -6065 -6053
f -6053 -6065 -6054
f -6053 -6054 -6052
f -6063 -6062 -6064
f -6064 -6062 -6058
f -6044 -6072 -6082
f -6082 -6072 -6081
f -6082 -6081 -6080
f -6080 -6081 -6079
f -6080 -6079 -6078
f -6083 -6073 -6085
f -6085 -6073 -6058
f -6085 -6058 -6062
f -6035 -6036 -6039
f -6039 -6036 -6038
f -6039 -6038 -6037
f -6041 -6043 -6042
f -6042 -6043 -6040
f -3949 -3948 -3947
f -3947 -3948 -3946
f -3947 -3946 -3945
f -3945 -3946 -3944
f -3945 -3944 -3943
f -3943 -3944 -3942
f -3943 -3942 -3941
f -3941 -3942 -3940
f -3941 -3940 -3939
f -3939 -3940 -3938
f -3939 -3938 -3937
f -3937 -3938 -3936
f -3937 -3936 -3935
f -4266 -4267 -4268
f -4268 -4267 -4269
f -4268 -4269 -4270
f -4270 -4269 -4271
f -4270 -4271 -4272
f -4272 -4271 -4273
f -4272 -4273 -4274
f -4274 -4273 -4275
f -4274 -4275 -4276
f -4276 -4275 -4277
f -4276 -4277 -4278
f -4278 -4277 -4279
f -4278 -4279 -4281
f -4298 -4300 -4299
f -4299 -4300 -4301
f -4317 -4319 -4318
f -4318 -4319 -4320
f -4329 -4328 -4327
f -4327 -4328 -4326
f -4327 -4326 -4325
f -4325 -4326 -4324
f -4325 -4324 -4323
f -4323 -4324 -4322
f -4323 -4322 -4321
f -4321 -4322 -4320
f -4321 -4320 -4319
f -4342 -4341 -4340
f -4340 -4341 -4339
f -4340 -4339 -4338
f -3000 -3001 -3002
f -3002 -3001 -3003
f -3002 -3003 -3004
f -3004 -3003 -3005
f -3004 -3005 -3006
f -3006 -3005 -3007
f -3032 -3033 -3034
f -3034 -3033 -3035
f -3034 -3035 -3036
f -3036 -3035 -3037
f -3036 -3037 -3038
f -3038 -3037 -3039
f -2981 -2980 -2979
f -2979 -2980 -2978
f -2979 -2978 -2977
f -2977 -2978 -2976
f -2977 -2976 -2975
f -2975 -2976 -2974
f -2975 -2974 -2973
f -2973 -2974 -2972
f -2991 -2990 -2989
f -2989 -2990 -2988
f -2989 -2988 -2987
f -2987 -2988 -2986
f -2987 -2986 -2985
f -2985 -2986 -2984
f -2985 -2984 -2983
f -2983 -2984 -2982
f -2840 -2841 -2842
f -2842 -2841 -2843
f -2842 -2843 -2844
f -2844 -2843 -2845
f -2844 -2845 -2846
f -2846 -2845 -2847
f -2846 -2847 -2848
f -2848 -2847 -2849
f -2850 -2851 -2852
f -2852 -2851 -2853
f -2852 -2853 -2854
f -2854 -2853 -2855
f -2854 -2855 -2856
f -2856 -2855 -2857
f -2856 -2857 -2858
f -2858 -2857 -2859
f -2805 -2813 -2814
f -2814 -2813 -2815
f -2814 -2815 -2816
f -2816 -2815 -2817
f -2816 -2817 -2818
f -2818 -2817 -2819
f -2818 -2819 -2806
f -2818 -2806 -2807
f -2807 -2806 -2808
f -2807 -2808 -2809
f -2809 -2808 -2810
f -3548 -3549 -3550
f -3550 -3549 -3551
f -3550 -3551 -3552
f -3552 -3551 -3553
f -3552 -3553 -3554
f -3554 -3553 -3555
f -3554 -3555 -3557
f -3557 -3555 -3556
f -3557 -3556 -3558
f -3481 -3482 -3483
f -3483 -3482 -3484
f -3483 -3484 -3488
f -3478 -3479 -3483
f -3483 -3479 -3480
f -2387 -2388 -2389
f -2389 -2388 -2390
f -2389 -2390 -2391
f -2455 -2456 -2457
f -2457 -2456 -2458
f -2457 -2458 -2459
f -2550 -2549 -2551
f -2551 -2549 -2558
f -2551 -2558 -2559
f -2559 -2558 -2560
f -2559 -2560 -2561
f -2561 -2560 -2562
f -2557 -2554 -2555
f -2555 -2554 -2553
f -2555 -2553 -2552
f -2552 -2553 -2550
f -2552 -2550 -2551
f -1970 -1971 -1972
f -1972 -1971 -1973
f -1972 -1973 -1974
f -1974 -1973 -1975
f -1974 -1975 -1976
f -1817 -1906 -1818
f -1818 -1906 -1819
f -1895 -1897 -1793
f -1793 -1897 -1794
f -1578 -1579 -1580
f -1580 -1579 -1581
f -1565 -1567 -1566
f -1566 -1567 -1568
f -13613 -13622 -13614
f -13614 -13622 -13623
f -13600 -13599 -13598
f -13598 -13599 -13597
f -13598 -13597 -13596
f -13596 -13597 -13595
f -13596 -13595 -13594
f -13592 -13591 -13590
f -13590 -13591 -13589
f -13590 -13589 -13588
f -13588 -13589 -13602
f -13577 -13578 -13579
f -13579 -13578 -13580
f -13579 -13580 -13581
f -13581 -13580 -13582
f -13581 -13582 -13583
f -13583 -13582 -13584
f -13583 -13584 -13585
f -13585 -13584 -13586
f -13567 -13568 -13569
f -13569 -13568 -13570
f -13569 -13570 -13571
f -13571 -13570 -13572
f -13571 -13572 -13573
f -13573 -13572 -13574
f -13573 -13574 -13575
f -13575 -13574 -13576
f -13564 -13563 -13562
f -13562 -13563 -13561
f -13562 -13561 -13560
f -13560 -13561 -13559
f -13560 -13559 -13558
f -13558 -13559 -13557
f -13558 -13557 -13556
f -13556 -13557 -13555
f -13556 -13555 -13554
f -13554 -13555 -13553
f -13554 -13553 -13552
f -13552 -13553 -13551
f -13552 -13551 -13566
f -13566 -13551 -13565
f -13566 -13565 -13564
f -13564 -13565 -13563
f -13447 -13448 -13449
f -13449 -13448 -13450
f -13449 -13450 -13451
f -13451 -13450 -13452
f -13451 -13452 -13453
f -13453 -13452 -13454
f -13453 -13454 -13455
f -13455 -13454 -13456
f -13437 -13438 -13439
f -13439 -13438 -13440
f -13439 -13440 -13441
f -13441 -13440 -13442
f -13441 -13442 -13443
f -13443 -13442 -13444
f -13443 -13444 -13445
f -13445 -13444 -13446
f -13436 -13435 -13434
f -13434 -13435 -13433
f -13434 -13433 -13432
f -13432 -13433 -13431
f -13432 -13431 -13430
f -13430 -13431 -13429
f -13430 -13429 -13428
f -13428 -13429 -13427
f -13428 -13427 -13426
f -13426 -13427 -13425
f -13426 -13425 -13424
f -13424 -13425 -13423
f -13424 -13423 -13422
f -13422 -13423 -13421
f -13422 -13421 -13436
f -13436 -13421 -13435
f -13462 -13461 -13460
f -13460 -13461 -13459
f -13460 -13459 -13458
f -13458 -13459 -13472
f -13470 -13469 -13468
f -13468 -13469 -13467
f -13468 -13467 -13466
f -13466 -13467 -13465
f -13466 -13465 -13464
f -13498 -13499 -13500
f -13500 -13499 -13501
f -13500 -13501 -13502
f -13502 -13501 -13503
f -13502 -13503 -13504
f -13504 -13503 -13505
f -13504 -13505 -13506
f -13506 -13505 -13507
f -13506 -13507 -13508
f -13508 -13507 -13509
f -13508 -13509 -13494
f -13494 -13509 -13495
f -13494 -13495 -13496
f -13496 -13495 -13497
f -13496 -13497 -13498
f -13498 -13497 -13499
f -13483 -13492 -13484
f -13484 -13492 -13493
f -13531 -13532 -13533
f -13533 -13532 -13534
f -13533 -13534 -13535
f -13535 -13534 -13536
f -13535 -13536 -13537
f -13537 -13536 -13538
f -13537 -13538 -13539
f -13539 -13538 -13540
f -13520 -13529 -13521
f -13521 -13529 -13530
f -13541 -13542 -13543
f -13543 -13542 -13544
f -13543 -13544 -13545
f -13545 -13544 -13546
f -13545 -13546 -13547
f -13547 -13546 -13548
f -13547 -13548 -13549
f -13549 -13548 -13550
f -13390 -13399 -13391
f -13391 -13399 -13400
f -13410 -13409 -13408
f -13408 -13409 -13407
f -13408 -13407 -13406
f -13406 -13407 -13405
f -13406 -13405 -13404
f -13404 -13405 -13403
f -13404 -13403 -13402
f -13402 -13403 -13401
f -13420 -13419 -13418
f -13418 -13419 -13417
f -13418 -13417 -13416
f -13416 -13417 -13415
f -13416 -13415 -13414
f -13414 -13415 -13413
f -13414 -13413 -13412
f -13412 -13413 -13411
f -13370 -13371 -13372
f -13372 -13371 -13373
f -13372 -13373 -13374
f -13374 -13373 -13375
f -13374 -13375 -13376
f -13376 -13375 -13377
f -13376 -13377 -13378
f -13378 -13377 -13379
f -13378 -13379 -13364
f -13364 -13379 -13365
f -13364 -13365 -13366
f -13366 -13365 -13367
f -13366 -13367 -13368
f -13368 -13367 -13369
f -13368 -13369 -13370
f -13370 -13369 -13371
f -5673 -5672 -5671
f -5671 -5672 -5670
f -5671 -5670 -5669
f -5669 -5670 -5668
f -5669 -5668 -5667
f -5667 -5668 -5666
f -5667 -5666 -5665
f -5665 -5666 -5664
f -5665 -5664 -5674
f -5674 -5664 -5676
f -5674 -5676 -5675
f -5675 -5676 -5677
f -5676 -5678 -5677
f -5677 -5678 -5679
f -5641 -5642 -5643
f -5643 -5642 -5644
f -5643 -5644 -5645
f -5645 -5644 -5646
f -5645 -5646 -5647
f -5647 -5646 -5648
f -5630 -5629 -5628
f -5628 -5629 -5627
f -5628 -5627 -5626
f -5626 -5627 -5625
f -5663 -5682 -5680
f -5680 -5682 -5681
f -5680 -5681 -5679
f -5579 -5572 -5573
f -5573 -5572 -5574
f -5598 -5597 -5596
f -5596 -5597 -5595
f -5596 -5595 -5594
f -5594 -5595 -5593
f -5594 -5593 -5592
f -5592 -5593 -5591
f -5592 -5591 -5590
f -5247 -5240 -5245
f -5245 -5240 -5241
f -5245 -5241 -5261
f -5163 -5165 -5164
f -5164 -5165 -5166
f -5136 -5141 -5137
f -5137 -5141 -5138
f -5153 -5148 -5147
f -5147 -5148 -5146
f -5147 -5146 -5145
f -5131 -5136 -5132
f -5132 -5136 -5133
f -6101 -6100 -6099
f -6099 -6100 -6098
f -6099 -6098 -6097
f -6097 -6098 -6096
f -6097 -6096 -6095
f -6095 -6096 -6094
f -6095 -6094 -6093
f -6093 -6094 -6092
f -6093 -6092 -6091
f -6091 -6092 -6102
f -6091 -6102 -6104
f -6104 -6102 -6103
f -6104 -6103 -6105
f -6090 -6107 -6105
f -6105 -6107 -6106
f -6105 -6106 -6104
f -6035 -6034 -6036
f -6036 -6034 -6033
f -6036 -6033 -6032
f -6032 -6033 -6031
f -3547 -3546 -3545
f -3545 -3546 -3544
f -3935 -3934 -3937
f -4342 -4344 -4341
f -3101 -3168 -3102
f -3322 -3469 -3323
f -2445 -2447 -2446
f -2464 -2466 -2465
f -1981 -1983 -1982
f -1911 -1912 -1910
f -1831 -1913 -1909
f -1962 -1964 -1963
f -1897 -1898 -1794
f -13603 -13611 -13612
f -13473 -13481 -13482
f -13510 -13518 -13519
f -13380 -13388 -13389
f -5637 -5638 -5606
f -5629 -5617 -5627
f -5551 -5552 -5580
f -5587 -5589 -5588
f -5567 -5586 -5558
f -5368 -5496 -5491
f -5258 -5260 -5259
f -5264 -5244 -5243
f -5038 -5171 -5039
f -3949 -3950 -3948
f -4313 -4315 -4312
f -4356 -4357 -4355
f -3505 -3507 -3506
f -3474 -3478 -3505
f -2396 -2397 -2395
f -2454 -2456 -2455
f -1969 -1971 -1970
f -1903 -1905 -1904
f -1952 -1954 -1953
f -1908 -1820 -1819
f -1828 -1795 -1830
f -1829 -1823 -1822
f -1569 -1571 -1570
f -1580 -1465 -1464
f -1583 -1585 -1584
f -13600 -13601 -13599
f -13470 -13471 -13469
f -5671 -5662 -5673
f -5678 -5680 -5679
f -5649 -5622 -5621
f -5483 -5432 -5431
f -5576 -5577 -5583
f -5569 -5571 -5570
f -5598 -5605 -5597
f -5254 -5255 -5253
f -5270 -5252 -5251
f -5272 -5250 -5249
f -5268 -5269 -5267
f -5153 -5159 -5154
f -5159 -5165 -5160
f -5165 -5171 -5166
f -5141 -5147 -5142
f -5120 -5121 -5125
f -5171 -5187 -5172
f -6070 -6071 -6069
f -4184 -4266 -4185
f -4178 -4182 -4179
f -4176 -4181 -4177
f -4174 -4178 -4175
f -4186 -4188 -4187
f -4172 -4177 -4173
f -4182 -4186 -4183
f -4180 -4185 -4181
f -4166 -4170 -4167
f -4164 -4169 -4165
f -4168 -4173 -4169
f -4170 -4174 -4171
f -4161 -4163 -4162
f -3934 -3935 -3933
f -3933 -3935 -3932
f -3933 -3932 -3931
f -3931 -3932 -3930
f -3931 -3930 -3929
f -10604 -10595 -10596
f -10596 -10595 -10640
f -10596 -10640 -10638
f -10638 -10640 -10639
f -10638 -10639 -10637
f -10637 -10639 -10545
f -10637 -10545 -10546
f -10616 -10605 -10606
f -10606 -10605 -10604
f -10606 -10604 -10596
f -10616 -10606 -10607
f -10607 -10606 -10609
f -10662 -10528 -10527
f -10527 -10528 -10529
f -10527 -10529 -10526
f -10526 -10525 -10527
f -10527 -10525 -10658
f -10527 -10658 -10660
f -10660 -10658 -10659
f -10660 -10659 -10661
f -10661 -10659 -10637
f -10661 -10637 -10540
f -10540 -10637 -10541
f -10716 -10715 -10718
f -10718 -10715 -10714
f -10718 -10714 -10713
f -10728 -10720 -10721
f -10721 -10720 -10719
f -10721 -10719 -10731
f -10731 -10719 -10730
f -10731 -10730 -10732
f -10723 -10722 -10724
f -10724 -10722 -10734
f -10724 -10734 -10732
f -10732 -10734 -10733
f -10732 -10733 -10731
f -10721 -10726 -10728
f -10728 -10726 -10727
f -10728 -10727 -10729
f -10729 -10727 -10722
f -10729 -10722 -10723
f -10638 -10609 -10596
f -10596 -10609 -10606
f -10541 -10637 -10542
f -10542 -10637 -10546
f -10653 -10543 -10639
f -10639 -10543 -10544
f -10639 -10544 -10545
f -10738 -10737 -10741
f -10741 -10737 -10736
f -10741 -10736 -10735
f -10740 -10739 -10741
f -10741 -10739 -10738
f -10859 -10858 -10862
f -10862 -10858 -10857
f -10862 -10857 -10856
f -10861 -10860 -10862
f -10862 -10860 -10859
f -10882 -10881 -10884
f -10884 -10881 -10880
f -10884 -10880 -10879
f -10878 -10877 -10876
f -10876 -10877 -10875
f -10876 -10875 -10869
f -10870 -10872 -10871
f -10871 -10872 -10866
f -10871 -10866 -10867
f -10867 -10866 -10868
f -10868 -10866 -10865
f -10865 -10866 -10864
f -10865 -10864 -10863
f -10940 -10939 -11030
f -11030 -10939 -11028
f -11030 -11028 -11029
f -11029 -11028 -11027
f -11029 -11027 -11011
f -10940 -10962 -10939
f -10939 -10962 -10960
f -10939 -10960 -10944
f -10944 -10960 -10943
f -10944 -10943 -11026
f -10961 -10959 -10960
f -10960 -10959 -10958
f -10960 -10958 -10943
f -11029 -11011 -11013
f -11013 -11011 -11012
f -11013 -11012 -11014
f -11014 -11012 -10933
f -11014 -10933 -10978
f -10978 -10933 -10980
f -10978 -10980 -10979
f -10979 -10980 -10885
f -10085 -10087 -10086
f -10086 -10087 -10088
f -10086 -10088 -10111
f -10111 -10088 -10113
f -10111 -10113 -10112
f -10112 -10113 -10080
f -10113 -10090 -10080
f -10080 -10090 -10081
f -10080 -10081 -10082
f -10082 -10081 -10092
f -10082 -10092 -10093
f -10093 -10092 -10101
f -10093 -10101 -10103
f -10103 -10101 -10102
f -10103 -10102 -10104
f -10076 -10085 -10083
f -10083 -10085 -10084
f -10083 -10084 -10107
f -10107 -10084 -10109
f -10107 -10109 -10108
f -10108 -10109 -10110
f -10112 -10110 -10111
f -10111 -10110 -10109
f -10111 -10109 -10086
f -10086 -10109 -10084
f -10086 -10084 -10085
f -10081 -10090 -10092
f -10092 -10090 -10091
f -10092 -10091 -10101
f -10101 -10091 -10099
f -10101 -10099 -10100
f -10100 -10099 -10098
f -10113 -10088 -10090
f -10090 -10088 -10089
f -10090 -10089 -10091
f -10091 -10089 -10079
f -10091 -10079 -10099
f -10099 -10079 -10097
f -10099 -10097 -10098
f -10098 -10097 -10096
f -10071 -10095 -10077
f -10077 -10095 -10097
f -10077 -10097 -10078
f -10078 -10097 -10079
f -10078 -10079 -10089
f -10108 -10106 -10107
f -10107 -10106 -10105
f -10107 -10105 -10083
f -10083 -10105 -10075
f -10083 -10075 -10076
f -10076 -10075 -10074
f -10088 -10087 -10089
f -10089 -10087 -10078
f -10103 -10104 -10094
f -10094 -10104 -10073
f -10094 -10073 -10072
f -10243 -10241 -10242
f -10242 -10241 -10240
f -10242 -10240 -10236
f -10240 -10241 -10239
f -10239 -10241 -10224
f -10326 -10327 -10328
f -10328 -10327 -10329
f -10328 -10329 -10330
f -10330 -10329 -10331
f -10330 -10331 -10315
f -10315 -10331 -10313
f -10315 -10313 -10314
f -9534 -9533 -9621
f -9621 -9533 -9532
f -9621 -9532 -9619
f -9537 -9536 -9621
f -9621 -9536 -9535
f -9621 -9535 -9534
f -9618 -9539 -9621
f -9621 -9539 -9538
f -9621 -9538 -9537
f -9612 -9613 -9616
f -9616 -9613 -9488
f -9616 -9488 -9614
f -9542 -9541 -9626
f -9626 -9541 -9540
f -9626 -9540 -9624
f -9548 -9547 -9631
f -9631 -9547 -9546
f -9631 -9546 -9629
f -9551 -9550 -9631
f -9631 -9550 -9549
f -9631 -9549 -9548
f -9627 -9628 -9631
f -9631 -9628 -9552
f -9631 -9552 -9551
f -9545 -9544 -9626
f -9626 -9544 -9543
f -9626 -9543 -9542
f -9619 -9620 -9621
f -9621 -9620 -9622
f -9621 -9622 -9626
f -9626 -9622 -9623
f -9626 -9623 -9545
f -9365 -9364 -9435
f -9435 -9364 -9363
f -9435 -9363 -9433
f -9368 -9367 -9435
f -9435 -9367 -9366
f -9435 -9366 -9365
f -9371 -9370 -9435
f -9435 -9370 -9369
f -9435 -9369 -9368
f -9374 -9373 -9435
f -9435 -9373 -9372
f -9435 -9372 -9371
f -9432 -9376 -9435
f -9435 -9376 -9375
f -9435 -9375 -9374
f -9433 -9434 -9435
f -9435 -9434 -9436
f -9435 -9436 -9440
f -9440 -9436 -9437
f -9440 -9437 -9389
f -9377 -9438 -9440
f -9440 -9438 -9439
f -9440 -9439 -9441
f -9385 -9384 -9440
f -9440 -9384 -9383
f -9440 -9383 -9382
f -9388 -9387 -9440
f -9440 -9387 -9386
f -9440 -9386 -9385
f -9380 -9379 -9440
f -9440 -9379 -9378
f -9440 -9378 -9377
f -9382 -9381 -9440
f -9440 -9381 -9380
f -9131 -9124 -9133
f -9133 -9124 -9125
f -9133 -9125 -9135
f -9135 -9125 -9136
f -9135 -9136 -9146
f -9146 -9136 -9148
f -9146 -9148 -9147
f -9147 -9148 -9149
f -9147 -9149 -9151
f -9151 -9149 -9150
f -9151 -9150 -9152
f -9160 -9158 -9159
f -9159 -9158 -9157
f -9159 -9157 -9122
f -9122 -9157 -9121
f -9122 -9121 -9151
f -9151 -9121 -9138
f -9151 -9138 -9147
f -9147 -9138 -9145
f -9147 -9145 -9146
f -9146 -9145 -9144
f -9146 -9144 -9134
f -9149 -9148 -9150
f -9150 -9148 -9129
f -9124 -9123 -9125
f -9125 -9123 -9128
f -9125 -9128 -9136
f -9136 -9128 -9137
f -9136 -9137 -9148
f -9148 -9137 -9129
f -9156 -9155 -9157
f -9157 -9155 -9139
f -9157 -9139 -9121
f -9121 -9139 -9141
f -9121 -9141 -9138
f -9138 -9141 -9143
f -9138 -9143 -9145
f -9145 -9143 -9144
f -9162 -9160 -9161
f -9161 -9160 -9159
f -9161 -9159 -9153
f -9153 -9159 -9122
f -9153 -9122 -9151
f -9151 -9152 -9153
f -9153 -9152 -9154
f -9153 -9154 -9161
f -9161 -9154 -9163
f -9161 -9163 -9162
f -9162 -9163 -9164
f -9118 -9119 -9163
f -9163 -9119 -9165
f -9163 -9165 -9164
f -9141 -9139 -9140
f -9140 -9139 -9155
f -9140 -9155 -9120
f -9185 -9184 -9187
f -9187 -9184 -9183
f -9187 -9183 -9182
f -9123 -9126 -9128
f -9128 -9126 -9127
f -9128 -9127 -9129
f -9055 -9056 -9057
f -9057 -9056 -9058
f -9057 -9058 -9059
f -9059 -9058 -9060
f -9059 -9060 -9067
f -9067 -9060 -9066
f -9067 -9066 -9065
f -9065 -9066 -9064
f -9065 -9064 -9063
f -9063 -9064 -9062
f -9063 -9062 -9061
f -11342 -11341 -11343
f -11343 -11341 -11339
f -11343 -11339 -11338
f -10891 -10991 -11029
f -11029 -10991 -11031
f -11029 -11031 -11030
f -11030 -11031 -11032
f -11030 -11032 -10940
f -11027 -11028 -11026
f -11026 -11028 -10944
f -11032 -11031 -11033
f -11033 -11031 -10936
f -10976 -11006 -11013
f -11013 -11006 -11005
f -11013 -11005 -11029
f -11029 -11005 -10891
f -10935 -10936 -10994
f -10994 -10936 -11031
f -10994 -11031 -10993
f -10993 -11031 -10992
f -11000 -10934 -10998
f -10998 -10934 -10996
f -10998 -10996 -10997
f -10997 -10996 -10995
f -10934 -10935 -10996
f -10996 -10935 -10994
f -10996 -10994 -10995
f -10995 -10994 -10993
f -11741 -11743 -11742
f -11742 -11743 -11744
f -11742 -11744 -11746
f -11746 -11744 -11745
f -11746 -11745 -11747
f -11746 -11747 -11748
f -11748 -11747 -11749
f -11748 -11749 -11750
f -11750 -11749 -11751
f -11750 -11751 -11739
f -7025 -7026 -7027
f -7027 -7026 -7028
f -7027 -7028 -7029
f -7029 -7028 -7030
f -7029 -7030 -7031
f -7031 -7030 -7032
f -7031 -7032 -7005
f -6991 -6990 -7024
f -7024 -6990 -7023
f -7024 -7023 -7022
f -7022 -7023 -7021
f -7022 -7021 -7020
f -7020 -7021 -7019
f -7020 -7019 -7018
f -7018 -7019 -7017
f -7018 -7017 -7016
f -7016 -7017 -7015
f -7016 -7015 -7014
f -7014 -7015 -7013
f -7014 -7013 -7012
f -7012 -7025 -6996
f -6996 -7025 -7027
f -6996 -7027 -7029
f -6996 -7029 -7002
f -7002 -7029 -7031
f -7002 -7031 -7003
f -7003 -7031 -7004
f -7003 -7004 -6998
f -6998 -7004 -6997
f -6998 -6997 -6999
f -6999 -6997 -6994
f -6999 -6994 -6989
f -7054 -7056 -7055
f -7055 -7056 -7050
f -7055 -7050 -7049
f -7031 -7005 -7004
f -7004 -7005 -7006
f -7004 -7006 -6997
f -6997 -7006 -6993
f -6997 -6993 -6994
f -6994 -6993 -6992
f -7003 -6998 -7018
f -7018 -6998 -7000
f -7018 -7000 -7001
f -7001 -7000 -6999
f -7001 -6999 -6989
f -7012 -6996 -7014
f -7014 -6996 -7002
f -7014 -7002 -7016
f -7016 -7002 -7003
f -7016 -7003 -7018
f -6992 -6993 -7008
f -7008 -6993 -7006
f -7008 -7006 -7007
f -7007 -7006 -7005
f -7617 -7618 -7619
f -7619 -7618 -7620
f -7619 -7620 -7621
f -7621 -7620 -7622
f -7621 -7622 -7623
f -7623 -7622 -7624
f -7623 -7624 -7625
f -7625 -7624 -7626
f -7625 -7626 -7628
f -7628 -7626 -7627
f -7628 -7627 -7629
f -7612 -7613 -7614
f -7614 -7613 -7615
f -7614 -7615 -7616
f -7616 -7615 -7617
f -7616 -7617 -7619
f -7628 -7629 -7630
f -7630 -7629 -7631
f -7630 -7631 -7632
f -7632 -7631 -7633
f -7632 -7633 -7634
f -7634 -7633 -7635
f -7634 -7635 -7636
f -7636 -7635 -7638
f -7636 -7638 -7637
f -7637 -7638 -7639
f -8145 -8144 -8146
f -8146 -8144 -7612
f -8146 -7612 -7614
f -8071 -8070 -8073
f -8073 -8070 -8069
f -8073 -8069 -8068
f -8004 -8003 -8078
f -8078 -8003 -8077
f -8078 -8077 -8079
f -8079 -8077 -8076
f -8079 -8076 -8075
f -8007 -8006 -8097
f -8097 -8006 -8096
f -8097 -8096 -8098
f -8098 -8096 -8095
f -8098 -8095 -8094
f -8086 -8005 -8085
f -8085 -8005 -8083
f -8085 -8083 -8084
f -8084 -8083 -8082
f -8084 -8082 -8081
f -8091 -8090 -8092
f -8092 -8090 -8089
f -8092 -8089 -8088
f -8088 -8089 -8087
f -8088 -8087 -8086
f -8017 -8015 -8016
f -8016 -8015 -8014
f -8016 -8014 -8013
f -8013 -8014 -8012
f -8013 -8012 -8011
f -8129 -8128 -8130
f -8130 -8128 -7596
f -8130 -7596 -7595
f -7595 -7596 -7594
f -7595 -7594 -7593
f -7593 -7594 -7592
f -7593 -7592 -7591
f -8738 -8737 -8744
f -8744 -8737 -8743
f -8744 -8743 -8772
f -8772 -8743 -8774
f -8772 -8774 -8773
f -8773 -8774 -8775
f -8773 -8771 -8772
f -8772 -8771 -8770
f -8772 -8770 -8745
f -8745 -8770 -8747
f -8745 -8747 -8746
f -8746 -8747 -8748
f -8746 -8748 -8739
f -8739 -8748 -8740
f -8739 -8738 -8746
f -8746 -8738 -8744
f -8746 -8744 -8745
f -8745 -8744 -8772
f -8771 -8769 -8770
f -8770 -8769 -8768
f -8770 -8768 -8747
f -8747 -8768 -8749
f -8747 -8749 -8748
f -8748 -8749 -8758
f -8748 -8758 -8740
f -8740 -8758 -8760
f -8769 -8754 -8767
f -8767 -8754 -8755
f -8767 -8755 -8765
f -8765 -8755 -8763
f -8765 -8763 -8764
f -8764 -8763 -8762
f -8764 -8762 -8756
f -8756 -8762 -8757
f -8756 -8757 -8758
f -8758 -8757 -8759
f -8758 -8759 -8760
f -8760 -8759 -8761
f -8767 -8765 -8766
f -8766 -8765 -8764
f -8766 -8764 -8756
f -8758 -8749 -8756
f -8756 -8749 -8766
f -8754 -8750 -8755
f -8755 -8750 -8751
f -8755 -8751 -8752
f -8741 -8774 -8742
f -8742 -8774 -8743
f -8742 -8743 -8737
f -8769 -8767 -8768
f -8768 -8767 -8766
f -8768 -8766 -8749
f -15919 -15918 -15917
f -15917 -15918 -15916
f -15917 -15916 -15915
f -15915 -15916 -15914
f -15915 -15914 -15913
f -15913 -15914 -15912
f -15913 -15912 -15911
f -15959 -15958 -15957
f -15957 -15958 -15956
f -15957 -15956 -15955
f -15955 -15956 -15954
f -15955 -15954 -15953
f -15953 -15954 -15952
f -15953 -15952 -15951
f -15969 -15968 -15967
f -15967 -15968 -15966
f -15967 -15966 -15965
f -15965 -15966 -15964
f -15965 -15964 -15963
f -15963 -15964 -15962
f -15963 -15962 -15961
f -15929 -15928 -15927
f -15927 -15928 -15926
f -15927 -15926 -15925
f -15925 -15926 -15924
f -15925 -15924 -15923
f -15923 -15924 -15922
f -15923 -15922 -15921
f -16001 -16003 -16002
f -16002 -16003 -15986
f -16002 -15986 -15988
f -15988 -15986 -15987
f -15988 -15987 -15990
f -15995 -15996 -15994
f -15994 -15996 -15993
f -15994 -15993 -15992
f -15992 -15993 -15991
f -15992 -15991 -15990
f -15990 -15991 -15989
f -15990 -15989 -15988
f -16061 -16060 -16059
f -16059 -16060 -16058
f -16059 -16058 -16057
f -16057 -16058 -16056
f -16057 -16056 -16055
f -16055 -16056 -16054
f -16055 -16054 -16053
f -16051 -16050 -16049
f -16049 -16050 -16048
f -16049 -16048 -16047
f -16047 -16048 -16046
f -16047 -16046 -16045
f -16045 -16046 -16044
f -16045 -16044 -16043
f -16091 -16090 -16089
f -16089 -16090 -16088
f -16089 -16088 -16087
f -16087 -16088 -16086
f -16087 -16086 -16085
f -16085 -16086 -16084
f -16085 -16084 -16083
f -16101 -16100 -16099
f -16099 -16100 -16098
f -16099 -16098 -16097
f -16097 -16098 -16096
f -16097 -16096 -16095
f -16095 -16096 -16094
f -16095 -16094 -16093
f -6430 -6431 -6432
f -6432 -6431 -6433
f -6432 -6433 -6434
f -6434 -6433 -6435
f -6434 -6435 -6436
f -6436 -6435 -6460
f -6436 -6460 -6462
f -6419 -6417 -6418
f -6418 -6417 -6416
f -6418 -6416 -6414
f -6414 -6416 -6415
f -6414 -6415 -6413
f -16133 -16135 -16134
f -16134 -16135 -16118
f -16134 -16118 -16120
f -16120 -16118 -16119
f -16120 -16119 -16122
f -16127 -16128 -16126
f -16126 -16128 -16125
f -16126 -16125 -16124
f -16124 -16125 -16123
f -16124 -16123 -16122
f -16122 -16123 -16121
f -16122 -16121 -16120
f -6866 -6868 -6869
f -6869 -6868 -6867
f -6026 -6016 -6025
f -6025 -6016 -6017
f -6025 -6017 -6018
f -6025 -6018 -6019
f -6019 -6018 -6020
f -6019 -6020 -6015
f -6011 -5867 -6013
f -6013 -5867 -6005
f -6013 -6005 -6007
f -6007 -6005 -6006
f -6007 -6006 -6008
f -6007 -6008 -6009
f -6009 -6008 -6010
f -6009 -6010 -6001
f -6004 -6003 -6002
f -6002 -6003 -6009
f -6002 -6009 -6001
f -5912 -5868 -5914
f -5914 -5868 -6021
f -5914 -6021 -6023
f -6023 -6021 -6022
f -6023 -6022 -6024
f -5996 -5997 -5995
f -5995 -5997 -6003
f -5995 -6003 -6004
f -5918 -5917 -5920
f -5920 -5917 -5916
f -5920 -5916 -5915
f -5865 -5864 -5909
f -5909 -5864 -5863
f -5909 -5863 -5862
f -5865 -5909 -5866
f -5866 -5909 -6000
f -5866 -6000 -5998
f -5998 -6000 -5999
f -5998 -5999 -5997
f -10602 -10604 -10603
f -10603 -10604 -10605
f -10540 -10663 -10661
f -10661 -10663 -10662
f -10661 -10662 -10660
f -10660 -10662 -10527
f -10742 -10744 -10745
f -10745 -10744 -10746
f -10852 -10853 -10854
f -10854 -10853 -10855
f -10869 -10870 -10876
f -10876 -10870 -10871
f -10875 -10874 -10873
f -10873 -10874 -10865
f -10873 -10865 -10863
f -10960 -10962 -10961
f -10961 -10962 -10914
f -10978 -10977 -11014
f -11014 -10977 -10976
f -11014 -10976 -11013
f -10236 -10237 -10242
f -10242 -10237 -10246
f -10314 -10316 -10315
f -10315 -10316 -10317
f -9610 -9612 -9611
f -9611 -9612 -9616
f -9614 -9615 -9616
f -9616 -9615 -9617
f -9616 -9617 -9621
f -9621 -9617 -9618
f -9629 -9630 -9631
f -9631 -9630 -9632
f -9624 -9625 -9626
f -9626 -9625 -9627
f -9626 -9627 -9631
f -9140 -9142 -9141
f -9141 -9142 -9143
f -9130 -9131 -9132
f -9132 -9131 -9133
f -9132 -9133 -9134
f -9134 -9133 -9135
f -9134 -9135 -9146
f -12301 -12300 -12299
f -12299 -12300 -12298
f -12299 -12298 -12297
f -12297 -12298 -12296
f -12297 -12296 -12295
f -12295 -12296 -12294
f -12278 -12279 -12280
f -12280 -12279 -12281
f -12280 -12281 -12282
f -12282 -12281 -12283
f -12282 -12283 -12284
f -12284 -12283 -12285
f -11352 -11351 -11350
f -11350 -11351 -11349
f -11350 -11349 -11348
f -11348 -11349 -11347
f -11348 -11347 -11346
f -11346 -11347 -11345
f -11346 -11345 -11344
f -11352 -11350 -11340
f -11340 -11350 -11341
f -11340 -11341 -11342
f -11001 -11000 -10999
f -10999 -11000 -10998
f -10999 -10998 -10997
f -11771 -11770 -11769
f -11769 -11770 -11768
f -11769 -11768 -11767
f -11767 -11768 -11766
f -11767 -11766 -11765
f -11765 -11766 -11764
f -11765 -11764 -11763
f -11763 -11764 -11762
f -11752 -11753 -11754
f -11754 -11753 -11755
f -11754 -11755 -11756
f -11756 -11755 -11757
f -11756 -11757 -11758
f -11758 -11757 -11759
f -11758 -11759 -11760
f -11760 -11759 -11761
f -11704 -11705 -11706
f -11706 -11705 -11707
f -11706 -11707 -11708
f -11708 -11707 -11709
f -11708 -11709 -11710
f -11710 -11709 -11711
f -11710 -11711 -11712
f -11712 -11711 -11713
f -11694 -11695 -11696
f -11696 -11695 -11697
f -11696 -11697 -11698
f -11698 -11697 -11699
f -11698 -11699 -11700
f -11700 -11699 -11701
f -11700 -11701 -11702
f -11702 -11701 -11703
f -7011 -7010 -7009
f -7009 -7010 -7008
f -7009 -7008 -7007
f -7013 -7015 -6995
f -6995 -7015 -7023
f -6995 -7023 -6990
f -7019 -7021 -7017
f -7017 -7021 -7023
f -7017 -7023 -7015
f -6982 -6983 -6984
f -6984 -6983 -6985
f -8131 -8132 -7597
f -7597 -8132 -7598
f -7597 -7598 -7599
f -7599 -7598 -7600
f -7599 -7600 -7601
f -7601 -7600 -7602
f -7601 -7602 -7603
f -7603 -7602 -7604
f -7603 -7604 -7605
f -7605 -7604 -7606
f -7605 -7606 -7607
f -7607 -7606 -7608
f -7607 -7608 -7609
f -7609 -7608 -7610
f -7609 -7610 -7611
f -7611 -7610 -8142
f -7611 -8142 -8143
f -8143 -8142 -8144
f -8143 -8144 -8145
f -7647 -7645 -7644
f -7644 -7645 -7643
f -7644 -7643 -7642
f -7642 -7643 -7641
f -7642 -7641 -7640
f -7640 -7641 -7639
f -7640 -7639 -7638
f -8128 -8127 -8126
f -8126 -8127 -8125
f -8126 -8125 -8141
f -8141 -8125 -8140
f -8141 -8140 -8139
f -8139 -8140 -8138
f -8139 -8138 -8137
f -8137 -8138 -8136
f -8137 -8136 -8135
f -8135 -8136 -8134
f -8135 -8134 -8133
f -8133 -8134 -8132
f -8133 -8132 -8131
f -8118 -8117 -8119
f -8119 -8117 -8116
f -8119 -8116 -8115
f -8115 -8116 -8017
f -8115 -8017 -8016
f -8073 -8072 -8071
f -8071 -8072 -8002
f -8078 -8080 -8004
f -8004 -8080 -8081
f -8079 -8075 -8074
f -8074 -8075 -8002
f -8074 -8002 -8072
f -8092 -8093 -8091
f -8091 -8093 -8094
f -8013 -8011 -8010
f -8010 -8011 -8009
f -8010 -8009 -8008
f -8008 -8009 -8007
f -8008 -8007 -8097
f -8794 -8793 -8792
f -8792 -8793 -8791
f -8792 -8791 -8790
f -8790 -8791 -8789
f -8790 -8789 -8788
f -8788 -8789 -8787
f -8788 -8787 -8786
f -8755 -8752 -8763
f -8763 -8752 -8753
f -8777 -8778 -8779
f -8779 -8778 -8780
f -8775 -8774 -8776
f -8776 -8774 -8741
f -15907 -15906 -15905
f -15905 -15906 -15904
f -15905 -15904 -15903
f -15903 -15904 -15902
f -15903 -15902 -15901
f -15901 -15902 -15900
f -15901 -15900 -15899
f -15899 -15900 -15898
f -15899 -15898 -15897
f -15897 -15898 -15896
f -15897 -15896 -15895
f -15895 -15896 -15894
f -15895 -15894 -15909
f -15909 -15894 -15908
f -15909 -15908 -15907
f -15907 -15908 -15906
f -15971 -15970 -15985
f -15985 -15970 -15984
f -15985 -15984 -15983
f -15983 -15984 -15982
f -15983 -15982 -15981
f -15981 -15982 -15980
f -15981 -15980 -15979
f -15979 -15980 -15978
f -15979 -15978 -15977
f -15977 -15978 -15976
f -15977 -15976 -15975
f -15975 -15976 -15974
f -15975 -15974 -15973
f -15973 -15974 -15972
f -15973 -15972 -15971
f -15971 -15972 -15970
f -15930 -15931 -15932
f -15932 -15931 -15933
f -15932 -15933 -15934
f -15934 -15933 -15935
f -15934 -15935 -15936
f -15936 -15935 -15937
f -15936 -15937 -15938
f -15938 -15937 -15939
f -15949 -15948 -15947
f -15947 -15948 -15946
f -15947 -15946 -15945
f -15945 -15946 -15944
f -15945 -15944 -15943
f -15943 -15944 -15942
f -15943 -15942 -15941
f -15941 -15942 -15940
f -16013 -16012 -16011
f -16011 -16012 -16010
f -16011 -16010 -16009
f -16009 -16010 -16008
f -16009 -16008 -16007
f -16007 -16008 -16006
f -16007 -16006 -16005
f -16005 -16006 -16004
f -16001 -16000 -15999
f -15999 -16000 -15998
f -15999 -15998 -15997
f -15997 -15998 -15996
f -15997 -15996 -15995
f -16035 -16034 -16033
f -16033 -16034 -16032
f -16033 -16032 -16031
f -16031 -16032 -16030
f -16031 -16030 -16029
f -16029 -16030 -16028
f -16029 -16028 -16027
f -16027 -16028 -16026
f -16027 -16026 -16041
f -16041 -16026 -16040
f -16041 -16040 -16039
f -16039 -16040 -16038
f -16039 -16038 -16037
f -16037 -16038 -16036
f -16037 -16036 -16035
f -16035 -16036 -16034
f -16025 -16024 -16023
f -16023 -16024 -16022
f -16023 -16022 -16021
f -16021 -16022 -16020
f -16021 -16020 -16019
f -16021 -16019 -16015
f -16015 -16019 -16016
f -16015 -16016 -16017
f -16017 -16016 -16018
f -16081 -16080 -16079
f -16079 -16080 -16078
f -16079 -16078 -16077
f -16077 -16078 -16076
f -16077 -16076 -16075
f -16075 -16076 -16074
f -16075 -16074 -16073
f -16073 -16074 -16072
f -16071 -16070 -16069
f -16069 -16070 -16068
f -16069 -16068 -16067
f -16067 -16068 -16066
f -16067 -16066 -16065
f -16065 -16066 -16064
f -16065 -16064 -16063
f -16063 -16064 -16062
f -16103 -16102 -16117
f -16117 -16102 -16116
f -16117 -16116 -16115
f -16115 -16116 -16114
f -16115 -16114 -16113
f -16113 -16114 -16112
f -16113 -16112 -16111
f -16111 -16112 -16110
f -16111 -16110 -16109
f -16109 -16110 -16108
f -16109 -16108 -16107
f -16107 -16108 -16106
f -16107 -16106 -16105
f -16105 -16106 -16104
f -16105 -16104 -16103
f -16103 -16104 -16102
f -6430 -6429 -6428
f -6428 -6429 -6427
f -6428 -6427 -6426
f -6426 -6427 -6425
f -6426 -6425 -6424
f -6424 -6425 -6423
f -6424 -6423 -6422
f -6422 -6423 -6421
f -6422 -6421 -6420
f -6420 -6421 -6419
f -6420 -6419 -6418
f -16154 -16152 -16153
f -16153 -16152 -16151
f -16153 -16151 -16147
f -16147 -16151 -16148
f -16147 -16148 -16149
f -16149 -16148 -16150
f -16136 -16137 -16138
f -16138 -16137 -16139
f -16138 -16139 -16140
f -16140 -16139 -16141
f -16140 -16141 -16142
f -16142 -16141 -16143
f -16142 -16143 -16144
f -16144 -16143 -16145
f -16157 -16156 -16155
f -16155 -16156 -16154
f -16155 -16154 -16153
f -16133 -16132 -16131
f -16131 -16132 -16130
f -16131 -16130 -16129
f -16129 -16130 -16128
f -16129 -16128 -16127
f -6023 -6024 -6025
f -6025 -6024 -6026
f -6019 -6014 -6013
f -6013 -6014 -6012
f -6013 -6012 -6011
f -5919 -5920 -5921
f -5921 -5920 -5926
f -5921 -5926 -5922
f -5920 -5915 -5914
f -5914 -5915 -5913
f -5914 -5913 -5912
f -10507 -10587 -10585
f -10716 -10718 -10717
f -10882 -10884 -10883
f -11028 -10939 -10944
f -10224 -10241 -10225
f -9431 -9432 -9435
f -9388 -9440 -9389
f -9129 -9137 -9128
f -9185 -9187 -9186
f -11740 -11743 -11741
f -7024 -7022 -6991
f -7001 -7020 -7018
f -15910 -15918 -15919
f -15950 -15958 -15959
f -15960 -15968 -15969
f -15920 -15928 -15929
f -16052 -16060 -16061
f -16042 -16050 -16051
f -16082 -16090 -16091
f -16092 -16100 -16101
f -6430 -6432 -6429
f -5918 -5920 -5919
f -10528 -10530 -10529
f -10726 -10725 -10727
f -10853 -10848 -10855
f -10875 -10877 -10874
f -10958 -10959 -10957
f -10978 -10979 -10977
f -10933 -10890 -10980
f -10100 -10102 -10101
f -10103 -10094 -10093
f -10096 -10097 -10095
f -10242 -10244 -10243
f -10237 -10238 -10246
f -10328 -10305 -10326
f -10316 -10318 -10317
f -9441 -9445 -9440
f -9142 -9144 -9143
f -9157 -9158 -9156
f -9054 -9056 -9055
f -10992 -11031 -10991
f -11738 -11750 -11739
f -7026 -6986 -7028
f -6999 -7000 -6998
f -7011 -6988 -7010
f -7010 -6992 -7008
f -6991 -6987 -6990
f -8118 -8018 -8117
f -8128 -8129 -8127
f -8093 -8098 -8094
f -8085 -8088 -8086
f -8080 -8084 -8081
f -16001 -16002 -16000
f -16023 -16014 -16025
f -6412 -6414 -6413
f -16155 -16146 -16157
f -16133 -16134 -16132
f -6019 -6015 -6014
f -5996 -5998 -5997
f -7061 -7033 -7059
f -6977 -6979 -6978
f -8631 -8639 -8632
f -8782 -8784 -8783
f -10639 -10655 -10653
f -10653 -10655 -10654
f -10653 -10654 -10652
f -10652 -10654 -10587
f -10652 -10587 -10548
f -10548 -10587 -10507
f -3982 -3983 -3981
f -3981 -3983 -3980
f -3981 -3980 -3979
f -3979 -3980 -3978
f -3979 -3978 -3977
f -3955 -3758 -3957
f -3957 -3758 -3959
f -3957 -3959 -3958
f -3958 -3959 -3960
f -4003 -4001 -4002
f -4002 -4001 -4000
f -4002 -4000 -3999
f -3999 -4000 -3998
f -3999 -3998 -3997
f -3997 -3998 -3996
f -3997 -3996 -3995
f -4009 -4010 -4008
f -4008 -4010 -4007
f -4008 -4007 -4006
f -4006 -4007 -4005
f -4006 -4005 -4004
f -4004 -4005 -4003
f -4004 -4003 -4002
f -3091 -3090 -3168
f -3168 -3090 -3089
f -3168 -3089 -3088
f -3094 -3093 -3168
f -3168 -3093 -3092
f -3168 -3092 -3091
f -3461 -3462 -3463
f -3463 -3462 -3464
f -3463 -3464 -3465
f -3465 -3464 -3466
f -3465 -3466 -3331
f -3324 -3460 -3465
f -3465 -3460 -3459
f -3465 -3459 -3458
f -3454 -3455 -3463
f -3463 -3455 -3316
f -3463 -3316 -3315
f -3327 -3326 -3465
f -3465 -3326 -3325
f -3465 -3325 -3324
f -3330 -3329 -3465
f -3465 -3329 -3328
f -3465 -3328 -3327
f -3306 -3305 -3463
f -3463 -3305 -3304
f -3463 -3304 -3461
f -3309 -3308 -3463
f -3463 -3308 -3307
f -3463 -3307 -3306
f -3312 -3311 -3463
f -3463 -3311 -3310
f -3463 -3310 -3309
f -3315 -3314 -3463
f -3463 -3314 -3313
f -3463 -3313 -3312
f -2440 -2439 -2441
f -2441 -2439 -2438
f -2441 -2438 -2437
f -1987 -1986 -1989
f -1989 -1986 -1985
f -1989 -1985 -1984
f -1932 -1946 -1948
f -1948 -1946 -1947
f -1948 -1947 -1949
f -1810 -1812 -1811
f -1811 -1812 -1814
f -1811 -1814 -1826
f -1826 -1814 -1827
f -1826 -1827 -1892
f -1892 -1827 -1894
f -1892 -1894 -1893
f -1893 -1894 -1895
f -1893 -1895 -1887
f -1887 -1895 -1793
f -1887 -1793 -1889
f -1889 -1793 -1794
f -1824 -1804 -1826
f -1826 -1804 -1805
f -1826 -1805 -1811
f -1811 -1805 -1806
f -1811 -1806 -1810
f -1579 -1577 -1558
f -1558 -1577 -1575
f -1558 -1575 -1559
f -1559 -1575 -1560
f -1560 -1575 -1573
f -1573 -1575 -1574
f -1573 -1574 -1572
f -1572 -1574 -1570
f -1575 -1576 -1574
f -1574 -1576 -1561
f -1574 -1561 -1570
f -8807 -8831 -8798
f -8798 -8831 -8797
f -8798 -8797 -8796
f -5794 -5770 -5792
f -5792 -5770 -5775
f -5792 -5775 -5773
f -5773 -5775 -5774
f -5773 -5774 -5788
f -5789 -5791 -5790
f -5790 -5791 -5792
f -5790 -5792 -5773
f -5380 -5379 -5494
f -5494 -5379 -5378
f -5227 -5228 -5229
f -5229 -5228 -5230
f -5229 -5230 -5231
f -5231 -5230 -5232
f -5231 -5232 -5226
f -5344 -5345 -5346
f -5346 -5345 -5347
f -5346 -5347 -5348
f -5348 -5347 -5350
f -5348 -5350 -5349
f -5349 -5350 -5351
f -5118 -5116 -5117
f -5117 -5116 -5115
f -5117 -5115 -5114
f -4895 -5109 -5112
f -5112 -5109 -5108
f -5112 -5108 -5107
f -5113 -5111 -5112
f -5112 -5111 -5110
f -5112 -5110 -4895
f -4996 -4995 -5229
f -5229 -4995 -4994
f -5229 -4994 -5227
f -4999 -4998 -5229
f -5229 -4998 -4997
f -5229 -4997 -4996
f -5002 -5001 -5229
f -5229 -5001 -5000
f -5229 -5000 -4999
f -5005 -5004 -5229
f -5229 -5004 -5003
f -5229 -5003 -5002
f -5008 -5007 -5229
f -5229 -5007 -5006
f -5229 -5006 -5005
f -5011 -5010 -5229
f -5229 -5010 -5009
f -5229 -5009 -5008
f -5122 -5013 -5229
f -5229 -5013 -5012
f -5229 -5012 -5011
f -5224 -5222 -5223
f -5223 -5222 -5221
f -5223 -5221 -5119
f -6502 -6501 -6511
f -6511 -6501 -6509
f -6511 -6509 -6510
f -6510 -6509 -6508
f -6510 -6508 -6506
f -6510 -6512 -6511
f -6511 -6512 -6502
f -6841 -6839 -6840
f -6840 -6839 -6838
f -6840 -6838 -6818
f -6871 -6870 -6872
f -6872 -6870 -6892
f -6872 -6892 -6893
f -6893 -6892 -6891
f -4017 -4016 -4015
f -4015 -4016 -4014
f -4015 -4014 -4013
f -4013 -4014 -4012
f -4013 -4012 -4011
f -4011 -4012 -4010
f -4011 -4010 -4009
f -3973 -3972 -3971
f -3971 -3972 -3970
f -3971 -3970 -3969
f -3969 -3970 -3968
f -3969 -3968 -3967
f -3967 -3968 -3966
f -3967 -3966 -3965
f -3965 -3966 -3964
f -3965 -3964 -3963
f -3963 -3964 -3962
f -3963 -3962 -3961
f -3961 -3962 -3960
f -3961 -3960 -3959
f -3951 -3952 -3953
f -3953 -3952 -3954
f -3953 -3954 -3955
f -3955 -3954 -3956
f -3997 -3995 -3994
f -3994 -3995 -3993
f -3994 -3993 -3992
f -3992 -3993 -3991
f -3992 -3991 -3990
f -3990 -3991 -3989
f -3990 -3989 -3988
f -3988 -3989 -3987
f -3988 -3987 -3986
f -3986 -3987 -3985
f -3986 -3985 -3984
f -3984 -3985 -3983
f -3984 -3983 -3982
f -3628 -3629 -3630
f -3630 -3629 -3631
f -3630 -3631 -3632
f -3632 -3631 -3633
f -3632 -3633 -3634
f -3634 -3633 -3635
f -2405 -2404 -2403
f -2403 -2404 -2402
f -2403 -2402 -2401
f -2401 -2402 -2400
f -2401 -2400 -2399
f -2399 -2400 -2398
f -1620 -1563 -1581
f -1581 -1563 -1564
f -1581 -1564 -1583
f -1581 -1579 -1620
f -1620 -1579 -1558
f -6971 -6973 -6972
f -6972 -6973 -6974
f -6973 -6975 -6974
f -6974 -6975 -6976
f -6975 -6977 -6976
f -6976 -6977 -6978
f -8779 -8780 -8781
f -8781 -8780 -8782
f -8842 -8844 -8843
f -8843 -8844 -8845
f -8844 -8846 -8845
f -8845 -8846 -8847
f -5795 -5794 -5793
f -5793 -5794 -5792
f -5793 -5792 -5791
f -5789 -5790 -5788
f -5788 -5790 -5773
f -5839 -5838 -5837
f -5837 -5838 -5836
f -5837 -5836 -5835
f -5835 -5836 -5834
f -5835 -5834 -5833
f -5833 -5834 -5832
f -5356 -5355 -5354
f -5354 -5355 -5353
f -5354 -5353 -5352
f -5352 -5353 -5351
f -5352 -5351 -5350
f -5112 -5117 -5113
f -5113 -5117 -5114
f -5125 -5121 -5229
f -5229 -5121 -5122
f -5117 -5223 -5118
f -5118 -5223 -5119
f -5223 -5231 -5224
f -5224 -5231 -5225
f -6466 -6467 -6468
f -6468 -6467 -6469
f -6468 -6469 -6470
f -6470 -6469 -6471
f -6888 -6889 -6890
f -6890 -6889 -6891
f -6890 -6891 -6892
f -6027 -6028 -6029
f -6029 -6028 -6030
f -6029 -6030 -6031
f -6031 -6030 -6032
f -6483 -6482 -6512
f -6512 -6482 -6502
f -3094 -3168 -3095
f -3330 -3465 -3331
f -2436 -2441 -2437
f -1987 -1989 -1988
f -1813 -1814 -1812
f -1575 -1577 -1576
f -5231 -5226 -5225
f -5229 -5231 -4899
f -3469 -3465 -3458
f -1949 -1950 -1948
f -5837 -5819 -5839
f -6468 -6464 -6466
f -3949 -3952 -3950
f -3752 -3754 -3753
f -3755 -3757 -3756
f -5365 -5366 -5380
f -3978 -3976 -3977
f -3977 -3976 -3975
f -3977 -3975 -3973
f -3973 -3975 -3974
f -3973 -3974 -3972
f -4037 -4035 -4036
f -4036 -4035 -4034
f -4036 -4034 -4033
f -4033 -4034 -4032
f -4033 -4032 -4031
f -4031 -4032 -4030
f -4031 -4030 -4029
f -4029 -4030 -4028
f -4029 -4028 -4027
f -4027 -4028 -4026
f -4027 -4026 -4025
f -4047 -4048 -4046
f -4046 -4048 -4045
f -4046 -4045 -4044
f -4044 -4045 -4043
f -4044 -4043 -4042
f -4042 -4043 -4041
f -4042 -4041 -4040
f -4040 -4041 -4039
f -4040 -4039 -4038
f -4038 -4039 -4037
f -4038 -4037 -4036
f -4061 -4062 -4060
f -4060 -4062 -4059
f -4060 -4059 -4057
f -4057 -4059 -4058
f -4057 -4058 -4056
f -4071 -4069 -4070
f -4070 -4069 -4068
f -4070 -4068 -4067
f -4067 -4068 -4066
f -4067 -4066 -4065
f -4065 -4066 -4064
f -4065 -4064 -4063
f -4063 -4064 -4062
f -4063 -4062 -4061
f -4078 -4076 -4077
f -4077 -4076 -4075
f -4077 -4075 -4074
f -4074 -4075 -4073
f -4074 -4073 -4072
f -4072 -4073 -4071
f -4072 -4071 -4070
f -3119 -3118 -3178
f -3178 -3118 -3117
f -3178 -3117 -3116
f -3115 -3114 -3178
f -3178 -3114 -3113
f -3178 -3113 -3176
f -3088 -3166 -3168
f -3168 -3166 -3167
f -3168 -3167 -3169
f -3168 -3169 -3173
f -3173 -3169 -3170
f -3173 -3170 -3112
f -3108 -3171 -3173
f -3173 -3171 -3172
f -3173 -3172 -3174
f -3173 -3174 -3178
f -3178 -3174 -3175
f -3178 -3175 -3119
f -3111 -3110 -3173
f -3173 -3110 -3109
f -3173 -3109 -3108
f -3592 -3593 -3591
f -3591 -3593 -3590
f -3591 -3590 -3589
f -3589 -3590 -3588
f -3589 -3588 -3587
f -3587 -3588 -3586
f -3587 -3586 -3585
f -3600 -3598 -3599
f -3599 -3598 -3597
f -3599 -3597 -3596
f -3596 -3597 -3595
f -3596 -3595 -3594
f -3594 -3595 -3593
f -3594 -3593 -3592
f -9039 -9040 -9041
f -9041 -9040 -9042
f -9041 -9042 -9043
f -9043 -9042 -9044
f -9043 -9044 -9045
f -9045 -9044 -9046
f -9045 -9046 -9053
f -9053 -9046 -9052
f -9053 -9052 -9051
f -9051 -9052 -9050
f -9051 -9050 -9049
f -9049 -9050 -9048
f -9049 -9048 -9047
f -3446 -3447 -3448
f -3448 -3447 -3449
f -3448 -3449 -3453
f -3453 -3449 -3450
f -3453 -3450 -3303
f -3297 -3451 -3453
f -3453 -3451 -3452
f -3453 -3452 -3454
f -3441 -3442 -3443
f -3443 -3442 -3444
f -3443 -3444 -3448
f -3448 -3444 -3445
f -3448 -3445 -3296
f -3439 -3440 -3443
f -3443 -3440 -3289
f -3443 -3289 -3288
f -3300 -3299 -3453
f -3453 -3299 -3298
f -3453 -3298 -3297
f -3303 -3302 -3453
f -3453 -3302 -3301
f -3453 -3301 -3300
f -3279 -3278 -3443
f -3443 -3278 -3277
f -3443 -3277 -3441
f -3282 -3281 -3443
f -3443 -3281 -3280
f -3443 -3280 -3279
f -3285 -3284 -3443
f -3443 -3284 -3283
f -3443 -3283 -3282
f -3288 -3287 -3443
f -3443 -3287 -3286
f -3443 -3286 -3285
f -3296 -3295 -3448
f -3448 -3295 -3294
f -3448 -3294 -3293
f -3292 -3291 -3448
f -3448 -3291 -3290
f -3448 -3290 -3446
f -2378 -2376 -2380
f -2380 -2376 -2402
f -2380 -2402 -2404
f -2428 -2429 -2430
f -2430 -2429 -2431
f -2430 -2431 -2432
f -2432 -2431 -2433
f -2432 -2433 -2434
f -2434 -2433 -2435
f -2434 -2435 -2422
f -2418 -2417 -2420
f -2420 -2417 -2416
f -2420 -2416 -2415
f -2606 -2607 -2608
f -2608 -2607 -2615
f -2608 -2615 -2613
f -2613 -2615 -2614
f -2613 -2614 -2612
f -2788 -2789 -2798
f -2798 -2789 -2797
f -2798 -2797 -2799
f -2789 -2796 -2794
f -2794 -2796 -2795
f -2794 -2795 -2793
f -2003 -2002 -2001
f -2001 -2002 -2000
f -2001 -2000 -1999
f -1999 -2000 -1998
f -1999 -1998 -1997
f -2008 -2007 -2009
f -2009 -2007 -2006
f -2009 -2006 -2005
f -1950 -1944 -1948
f -1948 -1944 -1945
f -1809 -1797 -1878
f -1878 -1797 -1798
f -1878 -1798 -1885
f -1885 -1798 -1799
f -1885 -1799 -1884
f -1875 -1876 -1886
f -1886 -1876 -1885
f -1886 -1885 -1893
f -1893 -1885 -1891
f -1893 -1891 -1892
f -1892 -1891 -1890
f -1892 -1890 -1825
f -1807 -1808 -1880
f -1880 -1808 -1878
f -1880 -1878 -1879
f -1879 -1878 -1877
f -1883 -1807 -1882
f -1882 -1807 -1880
f -1882 -1880 -1881
f -1881 -1880 -1879
f -1874 -1875 -1888
f -1888 -1875 -1886
f -1888 -1886 -1887
f -1887 -1886 -1893
f -1495 -1494 -1552
f -1552 -1494 -1554
f -1552 -1554 -1553
f -1553 -1554 -1555
f -1496 -1497 -1621
f -1621 -1497 -1498
f -1621 -1498 -1550
f -1550 -1498 -1552
f -1550 -1552 -1551
f -1551 -1552 -1553
f -1562 -1563 -1622
f -1622 -1563 -1620
f -1622 -1620 -1621
f -1621 -1620 -1619
f -1621 -1619 -1451
f -1549 -1548 -1621
f -1621 -1548 -1623
f -1621 -1623 -1622
f -1622 -1623 -1624
f -1622 -1624 -1562
f -1562 -1624 -1493
f -13861 -13860 -13862
f -13862 -13860 -13847
f -13862 -13847 -13848
f -13854 -13855 -13852
f -13852 -13855 -13853
f -13852 -13853 -13851
f -13883 -13882 -13881
f -13881 -13882 -13880
f -13881 -13880 -13879
f -13879 -13880 -13878
f -13879 -13878 -13877
f -13877 -13878 -13876
f -13877 -13876 -13875
f -13872 -13871 -13870
f -13870 -13871 -13869
f -13870 -13869 -13868
f -13868 -13869 -13867
f -13868 -13867 -13866
f -13866 -13867 -13865
f -13866 -13865 -13864
f -13649 -13648 -13647
f -13647 -13648 -13646
f -13647 -13646 -13645
f -13645 -13646 -13644
f -13645 -13644 -13643
f -13643 -13644 -13642
f -13643 -13642 -13641
f -13660 -13659 -13658
f -13658 -13659 -13657
f -13658 -13657 -13656
f -13656 -13657 -13655
f -13656 -13655 -13654
f -13654 -13655 -13653
f -13654 -13653 -13652
f -13753 -13752 -13751
f -13751 -13752 -13750
f -13751 -13750 -13749
f -13749 -13750 -13748
f -13749 -13748 -13747
f -13747 -13748 -13746
f -13747 -13746 -13745
f -13779 -13778 -13777
f -13777 -13778 -13776
f -13777 -13776 -13775
f -13775 -13776 -13774
f -13775 -13774 -13773
f -13773 -13774 -13772
f -13773 -13772 -13771
f -6973 -6971 -6962
f -6962 -6971 -6963
f -6962 -6963 -6965
f -6965 -6963 -6964
f -6965 -6964 -6966
f -13790 -13789 -13788
f -13788 -13789 -13787
f -13788 -13787 -13786
f -13786 -13787 -13785
f -13786 -13785 -13784
f -13784 -13785 -13783
f -13784 -13783 -13782
f -6968 -6970 -6969
f -6969 -6970 -6980
f -6969 -6980 -6982
f -6982 -6980 -6981
f -6982 -6981 -6983
f -13731 -13730 -13732
f -13732 -13730 -13717
f -13732 -13717 -13718
f -13742 -13741 -13740
f -13740 -13741 -13739
f -13740 -13739 -13738
f -13738 -13739 -13737
f -13738 -13737 -13736
f -13736 -13737 -13735
f -13736 -13735 -13734
f -13724 -13725 -13722
f -13722 -13725 -13723
f -13722 -13723 -13721
f -8812 -8811 -8813
f -8813 -8811 -8809
f -8813 -8809 -8810
f -8810 -8809 -8808
f -8810 -8808 -8799
f -8799 -8808 -8818
f -8799 -8818 -8823
f -8823 -8818 -8825
f -8823 -8825 -8824
f -8824 -8825 -8836
f -8824 -8836 -8838
f -8838 -8836 -8837
f -8838 -8837 -8839
f -8839 -8837 -8803
f -8839 -8803 -8802
f -8816 -8814 -8815
f -8815 -8814 -8813
f -8815 -8813 -8821
f -8821 -8813 -8810
f -8821 -8810 -8822
f -8822 -8810 -8799
f -8822 -8799 -8823
f -8801 -8841 -8839
f -8839 -8841 -8840
f -8839 -8840 -8838
f -8838 -8840 -8827
f -8838 -8827 -8824
f -8824 -8827 -8829
f -8824 -8829 -8823
f -8823 -8829 -8822
f -8806 -8805 -8833
f -8833 -8805 -8835
f -8833 -8835 -8834
f -8834 -8835 -8836
f -8834 -8836 -8825
f -8836 -8835 -8837
f -8837 -8835 -8804
f -8837 -8804 -8803
f -8806 -8833 -8807
f -8807 -8833 -8831
f -8821 -8822 -8830
f -8830 -8822 -8829
f -8830 -8829 -8828
f -8828 -8829 -8827
f -8828 -8827 -8826
f -8826 -8827 -8840
f -8826 -8840 -8841
f -8816 -8815 -8819
f -8819 -8815 -8821
f -8819 -8821 -8820
f -8820 -8821 -8830
f -8820 -8830 -8828
f -5794 -5796 -5768
f -5768 -5796 -5769
f -5768 -5769 -5772
f -5772 -5769 -5783
f -5772 -5783 -5784
f -5784 -5783 -5806
f -5784 -5806 -5804
f -5804 -5806 -5805
f -5804 -5805 -5803
f -5780 -5778 -5779
f -5779 -5778 -5777
f -5779 -5777 -5771
f -5771 -5777 -5770
f -5771 -5770 -5794
f -5794 -5768 -5771
f -5771 -5768 -5772
f -5771 -5772 -5779
f -5779 -5772 -5784
f -5779 -5784 -5780
f -5780 -5784 -5781
f -5797 -5798 -5796
f -5796 -5798 -5767
f -5796 -5767 -5769
f -5769 -5767 -5782
f -5769 -5782 -5783
f -5783 -5782 -5808
f -5783 -5808 -5806
f -5806 -5808 -5807
f -5806 -5807 -5805
f -5799 -5800 -5798
f -5798 -5800 -5786
f -5798 -5786 -5767
f -5767 -5786 -5785
f -5767 -5785 -5782
f -5782 -5785 -5810
f -5782 -5810 -5808
f -5808 -5810 -5809
f -5808 -5809 -5807
f -5799 -5801 -5800
f -5800 -5801 -5787
f -5800 -5787 -5818
f -5778 -5776 -5777
f -5777 -5776 -5775
f -5777 -5775 -5770
f -5785 -5786 -5814
f -5814 -5786 -5816
f -5814 -5816 -5815
f -5815 -5816 -5817
f -5817 -5816 -5818
f -5818 -5816 -5800
f -5810 -5785 -5812
f -5812 -5785 -5814
f -5812 -5814 -5813
f -5813 -5814 -5815
f -5824 -5825 -5826
f -5826 -5825 -5827
f -5826 -5827 -5828
f -5828 -5827 -5829
f -5828 -5829 -5830
f -5830 -5829 -5831
f -5830 -5831 -5822
f -5822 -5831 -5823
f -5822 -5823 -5821
f -5383 -5382 -5446
f -5446 -5382 -5381
f -5446 -5381 -5443
f -5386 -5385 -5446
f -5446 -5385 -5384
f -5446 -5384 -5383
f -5445 -5444 -5446
f -5446 -5444 -5386
f -5441 -5439 -5440
f -5440 -5439 -5438
f -5440 -5438 -5437
f -5355 -5356 -5357
f -5357 -5356 -5359
f -5357 -5359 -5358
f -5358 -5359 -5360
f -5104 -5103 -5106
f -5106 -5103 -5102
f -5106 -5102 -5101
f -5083 -5082 -5217
f -5217 -5082 -5081
f -5217 -5081 -5215
f -5220 -5214 -5219
f -5219 -5214 -5213
f -5219 -5213 -5212
f -5098 -4993 -5100
f -5100 -4993 -4992
f -5100 -4992 -5097
f -4988 -5091 -5094
f -5094 -5091 -5090
f -5094 -5090 -5089
f -5095 -5093 -5094
f -5094 -5093 -5092
f -5094 -5092 -4991
f -5086 -5085 -5088
f -5088 -5085 -5084
f -5088 -5084 -5083
f -4991 -4990 -5094
f -5094 -4990 -4989
f -5094 -4989 -4988
f -6486 -6485 -6490
f -6490 -6485 -6487
f -6490 -6487 -6489
f -6489 -6487 -6517
f -6489 -6517 -6488
f -6488 -6517 -6519
f -6488 -6519 -6497
f -6497 -6519 -6495
f -6497 -6495 -6496
f -6496 -6495 -6494
f -6496 -6494 -6484
f -6484 -6494 -6492
f -6513 -6514 -6515
f -6515 -6514 -6516
f -6515 -6516 -6517
f -6517 -6516 -6518
f -6517 -6518 -6519
f -6519 -6518 -6520
f -6519 -6520 -6495
f -6495 -6520 -6493
f -6495 -6493 -6494
f -6494 -6493 -6492
f -6490 -6489 -6499
f -6499 -6489 -6498
f -6499 -6498 -6505
f -6505 -6498 -6503
f -6505 -6503 -6504
f -6504 -6506 -6505
f -6505 -6506 -6507
f -6505 -6507 -6499
f -6499 -6507 -6500
f -6499 -6500 -6490
f -6490 -6500 -6486
f -6489 -6488 -6498
f -6498 -6488 -6497
f -6498 -6497 -6503
f -6503 -6497 -6496
f -6506 -6508 -6507
f -6507 -6508 -6509
f -6507 -6509 -6500
f -6500 -6509 -6501
f -6500 -6501 -6486
f -6834 -6833 -6837
f -6837 -6833 -6832
f -6837 -6832 -6830
f -6830 -6832 -6831
f -6830 -6831 -6829
f -6829 -6831 -6820
f -6829 -6820 -6852
f -6852 -6820 -6850
f -6852 -6850 -6851
f -6851 -6850 -6849
f -6851 -6849 -6847
f -6847 -6849 -6848
f -6847 -6848 -6846
f -6823 -6825 -6824
f -6824 -6825 -6847
f -6824 -6847 -6819
f -6819 -6847 -6845
f -6821 -6844 -6836
f -6836 -6844 -6842
f -6836 -6842 -6837
f -6837 -6842 -6834
f -6843 -6841 -6842
f -6842 -6841 -6840
f -6842 -6840 -6834
f -6822 -6821 -6860
f -6860 -6821 -6836
f -6860 -6836 -6835
f -6835 -6836 -6837
f -6835 -6837 -6830
f -6817 -6861 -6859
f -6859 -6861 -6860
f -6859 -6860 -6858
f -6858 -6860 -6835
f -6858 -6835 -6856
f -6856 -6835 -6830
f -6856 -6830 -6829
f -6856 -6829 -6854
f -6854 -6829 -6852
f -6854 -6852 -6853
f -6853 -6852 -6851
f -6853 -6851 -6827
f -6827 -6851 -6847
f -6827 -6847 -6826
f -6826 -6847 -6825
f -6856 -6854 -6855
f -6855 -6854 -6853
f -6855 -6853 -6828
f -6828 -6853 -6827
f -6828 -6827 -6826
f -6877 -6879 -6878
f -6878 -6879 -6880
f -6878 -6880 -6882
f -6882 -6880 -6881
f -6882 -6881 -6883
f -4016 -4017 -4018
f -4018 -4017 -4019
f -4018 -4019 -4020
f -4020 -4019 -4021
f -4057 -4056 -4055
f -4055 -4056 -4054
f -4055 -4054 -4053
f -4053 -4054 -4052
f -4053 -4052 -4051
f -4051 -4052 -4050
f -4051 -4050 -4049
f -4049 -4050 -4048
f -4049 -4048 -4047
f -4077 -4079 -4078
f -4078 -4079 -4080
f -4099 -4098 -4097
f -4097 -4098 -4096
f -4097 -4096 -4095
f -4095 -4096 -4094
f -4095 -4094 -4093
f -4093 -4094 -4092
f -4093 -4092 -4091
f -4091 -4092 -4090
f -4091 -4090 -4089
f -4089 -4090 -4088
f -4089 -4088 -4087
f -4087 -4088 -4086
f -4087 -4086 -4085
f -4085 -4086 -4084
f -4085 -4084 -4083
f -4083 -4084 -4082
f -4083 -4082 -4081
f -4081 -4082 -4080
f -4081 -4080 -4079
f -3015 -3014 -3013
f -3013 -3014 -3012
f -3013 -3012 -3011
f -3011 -3012 -3010
f -3011 -3010 -3009
f -3009 -3010 -3008
f -3024 -3025 -3026
f -3026 -3025 -3027
f -3026 -3027 -3028
f -3028 -3027 -3029
f -3028 -3029 -3030
f -3030 -3029 -3031
f -2961 -2960 -2959
f -2959 -2960 -2958
f -2959 -2958 -2957
f -2957 -2958 -2956
f -2957 -2956 -2955
f -2955 -2956 -2954
f -2955 -2954 -2953
f -2953 -2954 -2952
f -2962 -2963 -2964
f -2964 -2963 -2965
f -2964 -2965 -2966
f -2966 -2965 -2967
f -2966 -2967 -2968
f -2968 -2967 -2969
f -2968 -2969 -2970
f -2970 -2969 -2971
f -2870 -2871 -2872
f -2872 -2871 -2873
f -2872 -2873 -2874
f -2874 -2873 -2875
f -2874 -2875 -2876
f -2876 -2875 -2877
f -2876 -2877 -2878
f -2878 -2877 -2879
f -2860 -2861 -2862
f -2862 -2861 -2863
f -2862 -2863 -2864
f -2864 -2863 -2865
f -2864 -2865 -2866
f -2866 -2865 -2867
f -2866 -2867 -2868
f -2868 -2867 -2869
f -2798 -2799 -2800
f -2800 -2799 -2801
f -2800 -2801 -2802
f -2802 -2801 -2803
f -2802 -2803 -2790
f -3629 -3628 -3627
f -3627 -3628 -3626
f -3627 -3626 -3625
f -3625 -3626 -3624
f -3625 -3624 -3623
f -3623 -3624 -3622
f -3623 -3622 -3621
f -3621 -3622 -3620
f -3621 -3620 -3619
f -3619 -3620 -3618
f -3619 -3618 -3617
f -3617 -3618 -3616
f -3617 -3616 -3615
f -3615 -3616 -3614
f -3615 -3614 -3613
f -3613 -3614 -3612
f -3613 -3612 -3611
f -3611 -3612 -3610
f -3611 -3610 -3609
f -3609 -3610 -3608
f -3609 -3608 -3607
f -3607 -3608 -3606
f -3607 -3606 -3605
f -3605 -3606 -3604
f -3605 -3604 -3603
f -3603 -3604 -3602
f -3603 -3602 -3601
f -3601 -3602 -3600
f -3601 -3600 -3599
f -2380 -2379 -2378
f -2378 -2379 -2377
f -2378 -2377 -2406
f -2428 -2430 -2427
f -2427 -2430 -2426
f -2427 -2426 -2425
f -2425 -2426 -2424
f -2425 -2424 -2423
f -2608 -2605 -2606
f -2606 -2605 -2604
f -2606 -2604 -2603
f -2603 -2604 -2601
f -2603 -2601 -2602
f -2602 -2601 -2600
f -2602 -2600 -2609
f -2602 -2609 -2610
f -2610 -2609 -2611
f -2610 -2611 -2612
f -2612 -2611 -2613
f -2802 -2790 -2791
f -2791 -2790 -2792
f -2791 -2792 -2793
f -2793 -2792 -2794
f -2003 -1996 -2002
f -2002 -1996 -1995
f -2002 -1995 -1994
f -1994 -1995 -1993
f -1994 -1993 -1992
f -1992 -1993 -1991
f -1992 -1991 -1990
f -1881 -1926 -1882
f -1882 -1926 -1883
f -1933 -1945 -1943
f -1943 -1945 -1944
f -1943 -1944 -1942
f -1876 -1877 -1885
f -1885 -1877 -1878
f -1824 -1826 -1825
f -1825 -1826 -1892
f -1558 -1557 -1620
f -1620 -1557 -1618
f -1620 -1618 -1619
f -1555 -1554 -1556
f -1556 -1554 -1494
f -1621 -1550 -1549
f -1549 -1550 -1551
f -13855 -13856 -13857
f -13857 -13856 -13858
f -13857 -13858 -13859
f -13859 -13858 -13860
f -13859 -13860 -13861
f -13846 -13845 -13844
f -13844 -13845 -13843
f -13844 -13843 -13842
f -13842 -13843 -13841
f -13842 -13841 -13840
f -13840 -13841 -13839
f -13840 -13839 -13838
f -13838 -13839 -13837
f -13862 -13848 -13849
f -13849 -13848 -13850
f -13849 -13850 -13851
f -13851 -13850 -13852
f -13827 -13828 -13829
f -13829 -13828 -13830
f -13829 -13830 -13831
f -13831 -13830 -13832
f -13831 -13832 -13833
f -13833 -13832 -13834
f -13833 -13834 -13835
f -13835 -13834 -13836
f -13826 -13825 -13824
f -13824 -13825 -13823
f -13824 -13823 -13822
f -13822 -13823 -13821
f -13822 -13821 -13820
f -13820 -13821 -13819
f -13820 -13819 -13818
f -13818 -13819 -13817
f -13818 -13817 -13816
f -13816 -13817 -13815
f -13816 -13815 -13814
f -13814 -13815 -13813
f -13814 -13813 -13812
f -13812 -13813 -13811
f -13812 -13811 -13826
f -13826 -13811 -13825
f -13801 -13802 -13803
f -13803 -13802 -13804
f -13803 -13804 -13805
f -13805 -13804 -13806
f -13805 -13806 -13807
f -13807 -13806 -13808
f -13807 -13808 -13809
f -13809 -13808 -13810
f -13873 -13882 -13874
f -13874 -13882 -13883
f -13661 -13662 -13663
f -13663 -13662 -13664
f -13663 -13664 -13665
f -13665 -13664 -13666
f -13665 -13666 -13667
f -13667 -13666 -13668
f -13667 -13668 -13669
f -13669 -13668 -13670
f -13650 -13659 -13651
f -13651 -13659 -13660
f -13671 -13672 -13673
f -13673 -13672 -13674
f -13673 -13674 -13675
f -13675 -13674 -13676
f -13675 -13676 -13677
f -13677 -13676 -13678
f -13677 -13678 -13679
f -13679 -13678 -13680
f -13626 -13627 -13628
f -13628 -13627 -13629
f -13628 -13629 -13630
f -13630 -13629 -13631
f -13630 -13631 -13632
f -13632 -13631 -13633
f -13632 -13633 -13634
f -13634 -13633 -13635
f -13634 -13635 -13636
f -13636 -13635 -13637
f -13636 -13637 -13638
f -13638 -13637 -13639
f -13638 -13639 -13624
f -13624 -13639 -13625
f -13624 -13625 -13626
f -13626 -13625 -13627
f -13754 -13755 -13756
f -13756 -13755 -13757
f -13756 -13757 -13758
f -13758 -13757 -13759
f -13758 -13759 -13760
f -13760 -13759 -13761
f -13760 -13761 -13762
f -13762 -13761 -13763
f -13762 -13763 -13764
f -13764 -13763 -13765
f -13764 -13765 -13766
f -13766 -13765 -13767
f -13766 -13767 -13768
f -13768 -13767 -13769
f -13768 -13769 -13754
f -13754 -13769 -13755
f -13743 -13752 -13744
f -13744 -13752 -13753
f -6965 -6966 -6967
f -6967 -6966 -6968
f -6967 -6968 -6969
f -13780 -13789 -13781
f -13781 -13789 -13790
f -13791 -13792 -13793
f -13793 -13792 -13794
f -13793 -13794 -13795
f -13795 -13794 -13796
f -13795 -13796 -13797
f -13797 -13796 -13798
f -13797 -13798 -13799
f -13799 -13798 -13800
f -13697 -13698 -13699
f -13699 -13698 -13700
f -13699 -13700 -13701
f -13701 -13700 -13702
f -13701 -13702 -13703
f -13703 -13702 -13704
f -13703 -13704 -13705
f -13705 -13704 -13706
f -13707 -13708 -13709
f -13709 -13708 -13710
f -13709 -13710 -13711
f -13711 -13710 -13712
f -13711 -13712 -13713
f -13713 -13712 -13714
f -13713 -13714 -13715
f -13715 -13714 -13716
f -13696 -13695 -13694
f -13694 -13695 -13693
f -13694 -13693 -13692
f -13692 -13693 -13691
f -13692 -13691 -13690
f -13690 -13691 -13689
f -13690 -13689 -13688
f -13688 -13689 -13687
f -13688 -13687 -13686
f -13686 -13687 -13685
f -13686 -13685 -13684
f -13684 -13685 -13683
f -13684 -13683 -13682
f -13682 -13683 -13681
f -13682 -13681 -13696
f -13696 -13681 -13695
f -13730 -13729 -13728
f -13728 -13729 -13727
f -13728 -13727 -13726
f -13726 -13727 -13725
f -13726 -13725 -13724
f -13732 -13718 -13719
f -13719 -13718 -13720
f -13719 -13720 -13721
f -13721 -13720 -13722
f -8783 -8784 -8785
f -8785 -8784 -8786
f -8785 -8786 -8787
f -8800 -8801 -8802
f -8802 -8801 -8839
f -8831 -8833 -8832
f -8832 -8833 -8834
f -8832 -8834 -8817
f -8817 -8834 -8825
f -8817 -8825 -8818
f -8858 -8857 -8856
f -8856 -8857 -8855
f -8856 -8855 -8854
f -8854 -8855 -8853
f -8854 -8853 -8852
f -8852 -8853 -8851
f -8852 -8851 -8850
f -8850 -8851 -8849
f -8850 -8849 -8848
f -8848 -8849 -8847
f -8848 -8847 -8846
f -5797 -5796 -5795
f -5795 -5796 -5794
f -5822 -5821 -5820
f -5820 -5821 -5832
f -5820 -5832 -5834
f -5809 -5810 -5811
f -5811 -5810 -5812
f -5811 -5812 -5813
f -5434 -5435 -5436
f -5436 -5435 -5440
f -5436 -5440 -5437
f -5440 -5446 -5441
f -5441 -5446 -5442
f -5364 -5363 -5362
f -5362 -5363 -5361
f -5362 -5361 -5360
f -5112 -5107 -5106
f -5106 -5107 -5105
f -5106 -5105 -5104
f -5215 -5216 -5217
f -5217 -5216 -5218
f -5217 -5218 -5219
f -5219 -5218 -5220
f -5094 -5089 -5088
f -5088 -5089 -5087
f -5088 -5087 -5086
f -5098 -5100 -5099
f -5099 -5100 -5101
f -5094 -5100 -5095
f -5095 -5100 -5096
f -6465 -6481 -6479
f -6479 -6481 -6480
f -6479 -6480 -6478
f -6479 -6478 -6477
f -6477 -6478 -6476
f -6477 -6476 -6475
f -6475 -6476 -6474
f -6475 -6474 -6473
f -6473 -6474 -6472
f -6473 -6472 -6471
f -6471 -6472 -6470
f -6485 -6513 -6487
f -6487 -6513 -6515
f -6487 -6515 -6517
f -6855 -6857 -6856
f -6856 -6857 -6858
f -6866 -6865 -6864
f -6864 -6865 -6863
f -6864 -6863 -6862
f -6874 -6875 -6876
f -6876 -6875 -6877
f -6876 -6877 -6878
f -6882 -6883 -6884
f -6884 -6883 -6885
f -6884 -6885 -6886
f -6886 -6885 -6887
f -6886 -6887 -6888
f -6888 -6887 -6889
f -3115 -3178 -3116
f -3177 -3178 -3176
f -3111 -3173 -3112
f -3292 -3448 -3293
f -2418 -2420 -2419
f -2796 -2789 -2788
f -2004 -2009 -2005
f -1808 -1809 -1878
f -1891 -1885 -1884
f -1552 -1498 -1495
f -1496 -1621 -1451
f -13863 -13871 -13872
f -13640 -13648 -13649
f -13770 -13778 -13779
f -13733 -13741 -13742
f -8808 -8809 -8811
f -8795 -8816 -8819
f -5786 -5800 -5816
f -5784 -5804 -5781
f -5446 -5443 -5442
f -5100 -5097 -5096
f -6845 -6847 -6846
f -6860 -6861 -6822
f -9038 -9040 -9039
f -3454 -3463 -3453
f -2421 -2434 -2422
f -1926 -1927 -1883
f -1887 -1889 -1888
f -1558 -1559 -1557
f -1562 -1564 -1563
f -13854 -13856 -13855
f -13730 -13731 -13729
f -8813 -8814 -8812
f -8835 -8805 -8804
f -5797 -5799 -5798
f -5802 -5804 -5803
f -5775 -5776 -5774
f -5433 -5435 -5434
f -5359 -5362 -5360
f -5100 -5106 -5101
f -5217 -5088 -5083
f -6492 -6493 -6491
f -6842 -6844 -6843
f -6832 -6833 -6831
f -6857 -6859 -6858
f -6849 -6850 -6848
f -6866 -6869 -6865
f -6873 -6875 -6874
f -8782 -8783 -8781
f -4026 -4024 -4025
f -4025 -4024 -4023
f -4025 -4023 -4021
f -4021 -4023 -4022
f -4021 -4022 -4020
f -10590 -10591 -10669
f -10669 -10591 -10592
f -10669 -10592 -10593
f -10593 -10592 -10594
f -10593 -10594 -10589
f -10595 -10604 -10568
f -10568 -10604 -10602
f -10665 -10664 -10666
f -10666 -10664 -10515
f -10666 -10515 -10573
f -10573 -10515 -10572
f -10573 -10572 -10629
f -10629 -10572 -10642
f -10629 -10642 -10627
f -10642 -10572 -10641
f -10641 -10572 -10506
f -10641 -10506 -10538
f -10668 -10670 -10669
f -10669 -10670 -10671
f -10669 -10671 -10590
f -10752 -10754 -10753
f -10753 -10754 -10746
f -10753 -10746 -10743
f -10743 -10746 -10744
f -10845 -10844 -10846
f -10846 -10844 -10835
f -10846 -10835 -10834
f -10837 -10836 -10843
f -10843 -10836 -10841
f -10843 -10841 -10842
f -10842 -10841 -10840
f -10914 -10962 -10915
f -10915 -10962 -10940
f -10915 -10940 -10941
f -10941 -10940 -11032
f -10941 -11032 -11020
f -11020 -11032 -10908
f -11020 -10908 -11018
f -10934 -11000 -10929
f -10929 -11000 -10928
f -10929 -10928 -10901
f -10899 -10898 -10929
f -10929 -10898 -10897
f -10929 -10897 -10990
f -10901 -10900 -10929
f -10929 -10900 -10899
f -10174 -10173 -10175
f -10175 -10173 -10172
f -10175 -10172 -10171
f -10160 -10141 -10169
f -10169 -10141 -10167
f -10169 -10167 -10168
f -10168 -10167 -10166
f -10168 -10170 -10169
f -10169 -10170 -10162
f -10169 -10162 -10161
f -10142 -10143 -10167
f -10167 -10143 -10165
f -10167 -10165 -10166
f -10166 -10165 -10164
f -10143 -10151 -10165
f -10165 -10151 -10153
f -10165 -10153 -10163
f -10163 -10153 -10144
f -10220 -10219 -10221
f -10221 -10219 -10208
f -10221 -10208 -10207
f -10207 -10208 -10206
f -10207 -10206 -10205
f -10205 -10206 -10204
f -10205 -10204 -10203
f -10203 -10204 -10202
f -10203 -10202 -10201
f -10145 -10144 -10155
f -10155 -10144 -10153
f -10155 -10153 -10154
f -10154 -10153 -10152
f -10150 -10149 -10157
f -10157 -10149 -10148
f -10157 -10148 -10146
f -10154 -10156 -10155
f -10155 -10156 -10157
f -10155 -10157 -10146
f -10156 -10158 -10157
f -10157 -10158 -10150
f -10247 -10246 -10248
f -10248 -10246 -10228
f -10231 -10230 -10246
f -10246 -10230 -10229
f -10246 -10229 -10228
f -10234 -10233 -10246
f -10246 -10233 -10232
f -10246 -10232 -10231
f -10238 -10235 -10246
f -10246 -10235 -10234
f -10322 -10320 -10321
f -10321 -10320 -10319
f -10321 -10319 -10306
f -10306 -10319 -10300
f -10306 -10300 -10299
f -10299 -10298 -10306
f -10306 -10298 -10308
f -10306 -10308 -10307
f -9560 -9559 -9641
f -9641 -9559 -9558
f -9641 -9558 -9557
f -9563 -9562 -9641
f -9641 -9562 -9561
f -9641 -9561 -9560
f -9557 -9556 -9641
f -9641 -9556 -9639
f -9641 -9639 -9640
f -9631 -9632 -9636
f -9636 -9632 -9633
f -9636 -9633 -9555
f -9553 -9634 -9636
f -9636 -9634 -9635
f -9636 -9635 -9637
f -9636 -9637 -9641
f -9641 -9637 -9638
f -9641 -9638 -9563
f -9555 -9554 -9636
f -9636 -9554 -9553
f -9426 -9427 -9430
f -9430 -9427 -9362
f -9430 -9362 -9361
f -9350 -9428 -9430
f -9430 -9428 -9429
f -9430 -9429 -9431
f -9355 -9354 -9430
f -9430 -9354 -9353
f -9430 -9353 -9352
f -9358 -9357 -9430
f -9430 -9357 -9356
f -9430 -9356 -9355
f -9361 -9360 -9430
f -9430 -9360 -9359
f -9430 -9359 -9358
f -9352 -9351 -9430
f -9430 -9351 -9350
f -9189 -9190 -9217
f -9217 -9190 -9219
f -9217 -9219 -9218
f -9218 -9219 -9220
f -9218 -9220 -9209
f -9209 -9220 -9210
f -9209 -9208 -9218
f -9218 -9208 -9216
f -9218 -9216 -9217
f -9217 -9216 -9215
f -9217 -9215 -9189
f -9189 -9215 -9213
f -9208 -9207 -9216
f -9216 -9207 -9214
f -9216 -9214 -9215
f -9215 -9214 -9213
f -9190 -9191 -9219
f -9219 -9191 -9221
f -9219 -9221 -9220
f -9220 -9221 -9211
f -9220 -9211 -9210
f -9321 -9320 -9322
f -9322 -9320 -9301
f -9322 -9301 -9302
f -9302 -9301 -9303
f -9302 -9303 -9304
f -9304 -9303 -9305
f -9304 -9305 -9306
f -9306 -9305 -9307
f -9306 -9307 -9308
f -9174 -9173 -9181
f -9181 -9173 -9172
f -9181 -9172 -9171
f -9178 -9177 -9181
f -9181 -9177 -9176
f -9181 -9176 -9175
f -9180 -9179 -9181
f -9181 -9179 -9178
f -9182 -9181 -9187
f -9187 -9181 -9175
f -9187 -9175 -9170
f -9169 -9168 -9187
f -9187 -9168 -9167
f -9187 -9167 -9166
f -10908 -11032 -11034
f -11034 -11032 -11033
f -11034 -11033 -11035
f -11035 -11033 -10932
f -11018 -11016 -11017
f -11017 -11016 -11015
f -11017 -11015 -10889
f -10988 -10986 -10987
f -10987 -10986 -11017
f -10987 -11017 -10889
f -11960 -11959 -11972
f -11972 -11959 -11970
f -11972 -11970 -11968
f -11968 -11970 -11969
f -11968 -11969 -11967
f -11967 -11969 -11966
f -11967 -11966 -11965
f -11956 -11955 -11957
f -11957 -11955 -11954
f -11957 -11954 -11953
f -11963 -11961 -11976
f -11976 -11961 -11974
f -11976 -11974 -11975
f -11975 -11974 -11973
f -11971 -11973 -11972
f -11972 -11973 -11974
f -11972 -11974 -11960
f -11657 -11656 -11655
f -11655 -11656 -11654
f -11655 -11654 -11653
f -11643 -11652 -11650
f -11650 -11652 -11651
f -11650 -11651 -11649
f -11661 -11660 -11663
f -11663 -11660 -11665
f -11663 -11665 -11664
f -11664 -11665 -11668
f -11664 -11668 -11666
f -11666 -11668 -11667
f -11666 -11667 -11673
f -11658 -11670 -11672
f -11672 -11670 -11671
f -11672 -11671 -11673
f -11673 -11671 -11666
f -7037 -7043 -7048
f -7048 -7043 -7044
f -7048 -7044 -7045
f -7049 -7047 -7048
f -7048 -7047 -7046
f -7048 -7046 -7038
f -7045 -7053 -7048
f -7048 -7053 -7055
f -7048 -7055 -7049
f -7061 -7059 -7060
f -7060 -7059 -7058
f -7060 -7058 -7037
f -7037 -7048 -7060
f -7060 -7048 -7038
f -7060 -7038 -7062
f -7553 -7554 -7555
f -7555 -7554 -7556
f -7555 -7556 -7557
f -7557 -7556 -7558
f -7557 -7558 -7559
f -7559 -7558 -7560
f -7559 -7560 -7562
f -7562 -7560 -7561
f -7562 -7561 -7563
f -7562 -7563 -7564
f -7564 -7563 -7566
f -7564 -7566 -7565
f -7565 -7566 -7567
f -7572 -7573 -7575
f -7575 -7573 -7574
f -7575 -7574 -7576
f -8001 -7999 -8000
f -8000 -7999 -7998
f -8000 -7998 -8065
f -8065 -7998 -8064
f -8065 -8064 -8066
f -8066 -8064 -8063
f -8066 -8063 -8062
f -8061 -8059 -8060
f -8060 -8059 -8058
f -8060 -8058 -8057
f -8057 -8058 -7997
f -8057 -7997 -8055
f -8055 -7997 -7996
f -8055 -7996 -8054
f -8055 -8054 -8056
f -8056 -8054 -8053
f -8056 -8053 -8052
f -8047 -8046 -8050
f -8050 -8046 -8045
f -8050 -8045 -8044
f -8044 -8045 -8043
f -8044 -8043 -8042
f -8042 -8040 -8041
f -8041 -8040 -8039
f -8041 -8039 -8038
f -8038 -8039 -8037
f -8038 -8037 -8036
f -8725 -8724 -8734
f -8734 -8724 -8736
f -8734 -8736 -8735
f -8735 -8736 -8712
f -8714 -8713 -8726
f -8726 -8713 -8728
f -8726 -8728 -8727
f -16315 -16314 -16313
f -16313 -16314 -16312
f -16313 -16312 -16311
f -16311 -16312 -16310
f -16311 -16310 -16309
f -16309 -16310 -16308
f -16309 -16308 -16307
f -16325 -16324 -16323
f -16323 -16324 -16322
f -16323 -16322 -16321
f -16321 -16322 -16320
f -16321 -16320 -16319
f -16319 -16320 -16318
f -16319 -16318 -16317
f -16355 -16354 -16353
f -16353 -16354 -16352
f -16353 -16352 -16351
f -16351 -16352 -16350
f -16351 -16350 -16349
f -16349 -16350 -16348
f -16349 -16348 -16347
f -16365 -16364 -16363
f -16363 -16364 -16362
f -16363 -16362 -16361
f -16361 -16362 -16360
f -16361 -16360 -16359
f -16359 -16360 -16358
f -16359 -16358 -16357
f -16265 -16267 -16266
f -16266 -16267 -16250
f -16266 -16250 -16252
f -16252 -16250 -16251
f -16252 -16251 -16254
f -16259 -16260 -16258
f -16258 -16260 -16257
f -16258 -16257 -16256
f -16256 -16257 -16255
f -16256 -16255 -16254
f -16254 -16255 -16253
f -16254 -16253 -16252
f -6351 -6392 -6411
f -6411 -6392 -6391
f -6411 -6391 -6390
f -6358 -6357 -6411
f -6411 -6357 -6356
f -6411 -6356 -6355
f -6412 -6413 -6411
f -6411 -6413 -6358
f -6346 -6386 -6389
f -6389 -6386 -6385
f -6389 -6385 -6384
f -6390 -6388 -6389
f -6389 -6388 -6387
f -6389 -6387 -6350
f -6349 -6348 -6389
f -6389 -6348 -6347
f -6389 -6347 -6346
f -16223 -16222 -16221
f -16221 -16222 -16220
f -16221 -16220 -16219
f -16219 -16220 -16218
f -16219 -16218 -16217
f -16217 -16218 -16216
f -16217 -16216 -16215
f -16233 -16232 -16231
f -16231 -16232 -16230
f -16231 -16230 -16229
f -16229 -16230 -16228
f -16229 -16228 -16227
f -16227 -16228 -16226
f -16227 -16226 -16225
f -6354 -6353 -6411
f -6411 -6353 -6352
f -6411 -6352 -6351
f -16183 -16182 -16181
f -16181 -16182 -16180
f -16181 -16180 -16179
f -16179 -16180 -16178
f -16179 -16178 -16177
f -16177 -16178 -16176
f -16177 -16176 -16175
f -16193 -16192 -16191
f -16191 -16192 -16190
f -16191 -16190 -16189
f -16189 -16190 -16188
f -16189 -16188 -16187
f -16187 -16188 -16186
f -16187 -16186 -16185
f -16391 -16392 -16390
f -16390 -16392 -16389
f -16390 -16389 -16388
f -16388 -16389 -16387
f -16388 -16387 -16386
f -16386 -16387 -16385
f -16386 -16385 -16384
f -16397 -16399 -16398
f -16398 -16399 -16382
f -16398 -16382 -16384
f -16384 -16382 -16383
f -16384 -16383 -16386
f -5922 -5926 -5923
f -5923 -5926 -5869
f -5927 -5925 -5926
f -5926 -5925 -5924
f -5926 -5924 -5873
f -5876 -5875 -5932
f -5932 -5875 -5874
f -5932 -5874 -5929
f -5879 -5878 -5932
f -5932 -5878 -5877
f -5932 -5877 -5876
f -5931 -5930 -5932
f -5932 -5930 -5879
f -5872 -5871 -5926
f -5926 -5871 -5870
f -5926 -5870 -5869
f -16980 -16982 -16981
f -16981 -16982 -16991
f -16981 -16991 -16989
f -16989 -16991 -16990
f -16989 -16990 -16988
f -16978 -16977 -16976
f -16976 -16977 -16975
f -16976 -16975 -16974
f -16974 -16975 -16973
f -16974 -16973 -16972
f -16972 -16973 -16971
f -16972 -16971 -16970
f -17001 -17000 -16999
f -16999 -17000 -16998
f -16999 -16998 -16997
f -16997 -16998 -16996
f -16997 -16996 -16995
f -16995 -16996 -16994
f -16995 -16994 -16993
f -16957 -16956 -16955
f -16955 -16956 -16954
f -16955 -16954 -16953
f -16953 -16954 -16952
f -16953 -16952 -16951
f -16968 -16967 -16966
f -16966 -16967 -16965
f -16966 -16965 -16964
f -16964 -16965 -16963
f -16964 -16963 -16962
f -16962 -16963 -16961
f -16962 -16961 -16960
f -17011 -17010 -17009
f -17009 -17010 -17008
f -17009 -17008 -17007
f -17007 -17008 -17006
f -17007 -17006 -17005
f -17005 -17006 -17004
f -17005 -17004 -17003
f -10585 -10587 -10586
f -10586 -10587 -10588
f -10538 -10539 -10641
f -10641 -10539 -10657
f -10665 -10666 -10667
f -10667 -10666 -10668
f -10667 -10668 -10669
f -10763 -10762 -10761
f -10761 -10762 -10760
f -10761 -10760 -10759
f -10759 -10760 -10758
f -10759 -10758 -10757
f -10757 -10758 -10756
f -10757 -10756 -10755
f -10747 -10748 -10749
f -10749 -10748 -10750
f -10749 -10750 -10751
f -10751 -10750 -10752
f -10751 -10752 -10753
f -10842 -10844 -10843
f -10843 -10844 -10845
f -10849 -10851 -10850
f -10850 -10851 -10852
f -10852 -10851 -10853
f -10853 -10851 -10847
f -10934 -10930 -10935
f -10935 -10930 -10931
f -10935 -10931 -10936
f -10936 -10931 -10932
f -10936 -10932 -11033
f -10159 -10160 -10161
f -10161 -10160 -10169
f -10177 -10179 -10178
f -10178 -10179 -10180
f -10209 -10211 -10210
f -10210 -10211 -10212
f -10212 -10213 -10214
f -10214 -10213 -10215
f -10214 -10215 -10216
f -10216 -10215 -10217
f -10216 -10217 -10218
f -10218 -10217 -10219
f -10218 -10219 -10220
f -10328 -10306 -10305
f -10305 -10306 -10307
f -9229 -9228 -9230
f -9230 -9228 -9226
f -9318 -9320 -9319
f -9319 -9320 -9321
f -12250 -12251 -12252
f -12252 -12251 -12253
f -12252 -12253 -12254
f -12254 -12253 -12255
f -12254 -12255 -12256
f -12256 -12255 -12257
f -12256 -12257 -12258
f -12258 -12257 -12259
f -12260 -12261 -12262
f -12262 -12261 -12263
f -12262 -12263 -12264
f -12264 -12263 -12265
f -12264 -12265 -12266
f -12266 -12265 -12267
f -12266 -12267 -12268
f -12268 -12267 -12269
f -12504 -12505 -12506
f -12506 -12505 -12507
f -12506 -12507 -12508
f -12508 -12507 -12509
f -12508 -12509 -12510
f -12510 -12509 -12511
f -12527 -12526 -12525
f -12525 -12526 -12524
f -12525 -12524 -12523
f -12523 -12524 -12522
f -12523 -12522 -12521
f -12521 -12522 -12520
f -12340 -12341 -12342
f -12342 -12341 -12343
f -12342 -12343 -12344
f -12344 -12343 -12345
f -12344 -12345 -12346
f -12346 -12345 -12347
f -12346 -12347 -12348
f -12348 -12347 -12349
f -12359 -12358 -12357
f -12357 -12358 -12356
f -12357 -12356 -12355
f -12355 -12356 -12354
f -12355 -12354 -12353
f -12353 -12354 -12352
f -12353 -12352 -12351
f -12351 -12352 -12350
f -11017 -11019 -11018
f -11018 -11019 -11020
f -11932 -11933 -11934
f -11934 -11933 -11935
f -11934 -11935 -11936
f -11936 -11935 -11937
f -11936 -11937 -11938
f -11938 -11937 -11939
f -11940 -11941 -11942
f -11942 -11941 -11943
f -11952 -11951 -11950
f -11950 -11951 -11949
f -11950 -11949 -11948
f -11948 -11949 -11947
f -11948 -11947 -11946
f -11946 -11947 -11945
f -11946 -11945 -11944
f -11927 -11928 -11929
f -11929 -11928 -11930
f -11969 -11964 -11966
f -11966 -11964 -11963
f -11966 -11963 -11962
f -11962 -11963 -11976
f -11661 -11663 -11662
f -11662 -11663 -11658
f -11662 -11658 -11672
f -11650 -11649 -11648
f -11648 -11649 -11647
f -11648 -11647 -11646
f -11646 -11647 -11645
f -11646 -11645 -11644
f -11639 -11641 -11640
f -11640 -11641 -11642
f -11641 -11643 -11642
f -11642 -11643 -11650
f -11635 -11636 -11637
f -11637 -11636 -11638
f -7052 -7054 -7053
f -7053 -7054 -7055
f -7576 -7577 -7578
f -7578 -7577 -7579
f -7578 -7579 -7580
f -7580 -7579 -7581
f -7580 -7581 -7582
f -7582 -7581 -7583
f -7582 -7583 -7584
f -7584 -7583 -7585
f -7584 -7585 -7586
f -7586 -7585 -7587
f -7586 -7587 -7588
f -7588 -7587 -7589
f -7588 -7589 -7590
f -7590 -7589 -7591
f -7590 -7591 -7592
f -7573 -7571 -7570
f -7570 -7571 -7569
f -7570 -7569 -7568
f -7568 -7569 -7567
f -7568 -7567 -7566
f -8060 -8066 -8061
f -8061 -8066 -8062
f -8073 -8068 -8067
f -8067 -8068 -8001
f -8067 -8001 -8000
f -8047 -8050 -8048
f -8048 -8050 -8049
f -8048 -8049 -7995
f -7995 -8049 -8051
f -7995 -8051 -8052
f -8052 -8051 -8056
f -8034 -8035 -8036
f -8036 -8035 -8038
f -8734 -8726 -8725
f -8725 -8726 -8727
f -16305 -16304 -16303
f -16303 -16304 -16302
f -16303 -16302 -16301
f -16301 -16302 -16300
f -16301 -16300 -16299
f -16299 -16300 -16298
f -16299 -16298 -16297
f -16297 -16298 -16296
f -16297 -16296 -16295
f -16295 -16296 -16294
f -16295 -16294 -16293
f -16293 -16294 -16292
f -16293 -16292 -16291
f -16291 -16292 -16290
f -16291 -16290 -16305
f -16305 -16290 -16304
f -16335 -16334 -16333
f -16333 -16334 -16332
f -16333 -16332 -16331
f -16331 -16332 -16330
f -16331 -16330 -16329
f -16329 -16330 -16328
f -16329 -16328 -16327
f -16327 -16328 -16326
f -16336 -16337 -16338
f -16338 -16337 -16339
f -16338 -16339 -16340
f -16340 -16339 -16341
f -16340 -16341 -16342
f -16342 -16341 -16343
f -16342 -16343 -16344
f -16344 -16343 -16345
f -16367 -16366 -16381
f -16381 -16366 -16380
f -16381 -16380 -16379
f -16379 -16380 -16378
f -16379 -16378 -16377
f -16377 -16378 -16376
f -16377 -16376 -16375
f -16375 -16376 -16374
f -16375 -16374 -16373
f -16373 -16374 -16372
f -16373 -16372 -16371
f -16371 -16372 -16370
f -16371 -16370 -16369
f -16369 -16370 -16368
f -16369 -16368 -16367
f -16367 -16368 -16366
f -16265 -16264 -16263
f -16263 -16264 -16262
f -16263 -16262 -16261
f -16261 -16262 -16260
f -16261 -16260 -16259
f -16268 -16269 -16270
f -16270 -16269 -16271
f -16270 -16271 -16272
f -16272 -16271 -16273
f -16272 -16273 -16274
f -16274 -16273 -16275
f -16274 -16275 -16276
f -16276 -16275 -16277
f -16249 -16248 -16247
f -16247 -16248 -16246
f -16247 -16246 -16245
f -16245 -16246 -16244
f -16245 -16244 -16243
f -16243 -16244 -16242
f -16243 -16242 -16241
f -16241 -16242 -16240
f -16241 -16240 -16239
f -16239 -16240 -16238
f -16239 -16238 -16237
f -16237 -16238 -16236
f -16237 -16236 -16235
f -16235 -16236 -16234
f -16235 -16234 -16249
f -16249 -16234 -16248
f -16278 -16289 -16287
f -16287 -16289 -16288
f -16287 -16288 -16286
f -16282 -16281 -16280
f -16280 -16281 -16279
f -16280 -16279 -16283
f -16283 -16279 -16285
f -16283 -16285 -16284
f -16284 -16285 -16286
f -16204 -16205 -16206
f -16206 -16205 -16207
f -16206 -16207 -16208
f -16208 -16207 -16209
f -16208 -16209 -16210
f -16210 -16209 -16211
f -16210 -16211 -16212
f -16212 -16211 -16213
f -16203 -16202 -16201
f -16201 -16202 -16200
f -16201 -16200 -16199
f -16199 -16200 -16198
f -16199 -16198 -16197
f -16197 -16198 -16196
f -16197 -16196 -16195
f -16195 -16196 -16194
f -16163 -16162 -16161
f -16161 -16162 -16160
f -16161 -16160 -16159
f -16159 -16160 -16158
f -16159 -16158 -16173
f -16173 -16158 -16172
f -16173 -16172 -16171
f -16171 -16172 -16170
f -16171 -16170 -16169
f -16169 -16170 -16168
f -16169 -16168 -16167
f -16167 -16168 -16166
f -16167 -16166 -16165
f -16165 -16166 -16164
f -16165 -16164 -16163
f -16163 -16164 -16162
f -16421 -16420 -16419
f -16419 -16420 -16418
f -16419 -16418 -16417
f -16417 -16418 -16416
f -16417 -16416 -16415
f -16400 -16401 -16402
f -16402 -16401 -16403
f -16402 -16403 -16404
f -16404 -16403 -16405
f -16404 -16405 -16406
f -16406 -16405 -16407
f -16406 -16407 -16408
f -16408 -16407 -16409
f -16414 -16413 -16412
f -16412 -16413 -16411
f -16412 -16411 -16415
f -16415 -16411 -16417
f -16392 -16393 -16394
f -16394 -16393 -16395
f -16394 -16395 -16396
f -16396 -16395 -16397
f -16396 -16397 -16398
f -5926 -5932 -5927
f -5927 -5932 -5928
f -16989 -16988 -16987
f -16987 -16988 -16986
f -16987 -16986 -16985
f -16985 -16986 -16984
f -16985 -16984 -16983
f -16958 -16967 -16959
f -16959 -16967 -16968
f -10989 -10929 -10990
f -10142 -10167 -10141
f -10152 -10153 -10151
f -9169 -9187 -9170
f -11958 -11972 -11968
f -7578 -7575 -7576
f -16306 -16314 -16315
f -16316 -16324 -16325
f -16346 -16354 -16355
f -16356 -16364 -16365
f -6349 -6389 -6350
f -16214 -16222 -16223
f -16224 -16232 -16233
f -6354 -6411 -6355
f -16174 -16182 -16183
f -16184 -16192 -16193
f -5932 -5929 -5928
f -5872 -5926 -5873
f -16979 -16982 -16980
f -16969 -16977 -16978
f -16992 -17000 -17001
f -16950 -16956 -16957
f -17002 -17010 -17011
f -10670 -10672 -10671
f -10929 -10930 -10934
f -10987 -10989 -10988
f -10164 -10165 -10163
f -10211 -10213 -10212
f -10155 -10146 -10145
f -9640 -9642 -9641
f -9431 -9435 -9430
f -9213 -9214 -9212
f -9181 -9182 -9174
f -11934 -11931 -11932
f -11975 -11977 -11976
f -11670 -11669 -11671
f -11659 -11663 -11664
f -7060 -7062 -7061
f -7058 -7059 -7057
f -7573 -7572 -7571
f -8041 -8044 -8042
f -8734 -8735 -8733
f -16265 -16266 -16264
f -6389 -6411 -6390
f -16285 -16287 -16286
f -16419 -16410 -16421
f -16391 -16393 -16392
f -10568 -10627 -10595
f -10595 -10627 -10642
f -10595 -10642 -10640
f -10640 -10642 -10641
f -10640 -10641 -10639
f -10639 -10641 -10657
f -10639 -10657 -10655
f -10655 -10657 -10656
f -10655 -10656 -10654
f -10654 -10656 -10547
f -10654 -10547 -10587
f -10587 -10547 -10593
f -10587 -10593 -10588
f -10588 -10593 -10589
f -4131 -4133 -4132
f -4132 -4133 -4134
f -4132 -4134 -4136
f -4136 -4134 -4135
f -4136 -4135 -4137
f -4112 -4114 -4113
f -4113 -4114 -4115
f -4113 -4115 -4117
f -4117 -4115 -4116
f -4117 -4116 -4118
f -4121 -4120 -4122
f -4122 -4120 -3759
f -4122 -3759 -4124
f -4103 -4104 -4102
f -4102 -4104 -4101
f -4102 -4101 -4100
f -4109 -4107 -4108
f -4108 -4107 -4106
f -4108 -4106 -4105
f -4105 -4106 -4104
f -4105 -4104 -4103
f -4152 -4154 -4153
f -4153 -4154 -4155
f -4153 -4155 -4157
f -4157 -4155 -4156
f -4157 -4156 -4158
f -4140 -4141 -4142
f -4142 -4141 -4143
f -4142 -4143 -4144
f -4144 -4143 -4145
f -4144 -4145 -4146
f -4146 -4145 -4147
f -4146 -4147 -4148
f -4148 -4147 -4150
f -4148 -4150 -4149
f -4149 -4150 -4151
f -3192 -3191 -3193
f -3193 -3191 -3150
f -3153 -3152 -3191
f -3191 -3152 -3151
f -3191 -3151 -3150
f -3080 -3155 -3191
f -3191 -3155 -3154
f -3191 -3154 -3153
f -3158 -3157 -3191
f -3191 -3157 -3156
f -3191 -3156 -3083
f -3083 -3082 -3191
f -3191 -3082 -3081
f -3191 -3081 -3080
f -3122 -3121 -3180
f -3180 -3121 -3120
f -3180 -3120 -3160
f -3125 -3124 -3180
f -3180 -3124 -3123
f -3180 -3123 -3122
f -3128 -3127 -3180
f -3180 -3127 -3126
f -3180 -3126 -3125
f -3179 -3181 -3180
f -3180 -3181 -3129
f -3180 -3129 -3128
f -3565 -3566 -3567
f -3567 -3566 -3568
f -3567 -3568 -3569
f -3569 -3568 -3570
f -3569 -3570 -3572
f -3572 -3570 -3571
f -3572 -3571 -3573
f -3643 -3639 -3640
f -3640 -3639 -3638
f -3748 -3746 -3747
f -3747 -3746 -3745
f -3747 -3745 -3732
f -3732 -3745 -3731
f -3732 -3731 -3730
f -3751 -3750 -3749
f -3749 -3750 -3748
f -3749 -3748 -3747
f -3768 -3767 -3769
f -3769 -3767 -3766
f -3239 -3238 -3433
f -3433 -3238 -3237
f -3433 -3237 -3236
f -3224 -3223 -3433
f -3433 -3223 -3222
f -3433 -3222 -3221
f -3227 -3226 -3433
f -3433 -3226 -3225
f -3433 -3225 -3224
f -3230 -3229 -3433
f -3433 -3229 -3228
f -3433 -3228 -3227
f -3233 -3232 -3433
f -3433 -3232 -3231
f -3433 -3231 -3230
f -3236 -3235 -3433
f -3433 -3235 -3234
f -3433 -3234 -3233
f -3221 -3220 -3433
f -3433 -3220 -3431
f -3433 -3431 -3432
f -3265 -3264 -3438
f -3438 -3264 -3263
f -3438 -3263 -3436
f -3275 -3274 -3438
f -3438 -3274 -3273
f -3438 -3273 -3272
f -3434 -3435 -3438
f -3438 -3435 -3276
f -3438 -3276 -3275
f -3268 -3267 -3438
f -3438 -3267 -3266
f -3438 -3266 -3265
f -3271 -3270 -3438
f -3438 -3270 -3269
f -3438 -3269 -3268
f -9008 -9009 -9034
f -9034 -9009 -9010
f -9034 -9010 -9032
f -9032 -9010 -9018
f -9032 -9018 -9020
f -9020 -9018 -9019
f -9020 -9019 -9021
f -9021 -9022 -9020
f -9020 -9022 -9011
f -9020 -9011 -9030
f -9030 -9031 -9032
f -9032 -9031 -9033
f -9032 -9033 -9034
f -9034 -9033 -9035
f -9034 -9035 -9036
f -9036 -9035 -9037
f -9036 -9037 -9029
f -9016 -9015 -9024
f -9024 -9015 -9013
f -9024 -9013 -9022
f -9022 -9013 -9012
f -9022 -9012 -9011
f -8985 -8984 -8986
f -8986 -8984 -8973
f -8986 -8973 -8972
f -8972 -8973 -8971
f -8972 -8971 -8970
f -8970 -8971 -8969
f -8970 -8969 -8968
f -8968 -8969 -8967
f -8968 -8967 -8966
f -8966 -8967 -8965
f -8966 -8965 -8964
f -8961 -8960 -8963
f -8963 -8960 -8959
f -8963 -8959 -8958
f -8951 -8953 -8952
f -8952 -8953 -8944
f -2283 -2284 -2285
f -2285 -2284 -2286
f -2285 -2286 -2287
f -2287 -2286 -2288
f -2287 -2288 -2289
f -2289 -2288 -2290
f -2289 -2290 -2278
f -1923 -1925 -1924
f -1924 -1925 -1926
f -1924 -1926 -1864
f -1864 -1926 -1881
f -1864 -1881 -1866
f -1866 -1881 -1879
f -1866 -1879 -1868
f -1868 -1879 -1877
f -1868 -1877 -1870
f -1870 -1877 -1876
f -1870 -1876 -1872
f -1872 -1876 -1875
f -1872 -1875 -1874
f -2259 -2260 -2262
f -2262 -2260 -2261
f -2262 -2261 -2263
f -2280 -2282 -2281
f -2281 -2282 -2283
f -2281 -2283 -2285
f -1488 -1551 -1514
f -1514 -1551 -1553
f -1514 -1553 -1542
f -1542 -1553 -1555
f -1542 -1555 -1541
f -1541 -1555 -1540
f -1541 -1540 -1539
f -1461 -1460 -1548
f -1548 -1460 -1547
f -1548 -1547 -1623
f -1623 -1547 -1625
f -1623 -1625 -1624
f -1624 -1625 -1626
f -1624 -1626 -1493
f -1493 -1626 -1628
f -1541 -1539 -1516
f -1516 -1539 -1517
f -1516 -1517 -1491
f -1491 -1517 -1518
f -1491 -1518 -1545
f -1545 -1518 -1511
f -1545 -1511 -1627
f -1627 -1511 -1629
f -1627 -1629 -1628
f -1628 -1629 -1630
f -1628 -1626 -1627
f -1627 -1626 -1625
f -1627 -1625 -1545
f -1545 -1625 -1546
f -1545 -1546 -1544
f -1549 -1487 -1548
f -1548 -1487 -1462
f -1548 -1462 -1461
f -1544 -1543 -1545
f -1545 -1543 -1489
f -1545 -1489 -1491
f -1491 -1489 -1490
f -1491 -1490 -1516
f -1516 -1490 -1515
f -1516 -1515 -1541
f -1541 -1515 -1542
f -13909 -13908 -13907
f -13907 -13908 -13906
f -13907 -13906 -13905
f -13905 -13906 -13904
f -13905 -13904 -13903
f -13903 -13904 -13902
f -13903 -13902 -13901
f -13920 -13919 -13918
f -13918 -13919 -13917
f -13918 -13917 -13916
f -13916 -13917 -13915
f -13916 -13915 -13914
f -13914 -13915 -13913
f -13914 -13913 -13912
f -13984 -13985 -13982
f -13982 -13985 -13983
f -13982 -13983 -13981
f -13991 -13990 -13992
f -13992 -13990 -13977
f -13992 -13977 -13978
f -14013 -14012 -14011
f -14011 -14012 -14010
f -14011 -14010 -14009
f -14009 -14010 -14008
f -14009 -14008 -14007
f -14007 -14008 -14006
f -14007 -14006 -14005
f -14002 -14001 -14000
f -14000 -14001 -13999
f -14000 -13999 -13998
f -13998 -13999 -13997
f -13998 -13997 -13996
f -13996 -13997 -13995
f -13996 -13995 -13994
f -14039 -14038 -14037
f -14037 -14038 -14036
f -14037 -14036 -14035
f -14035 -14036 -14034
f -14035 -14034 -14033
f -14033 -14034 -14032
f -14033 -14032 -14031
f -14050 -14049 -14048
f -14048 -14049 -14047
f -14048 -14047 -14046
f -14046 -14047 -14045
f -14046 -14045 -14044
f -14044 -14045 -14043
f -14044 -14043 -14042
f -14797 -14796 -14795
f -14795 -14796 -14794
f -14795 -14794 -14793
f -14793 -14794 -14792
f -14793 -14792 -14791
f -14791 -14792 -14790
f -14791 -14790 -14789
f -14803 -14801 -14802
f -14802 -14801 -14800
f -14802 -14800 -14798
f -14808 -14807 -14806
f -14806 -14807 -14805
f -14806 -14805 -14804
f -14804 -14805 -14803
f -14804 -14803 -14802
f -14819 -14818 -14817
f -14817 -14818 -14816
f -14817 -14816 -14815
f -14815 -14816 -14814
f -14815 -14814 -14813
f -14813 -14814 -14812
f -14813 -14812 -14811
f -14829 -14828 -14827
f -14827 -14828 -14826
f -14827 -14826 -14825
f -14825 -14826 -14824
f -14825 -14824 -14823
f -14823 -14824 -14822
f -14823 -14822 -14821
f -14143 -14142 -14141
f -14141 -14142 -14140
f -14141 -14140 -14139
f -14139 -14140 -14138
f -14139 -14138 -14137
f -14137 -14138 -14136
f -14137 -14136 -14135
f -14132 -14131 -14130
f -14130 -14131 -14129
f -14130 -14129 -14128
f -14128 -14129 -14127
f -14128 -14127 -14126
f -14126 -14127 -14125
f -14126 -14125 -14124
f -14114 -14115 -14112
f -14112 -14115 -14113
f -14112 -14113 -14111
f -14121 -14120 -14122
f -14122 -14120 -14107
f -14122 -14107 -14108
f -5737 -5766 -5764
f -5764 -5766 -5765
f -5764 -5765 -5763
f -5763 -5765 -5758
f -5763 -5758 -5746
f -5746 -5758 -5745
f -5746 -5761 -5763
f -5763 -5761 -5762
f -5763 -5762 -5764
f -5740 -5760 -5758
f -5758 -5760 -5759
f -5758 -5759 -5757
f -5757 -5759 -5739
f -5757 -5739 -5752
f -5745 -5758 -5756
f -5756 -5758 -5757
f -5756 -5757 -5755
f -5755 -5757 -5750
f -5392 -5455 -5458
f -5458 -5455 -5454
f -5458 -5454 -5453
f -5457 -5456 -5458
f -5458 -5456 -5404
f -5458 -5404 -5403
f -5399 -5398 -5458
f -5458 -5398 -5397
f -5458 -5397 -5396
f -5402 -5401 -5458
f -5458 -5401 -5400
f -5458 -5400 -5399
f -5395 -5394 -5458
f -5458 -5394 -5393
f -5458 -5393 -5392
f -5389 -5388 -5452
f -5452 -5388 -5387
f -5452 -5387 -5449
f -5450 -5391 -5452
f -5452 -5391 -5390
f -5452 -5390 -5389
f -4975 -4974 -5211
f -5211 -4974 -4973
f -5211 -4973 -5080
f -4978 -4977 -5211
f -5211 -4977 -4976
f -5211 -4976 -4975
f -4981 -4980 -5211
f -5211 -4980 -4979
f -5211 -4979 -4978
f -4984 -4983 -5211
f -5211 -4983 -4982
f -5211 -4982 -4981
f -4987 -4986 -5211
f -5211 -4986 -4985
f -5211 -4985 -4984
f -5212 -5210 -5211
f -5211 -5210 -5209
f -5211 -5209 -4987
f -4957 -5074 -5077
f -5077 -5074 -5073
f -5077 -5073 -5072
f -5078 -5076 -5077
f -5077 -5076 -5075
f -5077 -5075 -4972
f -4960 -4959 -5077
f -5077 -4959 -4958
f -5077 -4958 -4957
f -4963 -4962 -5077
f -5077 -4962 -4961
f -5077 -4961 -4960
f -4966 -4965 -5077
f -5077 -4965 -4964
f -5077 -4964 -4963
f -4969 -4968 -5077
f -5077 -4968 -4967
f -5077 -4967 -4966
f -4972 -4971 -5077
f -5077 -4971 -4970
f -5077 -4970 -4969
f -6521 -6533 -6532
f -6532 -6533 -6543
f -6532 -6543 -6541
f -6541 -6543 -6542
f -6541 -6542 -6540
f -6540 -6542 -6538
f -6540 -6538 -6539
f -6537 -6542 -6544
f -6544 -6542 -6543
f -6544 -6543 -6545
f -6545 -6543 -6533
f -6545 -6533 -6534
f -6757 -6773 -6775
f -6775 -6773 -6774
f -6775 -6774 -6776
f -6776 -6774 -6771
f -6776 -6771 -6787
f -6787 -6771 -6785
f -6787 -6785 -6786
f -6786 -6785 -6784
f -6788 -6790 -6789
f -6789 -6790 -6791
f -6789 -6791 -6778
f -6786 -6788 -6787
f -6787 -6788 -6789
f -6787 -6789 -6776
f -6776 -6789 -6778
f -6776 -6778 -6777
f -6776 -6777 -6775
f -6775 -6777 -6759
f -6775 -6759 -6758
f -6773 -6772 -6774
f -6774 -6772 -6770
f -6774 -6770 -6771
f -6771 -6770 -6785
f -6804 -6815 -6808
f -6808 -6815 -6816
f -6808 -6816 -6803
f -6813 -6812 -6816
f -6816 -6812 -6811
f -6816 -6811 -6810
f -6815 -6814 -6816
f -6816 -6814 -6813
f -6795 -6796 -6810
f -6810 -6796 -6797
f -6810 -6797 -6809
f -6801 -6800 -6808
f -6808 -6800 -6799
f -6808 -6799 -6798
f -6803 -6802 -6808
f -6808 -6802 -6801
f -6804 -6808 -6805
f -6805 -6808 -6806
f -4129 -4131 -4130
f -4130 -4131 -4132
f -4136 -4137 -4138
f -4138 -4137 -4139
f -4117 -4118 -4119
f -4119 -4118 -4120
f -4119 -4120 -4121
f -4112 -4111 -4110
f -4110 -4111 -4109
f -4110 -4109 -4108
f -4098 -4099 -4100
f -4100 -4099 -4102
f -4157 -4158 -4159
f -4159 -4158 -4160
f -4159 -4160 -3770
f -4150 -4152 -4151
f -4151 -4152 -4153
f -3177 -3179 -3178
f -3178 -3179 -3180
f -3191 -3180 -3158
f -3158 -3180 -3159
f -2936 -2937 -2938
f -2938 -2937 -2939
f -2938 -2939 -2940
f -2940 -2939 -2941
f -2940 -2941 -2942
f -2942 -2941 -2943
f -3572 -3573 -3574
f -3574 -3573 -3575
f -3574 -3575 -3576
f -3576 -3575 -3577
f -3576 -3577 -3578
f -3578 -3577 -3579
f -3578 -3579 -3580
f -3580 -3579 -3581
f -3580 -3581 -3582
f -3582 -3581 -3583
f -3582 -3583 -3584
f -3584 -3583 -3585
f -3584 -3585 -3586
f -3770 -3771 -3772
f -3772 -3771 -3773
f -3432 -3434 -3433
f -3433 -3434 -3438
f -3436 -3437 -3438
f -3438 -3437 -3439
f -3438 -3439 -3443
f -9025 -9024 -9023
f -9023 -9024 -9022
f -9023 -9022 -9021
f -9008 -9036 -9027
f -9027 -9036 -9028
f -9027 -9028 -9026
f -3559 -3560 -3561
f -3561 -3560 -3563
f -3561 -3563 -3562
f -3562 -3563 -3564
f -3563 -3565 -3564
f -3564 -3565 -3567
f -8984 -8983 -8982
f -8982 -8983 -8981
f -8982 -8981 -8980
f -8980 -8981 -8979
f -8980 -8979 -8978
f -8978 -8979 -8977
f -8978 -8977 -8976
f -2410 -2409 -2408
f -2408 -2409 -2407
f -2408 -2407 -2406
f -2291 -2292 -2293
f -2293 -2292 -2294
f -2748 -2749 -2750
f -2750 -2749 -2751
f -2750 -2751 -2752
f -2752 -2751 -2753
f -2752 -2753 -2754
f -2754 -2753 -2755
f -2754 -2755 -2756
f -2756 -2755 -2757
f -2767 -2766 -2765
f -2765 -2766 -2764
f -2765 -2764 -2763
f -2763 -2764 -2762
f -2763 -2762 -2761
f -2761 -2762 -2760
f -2761 -2760 -2759
f -2759 -2760 -2758
f -1923 -1924 -1922
f -1922 -1924 -1864
f -1922 -1864 -1865
f -1865 -1864 -1866
f -1865 -1866 -1867
f -1867 -1866 -1868
f -1867 -1868 -1869
f -1869 -1868 -1870
f -1869 -1870 -1871
f -1871 -1870 -1872
f -1943 -1942 -1941
f -1941 -1942 -1940
f -1941 -1940 -1939
f -2260 -2258 -2257
f -2257 -2258 -2272
f -2257 -2272 -2270
f -2270 -2272 -2271
f -2270 -2271 -2269
f -2270 -2269 -2268
f -2268 -2269 -2267
f -2268 -2267 -2266
f -2266 -2267 -2265
f -2266 -2265 -2264
f -2264 -2265 -2263
f -2273 -2274 -2275
f -2275 -2274 -2276
f -1625 -1547 -1546
f -1546 -1547 -1460
f -1488 -1487 -1551
f -1551 -1487 -1549
f -13910 -13919 -13911
f -13911 -13919 -13920
f -13921 -13922 -13923
f -13923 -13922 -13924
f -13923 -13924 -13925
f -13925 -13924 -13926
f -13925 -13926 -13927
f -13927 -13926 -13928
f -13927 -13928 -13929
f -13929 -13928 -13930
f -13931 -13932 -13933
f -13933 -13932 -13934
f -13933 -13934 -13935
f -13935 -13934 -13936
f -13935 -13936 -13937
f -13937 -13936 -13938
f -13937 -13938 -13939
f -13939 -13938 -13940
f -13885 -13884 -13899
f -13899 -13884 -13898
f -13899 -13898 -13897
f -13897 -13898 -13896
f -13897 -13896 -13895
f -13895 -13896 -13894
f -13895 -13894 -13893
f -13893 -13894 -13892
f -13893 -13892 -13891
f -13891 -13892 -13890
f -13891 -13890 -13889
f -13889 -13890 -13888
f -13889 -13888 -13887
f -13887 -13888 -13886
f -13887 -13886 -13885
f -13885 -13886 -13884
f -13957 -13958 -13959
f -13959 -13958 -13960
f -13959 -13960 -13961
f -13961 -13960 -13962
f -13961 -13962 -13963
f -13963 -13962 -13964
f -13963 -13964 -13965
f -13965 -13964 -13966
f -13955 -13956 -13941
f -13941 -13956 -13942
f -13941 -13942 -13943
f -13943 -13942 -13944
f -13943 -13944 -13945
f -13945 -13944 -13946
f -13945 -13946 -13947
f -13947 -13946 -13948
f -13947 -13948 -13949
f -13949 -13948 -13950
f -13949 -13950 -13951
f -13951 -13950 -13952
f -13951 -13952 -13953
f -13953 -13952 -13954
f -13953 -13954 -13955
f -13955 -13954 -13956
f -13985 -13986 -13987
f -13987 -13986 -13988
f -13987 -13988 -13989
f -13989 -13988 -13990
f -13989 -13990 -13991
f -13976 -13975 -13974
f -13974 -13975 -13973
f -13974 -13973 -13972
f -13972 -13973 -13971
f -13972 -13971 -13970
f -13970 -13971 -13969
f -13970 -13969 -13968
f -13968 -13969 -13967
f -13982 -13981 -13980
f -13980 -13981 -13979
f -13980 -13979 -13978
f -13978 -13979 -13992
f -14003 -14012 -14004
f -14004 -14012 -14013
f -14015 -14014 -14029
f -14029 -14014 -14028
f -14029 -14028 -14027
f -14027 -14028 -14026
f -14027 -14026 -14025
f -14025 -14026 -14024
f -14025 -14024 -14023
f -14023 -14024 -14022
f -14023 -14022 -14021
f -14021 -14022 -14020
f -14021 -14020 -14019
f -14019 -14020 -14018
f -14019 -14018 -14017
f -14017 -14018 -14016
f -14017 -14016 -14015
f -14015 -14016 -14014
f -14060 -14059 -14058
f -14058 -14059 -14057
f -14058 -14057 -14056
f -14056 -14057 -14055
f -14056 -14055 -14054
f -14054 -14055 -14053
f -14054 -14053 -14052
f -14052 -14053 -14051
f -14040 -14049 -14041
f -14041 -14049 -14050
f -14061 -14062 -14063
f -14063 -14062 -14064
f -14063 -14064 -14065
f -14065 -14064 -14066
f -14065 -14066 -14067
f -14067 -14066 -14068
f -14067 -14068 -14069
f -14069 -14068 -14070
f -14780 -14781 -14782
f -14782 -14781 -14783
f -14782 -14783 -14784
f -14784 -14783 -14785
f -14784 -14785 -14786
f -14786 -14785 -14787
f -14809 -14818 -14810
f -14810 -14818 -14819
f -14830 -14831 -14832
f -14832 -14831 -14833
f -14832 -14833 -14834
f -14834 -14833 -14835
f -14834 -14835 -14836
f -14836 -14835 -14837
f -14133 -14142 -14134
f -14134 -14142 -14143
f -14120 -14119 -14118
f -14118 -14119 -14117
f -14118 -14117 -14116
f -14116 -14117 -14115
f -14116 -14115 -14114
f -14106 -14105 -14104
f -14104 -14105 -14103
f -14104 -14103 -14102
f -14102 -14103 -14101
f -14102 -14101 -14100
f -14100 -14101 -14099
f -14100 -14099 -14098
f -14098 -14099 -14097
f -14122 -14108 -14109
f -14109 -14108 -14110
f -14109 -14110 -14111
f -14111 -14110 -14112
f -14087 -14088 -14089
f -14089 -14088 -14090
f -14089 -14090 -14091
f -14091 -14090 -14092
f -14091 -14092 -14093
f -14093 -14092 -14094
f -14093 -14094 -14095
f -14095 -14094 -14096
f -14081 -14082 -14083
f -14083 -14082 -14084
f -14083 -14084 -14085
f -14085 -14084 -14086
f -14085 -14086 -14071
f -14071 -14086 -14072
f -14071 -14072 -14073
f -14073 -14072 -14074
f -14073 -14074 -14075
f -14075 -14074 -14076
f -14075 -14076 -14077
f -14077 -14076 -14078
f -14077 -14078 -14079
f -14079 -14078 -14080
f -14079 -14080 -14081
f -14081 -14080 -14082
f -5750 -5757 -5751
f -5751 -5757 -5752
f -5751 -5752 -5738
f -5450 -5452 -5451
f -5451 -5452 -5453
f -5449 -5448 -5452
f -5452 -5448 -5447
f -5452 -5447 -5446
f -5446 -5447 -5445
f -5077 -5211 -5078
f -5078 -5211 -5079
f -6697 -6723 -6724
f -6724 -6723 -6725
f -6724 -6725 -6726
f -6726 -6725 -6727
f -6726 -6727 -6728
f -6728 -6727 -6729
f -6728 -6729 -6730
f -6730 -6729 -6731
f -6730 -6731 -6732
f -6732 -6731 -6733
f -6732 -6733 -6734
f -6784 -6785 -6783
f -6783 -6785 -6770
f -3180 -3160 -3159
f -3750 -3751 -3638
f -3271 -3438 -3272
f -9032 -9020 -9030
f -9008 -9034 -9036
f -8961 -8963 -8962
f -2265 -2262 -2263
f -2279 -2282 -2280
f -13900 -13908 -13909
f -13993 -14001 -14002
f -14030 -14038 -14039
f -14788 -14796 -14797
f -14799 -14807 -14808
f -14820 -14828 -14829
f -14123 -14131 -14132
f -5740 -5758 -5765
f -5402 -5458 -5403
f -5395 -5458 -5396
f -5211 -5080 -5079
f -6527 -6545 -6534
f -6757 -6775 -6758
f -6806 -6808 -6807
f -4112 -4113 -4111
f -9015 -9016 -9014
f -9036 -9029 -9028
f -8984 -8985 -8983
f -2406 -2377 -2408
f -2277 -2289 -2278
f -1925 -1927 -1926
f -2260 -2259 -2258
f -1542 -1515 -1514
f -13984 -13986 -13985
f -14120 -14121 -14119
f -5452 -5458 -5453
f -5211 -5219 -5212
f -6537 -6538 -6542
f -6809 -6816 -6810
f -3762 -4140 -4139
f -3641 -3646 -3642
f -3645 -3647 -3646
f -3636 -3642 -3637
f -3643 -3733 -3644
f -3763 -3765 -3764
f -3760 -3763 -3761
f -6744 -6749 -6745
f -4130 -4128 -4129
f -4129 -4128 -4127
f -4129 -4127 -4126
f -4126 -4127 -4125
f -4126 -4125 -4124
f -4124 -4125 -4123
f -4124 -4123 -4122
f -3775 -3774 -3775
f -10576 -10668 -10575
f -10575 -10668 -10666
f -10575 -10666 -10574
f -10574 -10666 -10573
f -10574 -10573 -10629
f -10602 -10612 -10568
f -10568 -10612 -10614
f -10568 -10614 -10627
f -10839 -10838 -10843
f -10843 -10838 -10837
f -11058 -11060 -11019
f -11019 -11060 -11062
f -11019 -11062 -11020
f -11020 -11062 -11064
f -11020 -11064 -10941
f -10941 -11064 -10917
f -10941 -10917 -10915
f -10915 -10917 -10916
f -10915 -10916 -10914
f -10185 -10184 -10183
f -10183 -10184 -10182
f -10183 -10182 -10181
f -10181 -10182 -10180
f -10181 -10180 -10179
f -10197 -10196 -10198
f -10198 -10196 -10195
f -10198 -10195 -10194
f -10191 -10193 -10192
f -10192 -10193 -10186
f -10064 -10066 -10065
f -10065 -10066 -10067
f -10065 -10067 -10055
f -10055 -10052 -10054
f -10054 -10052 -10053
f -10054 -10053 -10065
f -10065 -10053 -10063
f -10065 -10063 -10064
f -10064 -10063 -10062
f -10048 -10047 -10049
f -10049 -10047 -10061
f -10049 -10061 -10063
f -10063 -10061 -10062
f -10063 -10053 -10049
f -10049 -10053 -10050
f -10049 -10050 -10048
f -10052 -10051 -10053
f -10053 -10051 -10050
f -9644 -9645 -9646
f -9646 -9645 -9647
f -9646 -9647 -9648
f -9648 -9647 -9649
f -9648 -9649 -9573
f -9573 -9572 -9648
f -9648 -9572 -9571
f -9648 -9571 -9570
f -9566 -9565 -9646
f -9646 -9565 -9564
f -9646 -9564 -9644
f -9641 -9642 -9646
f -9646 -9642 -9643
f -9646 -9643 -9566
f -9421 -9422 -9425
f -9425 -9422 -9349
f -9425 -9349 -9348
f -9337 -9423 -9425
f -9425 -9423 -9424
f -9425 -9424 -9426
f -9344 -9343 -9425
f -9425 -9343 -9342
f -9425 -9342 -9341
f -9347 -9346 -9425
f -9425 -9346 -9345
f -9425 -9345 -9344
f -9340 -9339 -9425
f -9425 -9339 -9338
f -9425 -9338 -9337
f -9207 -9206 -9214
f -9214 -9206 -9205
f -9214 -9205 -9212
f -9212 -9205 -9203
f -9193 -9194 -9192
f -9192 -9194 -9202
f -9192 -9202 -9204
f -9204 -9202 -9203
f -9204 -9203 -9205
f -11017 -10986 -11056
f -11056 -10986 -10988
f -11056 -10988 -11054
f -11054 -10988 -11052
f -7052 -7053 -7051
f -7051 -7053 -7045
f -7553 -7552 -7554
f -7554 -7552 -7551
f -7527 -7528 -7529
f -7529 -7528 -7530
f -7529 -7530 -7531
f -7531 -7530 -7532
f -7531 -7532 -7533
f -7533 -7532 -7534
f -7533 -7534 -7535
f -7535 -7534 -7536
f -7535 -7536 -7537
f -7537 -7536 -7538
f -7537 -7538 -7539
f -7539 -7538 -7540
f -7539 -7540 -7541
f -7541 -7540 -7542
f -7541 -7542 -7544
f -7544 -7542 -7543
f -7544 -7543 -7546
f -8034 -8033 -8035
f -8035 -8033 -8032
f -7994 -7992 -7993
f -7993 -7992 -7991
f -7993 -7991 -7990
f -7990 -7991 -7989
f -7990 -7989 -7988
f -7984 -7982 -7983
f -7983 -7982 -7981
f -7983 -7981 -7980
f -7980 -7981 -7979
f -7980 -7979 -7978
f -8733 -8732 -8734
f -8734 -8732 -8723
f -8734 -8723 -8726
f -8726 -8723 -8716
f -8726 -8716 -8715
f -5880 -5936 -5934
f -5934 -5936 -5935
f -5934 -5935 -5933
f -5883 -5882 -5934
f -5934 -5882 -5881
f -5934 -5881 -5880
f -5886 -5885 -5934
f -5934 -5885 -5884
f -5934 -5884 -5883
f -5889 -5888 -5934
f -5934 -5888 -5887
f -5934 -5887 -5886
f -6381 -6345 -6383
f -6383 -6345 -6344
f -6383 -6344 -6380
f -10762 -10763 -10764
f -10764 -10763 -10765
f -10199 -10201 -10200
f -10200 -10201 -10202
f -10047 -10059 -10061
f -10061 -10059 -10060
f -10061 -10060 -10062
f -10029 -10030 -10031
f -10031 -10030 -10032
f -10247 -10248 -10249
f -10249 -10248 -10250
f -10321 -10323 -10322
f -10322 -10323 -10324
f -9229 -9230 -9231
f -9231 -9230 -9232
f -9231 -9232 -9233
f -9233 -9232 -9234
f -9233 -9234 -9235
f -9235 -9234 -9236
f -9235 -9236 -9237
f -9237 -9236 -9238
f -9237 -9238 -9227
f -9222 -9223 -9224
f -9224 -9223 -9225
f -9308 -9309 -9310
f -9310 -9309 -9311
f -9310 -9311 -9312
f -9312 -9311 -9313
f -9312 -9313 -9314
f -9196 -9194 -9195
f -9195 -9194 -9193
f -11056 -11058 -11017
f -11017 -11058 -11019
f -10988 -10989 -11052
f -11052 -10989 -10990
f -7044 -7039 -7045
f -7045 -7039 -7040
f -7075 -7076 -7077
f -7077 -7076 -7078
f -7077 -7078 -7079
f -7552 -7550 -7551
f -7551 -7550 -7549
f -7551 -7549 -7548
f -7548 -7549 -7547
f -7548 -7547 -7546
f -7546 -7547 -7545
f -7546 -7545 -7544
f -7993 -8029 -7994
f -7994 -8029 -8030
f -8033 -8031 -8032
f -8032 -8031 -8030
f -8032 -8030 -8029
f -7990 -7988 -7987
f -7987 -7988 -7986
f -7987 -7986 -7985
f -7985 -7986 -7984
f -7985 -7984 -7983
f -8721 -8722 -8732
f -8732 -8722 -8723
f -6389 -6384 -6383
f -6383 -6384 -6382
f -6383 -6382 -6381
f -5931 -5932 -5933
f -5933 -5932 -5934
f -6378 -6383 -6379
f -6379 -6383 -6380
f -10668 -10576 -10565
f -10176 -10184 -10185
f -10065 -10055 -10054
f -9347 -9425 -9348
f -9340 -9425 -9341
f -8714 -8726 -8715
f -5889 -5934 -5893
f -10066 -10068 -10067
f -9426 -9430 -9425
f -9205 -9206 -9204
f -9308 -9307 -9309
f -8732 -8733 -8731
f -10148 -10149 -10147
f -10558 -10672 -10565
f -10565 -10672 -10670
f -10565 -10670 -10668
f -10352 -10356 -10353
f -10353 -10356 -10357
f -10353 -10357 -10351
f -10324 -10323 -10325
f -10325 -10323 -10295
f -10325 -10295 -10294
f -9769 -9668 -9772
f -9772 -9668 -9667
f -9772 -9667 -9666
f -9650 -9760 -9762
f -9762 -9760 -9761
f -9762 -9761 -9763
f -9665 -9664 -9772
f -9772 -9664 -9663
f -9772 -9663 -9770
f -9762 -9763 -9767
f -9767 -9763 -9764
f -9767 -9764 -9662
f -9657 -9765 -9767
f -9767 -9765 -9766
f -9767 -9766 -9768
f -9660 -9659 -9767
f -9767 -9659 -9658
f -9767 -9658 -9657
f -9662 -9661 -9767
f -9767 -9661 -9660
f -9694 -9693 -9797
f -9797 -9693 -9692
f -9797 -9692 -9795
f -9697 -9696 -9797
f -9797 -9696 -9695
f -9797 -9695 -9694
f -9780 -9781 -9782
f -9782 -9781 -9783
f -9782 -9783 -9787
f -9787 -9783 -9784
f -9787 -9784 -9685
f -9680 -9785 -9787
f -9787 -9785 -9786
f -9787 -9786 -9788
f -9689 -9688 -9792
f -9792 -9688 -9687
f -9792 -9687 -9686
f -9775 -9776 -9777
f -9777 -9776 -9778
f -9777 -9778 -9782
f -9782 -9778 -9779
f -9782 -9779 -9679
f -9789 -9691 -9792
f -9792 -9691 -9690
f -9792 -9690 -9689
f -9708 -9707 -9807
f -9807 -9707 -9706
f -9807 -9706 -9705
f -9700 -9699 -9802
f -9802 -9699 -9698
f -9802 -9698 -9800
f -9770 -9771 -9772
f -9772 -9771 -9773
f -9772 -9773 -9777
f -9777 -9773 -9774
f -9777 -9774 -9674
f -9703 -9702 -9802
f -9802 -9702 -9701
f -9802 -9701 -9700
f -9683 -9682 -9787
f -9787 -9682 -9681
f -9787 -9681 -9680
f -9685 -9684 -9787
f -9787 -9684 -9683
f -9655 -9654 -9762
f -9762 -9654 -9653
f -9762 -9653 -9652
f -9795 -9796 -9797
f -9797 -9796 -9798
f -9797 -9798 -9802
f -9802 -9798 -9799
f -9802 -9799 -9703
f -9652 -9651 -9762
f -9762 -9651 -9650
f -9800 -9801 -9802
f -9802 -9801 -9803
f -9802 -9803 -9807
f -9807 -9803 -9804
f -9807 -9804 -9708
f -9686 -9790 -9792
f -9792 -9790 -9791
f -9792 -9791 -9793
f -9671 -9670 -9777
f -9777 -9670 -9669
f -9777 -9669 -9775
f -9677 -9676 -9782
f -9782 -9676 -9675
f -9782 -9675 -9780
f -9674 -9673 -9777
f -9777 -9673 -9672
f -9777 -9672 -9671
f -9679 -9678 -9782
f -9782 -9678 -9677
f -9792 -9793 -9797
f -9797 -9793 -9794
f -9797 -9794 -9697
f -9570 -9569 -9648
f -9648 -9569 -9568
f -9648 -9568 -9567
f -9262 -9261 -9263
f -9263 -9261 -9246
f -9263 -9246 -9245
f -9245 -9246 -9244
f -9245 -9244 -9243
f -9243 -9244 -9242
f -9243 -9242 -9241
f -9241 -9242 -9240
f -9241 -9240 -9239
f -9201 -9200 -9199
f -9199 -9200 -9198
f -9199 -9198 -9197
f -9197 -9198 -9196
f -9197 -9196 -9195
f -12200 -12199 -12201
f -12201 -12199 -12203
f -12201 -12203 -12202
f -12202 -12203 -12204
f -12202 -12204 -12206
f -12206 -12204 -12198
f -12206 -12198 -12197
f -12196 -12195 -12206
f -12206 -12195 -12194
f -12206 -12194 -12207
f -12064 -12063 -12065
f -12065 -12063 -12059
f -12065 -12059 -12058
f -12056 -12055 -12057
f -12057 -12055 -12047
f -12057 -12047 -12048
f -12036 -12035 -12037
f -12037 -12035 -12034
f -12037 -12034 -12033
f -12030 -12029 -12031
f -12031 -12029 -12028
f -12031 -12028 -12027
f -12022 -12023 -12025
f -12025 -12023 -12024
f -12025 -12024 -12026
f -12004 -12003 -12005
f -12005 -12003 -12014
f -12005 -12014 -12013
f -12013 -12014 -12023
f -12013 -12023 -12012
f -12012 -12023 -12021
f -12012 -12021 -12011
f -12020 -12019 -12018
f -12018 -12019 -12017
f -12018 -12017 -12004
f -12310 -12309 -12311
f -12311 -12309 -12308
f -12311 -12308 -12307
f -12305 -12304 -12306
f -12306 -12304 -12303
f -12306 -12303 -12302
f -11281 -11240 -11282
f -11282 -11240 -11251
f -11282 -11251 -11283
f -11283 -11251 -11284
f -11283 -11284 -11296
f -11296 -11284 -11298
f -11296 -11298 -11297
f -11297 -11298 -11299
f -11297 -11299 -11278
f -11278 -11299 -11248
f -11278 -11248 -11247
f -11282 -11283 -11294
f -11294 -11283 -11296
f -11294 -11296 -11295
f -11295 -11296 -11297
f -11295 -11297 -11277
f -11277 -11297 -11278
f -11277 -11278 -11270
f -11270 -11278 -11247
f -11270 -11247 -11246
f -11332 -11331 -11333
f -11333 -11331 -11302
f -11333 -11302 -11300
f -11300 -11302 -11301
f -11300 -11301 -11299
f -11299 -11301 -11232
f -11299 -11232 -11250
f -11299 -11298 -11300
f -11300 -11298 -11335
f -11300 -11335 -11333
f -11333 -11335 -11334
f -11333 -11334 -11332
f -11241 -11262 -11269
f -11269 -11262 -11268
f -11269 -11268 -11276
f -11276 -11268 -11275
f -11276 -11275 -11293
f -11293 -11275 -11291
f -11293 -11291 -11292
f -11292 -11291 -11290
f -11292 -11290 -11281
f -11281 -11282 -11292
f -11292 -11282 -11294
f -11292 -11294 -11293
f -11293 -11294 -11295
f -11293 -11295 -11276
f -11276 -11295 -11277
f -11276 -11277 -11269
f -11269 -11277 -11270
f -11269 -11270 -11242
f -11242 -11270 -11243
f -11290 -11291 -11289
f -11289 -11291 -11274
f -11289 -11274 -11273
f -11273 -11274 -11266
f -11273 -11266 -11265
f -11265 -11266 -11258
f -11291 -11275 -11274
f -11274 -11275 -11267
f -11274 -11267 -11266
f -11266 -11267 -11259
f -11266 -11259 -11258
f -11235 -11234 -11270
f -11270 -11234 -11233
f -11270 -11233 -11244
f -11246 -11245 -11270
f -11270 -11245 -11235
f -11275 -11268 -11267
f -11267 -11268 -11261
f -11267 -11261 -11260
f -11298 -11284 -11335
f -11335 -11284 -11252
f -11335 -11252 -11337
f -11170 -11171 -11169
f -11169 -11171 -11168
f -11169 -11168 -11167
f -11803 -11804 -11805
f -11805 -11804 -11806
f -11805 -11806 -11807
f -11807 -11806 -11808
f -11807 -11808 -11809
f -11809 -11808 -11810
f -11809 -11810 -11811
f -11811 -11810 -11812
f -11811 -11812 -11802
f -11815 -11818 -11816
f -11816 -11818 -11817
f -11816 -11817 -11813
f -357 -356 -355
f -355 -356 -354
f -355 -354 -353
f -11793 -11792 -11796
f -11796 -11792 -11791
f -11796 -11791 -11794
f -359 -360 -362
f -362 -360 -361
f -362 -361 -363
f -11780 -11779 -11781
f -11781 -11779 -11774
f -11781 -11774 -11772
f -11052 -11053 -11054
f -11054 -11053 -11055
f -11054 -11055 -11056
f -11056 -11055 -11057
f -11056 -11057 -11058
f -11058 -11057 -11059
f -11058 -11059 -11060
f -11060 -11059 -11061
f -11060 -11061 -11062
f -11062 -11061 -11063
f -11062 -11063 -11064
f -11064 -11063 -11065
f -11064 -11065 -10917
f -10917 -11065 -10896
f -435 -434 -447
f -447 -434 -433
f -447 -433 -445
f -448 -437 -447
f -447 -437 -436
f -447 -436 -435
f -404 -405 -406
f -406 -405 -407
f -406 -407 -408
f -408 -407 -409
f -408 -409 -410
f -410 -409 -411
f -410 -411 -412
f -412 -411 -413
f -412 -413 -414
f -414 -413 -415
f -414 -415 -416
f -416 -415 -417
f -416 -417 -432
f -432 -417 -431
f -432 -431 -430
f -430 -431 -429
f -430 -429 -428
f -428 -429 -427
f -428 -427 -426
f -426 -427 -425
f -426 -425 -424
f -424 -425 -423
f -424 -423 -422
f -422 -423 -421
f -422 -421 -420
f -420 -421 -419
f -420 -419 -418
f -449 -448 -453
f -453 -448 -447
f -453 -447 -446
f -449 -453 -450
f -450 -453 -451
f -463 -462 -466
f -466 -462 -461
f -466 -461 -460
f -438 -463 -464
f -464 -463 -466
f -464 -466 -465
f -438 -464 -439
f -439 -464 -440
f -443 -442 -464
f -464 -442 -441
f -464 -441 -440
f -457 -456 -466
f -466 -456 -455
f -466 -455 -454
f -460 -459 -466
f -466 -459 -458
f -466 -458 -457
f -447 -445 -464
f -464 -445 -444
f -464 -444 -443
f -494 -493 -492
f -492 -493 -491
f -492 -491 -490
f -490 -491 -489
f -490 -489 -488
f -488 -489 -487
f -488 -487 -486
f -486 -487 -485
f -486 -485 -484
f -484 -485 -483
f -484 -483 -482
f -482 -483 -481
f -482 -481 -480
f -480 -481 -479
f -480 -479 -478
f -478 -479 -477
f -478 -477 -476
f -476 -477 -475
f -476 -475 -474
f -474 -475 -473
f -474 -473 -472
f -472 -473 -471
f -472 -471 -470
f -470 -471 -469
f -470 -469 -468
f -372 -371 -370
f -370 -371 -369
f -370 -369 -368
f -374 -375 -376
f -376 -375 -377
f -376 -377 -378
f -378 -377 -379
f -378 -379 -380
f -380 -379 -381
f -380 -381 -382
f -382 -381 -383
f -382 -383 -384
f -384 -383 -385
f -384 -385 -386
f -386 -385 -387
f -386 -387 -402
f -402 -387 -401
f -402 -401 -400
f -400 -401 -399
f -400 -399 -398
f -398 -399 -397
f -398 -397 -396
f -396 -397 -395
f -396 -395 -394
f -394 -395 -393
f -394 -393 -392
f -392 -393 -391
f -392 -391 -390
f -390 -391 -389
f -390 -389 -388
f -7179 -7178 -7263
f -7263 -7178 -7177
f -7263 -7177 -7261
f -7182 -7181 -7263
f -7263 -7181 -7180
f -7263 -7180 -7179
f -7246 -7247 -7248
f -7248 -7247 -7249
f -7248 -7249 -7253
f -7253 -7249 -7250
f -7253 -7250 -7170
f -7166 -7251 -7253
f -7253 -7251 -7252
f -7253 -7252 -7254
f -7175 -7174 -7258
f -7258 -7174 -7173
f -7258 -7173 -7172
f -7254 -7255 -7258
f -7258 -7255 -7176
f -7258 -7176 -7175
f -7241 -7242 -7243
f -7243 -7242 -7244
f -7243 -7244 -7248
f -7248 -7244 -7245
f -7248 -7245 -7165
f -7256 -7257 -7258
f -7258 -7257 -7259
f -7258 -7259 -7263
f -7263 -7259 -7260
f -7263 -7260 -7182
f -7093 -7092 -7268
f -7268 -7092 -7091
f -7268 -7091 -7090
f -7266 -7095 -7268
f -7268 -7095 -7094
f -7268 -7094 -7093
f -7088 -7087 -7268
f -7268 -7087 -7086
f -7268 -7086 -7085
f -7090 -7089 -7268
f -7268 -7089 -7088
f -7162 -7161 -7248
f -7248 -7161 -7160
f -7248 -7160 -7246
f -7165 -7164 -7248
f -7248 -7164 -7163
f -7248 -7163 -7162
f -7169 -7168 -7253
f -7253 -7168 -7167
f -7253 -7167 -7166
f -7185 -7184 -7274
f -7274 -7184 -7183
f -7274 -7183 -7272
f -7265 -7187 -7274
f -7274 -7187 -7186
f -7274 -7186 -7185
f -7190 -7189 -7276
f -7276 -7189 -7188
f -7276 -7188 -7271
f -7172 -7171 -7258
f -7258 -7171 -7256
f -7272 -7273 -7274
f -7274 -7273 -7275
f -7274 -7275 -7276
f -7276 -7275 -7277
f -7276 -7277 -7190
f -7151 -7150 -7238
f -7238 -7150 -7149
f -7238 -7149 -7236
f -7234 -7235 -7238
f -7238 -7235 -7152
f -7238 -7152 -7151
f -7145 -7144 -7233
f -7233 -7144 -7143
f -7233 -7143 -7231
f -7158 -7157 -7243
f -7243 -7157 -7156
f -7243 -7156 -7155
f -7239 -7240 -7243
f -7243 -7240 -7159
f -7243 -7159 -7158
f -7155 -7154 -7243
f -7243 -7154 -7153
f -7243 -7153 -7241
f -7045 -7040 -7041
f -7041 -7040 -7042
f -7041 -7042 -7036
f -7036 -7035 -7041
f -7041 -7035 -7034
f -7070 -7072 -7071
f -7071 -7072 -7073
f -7071 -7073 -7063
f -7063 -7073 -7064
f -7063 -7064 -7066
f -7066 -7064 -7065
f -7066 -7065 -7067
f -7064 -7073 -7065
f -7065 -7073 -7074
f -16523 -16524 -16522
f -16522 -16524 -16521
f -16522 -16521 -16520
f -16520 -16521 -16519
f -16520 -16519 -16518
f -16518 -16519 -16517
f -16518 -16517 -16516
f -16529 -16531 -16530
f -16530 -16531 -16514
f -16530 -16514 -16516
f -16516 -16514 -16515
f -16516 -16515 -16518
f -16497 -16496 -16495
f -16495 -16496 -16494
f -16495 -16494 -16493
f -16493 -16494 -16492
f -16493 -16492 -16491
f -16491 -16492 -16490
f -16491 -16490 -16489
f -16487 -16486 -16485
f -16485 -16486 -16484
f -16485 -16484 -16483
f -16483 -16484 -16482
f -16483 -16482 -16481
f -16481 -16482 -16480
f -16481 -16480 -16479
f -16447 -16446 -16445
f -16445 -16446 -16444
f -16445 -16444 -16443
f -16443 -16444 -16442
f -16443 -16442 -16441
f -16441 -16442 -16440
f -16441 -16440 -16439
f -16457 -16456 -16455
f -16455 -16456 -16454
f -16455 -16454 -16453
f -16453 -16454 -16452
f -16453 -16452 -16451
f -16451 -16452 -16450
f -16451 -16450 -16449
f -16843 -16842 -16841
f -16841 -16842 -16840
f -16841 -16840 -16839
f -16839 -16840 -16838
f -16839 -16838 -16837
f -16837 -16838 -16836
f -16837 -16836 -16835
f -16853 -16852 -16851
f -16851 -16852 -16850
f -16851 -16850 -16849
f -16849 -16850 -16848
f -16849 -16848 -16847
f -16847 -16848 -16846
f -16847 -16846 -16845
f -5841 -5959 -5957
f -5957 -5959 -5958
f -5957 -5958 -5956
f -5956 -5958 -5893
f -5956 -5893 -5890
f -5890 -5893 -5891
f -5934 -5892 -5893
f -5893 -5892 -5891
f -16925 -16927 -16926
f -16926 -16927 -16910
f -16926 -16910 -16912
f -16912 -16910 -16911
f -16912 -16911 -16914
f -16919 -16920 -16918
f -16918 -16920 -16917
f -16918 -16917 -16916
f -16916 -16917 -16915
f -16916 -16915 -16914
f -16914 -16915 -16913
f -16914 -16913 -16912
f -16893 -16892 -16891
f -16891 -16892 -16890
f -16891 -16890 -16889
f -16889 -16890 -16888
f -16889 -16888 -16887
f -16887 -16888 -16886
f -16887 -16886 -16885
f -16883 -16882 -16881
f -16881 -16882 -16880
f -16881 -16880 -16879
f -16879 -16880 -16878
f -16879 -16878 -16877
f -16877 -16878 -16876
f -16877 -16876 -16875
f -10832 -10838 -10833
f -10833 -10838 -10839
f -10911 -10917 -10912
f -10912 -10917 -10913
f -10357 -10356 -10355
f -10355 -10356 -10354
f -10355 -10354 -10365
f -10365 -10354 -10364
f -10365 -10364 -10363
f -10363 -10364 -10362
f -10363 -10362 -10361
f -10361 -10362 -10360
f -10361 -10360 -10359
f -10359 -10360 -10358
f -10359 -10358 -10371
f -10371 -10358 -10370
f -10371 -10370 -10369
f -10369 -10370 -10368
f -10369 -10368 -10367
f -10367 -10368 -10366
f -9767 -9768 -9772
f -9772 -9768 -9769
f -9787 -9788 -9792
f -9792 -9788 -9789
f -9252 -9253 -9254
f -9254 -9253 -9255
f -9254 -9255 -9256
f -9256 -9255 -9257
f -9256 -9257 -9258
f -9258 -9257 -9259
f -9258 -9259 -9260
f -9260 -9259 -9261
f -9260 -9261 -9262
f -12206 -12207 -12209
f -12209 -12207 -12208
f -12050 -12051 -12052
f -12052 -12051 -12053
f -12052 -12053 -12054
f -12054 -12053 -12055
f -12054 -12055 -12056
f -12046 -12045 -12044
f -12044 -12045 -12043
f -12044 -12043 -12042
f -12042 -12043 -12041
f -12042 -12041 -12040
f -12040 -12041 -12039
f -12040 -12039 -12038
f -12016 -12015 -12017
f -12017 -12015 -12006
f -12017 -12006 -12007
f -12007 -12006 -12008
f -12007 -12008 -12009
f -12009 -12008 -12024
f -12009 -12024 -12010
f -12010 -12024 -12023
f -12476 -12477 -12478
f -12478 -12477 -12479
f -12472 -12473 -12474
f -12474 -12473 -12475
f -12468 -12469 -12470
f -12470 -12469 -12471
f -12464 -12465 -12466
f -12466 -12465 -12467
f -12319 -12318 -12317
f -12317 -12318 -12316
f -12317 -12316 -12315
f -12315 -12316 -12314
f -12315 -12314 -12313
f -12368 -12369 -12370
f -12370 -12369 -12371
f -12370 -12371 -12372
f -12372 -12371 -12373
f -12372 -12373 -12374
f -12374 -12373 -12375
f -12374 -12375 -12376
f -12376 -12375 -12377
f -12378 -12379 -12380
f -12380 -12379 -12381
f -12380 -12381 -12382
f -12382 -12381 -12383
f -12382 -12383 -12384
f -12384 -12383 -12385
f -12384 -12385 -12386
f -12386 -12385 -12387
f -12576 -12577 -12578
f -12578 -12577 -12579
f -12528 -12529 -12530
f -12530 -12529 -12531
f -12530 -12531 -12532
f -12532 -12531 -12533
f -12532 -12533 -12534
f -12534 -12533 -12535
f -11248 -11299 -11249
f -11249 -11299 -11250
f -11334 -11335 -11336
f -11336 -11335 -11337
f -11188 -11187 -11186
f -11186 -11187 -11185
f -11186 -11185 -11184
f -11184 -11185 -11183
f -11184 -11183 -11182
f -11182 -11183 -11181
f -11182 -11181 -11180
f -11180 -11181 -11179
f -11180 -11179 -11178
f -11178 -11179 -11177
f -11178 -11177 -11176
f -11176 -11177 -11175
f -11176 -11175 -11174
f -11174 -11175 -11173
f -11174 -11173 -11172
f -11172 -11173 -11171
f -11172 -11171 -11170
f -11794 -11795 -11796
f -11796 -11795 -11797
f -11796 -11797 -11798
f -11798 -11797 -11799
f -11798 -11799 -11800
f -11800 -11799 -11801
f -11800 -11801 -11790
f -364 -365 -366
f -366 -365 -367
f -11782 -11783 -11784
f -11784 -11783 -11785
f -11786 -11787 -11788
f -11788 -11787 -11789
f -11779 -11778 -11777
f -11777 -11778 -11776
f -11777 -11776 -11775
f -466 -454 -453
f -453 -454 -452
f -453 -452 -451
f -969 -970 -971
f -971 -970 -972
f -973 -974 -975
f -975 -974 -976
f -961 -962 -963
f -963 -962 -964
f -965 -966 -967
f -967 -966 -968
f -981 -982 -983
f -983 -982 -984
f -977 -978 -979
f -979 -978 -980
f -501 -502 -503
f -503 -502 -504
f -7801 -7346 -7347
f -7347 -7346 -7348
f -7347 -7348 -7349
f -7349 -7348 -7350
f -7349 -7350 -7351
f -7351 -7350 -7352
f -7351 -7352 -7353
f -7353 -7352 -7354
f -7353 -7354 -7355
f -7355 -7354 -7356
f -7355 -7356 -7357
f -7357 -7356 -7358
f -7357 -7358 -7359
f -7359 -7358 -7360
f -7359 -7360 -7361
f -7361 -7360 -7362
f -7361 -7362 -7363
f -7363 -7362 -7364
f -7363 -7364 -7365
f -7365 -7364 -7366
f -7365 -7366 -7367
f -7367 -7366 -7368
f -7367 -7368 -7369
f -7369 -7368 -7370
f -7369 -7370 -7371
f -7371 -7370 -7372
f -7371 -7372 -7373
f -7373 -7372 -7374
f -7373 -7374 -7375
f -7375 -7374 -7376
f -7375 -7376 -7377
f -7377 -7376 -7378
f -7377 -7378 -7379
f -7379 -7378 -7380
f -7379 -7380 -7381
f -7381 -7380 -7382
f -7381 -7382 -7383
f -7383 -7382 -7384
f -7383 -7384 -7385
f -7385 -7384 -7386
f -7385 -7386 -7387
f -7387 -7386 -7388
f -7387 -7388 -7389
f -7389 -7388 -7390
f -7389 -7390 -7391
f -7391 -7390 -7392
f -7391 -7392 -7393
f -7393 -7392 -7394
f -7393 -7394 -7395
f -7395 -7394 -7396
f -7395 -7396 -7397
f -7397 -7396 -7398
f -7397 -7398 -7399
f -7399 -7398 -7400
f -7399 -7400 -7401
f -7401 -7400 -7402
f -7401 -7402 -7403
f -7403 -7402 -7404
f -7403 -7404 -7405
f -7405 -7404 -7406
f -7405 -7406 -7407
f -7407 -7406 -7408
f -7407 -7408 -7409
f -7409 -7408 -7410
f -7409 -7410 -7412
f -7412 -7410 -7411
f -7412 -7411 -7413
f -7261 -7262 -7263
f -7263 -7262 -7264
f -7263 -7264 -7274
f -7274 -7264 -7265
f -7266 -7268 -7267
f -7267 -7268 -7269
f -7268 -7276 -7269
f -7269 -7276 -7270
f -7231 -7232 -7233
f -7233 -7232 -7234
f -7233 -7234 -7238
f -7236 -7237 -7238
f -7238 -7237 -7239
f -7238 -7239 -7243
f -7081 -7082 -7083
f -7083 -7082 -7084
f -7068 -7070 -7069
f -7069 -7070 -7071
f -7069 -7071 -7063
f -7412 -7413 -7414
f -7414 -7413 -7415
f -7414 -7415 -7416
f -7416 -7415 -7417
f -7416 -7417 -7418
f -7418 -7417 -7419
f -7418 -7419 -7420
f -7420 -7419 -7421
f -7420 -7421 -7422
f -7422 -7421 -7423
f -7422 -7423 -7424
f -7424 -7423 -7425
f -7424 -7425 -7426
f -7426 -7425 -7427
f -7426 -7427 -7428
f -7428 -7427 -7429
f -7428 -7429 -7430
f -7430 -7429 -7431
f -7430 -7431 -7432
f -7432 -7431 -7433
f -7432 -7433 -7434
f -7434 -7433 -7435
f -7434 -7435 -7436
f -7436 -7435 -7437
f -7436 -7437 -7438
f -7438 -7437 -7439
f -7438 -7439 -7440
f -7440 -7439 -7441
f -7440 -7441 -7442
f -7442 -7441 -7443
f -7442 -7443 -7444
f -7444 -7443 -7445
f -7444 -7445 -7446
f -7446 -7445 -7447
f -7446 -7447 -7448
f -7448 -7447 -7449
f -7448 -7449 -7450
f -7450 -7449 -7451
f -7450 -7451 -7452
f -7452 -7451 -7453
f -7452 -7453 -7454
f -7454 -7453 -7455
f -7454 -7455 -7456
f -7456 -7455 -7457
f -7456 -7457 -7458
f -7458 -7457 -7459
f -7458 -7459 -7460
f -7460 -7459 -7461
f -7460 -7461 -7462
f -7462 -7461 -7463
f -7462 -7463 -7464
f -7464 -7463 -7465
f -7464 -7465 -7466
f -7466 -7465 -7467
f -7466 -7467 -7468
f -7468 -7467 -7469
f -7468 -7469 -7470
f -7470 -7469 -7471
f -7470 -7471 -7472
f -7472 -7471 -7473
f -7472 -7473 -7474
f -7474 -7473 -7475
f -7474 -7475 -7476
f -7476 -7475 -7477
f -7476 -7477 -7478
f -7478 -7477 -7479
f -7478 -7479 -7480
f -7480 -7479 -7481
f -7480 -7481 -7482
f -7482 -7481 -7483
f -7482 -7483 -7484
f -7484 -7483 -7485
f -7484 -7485 -7486
f -7486 -7485 -7487
f -7486 -7487 -7488
f -7488 -7487 -7489
f -7488 -7489 -7490
f -7490 -7489 -7491
f -7490 -7491 -7492
f -7492 -7491 -7493
f -7492 -7493 -7494
f -7494 -7493 -7495
f -7494 -7495 -7496
f -7496 -7495 -7497
f -7496 -7497 -7498
f -7498 -7497 -7499
f -7498 -7499 -7500
f -7500 -7499 -7501
f -7500 -7501 -7502
f -7502 -7501 -7503
f -7502 -7503 -7504
f -7504 -7503 -7505
f -7504 -7505 -7506
f -7506 -7505 -7507
f -7506 -7507 -7508
f -7508 -7507 -7509
f -7508 -7509 -7510
f -7510 -7509 -7511
f -7510 -7511 -7512
f -7512 -7511 -7513
f -7512 -7513 -7514
f -7514 -7513 -7515
f -7514 -7515 -7516
f -7516 -7515 -7517
f -7516 -7517 -7518
f -7518 -7517 -7519
f -7518 -7519 -7520
f -7520 -7519 -7521
f -7520 -7521 -7522
f -7522 -7521 -7523
f -7522 -7523 -7524
f -7524 -7523 -7525
f -7524 -7525 -7526
f -7526 -7525 -8110
f -7526 -8110 -8111
f -8111 -8110 -8114
f -8111 -8114 -8112
f -8112 -8114 -8113
f -8112 -8113 -7527
f -7527 -8113 -7528
f -16524 -16525 -16526
f -16526 -16525 -16527
f -16526 -16527 -16528
f -16528 -16527 -16529
f -16528 -16529 -16530
f -16513 -16512 -16511
f -16511 -16512 -16510
f -16511 -16510 -16509
f -16509 -16510 -16508
f -16509 -16508 -16507
f -16507 -16508 -16506
f -16507 -16506 -16505
f -16505 -16506 -16504
f -16505 -16504 -16503
f -16503 -16504 -16502
f -16503 -16502 -16501
f -16501 -16502 -16500
f -16501 -16500 -16499
f -16499 -16500 -16498
f -16499 -16498 -16513
f -16513 -16498 -16512
f -16550 -16548 -16549
f -16549 -16548 -16547
f -16549 -16547 -16543
f -16543 -16547 -16544
f -16543 -16544 -16545
f -16545 -16544 -16546
f -16549 -16551 -16550
f -16550 -16551 -16552
f -16552 -16551 -16553
f -16553 -16551 -16542
f -16532 -16533 -16534
f -16534 -16533 -16535
f -16534 -16535 -16536
f -16536 -16535 -16537
f -16536 -16537 -16538
f -16538 -16537 -16539
f -16538 -16539 -16540
f -16540 -16539 -16541
f -16423 -16422 -16437
f -16437 -16422 -16436
f -16437 -16436 -16435
f -16435 -16436 -16434
f -16435 -16434 -16433
f -16433 -16434 -16432
f -16433 -16432 -16431
f -16431 -16432 -16430
f -16431 -16430 -16429
f -16429 -16430 -16428
f -16429 -16428 -16427
f -16427 -16428 -16426
f -16427 -16426 -16425
f -16425 -16426 -16424
f -16425 -16424 -16423
f -16423 -16424 -16422
f -16468 -16469 -16470
f -16470 -16469 -16471
f -16470 -16471 -16472
f -16472 -16471 -16473
f -16472 -16473 -16474
f -16474 -16473 -16475
f -16474 -16475 -16476
f -16476 -16475 -16477
f -16458 -16459 -16460
f -16460 -16459 -16461
f -16460 -16461 -16462
f -16462 -16461 -16463
f -16462 -16463 -16464
f -16464 -16463 -16465
f -16464 -16465 -16466
f -16466 -16465 -16467
f -16826 -16827 -16828
f -16828 -16827 -16829
f -16828 -16829 -16830
f -16830 -16829 -16831
f -16830 -16831 -16832
f -16832 -16831 -16833
f -16832 -16833 -16818
f -16818 -16833 -16819
f -16818 -16819 -16820
f -16820 -16819 -16821
f -16820 -16821 -16822
f -16822 -16821 -16823
f -16822 -16823 -16824
f -16824 -16823 -16825
f -16824 -16825 -16826
f -16826 -16825 -16827
f -16854 -16855 -16856
f -16856 -16855 -16857
f -16856 -16857 -16858
f -16858 -16857 -16859
f -16858 -16859 -16860
f -16860 -16859 -16861
f -16860 -16861 -16862
f -16862 -16861 -16863
f -16873 -16872 -16871
f -16871 -16872 -16870
f -16871 -16870 -16869
f -16869 -16870 -16868
f -16869 -16868 -16867
f -16867 -16868 -16866
f -16867 -16866 -16865
f -16865 -16866 -16864
f -5958 -5959 -5960
f -5960 -5959 -5961
f -16937 -16936 -16935
f -16935 -16936 -16934
f -16935 -16934 -16933
f -16933 -16934 -16932
f -16933 -16932 -16931
f -16931 -16932 -16930
f -16931 -16930 -16929
f -16929 -16930 -16928
f -16942 -16941 -16940
f -16940 -16941 -16939
f -16940 -16939 -16943
f -16943 -16939 -16945
f -16943 -16945 -16944
f -16944 -16945 -16946
f -16920 -16921 -16922
f -16922 -16921 -16923
f -16922 -16923 -16924
f -16924 -16923 -16925
f -16924 -16925 -16926
f -16905 -16904 -16903
f -16903 -16904 -16902
f -16903 -16902 -16901
f -16901 -16902 -16900
f -16901 -16900 -16899
f -16899 -16900 -16898
f -16899 -16898 -16897
f -16897 -16898 -16896
f -16897 -16896 -16895
f -16895 -16896 -16894
f -16895 -16894 -16909
f -16909 -16894 -16908
f -16909 -16908 -16907
f -16907 -16908 -16906
f -16907 -16906 -16905
f -16905 -16906 -16904
f -16949 -16948 -16947
f -16947 -16948 -16946
f -16947 -16946 -16945
f -9665 -9772 -9666
f -9655 -9762 -9656
f -9188 -9200 -9201
f -12196 -12206 -12197
f -12036 -12037 -12032
f -12002 -12019 -12020
f -12017 -12019 -12016
f -11270 -11244 -11243
f -11259 -11267 -11260
f -11814 -11818 -11815
f -358 -360 -359
f -467 -493 -494
f -7169 -7253 -7170
f -7276 -7271 -7270
f -7045 -7041 -7051
f -16488 -16496 -16497
f -16478 -16486 -16487
f -16438 -16446 -16447
f -16448 -16456 -16457
f -16834 -16842 -16843
f -16844 -16852 -16853
f -16884 -16892 -16893
f -16874 -16882 -16883
f -9251 -9253 -9252
f -12203 -12205 -12204
f -12049 -12051 -12050
f -12023 -12022 -12021
f -12005 -12018 -12004
f -12317 -12312 -12319
f -11251 -11252 -11284
f -11269 -11242 -11241
f -11268 -11262 -11261
f -11779 -11780 -11778
f -11775 -11773 -11777
f -373 -375 -374
f -403 -405 -404
f -7254 -7258 -7253
f -7072 -7074 -7073
f -7801 -7800 -7346
f -16523 -16525 -16524
f -16919 -16921 -16920
f -16947 -16938 -16949
f -498 -500 -499
f -495 -497 -496
f -7078 -7080 -7079
f -10896 -10895 -10917
f -10917 -10895 -10894
f -10917 -10894 -10913
f -10521 -10520 -10565
f -10565 -10520 -10519
f -10565 -10519 -10556
f -10556 -10554 -10555
f -10555 -10554 -10553
f -10555 -10553 -10505
f -10563 -10574 -10514
f -10514 -10574 -10629
f -10514 -10629 -10631
f -10631 -10629 -10630
f -10631 -10630 -10632
f -10632 -10630 -10513
f -10632 -10513 -10512
f -10516 -10625 -10627
f -10627 -10625 -10626
f -10627 -10626 -10628
f -10610 -10611 -10612
f -10612 -10611 -10613
f -10612 -10613 -10614
f -10614 -10613 -10615
f -10614 -10615 -10627
f -10627 -10615 -10517
f -10627 -10517 -10516
f -10067 -10068 -10069
f -10069 -10068 -10070
f -10069 -10070 -10058
f -10058 -10070 -10036
f -10058 -10036 -10040
f -10035 -10046 -10044
f -10044 -10046 -10045
f -10044 -10045 -10043
f -10041 -10039 -10040
f -10040 -10039 -10038
f -10040 -10038 -10037
f -10031 -10032 -10033
f -10033 -10032 -10034
f -10033 -10034 -10028
f -10028 -10034 -10027
f -10028 -10027 -10026
f -10026 -10025 -10028
f -10028 -10025 -10024
f -10028 -10024 -10023
f -9805 -9806 -9807
f -9807 -9806 -9808
f -9807 -9808 -9812
f -9812 -9808 -9809
f -9812 -9809 -9714
f -9709 -9810 -9812
f -9812 -9810 -9811
f -9812 -9811 -9813
f -9815 -9816 -9817
f -9817 -9816 -9818
f -9817 -9818 -9822
f -9822 -9818 -9819
f -9822 -9819 -9726
f -9721 -9820 -9822
f -9822 -9820 -9821
f -9822 -9821 -9823
f -9812 -9813 -9817
f -9817 -9813 -9814
f -9817 -9814 -9720
f -9822 -9823 -9827
f -9827 -9823 -9824
f -9827 -9824 -9731
f -9727 -9825 -9827
f -9827 -9825 -9826
f -9827 -9826 -9828
f -9740 -9739 -9837
f -9837 -9739 -9738
f -9837 -9738 -9835
f -9743 -9742 -9837
f -9837 -9742 -9741
f -9837 -9741 -9740
f -9737 -9736 -9832
f -9832 -9736 -9735
f -9832 -9735 -9734
f -9734 -9733 -9832
f -9832 -9733 -9732
f -9832 -9732 -9830
f -9712 -9711 -9812
f -9812 -9711 -9710
f -9812 -9710 -9709
f -9714 -9713 -9812
f -9812 -9713 -9712
f -9720 -9719 -9817
f -9817 -9719 -9718
f -9817 -9718 -9717
f -9827 -9828 -9832
f -9832 -9828 -9829
f -9832 -9829 -9737
f -9717 -9716 -9817
f -9817 -9716 -9715
f -9817 -9715 -9815
f -9730 -9729 -9827
f -9827 -9729 -9728
f -9827 -9728 -9727
f -9830 -9831 -9832
f -9832 -9831 -9833
f -9832 -9833 -9837
f -9837 -9833 -9834
f -9837 -9834 -9743
f -9724 -9723 -9822
f -9822 -9723 -9722
f -9822 -9722 -9721
f -9726 -9725 -9822
f -9822 -9725 -9724
f -9705 -9704 -9807
f -9807 -9704 -9805
f -9840 -9841 -9842
f -9842 -9841 -9843
f -9842 -9843 -9844
f -9844 -9843 -9845
f -9844 -9845 -9759
f -9835 -9836 -9837
f -9837 -9836 -9838
f -9837 -9838 -9842
f -9842 -9838 -9839
f -9842 -9839 -9749
f -9746 -9745 -9842
f -9842 -9745 -9744
f -9842 -9744 -9840
f -9749 -9748 -9842
f -9842 -9748 -9747
f -9842 -9747 -9746
f -9757 -9756 -9844
f -9844 -9756 -9755
f -9844 -9755 -9754
f -9759 -9758 -9844
f -9844 -9758 -9757
f -9753 -9752 -9844
f -9844 -9752 -9751
f -9844 -9751 -9750
f -9325 -9324 -9420
f -9420 -9324 -9323
f -9420 -9323 -9418
f -9328 -9327 -9420
f -9420 -9327 -9326
f -9420 -9326 -9325
f -9331 -9330 -9420
f -9420 -9330 -9329
f -9420 -9329 -9328
f -9334 -9333 -9420
f -9420 -9333 -9332
f -9420 -9332 -9331
f -9336 -9335 -9420
f -9420 -9335 -9334
f -9298 -9299 -9300
f -9300 -9299 -9317
f -9300 -9317 -9315
f -9315 -9317 -9316
f -9315 -9316 -9314
f -12223 -12221 -12222
f -12222 -12221 -12220
f -12222 -12220 -12219
f -12201 -12209 -12210
f -12210 -12209 -12215
f -12210 -12215 -12211
f -12211 -12215 -12213
f -12208 -12226 -12224
f -12224 -12226 -12225
f -12224 -12225 -12223
f -12067 -12069 -12068
f -12068 -12069 -12076
f -12068 -12076 -12074
f -12074 -12076 -12075
f -12074 -12075 -12073
f -11231 -11319 -11321
f -11321 -11319 -11320
f -11321 -11320 -11322
f -11322 -11320 -11286
f -11322 -11286 -11285
f -11285 -11286 -11287
f -11285 -11287 -11272
f -11272 -11287 -11273
f -11272 -11273 -11265
f -11273 -11287 -11289
f -11289 -11287 -11288
f -11289 -11288 -11290
f -11290 -11288 -11280
f -11290 -11280 -11281
f -11281 -11280 -11240
f -11287 -11286 -11288
f -11288 -11286 -11279
f -11288 -11279 -11280
f -11280 -11279 -11239
f -11280 -11239 -11240
f -11258 -11257 -11265
f -11265 -11257 -11264
f -11265 -11264 -11272
f -11272 -11264 -11271
f -11272 -11271 -11285
f -11285 -11271 -11324
f -11285 -11324 -11322
f -11322 -11324 -11323
f -11322 -11323 -11321
f -11321 -11323 -11312
f -11321 -11312 -11311
f -11311 -11312 -11306
f -11256 -11255 -11264
f -11264 -11255 -11263
f -11264 -11263 -11271
f -11271 -11263 -11326
f -11271 -11326 -11324
f -11324 -11326 -11325
f -11324 -11325 -11323
f -11323 -11325 -11313
f -11323 -11313 -11312
f -11312 -11313 -11307
f -11312 -11307 -11306
f -11255 -11254 -11263
f -11263 -11254 -11328
f -11263 -11328 -11326
f -11326 -11328 -11327
f -11326 -11327 -11325
f -11325 -11327 -11314
f -11325 -11314 -11313
f -11313 -11314 -11309
f -11313 -11309 -11308
f -11311 -11310 -11321
f -11321 -11310 -11231
f -11238 -11305 -11316
f -11316 -11305 -11315
f -11316 -11315 -11329
f -11329 -11315 -11327
f -11329 -11327 -11328
f -11254 -11253 -11328
f -11328 -11253 -11330
f -11328 -11330 -11329
f -11329 -11330 -11317
f -11329 -11317 -11316
f -11316 -11317 -11237
f -11316 -11237 -11238
f -11238 -11237 -11236
f -11327 -11315 -11314
f -11314 -11315 -11303
f -11314 -11303 -11309
f -11318 -11239 -11320
f -11320 -11239 -11279
f -11320 -11279 -11286
f -11600 -11599 -11601
f -11601 -11599 -11598
f -11601 -11598 -11597
f -950 -949 -948
f -948 -949 -947
f -948 -947 -946
f -946 -947 -945
f -946 -945 -944
f -944 -945 -943
f -944 -943 -942
f -942 -943 -941
f -942 -941 -940
f -940 -941 -939
f -940 -939 -938
f -938 -939 -937
f -938 -937 -936
f -936 -937 -935
f -936 -935 -934
f -934 -935 -933
f -934 -933 -932
f -932 -933 -931
f -932 -931 -930
f -930 -931 -929
f -930 -929 -928
f -928 -929 -927
f -928 -927 -926
f -926 -927 -925
f -926 -925 -924
f -11607 -11615 -11609
f -11609 -11615 -11613
f -11609 -11613 -11606
f -11607 -11609 -11608
f -11608 -11609 -11603
f -11608 -11603 -11602
f -11602 -11603 -11623
f -11606 -11605 -11609
f -11609 -11605 -11604
f -11612 -11611 -11610
f -11610 -11611 -11625
f -11610 -11625 -11623
f -11623 -11625 -11624
f -11623 -11624 -11622
f -11629 -11628 -11630
f -11630 -11628 -11627
f -11630 -11627 -11626
f -11575 -11574 -11576
f -11576 -11574 -11567
f -11576 -11567 -11566
f -11595 -11594 -11596
f -11596 -11594 -11593
f -11596 -11593 -11592
f -11579 -11580 -11581
f -11581 -11580 -11582
f -11581 -11582 -11583
f -11583 -11582 -11584
f -11583 -11584 -11586
f -11586 -11584 -11585
f -11586 -11585 -11587
f -898 -897 -911
f -911 -897 -896
f -911 -896 -910
f -901 -900 -911
f -911 -900 -899
f -911 -899 -898
f -904 -903 -911
f -911 -903 -902
f -911 -902 -901
f -860 -861 -862
f -862 -861 -863
f -862 -863 -864
f -864 -863 -865
f -864 -865 -866
f -866 -865 -867
f -866 -867 -868
f -868 -867 -869
f -868 -869 -870
f -870 -869 -871
f -870 -871 -872
f -872 -871 -873
f -872 -873 -888
f -888 -873 -887
f -888 -887 -886
f -886 -887 -885
f -886 -885 -884
f -884 -885 -883
f -884 -883 -882
f -882 -883 -881
f -882 -881 -880
f -880 -881 -879
f -880 -879 -878
f -878 -879 -877
f -878 -877 -876
f -876 -877 -875
f -876 -875 -874
f -889 -904 -913
f -913 -904 -911
f -913 -911 -905
f -914 -895 -913
f -913 -895 -894
f -913 -894 -893
f -908 -907 -912
f -912 -907 -906
f -912 -906 -920
f -911 -910 -912
f -912 -910 -909
f -912 -909 -908
f -889 -913 -890
f -890 -913 -891
f -893 -892 -913
f -913 -892 -891
f -917 -916 -922
f -922 -916 -915
f -922 -915 -914
f -920 -919 -922
f -922 -919 -918
f -922 -918 -917
f -830 -831 -832
f -832 -831 -833
f -832 -833 -834
f -834 -833 -835
f -834 -835 -836
f -836 -835 -837
f -836 -837 -838
f -838 -837 -839
f -838 -839 -840
f -840 -839 -841
f -840 -841 -842
f -842 -841 -843
f -842 -843 -858
f -858 -843 -857
f -858 -857 -856
f -856 -857 -855
f -856 -855 -854
f -854 -855 -853
f -854 -853 -852
f -852 -853 -851
f -852 -851 -850
f -850 -851 -849
f -850 -849 -848
f -848 -849 -847
f -848 -847 -846
f -846 -847 -845
f -846 -845 -844
f -828 -827 -826
f -826 -827 -825
f -826 -825 -824
f -821 -822 -820
f -820 -822 -819
f -820 -819 -818
f -813 -812 -811
f -811 -812 -810
f -811 -810 -809
f -7196 -7197 -7198
f -7198 -7197 -7199
f -7198 -7199 -7203
f -7203 -7199 -7200
f -7203 -7200 -7113
f -7110 -7201 -7203
f -7203 -7201 -7202
f -7203 -7202 -7204
f -7123 -7122 -7213
f -7213 -7122 -7121
f -7213 -7121 -7211
f -7205 -7120 -7208
f -7208 -7120 -7119
f -7208 -7119 -7118
f -7116 -7115 -7208
f -7208 -7115 -7114
f -7208 -7114 -7206
f -7118 -7117 -7208
f -7208 -7117 -7116
f -7126 -7125 -7213
f -7213 -7125 -7124
f -7213 -7124 -7123
f -7206 -7207 -7208
f -7208 -7207 -7209
f -7208 -7209 -7213
f -7213 -7209 -7210
f -7213 -7210 -7126
f -7113 -7112 -7203
f -7203 -7112 -7111
f -7203 -7111 -7110
f -7107 -7106 -7198
f -7198 -7106 -7105
f -7198 -7105 -7104
f -7195 -7109 -7198
f -7198 -7109 -7108
f -7198 -7108 -7107
f -7096 -7191 -7193
f -7193 -7191 -7192
f -7193 -7192 -7194
f -7221 -7222 -7223
f -7223 -7222 -7224
f -7223 -7224 -7228
f -7228 -7224 -7225
f -7228 -7225 -7142
f -7138 -7226 -7228
f -7228 -7226 -7227
f -7228 -7227 -7229
f -7148 -7147 -7233
f -7233 -7147 -7146
f -7233 -7146 -7145
f -7099 -7098 -7193
f -7193 -7098 -7097
f -7193 -7097 -7096
f -7102 -7101 -7193
f -7193 -7101 -7100
f -7193 -7100 -7099
f -7216 -7217 -7218
f -7218 -7217 -7219
f -7218 -7219 -7223
f -7223 -7219 -7220
f -7223 -7220 -7137
f -7211 -7212 -7213
f -7213 -7212 -7214
f -7213 -7214 -7218
f -7218 -7214 -7215
f -7218 -7215 -7131
f -7129 -7128 -7218
f -7218 -7128 -7127
f -7218 -7127 -7216
f -7131 -7130 -7218
f -7218 -7130 -7129
f -7228 -7229 -7233
f -7233 -7229 -7230
f -7233 -7230 -7148
f -7141 -7140 -7228
f -7228 -7140 -7139
f -7228 -7139 -7138
f -7134 -7133 -7223
f -7223 -7133 -7132
f -7223 -7132 -7221
f -7137 -7136 -7223
f -7223 -7136 -7135
f -7223 -7135 -7134
f -7800 -7801 -7803
f -7803 -7801 -7802
f -7803 -7802 -7804
f -7803 -7804 -7805
f -7805 -7804 -7806
f -7805 -7806 -7807
f -7807 -7806 -7808
f -7807 -7808 -7809
f -7809 -7808 -7810
f -7809 -7810 -7811
f -7811 -7810 -7812
f -7811 -7812 -7813
f -7813 -7812 -7814
f -7813 -7814 -7815
f -7815 -7814 -7816
f -7815 -7816 -7817
f -7817 -7816 -7818
f -7817 -7818 -7819
f -7819 -7818 -7820
f -7819 -7820 -7821
f -7821 -7820 -7822
f -7821 -7822 -7823
f -7823 -7822 -7824
f -7823 -7824 -7825
f -7825 -7824 -7826
f -7825 -7826 -7827
f -7827 -7826 -7828
f -7827 -7828 -7829
f -7829 -7828 -7830
f -7829 -7830 -7831
f -7831 -7830 -7832
f -7831 -7832 -7833
f -7833 -7832 -7834
f -7833 -7834 -7835
f -7835 -7834 -7836
f -7835 -7836 -7837
f -7837 -7836 -7838
f -7837 -7838 -7839
f -7839 -7838 -7840
f -7839 -7840 -7841
f -7841 -7840 -7842
f -7841 -7842 -7843
f -7843 -7842 -7844
f -7843 -7844 -7845
f -7845 -7844 -7846
f -7845 -7846 -7847
f -7847 -7846 -7849
f -7847 -7849 -7848
f -7848 -7849 -7850
f -7970 -7968 -7969
f -7969 -7968 -7967
f -7969 -7967 -7966
f -7966 -7967 -7965
f -7966 -7965 -7964
f -7964 -7965 -8025
f -7964 -8025 -8027
f -8027 -8025 -8026
f -8027 -8026 -8028
f -7978 -7976 -7977
f -7977 -7976 -7975
f -7977 -7975 -7974
f -7974 -7975 -7973
f -7974 -7973 -7972
f -8697 -8661 -8648
f -8648 -8661 -8659
f -8648 -8659 -8695
f -8695 -8659 -8658
f -8695 -8658 -8691
f -8691 -8658 -8689
f -8691 -8689 -8690
f -8690 -8689 -8688
f -8690 -8688 -8696
f -8696 -8688 -8687
f -8696 -8687 -8686
f -8686 -8687 -8689
f -8686 -8689 -8685
f -8685 -8689 -8684
f -8685 -8684 -8696
f -8696 -8684 -8683
f -8696 -8683 -8682
f -8682 -8683 -8689
f -8682 -8689 -8681
f -8681 -8689 -8680
f -8681 -8680 -8650
f -8650 -8680 -8651
f -8650 -8651 -8696
f -8696 -8651 -8698
f -8696 -8698 -8697
f -8697 -8698 -8699
f -8697 -8699 -8701
f -8701 -8699 -8700
f -8701 -8700 -8702
f -8702 -8700 -8680
f -8702 -8680 -8666
f -8666 -8680 -8665
f -8666 -8665 -8667
f -8667 -8665 -8668
f -8667 -8668 -8672
f -8672 -8668 -8676
f -8672 -8676 -8674
f -8674 -8676 -8675
f -8674 -8675 -8673
f -8673 -8675 -8664
f -8673 -8664 -8671
f -8671 -8664 -8669
f -8671 -8669 -8670
f -8670 -8669 -8711
f -8670 -8711 -8663
f -8663 -8711 -8709
f -8663 -8709 -8670
f -8670 -8709 -8662
f -8670 -8662 -8672
f -8672 -8662 -8697
f -8672 -8697 -8701
f -8705 -8653 -8707
f -8707 -8653 -8654
f -8707 -8654 -8655
f -8655 -8654 -8656
f -8655 -8656 -8709
f -8709 -8656 -8662
f -8669 -8664 -8679
f -8679 -8664 -8675
f -8679 -8675 -8677
f -8677 -8675 -8676
f -8677 -8676 -8678
f -8678 -8676 -8668
f -8678 -8668 -8665
f -8667 -8672 -8666
f -8666 -8672 -8702
f -8698 -8651 -8700
f -8700 -8651 -8652
f -8700 -8652 -8680
f -8680 -8652 -8651
f -8717 -8729 -8731
f -8731 -8729 -8730
f -8731 -8730 -8732
f -8732 -8730 -8721
f -8720 -8719 -8731
f -8731 -8719 -8718
f -8731 -8718 -8717
f -8655 -8709 -8707
f -8707 -8709 -8708
f -8707 -8708 -8706
f -8706 -8708 -8710
f -8706 -8710 -8704
f -8704 -8710 -8679
f -8669 -8679 -8711
f -8711 -8679 -8710
f -8711 -8710 -8709
f -8709 -8710 -8708
f -8691 -8690 -8692
f -8692 -8690 -8649
f -8692 -8649 -8694
f -8694 -8649 -8696
f -8694 -8696 -8695
f -8695 -8696 -8697
f -8695 -8697 -8648
f -8692 -8693 -8691
f -8691 -8693 -8657
f -8691 -8657 -8695
f -8695 -8657 -8693
f -8695 -8693 -8694
f -8694 -8693 -8692
f -8653 -8697 -8654
f -8654 -8697 -8656
f -16589 -16588 -16587
f -16587 -16588 -16586
f -16587 -16586 -16585
f -16585 -16586 -16584
f -16585 -16584 -16583
f -16583 -16584 -16582
f -16583 -16582 -16581
f -16579 -16578 -16577
f -16577 -16578 -16576
f -16577 -16576 -16575
f -16575 -16576 -16574
f -16575 -16574 -16573
f -16573 -16574 -16572
f -16573 -16572 -16571
f -16619 -16618 -16617
f -16617 -16618 -16616
f -16617 -16616 -16615
f -16615 -16616 -16614
f -16615 -16614 -16613
f -16613 -16614 -16612
f -16613 -16612 -16611
f -16721 -16720 -16719
f -16719 -16720 -16718
f -16719 -16718 -16717
f -16717 -16718 -16716
f -16717 -16716 -16715
f -16715 -16716 -16714
f -16715 -16714 -16713
f -16751 -16750 -16749
f -16749 -16750 -16748
f -16749 -16748 -16747
f -16747 -16748 -16746
f -16747 -16746 -16745
f -16745 -16746 -16744
f -16745 -16744 -16743
f -16711 -16710 -16709
f -16709 -16710 -16708
f -16709 -16708 -16707
f -16707 -16708 -16706
f -16707 -16706 -16705
f -16705 -16706 -16704
f -16705 -16704 -16703
f -16655 -16656 -16654
f -16654 -16656 -16653
f -16654 -16653 -16652
f -16652 -16653 -16651
f -16652 -16651 -16650
f -16650 -16651 -16649
f -16650 -16649 -16648
f -16661 -16663 -16662
f -16662 -16663 -16646
f -16662 -16646 -16648
f -16648 -16646 -16647
f -16648 -16647 -16650
f -16629 -16628 -16627
f -16627 -16628 -16626
f -16627 -16626 -16625
f -16625 -16626 -16624
f -16625 -16624 -16623
f -16623 -16624 -16622
f -16623 -16622 -16621
f -16793 -16795 -16794
f -16794 -16795 -16778
f -16794 -16778 -16780
f -16780 -16778 -16779
f -16780 -16779 -16782
f -16761 -16760 -16759
f -16759 -16760 -16758
f -16759 -16758 -16757
f -16757 -16758 -16756
f -16757 -16756 -16755
f -16755 -16756 -16754
f -16755 -16754 -16753
f -16787 -16788 -16786
f -16786 -16788 -16785
f -16786 -16785 -16784
f -16784 -16785 -16783
f -16784 -16783 -16782
f -16782 -16783 -16781
f -16782 -16781 -16780
f -6341 -6340 -6372
f -6372 -6340 -6339
f -6372 -6339 -6370
f -6342 -6374 -6377
f -6377 -6374 -6373
f -6377 -6373 -6372
f -6378 -6376 -6377
f -6377 -6376 -6375
f -6377 -6375 -6343
f -10555 -10557 -10556
f -10556 -10557 -10565
f -10567 -10574 -10564
f -10564 -10574 -10563
f -10627 -10628 -10629
f -10629 -10628 -10630
f -10764 -10765 -10766
f -10766 -10765 -10767
f -10909 -10916 -10910
f -10910 -10916 -10911
f -10187 -10189 -10188
f -10188 -10189 -10190
f -10189 -10191 -10190
f -10190 -10191 -10192
f -10055 -10067 -10056
f -10056 -10067 -10069
f -10056 -10069 -10057
f -10057 -10069 -10058
f -10044 -10043 -10042
f -10042 -10043 -10041
f -10042 -10041 -10040
f -10019 -10020 -10021
f -10021 -10020 -10022
f -10367 -10366 -10379
f -10379 -10366 -10378
f -10379 -10378 -10377
f -10377 -10378 -10376
f -10377 -10376 -10375
f -10375 -10376 -10374
f -10375 -10374 -10373
f -10373 -10374 -10372
f -10373 -10372 -10389
f -10389 -10372 -10388
f -10389 -10388 -10387
f -10387 -10388 -10386
f -10387 -10386 -10385
f -10385 -10386 -10384
f -10385 -10384 -10383
f -10383 -10384 -10382
f -10383 -10382 -10381
f -10381 -10382 -10380
f -10249 -10250 -10251
f -10251 -10250 -10252
f -9418 -9419 -9420
f -9420 -9419 -9421
f -9420 -9421 -9425
f -9251 -9250 -9249
f -9249 -9250 -9248
f -9249 -9248 -9247
f -9247 -9248 -9278
f -9247 -9278 -9276
f -9276 -9278 -9277
f -9276 -9277 -9275
f -9298 -9297 -9299
f -9299 -9297 -9290
f -9299 -9290 -9291
f -9291 -9290 -9292
f -9291 -9292 -9293
f -9293 -9292 -9294
f -9293 -9294 -9295
f -9295 -9294 -9296
f -9295 -9296 -9289
f -9289 -9296 -9288
f -9289 -9288 -9287
f -9287 -9288 -9286
f -9287 -9286 -9285
f -9285 -9286 -9284
f -9285 -9284 -9283
f -9283 -9284 -9282
f -9283 -9282 -9281
f -9281 -9282 -9280
f -9281 -9280 -9279
f -9276 -9275 -9274
f -9274 -9275 -9273
f -9274 -9273 -9272
f -9272 -9273 -9271
f -9272 -9271 -9270
f -9270 -9271 -9269
f -9270 -9269 -9268
f -9268 -9269 -9267
f -9268 -9267 -9266
f -9266 -9267 -9265
f -9266 -9265 -9264
f -12212 -12213 -12214
f -12214 -12213 -12215
f -12214 -12215 -12216
f -12216 -12215 -12217
f -12216 -12217 -12218
f -12218 -12217 -12222
f -12218 -12222 -12219
f -12239 -12238 -12237
f -12237 -12238 -12236
f -12237 -12236 -12235
f -12235 -12236 -12234
f -12235 -12234 -12233
f -12233 -12234 -12232
f -12233 -12232 -12231
f -12231 -12232 -12230
f -12208 -12224 -12209
f -12209 -12224 -12215
f -12240 -12241 -12242
f -12242 -12241 -12243
f -12242 -12243 -12244
f -12244 -12243 -12245
f -12244 -12245 -12246
f -12246 -12245 -12247
f -12246 -12247 -12248
f -12248 -12247 -12249
f -12081 -12082 -12083
f -12083 -12082 -12084
f -12074 -12073 -12072
f -12072 -12073 -12071
f -12072 -12071 -12070
f -12077 -12078 -12079
f -12079 -12078 -12080
f -12060 -12061 -12062
f -12062 -12061 -12063
f -12062 -12063 -12064
f -12488 -12489 -12490
f -12490 -12489 -12491
f -12492 -12493 -12494
f -12494 -12493 -12495
f -12480 -12481 -12482
f -12482 -12481 -12483
f -12484 -12485 -12486
f -12486 -12485 -12487
f -12496 -12497 -12498
f -12498 -12497 -12499
f -12498 -12499 -12500
f -12500 -12499 -12501
f -12500 -12501 -12502
f -12502 -12501 -12503
f -12580 -12581 -12582
f -12582 -12581 -12583
f -11303 -11315 -11304
f -11304 -11315 -11305
f -11206 -11205 -11204
f -11204 -11205 -11203
f -11204 -11203 -11202
f -11202 -11203 -11201
f -11202 -11201 -11200
f -11200 -11201 -11199
f -11200 -11199 -11198
f -11198 -11199 -11197
f -11198 -11197 -11196
f -11196 -11197 -11195
f -11196 -11195 -11194
f -11194 -11195 -11193
f -11194 -11193 -11192
f -11192 -11193 -11191
f -11192 -11191 -11190
f -11190 -11191 -11189
f -11190 -11189 -11188
f -11188 -11189 -11187
f -341 -342 -343
f -343 -342 -344
f -337 -338 -339
f -339 -338 -340
f -349 -350 -351
f -351 -350 -352
f -345 -346 -347
f -347 -346 -348
f -329 -330 -331
f -331 -330 -332
f -333 -334 -335
f -335 -334 -336
f -957 -958 -959
f -959 -958 -960
f -11613 -11615 -11614
f -11614 -11615 -11616
f -11623 -11622 -11621
f -11621 -11622 -11620
f -11621 -11620 -11619
f -11619 -11620 -11618
f -11619 -11618 -11617
f -11617 -11618 -11616
f -11617 -11616 -11615
f -11574 -11573 -11572
f -11572 -11573 -11571
f -11572 -11571 -11570
f -11570 -11571 -11569
f -11570 -11569 -11568
f -11586 -11587 -11588
f -11588 -11587 -11589
f -11588 -11589 -11590
f -11590 -11589 -11591
f -11559 -11561 -11560
f -11560 -11561 -11562
f -11561 -11563 -11562
f -11562 -11563 -11564
f -912 -920 -921
f -921 -920 -922
f -814 -815 -816
f -816 -815 -817
f -11631 -11632 -11633
f -11633 -11632 -11634
f -7203 -7204 -7208
f -7208 -7204 -7205
f -7193 -7194 -7198
f -7198 -7194 -7195
f -7849 -7851 -7850
f -7850 -7851 -7852
f -7851 -7853 -7852
f -7852 -7853 -7854
f -7853 -7855 -7854
f -7854 -7855 -7856
f -8027 -8028 -7963
f -7963 -8028 -7962
f -7963 -7962 -7961
f -7961 -7962 -7960
f -7961 -7960 -7959
f -7959 -7960 -7958
f -7959 -7958 -7957
f -7957 -7958 -7956
f -7957 -7956 -7955
f -7955 -7956 -7954
f -7955 -7954 -7953
f -7953 -7954 -7952
f -7953 -7952 -7951
f -7951 -7952 -7950
f -7951 -7950 -7949
f -7949 -7950 -7948
f -7949 -7948 -7947
f -7947 -7948 -7946
f -7947 -7946 -7945
f -7945 -7946 -7944
f -7945 -7944 -7943
f -7943 -7944 -7942
f -7943 -7942 -7941
f -7941 -7942 -7940
f -7941 -7940 -7939
f -7939 -7940 -7938
f -7939 -7938 -7937
f -7937 -7938 -7936
f -7937 -7936 -7935
f -7935 -7936 -7934
f -7935 -7934 -7933
f -7933 -7934 -7932
f -7933 -7932 -7931
f -7931 -7932 -7930
f -7931 -7930 -7929
f -7929 -7930 -7928
f -7929 -7928 -7927
f -7927 -7928 -7926
f -7927 -7926 -7925
f -7925 -7926 -7924
f -7925 -7924 -7923
f -7923 -7924 -7922
f -7923 -7922 -7921
f -7921 -7922 -7920
f -7921 -7920 -7919
f -7919 -7920 -7918
f -7919 -7918 -7917
f -7917 -7918 -7916
f -7917 -7916 -7915
f -7915 -7916 -7914
f -7915 -7914 -7913
f -7913 -7914 -7912
f -7913 -7912 -7911
f -7911 -7912 -7910
f -7911 -7910 -7909
f -7909 -7910 -7908
f -7909 -7908 -7907
f -7907 -7908 -7906
f -7907 -7906 -7905
f -7905 -7906 -7904
f -7905 -7904 -7903
f -7903 -7904 -7902
f -7903 -7902 -7901
f -7901 -7902 -7900
f -7901 -7900 -7899
f -7899 -7900 -7898
f -7899 -7898 -7897
f -7897 -7898 -7896
f -7897 -7896 -7895
f -7895 -7896 -7894
f -7895 -7894 -7893
f -7893 -7894 -7892
f -7893 -7892 -7891
f -7891 -7892 -7890
f -7891 -7890 -7889
f -7889 -7890 -7888
f -7889 -7888 -7887
f -7887 -7888 -7886
f -7887 -7886 -7885
f -7885 -7886 -7884
f -7885 -7884 -7883
f -7883 -7884 -7882
f -7883 -7882 -7881
f -7881 -7882 -7880
f -7881 -7880 -7879
f -7879 -7880 -7878
f -7879 -7878 -7877
f -7877 -7878 -7876
f -7877 -7876 -7875
f -7875 -7876 -7874
f -7875 -7874 -7873
f -7873 -7874 -7872
f -7873 -7872 -7871
f -7871 -7872 -7870
f -7871 -7870 -7869
f -7869 -7870 -7868
f -7869 -7868 -7867
f -7867 -7868 -7866
f -7867 -7866 -7865
f -7865 -7866 -7864
f -7865 -7864 -7863
f -7863 -7864 -7862
f -7863 -7862 -7861
f -7861 -7862 -7860
f -7861 -7860 -7859
f -7859 -7860 -7858
f -7859 -7858 -7857
f -7857 -7858 -7856
f -7857 -7856 -7855
f -7969 -7971 -7970
f -7970 -7971 -7972
f -8640 -8641 -8642
f -8642 -8641 -8643
f -8644 -8645 -8646
f -8646 -8645 -8647
f -8689 -8658 -8660
f -8660 -8658 -8659
f -8660 -8659 -8661
f -8674 -8673 -8672
f -8672 -8673 -8671
f -8672 -8671 -8670
f -8677 -8678 -8679
f -8679 -8678 -8680
f -8679 -8680 -8689
f -8707 -8706 -8705
f -8705 -8706 -8704
f -8705 -8704 -8703
f -8682 -8681 -8696
f -8696 -8681 -8650
f -16555 -16554 -16569
f -16569 -16554 -16568
f -16569 -16568 -16567
f -16567 -16568 -16566
f -16567 -16566 -16565
f -16565 -16566 -16564
f -16565 -16564 -16563
f -16563 -16564 -16562
f -16563 -16562 -16561
f -16561 -16562 -16560
f -16561 -16560 -16559
f -16559 -16560 -16558
f -16559 -16558 -16557
f -16557 -16558 -16556
f -16557 -16556 -16555
f -16555 -16556 -16554
f -16590 -16591 -16592
f -16592 -16591 -16593
f -16592 -16593 -16594
f -16594 -16593 -16595
f -16594 -16595 -16596
f -16596 -16595 -16597
f -16596 -16597 -16598
f -16598 -16597 -16599
f -16600 -16601 -16602
f -16602 -16601 -16603
f -16602 -16603 -16604
f -16604 -16603 -16605
f -16604 -16605 -16606
f -16606 -16605 -16607
f -16606 -16607 -16608
f -16608 -16607 -16609
f -16722 -16723 -16724
f -16724 -16723 -16725
f -16724 -16725 -16726
f -16726 -16725 -16727
f -16726 -16727 -16728
f -16728 -16727 -16729
f -16728 -16729 -16730
f -16730 -16729 -16731
f -16732 -16733 -16734
f -16734 -16733 -16735
f -16734 -16735 -16736
f -16736 -16735 -16737
f -16736 -16737 -16738
f -16738 -16737 -16739
f -16738 -16739 -16740
f -16740 -16739 -16741
f -16698 -16699 -16700
f -16700 -16699 -16701
f -16700 -16701 -16686
f -16686 -16701 -16687
f -16686 -16687 -16688
f -16688 -16687 -16689
f -16688 -16689 -16690
f -16690 -16689 -16691
f -16690 -16691 -16692
f -16692 -16691 -16693
f -16692 -16693 -16694
f -16694 -16693 -16695
f -16694 -16695 -16696
f -16696 -16695 -16697
f -16696 -16697 -16698
f -16698 -16697 -16699
f -16664 -16665 -16666
f -16666 -16665 -16667
f -16666 -16667 -16668
f -16668 -16667 -16669
f -16668 -16669 -16670
f -16670 -16669 -16671
f -16670 -16671 -16672
f -16672 -16671 -16673
f -16682 -16680 -16681
f -16681 -16680 -16679
f -16681 -16679 -16675
f -16675 -16679 -16676
f -16675 -16676 -16677
f -16677 -16676 -16678
f -16681 -16683 -16682
f -16682 -16683 -16684
f -16684 -16683 -16685
f -16685 -16683 -16674
f -16656 -16657 -16658
f -16658 -16657 -16659
f -16658 -16659 -16660
f -16660 -16659 -16661
f -16660 -16661 -16662
f -16643 -16642 -16641
f -16641 -16642 -16640
f -16641 -16640 -16639
f -16639 -16640 -16638
f -16639 -16638 -16637
f -16637 -16638 -16636
f -16637 -16636 -16635
f -16635 -16636 -16634
f -16635 -16634 -16633
f -16633 -16634 -16632
f -16633 -16632 -16631
f -16631 -16632 -16630
f -16631 -16630 -16645
f -16645 -16630 -16644
f -16645 -16644 -16643
f -16643 -16644 -16642
f -16806 -16817 -16815
f -16815 -16817 -16816
f -16815 -16816 -16814
f -16777 -16776 -16775
f -16775 -16776 -16774
f -16775 -16774 -16773
f -16773 -16774 -16772
f -16773 -16772 -16771
f -16771 -16772 -16770
f -16771 -16770 -16769
f -16769 -16770 -16768
f -16769 -16768 -16767
f -16767 -16768 -16766
f -16767 -16766 -16765
f -16765 -16766 -16764
f -16765 -16764 -16763
f -16763 -16764 -16762
f -16763 -16762 -16777
f -16777 -16762 -16776
f -16805 -16804 -16803
f -16803 -16804 -16802
f -16803 -16802 -16801
f -16801 -16802 -16800
f -16801 -16800 -16799
f -16799 -16800 -16798
f -16799 -16798 -16797
f -16797 -16798 -16796
f -16814 -16812 -16813
f -16813 -16812 -16811
f -16813 -16811 -16807
f -16807 -16811 -16808
f -16807 -16808 -16809
f -16809 -16808 -16810
f -16788 -16789 -16790
f -16790 -16789 -16791
f -16790 -16791 -16792
f -16792 -16791 -16793
f -16792 -16793 -16794
f -6370 -6371 -6372
f -6372 -6371 -6377
f -9730 -9827 -9731
f -9753 -9844 -9754
f -12200 -12201 -12210
f -12066 -12069 -12067
f -923 -949 -950
f -7196 -7198 -7104
f -7102 -7193 -7103
f -7141 -7228 -7142
f -8685 -8696 -8686
f -8688 -8689 -8687
f -8684 -8689 -8683
f -8656 -8697 -8662
f -8690 -8696 -8649
f -8702 -8672 -8701
f -16580 -16588 -16589
f -16570 -16578 -16579
f -16610 -16618 -16619
f -16712 -16720 -16721
f -16742 -16750 -16751
f -16702 -16710 -16711
f -16620 -16628 -16629
f -16752 -16760 -16761
f -6342 -6377 -6343
f -10557 -10558 -10565
f -10916 -10917 -10911
f -10040 -10037 -10058
f -9251 -9252 -9250
f -9314 -9313 -9315
f -12222 -12224 -12223
f -11264 -11257 -11256
f -11318 -11320 -11319
f -11313 -11308 -11307
f -11603 -11610 -11623
f -11581 -11577 -11579
f -11574 -11575 -11573
f -11589 -11578 -11591
f -11563 -11565 -11564
f -913 -922 -914
f -859 -861 -860
f -829 -831 -830
f -7971 -7974 -7972
f -7977 -7980 -7978
f -8678 -8665 -8680
f -8698 -8700 -8699
f -16655 -16657 -16656
f -16813 -16815 -16814
f -16787 -16789 -16788
f -6337 -6339 -6340
f -6377 -6383 -6378
f -12227 -12229 -12228
f -954 -956 -955
f -951 -953 -952
f -821 -823 -822
f -10521 -10565 -10566
f -10566 -10565 -10576
f -10566 -10576 -10567
f -10567 -10576 -10575
f -10567 -10575 -10574
f -3926 -3928 -3927
f -3927 -3928 -3851
f -3927 -3851 -3850
f -3924 -3928 -3925
f -3925 -3928 -3926
f -3915 -3918 -3916
f -3916 -3918 -3917
f -3916 -3917 -3804
f -3908 -3907 -3909
f -3909 -3907 -3906
f -3130 -3182 -3189
f -3189 -3182 -3183
f -3189 -3183 -3184
f -3190 -3188 -3189
f -3189 -3188 -3187
f -3189 -3187 -3138
f -3133 -3132 -3189
f -3189 -3132 -3131
f -3189 -3131 -3130
f -3136 -3135 -3189
f -3189 -3135 -3134
f -3189 -3134 -3133
f -3138 -3137 -3189
f -3189 -3137 -3136
f -3679 -3684 -3680
f -3680 -3684 -3678
f -3742 -3741 -3744
f -3744 -3741 -3740
f -3744 -3740 -3739
f -3736 -3735 -3738
f -3738 -3735 -3734
f -3738 -3734 -3733
f -3242 -3241 -3433
f -3433 -3241 -3240
f -3433 -3240 -3239
f -3245 -3244 -3433
f -3433 -3244 -3243
f -3433 -3243 -3242
f -3248 -3247 -3433
f -3433 -3247 -3246
f -3433 -3246 -3245
f -3251 -3250 -3433
f -3433 -3250 -3249
f -3433 -3249 -3248
f -3254 -3253 -3433
f -3433 -3253 -3252
f -3433 -3252 -3251
f -3424 -3425 -3428
f -3428 -3425 -3219
f -3428 -3219 -3218
f -3213 -3212 -3428
f -3428 -3212 -3211
f -3428 -3211 -3210
f -3216 -3215 -3428
f -3428 -3215 -3214
f -3428 -3214 -3213
f -3218 -3217 -3428
f -3428 -3217 -3216
f -3207 -3206 -3428
f -3428 -3206 -3205
f -3428 -3205 -3426
f -3210 -3209 -3428
f -3428 -3209 -3208
f -3428 -3208 -3207
f -3257 -3256 -3433
f -3433 -3256 -3255
f -3433 -3255 -3254
f -3260 -3259 -3433
f -3433 -3259 -3258
f -3433 -3258 -3257
f -3430 -3262 -3433
f -3433 -3262 -3261
f -3433 -3261 -3260
f -8990 -8989 -8991
f -8991 -8989 -8988
f -8991 -8988 -8987
f -1941 -1939 -1938
f -1938 -1939 -1937
f -1938 -1937 -1936
f -1873 -1792 -1871
f -1871 -1792 -1863
f -1871 -1863 -1869
f -1869 -1863 -1861
f -1869 -1861 -1867
f -1867 -1861 -1859
f -1867 -1859 -1865
f -1865 -1859 -1857
f -1865 -1857 -1922
f -1922 -1857 -1920
f -1922 -1920 -1921
f -1518 -1517 -1537
f -1537 -1517 -1539
f -1537 -1539 -1538
f -1538 -1539 -1540
f -1537 -1535 -1518
f -1518 -1535 -1519
f -1518 -1519 -1511
f -1511 -1519 -1512
f -1511 -1512 -1629
f -1629 -1512 -1631
f -1629 -1631 -1630
f -1630 -1631 -1632
f -1630 -1632 -1492
f -8897 -8895 -8896
f -8896 -8895 -8894
f -8896 -8894 -8884
f -8884 -8894 -8892
f -8884 -8892 -8881
f -8881 -8892 -8890
f -8868 -8880 -8893
f -8893 -8880 -8891
f -8893 -8891 -8892
f -8892 -8891 -8890
f -8890 -8891 -8889
f -8889 -8891 -8880
f -8889 -8880 -8879
f -8882 -8885 -8883
f -8883 -8885 -8887
f -8883 -8887 -8898
f -8898 -8887 -8888
f -8898 -8888 -8900
f -8900 -8888 -8859
f -8881 -8882 -8884
f -8884 -8882 -8883
f -8884 -8883 -8896
f -8896 -8883 -8898
f -8896 -8898 -8897
f -8897 -8898 -8899
f -8913 -8915 -8914
f -8914 -8915 -8906
f -8914 -8906 -8905
f -5750 -5749 -5755
f -5755 -5749 -5748
f -5755 -5748 -5753
f -5748 -5749 -5747
f -5747 -5749 -5741
f -5405 -5462 -5460
f -5460 -5462 -5461
f -5460 -5461 -5459
f -5413 -5412 -5460
f -5460 -5412 -5411
f -5460 -5411 -5410
f -5416 -5415 -5460
f -5460 -5415 -5414
f -5460 -5414 -5413
f -5408 -5407 -5460
f -5460 -5407 -5406
f -5460 -5406 -5405
f -5410 -5409 -5460
f -5460 -5409 -5408
f -4907 -4906 -5071
f -5071 -4906 -4905
f -5071 -4905 -5204
f -4910 -4909 -5071
f -5071 -4909 -4908
f -5071 -4908 -4907
f -4913 -4912 -5071
f -5071 -4912 -4911
f -5071 -4911 -4910
f -4916 -4915 -5071
f -5071 -4915 -4914
f -5071 -4914 -4913
f -4919 -4918 -5071
f -5071 -4918 -4917
f -5071 -4917 -4916
f -4922 -4921 -5071
f -5071 -4921 -4920
f -5071 -4920 -4919
f -4925 -4924 -5071
f -5071 -4924 -4923
f -5071 -4923 -4922
f -4928 -4927 -5071
f -5071 -4927 -4926
f -5071 -4926 -4925
f -4931 -4930 -5071
f -5071 -4930 -4929
f -5071 -4929 -4928
f -4934 -4933 -5071
f -5071 -4933 -4932
f -5071 -4932 -4931
f -4937 -4936 -5071
f -5071 -4936 -4935
f -5071 -4935 -4934
f -4940 -4939 -5071
f -5071 -4939 -4938
f -5071 -4938 -4937
f -4943 -4942 -5071
f -5071 -4942 -4941
f -5071 -4941 -4940
f -4946 -4945 -5071
f -5071 -4945 -4944
f -5071 -4944 -4943
f -4949 -4948 -5071
f -5071 -4948 -4947
f -5071 -4947 -4946
f -4952 -4951 -5071
f -5071 -4951 -4950
f -5071 -4950 -4949
f -4955 -4954 -5071
f -5071 -4954 -4953
f -5071 -4953 -4952
f -5070 -5069 -5071
f -5071 -5069 -4956
f -5071 -4956 -4955
f -6526 -6547 -6545
f -6545 -6547 -6546
f -6545 -6546 -6544
f -6544 -6546 -6528
f -6544 -6528 -6529
f -6745 -6749 -6751
f -6751 -6749 -6750
f -6751 -6750 -6752
f -6751 -6752 -6753
f -6753 -6752 -6754
f -6753 -6754 -6755
f -6755 -6754 -6756
f -6755 -6756 -6748
f -6748 -6756 -6747
f -6761 -6782 -6794
f -6794 -6782 -6793
f -6794 -6793 -6792
f -6792 -6793 -6791
f -6792 -6791 -6790
f -6778 -6791 -6779
f -6779 -6791 -6780
f -6779 -6780 -6777
f -3910 -3911 -3912
f -3912 -3911 -3913
f -3189 -3191 -3190
f -3190 -3191 -3192
f -3189 -3184 -3185
f -3185 -3184 -3186
f -3668 -3669 -3670
f -3670 -3669 -3673
f -3662 -3663 -3664
f -3664 -3663 -3669
f -3790 -3791 -3792
f -3792 -3791 -3795
f -3426 -3427 -3428
f -3428 -3427 -3429
f -3428 -3429 -3433
f -3433 -3429 -3430
f -9016 -9024 -9017
f -9017 -9024 -9025
f -8993 -8995 -8994
f -8994 -8995 -8996
f -8974 -8976 -8975
f -8975 -8976 -8977
f -8946 -8947 -8948
f -8948 -8947 -8949
f -8948 -8949 -8950
f -8950 -8949 -8951
f -8950 -8951 -8952
f -2409 -2410 -2411
f -2411 -2410 -2412
f -1871 -1872 -1873
f -1873 -1872 -1874
f -1630 -1492 -1628
f -1628 -1492 -1493
f -8892 -8894 -8893
f -8893 -8894 -8895
f -8885 -8886 -8887
f -8887 -8886 -8888
f -5727 -5728 -5729
f -5729 -5728 -5730
f -5753 -5754 -5755
f -5755 -5754 -5756
f -5457 -5458 -5459
f -5459 -5458 -5460
f -5070 -5071 -5072
f -5072 -5071 -5077
f -6693 -6694 -6695
f -6695 -6694 -6696
f -6741 -6740 -6739
f -6739 -6740 -6738
f -6739 -6738 -6737
f -6737 -6738 -6736
f -6737 -6736 -6735
f -6735 -6736 -6734
f -6735 -6734 -6733
f -6791 -6793 -6780
f -6780 -6793 -6781
f -6768 -6769 -6760
f -6760 -6769 -6782
f -6760 -6782 -6761
f -3850 -3846 -3845
f -3845 -3846 -3844
f -3690 -3687 -3686
f -3686 -3687 -3685
f -3919 -3923 -3920
f -3914 -3918 -3915
f -3742 -3744 -3743
f -3736 -3738 -3737
f -8898 -8900 -8899
f -6526 -6545 -6527
f -8945 -8947 -8946
f -1921 -1923 -1922
f -6793 -6782 -6781
f -6778 -6779 -6777
f -3896 -3898 -3897
f -3812 -3919 -3813
f -3891 -3893 -3892
f -3887 -3891 -3888
f -3799 -3914 -3800
f -3901 -3906 -3902
f -3873 -3878 -3874
f -3877 -3879 -3878
f -3882 -3884 -3883
f -3858 -3860 -3859
f -3854 -3859 -3855
f -3868 -3870 -3869
f -3863 -3865 -3864
f -3839 -3846 -3840
f -3835 -3839 -3836
f -3830 -3832 -3831
f -3825 -3827 -3826
f -3665 -3667 -3666
f -3675 -3677 -3676
f -3671 -3676 -3672
f -3681 -3685 -3682
f -3683 -3689 -3684
f -3688 -3693 -3689
f -3690 -3694 -3691
f -3653 -3657 -3654
f -3651 -3656 -3652
f -3659 -3661 -3660
f -3655 -3660 -3656
f -3657 -3663 -3658
f -3737 -3653 -3650
f -3648 -3652 -3649
f -3673 -3739 -3674
f -3781 -3785 -3782
f -3785 -3790 -3786
f -3776 -3778 -3777
f -3795 -3800 -3796
f -3807 -3809 -3808
f -3820 -3822 -3821
f -6536 -6537 -6544
f -3920 -3923 -3921
f -3921 -3923 -3922
f -3921 -3922 -3817
f -3904 -3903 -3904
f -3900 -3903 -3900
f -3900 -3900 -3899
f -3899 -3895 -3895
f -3895 -3894 -3895
f -3890 -3894 -3890
f -3890 -3890 -3889
f -3889 -3886 -3886
f -3886 -3885 -3886
f -3881 -3885 -3881
f -3881 -3881 -3880
f -3880 -3876 -3876
f -3876 -3875 -3876
f -3872 -3875 -3872
f -3872 -3872 -3871
f -3871 -3867 -3867
f -3867 -3866 -3867
f -3862 -3866 -3862
f -3862 -3862 -3861
f -3861 -3857 -3857
f -3857 -3856 -3857
f -3853 -3856 -3853
f -3853 -3853 -3852
f -3849 -3848 -3849
f -3849 -3849 -3847
f -3843 -3842 -3842
f -3842 -3841 -3842
f -3838 -3841 -3838
f -3838 -3838 -3837
f -3837 -3834 -3834
f -3834 -3833 -3834
f -3829 -3833 -3829
f -3829 -3829 -3828
f -3828 -3824 -3824
f -3824 -3823 -3824
f -3819 -3823 -3819
f -3819 -3819 -3818
f -3816 -3815 -3816
f -3816 -3816 -3814
f -3814 -3811 -3811
f -3811 -3810 -3811
f -3806 -3810 -3806
f -3806 -3806 -3805
f -3803 -3802 -3803
f -3803 -3803 -3801
f -3801 -3798 -3798
f -3798 -3797 -3798
f -3794 -3797 -3794
f -3794 -3793 -3794
f -3789 -3788 -3788
f -3788 -3787 -3788
f -3784 -3787 -3784
f -3784 -3784 -3783
f -3783 -3780 -3780
f -3780 -3779 -3780
f -3775 -3779 -3775
f -3905 -3904 -3904
f -3202 -3201 -3423
f -3423 -3201 -3200
f -3423 -3200 -3199
f -3204 -3203 -3423
f -3423 -3203 -3202
f -3199 -3198 -3423
f -3423 -3198 -3197
f -3423 -3197 -3196
f -2365 -2367 -2366
f -2366 -2367 -2358
f -2366 -2358 -2359
f -2359 -2358 -2360
f -2359 -2360 -2357
f -2357 -2360 -2356
f -2357 -2356 -2355
f -2355 -2356 -2354
f -2355 -2354 -2353
f -2353 -2354 -2352
f -2353 -2352 -2351
f -2351 -2352 -2362
f -2373 -2375 -2374
f -2374 -2375 -2372
f -2344 -2336 -2337
f -2337 -2336 -2335
f -2337 -2335 -2333
f -2337 -2346 -2344
f -2344 -2346 -2345
f -2344 -2345 -2343
f -2312 -2314 -2313
f -2313 -2314 -2301
f -2313 -2301 -2300
f -2300 -2301 -2302
f -1855 -1918 -1920
f -1920 -1918 -1919
f -1920 -1919 -1921
f -1861 -1863 -1862
f -1862 -1863 -1792
f -1862 -1792 -1785
f -1785 -1792 -1786
f -1784 -1791 -1792
f -1792 -1791 -1790
f -1792 -1790 -1789
f -1789 -1788 -1792
f -1792 -1788 -1787
f -1792 -1787 -1786
f -1658 -1661 -1659
f -1659 -1661 -1662
f -1659 -1662 -1726
f -1726 -1662 -1728
f -1726 -1728 -1727
f -1727 -1728 -1729
f -1727 -1729 -1671
f -1671 -1729 -1673
f -1671 -1673 -1672
f -1672 -1673 -1674
f -1672 -1674 -1657
f -1657 -1656 -1672
f -1672 -1656 -1670
f -1672 -1670 -1671
f -1671 -1670 -1669
f -1671 -1669 -1727
f -1727 -1669 -1725
f -1727 -1725 -1726
f -1726 -1725 -1724
f -1726 -1724 -1659
f -1659 -1724 -1646
f -1659 -1646 -1645
f -1728 -1662 -1675
f -1675 -1662 -1676
f -1675 -1676 -1678
f -1678 -1676 -1683
f -1678 -1683 -1738
f -1738 -1683 -1690
f -1738 -1690 -1684
f -1684 -1690 -1691
f -1729 -1728 -1730
f -1730 -1728 -1675
f -1730 -1675 -1677
f -1677 -1675 -1678
f -1677 -1678 -1740
f -1740 -1678 -1738
f -1740 -1738 -1739
f -1739 -1738 -1737
f -1661 -1660 -1681
f -1681 -1660 -1679
f -1681 -1679 -1680
f -1647 -1688 -1682
f -1682 -1688 -1690
f -1682 -1690 -1683
f -1683 -1681 -1682
f -1682 -1681 -1680
f -1682 -1680 -1647
f -1662 -1661 -1676
f -1676 -1661 -1681
f -1676 -1681 -1683
f -1690 -1688 -1689
f -1689 -1688 -1687
f -1689 -1687 -1638
f -1685 -1687 -1686
f -1686 -1687 -1688
f -1686 -1688 -1647
f -1733 -1674 -1731
f -1731 -1674 -1673
f -1731 -1673 -1729
f -1739 -1741 -1740
f -1740 -1741 -1742
f -1740 -1742 -1677
f -1677 -1742 -1732
f -1677 -1732 -1730
f -1730 -1732 -1731
f -1730 -1731 -1729
f -1642 -1641 -1743
f -1743 -1641 -1735
f -1743 -1735 -1742
f -1742 -1735 -1734
f -1742 -1734 -1733
f -1684 -1640 -1738
f -1738 -1640 -1736
f -1738 -1736 -1737
f -1749 -1748 -1756
f -1756 -1748 -1747
f -1756 -1747 -1754
f -1751 -1753 -1752
f -1752 -1753 -1762
f -1752 -1762 -1764
f -1764 -1762 -1763
f -1764 -1763 -1765
f -1759 -1761 -1760
f -1760 -1761 -1746
f -1760 -1746 -1745
f -1764 -1765 -1766
f -1766 -1765 -1767
f -1766 -1767 -1756
f -1756 -1767 -1749
f -1362 -1360 -1361
f -1361 -1360 -1359
f -1361 -1359 -1358
f -1340 -1354 -1352
f -1352 -1354 -1353
f -1352 -1353 -1351
f -182 -183 -184
f -184 -183 -185
f -184 -185 -186
f -186 -185 -187
f -186 -187 -188
f -188 -187 -189
f -188 -189 -190
f -190 -189 -191
f -190 -191 -192
f -192 -191 -193
f -192 -193 -194
f -194 -193 -195
f -194 -195 -210
f -210 -195 -209
f -210 -209 -208
f -208 -209 -207
f -208 -207 -206
f -206 -207 -205
f -206 -205 -204
f -204 -205 -203
f -204 -203 -202
f -202 -203 -201
f -202 -201 -200
f -200 -201 -199
f -200 -199 -198
f -198 -199 -197
f -198 -197 -196
f -1415 -1414 -1413
f -1413 -1414 -1412
f -1413 -1412 -1411
f -1411 -1412 -1410
f -1411 -1410 -1409
f -1409 -1410 -1408
f -1409 -1408 -1407
f -1425 -1424 -1426
f -1426 -1424 -1417
f -1426 -1417 -1416
f -319 -318 -317
f -317 -318 -316
f -317 -316 -315
f -310 -309 -308
f -308 -309 -307
f -308 -307 -306
f -326 -327 -325
f -325 -327 -324
f -325 -324 -323
f -302 -301 -300
f -300 -301 -299
f -300 -299 -298
f -298 -299 -297
f -298 -297 -296
f -296 -297 -295
f -296 -295 -294
f -294 -295 -293
f -294 -293 -292
f -292 -293 -291
f -292 -291 -290
f -290 -291 -289
f -290 -289 -288
f -288 -289 -287
f -288 -287 -286
f -286 -287 -285
f -286 -285 -284
f -284 -285 -283
f -284 -283 -282
f -282 -283 -281
f -282 -281 -280
f -280 -281 -279
f -280 -279 -278
f -278 -279 -277
f -278 -277 -276
f -271 -270 -274
f -274 -270 -269
f -274 -269 -268
f -245 -271 -272
f -272 -271 -274
f -272 -274 -273
f -249 -248 -272
f -272 -248 -247
f -272 -247 -246
f -252 -251 -272
f -272 -251 -250
f -272 -250 -249
f -266 -265 -274
f -274 -265 -264
f -274 -264 -263
f -268 -267 -274
f -274 -267 -266
f -259 -258 -262
f -262 -258 -257
f -262 -257 -256
f -263 -261 -262
f -262 -261 -260
f -262 -260 -259
f -254 -262 -255
f -255 -262 -256
f -255 -256 -244
f -243 -242 -255
f -255 -242 -241
f -255 -241 -253
f -212 -213 -214
f -214 -213 -215
f -214 -215 -216
f -216 -215 -217
f -216 -217 -218
f -218 -217 -219
f -218 -219 -220
f -220 -219 -221
f -220 -221 -222
f -222 -221 -223
f -222 -223 -224
f -224 -223 -225
f -224 -225 -240
f -240 -225 -239
f -240 -239 -238
f -238 -239 -237
f -238 -237 -236
f -236 -237 -235
f -236 -235 -234
f -234 -235 -233
f -234 -233 -232
f -232 -233 -231
f -232 -231 -230
f -230 -231 -229
f -230 -229 -228
f -228 -229 -227
f -228 -227 -226
f -14299 -14298 -14297
f -14297 -14298 -14296
f -14297 -14296 -14295
f -14295 -14296 -14294
f -14295 -14294 -14293
f -14293 -14294 -14292
f -14293 -14292 -14291
f -14310 -14309 -14308
f -14308 -14309 -14307
f -14308 -14307 -14306
f -14306 -14307 -14305
f -14306 -14305 -14304
f -14304 -14305 -14303
f -14304 -14303 -14302
f -14504 -14505 -14502
f -14502 -14505 -14503
f -14502 -14503 -14501
f -14522 -14521 -14520
f -14520 -14521 -14519
f -14520 -14519 -14518
f -14518 -14519 -14517
f -14518 -14517 -14516
f -14516 -14517 -14515
f -14516 -14515 -14514
f -14511 -14510 -14512
f -14512 -14510 -14497
f -14512 -14497 -14498
f -14533 -14532 -14531
f -14531 -14532 -14530
f -14531 -14530 -14529
f -14529 -14530 -14528
f -14529 -14528 -14527
f -14527 -14528 -14526
f -14527 -14526 -14525
f -14374 -14375 -14372
f -14372 -14375 -14373
f -14372 -14373 -14371
f -14381 -14380 -14382
f -14382 -14380 -14367
f -14382 -14367 -14368
f -14429 -14428 -14427
f -14427 -14428 -14426
f -14427 -14426 -14425
f -14425 -14426 -14424
f -14425 -14424 -14423
f -14423 -14424 -14422
f -14423 -14422 -14421
f -14440 -14439 -14438
f -14438 -14439 -14437
f -14438 -14437 -14436
f -14436 -14437 -14435
f -14436 -14435 -14434
f -14434 -14435 -14433
f -14434 -14433 -14432
f -14392 -14391 -14390
f -14390 -14391 -14389
f -14390 -14389 -14388
f -14388 -14389 -14387
f -14388 -14387 -14386
f -14386 -14387 -14385
f -14386 -14385 -14384
f -14403 -14402 -14401
f -14401 -14402 -14400
f -14401 -14400 -14399
f -14399 -14400 -14398
f -14399 -14398 -14397
f -14397 -14398 -14396
f -14397 -14396 -14395
f -5734 -5733 -5736
f -5736 -5733 -5732
f -5736 -5732 -5731
f -5744 -5743 -5749
f -5749 -5743 -5742
f -5749 -5742 -5741
f -5234 -5235 -5233
f -5233 -5235 -4898
f -5233 -4898 -5208
f -3077 -3076 -3075
f -3075 -3076 -3074
f -3075 -3074 -3073
f -3073 -3074 -3072
f -3073 -3072 -3071
f -3071 -3072 -3070
f -3071 -3070 -3069
f -3069 -3070 -3068
f -3069 -3068 -3067
f -3067 -3068 -3066
f -3067 -3066 -3065
f -3065 -3066 -3064
f -3065 -3064 -3063
f -3063 -3064 -3062
f -3063 -3062 -3061
f -3061 -3062 -3060
f -3061 -3060 -3059
f -3059 -3060 -3058
f -2951 -2950 -2949
f -2949 -2950 -2948
f -2949 -2948 -2947
f -2947 -2948 -2946
f -2947 -2946 -2945
f -2945 -2946 -2944
f -2411 -2412 -2413
f -2413 -2412 -2414
f -2352 -2361 -2362
f -2362 -2361 -2363
f -2362 -2363 -2364
f -2364 -2363 -2365
f -2364 -2365 -2366
f -2368 -2369 -2370
f -2370 -2369 -2371
f -2344 -2343 -2342
f -2342 -2343 -2341
f -2342 -2341 -2340
f -2340 -2341 -2339
f -2340 -2339 -2338
f -2347 -2348 -2349
f -2349 -2348 -2350
f -2295 -2322 -2320
f -2320 -2322 -2321
f -2320 -2321 -2319
f -2312 -2311 -2310
f -2310 -2311 -2315
f -2310 -2315 -2317
f -2317 -2315 -2316
f -2317 -2316 -2318
f -2317 -2318 -2319
f -2319 -2318 -2320
f -2305 -2304 -2303
f -2303 -2304 -2302
f -2303 -2302 -2301
f -2768 -2769 -2770
f -2770 -2769 -2771
f -2770 -2771 -2772
f -2772 -2771 -2773
f -2772 -2773 -2774
f -2774 -2773 -2775
f -2774 -2775 -2776
f -2776 -2775 -2777
f -2778 -2779 -2780
f -2780 -2779 -2781
f -2780 -2781 -2782
f -2782 -2781 -2783
f -2782 -2783 -2784
f -2784 -2783 -2785
f -2784 -2785 -2786
f -2786 -2785 -2787
f -1928 -1929 -1930
f -1930 -1929 -1931
f -1861 -1860 -1859
f -1859 -1860 -1858
f -1859 -1858 -1857
f -1857 -1858 -1856
f -1857 -1856 -1855
f -1731 -1732 -1733
f -1733 -1732 -1742
f -1754 -1755 -1756
f -1756 -1755 -1757
f -1756 -1757 -1758
f -1758 -1757 -1759
f -1758 -1759 -1760
f -1361 -1363 -1362
f -1362 -1363 -1364
f -1353 -1354 -1355
f -1355 -1354 -1356
f -1355 -1356 -1357
f -1357 -1356 -1361
f -1357 -1361 -1358
f -177 -178 -179
f -179 -178 -180
f -1418 -1420 -1419
f -1419 -1420 -1421
f -1420 -1422 -1421
f -1421 -1422 -1423
f -1405 -1414 -1406
f -1406 -1414 -1415
f -1438 -1439 -1440
f -1440 -1439 -1441
f -1442 -1443 -1444
f -1444 -1443 -1445
f -1446 -1447 -1448
f -1448 -1447 -1449
f -1433 -1432 -1431
f -1431 -1432 -1430
f -1431 -1430 -1429
f -1429 -1430 -1428
f -1429 -1428 -1427
f -1422 -1424 -1423
f -1423 -1424 -1425
f -1434 -1435 -1436
f -1436 -1435 -1437
f -311 -312 -313
f -313 -312 -314
f -255 -253 -272
f -272 -253 -252
f -14281 -14280 -14279
f -14279 -14280 -14278
f -14279 -14278 -14277
f -14277 -14278 -14276
f -14277 -14276 -14275
f -14275 -14276 -14274
f -14275 -14274 -14289
f -14289 -14274 -14288
f -14289 -14288 -14287
f -14287 -14288 -14286
f -14287 -14286 -14285
f -14285 -14286 -14284
f -14285 -14284 -14283
f -14283 -14284 -14282
f -14283 -14282 -14281
f -14281 -14282 -14280
f -14300 -14309 -14301
f -14301 -14309 -14310
f -14311 -14312 -14313
f -14313 -14312 -14314
f -14313 -14314 -14315
f -14315 -14314 -14316
f -14315 -14316 -14317
f -14317 -14316 -14318
f -14317 -14318 -14319
f -14319 -14318 -14320
f -14471 -14472 -14473
f -14473 -14472 -14474
f -14473 -14474 -14475
f -14475 -14474 -14476
f -14475 -14476 -14461
f -14461 -14476 -14462
f -14461 -14462 -14463
f -14463 -14462 -14464
f -14463 -14464 -14465
f -14465 -14464 -14466
f -14465 -14466 -14467
f -14467 -14466 -14468
f -14467 -14468 -14469
f -14469 -14468 -14470
f -14469 -14470 -14471
f -14471 -14470 -14472
f -14477 -14478 -14479
f -14479 -14478 -14480
f -14479 -14480 -14481
f -14481 -14480 -14482
f -14481 -14482 -14483
f -14483 -14482 -14484
f -14483 -14484 -14485
f -14485 -14484 -14486
f -14451 -14452 -14453
f -14453 -14452 -14454
f -14453 -14454 -14455
f -14455 -14454 -14456
f -14455 -14456 -14457
f -14457 -14456 -14458
f -14457 -14458 -14459
f -14459 -14458 -14460
f -14441 -14442 -14443
f -14443 -14442 -14444
f -14443 -14444 -14445
f -14445 -14444 -14446
f -14445 -14446 -14447
f -14447 -14446 -14448
f -14447 -14448 -14449
f -14449 -14448 -14450
f -14512 -14498 -14499
f -14499 -14498 -14500
f -14499 -14500 -14501
f -14501 -14500 -14502
f -14505 -14506 -14507
f -14507 -14506 -14508
f -14507 -14508 -14509
f -14509 -14508 -14510
f -14509 -14510 -14511
f -14496 -14495 -14494
f -14494 -14495 -14493
f -14494 -14493 -14492
f -14492 -14493 -14491
f -14492 -14491 -14490
f -14490 -14491 -14489
f -14490 -14489 -14488
f -14488 -14489 -14487
f -14523 -14532 -14524
f -14524 -14532 -14533
f -14382 -14368 -14369
f -14369 -14368 -14370
f -14369 -14370 -14371
f -14371 -14370 -14372
f -14375 -14376 -14377
f -14377 -14376 -14378
f -14377 -14378 -14379
f -14379 -14378 -14380
f -14379 -14380 -14381
f -14357 -14358 -14359
f -14359 -14358 -14360
f -14359 -14360 -14361
f -14361 -14360 -14362
f -14361 -14362 -14363
f -14363 -14362 -14364
f -14363 -14364 -14365
f -14365 -14364 -14366
f -14347 -14348 -14349
f -14349 -14348 -14350
f -14349 -14350 -14351
f -14351 -14350 -14352
f -14351 -14352 -14353
f -14353 -14352 -14354
f -14353 -14354 -14355
f -14355 -14354 -14356
f -14343 -14344 -14345
f -14345 -14344 -14346
f -14345 -14346 -14331
f -14331 -14346 -14332
f -14331 -14332 -14333
f -14333 -14332 -14334
f -14333 -14334 -14335
f -14335 -14334 -14336
f -14335 -14336 -14337
f -14337 -14336 -14338
f -14337 -14338 -14339
f -14339 -14338 -14340
f -14339 -14340 -14341
f -14341 -14340 -14342
f -14341 -14342 -14343
f -14343 -14342 -14344
f -14321 -14322 -14323
f -14323 -14322 -14324
f -14323 -14324 -14325
f -14325 -14324 -14326
f -14325 -14326 -14327
f -14327 -14326 -14328
f -14327 -14328 -14329
f -14329 -14328 -14330
f -14419 -14418 -14417
f -14417 -14418 -14416
f -14417 -14416 -14415
f -14415 -14416 -14414
f -14415 -14414 -14413
f -14413 -14414 -14412
f -14413 -14412 -14411
f -14411 -14412 -14410
f -14411 -14410 -14409
f -14409 -14410 -14408
f -14409 -14408 -14407
f -14407 -14408 -14406
f -14407 -14406 -14405
f -14405 -14406 -14404
f -14405 -14404 -14419
f -14419 -14404 -14418
f -14430 -14439 -14431
f -14431 -14439 -14440
f -14393 -14402 -14394
f -14394 -14402 -14403
f -5692 -5691 -5690
f -5690 -5691 -5689
f -5690 -5689 -5688
f -5688 -5689 -5687
f -5688 -5687 -5686
f -5686 -5687 -5685
f -5686 -5685 -5684
f -5684 -5685 -5683
f -5684 -5683 -5720
f -5720 -5683 -5719
f -5720 -5719 -5718
f -5718 -5719 -5717
f -5718 -5717 -5716
f -5716 -5717 -5715
f -5716 -5715 -5714
f -5714 -5715 -5713
f -5714 -5713 -5712
f -5712 -5713 -5711
f -5725 -5726 -5727
f -5727 -5726 -5728
f -5721 -5722 -5723
f -5723 -5722 -5724
f -5238 -5237 -5236
f -5236 -5237 -5235
f -5236 -5235 -5234
f -5208 -5207 -5233
f -5233 -5207 -5206
f -5233 -5206 -5205
f -5205 -5206 -5204
f -6692 -6691 -6690
f -6690 -6691 -6689
f -6690 -6689 -6688
f -6688 -6689 -6687
f -6688 -6687 -6686
f -6686 -6687 -6685
f -6686 -6685 -6684
f -6684 -6685 -6683
f -6684 -6683 -6682
f -6682 -6683 -6681
f -6682 -6681 -6680
f -6680 -6681 -6679
f -6680 -6679 -6678
f -6690 -6661 -6692
f -6692 -6661 -6662
f -6665 -6664 -6663
f -6663 -6664 -6662
f -6663 -6662 -6661
f -6762 -6763 -6764
f -6764 -6763 -6765
f -6764 -6765 -6766
f -6766 -6765 -6767
f -6766 -6767 -6768
f -6768 -6767 -6769
f -1660 -1661 -1658
f -1658 -1659 -1645
f -1741 -1743 -1742
f -1750 -1753 -1751
f -1761 -1759 -1744
f -1339 -1354 -1340
f -275 -301 -302
f -245 -272 -246
f -243 -255 -244
f -14290 -14298 -14299
f -14513 -14521 -14522
f -14420 -14428 -14429
f -14383 -14391 -14392
f -5734 -5736 -5735
f -3424 -3428 -3423
f -2335 -2336 -2334
f -2312 -2313 -2311
f -1855 -1920 -1857
f -1861 -1862 -1860
f -1689 -1691 -1690
f -181 -183 -182
f -211 -213 -212
f -262 -274 -263
f -14504 -14506 -14505
f -14374 -14376 -14375
f -5206 -5071 -5204
f -6665 -6666 -6664
f -1400 -1401 -1399
f -303 -305 -304
f -326 -328 -327
f -320 -322 -321
f -6746 -6748 -6747
f -3196 -3421 -3423
f -3423 -3421 -3422
f -3423 -3422 -3424
f -3142 -3141 -3185
f -3185 -3141 -3140
f -3185 -3140 -3139
f -3145 -3144 -3185
f -3185 -3144 -3143
f -3185 -3143 -3142
f -3148 -3147 -3185
f -3185 -3147 -3146
f -3185 -3146 -3145
f -3186 -3149 -3185
f -3185 -3149 -3148
f -3714 -3719 -3715
f -3715 -3719 -3713
f -8999 -8998 -8997
f -8997 -8998 -8996
f -8997 -8996 -8995
f -2304 -2305 -2306
f -2306 -2305 -2307
f -2306 -2307 -2308
f -2308 -2307 -2309
f -2308 -2309 -2296
f -2296 -2309 -2297
f -2296 -2297 -2298
f -2298 -2297 -2299
f -2298 -2299 -2332
f -2332 -2299 -2331
f -2332 -2331 -2330
f -2330 -2331 -2329
f -2330 -2329 -2328
f -2328 -2329 -2327
f -2328 -2327 -2326
f -2326 -2327 -2325
f -2326 -2325 -2324
f -2324 -2325 -2323
f -1936 -1935 -1938
f -1938 -1935 -1934
f -2227 -2231 -2229
f -2229 -2231 -2230
f -2229 -2230 -2228
f -2228 -2230 -2238
f -2228 -2238 -2236
f -2236 -2238 -2237
f -2236 -2237 -2235
f -2247 -2256 -2254
f -2254 -2256 -2255
f -2254 -2255 -2253
f -1535 -1537 -1536
f -1536 -1537 -1538
f -1536 -1538 -1525
f -1525 -1538 -1459
f -1525 -1459 -1527
f -1536 -1534 -1535
f -1535 -1534 -1533
f -1535 -1533 -1519
f -1519 -1533 -1478
f -1519 -1478 -1512
f -1512 -1478 -1477
f -1512 -1477 -1476
f -1521 -1522 -1520
f -1520 -1522 -1510
f -1520 -1510 -1509
f -1509 -1475 -1513
f -1513 -1475 -1633
f -1513 -1633 -1631
f -1631 -1633 -1632
f -1636 -1479 -1634
f -1634 -1479 -1480
f -1634 -1480 -1481
f -1481 -1492 -1634
f -1634 -1492 -1632
f -1634 -1632 -1633
f -1636 -1634 -1635
f -1635 -1634 -1633
f -1635 -1633 -1475
f -1721 -1723 -1665
f -1665 -1723 -1667
f -1665 -1667 -1666
f -1666 -1667 -1668
f -1666 -1668 -1652
f -1652 -1668 -1654
f -1652 -1654 -1653
f -1653 -1654 -1655
f -1653 -1655 -1651
f -1651 -1655 -1650
f -1651 -1650 -1711
f -1711 -1650 -1649
f -1711 -1649 -1709
f -1721 -1665 -1663
f -1663 -1665 -1664
f -1657 -1655 -1656
f -1656 -1655 -1654
f -1656 -1654 -1670
f -1670 -1654 -1668
f -1670 -1668 -1669
f -1669 -1668 -1667
f -1669 -1667 -1725
f -1725 -1667 -1723
f -1725 -1723 -1724
f -1724 -1723 -1722
f -1724 -1722 -1646
f -1666 -1652 -1717
f -1717 -1652 -1715
f -1717 -1715 -1716
f -1716 -1715 -1714
f -1716 -1714 -1696
f -1696 -1714 -1698
f -1696 -1698 -1697
f -1697 -1698 -1699
f -1703 -1702 -1700
f -1700 -1702 -1701
f -1700 -1701 -1699
f -1665 -1666 -1719
f -1719 -1666 -1717
f -1719 -1717 -1718
f -1718 -1717 -1716
f -1718 -1716 -1694
f -1694 -1716 -1696
f -1694 -1696 -1695
f -1695 -1696 -1697
f -1699 -1698 -1700
f -1700 -1698 -1712
f -1700 -1712 -1710
f -1710 -1712 -1711
f -1710 -1711 -1709
f -1707 -1706 -1710
f -1710 -1706 -1705
f -1710 -1705 -1700
f -1700 -1705 -1703
f -1709 -1708 -1710
f -1710 -1708 -1707
f -1639 -1718 -1648
f -1648 -1718 -1694
f -1648 -1694 -1644
f -1644 -1694 -1692
f -1644 -1692 -1643
f -1718 -1720 -1719
f -1719 -1720 -1664
f -1719 -1664 -1665
f -1652 -1653 -1715
f -1715 -1653 -1713
f -1715 -1713 -1714
f -1714 -1713 -1712
f -1714 -1712 -1698
f -1712 -1713 -1711
f -1711 -1713 -1651
f -1371 -1374 -1372
f -1372 -1374 -1373
f -1372 -1373 -1369
f -1376 -1377 -1378
f -1378 -1377 -1379
f -1378 -1379 -1380
f -1380 -1379 -1381
f -1380 -1381 -1382
f -1382 -1381 -1383
f -1382 -1383 -1384
f -1384 -1383 -1385
f -1384 -1385 -1375
f -1337 -1344 -1354
f -1354 -1344 -1345
f -1354 -1345 -1346
f -1337 -1354 -1338
f -1338 -1354 -1339
f -1335 -1334 -1348
f -1348 -1334 -1333
f -1348 -1333 -1350
f -1345 -1344 -1343
f -1343 -1344 -1342
f -1343 -1342 -1341
f -1456 -1492 -1482
f -1482 -1492 -1481
f -1631 -1512 -1513
f -1513 -1512 -1476
f -1513 -1476 -1509
f -1509 -1476 -1507
f -1509 -1507 -1508
f -1403 -1402 -1404
f -1404 -1402 -1398
f -1404 -1398 -1397
f -1396 -1395 -1394
f -1394 -1395 -1393
f -1394 -1393 -1392
f -1392 -1393 -1391
f -1392 -1391 -1390
f -1390 -1391 -1389
f -1390 -1389 -1388
f -1060 -1059 -1063
f -1063 -1059 -1058
f -1063 -1058 -1057
f -1064 -1062 -1063
f -1063 -1062 -1061
f -1063 -1061 -1060
f -1020 -1021 -1022
f -1022 -1021 -1023
f -1022 -1023 -1024
f -1024 -1023 -1025
f -1024 -1025 -1026
f -1026 -1025 -1027
f -1026 -1027 -1028
f -1028 -1027 -1029
f -1028 -1029 -1030
f -1030 -1029 -1031
f -1030 -1031 -1032
f -1032 -1031 -1033
f -1032 -1033 -1048
f -1048 -1033 -1047
f -1048 -1047 -1046
f -1046 -1047 -1045
f -1046 -1045 -1044
f -1044 -1045 -1043
f -1044 -1043 -1042
f -1042 -1043 -1041
f -1042 -1041 -1040
f -1040 -1041 -1039
f -1040 -1039 -1038
f -1038 -1039 -1037
f -1038 -1037 -1036
f -1036 -1037 -1035
f -1036 -1035 -1034
f -990 -991 -992
f -992 -991 -993
f -992 -993 -994
f -994 -993 -995
f -994 -995 -996
f -996 -995 -997
f -996 -997 -998
f -998 -997 -999
f -998 -999 -1000
f -1000 -999 -1001
f -1000 -1001 -1002
f -1002 -1001 -1003
f -1002 -1003 -1018
f -1018 -1003 -1017
f -1018 -1017 -1016
f -1016 -1017 -1015
f -1016 -1015 -1014
f -1014 -1015 -1013
f -1014 -1013 -1012
f -1012 -1013 -1011
f -1012 -1011 -1010
f -1010 -1011 -1009
f -1010 -1009 -1008
f -1008 -1009 -1007
f -1008 -1007 -1006
f -1006 -1007 -1005
f -1006 -1005 -1004
f -1110 -1109 -1108
f -1108 -1109 -1107
f -1108 -1107 -1106
f -1106 -1107 -1105
f -1106 -1105 -1104
f -1104 -1105 -1103
f -1104 -1103 -1102
f -1102 -1103 -1101
f -1102 -1101 -1100
f -1100 -1101 -1099
f -1100 -1099 -1098
f -1098 -1099 -1097
f -1098 -1097 -1096
f -1096 -1097 -1095
f -1096 -1095 -1094
f -1094 -1095 -1093
f -1094 -1093 -1092
f -1092 -1093 -1091
f -1092 -1091 -1090
f -1090 -1091 -1089
f -1090 -1089 -1088
f -1088 -1089 -1087
f -1088 -1087 -1086
f -1086 -1087 -1085
f -1086 -1085 -1084
f -1112 -1113 -1115
f -1115 -1113 -1114
f -1115 -1114 -1116
f -1124 -1123 -1122
f -1122 -1123 -1121
f -1122 -1121 -1120
f -1133 -1132 -1131
f -1131 -1132 -1130
f -1131 -1130 -1129
f -1079 -1078 -1082
f -1082 -1078 -1077
f -1082 -1077 -1076
f -1049 -1072 -1075
f -1075 -1072 -1074
f -1075 -1074 -1073
f -1071 -1070 -1074
f -1074 -1070 -1069
f -1074 -1069 -1068
f -1049 -1075 -1050
f -1050 -1075 -1051
f -1054 -1053 -1075
f -1075 -1053 -1052
f -1075 -1052 -1051
f -1076 -1056 -1075
f -1075 -1056 -1055
f -1075 -1055 -1054
f -1067 -1066 -1074
f -1074 -1066 -1065
f -1074 -1065 -1064
f -14652 -14651 -14650
f -14650 -14651 -14649
f -14650 -14649 -14648
f -14648 -14649 -14647
f -14648 -14647 -14646
f -14646 -14647 -14645
f -14646 -14645 -14644
f -14641 -14640 -14642
f -14642 -14640 -14627
f -14642 -14627 -14628
f -14663 -14662 -14661
f -14661 -14662 -14660
f -14661 -14660 -14659
f -14659 -14660 -14658
f -14659 -14658 -14657
f -14657 -14658 -14656
f -14657 -14656 -14655
f -14634 -14635 -14632
f -14632 -14635 -14633
f -14632 -14633 -14631
f -14262 -14261 -14260
f -14260 -14261 -14259
f -14260 -14259 -14258
f -14258 -14259 -14257
f -14258 -14257 -14256
f -14256 -14257 -14255
f -14256 -14255 -14254
f -14273 -14272 -14271
f -14271 -14272 -14270
f -14271 -14270 -14269
f -14269 -14270 -14268
f -14269 -14268 -14267
f -14267 -14268 -14266
f -14267 -14266 -14265
f -14244 -14245 -14242
f -14242 -14245 -14243
f -14242 -14243 -14241
f -14251 -14250 -14252
f -14252 -14250 -14237
f -14252 -14237 -14238
f -14169 -14168 -14167
f -14167 -14168 -14166
f -14167 -14166 -14165
f -14165 -14166 -14164
f -14165 -14164 -14163
f -14163 -14164 -14162
f -14163 -14162 -14161
f -14180 -14179 -14178
f -14178 -14179 -14177
f -14178 -14177 -14176
f -14176 -14177 -14175
f -14176 -14175 -14174
f -14174 -14175 -14173
f -14174 -14173 -14172
f -14559 -14558 -14557
f -14557 -14558 -14556
f -14557 -14556 -14555
f -14555 -14556 -14554
f -14555 -14554 -14553
f -14553 -14554 -14552
f -14553 -14552 -14551
f -14570 -14569 -14568
f -14568 -14569 -14567
f -14568 -14567 -14566
f -14566 -14567 -14565
f -14566 -14565 -14564
f -14564 -14565 -14563
f -14564 -14563 -14562
f -8863 -8862 -8867
f -8867 -8862 -8861
f -8867 -8861 -8860
f -8864 -8867 -8865
f -8865 -8867 -8866
f -8865 -8866 -8874
f -8869 -8870 -8878
f -8878 -8870 -8876
f -8878 -8876 -8877
f -8872 -8876 -8871
f -8871 -8876 -8870
f -8871 -8870 -8869
f -8875 -8874 -8873
f -8873 -8874 -8872
f -8873 -8872 -8871
f -8868 -8869 -8880
f -8880 -8869 -8878
f -8880 -8878 -8879
f -8879 -8878 -8877
f -8907 -8916 -8918
f -8918 -8916 -8917
f -8918 -8917 -8919
f -8911 -8912 -8910
f -8910 -8912 -8909
f -8910 -8909 -8908
f -5691 -5692 -5693
f -5693 -5692 -5694
f -5693 -5694 -5695
f -5695 -5694 -5696
f -5695 -5696 -5697
f -5697 -5696 -5698
f -5697 -5698 -5699
f -5699 -5698 -5700
f -5699 -5700 -5710
f -5710 -5700 -5709
f -5710 -5709 -5708
f -5708 -5709 -5707
f -5708 -5707 -5706
f -5706 -5707 -5705
f -5706 -5705 -5704
f -5704 -5705 -5703
f -5704 -5703 -5702
f -5702 -5703 -5701
f -5428 -5427 -5466
f -5466 -5427 -5426
f -5466 -5426 -5468
f -5460 -5424 -5465
f -5465 -5424 -5423
f -5465 -5423 -5463
f -5419 -5418 -5460
f -5460 -5418 -5417
f -5460 -5417 -5416
f -5422 -5421 -5460
f -5460 -5421 -5420
f -5460 -5420 -5419
f -6555 -6550 -6601
f -6601 -6550 -6599
f -6601 -6599 -6600
f -6600 -6599 -6598
f -6600 -6598 -6584
f -6584 -6598 -6596
f -6584 -6596 -6594
f -6594 -6596 -6595
f -6594 -6595 -6593
f -6593 -6595 -6550
f -6593 -6550 -6591
f -6591 -6550 -6589
f -6591 -6589 -6590
f -6590 -6589 -6588
f -6590 -6588 -6584
f -6584 -6588 -6586
f -6584 -6586 -6585
f -6585 -6586 -6587
f -6585 -6587 -6583
f -6583 -6587 -6582
f -6583 -6582 -6584
f -6584 -6582 -6581
f -6584 -6581 -6580
f -6580 -6581 -6587
f -6580 -6587 -6579
f -6579 -6587 -6578
f -6579 -6578 -6584
f -6584 -6578 -6577
f -6584 -6577 -6576
f -6576 -6577 -6587
f -6576 -6587 -6575
f -6575 -6587 -6574
f -6575 -6574 -6584
f -6584 -6574 -6573
f -6584 -6573 -6572
f -6572 -6573 -6587
f -6572 -6587 -6571
f -6571 -6587 -6570
f -6571 -6570 -6584
f -6584 -6570 -6548
f -6598 -6599 -6597
f -6597 -6599 -6550
f -6597 -6550 -6595
f -6567 -6611 -6566
f -6566 -6611 -6612
f -6566 -6612 -6584
f -6584 -6612 -6610
f -6584 -6610 -6608
f -6608 -6610 -6609
f -6608 -6609 -6607
f -6607 -6609 -6549
f -6607 -6549 -6555
f -6555 -6549 -6568
f -6555 -6568 -6569
f -6569 -6568 -6567
f -6569 -6567 -6564
f -6564 -6567 -6563
f -6564 -6563 -6560
f -6560 -6563 -6584
f -6560 -6584 -6557
f -6557 -6584 -6551
f -6557 -6551 -6552
f -6601 -6600 -6602
f -6602 -6600 -6584
f -6602 -6584 -6604
f -6604 -6584 -6606
f -6604 -6606 -6605
f -6605 -6606 -6607
f -6605 -6607 -6555
f -6555 -6601 -6603
f -6603 -6601 -6602
f -6603 -6602 -6604
f -6590 -6584 -6592
f -6592 -6584 -6594
f -6592 -6594 -6593
f -6616 -6615 -6617
f -6617 -6615 -6614
f -6617 -6614 -6613
f -6567 -6568 -6611
f -6611 -6568 -6549
f -6611 -6549 -6609
f -6525 -6524 -6535
f -6535 -6524 -6523
f -6535 -6523 -6522
f -6531 -6535 -6530
f -6530 -6535 -6544
f -6530 -6544 -6529
f -6557 -6558 -6561
f -6561 -6558 -6562
f -6561 -6562 -6565
f -6565 -6562 -6555
f -6565 -6555 -6569
f -6560 -6561 -6564
f -6564 -6561 -6565
f -6564 -6565 -6569
f -6553 -6554 -6559
f -6559 -6554 -6555
f -6559 -6555 -6562
f -6562 -6558 -6559
f -6559 -6558 -6553
f -6700 -6699 -6702
f -6702 -6699 -6698
f -6702 -6698 -6721
f -6701 -6702 -6713
f -6713 -6702 -6712
f -6713 -6712 -6714
f -6676 -6675 -6677
f -6677 -6675 -6660
f -6677 -6660 -6659
f -6659 -6660 -6658
f -6659 -6658 -6657
f -6657 -6658 -6656
f -6657 -6656 -6655
f -6655 -6656 -6654
f -6655 -6654 -6653
f -6702 -6721 -6743
f -6743 -6721 -6742
f -6743 -6742 -6741
f -6741 -6742 -6740
f -6713 -6714 -6715
f -6715 -6714 -6716
f -6715 -6716 -6717
f -6717 -6716 -6718
f -6717 -6718 -6719
f -6719 -6718 -6720
f -6719 -6720 -6711
f -6711 -6720 -6710
f -6711 -6710 -6709
f -6709 -6710 -6708
f -6709 -6708 -6707
f -6707 -6708 -6706
f -6707 -6706 -6705
f -6705 -6706 -6704
f -6705 -6704 -6703
f -10121 -10123 -10122
f -10122 -10123 -10124
f -10123 -10125 -10124
f -10124 -10125 -10126
f -10125 -10127 -10126
f -10126 -10127 -10128
f -10114 -10115 -10116
f -10116 -10115 -10117
f -10132 -10134 -10133
f -10133 -10134 -10135
f -10127 -10129 -10128
f -10128 -10129 -10130
f -10140 -10139 -10138
f -10138 -10139 -10137
f -10138 -10137 -10136
f -10136 -10137 -10135
f -10136 -10135 -10134
f -3040 -3041 -3042
f -3042 -3041 -3043
f -3042 -3043 -3044
f -3044 -3043 -3045
f -3044 -3045 -3046
f -3046 -3045 -3047
f -3046 -3047 -3048
f -3048 -3047 -3049
f -3048 -3049 -3050
f -3050 -3049 -3051
f -3050 -3051 -3052
f -3052 -3051 -3053
f -3052 -3053 -3054
f -3054 -3053 -3055
f -3054 -3055 -3056
f -3056 -3055 -3057
f -3056 -3057 -3058
f -3058 -3057 -3059
f -2928 -2929 -2930
f -2930 -2929 -2931
f -2930 -2931 -2932
f -2932 -2931 -2933
f -2932 -2933 -2934
f -2934 -2933 -2935
f -9000 -9001 -9002
f -9002 -9001 -9003
f -9004 -9005 -9006
f -9006 -9005 -9007
f -8954 -8955 -8956
f -8956 -8955 -8957
f -2737 -2736 -2735
f -2735 -2736 -2734
f -2735 -2734 -2733
f -2733 -2734 -2732
f -2733 -2732 -2731
f -2731 -2732 -2730
f -2731 -2730 -2729
f -2729 -2730 -2728
f -2747 -2746 -2745
f -2745 -2746 -2744
f -2745 -2744 -2743
f -2743 -2744 -2742
f -2743 -2742 -2741
f -2741 -2742 -2740
f -2741 -2740 -2739
f -2739 -2740 -2738
f -2219 -2220 -2221
f -2221 -2220 -2222
f -2229 -2226 -2227
f -2227 -2226 -2225
f -2227 -2225 -2224
f -2224 -2225 -2223
f -2224 -2223 -2233
f -2233 -2223 -2232
f -2233 -2232 -2234
f -2233 -2234 -2235
f -2235 -2234 -2236
f -2254 -2253 -2252
f -2252 -2253 -2251
f -2252 -2251 -2250
f -2250 -2251 -2249
f -2250 -2249 -2248
f -2239 -2240 -2241
f -2241 -2240 -2242
f -2244 -2245 -2246
f -2246 -2245 -2247
f -2246 -2247 -2254
f -1527 -1526 -1525
f -1525 -1526 -1524
f -1525 -1524 -1523
f -1523 -1524 -1522
f -1523 -1522 -1521
f -1703 -1705 -1704
f -1704 -1705 -1706
f -1692 -1694 -1693
f -1693 -1694 -1695
f -1364 -1363 -1365
f -1365 -1363 -1346
f -1365 -1346 -1347
f -1347 -1346 -1348
f -1347 -1348 -1349
f -1349 -1348 -1350
f -1329 -1330 -1331
f -1331 -1330 -1332
f -1335 -1348 -1336
f -1336 -1348 -1341
f -1313 -1314 -1315
f -1315 -1314 -1316
f -1317 -1318 -1319
f -1319 -1318 -1320
f -1321 -1322 -1323
f -1323 -1322 -1324
f -1325 -1326 -1327
f -1327 -1326 -1328
f -1400 -1402 -1401
f -1401 -1402 -1403
f -1386 -1395 -1387
f -1387 -1395 -1396
f -1125 -1126 -1127
f -1127 -1126 -1128
f -1079 -1082 -1080
f -1080 -1082 -1081
f -1080 -1081 -1057
f -1057 -1081 -1063
f -985 -986 -987
f -987 -986 -988
f -14640 -14639 -14638
f -14638 -14639 -14637
f -14638 -14637 -14636
f -14636 -14637 -14635
f -14636 -14635 -14634
f -14653 -14662 -14654
f -14654 -14662 -14663
f -14617 -14618 -14619
f -14619 -14618 -14620
f -14619 -14620 -14621
f -14621 -14620 -14622
f -14621 -14622 -14623
f -14623 -14622 -14624
f -14623 -14624 -14625
f -14625 -14624 -14626
f -14632 -14631 -14630
f -14630 -14631 -14629
f -14630 -14629 -14628
f -14628 -14629 -14642
f -14616 -14615 -14614
f -14614 -14615 -14613
f -14614 -14613 -14612
f -14612 -14613 -14611
f -14612 -14611 -14610
f -14610 -14611 -14609
f -14610 -14609 -14608
f -14608 -14609 -14607
f -14599 -14600 -14601
f -14601 -14600 -14602
f -14601 -14602 -14603
f -14603 -14602 -14604
f -14603 -14604 -14605
f -14605 -14604 -14606
f -14605 -14606 -14591
f -14591 -14606 -14592
f -14591 -14592 -14593
f -14593 -14592 -14594
f -14593 -14594 -14595
f -14595 -14594 -14596
f -14595 -14596 -14597
f -14597 -14596 -14598
f -14597 -14598 -14599
f -14599 -14598 -14600
f -14590 -14589 -14588
f -14588 -14589 -14587
f -14588 -14587 -14586
f -14586 -14587 -14585
f -14586 -14585 -14584
f -14584 -14585 -14583
f -14584 -14583 -14582
f -14582 -14583 -14581
f -14571 -14572 -14573
f -14573 -14572 -14574
f -14573 -14574 -14575
f -14575 -14574 -14576
f -14575 -14576 -14577
f -14577 -14576 -14578
f -14577 -14578 -14579
f -14579 -14578 -14580
f -14263 -14272 -14264
f -14264 -14272 -14273
f -14216 -14215 -14214
f -14214 -14215 -14213
f -14214 -14213 -14212
f -14212 -14213 -14211
f -14212 -14211 -14210
f -14210 -14211 -14209
f -14210 -14209 -14208
f -14208 -14209 -14207
f -14208 -14207 -14206
f -14206 -14207 -14205
f -14206 -14205 -14204
f -14204 -14205 -14203
f -14204 -14203 -14202
f -14202 -14203 -14201
f -14202 -14201 -14216
f -14216 -14201 -14215
f -14217 -14218 -14219
f -14219 -14218 -14220
f -14219 -14220 -14221
f -14221 -14220 -14222
f -14221 -14222 -14223
f -14223 -14222 -14224
f -14223 -14224 -14225
f -14225 -14224 -14226
f -14200 -14199 -14198
f -14198 -14199 -14197
f -14198 -14197 -14196
f -14196 -14197 -14195
f -14196 -14195 -14194
f -14194 -14195 -14193
f -14194 -14193 -14192
f -14192 -14193 -14191
f -14252 -14238 -14239
f -14239 -14238 -14240
f -14239 -14240 -14241
f -14241 -14240 -14242
f -14245 -14246 -14247
f -14247 -14246 -14248
f -14247 -14248 -14249
f -14249 -14248 -14250
f -14249 -14250 -14251
f -14236 -14235 -14234
f -14234 -14235 -14233
f -14234 -14233 -14232
f -14232 -14233 -14231
f -14232 -14231 -14230
f -14230 -14231 -14229
f -14230 -14229 -14228
f -14228 -14229 -14227
f -14181 -14182 -14183
f -14183 -14182 -14184
f -14183 -14184 -14185
f -14185 -14184 -14186
f -14185 -14186 -14187
f -14187 -14186 -14188
f -14187 -14188 -14189
f -14189 -14188 -14190
f -14170 -14179 -14171
f -14171 -14179 -14180
f -14153 -14152 -14151
f -14151 -14152 -14150
f -14151 -14150 -14149
f -14149 -14150 -14148
f -14149 -14148 -14147
f -14147 -14148 -14146
f -14147 -14146 -14145
f -14145 -14146 -14144
f -14145 -14144 -14159
f -14159 -14144 -14158
f -14159 -14158 -14157
f -14157 -14158 -14156
f -14157 -14156 -14155
f -14155 -14156 -14154
f -14155 -14154 -14153
f -14153 -14154 -14152
f -14537 -14536 -14535
f -14535 -14536 -14534
f -14535 -14534 -14549
f -14549 -14534 -14548
f -14549 -14548 -14547
f -14547 -14548 -14546
f -14547 -14546 -14545
f -14545 -14546 -14544
f -14545 -14544 -14543
f -14543 -14544 -14542
f -14543 -14542 -14541
f -14541 -14542 -14540
f -14541 -14540 -14539
f -14539 -14540 -14538
f -14539 -14538 -14537
f -14537 -14538 -14536
f -14560 -14569 -14561
f -14561 -14569 -14570
f -8901 -8902 -8903
f -8903 -8902 -8904
f -8907 -8918 -8908
f -8908 -8918 -8910
f -8914 -8912 -8913
f -8913 -8912 -8911
f -8924 -8925 -8926
f -8926 -8925 -8927
f -8923 -8922 -8921
f -8921 -8922 -8920
f -8921 -8920 -8919
f -8919 -8920 -8918
f -5463 -5464 -5465
f -5465 -5464 -5466
f -5465 -5466 -5467
f -5467 -5466 -5468
f -5422 -5460 -5425
f -5425 -5460 -5465
f -6586 -6588 -6587
f -6587 -6588 -6589
f -6587 -6589 -6550
f -6604 -6605 -6603
f -6603 -6605 -6555
f -6590 -6592 -6591
f -6591 -6592 -6593
f -6595 -6596 -6597
f -6597 -6596 -6598
f -6609 -6610 -6611
f -6611 -6610 -6612
f -6618 -6619 -6620
f -6620 -6619 -6621
f -6607 -6606 -6608
f -6608 -6606 -6584
f -6584 -6563 -6566
f -6566 -6563 -6567
f -6553 -6558 -6552
f -6552 -6558 -6557
f -6675 -6674 -6673
f -6673 -6674 -6672
f -6673 -6672 -6671
f -6671 -6672 -6670
f -6671 -6670 -6669
f -6669 -6670 -6668
f -6669 -6668 -6667
f -6667 -6668 -6666
f -6667 -6666 -6665
f -10118 -10131 -10119
f -8992 -8998 -8999
f -1655 -1657 -1650
f -1722 -1723 -1721
f -1651 -1713 -1653
f -1718 -1639 -1720
f -1370 -1374 -1371
f -1363 -1354 -1346
f -1083 -1109 -1110
f -1111 -1113 -1112
f -1072 -1071 -1074
f -1067 -1074 -1068
f -14643 -14651 -14652
f -14253 -14261 -14262
f -14160 -14168 -14169
f -14550 -14558 -14559
f -8863 -8867 -8864
f -8865 -8874 -8875
f -6525 -6535 -6531
f -6557 -6561 -6560
f -6536 -6544 -6535
f -6700 -6702 -6701
f -2243 -2245 -2244
f -1508 -1520 -1509
f -1635 -1637 -1636
f -1348 -1343 -1341
f -1063 -1074 -1064
f -1019 -1021 -1020
f -1075 -1082 -1076
f -989 -991 -990
f -14640 -14641 -14639
f -14244 -14246 -14245
f -6584 -6585 -6583
f -6573 -6574 -6587
f -6577 -6578 -6587
f -6584 -6576 -6575
f -6581 -6582 -6587
f -6584 -6580 -6579
f -6584 -6572 -6571
f -6554 -6556 -6555
f -6675 -6676 -6674
f -6721 -6722 -6742
f -3718 -3723 -3719
f -3716 -3720 -3717
f -3720 -3724 -3721
f -3724 -3726 -3725
f -3710 -3712 -3711
f -3708 -3713 -3709
f -3704 -3709 -3705
f -3706 -3710 -3707
f -3702 -3706 -3703
f -3700 -3705 -3701
f -3698 -3702 -3699
f -3696 -3701 -3697
f -3694 -3698 -3695
f -3692 -3697 -3693
f -3727 -3729 -3728
f -3722 -3728 -3723
f -1784 -1792 -1873
f -1366 -1368 -1367
f -1134 -1136 -1135
f -1117 -1119 -1118
