mtllib R.mtl
usemtl AXIS
v 0.380350 0.043150 0.863000
v 0.380833 0.042850 0.861833
v 0.380833 0.043150 0.861833
v 0.382000 0.042850 0.861350
v 0.382000 0.043150 0.861350
v 0.383167 0.042850 0.861833
v 0.383167 0.043150 0.861833
v 0.383650 0.042850 0.863000
v 0.383650 0.043150 0.863000
v 0.380350 0.042850 0.863000
v 0.382000 0.042850 0.864650
v 0.383167 0.042850 0.864167
v 0.380833 0.042850 0.864167
v 0.383650 0.042850 0.863000
v 0.380350 0.042850 0.863000
v 0.383167 0.042850 0.861833
v 0.380833 0.042850 0.861833
v 0.382000 0.042850 0.861350
v 0.383335 0.043150 0.863970
v 0.383167 0.042850 0.864167
v 0.382510 0.043150 0.864569
v 0.382000 0.042850 0.864650
v 0.381490 0.043150 0.864569
v 0.380833 0.042850 0.864167
v 0.380665 0.043150 0.863970
v 0.380350 0.042850 0.863000
v 0.380350 0.043150 0.863000
v 0.383650 0.043150 0.863000
v 0.383650 0.042850 0.863000
v 0.381175 0.045790 0.864429
v 0.382000 0.045790 0.864650
v 0.381490 0.043150 0.864569
v 0.382649 0.045790 0.864517
v 0.382510 0.043150 0.864569
v 0.383194 0.045790 0.864139
v 0.383335 0.043150 0.863970
v 0.383650 0.045790 0.863000
v 0.383650 0.043150 0.863000
v 0.380571 0.045790 0.863825
v 0.380665 0.043150 0.863970
v 0.380350 0.043150 0.863000
v 0.380350 0.045790 0.863000
v 0.380350 0.045790 0.863000
v 0.380833 0.043150 0.861833
v 0.380833 0.045790 0.861833
v 0.382000 0.043150 0.861350
v 0.382000 0.045790 0.861350
v 0.383167 0.043150 0.861833
v 0.383167 0.045790 0.861833
v 0.383650 0.043150 0.863000
v 0.383650 0.045790 0.863000
v 0.380350 0.043150 0.863000
v 0.380833 0.045790 0.861833
v 0.383167 0.045790 0.861833
v 0.380350 0.045790 0.863000
v 0.383650 0.045790 0.863000
v 0.380571 0.045790 0.863825
v 0.383194 0.045790 0.864139
v 0.381175 0.045790 0.864429
v 0.382649 0.045790 0.864517
v 0.382000 0.045790 0.864650
v 0.382000 0.045790 0.861350
v 0.382000 0.042850 0.768650
v 0.383167 0.042850 0.768167
v 0.380833 0.042850 0.768167
v 0.383650 0.042850 0.767000
v 0.380350 0.042850 0.767000
v 0.383167 0.042850 0.765833
v 0.380833 0.042850 0.765833
v 0.382000 0.042850 0.765350
v 0.383335 0.043150 0.767970
v 0.383167 0.042850 0.768167
v 0.382510 0.043150 0.768569
v 0.382000 0.042850 0.768650
v 0.381490 0.043150 0.768569
v 0.380833 0.042850 0.768167
v 0.380665 0.043150 0.767970
v 0.380350 0.042850 0.767000
v 0.380350 0.043150 0.767000
v 0.383650 0.043150 0.767000
v 0.383650 0.042850 0.767000
v 0.380350 0.043150 0.767000
v 0.380833 0.042850 0.765833
v 0.380833 0.043150 0.765833
v 0.382000 0.042850 0.765350
v 0.382000 0.043150 0.765350
v 0.383167 0.042850 0.765833
v 0.383167 0.043150 0.765833
v 0.383650 0.042850 0.767000
v 0.383650 0.043150 0.767000
v 0.380350 0.042850 0.767000
v 0.383650 0.043150 0.767000
v 0.383167 0.045790 0.765833
v 0.383167 0.043150 0.765833
v 0.382000 0.045790 0.765350
v 0.382000 0.043150 0.765350
v 0.380833 0.045790 0.765833
v 0.380833 0.043150 0.765833
v 0.380350 0.045790 0.767000
v 0.380350 0.043150 0.767000
v 0.383650 0.045790 0.767000
v 0.380665 0.043150 0.767970
v 0.380833 0.045790 0.768167
v 0.381490 0.043150 0.768569
v 0.382000 0.045790 0.768650
v 0.382510 0.043150 0.768569
v 0.383167 0.045790 0.768167
v 0.383335 0.043150 0.767970
v 0.383650 0.045790 0.767000
v 0.383650 0.043150 0.767000
v 0.380350 0.043150 0.767000
v 0.380350 0.045790 0.767000
v 0.380833 0.045790 0.765833
v 0.383167 0.045790 0.765833
v 0.380350 0.045790 0.767000
v 0.383650 0.045790 0.767000
v 0.380833 0.045790 0.768167
v 0.383167 0.045790 0.768167
v 0.382000 0.045790 0.768650
v 0.382000 0.045790 0.765350
v 0.529250 0.043150 0.815000
v 0.529909 0.046150 0.816591
v 0.529909 0.043150 0.816591
v 0.531500 0.046150 0.817250
v 0.531500 0.043150 0.817250
v 0.533091 0.046150 0.816591
v 0.533091 0.043150 0.816591
v 0.533750 0.046150 0.815000
v 0.533750 0.043150 0.815000
v 0.529250 0.046150 0.815000
v 0.533750 0.043150 0.815000
v 0.533091 0.042850 0.816591
v 0.533091 0.043150 0.816591
v 0.531500 0.042850 0.817250
v 0.531500 0.043150 0.817250
v 0.529909 0.042850 0.816591
v 0.529909 0.043150 0.816591
v 0.529250 0.042850 0.815000
v 0.529250 0.043150 0.815000
v 0.533750 0.042850 0.815000
v 0.529250 0.043150 0.815000
v 0.529909 0.042850 0.813409
v 0.529909 0.043150 0.813409
v 0.531500 0.042850 0.812750
v 0.531500 0.043150 0.812750
v 0.533091 0.042850 0.813409
v 0.533091 0.043150 0.813409
v 0.533750 0.042850 0.815000
v 0.533750 0.043150 0.815000
v 0.529250 0.042850 0.815000
v 0.533750 0.043150 0.815000
v 0.533091 0.046150 0.813409
v 0.533091 0.043150 0.813409
v 0.531500 0.046150 0.812750
v 0.531500 0.043150 0.812750
v 0.529909 0.046150 0.813409
v 0.529909 0.043150 0.813409
v 0.529250 0.046150 0.815000
v 0.529250 0.043150 0.815000
v 0.533750 0.046150 0.815000
v 0.533500 0.046150 0.815000
v 0.533750 0.046150 0.815000
v 0.532914 0.046150 0.816414
v 0.533091 0.046150 0.816591
v 0.531500 0.046150 0.817000
v 0.531500 0.046150 0.817250
v 0.530086 0.046150 0.816414
v 0.529909 0.046150 0.816591
v 0.529500 0.046150 0.815000
v 0.529250 0.046150 0.815000
v 0.530086 0.046150 0.813586
v 0.529909 0.046150 0.813409
v 0.531500 0.046150 0.813000
v 0.531500 0.046150 0.812750
v 0.532914 0.046150 0.813586
v 0.533091 0.046150 0.813409
v 0.533500 0.046150 0.815000
v 0.533500 0.044050 0.815000
v 0.532914 0.046150 0.813586
v 0.532914 0.044050 0.813586
v 0.531500 0.046150 0.813000
v 0.531500 0.044050 0.813000
v 0.530086 0.046150 0.813586
v 0.530086 0.044050 0.813586
v 0.529500 0.046150 0.815000
v 0.529500 0.044050 0.815000
v 0.529500 0.046150 0.815000
v 0.529500 0.044050 0.815000
v 0.530086 0.046150 0.816414
v 0.530086 0.044050 0.816414
v 0.531500 0.046150 0.817000
v 0.531500 0.044050 0.817000
v 0.532914 0.046150 0.816414
v 0.532914 0.044050 0.816414
v 0.533500 0.046150 0.815000
v 0.533500 0.044050 0.815000
v 0.531500 0.044050 0.813227
v 0.531500 0.044050 0.813000
v 0.532753 0.044050 0.813747
v 0.532914 0.044050 0.813586
v 0.533273 0.044050 0.815000
v 0.533500 0.044050 0.815000
v 0.532753 0.044050 0.816253
v 0.532914 0.044050 0.816414
v 0.531500 0.044050 0.816773
v 0.531500 0.044050 0.817000
v 0.530247 0.044050 0.816253
v 0.530086 0.044050 0.816414
v 0.529727 0.044050 0.815000
v 0.529500 0.044050 0.815000
v 0.530247 0.044050 0.813747
v 0.530086 0.044050 0.813586
v 0.529727 0.044050 0.815000
v 0.529727 0.042850 0.815000
v 0.530247 0.044050 0.816253
v 0.530247 0.042850 0.816253
v 0.531500 0.044050 0.816773
v 0.531500 0.042850 0.816773
v 0.532753 0.044050 0.816253
v 0.532753 0.042850 0.816253
v 0.533273 0.044050 0.815000
v 0.533273 0.042850 0.815000
v 0.533273 0.044050 0.815000
v 0.533273 0.042850 0.815000
v 0.532753 0.044050 0.813747
v 0.532753 0.042850 0.813747
v 0.531500 0.044050 0.813227
v 0.531500 0.042850 0.813227
v 0.530247 0.044050 0.813747
v 0.530247 0.042850 0.813747
v 0.529727 0.044050 0.815000
v 0.529727 0.042850 0.815000
v 0.531500 0.042850 0.813227
v 0.532753 0.042850 0.813747
v 0.533091 0.042850 0.813409
v 0.533273 0.042850 0.815000
v 0.533750 0.042850 0.815000
v 0.532753 0.042850 0.816253
v 0.533091 0.042850 0.816591
v 0.531500 0.042850 0.816773
v 0.531500 0.042850 0.817250
v 0.530247 0.042850 0.816253
v 0.529909 0.042850 0.816591
v 0.529727 0.042850 0.815000
v 0.529250 0.042850 0.815000
v 0.530247 0.042850 0.813747
v 0.529909 0.042850 0.813409
v 0.531500 0.042850 0.812750
v 0.498697 0.043150 0.862048
v 0.499356 0.046150 0.863639
v 0.499356 0.043150 0.863639
v 0.500947 0.046150 0.864298
v 0.500947 0.043150 0.864298
v 0.502538 0.046150 0.863639
v 0.502538 0.043150 0.863639
v 0.503197 0.046150 0.862048
v 0.503197 0.043150 0.862048
v 0.498697 0.046150 0.862048
v 0.503197 0.043150 0.862048
v 0.502538 0.042850 0.863639
v 0.502538 0.043150 0.863639
v 0.500947 0.042850 0.864298
v 0.500947 0.043150 0.864298
v 0.499356 0.042850 0.863639
v 0.499356 0.043150 0.863639
v 0.498697 0.042850 0.862048
v 0.498697 0.043150 0.862048
v 0.503197 0.042850 0.862048
v 0.498697 0.043150 0.862048
v 0.499356 0.042850 0.860457
v 0.499356 0.043150 0.860457
v 0.500947 0.042850 0.859798
v 0.500947 0.043150 0.859798
v 0.502538 0.042850 0.860457
v 0.502538 0.043150 0.860457
v 0.503197 0.042850 0.862048
v 0.503197 0.043150 0.862048
v 0.498697 0.042850 0.862048
v 0.503197 0.043150 0.862048
v 0.502538 0.046150 0.860457
v 0.502538 0.043150 0.860457
v 0.500947 0.046150 0.859798
v 0.500947 0.043150 0.859798
v 0.499356 0.046150 0.860457
v 0.499356 0.043150 0.860457
v 0.498697 0.046150 0.862048
v 0.498697 0.043150 0.862048
v 0.503197 0.046150 0.862048
v 0.502947 0.046150 0.862048
v 0.503197 0.046150 0.862048
v 0.502361 0.046150 0.863462
v 0.502538 0.046150 0.863639
v 0.500947 0.046150 0.864048
v 0.500947 0.046150 0.864298
v 0.499533 0.046150 0.863462
v 0.499356 0.046150 0.863639
v 0.498947 0.046150 0.862048
v 0.498697 0.046150 0.862048
v 0.499533 0.046150 0.860633
v 0.499356 0.046150 0.860457
v 0.500947 0.046150 0.860048
v 0.500947 0.046150 0.859798
v 0.502361 0.046150 0.860633
v 0.502538 0.046150 0.860457
v 0.502947 0.046150 0.862048
v 0.502947 0.044050 0.862048
v 0.502361 0.046150 0.860633
v 0.502361 0.044050 0.860633
v 0.500947 0.046150 0.860048
v 0.500947 0.044050 0.860048
v 0.499533 0.046150 0.860633
v 0.499533 0.044050 0.860633
v 0.498947 0.046150 0.862048
v 0.498947 0.044050 0.862048
v 0.498947 0.046150 0.862048
v 0.498947 0.044050 0.862048
v 0.499533 0.046150 0.863462
v 0.499533 0.044050 0.863462
v 0.500947 0.046150 0.864048
v 0.500947 0.044050 0.864048
v 0.502361 0.046150 0.863462
v 0.502361 0.044050 0.863462
v 0.502947 0.046150 0.862048
v 0.502947 0.044050 0.862048
v 0.500947 0.044050 0.860275
v 0.500947 0.044050 0.860048
v 0.502200 0.044050 0.860794
v 0.502361 0.044050 0.860633
v 0.502719 0.044050 0.862048
v 0.502947 0.044050 0.862048
v 0.502200 0.044050 0.863301
v 0.502361 0.044050 0.863462
v 0.500947 0.044050 0.863820
v 0.500947 0.044050 0.864048
v 0.499694 0.044050 0.863301
v 0.499533 0.044050 0.863462
v 0.499174 0.044050 0.862048
v 0.498947 0.044050 0.862048
v 0.499694 0.044050 0.860794
v 0.499533 0.044050 0.860633
v 0.499174 0.044050 0.862048
v 0.499174 0.042850 0.862048
v 0.499694 0.044050 0.863301
v 0.499694 0.042850 0.863301
v 0.500947 0.044050 0.863820
v 0.500947 0.042850 0.863820
v 0.502200 0.044050 0.863301
v 0.502200 0.042850 0.863301
v 0.502719 0.044050 0.862048
v 0.502719 0.042850 0.862048
v 0.502719 0.044050 0.862048
v 0.502719 0.042850 0.862048
v 0.502200 0.044050 0.860794
v 0.502200 0.042850 0.860794
v 0.500947 0.044050 0.860275
v 0.500947 0.042850 0.860275
v 0.499694 0.044050 0.860794
v 0.499694 0.042850 0.860794
v 0.499174 0.044050 0.862048
v 0.499174 0.042850 0.862048
v 0.500947 0.042850 0.860275
v 0.502200 0.042850 0.860794
v 0.502538 0.042850 0.860457
v 0.502719 0.042850 0.862048
v 0.503197 0.042850 0.862048
v 0.502200 0.042850 0.863301
v 0.502538 0.042850 0.863639
v 0.500947 0.042850 0.863820
v 0.500947 0.042850 0.864298
v 0.499694 0.042850 0.863301
v 0.499356 0.042850 0.863639
v 0.499174 0.042850 0.862048
v 0.498697 0.042850 0.862048
v 0.499694 0.042850 0.860794
v 0.499356 0.042850 0.860457
v 0.500947 0.042850 0.859798
v 0.498697 0.043150 0.767952
v 0.499356 0.046150 0.769543
v 0.499356 0.043150 0.769543
v 0.500947 0.046150 0.770202
v 0.500947 0.043150 0.770202
v 0.502538 0.046150 0.769543
v 0.502538 0.043150 0.769543
v 0.503197 0.046150 0.767952
v 0.503197 0.043150 0.767952
v 0.498697 0.046150 0.767952
v 0.503197 0.043150 0.767952
v 0.502538 0.042850 0.769543
v 0.502538 0.043150 0.769543
v 0.500947 0.042850 0.770202
v 0.500947 0.043150 0.770202
v 0.499356 0.042850 0.769543
v 0.499356 0.043150 0.769543
v 0.498697 0.042850 0.767952
v 0.498697 0.043150 0.767952
v 0.503197 0.042850 0.767952
v 0.498697 0.043150 0.767952
v 0.499356 0.042850 0.766361
v 0.499356 0.043150 0.766361
v 0.500947 0.042850 0.765702
v 0.500947 0.043150 0.765702
v 0.502538 0.042850 0.766361
v 0.502538 0.043150 0.766361
v 0.503197 0.042850 0.767952
v 0.503197 0.043150 0.767952
v 0.498697 0.042850 0.767952
v 0.503197 0.043150 0.767952
v 0.502538 0.046150 0.766361
v 0.502538 0.043150 0.766361
v 0.500947 0.046150 0.765702
v 0.500947 0.043150 0.765702
v 0.499356 0.046150 0.766361
v 0.499356 0.043150 0.766361
v 0.498697 0.046150 0.767952
v 0.498697 0.043150 0.767952
v 0.503197 0.046150 0.767952
v 0.502947 0.046150 0.767952
v 0.503197 0.046150 0.767952
v 0.502361 0.046150 0.769367
v 0.502538 0.046150 0.769543
v 0.500947 0.046150 0.769952
v 0.500947 0.046150 0.770202
v 0.499533 0.046150 0.769367
v 0.499356 0.046150 0.769543
v 0.498947 0.046150 0.767952
v 0.498697 0.046150 0.767952
v 0.499533 0.046150 0.766538
v 0.499356 0.046150 0.766361
v 0.500947 0.046150 0.765952
v 0.500947 0.046150 0.765702
v 0.502361 0.046150 0.766538
v 0.502538 0.046150 0.766361
v 0.502947 0.046150 0.767952
v 0.502947 0.044050 0.767952
v 0.502361 0.046150 0.766538
v 0.502361 0.044050 0.766538
v 0.500947 0.046150 0.765952
v 0.500947 0.044050 0.765952
v 0.499533 0.046150 0.766538
v 0.499533 0.044050 0.766538
v 0.498947 0.046150 0.767952
v 0.498947 0.044050 0.767952
v 0.498947 0.046150 0.767952
v 0.498947 0.044050 0.767952
v 0.499533 0.046150 0.769367
v 0.499533 0.044050 0.769367
v 0.500947 0.046150 0.769952
v 0.500947 0.044050 0.769952
v 0.502361 0.046150 0.769367
v 0.502361 0.044050 0.769367
v 0.502947 0.046150 0.767952
v 0.502947 0.044050 0.767952
v 0.500947 0.044050 0.766180
v 0.500947 0.044050 0.765952
v 0.502200 0.044050 0.766699
v 0.502361 0.044050 0.766538
v 0.502719 0.044050 0.767952
v 0.502947 0.044050 0.767952
v 0.502200 0.044050 0.769206
v 0.502361 0.044050 0.769367
v 0.500947 0.044050 0.769725
v 0.500947 0.044050 0.769952
v 0.499694 0.044050 0.769206
v 0.499533 0.044050 0.769367
v 0.499174 0.044050 0.767952
v 0.498947 0.044050 0.767952
v 0.499694 0.044050 0.766699
v 0.499533 0.044050 0.766538
v 0.499174 0.044050 0.767952
v 0.499174 0.042850 0.767952
v 0.499694 0.044050 0.769206
v 0.499694 0.042850 0.769206
v 0.500947 0.044050 0.769725
v 0.500947 0.042850 0.769725
v 0.502200 0.044050 0.769206
v 0.502200 0.042850 0.769206
v 0.502719 0.044050 0.767952
v 0.502719 0.042850 0.767952
v 0.502719 0.044050 0.767952
v 0.502719 0.042850 0.767952
v 0.502200 0.044050 0.766699
v 0.502200 0.042850 0.766699
v 0.500947 0.044050 0.766180
v 0.500947 0.042850 0.766180
v 0.499694 0.044050 0.766699
v 0.499694 0.042850 0.766699
v 0.499174 0.044050 0.767952
v 0.499174 0.042850 0.767952
v 0.500947 0.042850 0.766180
v 0.502200 0.042850 0.766699
v 0.502538 0.042850 0.766361
v 0.502719 0.042850 0.767952
v 0.503197 0.042850 0.767952
v 0.502200 0.042850 0.769206
v 0.502538 0.042850 0.769543
v 0.500947 0.042850 0.769725
v 0.500947 0.042850 0.770202
v 0.499694 0.042850 0.769206
v 0.499356 0.042850 0.769543
v 0.499174 0.042850 0.767952
v 0.498697 0.042850 0.767952
v 0.499694 0.042850 0.766699
v 0.499356 0.042850 0.766361
v 0.500947 0.042850 0.765702
v 0.442750 0.043150 0.767000
v 0.443409 0.046150 0.768591
v 0.443409 0.043150 0.768591
v 0.445000 0.046150 0.769250
v 0.445000 0.043150 0.769250
v 0.446591 0.046150 0.768591
v 0.446591 0.043150 0.768591
v 0.447250 0.046150 0.767000
v 0.447250 0.043150 0.767000
v 0.442750 0.046150 0.767000
v 0.447250 0.043150 0.767000
v 0.446591 0.042850 0.768591
v 0.446591 0.043150 0.768591
v 0.445000 0.042850 0.769250
v 0.445000 0.043150 0.769250
v 0.443409 0.042850 0.768591
v 0.443409 0.043150 0.768591
v 0.442750 0.042850 0.767000
v 0.442750 0.043150 0.767000
v 0.447250 0.042850 0.767000
v 0.442750 0.043150 0.767000
v 0.443409 0.042850 0.765409
v 0.443409 0.043150 0.765409
v 0.445000 0.042850 0.764750
v 0.445000 0.043150 0.764750
v 0.446591 0.042850 0.765409
v 0.446591 0.043150 0.765409
v 0.447250 0.042850 0.767000
v 0.447250 0.043150 0.767000
v 0.442750 0.042850 0.767000
v 0.447250 0.043150 0.767000
v 0.446591 0.046150 0.765409
v 0.446591 0.043150 0.765409
v 0.445000 0.046150 0.764750
v 0.445000 0.043150 0.764750
v 0.443409 0.046150 0.765409
v 0.443409 0.043150 0.765409
v 0.442750 0.046150 0.767000
v 0.442750 0.043150 0.767000
v 0.447250 0.046150 0.767000
v 0.447000 0.046150 0.767000
v 0.447250 0.046150 0.767000
v 0.446414 0.046150 0.768414
v 0.446591 0.046150 0.768591
v 0.445000 0.046150 0.769000
v 0.445000 0.046150 0.769250
v 0.443586 0.046150 0.768414
v 0.443409 0.046150 0.768591
v 0.443000 0.046150 0.767000
v 0.442750 0.046150 0.767000
v 0.443586 0.046150 0.765586
v 0.443409 0.046150 0.765409
v 0.445000 0.046150 0.765000
v 0.445000 0.046150 0.764750
v 0.446414 0.046150 0.765586
v 0.446591 0.046150 0.765409
v 0.447000 0.046150 0.767000
v 0.447000 0.044050 0.767000
v 0.446414 0.046150 0.765586
v 0.446414 0.044050 0.765586
v 0.445000 0.046150 0.765000
v 0.445000 0.044050 0.765000
v 0.443586 0.046150 0.765586
v 0.443586 0.044050 0.765586
v 0.443000 0.046150 0.767000
v 0.443000 0.044050 0.767000
v 0.443000 0.046150 0.767000
v 0.443000 0.044050 0.767000
v 0.443586 0.046150 0.768414
v 0.443586 0.044050 0.768414
v 0.445000 0.046150 0.769000
v 0.445000 0.044050 0.769000
v 0.446414 0.046150 0.768414
v 0.446414 0.044050 0.768414
v 0.447000 0.046150 0.767000
v 0.447000 0.044050 0.767000
v 0.445000 0.044050 0.765227
v 0.445000 0.044050 0.765000
v 0.446253 0.044050 0.765747
v 0.446414 0.044050 0.765586
v 0.446772 0.044050 0.767000
v 0.447000 0.044050 0.767000
v 0.446253 0.044050 0.768253
v 0.446414 0.044050 0.768414
v 0.445000 0.044050 0.768773
v 0.445000 0.044050 0.769000
v 0.443747 0.044050 0.768253
v 0.443586 0.044050 0.768414
v 0.443228 0.044050 0.767000
v 0.443000 0.044050 0.767000
v 0.443747 0.044050 0.765747
v 0.443586 0.044050 0.765586
v 0.443228 0.044050 0.767000
v 0.443228 0.042850 0.767000
v 0.443747 0.044050 0.768253
v 0.443747 0.042850 0.768253
v 0.445000 0.044050 0.768773
v 0.445000 0.042850 0.768773
v 0.446253 0.044050 0.768253
v 0.446253 0.042850 0.768253
v 0.446772 0.044050 0.767000
v 0.446772 0.042850 0.767000
v 0.446772 0.044050 0.767000
v 0.446772 0.042850 0.767000
v 0.446253 0.044050 0.765747
v 0.446253 0.042850 0.765747
v 0.445000 0.044050 0.765227
v 0.445000 0.042850 0.765227
v 0.443747 0.044050 0.765747
v 0.443747 0.042850 0.765747
v 0.443228 0.044050 0.767000
v 0.443228 0.042850 0.767000
v 0.445000 0.042850 0.765227
v 0.446253 0.042850 0.765747
v 0.446591 0.042850 0.765409
v 0.446772 0.042850 0.767000
v 0.447250 0.042850 0.767000
v 0.446253 0.042850 0.768253
v 0.446591 0.042850 0.768591
v 0.445000 0.042850 0.768773
v 0.445000 0.042850 0.769250
v 0.443747 0.042850 0.768253
v 0.443409 0.042850 0.768591
v 0.443228 0.042850 0.767000
v 0.442750 0.042850 0.767000
v 0.443747 0.042850 0.765747
v 0.443409 0.042850 0.765409
v 0.445000 0.042850 0.764750
v 0.442750 0.043150 0.863000
v 0.443409 0.046150 0.864591
v 0.443409 0.043150 0.864591
v 0.445000 0.046150 0.865250
v 0.445000 0.043150 0.865250
v 0.446591 0.046150 0.864591
v 0.446591 0.043150 0.864591
v 0.447250 0.046150 0.863000
v 0.447250 0.043150 0.863000
v 0.442750 0.046150 0.863000
v 0.447250 0.043150 0.863000
v 0.446591 0.042850 0.864591
v 0.446591 0.043150 0.864591
v 0.445000 0.042850 0.865250
v 0.445000 0.043150 0.865250
v 0.443409 0.042850 0.864591
v 0.443409 0.043150 0.864591
v 0.442750 0.042850 0.863000
v 0.442750 0.043150 0.863000
v 0.447250 0.042850 0.863000
v 0.442750 0.043150 0.863000
v 0.443409 0.042850 0.861409
v 0.443409 0.043150 0.861409
v 0.445000 0.042850 0.860750
v 0.445000 0.043150 0.860750
v 0.446591 0.042850 0.861409
v 0.446591 0.043150 0.861409
v 0.447250 0.042850 0.863000
v 0.447250 0.043150 0.863000
v 0.442750 0.042850 0.863000
v 0.447250 0.043150 0.863000
v 0.446591 0.046150 0.861409
v 0.446591 0.043150 0.861409
v 0.445000 0.046150 0.860750
v 0.445000 0.043150 0.860750
v 0.443409 0.046150 0.861409
v 0.443409 0.043150 0.861409
v 0.442750 0.046150 0.863000
v 0.442750 0.043150 0.863000
v 0.447250 0.046150 0.863000
v 0.447000 0.046150 0.863000
v 0.447250 0.046150 0.863000
v 0.446414 0.046150 0.864414
v 0.446591 0.046150 0.864591
v 0.445000 0.046150 0.865000
v 0.445000 0.046150 0.865250
v 0.443586 0.046150 0.864414
v 0.443409 0.046150 0.864591
v 0.443000 0.046150 0.863000
v 0.442750 0.046150 0.863000
v 0.443586 0.046150 0.861586
v 0.443409 0.046150 0.861409
v 0.445000 0.046150 0.861000
v 0.445000 0.046150 0.860750
v 0.446414 0.046150 0.861586
v 0.446591 0.046150 0.861409
v 0.447000 0.046150 0.863000
v 0.447000 0.044050 0.863000
v 0.446414 0.046150 0.861586
v 0.446414 0.044050 0.861586
v 0.445000 0.046150 0.861000
v 0.445000 0.044050 0.861000
v 0.443586 0.046150 0.861586
v 0.443586 0.044050 0.861586
v 0.443000 0.046150 0.863000
v 0.443000 0.044050 0.863000
v 0.443000 0.046150 0.863000
v 0.443000 0.044050 0.863000
v 0.443586 0.046150 0.864414
v 0.443586 0.044050 0.864414
v 0.445000 0.046150 0.865000
v 0.445000 0.044050 0.865000
v 0.446414 0.046150 0.864414
v 0.446414 0.044050 0.864414
v 0.447000 0.046150 0.863000
v 0.447000 0.044050 0.863000
v 0.445000 0.044050 0.861227
v 0.445000 0.044050 0.861000
v 0.446253 0.044050 0.861747
v 0.446414 0.044050 0.861586
v 0.446772 0.044050 0.863000
v 0.447000 0.044050 0.863000
v 0.446253 0.044050 0.864253
v 0.446414 0.044050 0.864414
v 0.445000 0.044050 0.864773
v 0.445000 0.044050 0.865000
v 0.443747 0.044050 0.864253
v 0.443586 0.044050 0.864414
v 0.443228 0.044050 0.863000
v 0.443000 0.044050 0.863000
v 0.443747 0.044050 0.861747
v 0.443586 0.044050 0.861586
v 0.443228 0.044050 0.863000
v 0.443228 0.042850 0.863000
v 0.443747 0.044050 0.864253
v 0.443747 0.042850 0.864253
v 0.445000 0.044050 0.864773
v 0.445000 0.042850 0.864773
v 0.446253 0.044050 0.864253
v 0.446253 0.042850 0.864253
v 0.446772 0.044050 0.863000
v 0.446772 0.042850 0.863000
v 0.446772 0.044050 0.863000
v 0.446772 0.042850 0.863000
v 0.446253 0.044050 0.861747
v 0.446253 0.042850 0.861747
v 0.445000 0.044050 0.861227
v 0.445000 0.042850 0.861227
v 0.443747 0.044050 0.861747
v 0.443747 0.042850 0.861747
v 0.443228 0.044050 0.863000
v 0.443228 0.042850 0.863000
v 0.445000 0.042850 0.861227
v 0.446253 0.042850 0.861747
v 0.446591 0.042850 0.861409
v 0.446772 0.042850 0.863000
v 0.447250 0.042850 0.863000
v 0.446253 0.042850 0.864253
v 0.446591 0.042850 0.864591
v 0.445000 0.042850 0.864773
v 0.445000 0.042850 0.865250
v 0.443747 0.042850 0.864253
v 0.443409 0.042850 0.864591
v 0.443228 0.042850 0.863000
v 0.442750 0.042850 0.863000
v 0.443747 0.042850 0.861747
v 0.443409 0.042850 0.861409
v 0.445000 0.042850 0.860750
v 0.372750 0.043150 0.863000
v 0.373409 0.046150 0.864591
v 0.373409 0.043150 0.864591
v 0.375000 0.046150 0.865250
v 0.375000 0.043150 0.865250
v 0.376591 0.046150 0.864591
v 0.376591 0.043150 0.864591
v 0.377250 0.046150 0.863000
v 0.377250 0.043150 0.863000
v 0.372750 0.046150 0.863000
v 0.377250 0.043150 0.863000
v 0.376591 0.042850 0.864591
v 0.376591 0.043150 0.864591
v 0.375000 0.042850 0.865250
v 0.375000 0.043150 0.865250
v 0.373409 0.042850 0.864591
v 0.373409 0.043150 0.864591
v 0.372750 0.042850 0.863000
v 0.372750 0.043150 0.863000
v 0.377250 0.042850 0.863000
v 0.372750 0.043150 0.863000
v 0.373409 0.042850 0.861409
v 0.373409 0.043150 0.861409
v 0.375000 0.042850 0.860750
v 0.375000 0.043150 0.860750
v 0.376591 0.042850 0.861409
v 0.376591 0.043150 0.861409
v 0.377250 0.042850 0.863000
v 0.377250 0.043150 0.863000
v 0.372750 0.042850 0.863000
v 0.377250 0.043150 0.863000
v 0.376591 0.046150 0.861409
v 0.376591 0.043150 0.861409
v 0.375000 0.046150 0.860750
v 0.375000 0.043150 0.860750
v 0.373409 0.046150 0.861409
v 0.373409 0.043150 0.861409
v 0.372750 0.046150 0.863000
v 0.372750 0.043150 0.863000
v 0.377250 0.046150 0.863000
v 0.377000 0.046150 0.863000
v 0.377250 0.046150 0.863000
v 0.376414 0.046150 0.864414
v 0.376591 0.046150 0.864591
v 0.375000 0.046150 0.865000
v 0.375000 0.046150 0.865250
v 0.373586 0.046150 0.864414
v 0.373409 0.046150 0.864591
v 0.373000 0.046150 0.863000
v 0.372750 0.046150 0.863000
v 0.373586 0.046150 0.861586
v 0.373409 0.046150 0.861409
v 0.375000 0.046150 0.861000
v 0.375000 0.046150 0.860750
v 0.376414 0.046150 0.861586
v 0.376591 0.046150 0.861409
v 0.377000 0.046150 0.863000
v 0.377000 0.044050 0.863000
v 0.376414 0.046150 0.861586
v 0.376414 0.044050 0.861586
v 0.375000 0.046150 0.861000
v 0.375000 0.044050 0.861000
v 0.373586 0.046150 0.861586
v 0.373586 0.044050 0.861586
v 0.373000 0.046150 0.863000
v 0.373000 0.044050 0.863000
v 0.373000 0.046150 0.863000
v 0.373000 0.044050 0.863000
v 0.373586 0.046150 0.864414
v 0.373586 0.044050 0.864414
v 0.375000 0.046150 0.865000
v 0.375000 0.044050 0.865000
v 0.376414 0.046150 0.864414
v 0.376414 0.044050 0.864414
v 0.377000 0.046150 0.863000
v 0.377000 0.044050 0.863000
v 0.375000 0.044050 0.861227
v 0.375000 0.044050 0.861000
v 0.376253 0.044050 0.861747
v 0.376414 0.044050 0.861586
v 0.376772 0.044050 0.863000
v 0.377000 0.044050 0.863000
v 0.376253 0.044050 0.864253
v 0.376414 0.044050 0.864414
v 0.375000 0.044050 0.864773
v 0.375000 0.044050 0.865000
v 0.373747 0.044050 0.864253
v 0.373586 0.044050 0.864414
v 0.373228 0.044050 0.863000
v 0.373000 0.044050 0.863000
v 0.373747 0.044050 0.861747
v 0.373586 0.044050 0.861586
v 0.373228 0.044050 0.863000
v 0.373228 0.042850 0.863000
v 0.373747 0.044050 0.864253
v 0.373747 0.042850 0.864253
v 0.375000 0.044050 0.864773
v 0.375000 0.042850 0.864773
v 0.376253 0.044050 0.864253
v 0.376253 0.042850 0.864253
v 0.376772 0.044050 0.863000
v 0.376772 0.042850 0.863000
v 0.376772 0.044050 0.863000
v 0.376772 0.042850 0.863000
v 0.376253 0.044050 0.861747
v 0.376253 0.042850 0.861747
v 0.375000 0.044050 0.861227
v 0.375000 0.042850 0.861227
v 0.373747 0.044050 0.861747
v 0.373747 0.042850 0.861747
v 0.373228 0.044050 0.863000
v 0.373228 0.042850 0.863000
v 0.375000 0.042850 0.861227
v 0.376253 0.042850 0.861747
v 0.376591 0.042850 0.861409
v 0.376772 0.042850 0.863000
v 0.377250 0.042850 0.863000
v 0.376253 0.042850 0.864253
v 0.376591 0.042850 0.864591
v 0.375000 0.042850 0.864773
v 0.375000 0.042850 0.865250
v 0.373747 0.042850 0.864253
v 0.373409 0.042850 0.864591
v 0.373228 0.042850 0.863000
v 0.372750 0.042850 0.863000
v 0.373747 0.042850 0.861747
v 0.373409 0.042850 0.861409
v 0.375000 0.042850 0.860750
v 0.372750 0.043150 0.767000
v 0.373409 0.046150 0.768591
v 0.373409 0.043150 0.768591
v 0.375000 0.046150 0.769250
v 0.375000 0.043150 0.769250
v 0.376591 0.046150 0.768591
v 0.376591 0.043150 0.768591
v 0.377250 0.046150 0.767000
v 0.377250 0.043150 0.767000
v 0.372750 0.046150 0.767000
v 0.377250 0.043150 0.767000
v 0.376591 0.042850 0.768591
v 0.376591 0.043150 0.768591
v 0.375000 0.042850 0.769250
v 0.375000 0.043150 0.769250
v 0.373409 0.042850 0.768591
v 0.373409 0.043150 0.768591
v 0.372750 0.042850 0.767000
v 0.372750 0.043150 0.767000
v 0.377250 0.042850 0.767000
v 0.372750 0.043150 0.767000
v 0.373409 0.042850 0.765409
v 0.373409 0.043150 0.765409
v 0.375000 0.042850 0.764750
v 0.375000 0.043150 0.764750
v 0.376591 0.042850 0.765409
v 0.376591 0.043150 0.765409
v 0.377250 0.042850 0.767000
v 0.377250 0.043150 0.767000
v 0.372750 0.042850 0.767000
v 0.377250 0.043150 0.767000
v 0.376591 0.046150 0.765409
v 0.376591 0.043150 0.765409
v 0.375000 0.046150 0.764750
v 0.375000 0.043150 0.764750
v 0.373409 0.046150 0.765409
v 0.373409 0.043150 0.765409
v 0.372750 0.046150 0.767000
v 0.372750 0.043150 0.767000
v 0.377250 0.046150 0.767000
v 0.377000 0.046150 0.767000
v 0.377250 0.046150 0.767000
v 0.376414 0.046150 0.768414
v 0.376591 0.046150 0.768591
v 0.375000 0.046150 0.769000
v 0.375000 0.046150 0.769250
v 0.373586 0.046150 0.768414
v 0.373409 0.046150 0.768591
v 0.373000 0.046150 0.767000
v 0.372750 0.046150 0.767000
v 0.373586 0.046150 0.765586
v 0.373409 0.046150 0.765409
v 0.375000 0.046150 0.765000
v 0.375000 0.046150 0.764750
v 0.376414 0.046150 0.765586
v 0.376591 0.046150 0.765409
v 0.377000 0.046150 0.767000
v 0.377000 0.044050 0.767000
v 0.376414 0.046150 0.765586
v 0.376414 0.044050 0.765586
v 0.375000 0.046150 0.765000
v 0.375000 0.044050 0.765000
v 0.373586 0.046150 0.765586
v 0.373586 0.044050 0.765586
v 0.373000 0.046150 0.767000
v 0.373000 0.044050 0.767000
v 0.373000 0.046150 0.767000
v 0.373000 0.044050 0.767000
v 0.373586 0.046150 0.768414
v 0.373586 0.044050 0.768414
v 0.375000 0.046150 0.769000
v 0.375000 0.044050 0.769000
v 0.376414 0.046150 0.768414
v 0.376414 0.044050 0.768414
v 0.377000 0.046150 0.767000
v 0.377000 0.044050 0.767000
v 0.375000 0.044050 0.765227
v 0.375000 0.044050 0.765000
v 0.376253 0.044050 0.765747
v 0.376414 0.044050 0.765586
v 0.376772 0.044050 0.767000
v 0.377000 0.044050 0.767000
v 0.376253 0.044050 0.768253
v 0.376414 0.044050 0.768414
v 0.375000 0.044050 0.768773
v 0.375000 0.044050 0.769000
v 0.373747 0.044050 0.768253
v 0.373586 0.044050 0.768414
v 0.373228 0.044050 0.767000
v 0.373000 0.044050 0.767000
v 0.373747 0.044050 0.765747
v 0.373586 0.044050 0.765586
v 0.373228 0.044050 0.767000
v 0.373228 0.042850 0.767000
v 0.373747 0.044050 0.768253
v 0.373747 0.042850 0.768253
v 0.375000 0.044050 0.768773
v 0.375000 0.042850 0.768773
v 0.376253 0.044050 0.768253
v 0.376253 0.042850 0.768253
v 0.376772 0.044050 0.767000
v 0.376772 0.042850 0.767000
v 0.376772 0.044050 0.767000
v 0.376772 0.042850 0.767000
v 0.376253 0.044050 0.765747
v 0.376253 0.042850 0.765747
v 0.375000 0.044050 0.765227
v 0.375000 0.042850 0.765227
v 0.373747 0.044050 0.765747
v 0.373747 0.042850 0.765747
v 0.373228 0.044050 0.767000
v 0.373228 0.042850 0.767000
v 0.375000 0.042850 0.765227
v 0.376253 0.042850 0.765747
v 0.376591 0.042850 0.765409
v 0.376772 0.042850 0.767000
v 0.377250 0.042850 0.767000
v 0.376253 0.042850 0.768253
v 0.376591 0.042850 0.768591
v 0.375000 0.042850 0.768773
v 0.375000 0.042850 0.769250
v 0.373747 0.042850 0.768253
v 0.373409 0.042850 0.768591
v 0.373228 0.042850 0.767000
v 0.372750 0.042850 0.767000
v 0.373747 0.042850 0.765747
v 0.373409 0.042850 0.765409
v 0.375000 0.042850 0.764750
v 0.274750 0.043150 0.767000
v 0.275409 0.046150 0.768591
v 0.275409 0.043150 0.768591
v 0.277000 0.046150 0.769250
v 0.277000 0.043150 0.769250
v 0.278591 0.046150 0.768591
v 0.278591 0.043150 0.768591
v 0.279250 0.046150 0.767000
v 0.279250 0.043150 0.767000
v 0.274750 0.046150 0.767000
v 0.279250 0.043150 0.767000
v 0.278591 0.042850 0.768591
v 0.278591 0.043150 0.768591
v 0.277000 0.042850 0.769250
v 0.277000 0.043150 0.769250
v 0.275409 0.042850 0.768591
v 0.275409 0.043150 0.768591
v 0.274750 0.042850 0.767000
v 0.274750 0.043150 0.767000
v 0.279250 0.042850 0.767000
v 0.274750 0.043150 0.767000
v 0.275409 0.042850 0.765409
v 0.275409 0.043150 0.765409
v 0.277000 0.042850 0.764750
v 0.277000 0.043150 0.764750
v 0.278591 0.042850 0.765409
v 0.278591 0.043150 0.765409
v 0.279250 0.042850 0.767000
v 0.279250 0.043150 0.767000
v 0.274750 0.042850 0.767000
v 0.279250 0.043150 0.767000
v 0.278591 0.046150 0.765409
v 0.278591 0.043150 0.765409
v 0.277000 0.046150 0.764750
v 0.277000 0.043150 0.764750
v 0.275409 0.046150 0.765409
v 0.275409 0.043150 0.765409
v 0.274750 0.046150 0.767000
v 0.274750 0.043150 0.767000
v 0.279250 0.046150 0.767000
v 0.279000 0.046150 0.767000
v 0.279250 0.046150 0.767000
v 0.278414 0.046150 0.768414
v 0.278591 0.046150 0.768591
v 0.277000 0.046150 0.769000
v 0.277000 0.046150 0.769250
v 0.275586 0.046150 0.768414
v 0.275409 0.046150 0.768591
v 0.275000 0.046150 0.767000
v 0.274750 0.046150 0.767000
v 0.275586 0.046150 0.765586
v 0.275409 0.046150 0.765409
v 0.277000 0.046150 0.765000
v 0.277000 0.046150 0.764750
v 0.278414 0.046150 0.765586
v 0.278591 0.046150 0.765409
v 0.279000 0.046150 0.767000
v 0.279000 0.044050 0.767000
v 0.278414 0.046150 0.765586
v 0.278414 0.044050 0.765586
v 0.277000 0.046150 0.765000
v 0.277000 0.044050 0.765000
v 0.275586 0.046150 0.765586
v 0.275586 0.044050 0.765586
v 0.275000 0.046150 0.767000
v 0.275000 0.044050 0.767000
v 0.275000 0.046150 0.767000
v 0.275000 0.044050 0.767000
v 0.275586 0.046150 0.768414
v 0.275586 0.044050 0.768414
v 0.277000 0.046150 0.769000
v 0.277000 0.044050 0.769000
v 0.278414 0.046150 0.768414
v 0.278414 0.044050 0.768414
v 0.279000 0.046150 0.767000
v 0.279000 0.044050 0.767000
v 0.277000 0.044050 0.765227
v 0.277000 0.044050 0.765000
v 0.278253 0.044050 0.765747
v 0.278414 0.044050 0.765586
v 0.278772 0.044050 0.767000
v 0.279000 0.044050 0.767000
v 0.278253 0.044050 0.768253
v 0.278414 0.044050 0.768414
v 0.277000 0.044050 0.768773
v 0.277000 0.044050 0.769000
v 0.275747 0.044050 0.768253
v 0.275586 0.044050 0.768414
v 0.275228 0.044050 0.767000
v 0.275000 0.044050 0.767000
v 0.275747 0.044050 0.765747
v 0.275586 0.044050 0.765586
v 0.275228 0.044050 0.767000
v 0.275228 0.042850 0.767000
v 0.275747 0.044050 0.768253
v 0.275747 0.042850 0.768253
v 0.277000 0.044050 0.768773
v 0.277000 0.042850 0.768773
v 0.278253 0.044050 0.768253
v 0.278253 0.042850 0.768253
v 0.278772 0.044050 0.767000
v 0.278772 0.042850 0.767000
v 0.278772 0.044050 0.767000
v 0.278772 0.042850 0.767000
v 0.278253 0.044050 0.765747
v 0.278253 0.042850 0.765747
v 0.277000 0.044050 0.765227
v 0.277000 0.042850 0.765227
v 0.275747 0.044050 0.765747
v 0.275747 0.042850 0.765747
v 0.275228 0.044050 0.767000
v 0.275228 0.042850 0.767000
v 0.277000 0.042850 0.765227
v 0.278253 0.042850 0.765747
v 0.278591 0.042850 0.765409
v 0.278772 0.042850 0.767000
v 0.279250 0.042850 0.767000
v 0.278253 0.042850 0.768253
v 0.278591 0.042850 0.768591
v 0.277000 0.042850 0.768773
v 0.277000 0.042850 0.769250
v 0.275747 0.042850 0.768253
v 0.275409 0.042850 0.768591
v 0.275228 0.042850 0.767000
v 0.274750 0.042850 0.767000
v 0.275747 0.042850 0.765747
v 0.275409 0.042850 0.765409
v 0.277000 0.042850 0.764750
v 0.274750 0.043150 0.863000
v 0.275409 0.046150 0.864591
v 0.275409 0.043150 0.864591
v 0.277000 0.046150 0.865250
v 0.277000 0.043150 0.865250
v 0.278591 0.046150 0.864591
v 0.278591 0.043150 0.864591
v 0.279250 0.046150 0.863000
v 0.279250 0.043150 0.863000
v 0.274750 0.046150 0.863000
v 0.279250 0.043150 0.863000
v 0.278591 0.042850 0.864591
v 0.278591 0.043150 0.864591
v 0.277000 0.042850 0.865250
v 0.277000 0.043150 0.865250
v 0.275409 0.042850 0.864591
v 0.275409 0.043150 0.864591
v 0.274750 0.042850 0.863000
v 0.274750 0.043150 0.863000
v 0.279250 0.042850 0.863000
v 0.274750 0.043150 0.863000
v 0.275409 0.042850 0.861409
v 0.275409 0.043150 0.861409
v 0.277000 0.042850 0.860750
v 0.277000 0.043150 0.860750
v 0.278591 0.042850 0.861409
v 0.278591 0.043150 0.861409
v 0.279250 0.042850 0.863000
v 0.279250 0.043150 0.863000
v 0.274750 0.042850 0.863000
v 0.279250 0.043150 0.863000
v 0.278591 0.046150 0.861409
v 0.278591 0.043150 0.861409
v 0.277000 0.046150 0.860750
v 0.277000 0.043150 0.860750
v 0.275409 0.046150 0.861409
v 0.275409 0.043150 0.861409
v 0.274750 0.046150 0.863000
v 0.274750 0.043150 0.863000
v 0.279250 0.046150 0.863000
v 0.279000 0.046150 0.863000
v 0.279250 0.046150 0.863000
v 0.278414 0.046150 0.864414
v 0.278591 0.046150 0.864591
v 0.277000 0.046150 0.865000
v 0.277000 0.046150 0.865250
v 0.275586 0.046150 0.864414
v 0.275409 0.046150 0.864591
v 0.275000 0.046150 0.863000
v 0.274750 0.046150 0.863000
v 0.275586 0.046150 0.861586
v 0.275409 0.046150 0.861409
v 0.277000 0.046150 0.861000
v 0.277000 0.046150 0.860750
v 0.278414 0.046150 0.861586
v 0.278591 0.046150 0.861409
v 0.279000 0.046150 0.863000
v 0.279000 0.044050 0.863000
v 0.278414 0.046150 0.861586
v 0.278414 0.044050 0.861586
v 0.277000 0.046150 0.861000
v 0.277000 0.044050 0.861000
v 0.275586 0.046150 0.861586
v 0.275586 0.044050 0.861586
v 0.275000 0.046150 0.863000
v 0.275000 0.044050 0.863000
v 0.275000 0.046150 0.863000
v 0.275000 0.044050 0.863000
v 0.275586 0.046150 0.864414
v 0.275586 0.044050 0.864414
v 0.277000 0.046150 0.865000
v 0.277000 0.044050 0.865000
v 0.278414 0.046150 0.864414
v 0.278414 0.044050 0.864414
v 0.279000 0.046150 0.863000
v 0.279000 0.044050 0.863000
v 0.277000 0.044050 0.861227
v 0.277000 0.044050 0.861000
v 0.278253 0.044050 0.861747
v 0.278414 0.044050 0.861586
v 0.278772 0.044050 0.863000
v 0.279000 0.044050 0.863000
v 0.278253 0.044050 0.864253
v 0.278414 0.044050 0.864414
v 0.277000 0.044050 0.864773
v 0.277000 0.044050 0.865000
v 0.275747 0.044050 0.864253
v 0.275586 0.044050 0.864414
v 0.275228 0.044050 0.863000
v 0.275000 0.044050 0.863000
v 0.275747 0.044050 0.861747
v 0.275586 0.044050 0.861586
v 0.275228 0.044050 0.863000
v 0.275228 0.042850 0.863000
v 0.275747 0.044050 0.864253
v 0.275747 0.042850 0.864253
v 0.277000 0.044050 0.864773
v 0.277000 0.042850 0.864773
v 0.278253 0.044050 0.864253
v 0.278253 0.042850 0.864253
v 0.278772 0.044050 0.863000
v 0.278772 0.042850 0.863000
v 0.278772 0.044050 0.863000
v 0.278772 0.042850 0.863000
v 0.278253 0.044050 0.861747
v 0.278253 0.042850 0.861747
v 0.277000 0.044050 0.861227
v 0.277000 0.042850 0.861227
v 0.275747 0.044050 0.861747
v 0.275747 0.042850 0.861747
v 0.275228 0.044050 0.863000
v 0.275228 0.042850 0.863000
v 0.277000 0.042850 0.861227
v 0.278253 0.042850 0.861747
v 0.278591 0.042850 0.861409
v 0.278772 0.042850 0.863000
v 0.279250 0.042850 0.863000
v 0.278253 0.042850 0.864253
v 0.278591 0.042850 0.864591
v 0.277000 0.042850 0.864773
v 0.277000 0.042850 0.865250
v 0.275747 0.042850 0.864253
v 0.275409 0.042850 0.864591
v 0.275228 0.042850 0.863000
v 0.274750 0.042850 0.863000
v 0.275747 0.042850 0.861747
v 0.275409 0.042850 0.861409
v 0.277000 0.042850 0.860750
v 0.192750 0.043150 0.767000
v 0.193409 0.046150 0.768591
v 0.193409 0.043150 0.768591
v 0.195000 0.046150 0.769250
v 0.195000 0.043150 0.769250
v 0.196591 0.046150 0.768591
v 0.196591 0.043150 0.768591
v 0.197250 0.046150 0.767000
v 0.197250 0.043150 0.767000
v 0.192750 0.046150 0.767000
v 0.197250 0.043150 0.767000
v 0.196591 0.042850 0.768591
v 0.196591 0.043150 0.768591
v 0.195000 0.042850 0.769250
v 0.195000 0.043150 0.769250
v 0.193409 0.042850 0.768591
v 0.193409 0.043150 0.768591
v 0.192750 0.042850 0.767000
v 0.192750 0.043150 0.767000
v 0.197250 0.042850 0.767000
v 0.192750 0.043150 0.767000
v 0.193409 0.042850 0.765409
v 0.193409 0.043150 0.765409
v 0.195000 0.042850 0.764750
v 0.195000 0.043150 0.764750
v 0.196591 0.042850 0.765409
v 0.196591 0.043150 0.765409
v 0.197250 0.042850 0.767000
v 0.197250 0.043150 0.767000
v 0.192750 0.042850 0.767000
v 0.197250 0.043150 0.767000
v 0.196591 0.046150 0.765409
v 0.196591 0.043150 0.765409
v 0.195000 0.046150 0.764750
v 0.195000 0.043150 0.764750
v 0.193409 0.046150 0.765409
v 0.193409 0.043150 0.765409
v 0.192750 0.046150 0.767000
v 0.192750 0.043150 0.767000
v 0.197250 0.046150 0.767000
v 0.197000 0.046150 0.767000
v 0.197250 0.046150 0.767000
v 0.196414 0.046150 0.768414
v 0.196591 0.046150 0.768591
v 0.195000 0.046150 0.769000
v 0.195000 0.046150 0.769250
v 0.193586 0.046150 0.768414
v 0.193409 0.046150 0.768591
v 0.193000 0.046150 0.767000
v 0.192750 0.046150 0.767000
v 0.193586 0.046150 0.765586
v 0.193409 0.046150 0.765409
v 0.195000 0.046150 0.765000
v 0.195000 0.046150 0.764750
v 0.196414 0.046150 0.765586
v 0.196591 0.046150 0.765409
v 0.197000 0.046150 0.767000
v 0.197000 0.044050 0.767000
v 0.196414 0.046150 0.765586
v 0.196414 0.044050 0.765586
v 0.195000 0.046150 0.765000
v 0.195000 0.044050 0.765000
v 0.193586 0.046150 0.765586
v 0.193586 0.044050 0.765586
v 0.193000 0.046150 0.767000
v 0.193000 0.044050 0.767000
v 0.193000 0.046150 0.767000
v 0.193000 0.044050 0.767000
v 0.193586 0.046150 0.768414
v 0.193586 0.044050 0.768414
v 0.195000 0.046150 0.769000
v 0.195000 0.044050 0.769000
v 0.196414 0.046150 0.768414
v 0.196414 0.044050 0.768414
v 0.197000 0.046150 0.767000
v 0.197000 0.044050 0.767000
v 0.195000 0.044050 0.765227
v 0.195000 0.044050 0.765000
v 0.196253 0.044050 0.765747
v 0.196414 0.044050 0.765586
v 0.196773 0.044050 0.767000
v 0.197000 0.044050 0.767000
v 0.196253 0.044050 0.768253
v 0.196414 0.044050 0.768414
v 0.195000 0.044050 0.768773
v 0.195000 0.044050 0.769000
v 0.193747 0.044050 0.768253
v 0.193586 0.044050 0.768414
v 0.193227 0.044050 0.767000
v 0.193000 0.044050 0.767000
v 0.193747 0.044050 0.765747
v 0.193586 0.044050 0.765586
v 0.193227 0.044050 0.767000
v 0.193227 0.042850 0.767000
v 0.193747 0.044050 0.768253
v 0.193747 0.042850 0.768253
v 0.195000 0.044050 0.768773
v 0.195000 0.042850 0.768773
v 0.196253 0.044050 0.768253
v 0.196253 0.042850 0.768253
v 0.196773 0.044050 0.767000
v 0.196773 0.042850 0.767000
v 0.196773 0.044050 0.767000
v 0.196773 0.042850 0.767000
v 0.196253 0.044050 0.765747
v 0.196253 0.042850 0.765747
v 0.195000 0.044050 0.765227
v 0.195000 0.042850 0.765227
v 0.193747 0.044050 0.765747
v 0.193747 0.042850 0.765747
v 0.193227 0.044050 0.767000
v 0.193227 0.042850 0.767000
v 0.195000 0.042850 0.765227
v 0.196253 0.042850 0.765747
v 0.196591 0.042850 0.765409
v 0.196773 0.042850 0.767000
v 0.197250 0.042850 0.767000
v 0.196253 0.042850 0.768253
v 0.196591 0.042850 0.768591
v 0.195000 0.042850 0.768773
v 0.195000 0.042850 0.769250
v 0.193747 0.042850 0.768253
v 0.193409 0.042850 0.768591
v 0.193227 0.042850 0.767000
v 0.192750 0.042850 0.767000
v 0.193747 0.042850 0.765747
v 0.193409 0.042850 0.765409
v 0.195000 0.042850 0.764750
v 0.192750 0.043150 0.863000
v 0.193409 0.046150 0.864591
v 0.193409 0.043150 0.864591
v 0.195000 0.046150 0.865250
v 0.195000 0.043150 0.865250
v 0.196591 0.046150 0.864591
v 0.196591 0.043150 0.864591
v 0.197250 0.046150 0.863000
v 0.197250 0.043150 0.863000
v 0.192750 0.046150 0.863000
v 0.197250 0.043150 0.863000
v 0.196591 0.042850 0.864591
v 0.196591 0.043150 0.864591
v 0.195000 0.042850 0.865250
v 0.195000 0.043150 0.865250
v 0.193409 0.042850 0.864591
v 0.193409 0.043150 0.864591
v 0.192750 0.042850 0.863000
v 0.192750 0.043150 0.863000
v 0.197250 0.042850 0.863000
v 0.192750 0.043150 0.863000
v 0.193409 0.042850 0.861409
v 0.193409 0.043150 0.861409
v 0.195000 0.042850 0.860750
v 0.195000 0.043150 0.860750
v 0.196591 0.042850 0.861409
v 0.196591 0.043150 0.861409
v 0.197250 0.042850 0.863000
v 0.197250 0.043150 0.863000
v 0.192750 0.042850 0.863000
v 0.197250 0.043150 0.863000
v 0.196591 0.046150 0.861409
v 0.196591 0.043150 0.861409
v 0.195000 0.046150 0.860750
v 0.195000 0.043150 0.860750
v 0.193409 0.046150 0.861409
v 0.193409 0.043150 0.861409
v 0.192750 0.046150 0.863000
v 0.192750 0.043150 0.863000
v 0.197250 0.046150 0.863000
v 0.197000 0.046150 0.863000
v 0.197250 0.046150 0.863000
v 0.196414 0.046150 0.864414
v 0.196591 0.046150 0.864591
v 0.195000 0.046150 0.865000
v 0.195000 0.046150 0.865250
v 0.193586 0.046150 0.864414
v 0.193409 0.046150 0.864591
v 0.193000 0.046150 0.863000
v 0.192750 0.046150 0.863000
v 0.193586 0.046150 0.861586
v 0.193409 0.046150 0.861409
v 0.195000 0.046150 0.861000
v 0.195000 0.046150 0.860750
v 0.196414 0.046150 0.861586
v 0.196591 0.046150 0.861409
v 0.197000 0.046150 0.863000
v 0.197000 0.044050 0.863000
v 0.196414 0.046150 0.861586
v 0.196414 0.044050 0.861586
v 0.195000 0.046150 0.861000
v 0.195000 0.044050 0.861000
v 0.193586 0.046150 0.861586
v 0.193586 0.044050 0.861586
v 0.193000 0.046150 0.863000
v 0.193000 0.044050 0.863000
v 0.193000 0.046150 0.863000
v 0.193000 0.044050 0.863000
v 0.193586 0.046150 0.864414
v 0.193586 0.044050 0.864414
v 0.195000 0.046150 0.865000
v 0.195000 0.044050 0.865000
v 0.196414 0.046150 0.864414
v 0.196414 0.044050 0.864414
v 0.197000 0.046150 0.863000
v 0.197000 0.044050 0.863000
v 0.195000 0.044050 0.861227
v 0.195000 0.044050 0.861000
v 0.196253 0.044050 0.861747
v 0.196414 0.044050 0.861586
v 0.196773 0.044050 0.863000
v 0.197000 0.044050 0.863000
v 0.196253 0.044050 0.864253
v 0.196414 0.044050 0.864414
v 0.195000 0.044050 0.864773
v 0.195000 0.044050 0.865000
v 0.193747 0.044050 0.864253
v 0.193586 0.044050 0.864414
v 0.193227 0.044050 0.863000
v 0.193000 0.044050 0.863000
v 0.193747 0.044050 0.861747
v 0.193586 0.044050 0.861586
v 0.193227 0.044050 0.863000
v 0.193227 0.042850 0.863000
v 0.193747 0.044050 0.864253
v 0.193747 0.042850 0.864253
v 0.195000 0.044050 0.864773
v 0.195000 0.042850 0.864773
v 0.196253 0.044050 0.864253
v 0.196253 0.042850 0.864253
v 0.196773 0.044050 0.863000
v 0.196773 0.042850 0.863000
v 0.196773 0.044050 0.863000
v 0.196773 0.042850 0.863000
v 0.196253 0.044050 0.861747
v 0.196253 0.042850 0.861747
v 0.195000 0.044050 0.861227
v 0.195000 0.042850 0.861227
v 0.193747 0.044050 0.861747
v 0.193747 0.042850 0.861747
v 0.193227 0.044050 0.863000
v 0.193227 0.042850 0.863000
v 0.195000 0.042850 0.861227
v 0.196253 0.042850 0.861747
v 0.196591 0.042850 0.861409
v 0.196773 0.042850 0.863000
v 0.197250 0.042850 0.863000
v 0.196253 0.042850 0.864253
v 0.196591 0.042850 0.864591
v 0.195000 0.042850 0.864773
v 0.195000 0.042850 0.865250
v 0.193747 0.042850 0.864253
v 0.193409 0.042850 0.864591
v 0.193227 0.042850 0.863000
v 0.192750 0.042850 0.863000
v 0.193747 0.042850 0.861747
v 0.193409 0.042850 0.861409
v 0.195000 0.042850 0.860750
v 0.230500 -0.013150 0.876500
v 0.230000 -0.013150 0.876500
v 0.230000 -0.016022 0.876500
v 0.230000 -0.010278 0.876500
v 0.230500 -0.013150 0.876500
v 0.230000 -0.016022 0.876500
v 0.230500 -0.013150 0.879000
v 0.230000 -0.010278 0.879000
v 0.230000 -0.010278 0.876500
v 0.230000 -0.016022 0.879000
v 0.230000 -0.010278 0.876500
v 0.230000 -0.010278 0.879000
v 0.230000 -0.013150 0.876500
v 0.230000 -0.013150 0.879000
v 0.230000 -0.016022 0.876500
v 0.230000 -0.016022 0.879000
v 0.230000 -0.016022 0.879000
v 0.230000 -0.013150 0.879000
v 0.230500 -0.013150 0.879000
v 0.230000 -0.010278 0.879000
v 0.214000 -0.013150 0.876500
v 0.213500 -0.013150 0.876500
v 0.214000 -0.016022 0.876500
v 0.214000 -0.010278 0.876500
v 0.213500 -0.013150 0.876500
v 0.214000 -0.010278 0.876500
v 0.213500 -0.013150 0.879000
v 0.214000 -0.016022 0.879000
v 0.214000 -0.016022 0.876500
v 0.214000 -0.010278 0.879000
v 0.214000 -0.016022 0.879000
v 0.214000 -0.013150 0.879000
v 0.214000 -0.016022 0.876500
v 0.214000 -0.013150 0.876500
v 0.214000 -0.010278 0.879000
v 0.214000 -0.010278 0.876500
v 0.214000 -0.016022 0.879000
v 0.213500 -0.013150 0.879000
v 0.214000 -0.013150 0.879000
v 0.214000 -0.010278 0.879000
v 0.217150 0.035650 0.822850
v 0.212850 0.035650 0.822850
v 0.217150 0.035650 0.827150
v 0.212850 0.035650 0.827150
v 0.217150 0.035650 0.827150
v 0.212850 0.035650 0.827150
v 0.217150 0.065650 0.827150
v 0.212850 0.065650 0.827150
v 0.212850 0.065650 0.822850
v 0.212850 0.065650 0.827150
v 0.212850 0.035650 0.822850
v 0.212850 0.035650 0.827150
v 0.212850 0.035650 0.822850
v 0.217150 0.035650 0.822850
v 0.212850 0.065650 0.822850
v 0.217150 0.065650 0.822850
v 0.217150 0.065650 0.827150
v 0.217150 0.065650 0.822850
v 0.217150 0.035650 0.827150
v 0.217150 0.035650 0.822850
v 0.217629 0.065650 0.823090
v 0.216004 0.065650 0.821909
v 0.217150 0.065650 0.822850
v 0.213996 0.065650 0.821909
v 0.212850 0.065650 0.822850
v 0.217150 0.065650 0.827150
v 0.212850 0.065650 0.827150
v 0.213996 0.065650 0.828091
v 0.216004 0.065650 0.828091
v 0.217629 0.065650 0.826910
v 0.218250 0.065650 0.825000
v 0.212371 0.065650 0.823090
v 0.211750 0.065650 0.825000
v 0.212371 0.065650 0.826910
v 0.218250 0.065650 0.825000
v 0.218250 0.064770 0.825000
v 0.217629 0.065650 0.823090
v 0.217687 0.065016 0.823171
v 0.216004 0.065650 0.821909
v 0.216192 0.065282 0.821976
v 0.213996 0.065650 0.821909
v 0.214278 0.065515 0.821831
v 0.212629 0.065632 0.822778
v 0.211750 0.065499 0.825000
v 0.211750 0.065650 0.825000
v 0.211788 0.065554 0.824503
v 0.212371 0.065650 0.823090
v 0.211750 0.065650 0.825000
v 0.211750 0.065499 0.825000
v 0.212371 0.065650 0.826910
v 0.212313 0.065185 0.826829
v 0.213996 0.065650 0.828091
v 0.213807 0.064834 0.828023
v 0.216004 0.065650 0.828091
v 0.215715 0.064607 0.828170
v 0.217629 0.065650 0.826910
v 0.217363 0.064578 0.827231
v 0.218250 0.065650 0.825000
v 0.218211 0.064716 0.825500
v 0.218250 0.064770 0.825000
v 0.218813 0.063874 0.824923
v 0.218268 0.064082 0.823008
v 0.218505 0.064106 0.824943
v 0.217775 0.064502 0.823046
v 0.218310 0.064430 0.824971
v 0.217687 0.065016 0.823171
v 0.218250 0.064770 0.825000
v 0.219165 0.063778 0.824915
v 0.218802 0.063943 0.823214
v 0.217609 0.064149 0.821657
v 0.216837 0.064315 0.821642
v 0.215704 0.064367 0.820773
v 0.214922 0.064534 0.821173
v 0.213606 0.064547 0.820901
v 0.213054 0.064688 0.821705
v 0.211990 0.064634 0.821850
v 0.211709 0.064723 0.823048
v 0.210840 0.064598 0.823706
v 0.211055 0.064551 0.824911
v 0.210665 0.064507 0.824906
v 0.216196 0.064768 0.821823
v 0.216192 0.065282 0.821976
v 0.214209 0.064999 0.821699
v 0.214278 0.065515 0.821831
v 0.212519 0.065115 0.822684
v 0.212629 0.065632 0.822778
v 0.211652 0.065038 0.824443
v 0.211788 0.065554 0.824503
v 0.211673 0.065116 0.824964
v 0.211750 0.065499 0.825000
v 0.211426 0.064766 0.824931
v 0.218707 0.063636 0.826820
v 0.218726 0.063795 0.825812
v 0.217789 0.063679 0.827601
v 0.218241 0.064158 0.825998
v 0.217099 0.064056 0.827663
v 0.217363 0.064578 0.827231
v 0.215715 0.064607 0.828170
v 0.219165 0.063778 0.824915
v 0.218813 0.063874 0.824923
v 0.218505 0.064106 0.824943
v 0.218310 0.064430 0.824971
v 0.218211 0.064716 0.825500
v 0.218250 0.064770 0.825000
v 0.211673 0.065116 0.824964
v 0.212156 0.064679 0.826848
v 0.212313 0.065185 0.826829
v 0.213465 0.064366 0.828024
v 0.213807 0.064834 0.828023
v 0.215211 0.064135 0.828384
v 0.211055 0.064551 0.824911
v 0.211026 0.064303 0.826602
v 0.211634 0.064339 0.826796
v 0.212053 0.064053 0.828018
v 0.212745 0.064067 0.828078
v 0.213813 0.063789 0.828976
v 0.214336 0.063832 0.828756
v 0.215814 0.063620 0.829029
v 0.216077 0.063694 0.828658
v 0.217612 0.063578 0.828172
v 0.211426 0.064766 0.824931
v 0.211750 0.065499 0.825000
v 0.210665 0.064507 0.824906
v 0.223765 0.056917 0.855281
v 0.257226 0.056782 0.855026
v 0.238136 0.059081 0.846460
v 0.256277 0.058333 0.846561
v 0.238136 0.060924 0.836383
v 0.256277 0.059694 0.836389
v 0.238136 0.062094 0.825737
v 0.256277 0.060556 0.825721
v 0.238136 0.062487 0.815000
v 0.256277 0.060845 0.815000
v 0.238136 0.062094 0.804263
v 0.256277 0.060556 0.804279
v 0.238136 0.060924 0.793617
v 0.256277 0.059694 0.793611
v 0.238136 0.059081 0.783540
v 0.256277 0.058333 0.783439
v 0.223701 0.056917 0.774718
v 0.257161 0.056783 0.774973
v 0.190739 0.056822 0.774492
v 0.190800 0.060322 0.782013
v 0.214437 0.060057 0.783673
v 0.214437 0.062530 0.793626
v 0.214039 0.063764 0.800970
v 0.216039 0.063609 0.801025
v 0.190895 0.065758 0.801746
v 0.190866 0.064102 0.793530
v 0.190848 0.063092 0.789866
v 0.217372 0.063576 0.801647
v 0.218732 0.063639 0.803230
v 0.219165 0.063778 0.805085
v 0.218812 0.063941 0.806763
v 0.190739 0.056822 0.855508
v 0.190811 0.060978 0.846328
v 0.214437 0.060057 0.846327
v 0.190865 0.064047 0.836685
v 0.214437 0.062530 0.836374
v 0.213813 0.063789 0.828976
v 0.215814 0.063620 0.829029
v 0.274419 0.056628 0.775095
v 0.273988 0.056913 0.777295
v 0.271755 0.058538 0.792220
v 0.270625 0.059454 0.807848
v 0.271879 0.058442 0.838873
v 0.274419 0.056628 0.854905
v 0.190908 0.066513 0.821604
v 0.213606 0.064547 0.820901
v 0.190910 0.066665 0.810882
v 0.214437 0.064632 0.815000
v 0.215792 0.064358 0.809210
v 0.217602 0.064150 0.808349
v 0.210665 0.064507 0.805094
v 0.211019 0.064306 0.803416
v 0.212230 0.064020 0.801831
v 0.210665 0.064507 0.824906
v 0.210840 0.064598 0.823706
v 0.190896 0.065842 0.827691
v 0.211990 0.064634 0.821850
v 0.218802 0.063943 0.823214
v 0.219165 0.063778 0.824915
v 0.218707 0.063636 0.826820
v 0.217612 0.063578 0.828172
v 0.213786 0.064534 0.809152
v 0.212036 0.064632 0.808193
v 0.211021 0.064622 0.806784
v 0.212053 0.064053 0.828018
v 0.211026 0.064303 0.826602
v 0.215704 0.064367 0.820773
v 0.270675 0.059412 0.823485
v 0.217609 0.064149 0.821657
v 0.211057 0.064552 0.805089
v 0.211428 0.064768 0.805069
v 0.211333 0.064460 0.803950
v 0.211831 0.064803 0.803791
v 0.212143 0.064196 0.802471
v 0.212856 0.064490 0.802372
v 0.213538 0.063935 0.801477
v 0.214476 0.064213 0.801650
v 0.215260 0.063745 0.801195
v 0.216255 0.064068 0.801850
v 0.216927 0.063668 0.801709
v 0.217820 0.064090 0.803117
v 0.218329 0.063717 0.803140
v 0.218811 0.063875 0.805077
v 0.218732 0.063639 0.803230
v 0.219165 0.063778 0.805085
v 0.211019 0.064306 0.803416
v 0.212230 0.064020 0.801831
v 0.214039 0.063764 0.800970
v 0.216039 0.063609 0.801025
v 0.217372 0.063576 0.801647
v 0.211750 0.065499 0.805000
v 0.211789 0.065431 0.804500
v 0.212641 0.065087 0.802765
v 0.214306 0.064755 0.801825
v 0.216216 0.064579 0.801986
v 0.217691 0.064601 0.803178
v 0.218310 0.064431 0.805029
v 0.218503 0.064108 0.805057
v 0.210665 0.064507 0.805094
v 0.211674 0.065117 0.805036
v 0.218250 0.064770 0.805000
v 0.211674 0.065117 0.805036
v 0.212185 0.065114 0.806898
v 0.212303 0.065632 0.806813
v 0.213697 0.065044 0.808135
v 0.213781 0.065561 0.808013
v 0.215677 0.064835 0.808327
v 0.215695 0.065350 0.808175
v 0.217429 0.064572 0.807372
v 0.217361 0.065087 0.807234
v 0.218347 0.064313 0.805570
v 0.218211 0.064829 0.805500
v 0.218310 0.064431 0.805029
v 0.218250 0.064770 0.805000
v 0.219165 0.063778 0.805085
v 0.218811 0.063875 0.805077
v 0.218811 0.063896 0.805376
v 0.218503 0.064108 0.805057
v 0.218812 0.063941 0.806763
v 0.218248 0.064086 0.807031
v 0.217602 0.064150 0.808349
v 0.216804 0.064319 0.808379
v 0.215792 0.064358 0.809210
v 0.214884 0.064536 0.808828
v 0.213786 0.064534 0.809152
v 0.213015 0.064690 0.808275
v 0.212036 0.064632 0.808193
v 0.211682 0.064721 0.806912
v 0.211021 0.064622 0.806784
v 0.211057 0.064552 0.805089
v 0.210665 0.064507 0.805094
v 0.211428 0.064768 0.805069
v 0.211750 0.065499 0.805000
v 0.273988 0.056913 0.777295
v 0.271755 0.058538 0.792220
v 0.278134 0.058250 0.791167
v 0.270625 0.059454 0.807848
v 0.279369 0.059054 0.807217
v 0.270675 0.059412 0.823485
v 0.279349 0.059042 0.823287
v 0.271879 0.058442 0.838873
v 0.278077 0.058214 0.839315
v 0.275107 0.056621 0.854913
v 0.275584 0.056621 0.854905
v 0.275584 0.056621 0.775095
v 0.275107 0.056621 0.775087
v 0.274419 0.056628 0.775095
v 0.274419 0.056628 0.854905
v 0.274311 0.055792 0.857825
v 0.274373 0.056375 0.856192
v 0.260062 0.054682 0.859476
v 0.253168 0.056453 0.856302
v 0.223765 0.056917 0.855281
v 0.257226 0.056782 0.855026
v 0.190724 0.055976 0.856848
v 0.190739 0.056822 0.855508
v 0.273719 0.055620 0.858175
v 0.272019 0.054451 0.859923
v 0.274419 0.056628 0.854905
v 0.190552 0.046150 0.773000
v 0.190552 0.046150 0.857000
v 0.190720 0.055735 0.772833
v 0.190720 0.055735 0.857167
v 0.190724 0.055976 0.773152
v 0.190724 0.055976 0.856848
v 0.190739 0.056822 0.774492
v 0.190739 0.056822 0.855508
v 0.190800 0.060322 0.782013
v 0.190811 0.060978 0.846328
v 0.190848 0.063092 0.789866
v 0.190865 0.064047 0.836685
v 0.190866 0.064102 0.793530
v 0.190895 0.065758 0.801746
v 0.190896 0.065842 0.827691
v 0.190910 0.066665 0.810882
v 0.190908 0.066513 0.821604
v 0.190500 0.043150 0.760054
v 0.190500 0.043150 0.869946
v 0.190552 0.046150 0.867461
v 0.190552 0.046150 0.762539
v 0.272477 0.054934 0.770705
v 0.272019 0.054451 0.770077
v 0.263184 0.056277 0.773312
v 0.257486 0.054732 0.770621
v 0.223701 0.056917 0.774718
v 0.190724 0.055976 0.773152
v 0.190739 0.056822 0.774492
v 0.257161 0.056783 0.774973
v 0.274419 0.056628 0.775095
v 0.274365 0.056318 0.773602
v 0.274311 0.055793 0.772174
v 0.218250 0.065650 0.805000
v 0.218250 0.064770 0.805000
v 0.217629 0.065650 0.803090
v 0.217691 0.064601 0.803178
v 0.216004 0.065650 0.801909
v 0.216216 0.064579 0.801986
v 0.213996 0.065650 0.801909
v 0.214306 0.064755 0.801825
v 0.212371 0.065650 0.803090
v 0.212641 0.065087 0.802765
v 0.211750 0.065650 0.805000
v 0.211789 0.065431 0.804500
v 0.211750 0.065499 0.805000
v 0.211750 0.065650 0.805000
v 0.211750 0.065499 0.805000
v 0.212371 0.065650 0.806910
v 0.212303 0.065632 0.806813
v 0.213996 0.065650 0.808091
v 0.213781 0.065561 0.808013
v 0.216004 0.065650 0.808091
v 0.215695 0.065350 0.808175
v 0.217629 0.065650 0.806910
v 0.217361 0.065087 0.807234
v 0.218250 0.065650 0.805000
v 0.218211 0.064829 0.805500
v 0.218250 0.064770 0.805000
v 0.275584 0.055990 0.772654
v 0.275064 0.055937 0.772498
v 0.275584 0.056621 0.775095
v 0.275107 0.056621 0.775087
v 0.480000 0.056621 0.854905
v 0.480000 0.058517 0.834993
v 0.275584 0.056621 0.854905
v 0.425000 0.058869 0.828333
v 0.278077 0.058214 0.839315
v 0.279349 0.059042 0.823287
v 0.425191 0.058873 0.828244
v 0.480000 0.059150 0.815000
v 0.427186 0.058907 0.827405
v 0.428212 0.058976 0.825498
v 0.421788 0.059007 0.824503
v 0.422813 0.059059 0.822596
v 0.424808 0.059078 0.821756
v 0.279369 0.059054 0.807217
v 0.423112 0.059065 0.807645
v 0.278134 0.058250 0.791167
v 0.421869 0.059018 0.805872
v 0.421750 0.058992 0.805000
v 0.275584 0.056621 0.775095
v 0.425000 0.058869 0.801667
v 0.424809 0.058873 0.801756
v 0.480000 0.058517 0.795007
v 0.426888 0.058897 0.802355
v 0.428131 0.058963 0.804128
v 0.425192 0.059078 0.808244
v 0.427187 0.059059 0.807404
v 0.428212 0.059007 0.805497
v 0.423112 0.058897 0.827645
v 0.421869 0.058963 0.825872
v 0.421750 0.058992 0.825000
v 0.421788 0.058976 0.804502
v 0.422814 0.058907 0.802595
v 0.426888 0.059065 0.822355
v 0.428131 0.059018 0.824128
v 0.428250 0.058992 0.825000
v 0.480000 0.056621 0.775095
v 0.428250 0.058992 0.805000
v 0.275107 0.056621 0.854913
v 0.275064 0.055937 0.857502
v 0.275584 0.056621 0.854905
v 0.275584 0.055990 0.857346
v 0.275064 0.055937 0.857502
v 0.275107 0.056621 0.854913
v 0.274419 0.056628 0.854905
v 0.274373 0.056375 0.856192
v 0.274311 0.055792 0.857825
v 0.274365 0.056318 0.773602
v 0.274419 0.056628 0.775095
v 0.275107 0.056621 0.775087
v 0.275064 0.055937 0.772498
v 0.274311 0.055793 0.772174
v 0.195000 0.055781 0.857168
v 0.195716 0.055755 0.857212
v 0.260062 0.054682 0.859476
v 0.197974 0.055195 0.857971
v 0.272019 0.054451 0.859923
v 0.199290 0.054381 0.859013
v 0.271346 0.053190 0.861395
v 0.200476 0.052853 0.860849
v 0.271098 0.051739 0.863000
v 0.200917 0.050908 0.863000
v 0.201000 0.046150 0.867580
v 0.190500 0.043150 0.869946
v 0.275000 0.043150 0.870868
v 0.271000 0.046150 0.868380
v 0.190552 0.046150 0.867461
v 0.190724 0.055976 0.856848
v 0.275000 0.046150 0.868425
v 0.190720 0.055735 0.857167
v 0.271346 0.053190 0.861395
v 0.271804 0.046150 0.860000
v 0.272019 0.054451 0.859923
v 0.274000 0.046150 0.857804
v 0.273719 0.055620 0.858175
v 0.274311 0.055792 0.857825
v 0.277000 0.056057 0.857173
v 0.275064 0.055937 0.857502
v 0.277000 0.046150 0.857000
v 0.271098 0.051739 0.863000
v 0.271000 0.046150 0.863000
v 0.275584 0.055990 0.857346
v 0.190500 0.043150 0.760054
v 0.190500 0.042850 0.760054
v 0.190500 0.043150 0.869946
v 0.190500 0.042850 0.869946
v 0.198000 0.046150 0.857804
v 0.198329 0.046150 0.861918
v 0.200196 0.046150 0.860000
v 0.198329 0.046150 0.864082
v 0.201000 0.046150 0.863000
v 0.195000 0.046150 0.859500
v 0.197057 0.046150 0.860168
v 0.195000 0.046150 0.857000
v 0.191671 0.046150 0.861918
v 0.192943 0.046150 0.860168
v 0.190552 0.046150 0.857000
v 0.190552 0.046150 0.867461
v 0.195000 0.046150 0.866500
v 0.192943 0.046150 0.865832
v 0.191671 0.046150 0.864082
v 0.201000 0.046150 0.867580
v 0.197057 0.046150 0.865832
v 0.195000 0.046150 0.857000
v 0.195000 0.055781 0.857168
v 0.190552 0.046150 0.857000
v 0.190720 0.055735 0.857167
v 0.201000 0.046150 0.762420
v 0.200917 0.050908 0.767000
v 0.271098 0.051739 0.767000
v 0.200833 0.051743 0.767900
v 0.271346 0.053190 0.768605
v 0.199652 0.054042 0.770567
v 0.272019 0.054451 0.770077
v 0.257486 0.054732 0.770621
v 0.198147 0.055115 0.771924
v 0.196637 0.055622 0.772600
v 0.195000 0.055781 0.772832
v 0.190724 0.055976 0.773152
v 0.190720 0.055735 0.772833
v 0.271000 0.046150 0.761620
v 0.190500 0.043150 0.760054
v 0.190552 0.046150 0.762539
v 0.275000 0.046150 0.761575
v 0.275000 0.043150 0.759132
v 0.190720 0.055735 0.772833
v 0.195000 0.055781 0.772832
v 0.190552 0.046150 0.773000
v 0.195000 0.046150 0.773000
v 0.195000 0.046150 0.770500
v 0.195000 0.046150 0.773000
v 0.197057 0.046150 0.769832
v 0.198000 0.046150 0.772196
v 0.198329 0.046150 0.768082
v 0.200196 0.046150 0.770000
v 0.201000 0.046150 0.767000
v 0.191671 0.046150 0.768082
v 0.190552 0.046150 0.773000
v 0.192943 0.046150 0.769832
v 0.190552 0.046150 0.762539
v 0.191671 0.046150 0.765918
v 0.192943 0.046150 0.764168
v 0.195000 0.046150 0.763500
v 0.201000 0.046150 0.762420
v 0.197057 0.046150 0.764168
v 0.198329 0.046150 0.765918
v 0.282671 0.053180 0.768544
v 0.282196 0.046150 0.770000
v 0.282047 0.054396 0.769970
v 0.280000 0.046150 0.772196
v 0.280976 0.055315 0.771278
v 0.279199 0.055885 0.772399
v 0.271346 0.053190 0.768605
v 0.272019 0.054451 0.770077
v 0.271804 0.046150 0.770000
v 0.272477 0.054934 0.770705
v 0.274000 0.046150 0.772196
v 0.274311 0.055793 0.772174
v 0.277000 0.046150 0.773000
v 0.275064 0.055937 0.772498
v 0.275584 0.055990 0.772654
v 0.276668 0.056054 0.772818
v 0.282902 0.051786 0.767000
v 0.283000 0.046150 0.767000
v 0.271000 0.046150 0.767000
v 0.271098 0.051739 0.767000
v 0.217629 0.065650 0.803090
v 0.216004 0.065650 0.801909
v 0.217150 0.065650 0.802850
v 0.213996 0.065650 0.801909
v 0.212850 0.065650 0.802850
v 0.217150 0.065650 0.807150
v 0.212850 0.065650 0.807150
v 0.213996 0.065650 0.808091
v 0.216004 0.065650 0.808091
v 0.217629 0.065650 0.806910
v 0.218250 0.065650 0.805000
v 0.212371 0.065650 0.803090
v 0.211750 0.065650 0.805000
v 0.212371 0.065650 0.806910
v 0.382000 0.056057 0.772827
v 0.275584 0.056621 0.775095
v 0.444683 0.056054 0.772819
v 0.480000 0.056621 0.775095
v 0.447214 0.055882 0.772394
v 0.480000 0.055874 0.772374
v 0.448987 0.055309 0.771268
v 0.480000 0.054396 0.769970
v 0.459182 0.054396 0.769970
v 0.383693 0.055959 0.772578
v 0.443156 0.055940 0.772530
v 0.385243 0.055628 0.771850
v 0.441757 0.055628 0.771850
v 0.386570 0.054911 0.770648
v 0.440430 0.054911 0.770648
v 0.439155 0.054396 0.769970
v 0.439953 0.054396 0.769970
v 0.279199 0.055885 0.772399
v 0.372626 0.055852 0.772326
v 0.280976 0.055315 0.771278
v 0.371023 0.055314 0.771277
v 0.282047 0.054396 0.769970
v 0.369953 0.054396 0.769970
v 0.375000 0.056057 0.772827
v 0.276668 0.056054 0.772818
v 0.275584 0.055990 0.772654
v 0.450845 0.054396 0.769970
v 0.450047 0.054396 0.769970
v 0.387047 0.054396 0.769970
v 0.375000 0.056057 0.857173
v 0.277000 0.056057 0.857173
v 0.373307 0.055959 0.857422
v 0.279199 0.055885 0.857601
v 0.371757 0.055628 0.858150
v 0.370430 0.054911 0.859352
v 0.444683 0.056054 0.857181
v 0.382000 0.056057 0.857173
v 0.442626 0.055852 0.857674
v 0.384169 0.055890 0.857588
v 0.441023 0.055314 0.858723
v 0.385954 0.055327 0.858702
v 0.439953 0.054396 0.860030
v 0.387047 0.054396 0.860030
v 0.480000 0.054396 0.860030
v 0.480000 0.055874 0.857626
v 0.447214 0.055882 0.857606
v 0.480000 0.056621 0.854905
v 0.280976 0.055315 0.858723
v 0.282047 0.054396 0.860030
v 0.369953 0.054396 0.860030
v 0.275584 0.056621 0.854905
v 0.448987 0.055309 0.858732
v 0.450047 0.054396 0.860030
v 0.275584 0.055990 0.857346
v 0.498804 0.055955 0.855694
v 0.492198 0.058149 0.836976
v 0.489912 0.058149 0.838097
v 0.480000 0.059150 0.815000
v 0.487524 0.058149 0.838982
v 0.485060 0.058149 0.839620
v 0.480000 0.056621 0.854905
v 0.482543 0.058149 0.840005
v 0.480000 0.058517 0.834993
v 0.501664 0.055814 0.855357
v 0.504412 0.055499 0.856220
v 0.507921 0.055153 0.856610
v 0.494358 0.058149 0.835629
v 0.496372 0.058149 0.834071
v 0.498217 0.058149 0.832317
v 0.499876 0.058149 0.830385
v 0.514543 0.055153 0.851301
v 0.520174 0.055153 0.844950
v 0.527530 0.055527 0.819278
v 0.505102 0.058149 0.816273
v 0.504845 0.058149 0.818806
v 0.504332 0.058149 0.821300
v 0.503570 0.058149 0.823729
v 0.527850 0.055153 0.829878
v 0.524653 0.055153 0.837740
v 0.529797 0.055153 0.820589
v 0.529675 0.055153 0.821588
v 0.525679 0.055832 0.815349
v 0.525867 0.055801 0.813491
v 0.505102 0.058149 0.813727
v 0.527039 0.055608 0.811240
v 0.504845 0.058149 0.811194
v 0.529606 0.055153 0.807910
v 0.504332 0.058149 0.808700
v 0.527728 0.055153 0.799736
v 0.503570 0.058149 0.806271
v 0.502566 0.058149 0.803931
v 0.501330 0.058149 0.801705
v 0.499876 0.058149 0.799615
v 0.520053 0.055153 0.784888
v 0.498217 0.058149 0.797683
v 0.514470 0.055153 0.778629
v 0.496372 0.058149 0.795929
v 0.494358 0.058149 0.794371
v 0.492198 0.058149 0.793024
v 0.489912 0.058149 0.791903
v 0.501598 0.055748 0.774104
v 0.495376 0.056176 0.774561
v 0.501330 0.058149 0.828295
v 0.502566 0.058149 0.826069
v 0.526089 0.055764 0.817177
v 0.487524 0.058149 0.791018
v 0.485060 0.058149 0.790380
v 0.482543 0.058149 0.789995
v 0.480000 0.058517 0.795007
v 0.507921 0.055153 0.773390
v 0.501601 0.055748 0.774104
v 0.528273 0.055405 0.810134
v 0.529797 0.055153 0.809411
v 0.529675 0.055153 0.808412
v 0.495788 0.056152 0.855464
v 0.524514 0.055153 0.791990
v 0.480000 0.056621 0.775095
v 0.421750 0.058992 0.805000
v 0.421750 0.059150 0.805000
v 0.421788 0.058976 0.804502
v 0.422371 0.059150 0.803090
v 0.422814 0.058907 0.802595
v 0.423996 0.059150 0.801909
v 0.424809 0.058873 0.801756
v 0.426004 0.059150 0.801909
v 0.426888 0.058897 0.802355
v 0.427629 0.059150 0.803090
v 0.428131 0.058963 0.804128
v 0.428250 0.058992 0.805000
v 0.428250 0.059150 0.805000
v 0.428250 0.058992 0.805000
v 0.428250 0.059150 0.805000
v 0.428212 0.059007 0.805497
v 0.427629 0.059150 0.806910
v 0.427187 0.059059 0.807404
v 0.426004 0.059150 0.808091
v 0.425192 0.059078 0.808244
v 0.423996 0.059150 0.808091
v 0.423112 0.059065 0.807645
v 0.422371 0.059150 0.806910
v 0.421869 0.059018 0.805872
v 0.421750 0.058992 0.805000
v 0.421750 0.059150 0.805000
v 0.421750 0.058992 0.825000
v 0.421750 0.059150 0.825000
v 0.421788 0.059007 0.824503
v 0.422371 0.059150 0.823090
v 0.422813 0.059059 0.822596
v 0.423996 0.059150 0.821909
v 0.424808 0.059078 0.821756
v 0.426004 0.059150 0.821909
v 0.426888 0.059065 0.822355
v 0.427629 0.059150 0.823090
v 0.428131 0.059018 0.824128
v 0.428250 0.058992 0.825000
v 0.428250 0.059150 0.825000
v 0.428250 0.058992 0.825000
v 0.428250 0.059150 0.825000
v 0.428212 0.058976 0.825498
v 0.427629 0.059150 0.826910
v 0.427186 0.058907 0.827405
v 0.426004 0.059150 0.828091
v 0.425191 0.058873 0.828244
v 0.423996 0.059150 0.828091
v 0.423112 0.058897 0.827645
v 0.422371 0.059150 0.826910
v 0.421869 0.058963 0.825872
v 0.421750 0.058992 0.825000
v 0.421750 0.059150 0.825000
v 0.190500 0.043150 0.869946
v 0.190500 0.042850 0.869946
v 0.275000 0.043150 0.870868
v 0.275000 0.042850 0.870868
v 0.450047 0.054396 0.860030
v 0.450671 0.053180 0.861456
v 0.494115 0.052893 0.861780
v 0.450902 0.051786 0.863000
v 0.494269 0.050203 0.864648
v 0.494590 0.049245 0.865595
v 0.435402 0.043150 0.870868
v 0.481428 0.045019 0.869378
v 0.275000 0.046150 0.868425
v 0.486714 0.045607 0.868888
v 0.283000 0.046150 0.868425
v 0.369000 0.046150 0.868425
v 0.282902 0.051786 0.863000
v 0.369098 0.051786 0.863000
v 0.282671 0.053180 0.861456
v 0.369329 0.053180 0.861456
v 0.282047 0.054396 0.860030
v 0.369953 0.054396 0.860030
v 0.387902 0.051786 0.863000
v 0.439098 0.051786 0.863000
v 0.387671 0.053180 0.861456
v 0.439329 0.053180 0.861456
v 0.387047 0.054396 0.860030
v 0.439953 0.054396 0.860030
v 0.439000 0.046150 0.868425
v 0.388000 0.046150 0.868425
v 0.451000 0.046150 0.868425
v 0.493554 0.047449 0.867279
v 0.495079 0.048014 0.866762
v 0.494399 0.053926 0.860590
v 0.480000 0.054396 0.860030
v 0.275000 0.043150 0.870868
v 0.201000 0.046150 0.867580
v 0.200917 0.050908 0.863000
v 0.201000 0.046150 0.863000
v 0.200917 0.050908 0.863000
v 0.199290 0.054381 0.859013
v 0.200196 0.046150 0.860000
v 0.197974 0.055195 0.857971
v 0.198000 0.046150 0.857804
v 0.195716 0.055755 0.857212
v 0.195000 0.055781 0.857168
v 0.200476 0.052853 0.860849
v 0.201000 0.046150 0.863000
v 0.195000 0.046150 0.857000
v 0.271000 0.046150 0.868380
v 0.271000 0.046150 0.863000
v 0.271098 0.051739 0.863000
v 0.271000 0.046150 0.868380
v 0.273671 0.046150 0.864082
v 0.271000 0.046150 0.863000
v 0.273671 0.046150 0.861918
v 0.271804 0.046150 0.860000
v 0.280000 0.046150 0.857804
v 0.280329 0.046150 0.861918
v 0.282196 0.046150 0.860000
v 0.280329 0.046150 0.864082
v 0.283000 0.046150 0.863000
v 0.277000 0.046150 0.866500
v 0.274943 0.046150 0.865832
v 0.275000 0.046150 0.868425
v 0.277000 0.046150 0.859500
v 0.279057 0.046150 0.860168
v 0.277000 0.046150 0.857000
v 0.274943 0.046150 0.860168
v 0.274000 0.046150 0.857804
v 0.283000 0.046150 0.868425
v 0.279057 0.046150 0.865832
v 0.282671 0.053180 0.861456
v 0.282047 0.054396 0.860030
v 0.282196 0.046150 0.860000
v 0.280976 0.055315 0.858723
v 0.280000 0.046150 0.857804
v 0.279199 0.055885 0.857601
v 0.277000 0.046150 0.857000
v 0.277000 0.056057 0.857173
v 0.283000 0.046150 0.863000
v 0.282902 0.051786 0.863000
v 0.190500 0.042850 0.869946
v 0.190500 0.042850 0.760054
v 0.189500 0.042850 0.869935
v 0.189500 0.042850 0.760065
v 0.275000 0.043150 0.759132
v 0.275000 0.042850 0.759132
v 0.190500 0.043150 0.760054
v 0.190500 0.042850 0.760054
v 0.195000 0.050150 0.866500
v 0.195000 0.046150 0.866500
v 0.197057 0.050150 0.865832
v 0.197057 0.046150 0.865832
v 0.198329 0.050150 0.864082
v 0.198329 0.046150 0.864082
v 0.198329 0.050150 0.861918
v 0.198329 0.046150 0.861918
v 0.197057 0.050150 0.860168
v 0.197057 0.046150 0.860168
v 0.195000 0.050150 0.859500
v 0.195000 0.046150 0.859500
v 0.195000 0.050150 0.859500
v 0.195000 0.046150 0.859500
v 0.192943 0.050150 0.860168
v 0.192943 0.046150 0.860168
v 0.191671 0.050150 0.861918
v 0.191671 0.046150 0.861918
v 0.191671 0.050150 0.864082
v 0.191671 0.046150 0.864082
v 0.192943 0.050150 0.865832
v 0.192943 0.046150 0.865832
v 0.195000 0.050150 0.866500
v 0.195000 0.046150 0.866500
v 0.282047 0.054396 0.769970
v 0.369953 0.054396 0.769970
v 0.282671 0.053180 0.768544
v 0.369329 0.053180 0.768544
v 0.282902 0.051786 0.767000
v 0.369098 0.051786 0.767000
v 0.283000 0.046150 0.761575
v 0.369000 0.046150 0.761575
v 0.483043 0.045118 0.760703
v 0.388000 0.046150 0.761575
v 0.439000 0.046150 0.761575
v 0.387902 0.051786 0.767000
v 0.439098 0.051786 0.767000
v 0.439329 0.053180 0.768544
v 0.496316 0.048511 0.763703
v 0.451000 0.046150 0.761575
v 0.495533 0.050391 0.765542
v 0.450902 0.051786 0.767000
v 0.495072 0.052914 0.768243
v 0.450671 0.053180 0.768544
v 0.495249 0.053869 0.769343
v 0.450047 0.054396 0.769970
v 0.450845 0.054396 0.769970
v 0.387671 0.053180 0.768544
v 0.387047 0.054396 0.769970
v 0.439155 0.054396 0.769970
v 0.489310 0.046167 0.761589
v 0.481428 0.045019 0.760622
v 0.275000 0.043150 0.759132
v 0.275000 0.046150 0.761575
v 0.459182 0.054396 0.769970
v 0.480000 0.054396 0.769970
v 0.439953 0.054396 0.769970
v 0.435402 0.043150 0.759132
v 0.277000 0.046150 0.763500
v 0.275000 0.046150 0.761575
v 0.274943 0.046150 0.764168
v 0.271000 0.046150 0.761620
v 0.273671 0.046150 0.765918
v 0.271000 0.046150 0.767000
v 0.273671 0.046150 0.768082
v 0.271804 0.046150 0.770000
v 0.274000 0.046150 0.772196
v 0.279057 0.046150 0.764168
v 0.280329 0.046150 0.765918
v 0.283000 0.046150 0.761575
v 0.280329 0.046150 0.768082
v 0.283000 0.046150 0.767000
v 0.277000 0.046150 0.770500
v 0.277000 0.046150 0.773000
v 0.279057 0.046150 0.769832
v 0.280000 0.046150 0.772196
v 0.282196 0.046150 0.770000
v 0.274943 0.046150 0.769832
v 0.271000 0.046150 0.761620
v 0.271098 0.051739 0.767000
v 0.271000 0.046150 0.767000
v 0.200833 0.051743 0.767900
v 0.200196 0.046150 0.770000
v 0.199652 0.054042 0.770567
v 0.198000 0.046150 0.772196
v 0.198147 0.055115 0.771924
v 0.196637 0.055622 0.772600
v 0.200917 0.050908 0.767000
v 0.201000 0.046150 0.767000
v 0.195000 0.046150 0.773000
v 0.195000 0.055781 0.772832
v 0.201000 0.046150 0.767000
v 0.200917 0.050908 0.767000
v 0.201000 0.046150 0.762420
v 0.195000 0.050150 0.770500
v 0.195000 0.046150 0.770500
v 0.197057 0.050150 0.769832
v 0.197057 0.046150 0.769832
v 0.198329 0.050150 0.768082
v 0.198329 0.046150 0.768082
v 0.198329 0.050150 0.765918
v 0.198329 0.046150 0.765918
v 0.197057 0.050150 0.764168
v 0.197057 0.046150 0.764168
v 0.195000 0.050150 0.763500
v 0.195000 0.046150 0.763500
v 0.195000 0.050150 0.763500
v 0.195000 0.046150 0.763500
v 0.192943 0.050150 0.764168
v 0.192943 0.046150 0.764168
v 0.191671 0.050150 0.765918
v 0.191671 0.046150 0.765918
v 0.191671 0.050150 0.768082
v 0.191671 0.046150 0.768082
v 0.192943 0.050150 0.769832
v 0.192943 0.046150 0.769832
v 0.195000 0.050150 0.770500
v 0.195000 0.046150 0.770500
v 0.282902 0.051786 0.767000
v 0.283000 0.046150 0.761575
v 0.283000 0.046150 0.767000
v 0.217150 0.035650 0.807150
v 0.212850 0.035650 0.807150
v 0.217150 0.065650 0.807150
v 0.212850 0.065650 0.807150
v 0.217150 0.065650 0.807150
v 0.217150 0.065650 0.802850
v 0.217150 0.035650 0.807150
v 0.217150 0.035650 0.802850
v 0.212850 0.035650 0.802850
v 0.217150 0.035650 0.802850
v 0.212850 0.065650 0.802850
v 0.217150 0.065650 0.802850
v 0.212850 0.065650 0.802850
v 0.212850 0.065650 0.807150
v 0.212850 0.035650 0.802850
v 0.212850 0.035650 0.807150
v 0.450671 0.053180 0.768544
v 0.450196 0.046150 0.770000
v 0.450047 0.054396 0.769970
v 0.448000 0.046150 0.772196
v 0.448987 0.055309 0.771268
v 0.447214 0.055882 0.772394
v 0.440430 0.054911 0.770648
v 0.443156 0.055940 0.772530
v 0.442000 0.046150 0.772196
v 0.444683 0.056054 0.772819
v 0.445000 0.046150 0.773000
v 0.439329 0.053180 0.768544
v 0.439953 0.054396 0.769970
v 0.439804 0.046150 0.770000
v 0.439000 0.046150 0.767000
v 0.439098 0.051786 0.767000
v 0.450902 0.051786 0.767000
v 0.451000 0.046150 0.767000
v 0.441757 0.055628 0.771850
v 0.495249 0.053869 0.769343
v 0.480000 0.054396 0.769970
v 0.495642 0.054662 0.770421
v 0.480000 0.055874 0.772374
v 0.496902 0.055505 0.772160
v 0.499034 0.055796 0.773461
v 0.501598 0.055748 0.774104
v 0.501568 0.055710 0.773752
v 0.495376 0.056176 0.774561
v 0.480000 0.056621 0.775095
v 0.369329 0.053180 0.768544
v 0.369953 0.054396 0.769970
v 0.369804 0.046150 0.770000
v 0.371023 0.055314 0.771277
v 0.372000 0.046150 0.772196
v 0.372626 0.055852 0.772326
v 0.375000 0.056057 0.772827
v 0.369000 0.046150 0.767000
v 0.369098 0.051786 0.767000
v 0.375000 0.046150 0.773000
v 0.375000 0.046150 0.773000
v 0.375000 0.056057 0.772827
v 0.382000 0.046150 0.773000
v 0.382000 0.056057 0.772827
v 0.382000 0.046150 0.773000
v 0.383693 0.055959 0.772578
v 0.385000 0.046150 0.772196
v 0.385243 0.055628 0.771850
v 0.387196 0.046150 0.770000
v 0.386570 0.054911 0.770648
v 0.387047 0.054396 0.769970
v 0.387671 0.053180 0.768544
v 0.387902 0.051786 0.767000
v 0.388000 0.046150 0.767000
v 0.382000 0.056057 0.772827
v 0.439329 0.053180 0.861456
v 0.439804 0.046150 0.860000
v 0.439953 0.054396 0.860030
v 0.442000 0.046150 0.857804
v 0.441023 0.055314 0.858723
v 0.442626 0.055852 0.857674
v 0.444683 0.056054 0.857181
v 0.445000 0.046150 0.857000
v 0.447214 0.055882 0.857606
v 0.448000 0.046150 0.857804
v 0.448987 0.055309 0.858732
v 0.450196 0.046150 0.860000
v 0.450047 0.054396 0.860030
v 0.450671 0.053180 0.861456
v 0.439098 0.051786 0.863000
v 0.439000 0.046150 0.863000
v 0.451000 0.046150 0.863000
v 0.450902 0.051786 0.863000
v 0.494399 0.053926 0.860590
v 0.494841 0.054746 0.859466
v 0.480000 0.055874 0.857626
v 0.496401 0.055727 0.857259
v 0.495788 0.056152 0.855464
v 0.498804 0.055955 0.855694
v 0.480000 0.054396 0.860030
v 0.480000 0.056621 0.854905
v 0.375000 0.046150 0.857000
v 0.373307 0.055959 0.857422
v 0.372000 0.046150 0.857804
v 0.371757 0.055628 0.858150
v 0.369804 0.046150 0.860000
v 0.370430 0.054911 0.859352
v 0.369953 0.054396 0.860030
v 0.369329 0.053180 0.861456
v 0.369098 0.051786 0.863000
v 0.369000 0.046150 0.863000
v 0.375000 0.056057 0.857173
v 0.387671 0.053180 0.861456
v 0.387047 0.054396 0.860030
v 0.387196 0.046150 0.860000
v 0.385954 0.055327 0.858702
v 0.385000 0.046150 0.857804
v 0.384169 0.055890 0.857588
v 0.382000 0.056057 0.857173
v 0.388000 0.046150 0.863000
v 0.387902 0.051786 0.863000
v 0.382000 0.046150 0.857000
v 0.382000 0.046150 0.857000
v 0.382000 0.056057 0.857173
v 0.375000 0.046150 0.857000
v 0.375000 0.056057 0.857173
v 0.532990 0.053754 0.820867
v 0.531500 0.054643 0.820852
v 0.531084 0.053237 0.832203
v 0.527850 0.055153 0.829878
v 0.526146 0.053237 0.842859
v 0.524653 0.055153 0.837740
v 0.520174 0.055153 0.844950
v 0.514543 0.055153 0.851301
v 0.509467 0.054065 0.858914
v 0.519016 0.053237 0.852193
v 0.510564 0.052079 0.860550
v 0.518732 0.049480 0.855292
v 0.511141 0.049480 0.861410
v 0.525144 0.049480 0.847949
v 0.530183 0.049480 0.839603
v 0.533695 0.049480 0.830508
v 0.534216 0.052526 0.820889
v 0.535573 0.049480 0.820942
v 0.507921 0.055153 0.856610
v 0.529675 0.055153 0.821588
v 0.529797 0.055153 0.820589
v 0.507921 0.055153 0.773390
v 0.514470 0.055153 0.778629
v 0.519016 0.053237 0.777807
v 0.520053 0.055153 0.784888
v 0.526146 0.053237 0.787141
v 0.524514 0.055153 0.791990
v 0.531084 0.053237 0.797797
v 0.527728 0.055153 0.799736
v 0.531500 0.054643 0.809148
v 0.529606 0.055153 0.807910
v 0.529675 0.055153 0.808412
v 0.532990 0.053754 0.809133
v 0.534216 0.052526 0.809111
v 0.533695 0.049480 0.799492
v 0.535573 0.049480 0.809058
v 0.530183 0.049480 0.790397
v 0.525144 0.049480 0.782051
v 0.518732 0.049480 0.774708
v 0.510545 0.052131 0.769479
v 0.511141 0.049480 0.768590
v 0.509409 0.054133 0.771172
v 0.529797 0.055153 0.809411
v 0.501664 0.055814 0.855357
v 0.498804 0.055955 0.855694
v 0.501664 0.046150 0.855357
v 0.504412 0.046150 0.856220
v 0.504412 0.055499 0.856220
v 0.498804 0.046150 0.855694
v 0.507921 0.055153 0.856610
v 0.504750 0.055441 0.856443
v 0.506810 0.054699 0.858737
v 0.504412 0.055499 0.856220
v 0.526089 0.055764 0.817177
v 0.527530 0.055527 0.819278
v 0.526304 0.046150 0.818000
v 0.529797 0.055153 0.820589
v 0.528500 0.046150 0.820196
v 0.531500 0.054643 0.820852
v 0.531500 0.046150 0.821000
v 0.527039 0.055608 0.811240
v 0.526304 0.046150 0.812000
v 0.528273 0.055405 0.810134
v 0.528500 0.046150 0.809804
v 0.529797 0.055153 0.809411
v 0.531500 0.046150 0.809000
v 0.531500 0.054643 0.809148
v 0.525500 0.046150 0.815000
v 0.525867 0.055801 0.813491
v 0.525679 0.055832 0.815349
v 0.501601 0.055748 0.774104
v 0.507921 0.055153 0.773390
v 0.507153 0.054888 0.771911
v 0.504567 0.055228 0.772537
v 0.502520 0.055604 0.773571
v 0.501568 0.055710 0.773752
v 0.501598 0.055748 0.774104
v 0.506298 0.054317 0.770335
v 0.427150 0.059150 0.802850
v 0.426004 0.059150 0.801909
v 0.422850 0.059150 0.802850
v 0.423996 0.059150 0.801909
v 0.422371 0.059150 0.803090
v 0.422850 0.059150 0.807150
v 0.421750 0.059150 0.805000
v 0.422371 0.059150 0.806910
v 0.423996 0.059150 0.808091
v 0.426004 0.059150 0.808091
v 0.427150 0.059150 0.807150
v 0.427629 0.059150 0.806910
v 0.428250 0.059150 0.805000
v 0.427629 0.059150 0.803090
v 0.427150 0.059150 0.822850
v 0.426004 0.059150 0.821909
v 0.422850 0.059150 0.822850
v 0.423996 0.059150 0.821909
v 0.422371 0.059150 0.823090
v 0.422850 0.059150 0.827150
v 0.421750 0.059150 0.825000
v 0.422371 0.059150 0.826910
v 0.423996 0.059150 0.828091
v 0.426004 0.059150 0.828091
v 0.427150 0.059150 0.827150
v 0.427629 0.059150 0.826910
v 0.428250 0.059150 0.825000
v 0.427629 0.059150 0.823090
v 0.189500 0.055051 0.857653
v 0.178500 0.055483 0.856932
v 0.189500 0.050638 0.862826
v 0.178500 0.050609 0.862718
v 0.189500 0.042850 0.869935
v 0.178500 0.042629 0.869987
v 0.190500 0.042850 0.869946
v 0.275000 0.042850 0.870868
v 0.275000 0.037350 0.874699
v 0.193500 0.037350 0.873865
v 0.178500 0.037287 0.873752
v 0.192053 0.037136 0.873986
v 0.190258 0.036156 0.874576
v 0.178500 0.031617 0.877000
v 0.188500 0.031803 0.877000
v 0.188500 0.032350 0.876715
v 0.188970 0.034467 0.875560
v 0.275000 0.043150 0.870868
v 0.275000 0.042850 0.870868
v 0.435402 0.043150 0.870868
v 0.435402 0.042850 0.870868
v 0.481526 0.043150 0.870483
v 0.481428 0.045019 0.869378
v 0.435402 0.043150 0.870868
v 0.497645 0.043236 0.868146
v 0.500575 0.044486 0.867082
v 0.496874 0.043150 0.868397
v 0.500368 0.045016 0.867129
v 0.496864 0.043150 0.868400
v 0.496380 0.046150 0.867870
v 0.494211 0.045038 0.868687
v 0.493554 0.047449 0.867279
v 0.486714 0.045607 0.868888
v 0.481428 0.045019 0.869378
v 0.481526 0.043150 0.870483
v 0.490103 0.043150 0.869889
v 0.495680 0.046739 0.867669
v 0.495375 0.047212 0.867396
v 0.495361 0.047254 0.867368
v 0.495079 0.048014 0.866762
v 0.502796 0.046150 0.866093
v 0.500508 0.043793 0.867098
v 0.439000 0.046150 0.868425
v 0.439000 0.046150 0.863000
v 0.439098 0.051786 0.863000
v 0.442000 0.046150 0.857804
v 0.439804 0.046150 0.860000
v 0.441671 0.046150 0.861918
v 0.439000 0.046150 0.863000
v 0.441671 0.046150 0.864082
v 0.448000 0.046150 0.857804
v 0.448329 0.046150 0.861918
v 0.450196 0.046150 0.860000
v 0.448329 0.046150 0.864082
v 0.451000 0.046150 0.863000
v 0.445000 0.046150 0.859500
v 0.447057 0.046150 0.860168
v 0.445000 0.046150 0.857000
v 0.442943 0.046150 0.860168
v 0.439000 0.046150 0.868425
v 0.445000 0.046150 0.866500
v 0.442943 0.046150 0.865832
v 0.451000 0.046150 0.868425
v 0.447057 0.046150 0.865832
v 0.451000 0.046150 0.868425
v 0.450902 0.051786 0.863000
v 0.451000 0.046150 0.863000
v 0.494041 0.046150 0.863110
v 0.494115 0.052893 0.861780
v 0.494269 0.050203 0.864648
v 0.494590 0.049245 0.865595
v 0.494590 0.046150 0.865595
v 0.494399 0.053926 0.860590
v 0.494399 0.046150 0.860590
v 0.494590 0.046150 0.865595
v 0.494590 0.049245 0.865595
v 0.495079 0.046150 0.866762
v 0.495079 0.048014 0.866762
v 0.283000 0.046150 0.868425
v 0.282902 0.051786 0.863000
v 0.283000 0.046150 0.863000
v 0.369098 0.051786 0.863000
v 0.369000 0.046150 0.868425
v 0.369000 0.046150 0.863000
v 0.372000 0.046150 0.857804
v 0.369804 0.046150 0.860000
v 0.371671 0.046150 0.861918
v 0.369000 0.046150 0.863000
v 0.371671 0.046150 0.864082
v 0.382000 0.046150 0.857000
v 0.378329 0.046150 0.861918
v 0.385000 0.046150 0.857804
v 0.387196 0.046150 0.860000
v 0.378329 0.046150 0.864082
v 0.388000 0.046150 0.863000
v 0.375000 0.046150 0.859500
v 0.377057 0.046150 0.860168
v 0.375000 0.046150 0.857000
v 0.372943 0.046150 0.860168
v 0.369000 0.046150 0.868425
v 0.375000 0.046150 0.866500
v 0.372943 0.046150 0.865832
v 0.388000 0.046150 0.868425
v 0.377057 0.046150 0.865832
v 0.388000 0.046150 0.868425
v 0.387902 0.051786 0.863000
v 0.388000 0.046150 0.863000
v 0.277000 0.050150 0.866500
v 0.277000 0.046150 0.866500
v 0.279057 0.050150 0.865832
v 0.279057 0.046150 0.865832
v 0.280329 0.050150 0.864082
v 0.280329 0.046150 0.864082
v 0.280329 0.050150 0.861918
v 0.280329 0.046150 0.861918
v 0.279057 0.050150 0.860168
v 0.279057 0.046150 0.860168
v 0.277000 0.050150 0.859500
v 0.277000 0.046150 0.859500
v 0.277000 0.050150 0.859500
v 0.277000 0.046150 0.859500
v 0.274943 0.050150 0.860168
v 0.274943 0.046150 0.860168
v 0.273671 0.050150 0.861918
v 0.273671 0.046150 0.861918
v 0.273671 0.050150 0.864082
v 0.273671 0.046150 0.864082
v 0.274943 0.050150 0.865832
v 0.274943 0.046150 0.865832
v 0.277000 0.050150 0.866500
v 0.277000 0.046150 0.866500
v 0.189500 0.063936 0.793694
v 0.189500 0.063921 0.836365
v 0.189500 0.063069 0.790530
v 0.189500 0.060967 0.845708
v 0.189500 0.060384 0.782799
v 0.189500 0.056987 0.854616
v 0.189500 0.056987 0.775384
v 0.189500 0.055051 0.857653
v 0.189500 0.055051 0.772347
v 0.189500 0.050638 0.862826
v 0.189500 0.050638 0.767174
v 0.189500 0.042850 0.869935
v 0.189500 0.042850 0.760065
v 0.189500 0.066094 0.824256
v 0.189500 0.064627 0.833362
v 0.189500 0.065630 0.802127
v 0.189500 0.066589 0.815032
v 0.189500 0.066482 0.810692
v 0.178500 0.055483 0.773068
v 0.189500 0.055051 0.772347
v 0.178500 0.051991 0.768796
v 0.189500 0.050638 0.767174
v 0.178500 0.045140 0.762062
v 0.189500 0.042850 0.760065
v 0.178500 0.038642 0.757133
v 0.190500 0.042850 0.760054
v 0.275000 0.042850 0.759132
v 0.240941 0.036166 0.754920
v 0.234178 0.036148 0.754978
v 0.228590 0.036093 0.755001
v 0.223243 0.035991 0.754993
v 0.218713 0.035857 0.754958
v 0.210613 0.035483 0.754817
v 0.203822 0.034995 0.754598
v 0.198283 0.034413 0.754318
v 0.197644 0.034329 0.754277
v 0.178526 0.031618 0.753000
v 0.178500 0.031617 0.753000
v 0.275000 0.036172 0.754577
v 0.435402 0.043150 0.759132
v 0.435402 0.042850 0.759132
v 0.275000 0.043150 0.759132
v 0.275000 0.042850 0.759132
v 0.195000 0.050150 0.859500
v 0.192943 0.050150 0.860168
v 0.197057 0.050150 0.860168
v 0.191671 0.050150 0.861918
v 0.198329 0.050150 0.861918
v 0.191671 0.050150 0.864082
v 0.198329 0.050150 0.864082
v 0.192943 0.050150 0.865832
v 0.197057 0.050150 0.865832
v 0.195000 0.050150 0.866500
v 0.496855 0.043150 0.761597
v 0.489166 0.043150 0.759990
v 0.490079 0.043851 0.760310
v 0.481526 0.043150 0.759517
v 0.483043 0.045118 0.760703
v 0.481428 0.045019 0.760622
v 0.489310 0.046167 0.761589
v 0.496316 0.048511 0.763703
v 0.496927 0.046150 0.762229
v 0.499571 0.044665 0.762559
v 0.502760 0.046150 0.763891
v 0.497036 0.043515 0.761661
v 0.496863 0.043417 0.761604
v 0.496678 0.043283 0.761544
v 0.496641 0.043210 0.761531
v 0.496316 0.048511 0.763703
v 0.495533 0.050391 0.765542
v 0.496927 0.046150 0.762229
v 0.495466 0.046150 0.765512
v 0.435402 0.043150 0.759132
v 0.481428 0.045019 0.760622
v 0.481526 0.043150 0.759517
v 0.501574 0.046150 0.773920
v 0.498507 0.046150 0.773434
v 0.499034 0.055796 0.773461
v 0.496093 0.046150 0.771479
v 0.496902 0.055505 0.772160
v 0.495249 0.053869 0.769343
v 0.495642 0.054662 0.770421
v 0.494980 0.046150 0.768580
v 0.495466 0.046150 0.765512
v 0.495072 0.052914 0.768243
v 0.504474 0.046150 0.772807
v 0.501568 0.055710 0.773752
v 0.502520 0.055604 0.773571
v 0.504567 0.055228 0.772537
v 0.506298 0.054317 0.770335
v 0.506428 0.046150 0.770393
v 0.495533 0.050391 0.765542
v 0.445000 0.046150 0.770500
v 0.445000 0.046150 0.773000
v 0.447057 0.046150 0.769832
v 0.448000 0.046150 0.772196
v 0.448329 0.046150 0.768082
v 0.450196 0.046150 0.770000
v 0.451000 0.046150 0.767000
v 0.439000 0.046150 0.767000
v 0.439804 0.046150 0.770000
v 0.441671 0.046150 0.768082
v 0.442000 0.046150 0.772196
v 0.442943 0.046150 0.769832
v 0.439000 0.046150 0.761575
v 0.441671 0.046150 0.765918
v 0.442943 0.046150 0.764168
v 0.445000 0.046150 0.763500
v 0.451000 0.046150 0.761575
v 0.447057 0.046150 0.764168
v 0.448329 0.046150 0.765918
v 0.439000 0.046150 0.767000
v 0.439000 0.046150 0.761575
v 0.439098 0.051786 0.767000
v 0.388000 0.046150 0.761575
v 0.388000 0.046150 0.767000
v 0.387902 0.051786 0.767000
v 0.450902 0.051786 0.767000
v 0.451000 0.046150 0.761575
v 0.451000 0.046150 0.767000
v 0.369000 0.046150 0.767000
v 0.369000 0.046150 0.761575
v 0.369098 0.051786 0.767000
v 0.385000 0.046150 0.772196
v 0.387196 0.046150 0.770000
v 0.382000 0.046150 0.773000
v 0.388000 0.046150 0.767000
v 0.378329 0.046150 0.768082
v 0.388000 0.046150 0.761575
v 0.378329 0.046150 0.765918
v 0.375000 0.046150 0.770500
v 0.375000 0.046150 0.773000
v 0.377057 0.046150 0.769832
v 0.369000 0.046150 0.767000
v 0.369804 0.046150 0.770000
v 0.371671 0.046150 0.768082
v 0.372000 0.046150 0.772196
v 0.372943 0.046150 0.769832
v 0.369000 0.046150 0.761575
v 0.371671 0.046150 0.765918
v 0.372943 0.046150 0.764168
v 0.375000 0.046150 0.763500
v 0.377057 0.046150 0.764168
v 0.277000 0.050150 0.770500
v 0.277000 0.046150 0.770500
v 0.279057 0.050150 0.769832
v 0.279057 0.046150 0.769832
v 0.280329 0.050150 0.768082
v 0.280329 0.046150 0.768082
v 0.280329 0.050150 0.765918
v 0.280329 0.046150 0.765918
v 0.279057 0.050150 0.764168
v 0.279057 0.046150 0.764168
v 0.277000 0.050150 0.763500
v 0.277000 0.046150 0.763500
v 0.277000 0.050150 0.763500
v 0.277000 0.046150 0.763500
v 0.274943 0.050150 0.764168
v 0.274943 0.046150 0.764168
v 0.273671 0.050150 0.765918
v 0.273671 0.046150 0.765918
v 0.273671 0.050150 0.768082
v 0.273671 0.046150 0.768082
v 0.274943 0.050150 0.769832
v 0.274943 0.046150 0.769832
v 0.277000 0.050150 0.770500
v 0.277000 0.046150 0.770500
v 0.195000 0.050150 0.763500
v 0.192943 0.050150 0.764168
v 0.197057 0.050150 0.764168
v 0.191671 0.050150 0.765918
v 0.198329 0.050150 0.765918
v 0.191671 0.050150 0.768082
v 0.198329 0.050150 0.768082
v 0.192943 0.050150 0.769832
v 0.197057 0.050150 0.769832
v 0.195000 0.050150 0.770500
v 0.217150 0.035650 0.802850
v 0.212850 0.035650 0.802850
v 0.217150 0.035650 0.807150
v 0.212850 0.035650 0.807150
v 0.494399 0.053926 0.860590
v 0.495152 0.046150 0.858878
v 0.494841 0.054746 0.859466
v 0.496173 0.046150 0.857495
v 0.496401 0.055727 0.857259
v 0.498804 0.046150 0.855694
v 0.498804 0.055955 0.855694
v 0.494399 0.046150 0.860590
v 0.513586 0.043150 0.770189
v 0.511141 0.049480 0.768590
v 0.520630 0.043150 0.776462
v 0.518732 0.049480 0.774708
v 0.526522 0.043150 0.783828
v 0.525144 0.049480 0.782051
v 0.531094 0.043150 0.792079
v 0.530183 0.049480 0.790397
v 0.534217 0.043150 0.800980
v 0.533695 0.049480 0.799492
v 0.535625 0.046150 0.809000
v 0.535573 0.049480 0.809058
v 0.534219 0.043150 0.829010
v 0.533695 0.049480 0.830508
v 0.531098 0.043150 0.837912
v 0.530183 0.049480 0.839603
v 0.526528 0.043150 0.846163
v 0.525144 0.049480 0.847949
v 0.520637 0.043150 0.853530
v 0.518732 0.049480 0.855292
v 0.513594 0.043150 0.859805
v 0.509014 0.046150 0.862836
v 0.505597 0.043150 0.864807
v 0.502796 0.046150 0.866093
v 0.500438 0.044405 0.867114
v 0.500368 0.045016 0.867129
v 0.535625 0.046150 0.821000
v 0.535801 0.043150 0.819711
v 0.535948 0.046150 0.815000
v 0.508106 0.046150 0.766624
v 0.505588 0.043150 0.765188
v 0.496641 0.043210 0.761531
v 0.496864 0.043150 0.761600
v 0.496855 0.043150 0.761597
v 0.500508 0.043793 0.867098
v 0.497645 0.043236 0.868146
v 0.496874 0.043150 0.868397
v 0.496678 0.043283 0.761544
v 0.496863 0.043417 0.761604
v 0.497036 0.043515 0.761661
v 0.499571 0.044665 0.762559
v 0.502760 0.046150 0.763891
v 0.508977 0.049112 0.862798
v 0.535573 0.049480 0.820942
v 0.535801 0.043150 0.810279
v 0.508046 0.048831 0.766644
v 0.511141 0.049480 0.861410
v 0.508977 0.049112 0.862798
v 0.511141 0.049480 0.861410
v 0.508563 0.051407 0.862124
v 0.510564 0.052079 0.860550
v 0.507858 0.053354 0.860744
v 0.507372 0.054163 0.859742
v 0.509467 0.054065 0.858914
v 0.507921 0.055153 0.856610
v 0.506810 0.054699 0.858737
v 0.531500 0.046150 0.821000
v 0.531500 0.054643 0.820852
v 0.532990 0.053754 0.820867
v 0.534216 0.052526 0.820889
v 0.535573 0.049480 0.820942
v 0.535625 0.046150 0.821000
v 0.531500 0.046150 0.809000
v 0.535625 0.046150 0.809000
v 0.535573 0.049480 0.809058
v 0.534216 0.052526 0.809111
v 0.532990 0.053754 0.809133
v 0.531500 0.054643 0.809148
v 0.506298 0.054317 0.770335
v 0.507153 0.054888 0.771911
v 0.506896 0.053407 0.769031
v 0.509409 0.054133 0.771172
v 0.507480 0.051919 0.767783
v 0.510545 0.052131 0.769479
v 0.508046 0.048831 0.766644
v 0.511141 0.049480 0.768590
v 0.507921 0.055153 0.773390
v 0.494399 0.046150 0.860590
v 0.496173 0.046150 0.857495
v 0.495152 0.046150 0.858878
v 0.497618 0.046150 0.860966
v 0.494041 0.046150 0.863110
v 0.497618 0.046150 0.863129
v 0.494590 0.046150 0.865595
v 0.496380 0.046150 0.867870
v 0.506810 0.046150 0.858737
v 0.504276 0.046150 0.860966
v 0.507372 0.046150 0.859742
v 0.504276 0.046150 0.863129
v 0.508837 0.046150 0.862600
v 0.500947 0.046150 0.858548
v 0.503004 0.046150 0.859216
v 0.501664 0.046150 0.855357
v 0.504412 0.046150 0.856220
v 0.504997 0.046150 0.856626
v 0.498804 0.046150 0.855694
v 0.498890 0.046150 0.859216
v 0.502796 0.046150 0.866093
v 0.503004 0.046150 0.864879
v 0.500947 0.046150 0.865548
v 0.498890 0.046150 0.864879
v 0.509014 0.046150 0.862836
v 0.495079 0.046150 0.866762
v 0.495361 0.046150 0.867368
v 0.495513 0.046150 0.867557
v 0.496124 0.046150 0.867828
v 0.504750 0.055441 0.856443
v 0.504412 0.055499 0.856220
v 0.504997 0.046150 0.856626
v 0.506810 0.046150 0.858737
v 0.506810 0.054699 0.858737
v 0.504412 0.046150 0.856220
v 0.528500 0.046150 0.809804
v 0.526304 0.046150 0.812000
v 0.528171 0.046150 0.813918
v 0.525500 0.046150 0.815000
v 0.528171 0.046150 0.816082
v 0.526304 0.046150 0.818000
v 0.528500 0.046150 0.820196
v 0.535625 0.046150 0.821000
v 0.535948 0.046150 0.815000
v 0.534829 0.046150 0.816082
v 0.535625 0.046150 0.809000
v 0.534829 0.046150 0.813918
v 0.531500 0.046150 0.809000
v 0.533557 0.046150 0.812168
v 0.531500 0.046150 0.818500
v 0.531500 0.046150 0.821000
v 0.533557 0.046150 0.817832
v 0.529443 0.046150 0.817832
v 0.531500 0.046150 0.811500
v 0.529443 0.046150 0.812168
v 0.422850 0.032096 0.807150
v 0.422850 0.059150 0.807150
v 0.426576 0.032556 0.807150
v 0.427150 0.059150 0.807150
v 0.427150 0.032556 0.807150
v 0.427150 0.059150 0.807150
v 0.427150 0.059150 0.802850
v 0.427150 0.032556 0.807150
v 0.427150 0.032668 0.802850
v 0.422850 0.032434 0.802850
v 0.425619 0.032668 0.802850
v 0.422850 0.059150 0.802850
v 0.427150 0.032668 0.802850
v 0.427150 0.059150 0.802850
v 0.422850 0.059150 0.802850
v 0.422850 0.059150 0.807150
v 0.422850 0.032434 0.802850
v 0.422850 0.032096 0.807150
v 0.422850 0.032434 0.827150
v 0.422850 0.059150 0.827150
v 0.425619 0.032668 0.827150
v 0.427150 0.059150 0.827150
v 0.427150 0.032668 0.827150
v 0.427150 0.059150 0.827150
v 0.427150 0.059150 0.822850
v 0.427150 0.032668 0.827150
v 0.427150 0.032556 0.822850
v 0.422850 0.032096 0.822850
v 0.426576 0.032556 0.822850
v 0.422850 0.059150 0.822850
v 0.427150 0.032556 0.822850
v 0.427150 0.059150 0.822850
v 0.422850 0.059150 0.822850
v 0.422850 0.059150 0.827150
v 0.422850 0.032096 0.822850
v 0.422850 0.032434 0.827150
v 0.192053 0.037136 0.873986
v 0.190258 0.036156 0.874576
v 0.191000 0.036680 0.870500
v 0.188970 0.034467 0.875560
v 0.189170 0.034850 0.870500
v 0.188500 0.032350 0.876715
v 0.188500 0.032350 0.870500
v 0.193500 0.037350 0.870500
v 0.193500 0.037350 0.873865
v 0.188500 -0.000150 0.882593
v 0.188500 -0.010239 0.882053
v 0.188500 0.008045 0.882237
v 0.188500 -0.016456 0.881175
v 0.188500 0.016156 0.881175
v 0.188500 -0.024401 0.879421
v 0.188500 0.022756 0.879769
v 0.188500 -0.032103 0.877000
v 0.188500 0.031803 0.877000
v 0.188500 -0.032650 0.876715
v 0.188500 0.032350 0.876715
v 0.188500 -0.032650 0.870500
v 0.188500 0.032350 0.870500
v 0.275000 0.037350 0.874699
v 0.193500 0.037350 0.873865
v 0.317033 0.037350 0.874699
v 0.356500 0.037350 0.874343
v 0.193500 0.037350 0.870500
v 0.356500 0.037350 0.870500
v 0.178500 0.023968 0.879709
v 0.178500 0.022852 0.880035
v 0.188500 0.022756 0.879769
v 0.178500 0.021732 0.880346
v 0.188500 0.016156 0.881175
v 0.178500 0.020606 0.880641
v 0.178500 0.019477 0.880921
v 0.178500 0.017206 0.881433
v 0.178500 0.016065 0.881665
v 0.178500 0.015122 0.881844
v 0.188500 0.008045 0.882237
v 0.178500 0.014177 0.882013
v 0.178500 0.013230 0.882171
v 0.178500 0.010034 0.882622
v 0.178500 0.008908 0.882751
v 0.178500 0.007779 0.882865
v 0.188500 -0.000150 0.882593
v 0.178500 0.006650 0.882964
v 0.178500 0.005518 0.883048
v 0.178500 0.000985 0.883232
v 0.178500 -0.000150 0.883239
v 0.178500 -0.001316 0.883231
v 0.188500 -0.010239 0.882053
v 0.178500 -0.002482 0.883207
v 0.178500 -0.003648 0.883167
v 0.178500 -0.008303 0.882844
v 0.178500 -0.009463 0.882723
v 0.178500 -0.010622 0.882586
v 0.188500 -0.016456 0.881175
v 0.178500 -0.011778 0.882434
v 0.178500 -0.012932 0.882265
v 0.178500 -0.015230 0.881879
v 0.178500 -0.016375 0.881663
v 0.178500 -0.017324 0.881471
v 0.188500 -0.024401 0.879421
v 0.178500 -0.018271 0.881268
v 0.178500 -0.019214 0.881054
v 0.178500 -0.022338 0.880262
v 0.178500 -0.023423 0.879957
v 0.178500 -0.024503 0.879638
v 0.188500 -0.032103 0.877000
v 0.178500 -0.025579 0.879304
v 0.178500 -0.026649 0.878955
v 0.188500 0.031803 0.877000
v 0.178500 0.031617 0.877000
v 0.178500 0.030543 0.877432
v 0.178500 0.029463 0.877849
v 0.178500 0.028376 0.878251
v 0.178500 0.027283 0.878638
v 0.178500 0.026184 0.879010
v 0.178500 0.025079 0.879367
v 0.178500 0.012281 0.882318
v 0.178500 0.011159 0.882477
v 0.178500 0.004386 0.883117
v 0.178500 0.003253 0.883170
v 0.178500 0.002119 0.883209
v 0.178500 -0.004813 0.883110
v 0.178500 -0.005977 0.883037
v 0.178500 -0.007141 0.882949
v 0.178500 -0.020155 0.880829
v 0.178500 -0.021249 0.880553
v 0.178500 -0.027714 0.878592
v 0.178500 -0.028774 0.878216
v 0.178500 -0.029827 0.877824
v 0.178500 -0.030875 0.877419
v 0.178500 -0.031917 0.877000
v 0.178500 0.018343 0.881185
v 0.178500 -0.014083 0.882080
v 0.435402 0.042850 0.870868
v 0.275000 0.042850 0.870868
v 0.317033 0.037350 0.874699
v 0.275000 0.037350 0.874699
v 0.178500 0.010226 0.882584
v 0.178500 0.010034 0.882622
v 0.178500 0.011370 0.882431
v 0.178500 0.011159 0.882477
v 0.178500 0.012512 0.882261
v 0.178500 0.012281 0.882318
v 0.178500 0.013651 0.882076
v 0.178500 0.013230 0.882171
v 0.178500 0.014177 0.882013
v 0.178500 0.014787 0.881875
v 0.178500 0.015122 0.881844
v 0.178500 0.015920 0.881658
v 0.178500 0.016065 0.881665
v 0.178500 0.017048 0.881425
v 0.178500 0.017206 0.881433
v 0.178500 0.018172 0.881176
v 0.178500 0.018343 0.881185
v 0.178500 0.019291 0.880912
v 0.178500 0.019477 0.880921
v 0.178500 0.020406 0.880633
v 0.178500 0.020606 0.880641
v 0.178500 0.021516 0.880337
v 0.178500 0.021732 0.880346
v 0.178500 0.022622 0.880027
v 0.178500 0.022852 0.880035
v 0.178500 0.023722 0.879701
v 0.178500 0.023968 0.879709
v 0.178500 0.024816 0.879360
v 0.178500 0.025079 0.879367
v 0.178500 0.025904 0.879004
v 0.178500 0.026184 0.879010
v 0.178500 0.026987 0.878633
v 0.178500 0.027283 0.878638
v 0.178500 0.027113 0.878584
v 0.178500 0.028376 0.878251
v 0.178500 0.056612 0.854552
v 0.178500 0.056768 0.855003
v 0.178500 0.058297 0.852016
v 0.178500 0.058394 0.852084
v 0.178500 0.058371 0.851888
v 0.178500 0.059880 0.848913
v 0.178500 0.059897 0.849096
v 0.178500 0.061261 0.845873
v 0.178500 0.061273 0.846042
v 0.178500 0.062512 0.842774
v 0.178500 0.062519 0.842931
v 0.178500 0.063630 0.839621
v 0.178500 0.063633 0.839766
v 0.178500 0.064686 0.836159
v 0.178500 0.064677 0.836324
v 0.178500 0.065567 0.832704
v 0.178500 0.065561 0.832841
v 0.178500 0.066291 0.829210
v 0.178500 0.066287 0.829319
v 0.178500 0.066856 0.825684
v 0.178500 0.066853 0.825766
v 0.178500 0.067259 0.822190
v 0.178500 0.036105 0.873922
v 0.178500 0.029463 0.877849
v 0.178500 0.030543 0.877432
v 0.178500 0.031617 0.877000
v 0.178500 0.037287 0.873752
v 0.178500 0.042629 0.869987
v 0.178500 0.044320 0.867997
v 0.178500 0.050609 0.862718
v 0.178500 0.050910 0.861680
v 0.178500 0.048807 0.863882
v 0.178500 0.046609 0.865989
v 0.178500 0.055483 0.856932
v 0.178500 0.054816 0.857011
v 0.178500 0.052915 0.859389
v 0.178500 -0.000150 0.883239
v 0.178500 0.000985 0.883232
v 0.178500 0.001007 0.883231
v 0.178500 0.002119 0.883209
v 0.178500 0.002163 0.883207
v 0.178500 0.003253 0.883170
v 0.178500 0.003319 0.883166
v 0.178500 0.004386 0.883117
v 0.178500 0.004473 0.883109
v 0.178500 0.005518 0.883048
v 0.178500 0.005627 0.883036
v 0.178500 0.006650 0.882964
v 0.178500 0.006780 0.882947
v 0.178500 0.007779 0.882865
v 0.178500 0.007930 0.882842
v 0.178500 0.008908 0.882751
v 0.178500 0.009079 0.882721
v 0.178500 0.067260 0.822135
v 0.178500 0.067503 0.818599
v 0.178500 0.067504 0.818571
v 0.178500 0.067585 0.815000
v 0.178500 0.055483 0.856932
v 0.189500 0.055051 0.857653
v 0.178500 0.056768 0.855003
v 0.189500 0.056987 0.854616
v 0.435402 0.043150 0.870868
v 0.435402 0.042850 0.870868
v 0.481526 0.043150 0.870483
v 0.481526 0.042850 0.870483
v 0.496864 0.042850 0.868400
v 0.496874 0.042850 0.868397
v 0.496864 0.043150 0.868400
v 0.496874 0.043150 0.868397
v 0.496864 0.042850 0.868400
v 0.496864 0.043150 0.868400
v 0.489165 0.042850 0.870010
v 0.490103 0.043150 0.869889
v 0.481526 0.042850 0.870483
v 0.481526 0.043150 0.870483
v 0.495079 0.046150 0.866762
v 0.495079 0.048014 0.866762
v 0.495361 0.046150 0.867368
v 0.495361 0.047254 0.867368
v 0.495361 0.047254 0.867368
v 0.495375 0.047212 0.867396
v 0.495513 0.046150 0.867557
v 0.495680 0.046739 0.867669
v 0.496124 0.046150 0.867828
v 0.496380 0.046150 0.867870
v 0.495361 0.046150 0.867368
v 0.500368 0.045016 0.867129
v 0.500575 0.044486 0.867082
v 0.500438 0.044405 0.867114
v 0.500508 0.043793 0.867098
v 0.445000 0.050150 0.866500
v 0.445000 0.046150 0.866500
v 0.447057 0.050150 0.865832
v 0.447057 0.046150 0.865832
v 0.448329 0.050150 0.864082
v 0.448329 0.046150 0.864082
v 0.448329 0.050150 0.861918
v 0.448329 0.046150 0.861918
v 0.447057 0.050150 0.860168
v 0.447057 0.046150 0.860168
v 0.445000 0.050150 0.859500
v 0.445000 0.046150 0.859500
v 0.445000 0.050150 0.859500
v 0.445000 0.046150 0.859500
v 0.442943 0.050150 0.860168
v 0.442943 0.046150 0.860168
v 0.441671 0.050150 0.861918
v 0.441671 0.046150 0.861918
v 0.441671 0.050150 0.864082
v 0.441671 0.046150 0.864082
v 0.442943 0.050150 0.865832
v 0.442943 0.046150 0.865832
v 0.445000 0.050150 0.866500
v 0.445000 0.046150 0.866500
v 0.375000 0.050150 0.866500
v 0.375000 0.046150 0.866500
v 0.377057 0.050150 0.865832
v 0.377057 0.046150 0.865832
v 0.378329 0.050150 0.864082
v 0.378329 0.046150 0.864082
v 0.378329 0.050150 0.861918
v 0.378329 0.046150 0.861918
v 0.377057 0.050150 0.860168
v 0.377057 0.046150 0.860168
v 0.375000 0.050150 0.859500
v 0.375000 0.046150 0.859500
v 0.375000 0.050150 0.859500
v 0.375000 0.046150 0.859500
v 0.372943 0.050150 0.860168
v 0.372943 0.046150 0.860168
v 0.371671 0.050150 0.861918
v 0.371671 0.046150 0.861918
v 0.371671 0.050150 0.864082
v 0.371671 0.046150 0.864082
v 0.372943 0.050150 0.865832
v 0.372943 0.046150 0.865832
v 0.375000 0.050150 0.866500
v 0.375000 0.046150 0.866500
v 0.277000 0.050150 0.859500
v 0.274943 0.050150 0.860168
v 0.279057 0.050150 0.860168
v 0.273671 0.050150 0.861918
v 0.280329 0.050150 0.861918
v 0.273671 0.050150 0.864082
v 0.280329 0.050150 0.864082
v 0.274943 0.050150 0.865832
v 0.279057 0.050150 0.865832
v 0.277000 0.050150 0.866500
v 0.178500 0.066853 0.825766
v 0.178500 0.066287 0.829319
v 0.189500 0.064627 0.833362
v 0.178500 0.065561 0.832841
v 0.189500 0.063921 0.836365
v 0.178500 0.064677 0.836324
v 0.189500 0.060967 0.845708
v 0.178500 0.063633 0.839766
v 0.178500 0.062519 0.842931
v 0.178500 0.059920 0.780952
v 0.178500 0.060396 0.781973
v 0.189500 0.060384 0.782799
v 0.178500 0.060858 0.783001
v 0.189500 0.063069 0.790530
v 0.178500 0.061306 0.784036
v 0.178500 0.061739 0.785078
v 0.178500 0.063324 0.789312
v 0.178500 0.063683 0.790385
v 0.178500 0.064026 0.791464
v 0.189500 0.063936 0.793694
v 0.178500 0.064354 0.792548
v 0.178500 0.064666 0.793638
v 0.178500 0.066285 0.800668
v 0.178500 0.066476 0.801759
v 0.189500 0.065630 0.802127
v 0.178500 0.066653 0.802852
v 0.189500 0.066482 0.810692
v 0.178500 0.066814 0.803948
v 0.178500 0.066960 0.805047
v 0.178500 0.067392 0.809459
v 0.178500 0.067461 0.810566
v 0.178500 0.067515 0.811674
v 0.189500 0.066589 0.815032
v 0.178500 0.067554 0.812782
v 0.178500 0.067577 0.813891
v 0.178500 0.067585 0.815000
v 0.178500 0.067503 0.818599
v 0.189500 0.066094 0.824256
v 0.178500 0.067259 0.822190
v 0.189500 0.056987 0.854616
v 0.178500 0.061273 0.846042
v 0.178500 0.059897 0.849096
v 0.178500 0.058394 0.852084
v 0.178500 0.056768 0.855003
v 0.189500 0.056987 0.775384
v 0.178500 0.056768 0.774997
v 0.178500 0.057327 0.775968
v 0.178500 0.057874 0.776949
v 0.178500 0.058406 0.777937
v 0.178500 0.058925 0.778934
v 0.178500 0.059429 0.779939
v 0.178500 0.062158 0.786127
v 0.178500 0.062561 0.787182
v 0.178500 0.062950 0.788244
v 0.178500 0.064820 0.794198
v 0.178500 0.065102 0.795266
v 0.178500 0.065368 0.796339
v 0.178500 0.065620 0.797416
v 0.178500 0.065856 0.798496
v 0.178500 0.066078 0.799581
v 0.178500 0.067091 0.806147
v 0.178500 0.067206 0.807250
v 0.178500 0.067307 0.808354
v 0.178500 0.055483 0.773068
v 0.178500 0.056768 0.774997
v 0.189500 0.055051 0.772347
v 0.189500 0.056987 0.775384
v 0.178500 0.066629 0.802774
v 0.178500 0.066653 0.802852
v 0.178500 0.066448 0.801674
v 0.178500 0.066476 0.801759
v 0.178500 0.066251 0.800576
v 0.178500 0.066285 0.800668
v 0.178500 0.066039 0.799481
v 0.178500 0.066078 0.799581
v 0.178500 0.065812 0.798390
v 0.178500 0.065856 0.798496
v 0.178500 0.065569 0.797302
v 0.178500 0.065620 0.797416
v 0.178500 0.065311 0.796218
v 0.178500 0.065368 0.796339
v 0.178500 0.065112 0.795427
v 0.178500 0.065102 0.795266
v 0.178500 0.064904 0.794638
v 0.178500 0.064820 0.794198
v 0.178500 0.064689 0.793851
v 0.178500 0.064666 0.793638
v 0.178500 0.064375 0.792761
v 0.178500 0.064354 0.792548
v 0.178500 0.064046 0.791675
v 0.178500 0.064026 0.791464
v 0.178500 0.063701 0.790595
v 0.178500 0.063683 0.790385
v 0.178500 0.063340 0.789519
v 0.178500 0.063324 0.789312
v 0.178500 0.062964 0.788449
v 0.178500 0.062950 0.788244
v 0.178500 0.062572 0.787384
v 0.178500 0.062561 0.787182
v 0.178500 0.062164 0.786326
v 0.178500 0.062158 0.786127
v 0.178500 0.061742 0.785273
v 0.178500 0.061739 0.785078
v 0.178500 0.061304 0.784228
v 0.178500 0.061306 0.784036
v 0.178500 0.060852 0.783190
v 0.178500 0.060858 0.783001
v 0.178500 0.060385 0.782159
v 0.178500 0.060396 0.781973
v 0.178500 0.059903 0.781135
v 0.178500 0.059920 0.780952
v 0.178500 0.059407 0.780119
v 0.178500 0.059429 0.779939
v 0.178500 0.058896 0.779111
v 0.178500 0.058925 0.778934
v 0.178500 0.058371 0.778112
v 0.178500 0.058406 0.777937
v 0.178500 0.058297 0.777984
v 0.178500 0.056384 0.775124
v 0.178500 0.057874 0.776949
v 0.178500 0.057327 0.775968
v 0.178500 0.056768 0.774997
v 0.178500 0.054332 0.772363
v 0.178500 0.055483 0.773068
v 0.178500 0.052145 0.769707
v 0.178500 0.051991 0.768796
v 0.178500 0.049828 0.767163
v 0.178500 0.047388 0.764737
v 0.178500 0.045140 0.762062
v 0.178500 0.044831 0.762436
v 0.178500 0.042162 0.760265
v 0.178500 0.038642 0.757133
v 0.178500 0.039388 0.758229
v 0.178500 0.031617 0.753000
v 0.178500 0.033555 0.754583
v 0.178500 0.036517 0.756333
v 0.178500 0.031285 0.752865
v 0.178500 0.029659 0.752773
v 0.178500 0.030509 0.752982
v 0.178500 0.067585 0.815000
v 0.178500 0.067577 0.813891
v 0.178500 0.067577 0.813884
v 0.178500 0.067554 0.812782
v 0.178500 0.067553 0.812768
v 0.178500 0.067515 0.811674
v 0.178500 0.067514 0.811653
v 0.178500 0.067461 0.810566
v 0.178500 0.067458 0.810538
v 0.178500 0.067392 0.809459
v 0.178500 0.067387 0.809424
v 0.178500 0.067307 0.808354
v 0.178500 0.067300 0.808312
v 0.178500 0.067206 0.807250
v 0.178500 0.067197 0.807200
v 0.178500 0.067091 0.806147
v 0.178500 0.067078 0.806091
v 0.178500 0.066960 0.805047
v 0.178500 0.066944 0.804983
v 0.178500 0.066814 0.803948
v 0.178500 0.066794 0.803878
v 0.178500 0.030681 0.752773
v 0.240943 0.034363 0.755111
v 0.240948 0.034015 0.755605
v 0.238286 0.034271 0.755221
v 0.234265 0.034068 0.755459
v 0.231985 0.034353 0.755110
v 0.229722 0.034065 0.755351
v 0.224581 0.034384 0.754955
v 0.224595 0.034028 0.755211
v 0.217618 0.034356 0.754779
v 0.217431 0.033929 0.754973
v 0.210185 0.034263 0.754554
v 0.211772 0.033816 0.754747
v 0.205725 0.033657 0.754467
v 0.200115 0.033454 0.754164
v 0.197790 0.033342 0.754021
v 0.203153 0.034093 0.754307
v 0.197644 0.034329 0.754277
v 0.203098 0.034642 0.754430
v 0.198283 0.034413 0.754318
v 0.203822 0.034995 0.754598
v 0.240939 0.035596 0.754718
v 0.240940 0.034935 0.754775
v 0.238276 0.035467 0.754731
v 0.238278 0.035019 0.754774
v 0.231961 0.035652 0.754800
v 0.231968 0.035188 0.754772
v 0.224538 0.035807 0.754889
v 0.224551 0.035326 0.754768
v 0.217571 0.035384 0.754759
v 0.224566 0.034830 0.754794
v 0.217595 0.034857 0.754693
v 0.210149 0.034805 0.754567
v 0.231976 0.034736 0.754883
v 0.238282 0.034603 0.754947
v 0.238275 0.035889 0.754815
v 0.231957 0.036069 0.754954
v 0.234178 0.036148 0.754978
v 0.228590 0.036093 0.755001
v 0.223243 0.035991 0.754993
v 0.218713 0.035857 0.754958
v 0.210613 0.035483 0.754817
v 0.210111 0.035343 0.754744
v 0.240941 0.036166 0.754920
v 0.275000 0.036172 0.754577
v 0.274999 0.035946 0.754466
v 0.240939 0.035596 0.754718
v 0.274998 0.035311 0.754365
v 0.240940 0.034935 0.754775
v 0.275000 0.034614 0.754585
v 0.240943 0.034363 0.755111
v 0.275007 0.034059 0.755188
v 0.240948 0.034015 0.755605
v 0.248195 0.033986 0.755610
v 0.240941 0.036166 0.754920
v 0.275007 0.033918 0.755628
v 0.416944 0.042063 0.758534
v 0.294664 0.036172 0.754577
v 0.275000 0.036172 0.754577
v 0.275000 0.042850 0.759132
v 0.435402 0.042850 0.759132
v 0.178500 0.031285 0.752865
v 0.178526 0.031618 0.753000
v 0.179003 0.031444 0.752926
v 0.178924 0.031611 0.752994
v 0.179107 0.031496 0.752946
v 0.179092 0.031587 0.752983
v 0.179140 0.031524 0.752957
v 0.179132 0.031570 0.752976
v 0.179144 0.031560 0.752972
v 0.178500 0.031617 0.753000
v 0.179149 0.031549 0.752967
v 0.179148 0.031537 0.752963
v 0.179003 0.031444 0.752926
v 0.179107 0.031496 0.752946
v 0.178500 0.030681 0.752773
v 0.179140 0.031524 0.752957
v 0.197790 0.033342 0.754021
v 0.179148 0.031537 0.752963
v 0.179149 0.031549 0.752967
v 0.197644 0.034329 0.754277
v 0.179144 0.031560 0.752972
v 0.179132 0.031570 0.752976
v 0.179092 0.031587 0.752983
v 0.178924 0.031611 0.752994
v 0.178526 0.031618 0.753000
v 0.178500 0.031285 0.752865
v 0.481526 0.043150 0.759517
v 0.481526 0.042850 0.759517
v 0.435402 0.043150 0.759132
v 0.435402 0.042850 0.759132
v 0.481526 0.042850 0.759517
v 0.481526 0.043150 0.759517
v 0.489253 0.042850 0.760001
v 0.489166 0.043150 0.759990
v 0.496864 0.042850 0.761600
v 0.496855 0.043150 0.761597
v 0.496864 0.043150 0.761600
v 0.503004 0.046150 0.770784
v 0.500947 0.046150 0.771452
v 0.501574 0.046150 0.773920
v 0.498890 0.046150 0.770784
v 0.498507 0.046150 0.773434
v 0.497618 0.046150 0.769034
v 0.496093 0.046150 0.771479
v 0.497618 0.046150 0.766871
v 0.494980 0.046150 0.768580
v 0.496927 0.046150 0.762229
v 0.495466 0.046150 0.765512
v 0.504276 0.046150 0.766871
v 0.508106 0.046150 0.766624
v 0.502760 0.046150 0.763891
v 0.506428 0.046150 0.770393
v 0.504276 0.046150 0.769034
v 0.504474 0.046150 0.772807
v 0.498890 0.046150 0.765121
v 0.500947 0.046150 0.764452
v 0.503004 0.046150 0.765121
v 0.506428 0.046150 0.770393
v 0.506298 0.054317 0.770335
v 0.506896 0.053407 0.769031
v 0.507480 0.051919 0.767783
v 0.508046 0.048831 0.766644
v 0.508106 0.046150 0.766624
v 0.445000 0.050150 0.770500
v 0.445000 0.046150 0.770500
v 0.447057 0.050150 0.769832
v 0.447057 0.046150 0.769832
v 0.448329 0.050150 0.768082
v 0.448329 0.046150 0.768082
v 0.448329 0.050150 0.765918
v 0.448329 0.046150 0.765918
v 0.447057 0.050150 0.764168
v 0.447057 0.046150 0.764168
v 0.445000 0.050150 0.763500
v 0.445000 0.046150 0.763500
v 0.445000 0.050150 0.763500
v 0.445000 0.046150 0.763500
v 0.442943 0.050150 0.764168
v 0.442943 0.046150 0.764168
v 0.441671 0.050150 0.765918
v 0.441671 0.046150 0.765918
v 0.441671 0.050150 0.768082
v 0.441671 0.046150 0.768082
v 0.442943 0.050150 0.769832
v 0.442943 0.046150 0.769832
v 0.445000 0.050150 0.770500
v 0.445000 0.046150 0.770500
v 0.375000 0.050150 0.770500
v 0.375000 0.046150 0.770500
v 0.377057 0.050150 0.769832
v 0.377057 0.046150 0.769832
v 0.378329 0.050150 0.768082
v 0.378329 0.046150 0.768082
v 0.378329 0.050150 0.765918
v 0.378329 0.046150 0.765918
v 0.377057 0.050150 0.764168
v 0.377057 0.046150 0.764168
v 0.375000 0.050150 0.763500
v 0.375000 0.046150 0.763500
v 0.375000 0.050150 0.763500
v 0.375000 0.046150 0.763500
v 0.372943 0.050150 0.764168
v 0.372943 0.046150 0.764168
v 0.371671 0.050150 0.765918
v 0.371671 0.046150 0.765918
v 0.371671 0.050150 0.768082
v 0.371671 0.046150 0.768082
v 0.372943 0.050150 0.769832
v 0.372943 0.046150 0.769832
v 0.375000 0.050150 0.770500
v 0.375000 0.046150 0.770500
v 0.277000 0.050150 0.763500
v 0.274943 0.050150 0.764168
v 0.279057 0.050150 0.764168
v 0.273671 0.050150 0.765918
v 0.280329 0.050150 0.765918
v 0.273671 0.050150 0.768082
v 0.280329 0.050150 0.768082
v 0.274943 0.050150 0.769832
v 0.279057 0.050150 0.769832
v 0.277000 0.050150 0.770500
v 0.496864 0.042850 0.761600
v 0.496864 0.043150 0.761600
v 0.505062 0.042850 0.764921
v 0.505588 0.043150 0.765188
v 0.512635 0.042850 0.769492
v 0.513586 0.043150 0.770189
v 0.519393 0.042850 0.775198
v 0.520630 0.043150 0.776462
v 0.525169 0.042850 0.781897
v 0.526522 0.043150 0.783828
v 0.529817 0.042850 0.789422
v 0.531094 0.043150 0.792079
v 0.533223 0.042850 0.797585
v 0.534217 0.043150 0.800980
v 0.535301 0.042850 0.806183
v 0.535801 0.043150 0.810279
v 0.536000 0.042850 0.815000
v 0.535801 0.043150 0.819711
v 0.535302 0.042850 0.823816
v 0.533224 0.042850 0.832412
v 0.534219 0.043150 0.829010
v 0.529819 0.042850 0.840574
v 0.531098 0.043150 0.837912
v 0.525172 0.042850 0.848099
v 0.526528 0.043150 0.846163
v 0.519398 0.042850 0.854797
v 0.520637 0.043150 0.853530
v 0.512641 0.042850 0.860503
v 0.513594 0.043150 0.859805
v 0.505070 0.042850 0.865075
v 0.505597 0.043150 0.864807
v 0.496874 0.042850 0.868397
v 0.496874 0.043150 0.868397
v 0.508563 0.051407 0.862124
v 0.507858 0.053354 0.860744
v 0.508837 0.046150 0.862600
v 0.509014 0.046150 0.862836
v 0.508977 0.049112 0.862798
v 0.507372 0.054163 0.859742
v 0.507372 0.046150 0.859742
v 0.507372 0.054163 0.859742
v 0.506810 0.054699 0.858737
v 0.507372 0.046150 0.859742
v 0.506810 0.046150 0.858737
v 0.500947 0.046150 0.858548
v 0.500947 0.050150 0.858548
v 0.503004 0.046150 0.859216
v 0.503004 0.050150 0.859216
v 0.504276 0.046150 0.860966
v 0.504276 0.050150 0.860966
v 0.504276 0.046150 0.863129
v 0.504276 0.050150 0.863129
v 0.503004 0.046150 0.864879
v 0.503004 0.050150 0.864879
v 0.500947 0.046150 0.865548
v 0.500947 0.050150 0.865548
v 0.500947 0.046150 0.865548
v 0.500947 0.050150 0.865548
v 0.498890 0.046150 0.864879
v 0.498890 0.050150 0.864879
v 0.497618 0.046150 0.863129
v 0.497618 0.050150 0.863129
v 0.497618 0.046150 0.860966
v 0.497618 0.050150 0.860966
v 0.498890 0.046150 0.859216
v 0.498890 0.050150 0.859216
v 0.500947 0.046150 0.858548
v 0.500947 0.050150 0.858548
v 0.531500 0.050150 0.818500
v 0.531500 0.046150 0.818500
v 0.533557 0.050150 0.817832
v 0.533557 0.046150 0.817832
v 0.534829 0.050150 0.816082
v 0.534829 0.046150 0.816082
v 0.534829 0.050150 0.813918
v 0.534829 0.046150 0.813918
v 0.533557 0.050150 0.812168
v 0.533557 0.046150 0.812168
v 0.531500 0.050150 0.811500
v 0.531500 0.046150 0.811500
v 0.531500 0.050150 0.811500
v 0.531500 0.046150 0.811500
v 0.529443 0.050150 0.812168
v 0.529443 0.046150 0.812168
v 0.528171 0.050150 0.813918
v 0.528171 0.046150 0.813918
v 0.528171 0.050150 0.816082
v 0.528171 0.046150 0.816082
v 0.529443 0.050150 0.817832
v 0.529443 0.046150 0.817832
v 0.531500 0.050150 0.818500
v 0.531500 0.046150 0.818500
v 0.442000 0.032350 0.815000
v 0.426592 0.032350 0.815000
v 0.426985 0.032360 0.814607
v 0.426883 0.032462 0.810713
v 0.426576 0.032556 0.807150
v 0.427150 0.032556 0.807150
v 0.427150 0.032668 0.802850
v 0.442000 0.033808 0.759330
v 0.422980 0.032830 0.796685
v 0.419899 0.032946 0.792244
v 0.418106 0.032997 0.790286
v 0.395198 0.033597 0.767378
v 0.385543 0.033732 0.762225
v 0.383540 0.033757 0.761278
v 0.380186 0.033794 0.759867
v 0.377385 0.033819 0.758918
v 0.375903 0.033829 0.758523
v 0.372507 0.033843 0.757971
v 0.371599 0.033845 0.757922
v 0.356203 0.033873 0.756829
v 0.299947 0.033900 0.755833
v 0.425619 0.032668 0.802850
v 0.422850 0.032096 0.807150
v 0.422251 0.031726 0.810815
v 0.420875 0.031554 0.806224
v 0.418560 0.030089 0.808810
v 0.416607 0.030339 0.801827
v 0.412997 0.025960 0.804401
v 0.409593 0.026728 0.798634
v 0.408067 0.022584 0.800052
v 0.411934 0.030037 0.796380
v 0.414865 0.032196 0.793505
v 0.418509 0.031764 0.799631
v 0.419899 0.032946 0.792244
v 0.422980 0.032830 0.796685
v 0.418072 0.029595 0.810869
v 0.414755 0.026278 0.810869
v 0.411694 0.023275 0.804891
v 0.409305 0.017888 0.802683
v 0.407499 0.018002 0.800500
v 0.412624 0.022099 0.810815
v 0.411175 0.017687 0.806522
v 0.422850 0.032434 0.802850
v 0.426576 0.032556 0.807150
v 0.426883 0.032462 0.810713
v 0.425619 0.032668 0.802850
v 0.411888 0.017468 0.810713
v 0.418106 0.032997 0.790286
v 0.426576 0.032556 0.822850
v 0.422850 0.032096 0.822850
v 0.422251 0.031726 0.819185
v 0.420300 0.031627 0.826040
v 0.417405 0.030270 0.826243
v 0.417312 0.031829 0.832385
v 0.413843 0.030496 0.832584
v 0.414865 0.032196 0.836495
v 0.411934 0.030037 0.833620
v 0.418072 0.029595 0.819131
v 0.414755 0.026278 0.819131
v 0.412997 0.025960 0.825598
v 0.412624 0.022099 0.819185
v 0.411694 0.023275 0.825108
v 0.411546 0.017615 0.822100
v 0.410049 0.017824 0.826100
v 0.408067 0.022584 0.829948
v 0.409593 0.026728 0.831366
v 0.422850 0.032434 0.827150
v 0.425234 0.032699 0.828338
v 0.422166 0.032865 0.834664
v 0.426883 0.032462 0.819287
v 0.425619 0.032668 0.827150
v 0.407499 0.018002 0.829500
v 0.411888 0.017468 0.819287
v 0.418106 0.032997 0.839714
v 0.426883 0.032462 0.819287
v 0.426985 0.032360 0.815393
v 0.442000 0.032350 0.815000
v 0.442000 0.033808 0.870670
v 0.427150 0.032556 0.822850
v 0.426576 0.032556 0.822850
v 0.385503 0.033851 0.872317
v 0.418106 0.032997 0.839714
v 0.422166 0.032865 0.834664
v 0.425234 0.032699 0.828338
v 0.425619 0.032668 0.827150
v 0.427150 0.032668 0.827150
v 0.426592 0.032350 0.815000
v 0.356500 -0.037650 0.870500
v 0.359000 -0.036980 0.870500
v 0.193500 -0.037650 0.870500
v 0.355000 -0.036650 0.870500
v 0.191000 -0.036980 0.870500
v 0.195000 -0.036650 0.870500
v 0.189170 -0.035150 0.870500
v 0.192500 -0.035980 0.870500
v 0.190670 -0.034150 0.870500
v 0.359000 0.036680 0.870500
v 0.356500 0.037350 0.870500
v 0.355000 0.036350 0.870500
v 0.193500 0.037350 0.870500
v 0.195000 0.036350 0.870500
v 0.191000 0.036680 0.870500
v 0.192500 0.035680 0.870500
v 0.189170 0.034850 0.870500
v 0.190670 0.033850 0.870500
v 0.188500 0.032350 0.870500
v 0.190000 0.031350 0.870500
v 0.190000 -0.031650 0.870500
v 0.188500 -0.032650 0.870500
v 0.360830 0.034850 0.870500
v 0.357500 0.035680 0.870500
v 0.361500 0.032350 0.870500
v 0.359330 0.033850 0.870500
v 0.360000 0.031350 0.870500
v 0.361500 -0.032650 0.870500
v 0.360000 -0.031650 0.870500
v 0.360830 -0.035150 0.870500
v 0.359330 -0.034150 0.870500
v 0.357500 -0.035980 0.870500
v 0.188515 -0.033042 0.876508
v 0.189485 -0.035629 0.875064
v 0.189170 -0.035150 0.870500
v 0.191069 -0.037019 0.874237
v 0.191000 -0.036980 0.870500
v 0.193500 -0.037650 0.873865
v 0.193500 -0.037650 0.870500
v 0.188500 -0.032650 0.870500
v 0.188500 -0.032650 0.876715
v 0.190500 -0.043150 0.869946
v 0.178500 -0.038942 0.872867
v 0.189500 -0.043150 0.869935
v 0.178500 -0.045440 0.867938
v 0.189500 -0.048431 0.865356
v 0.178500 -0.052291 0.861204
v 0.189500 -0.055351 0.857653
v 0.178500 -0.055783 0.856932
v 0.190990 -0.043150 0.869951
v 0.275000 -0.043150 0.870868
v 0.275000 -0.037650 0.874699
v 0.193500 -0.037650 0.873865
v 0.191069 -0.037019 0.874237
v 0.189485 -0.035629 0.875064
v 0.188515 -0.033042 0.876508
v 0.188500 -0.032650 0.876715
v 0.188500 -0.032103 0.877000
v 0.178500 -0.031917 0.877000
v 0.361331 0.033638 0.874483
v 0.360343 0.035549 0.874512
v 0.360830 0.034850 0.870500
v 0.359107 0.036616 0.874458
v 0.359000 0.036680 0.870500
v 0.356500 0.037350 0.874343
v 0.356500 0.037350 0.870500
v 0.361500 0.032350 0.870500
v 0.361500 0.032350 0.874478
v 0.356500 0.037350 0.874343
v 0.359107 0.036616 0.874458
v 0.481632 0.040264 0.870976
v 0.481526 0.042850 0.870483
v 0.435402 0.042850 0.870868
v 0.317033 0.037350 0.874699
v 0.360343 0.035549 0.874512
v 0.178500 -0.009463 0.882723
v 0.178500 -0.009379 0.882721
v 0.178500 -0.010622 0.882586
v 0.178500 -0.010526 0.882584
v 0.178500 -0.011778 0.882434
v 0.178500 -0.011670 0.882431
v 0.178500 -0.012932 0.882265
v 0.178500 -0.012812 0.882261
v 0.178500 -0.014083 0.882080
v 0.178500 -0.013951 0.882076
v 0.178500 -0.015230 0.881879
v 0.178500 -0.015087 0.881875
v 0.178500 -0.016375 0.881663
v 0.178500 -0.016220 0.881658
v 0.178500 -0.017324 0.881471
v 0.178500 -0.017348 0.881425
v 0.178500 -0.018271 0.881268
v 0.178500 -0.018471 0.881176
v 0.178500 -0.019214 0.881054
v 0.178500 -0.019591 0.880912
v 0.178500 -0.020155 0.880829
v 0.178500 -0.021249 0.880553
v 0.178500 -0.020706 0.880633
v 0.178500 -0.022338 0.880262
v 0.178500 -0.021816 0.880337
v 0.178500 -0.023423 0.879957
v 0.178500 -0.022921 0.880027
v 0.178500 -0.024503 0.879638
v 0.178500 -0.024021 0.879701
v 0.178500 -0.025579 0.879304
v 0.178500 -0.025116 0.879360
v 0.178500 -0.026649 0.878955
v 0.178500 -0.026204 0.879004
v 0.178500 -0.027714 0.878592
v 0.178500 -0.027287 0.878633
v 0.178500 -0.027413 0.878584
v 0.178500 -0.028774 0.878216
v 0.178500 -0.030323 0.877256
v 0.178500 -0.029827 0.877824
v 0.178500 -0.030875 0.877419
v 0.178500 -0.031917 0.877000
v 0.178500 -0.033169 0.875794
v 0.178500 -0.038942 0.872867
v 0.178500 -0.035944 0.874203
v 0.178500 -0.038642 0.872485
v 0.178500 -0.045440 0.867938
v 0.178500 -0.041259 0.870644
v 0.178500 -0.043787 0.868684
v 0.178500 -0.048559 0.864425
v 0.178500 -0.052291 0.861204
v 0.178500 -0.046222 0.866610
v 0.178500 -0.052916 0.859742
v 0.178500 -0.055783 0.856932
v 0.178500 -0.050792 0.862134
v 0.178500 -0.056823 0.854678
v 0.178500 -0.057068 0.855003
v 0.178500 -0.054928 0.857255
v 0.178500 -0.058712 0.852050
v 0.178500 -0.058671 0.851888
v 0.178500 -0.059233 0.851049
v 0.178500 -0.059194 0.850892
v 0.178500 -0.059739 0.850040
v 0.178500 -0.059703 0.849888
v 0.178500 -0.060231 0.849024
v 0.178500 -0.060198 0.848876
v 0.178500 -0.060709 0.847999
v 0.178500 -0.060678 0.847856
v 0.178500 -0.061172 0.846967
v 0.178500 -0.061144 0.846828
v 0.178500 -0.061621 0.845929
v 0.178500 -0.061595 0.845793
v 0.178500 -0.062055 0.844883
v 0.178500 -0.062031 0.844751
v 0.178500 -0.062474 0.843831
v 0.178500 -0.062453 0.843703
v 0.178500 -0.062878 0.842773
v 0.178500 -0.062860 0.842647
v 0.178500 -0.063267 0.841709
v 0.178500 -0.063251 0.841585
v 0.178500 -0.063641 0.840639
v 0.178500 -0.063627 0.840517
v 0.178500 -0.063999 0.839564
v 0.178500 -0.063988 0.839444
v 0.178500 -0.064342 0.838484
v 0.178500 -0.064334 0.838364
v 0.178500 -0.064669 0.837400
v 0.178500 -0.064663 0.837279
v 0.178500 -0.064980 0.836310
v 0.178500 -0.064977 0.836189
v 0.178500 -0.065213 0.835457
v 0.178500 -0.065265 0.835134
v 0.178500 -0.065435 0.834600
v 0.178500 -0.065538 0.834075
v 0.178500 -0.065649 0.833741
v 0.178500 -0.065852 0.832880
v 0.178500 -0.065804 0.832976
v 0.178500 -0.066097 0.831781
v 0.178500 -0.066055 0.831872
v 0.178500 -0.066326 0.830678
v 0.178500 -0.066289 0.830765
v 0.178500 -0.066540 0.829572
v 0.178500 -0.066508 0.829654
v 0.178500 -0.066738 0.828463
v 0.178500 -0.066711 0.828540
v 0.178500 -0.066921 0.827351
v 0.178500 -0.066897 0.827423
v 0.178500 -0.067068 0.826302
v 0.178500 -0.058597 0.852016
v 0.178500 -0.058178 0.853043
v 0.178500 -0.057630 0.854027
v 0.178500 -0.000150 0.883239
v 0.178500 -0.001306 0.883231
v 0.178500 -0.001316 0.883231
v 0.178500 -0.002463 0.883207
v 0.178500 -0.002482 0.883207
v 0.178500 -0.003618 0.883166
v 0.178500 -0.003648 0.883167
v 0.178500 -0.004773 0.883109
v 0.178500 -0.004813 0.883110
v 0.178500 -0.005927 0.883036
v 0.178500 -0.005977 0.883037
v 0.178500 -0.007079 0.882947
v 0.178500 -0.007141 0.882949
v 0.178500 -0.008230 0.882842
v 0.178500 -0.008303 0.882844
v 0.178500 -0.067088 0.826237
v 0.178500 -0.067223 0.825180
v 0.178500 -0.067239 0.825120
v 0.178500 -0.067361 0.824054
v 0.178500 -0.067374 0.824001
v 0.178500 -0.067484 0.822927
v 0.178500 -0.067493 0.822880
v 0.178500 -0.067590 0.821798
v 0.178500 -0.067597 0.821757
v 0.178500 -0.067680 0.820667
v 0.178500 -0.067685 0.820633
v 0.178500 -0.067754 0.819536
v 0.178500 -0.067757 0.819508
v 0.178500 -0.067811 0.818403
v 0.178500 -0.067813 0.818382
v 0.178500 -0.067852 0.817269
v 0.178500 -0.067853 0.817255
v 0.178500 -0.067877 0.816135
v 0.178500 -0.067877 0.816128
v 0.178500 -0.067885 0.815000
v 0.178500 -0.024021 0.879701
v 0.164201 -0.028250 0.878491
v 0.178500 -0.025116 0.879360
v 0.167254 -0.027794 0.878632
v 0.178500 -0.026204 0.879004
v 0.176061 -0.027348 0.878654
v 0.178500 -0.027287 0.878633
v 0.178500 0.023722 0.879701
v 0.160300 0.023747 0.880224
v 0.178500 0.022622 0.880027
v 0.161128 0.017827 0.882038
v 0.178500 0.021516 0.880337
v 0.178500 0.020406 0.880633
v 0.178500 0.018172 0.881176
v 0.178500 0.017048 0.881425
v 0.161892 0.009501 0.883655
v 0.178500 0.015920 0.881658
v 0.178500 0.014787 0.881875
v 0.178500 0.010226 0.882584
v 0.178500 0.009079 0.882721
v 0.162223 -0.000150 0.884292
v 0.178500 0.007930 0.882842
v 0.178500 0.006780 0.882947
v 0.178500 0.001007 0.883231
v 0.178500 -0.000150 0.883239
v 0.162022 -0.007595 0.883914
v 0.178500 -0.001306 0.883231
v 0.178500 -0.002463 0.883207
v 0.178500 -0.007079 0.882947
v 0.178500 -0.008230 0.882842
v 0.161384 -0.015836 0.882587
v 0.178500 -0.009379 0.882721
v 0.178500 -0.010526 0.882584
v 0.178500 -0.015087 0.881875
v 0.178500 -0.016220 0.881658
v 0.160300 -0.024046 0.880224
v 0.178500 -0.017348 0.881425
v 0.178500 -0.018471 0.881176
v 0.178500 0.024816 0.879360
v 0.178500 0.025904 0.879004
v 0.178500 0.026987 0.878633
v 0.170514 0.027260 0.878671
v 0.164715 0.027842 0.878529
v 0.162649 0.028451 0.878297
v 0.161159 0.029548 0.877819
v 0.160300 0.031194 0.877030
v 0.178500 0.011370 0.882431
v 0.178500 0.012512 0.882261
v 0.178500 0.013651 0.882076
v 0.178500 0.002163 0.883207
v 0.178500 0.003319 0.883166
v 0.178500 0.004473 0.883109
v 0.178500 0.005627 0.883036
v 0.178500 -0.005927 0.883036
v 0.178500 -0.004773 0.883109
v 0.178500 -0.003618 0.883166
v 0.178500 -0.013951 0.882076
v 0.178500 -0.012812 0.882261
v 0.178500 -0.011670 0.882431
v 0.160300 -0.031494 0.877030
v 0.161139 -0.029872 0.877808
v 0.162412 -0.028865 0.878250
v 0.178500 -0.022921 0.880027
v 0.178500 -0.021816 0.880337
v 0.178500 -0.020706 0.880633
v 0.178500 -0.019591 0.880912
v 0.178500 0.019291 0.880912
v 0.164880 0.027851 0.878523
v 0.162716 0.028451 0.878296
v 0.162649 0.028451 0.878297
v 0.161264 0.029464 0.877857
v 0.161159 0.029548 0.877819
v 0.160568 0.030579 0.877332
v 0.160300 0.031194 0.877030
v 0.160300 0.031314 0.876970
v 0.178500 0.026987 0.878633
v 0.178500 0.027113 0.878584
v 0.170514 0.027260 0.878671
v 0.168961 0.027419 0.878633
v 0.164715 0.027842 0.878529
v 0.178500 0.044320 0.867997
v 0.160328 0.040378 0.871460
v 0.178500 0.036105 0.873922
v 0.160300 0.031830 0.876705
v 0.168961 0.027419 0.878633
v 0.160568 0.030579 0.877332
v 0.161264 0.029464 0.877857
v 0.178500 0.046609 0.865989
v 0.178500 0.048807 0.863882
v 0.160300 0.045510 0.867397
v 0.178500 0.050910 0.861680
v 0.160328 0.052588 0.860264
v 0.160850 0.056972 0.854573
v 0.160300 0.055846 0.856167
v 0.160300 0.056189 0.855697
v 0.175696 0.058322 0.852068
v 0.167596 0.058285 0.852388
v 0.163851 0.058051 0.852873
v 0.162067 0.057677 0.853497
v 0.178500 0.052915 0.859389
v 0.178500 0.054816 0.857011
v 0.178500 0.056612 0.854552
v 0.178500 0.058297 0.852016
v 0.160300 0.044527 0.868238
v 0.178500 0.027113 0.878584
v 0.162716 0.028451 0.878296
v 0.164880 0.027851 0.878523
v 0.160300 0.031314 0.876970
v 0.164240 0.058118 0.852756
v 0.163851 0.058051 0.852873
v 0.167971 0.058331 0.852303
v 0.167596 0.058285 0.852388
v 0.178500 0.058371 0.851888
v 0.175696 0.058322 0.852068
v 0.178500 0.058297 0.852016
v 0.160300 0.056266 0.855589
v 0.160850 0.056972 0.854573
v 0.161120 0.057227 0.854194
v 0.162067 0.057677 0.853497
v 0.162407 0.057799 0.853301
v 0.160300 0.056189 0.855697
v 0.161120 0.057227 0.854194
v 0.162407 0.057799 0.853301
v 0.160300 0.060441 0.848964
v 0.164240 0.058118 0.852756
v 0.178500 0.059880 0.848913
v 0.167971 0.058331 0.852303
v 0.178500 0.058371 0.851888
v 0.178500 0.061261 0.845873
v 0.178500 0.062512 0.842774
v 0.178500 0.063630 0.839621
v 0.161798 0.064585 0.839841
v 0.178500 0.064686 0.836159
v 0.178500 0.065567 0.832704
v 0.178500 0.059903 0.781135
v 0.160300 0.060441 0.781036
v 0.178500 0.060385 0.782159
v 0.161222 0.063045 0.786330
v 0.178500 0.060852 0.783190
v 0.178500 0.061304 0.784228
v 0.178500 0.062164 0.786326
v 0.178500 0.062572 0.787384
v 0.162277 0.065866 0.793987
v 0.178500 0.062964 0.788449
v 0.178500 0.063340 0.789519
v 0.178500 0.064689 0.793851
v 0.178500 0.064904 0.794638
v 0.163038 0.067872 0.802471
v 0.178500 0.065112 0.795427
v 0.178500 0.065311 0.796218
v 0.178500 0.066448 0.801674
v 0.178500 0.066629 0.802774
v 0.163474 0.068892 0.812258
v 0.178500 0.066794 0.803878
v 0.178500 0.066944 0.804983
v 0.178500 0.067514 0.811653
v 0.178500 0.067553 0.812768
v 0.163342 0.068602 0.822098
v 0.178500 0.067577 0.813884
v 0.178500 0.067585 0.815000
v 0.178500 0.067504 0.818571
v 0.178500 0.067260 0.822135
v 0.162724 0.067066 0.831517
v 0.178500 0.066856 0.825684
v 0.178500 0.066291 0.829210
v 0.178500 0.059407 0.780119
v 0.178500 0.058896 0.779111
v 0.178500 0.058371 0.778112
v 0.168660 0.058347 0.777745
v 0.164567 0.058151 0.777306
v 0.162547 0.057836 0.776759
v 0.161078 0.057196 0.775759
v 0.160300 0.056266 0.774411
v 0.178500 0.064375 0.792761
v 0.178500 0.064046 0.791675
v 0.178500 0.063701 0.790595
v 0.178500 0.066251 0.800576
v 0.178500 0.066039 0.799481
v 0.178500 0.065812 0.798390
v 0.178500 0.065569 0.797302
v 0.178500 0.067458 0.810538
v 0.178500 0.067387 0.809424
v 0.178500 0.067300 0.808312
v 0.178500 0.067197 0.807200
v 0.178500 0.067078 0.806091
v 0.160300 0.056266 0.855589
v 0.178500 0.061742 0.785273
v 0.496874 0.042850 0.868397
v 0.499539 0.035188 0.867481
v 0.505070 0.042850 0.865075
v 0.507271 0.035097 0.863911
v 0.512641 0.042850 0.860503
v 0.512458 0.035014 0.860634
v 0.519398 0.042850 0.854797
v 0.517928 0.034901 0.856200
v 0.525172 0.042850 0.848099
v 0.523164 0.034760 0.850677
v 0.529819 0.042850 0.840574
v 0.527140 0.034621 0.845229
v 0.530933 0.034444 0.838277
v 0.533224 0.042850 0.832412
v 0.532885 0.034320 0.833417
v 0.535302 0.042850 0.823816
v 0.534493 0.034179 0.827902
v 0.536000 0.042850 0.815000
v 0.535967 0.033900 0.816926
v 0.536000 0.033850 0.815000
v 0.535880 0.033944 0.811330
v 0.535301 0.042850 0.806183
v 0.534538 0.034175 0.802289
v 0.533223 0.042850 0.797585
v 0.532917 0.034318 0.796674
v 0.529817 0.042850 0.789422
v 0.530872 0.034447 0.791591
v 0.525169 0.042850 0.781897
v 0.528499 0.034564 0.787002
v 0.524103 0.034730 0.780490
v 0.519393 0.042850 0.775198
v 0.518281 0.034892 0.774127
v 0.512635 0.042850 0.769492
v 0.513124 0.035001 0.769847
v 0.505062 0.042850 0.764921
v 0.505576 0.035120 0.765182
v 0.496864 0.042850 0.761600
v 0.500021 0.035183 0.762701
v 0.492252 0.041637 0.760357
v 0.494491 0.035229 0.760907
v 0.486191 0.040601 0.759343
v 0.488116 0.035263 0.759591
v 0.481643 0.040264 0.759024
v 0.481632 0.035277 0.759024
v 0.481632 0.040264 0.759024
v 0.490729 0.035251 0.869963
v 0.496864 0.042850 0.868400
v 0.490604 0.041291 0.869987
v 0.484471 0.040428 0.870821
v 0.481632 0.040264 0.870976
v 0.481632 0.035277 0.870976
v 0.489165 0.042850 0.870010
v 0.481526 0.042850 0.870483
v 0.481632 0.040264 0.870976
v 0.484471 0.040428 0.870821
v 0.490604 0.041291 0.869987
v 0.496864 0.042850 0.868400
v 0.445000 0.050150 0.859500
v 0.442943 0.050150 0.860168
v 0.447057 0.050150 0.860168
v 0.441671 0.050150 0.861918
v 0.448329 0.050150 0.861918
v 0.441671 0.050150 0.864082
v 0.448329 0.050150 0.864082
v 0.442943 0.050150 0.865832
v 0.447057 0.050150 0.865832
v 0.445000 0.050150 0.866500
v 0.375000 0.050150 0.859500
v 0.372943 0.050150 0.860168
v 0.377057 0.050150 0.860168
v 0.371671 0.050150 0.861918
v 0.378329 0.050150 0.861918
v 0.371671 0.050150 0.864082
v 0.378329 0.050150 0.864082
v 0.372943 0.050150 0.865832
v 0.377057 0.050150 0.865832
v 0.375000 0.050150 0.866500
v 0.178500 0.058297 0.777984
v 0.169171 0.058317 0.777712
v 0.168660 0.058347 0.777745
v 0.165110 0.058171 0.777354
v 0.164567 0.058151 0.777306
v 0.162907 0.057899 0.776866
v 0.162547 0.057836 0.776759
v 0.161415 0.057391 0.776057
v 0.161078 0.057196 0.775759
v 0.160690 0.056801 0.775176
v 0.160300 0.056266 0.774411
v 0.160300 0.056189 0.774303
v 0.178500 0.058371 0.778112
v 0.160333 0.050657 0.767578
v 0.178500 0.047388 0.764737
v 0.160300 0.045510 0.762603
v 0.178500 0.044831 0.762436
v 0.160300 0.044527 0.761763
v 0.178500 0.042162 0.760265
v 0.178500 0.039388 0.758229
v 0.160333 0.038009 0.756913
v 0.178500 0.036517 0.756333
v 0.161077 0.029693 0.752248
v 0.173946 0.030085 0.752686
v 0.162484 0.028558 0.751748
v 0.171672 0.029461 0.752343
v 0.164070 0.028017 0.751535
v 0.169287 0.027794 0.751537
v 0.168919 0.027422 0.751367
v 0.162907 0.057899 0.776866
v 0.165110 0.058171 0.777354
v 0.178500 0.049828 0.767163
v 0.169171 0.058317 0.777712
v 0.178500 0.052145 0.769707
v 0.178500 0.054332 0.772363
v 0.160690 0.056801 0.775176
v 0.161415 0.057391 0.776057
v 0.160300 0.031830 0.753295
v 0.160300 0.031314 0.753030
v 0.178500 0.033555 0.754583
v 0.178500 0.030509 0.752982
v 0.160300 0.055846 0.773833
v 0.160300 0.056189 0.774303
v 0.178500 0.056384 0.775124
v 0.178500 0.058297 0.777984
v 0.267248 -0.031313 0.758511
v 0.245393 -0.032328 0.757098
v 0.265199 0.031149 0.758379
v 0.240812 -0.032481 0.756802
v 0.240812 0.032181 0.756802
v 0.197790 -0.033642 0.754021
v 0.197790 0.033342 0.754021
v 0.178500 0.030681 0.752773
v 0.274672 0.030009 0.758991
v 0.274665 -0.030321 0.758991
v 0.274644 0.030044 0.758990
v 0.274594 -0.030382 0.758986
v 0.274565 0.030099 0.758984
v 0.274403 -0.030469 0.758974
v 0.274308 0.030201 0.758968
v 0.273369 -0.030705 0.758907
v 0.272934 0.030473 0.758879
v 0.274683 0.029983 0.758992
v 0.274684 -0.030268 0.758992
v 0.274681 -0.030291 0.758992
v 0.178500 -0.030981 0.752773
v 0.178500 -0.029958 0.752773
v 0.178500 -0.029915 0.752773
v 0.178500 0.029615 0.752773
v 0.178500 0.029659 0.752773
v 0.274684 0.029968 0.758992
v 0.174038 0.029212 0.752489
v 0.173946 0.030085 0.752686
v 0.178500 0.030509 0.752982
v 0.178500 0.029659 0.752773
v 0.178500 0.029615 0.752773
v 0.229722 0.034065 0.755351
v 0.240868 0.033278 0.756477
v 0.224595 0.034028 0.755211
v 0.240812 0.032181 0.756802
v 0.217431 0.033929 0.754973
v 0.197790 0.033342 0.754021
v 0.211772 0.033816 0.754747
v 0.205725 0.033657 0.754467
v 0.200115 0.033454 0.754164
v 0.234265 0.034068 0.755459
v 0.240948 0.034015 0.755605
v 0.275007 0.033918 0.755628
v 0.274959 0.033293 0.757223
v 0.254360 0.033235 0.756950
v 0.274913 0.031826 0.758541
v 0.268357 0.031865 0.758354
v 0.273258 0.030895 0.758845
v 0.274889 0.029967 0.758999
v 0.274747 0.030037 0.758995
v 0.274743 0.030050 0.758994
v 0.274707 0.030134 0.758991
v 0.274645 0.030220 0.758984
v 0.274407 0.030415 0.758961
v 0.240948 0.034015 0.755605
v 0.248195 0.033986 0.755610
v 0.274755 0.029968 0.758995
v 0.275007 0.033918 0.755628
v 0.275007 0.034059 0.755188
v 0.294664 0.034291 0.754852
v 0.275000 0.034614 0.754585
v 0.294664 0.035182 0.754378
v 0.274998 0.035311 0.754365
v 0.294664 0.036172 0.754577
v 0.274999 0.035946 0.754466
v 0.275000 0.036172 0.754577
v 0.294664 0.033901 0.755784
v 0.456939 0.041634 0.758678
v 0.308883 0.035985 0.754549
v 0.294664 0.036172 0.754577
v 0.416944 0.042063 0.758534
v 0.435402 0.042850 0.759132
v 0.481526 0.042850 0.759517
v 0.481632 0.040264 0.759024
v 0.356247 0.035373 0.755369
v 0.481643 0.040264 0.759024
v 0.481526 0.042850 0.759517
v 0.486191 0.040601 0.759343
v 0.489253 0.042850 0.760001
v 0.492252 0.041637 0.760357
v 0.496864 0.042850 0.761600
v 0.481632 0.040264 0.759024
v 0.500947 0.050150 0.771452
v 0.500947 0.046150 0.771452
v 0.503004 0.050150 0.770784
v 0.503004 0.046150 0.770784
v 0.504276 0.050150 0.769034
v 0.504276 0.046150 0.769034
v 0.504276 0.050150 0.766871
v 0.504276 0.046150 0.766871
v 0.503004 0.050150 0.765121
v 0.503004 0.046150 0.765121
v 0.500947 0.050150 0.764452
v 0.500947 0.046150 0.764452
v 0.500947 0.050150 0.764452
v 0.500947 0.046150 0.764452
v 0.498890 0.050150 0.765121
v 0.498890 0.046150 0.765121
v 0.497618 0.050150 0.766871
v 0.497618 0.046150 0.766871
v 0.497618 0.050150 0.769034
v 0.497618 0.046150 0.769034
v 0.498890 0.050150 0.770784
v 0.498890 0.046150 0.770784
v 0.500947 0.050150 0.771452
v 0.500947 0.046150 0.771452
v 0.445000 0.050150 0.763500
v 0.442943 0.050150 0.764168
v 0.447057 0.050150 0.764168
v 0.441671 0.050150 0.765918
v 0.448329 0.050150 0.765918
v 0.441671 0.050150 0.768082
v 0.448329 0.050150 0.768082
v 0.442943 0.050150 0.769832
v 0.447057 0.050150 0.769832
v 0.445000 0.050150 0.770500
v 0.375000 0.050150 0.763500
v 0.372943 0.050150 0.764168
v 0.377057 0.050150 0.764168
v 0.371671 0.050150 0.765918
v 0.378329 0.050150 0.765918
v 0.371671 0.050150 0.768082
v 0.378329 0.050150 0.768082
v 0.372943 0.050150 0.769832
v 0.377057 0.050150 0.769832
v 0.375000 0.050150 0.770500
v 0.500947 0.050150 0.858548
v 0.498890 0.050150 0.859216
v 0.503004 0.050150 0.859216
v 0.497618 0.050150 0.860966
v 0.504276 0.050150 0.860966
v 0.497618 0.050150 0.863129
v 0.504276 0.050150 0.863129
v 0.498890 0.050150 0.864879
v 0.503004 0.050150 0.864879
v 0.500947 0.050150 0.865548
v 0.531500 0.050150 0.811500
v 0.529443 0.050150 0.812168
v 0.533557 0.050150 0.812168
v 0.528171 0.050150 0.813918
v 0.534829 0.050150 0.813918
v 0.528171 0.050150 0.816082
v 0.534829 0.050150 0.816082
v 0.529443 0.050150 0.817832
v 0.533557 0.050150 0.817832
v 0.531500 0.050150 0.818500
v 0.442000 0.032350 0.815000
v 0.442000 0.033808 0.759330
v 0.442000 0.033808 0.870670
v 0.442000 0.033850 0.759013
v 0.442000 0.033850 0.870987
v 0.442000 0.033808 0.759330
v 0.356203 0.033873 0.756829
v 0.442000 0.033850 0.759013
v 0.356234 0.034326 0.755794
v 0.481600 0.033850 0.760061
v 0.481623 0.034395 0.759311
v 0.356247 0.035373 0.755369
v 0.476770 0.035281 0.758882
v 0.481632 0.035277 0.759024
v 0.426592 0.032350 0.815000
v 0.426985 0.032360 0.815393
v 0.423340 0.031914 0.814524
v 0.422062 0.031534 0.815500
v 0.420674 0.030973 0.814479
v 0.419001 0.030065 0.815541
v 0.418233 0.029550 0.814452
v 0.415465 0.026976 0.814447
v 0.416000 0.027583 0.815555
v 0.413430 0.023790 0.814477
v 0.413444 0.023819 0.815523
v 0.412353 0.020658 0.814531
v 0.412344 0.020616 0.815468
v 0.411990 0.017366 0.814607
v 0.411990 0.017366 0.815393
v 0.426985 0.032360 0.814607
v 0.308883 0.035985 0.754549
v 0.356247 0.035373 0.755369
v 0.298247 0.035215 0.754378
v 0.356234 0.034326 0.755794
v 0.298245 0.034243 0.754911
v 0.356203 0.033873 0.756829
v 0.299947 0.033900 0.755833
v 0.294664 0.033901 0.755784
v 0.294664 0.034291 0.754852
v 0.294664 0.035182 0.754378
v 0.294664 0.036172 0.754577
v 0.415465 0.026976 0.814447
v 0.413430 0.023790 0.814477
v 0.414755 0.026278 0.810869
v 0.412353 0.020658 0.814531
v 0.412624 0.022099 0.810815
v 0.411990 0.017366 0.814607
v 0.411888 0.017468 0.810713
v 0.423340 0.031914 0.814524
v 0.420674 0.030973 0.814479
v 0.422251 0.031726 0.810815
v 0.418233 0.029550 0.814452
v 0.418072 0.029595 0.810869
v 0.426985 0.032360 0.814607
v 0.426883 0.032462 0.810713
v 0.299947 0.033900 0.755833
v 0.371542 0.033275 0.759876
v 0.299889 0.033329 0.757787
v 0.371499 0.031816 0.761297
v 0.299847 0.031871 0.759208
v 0.371483 0.029846 0.761815
v 0.299830 0.029901 0.759726
v 0.371599 0.033845 0.757922
v 0.383540 0.033757 0.761278
v 0.381156 0.033428 0.761914
v 0.380186 0.033794 0.759867
v 0.379411 0.033799 0.759645
v 0.377385 0.033819 0.758918
v 0.376002 0.033703 0.759465
v 0.375903 0.033829 0.758523
v 0.372373 0.033397 0.759700
v 0.372507 0.033843 0.757971
v 0.371542 0.033275 0.759876
v 0.371599 0.033845 0.757922
v 0.385543 0.033732 0.762225
v 0.384987 0.033497 0.763356
v 0.380665 0.032213 0.763375
v 0.384488 0.032876 0.764359
v 0.373640 0.030466 0.761986
v 0.371483 0.029846 0.761815
v 0.373780 0.032293 0.761207
v 0.371499 0.031816 0.761297
v 0.377184 0.031422 0.762584
v 0.377576 0.032988 0.761419
v 0.390021 0.033452 0.765893
v 0.384488 0.032876 0.764359
v 0.384987 0.033497 0.763356
v 0.385543 0.033732 0.762225
v 0.395198 0.033597 0.767378
v 0.377048 0.029155 0.764286
v 0.409593 0.026728 0.798634
v 0.372924 0.025777 0.763592
v 0.408067 0.022584 0.800052
v 0.370866 0.022556 0.763251
v 0.407499 0.018002 0.800500
v 0.370140 0.018981 0.763140
v 0.382956 0.031802 0.765288
v 0.411934 0.030037 0.796380
v 0.390129 0.033321 0.766511
v 0.414865 0.032196 0.793505
v 0.395198 0.033597 0.767378
v 0.418106 0.032997 0.790286
v 0.409305 0.017888 0.802683
v 0.411175 0.017687 0.806522
v 0.410586 -0.000261 0.804983
v 0.411546 -0.017915 0.807900
v 0.410381 -0.003883 0.804542
v 0.410048 -0.018124 0.803899
v 0.409803 -0.006719 0.803469
v 0.408916 -0.008466 0.802137
v 0.408166 0.008761 0.801210
v 0.407499 0.018002 0.800500
v 0.409444 0.007328 0.802891
v 0.410298 0.004204 0.804375
v 0.407499 -0.018302 0.800500
v 0.407499 -0.009205 0.800500
v 0.411888 -0.017767 0.810713
v 0.411888 0.017468 0.810713
v 0.407499 0.008906 0.800500
v 0.407499 0.008906 0.829500
v 0.408916 0.008166 0.827863
v 0.410049 0.017824 0.826100
v 0.409803 0.006420 0.826531
v 0.411546 0.017615 0.822100
v 0.410381 0.003584 0.825458
v 0.410586 -0.000039 0.825017
v 0.407499 -0.009205 0.829500
v 0.407499 -0.018302 0.829500
v 0.408166 -0.009061 0.828790
v 0.409299 -0.018188 0.827325
v 0.409444 -0.007628 0.827109
v 0.411175 -0.017987 0.823478
v 0.410298 -0.004504 0.825625
v 0.411888 -0.017767 0.819287
v 0.411888 0.017468 0.819287
v 0.407499 0.018002 0.829500
v 0.369216 0.029371 0.873560
v 0.365591 0.026097 0.873834
v 0.409593 0.026728 0.831366
v 0.363652 0.022789 0.873979
v 0.408067 0.022584 0.829948
v 0.362974 0.019168 0.874026
v 0.407499 0.018002 0.829500
v 0.411934 0.030037 0.833620
v 0.374268 0.031935 0.873176
v 0.414865 0.032196 0.836495
v 0.379301 0.033303 0.872792
v 0.418106 0.032997 0.839714
v 0.385503 0.033851 0.872317
v 0.416000 0.027583 0.815555
v 0.414755 0.026278 0.819131
v 0.413444 0.023819 0.815523
v 0.412624 0.022099 0.819185
v 0.412344 0.020616 0.815468
v 0.411888 0.017468 0.819287
v 0.411990 0.017366 0.815393
v 0.419001 0.030065 0.815541
v 0.418072 0.029595 0.819131
v 0.422062 0.031534 0.815500
v 0.422251 0.031726 0.819185
v 0.426985 0.032360 0.815393
v 0.426883 0.032462 0.819287
v 0.385503 0.033851 0.872317
v 0.442000 0.033808 0.870670
v 0.385534 0.034304 0.873352
v 0.442000 0.033850 0.870987
v 0.481623 0.034395 0.870689
v 0.481600 0.033850 0.869939
v 0.481632 0.035277 0.870976
v 0.385547 0.035351 0.873777
v 0.360000 0.022850 0.874500
v 0.360000 0.022850 0.874522
v 0.360000 -0.023150 0.874500
v 0.360000 -0.023150 0.874522
v 0.360000 0.031350 0.870500
v 0.360000 0.031350 0.874500
v 0.360000 -0.031650 0.874500
v 0.360000 -0.031650 0.870500
v 0.201000 0.036350 0.874565
v 0.275000 0.036350 0.875316
v 0.275021 0.036350 0.875316
v 0.332771 0.036350 0.875316
v 0.345000 0.036350 0.874959
v 0.289000 0.036350 0.875316
v 0.345000 0.036350 0.874500
v 0.289000 0.036350 0.874500
v 0.275021 0.036350 0.875316
v 0.277000 0.036350 0.875316
v 0.201000 0.036350 0.874565
v 0.277000 0.036350 0.874500
v 0.201000 0.036350 0.874500
v 0.195000 0.036350 0.870500
v 0.195000 0.036350 0.874500
v 0.355000 0.036350 0.874500
v 0.355000 0.036350 0.870500
v 0.190000 -0.000129 0.882496
v 0.190000 0.010064 0.881952
v 0.190000 -0.008326 0.882148
v 0.190000 0.016155 0.881104
v 0.190000 -0.016452 0.881105
v 0.190000 0.022850 0.879701
v 0.190000 -0.023150 0.879701
v 0.190000 0.022850 0.874500
v 0.190000 -0.023150 0.874500
v 0.190000 -0.031650 0.870500
v 0.190000 -0.031650 0.874500
v 0.190000 0.031350 0.874500
v 0.190000 0.031350 0.870500
v 0.277000 -0.036650 0.875316
v 0.275021 -0.036650 0.875316
v 0.275000 -0.036650 0.875316
v 0.275000 -0.036650 0.875316
v 0.201000 -0.036650 0.874565
v 0.277000 -0.036650 0.875316
v 0.201000 -0.036650 0.874500
v 0.277000 -0.036650 0.874500
v 0.332771 -0.036650 0.875316
v 0.289000 -0.036650 0.875316
v 0.345000 -0.036650 0.874959
v 0.289000 -0.036650 0.874500
v 0.345000 -0.036650 0.874500
v 0.355000 -0.036650 0.870500
v 0.355000 -0.036650 0.874500
v 0.195000 -0.036650 0.874500
v 0.195000 -0.036650 0.870500
v 0.195000 -0.036650 0.870500
v 0.195000 -0.036650 0.874500
v 0.192500 -0.035980 0.870500
v 0.192500 -0.035980 0.874500
v 0.190670 -0.034150 0.870500
v 0.190670 -0.034150 0.874500
v 0.190000 -0.031650 0.870500
v 0.190000 -0.031650 0.874500
v 0.190000 0.031350 0.870500
v 0.190000 0.031350 0.874500
v 0.190670 0.033850 0.870500
v 0.190670 0.033850 0.874500
v 0.192500 0.035680 0.870500
v 0.192500 0.035680 0.874500
v 0.195000 0.036350 0.870500
v 0.195000 0.036350 0.874500
v 0.360000 -0.031650 0.870500
v 0.360000 -0.031650 0.874500
v 0.359330 -0.034150 0.870500
v 0.359330 -0.034150 0.874500
v 0.357500 -0.035980 0.870500
v 0.357500 -0.035980 0.874500
v 0.355000 -0.036650 0.870500
v 0.355000 -0.036650 0.874500
v 0.355000 0.036350 0.870500
v 0.355000 0.036350 0.874500
v 0.357500 0.035680 0.870500
v 0.357500 0.035680 0.874500
v 0.359330 0.033850 0.870500
v 0.359330 0.033850 0.874500
v 0.360000 0.031350 0.870500
v 0.360000 0.031350 0.874500
v 0.317033 -0.037650 0.874699
v 0.356500 -0.037650 0.874343
v 0.275000 -0.037650 0.874699
v 0.193500 -0.037650 0.873865
v 0.356500 -0.037650 0.870500
v 0.193500 -0.037650 0.870500
v 0.361500 -0.032650 0.870500
v 0.361500 -0.000150 0.874103
v 0.361500 0.032350 0.870500
v 0.361500 0.004564 0.874478
v 0.361500 0.032350 0.874478
v 0.361500 -0.032650 0.874478
v 0.361500 -0.004864 0.874478
v 0.361036 -0.034754 0.874492
v 0.360830 -0.035150 0.870500
v 0.360343 -0.035849 0.874512
v 0.359000 -0.036980 0.870500
v 0.358085 -0.037392 0.874383
v 0.356500 -0.037650 0.870500
v 0.356500 -0.037650 0.874343
v 0.361500 -0.032650 0.870500
v 0.361500 -0.032650 0.874478
v 0.282047 -0.054395 0.860030
v 0.369953 -0.054395 0.860030
v 0.282671 -0.053179 0.861456
v 0.369329 -0.053179 0.861456
v 0.282902 -0.051786 0.863000
v 0.369098 -0.051786 0.863000
v 0.283000 -0.046150 0.868425
v 0.369000 -0.046150 0.868425
v 0.275000 -0.043150 0.870868
v 0.388000 -0.046150 0.868425
v 0.439000 -0.046150 0.868425
v 0.439098 -0.051786 0.863000
v 0.387047 -0.054395 0.860030
v 0.439155 -0.054395 0.860030
v 0.387671 -0.053179 0.861456
v 0.439329 -0.053179 0.861456
v 0.387902 -0.051786 0.863000
v 0.481428 -0.045019 0.869378
v 0.483043 -0.045118 0.869297
v 0.451000 -0.046150 0.868425
v 0.489310 -0.046167 0.868411
v 0.495079 -0.048014 0.866762
v 0.450047 -0.054395 0.860030
v 0.494399 -0.053926 0.860590
v 0.450671 -0.053179 0.861456
v 0.494043 -0.051636 0.863161
v 0.450902 -0.051786 0.863000
v 0.435402 -0.043150 0.870868
v 0.317033 -0.037650 0.874699
v 0.275000 -0.037650 0.874699
v 0.450845 -0.054395 0.860030
v 0.451147 -0.054395 0.860030
v 0.480000 -0.054395 0.860030
v 0.275000 -0.046150 0.868425
v 0.494590 -0.049245 0.865595
v 0.439953 -0.054395 0.860030
v 0.201000 -0.046150 0.867580
v 0.200917 -0.050908 0.863000
v 0.271098 -0.051739 0.863000
v 0.200854 -0.051621 0.862233
v 0.271346 -0.053190 0.861395
v 0.199770 -0.053915 0.859588
v 0.272019 -0.054451 0.859923
v 0.257492 -0.054731 0.859380
v 0.198248 -0.055065 0.858141
v 0.196695 -0.055610 0.857417
v 0.195000 -0.055780 0.857168
v 0.190724 -0.055975 0.856848
v 0.190720 -0.055735 0.857167
v 0.271000 -0.046150 0.868380
v 0.190500 -0.043150 0.869946
v 0.275000 -0.046150 0.868425
v 0.190990 -0.043150 0.869951
v 0.275000 -0.043150 0.870868
v 0.190552 -0.046150 0.867461
v 0.190500 -0.043150 0.869946
v 0.189500 -0.043150 0.869935
v 0.190500 -0.043150 0.760054
v 0.189500 -0.043150 0.760065
v 0.189500 -0.060684 0.847201
v 0.189500 -0.063368 0.839470
v 0.189500 -0.061267 0.784292
v 0.189500 -0.064236 0.836306
v 0.189500 -0.064221 0.793635
v 0.189500 -0.065930 0.827873
v 0.189500 -0.064927 0.796638
v 0.189500 -0.066782 0.819308
v 0.189500 -0.066394 0.805744
v 0.189500 -0.055351 0.772347
v 0.189500 -0.057287 0.854616
v 0.189500 -0.057287 0.775384
v 0.189500 -0.055351 0.857653
v 0.189500 -0.050937 0.767174
v 0.189500 -0.048431 0.865356
v 0.189500 -0.043150 0.760065
v 0.189500 -0.043150 0.869935
v 0.189500 -0.066889 0.814968
v 0.178500 -0.055783 0.856932
v 0.178500 -0.057068 0.855003
v 0.189500 -0.055351 0.857653
v 0.189500 -0.057287 0.854616
v 0.375430 0.033811 0.874072
v 0.380776 0.035024 0.873916
v 0.361331 0.033638 0.874483
v 0.360343 0.035549 0.874512
v 0.385547 0.035351 0.873777
v 0.481632 0.035277 0.870976
v 0.481632 0.040264 0.870976
v 0.361500 0.032350 0.874478
v 0.361500 0.004564 0.874478
v 0.361957 0.006800 0.874465
v 0.361957 0.019168 0.874465
v 0.362434 0.022436 0.874451
v 0.364344 0.026307 0.874395
v 0.367035 0.029245 0.874317
v 0.370642 0.031751 0.874212
v 0.178500 -0.067153 0.804234
v 0.178500 -0.066587 0.800681
v 0.189500 -0.064927 0.796638
v 0.178500 -0.065861 0.797159
v 0.189500 -0.064221 0.793635
v 0.178500 -0.064977 0.793676
v 0.189500 -0.061267 0.784292
v 0.178500 -0.063933 0.790234
v 0.178500 -0.062819 0.787069
v 0.178500 -0.060231 0.849024
v 0.178500 -0.060709 0.847999
v 0.189500 -0.060684 0.847201
v 0.178500 -0.061172 0.846967
v 0.189500 -0.063368 0.839470
v 0.178500 -0.061621 0.845929
v 0.178500 -0.062055 0.844883
v 0.178500 -0.063641 0.840639
v 0.178500 -0.063999 0.839564
v 0.178500 -0.064342 0.838484
v 0.189500 -0.064236 0.836306
v 0.178500 -0.064669 0.837400
v 0.178500 -0.064980 0.836310
v 0.178500 -0.066540 0.829572
v 0.178500 -0.066738 0.828463
v 0.189500 -0.065930 0.827873
v 0.178500 -0.066921 0.827351
v 0.189500 -0.066782 0.819308
v 0.178500 -0.067088 0.826237
v 0.178500 -0.067239 0.825120
v 0.178500 -0.067685 0.820633
v 0.178500 -0.067757 0.819508
v 0.178500 -0.067813 0.818382
v 0.189500 -0.066889 0.814968
v 0.178500 -0.067853 0.817255
v 0.178500 -0.067877 0.816128
v 0.178500 -0.067885 0.815000
v 0.178500 -0.067803 0.811401
v 0.189500 -0.066394 0.805744
v 0.178500 -0.067559 0.807810
v 0.189500 -0.057287 0.775384
v 0.178500 -0.061572 0.783958
v 0.178500 -0.060197 0.780904
v 0.178500 -0.058694 0.777916
v 0.178500 -0.057068 0.774997
v 0.189500 -0.057287 0.854616
v 0.178500 -0.057068 0.855003
v 0.178500 -0.057630 0.854027
v 0.178500 -0.058178 0.853043
v 0.178500 -0.058712 0.852050
v 0.178500 -0.059233 0.851049
v 0.178500 -0.059739 0.850040
v 0.178500 -0.062474 0.843831
v 0.178500 -0.062878 0.842773
v 0.178500 -0.063267 0.841709
v 0.178500 -0.065213 0.835457
v 0.178500 -0.065435 0.834600
v 0.178500 -0.065649 0.833741
v 0.178500 -0.065852 0.832880
v 0.178500 -0.066097 0.831781
v 0.178500 -0.066326 0.830678
v 0.178500 -0.067374 0.824001
v 0.178500 -0.067493 0.822880
v 0.178500 -0.067597 0.821757
v 0.160300 -0.056567 0.774413
v 0.161297 -0.057633 0.775967
v 0.160300 -0.060741 0.781036
v 0.162930 -0.058213 0.776888
v 0.178500 -0.060154 0.781034
v 0.165292 -0.058497 0.777400
v 0.170228 -0.058651 0.777800
v 0.178500 -0.061543 0.784086
v 0.178500 -0.062801 0.787199
v 0.178500 -0.063925 0.790365
v 0.161771 -0.064814 0.789967
v 0.178500 -0.064986 0.793841
v 0.178500 -0.065867 0.797296
v 0.178500 -0.060198 0.848876
v 0.160300 -0.060741 0.848964
v 0.178500 -0.060678 0.847856
v 0.161367 -0.063736 0.842758
v 0.178500 -0.061144 0.846828
v 0.178500 -0.061595 0.845793
v 0.178500 -0.062860 0.842647
v 0.178500 -0.063251 0.841585
v 0.162426 -0.066569 0.834631
v 0.178500 -0.063627 0.840517
v 0.178500 -0.063988 0.839444
v 0.178500 -0.065265 0.835134
v 0.178500 -0.065538 0.834075
v 0.163181 -0.068523 0.825289
v 0.178500 -0.065804 0.832976
v 0.178500 -0.066055 0.831872
v 0.178500 -0.067068 0.826302
v 0.178500 -0.067223 0.825180
v 0.163497 -0.069241 0.815500
v 0.178500 -0.067361 0.824054
v 0.178500 -0.067484 0.822927
v 0.178500 -0.067852 0.817269
v 0.178500 -0.067877 0.816135
v 0.163800 -0.069214 0.815500
v 0.178500 -0.067885 0.815000
v 0.164119 -0.069186 0.815385
v 0.164291 -0.069171 0.815093
v 0.164300 -0.069170 0.815000
v 0.164238 -0.069175 0.814759
v 0.178500 -0.067803 0.811429
v 0.163984 -0.069197 0.814535
v 0.163800 -0.069214 0.814500
v 0.163497 -0.069241 0.814500
v 0.163338 -0.068893 0.807811
v 0.178500 -0.067560 0.807865
v 0.162705 -0.067316 0.798270
v 0.178500 -0.067155 0.804316
v 0.178500 -0.066591 0.800790
v 0.178500 -0.059703 0.849888
v 0.178500 -0.059194 0.850892
v 0.178500 -0.058671 0.851888
v 0.170383 -0.058674 0.852155
v 0.164569 -0.058451 0.852694
v 0.162543 -0.058135 0.853243
v 0.161075 -0.057493 0.854244
v 0.160300 -0.056566 0.855589
v 0.178500 -0.062453 0.843703
v 0.178500 -0.062031 0.844751
v 0.178500 -0.064977 0.836189
v 0.178500 -0.064663 0.837279
v 0.178500 -0.064334 0.838364
v 0.178500 -0.066897 0.827423
v 0.178500 -0.066711 0.828540
v 0.178500 -0.066508 0.829654
v 0.178500 -0.066289 0.830765
v 0.178500 -0.067811 0.818403
v 0.178500 -0.067754 0.819536
v 0.178500 -0.067680 0.820667
v 0.178500 -0.067590 0.821798
v 0.178500 -0.058636 0.778047
v 0.160321 -0.056568 0.774414
v 0.162416 -0.058084 0.853325
v 0.162543 -0.058135 0.853243
v 0.164404 -0.058412 0.852760
v 0.164569 -0.058451 0.852694
v 0.168207 -0.058600 0.852345
v 0.170383 -0.058674 0.852155
v 0.178500 -0.058597 0.852016
v 0.178500 -0.058671 0.851888
v 0.160300 -0.056488 0.855697
v 0.160300 -0.056566 0.855589
v 0.160734 -0.057150 0.854752
v 0.161075 -0.057493 0.854244
v 0.162416 -0.058084 0.853325
v 0.164404 -0.058412 0.852760
v 0.160734 -0.057150 0.854752
v 0.168207 -0.058600 0.852345
v 0.178500 -0.050792 0.862134
v 0.178500 -0.052916 0.859742
v 0.160333 -0.050957 0.862422
v 0.178500 -0.048559 0.864425
v 0.160300 -0.045810 0.867397
v 0.178500 -0.046222 0.866610
v 0.160300 -0.044827 0.868237
v 0.178500 -0.043787 0.868684
v 0.178500 -0.041259 0.870644
v 0.160300 -0.032130 0.876705
v 0.160333 -0.038309 0.873087
v 0.160977 -0.030132 0.877687
v 0.178500 -0.038642 0.872485
v 0.162121 -0.029056 0.878169
v 0.163515 -0.028464 0.878410
v 0.176359 -0.027452 0.878608
v 0.167734 -0.027807 0.878619
v 0.178500 -0.035944 0.874203
v 0.178500 -0.033169 0.875794
v 0.178500 -0.030323 0.877256
v 0.178500 -0.027413 0.878584
v 0.178500 -0.058597 0.852016
v 0.178500 -0.056823 0.854678
v 0.178500 -0.054928 0.857255
v 0.160300 -0.031613 0.876970
v 0.160300 -0.056145 0.856167
v 0.160300 -0.056488 0.855697
v 0.178500 -0.027413 0.878584
v 0.178500 -0.027287 0.878633
v 0.176359 -0.027452 0.878608
v 0.176061 -0.027348 0.878654
v 0.167734 -0.027807 0.878619
v 0.167254 -0.027794 0.878632
v 0.163515 -0.028464 0.878410
v 0.164201 -0.028250 0.878491
v 0.162412 -0.028865 0.878250
v 0.160300 -0.031494 0.877030
v 0.160977 -0.030132 0.877687
v 0.161139 -0.029872 0.877808
v 0.162121 -0.029056 0.878169
v 0.160300 -0.031613 0.876970
v 0.160300 -0.000150 0.884397
v 0.160300 0.004444 0.884248
v 0.160300 -0.010506 0.883635
v 0.160300 0.013705 0.883027
v 0.160300 -0.020681 0.881346
v 0.160300 0.023747 0.880224
v 0.160300 -0.024046 0.880224
v 0.160300 -0.031494 0.877030
v 0.160300 0.031194 0.877030
v 0.160300 -0.031613 0.876970
v 0.160300 0.031314 0.876970
v 0.160300 -0.032130 0.876705
v 0.160300 0.031830 0.876705
v 0.160300 -0.038711 0.872820
v 0.160300 0.038411 0.872821
v 0.160300 -0.044827 0.868237
v 0.160300 0.044527 0.868238
v 0.160300 -0.045810 0.867397
v 0.160300 0.045510 0.867397
v 0.160300 -0.051286 0.862066
v 0.160300 0.050987 0.862066
v 0.160300 -0.056145 0.856167
v 0.160300 0.055846 0.856167
v 0.160300 -0.056488 0.855697
v 0.160300 0.056189 0.855697
v 0.160300 -0.056566 0.855589
v 0.160300 0.056266 0.855589
v 0.160300 -0.060741 0.848964
v 0.160300 0.060441 0.848964
v 0.160300 -0.065105 0.839467
v 0.160300 0.060788 0.848331
v 0.160300 0.064976 0.839001
v 0.160300 0.067786 0.828976
v 0.160300 -0.067983 0.829477
v 0.160300 -0.069479 0.814500
v 0.160300 -0.068650 0.814500
v 0.160300 -0.068930 0.806190
v 0.160300 0.068893 0.808630
v 0.160300 -0.066875 0.795982
v 0.160300 0.067218 0.798454
v 0.160300 -0.064153 0.788106
v 0.160300 0.064427 0.789537
v 0.160300 -0.060741 0.781036
v 0.160300 0.060441 0.781036
v 0.160300 -0.056567 0.774413
v 0.160300 0.056266 0.774411
v 0.160300 -0.056500 0.774319
v 0.160300 0.056189 0.774303
v 0.160300 -0.056145 0.773833
v 0.160300 0.055846 0.773833
v 0.160300 -0.051286 0.767934
v 0.160300 0.050987 0.767934
v 0.160300 -0.045810 0.762603
v 0.160300 0.045510 0.762603
v 0.160300 -0.044827 0.761762
v 0.160300 0.044527 0.761763
v 0.160300 -0.038711 0.757179
v 0.160300 0.038412 0.757180
v 0.160300 -0.032130 0.753295
v 0.160300 0.031830 0.753295
v 0.160300 -0.031613 0.753030
v 0.160300 0.031314 0.753030
v 0.160300 -0.031494 0.752970
v 0.160300 0.031194 0.752970
v 0.160300 -0.024046 0.749776
v 0.160300 0.023747 0.749776
v 0.160300 -0.014005 0.746973
v 0.160300 0.020382 0.748654
v 0.160300 0.010207 0.746365
v 0.160300 -0.000150 0.745603
v 0.160300 -0.004744 0.745752
v 0.160300 0.069015 0.819833
v 0.160300 -0.068650 0.815500
v 0.160300 -0.069479 0.815500
v 0.160300 -0.069289 0.820196
v 0.162223 -0.000150 0.884292
v 0.160300 -0.000150 0.884397
v 0.162022 -0.007595 0.883914
v 0.160300 -0.010506 0.883635
v 0.161384 -0.015836 0.882587
v 0.160300 -0.020681 0.881346
v 0.160300 -0.024046 0.880224
v 0.160300 -0.000150 0.884397
v 0.162223 -0.000150 0.884292
v 0.160300 0.004444 0.884248
v 0.161892 0.009501 0.883655
v 0.160300 0.013705 0.883027
v 0.161128 0.017827 0.882038
v 0.160300 0.023747 0.880224
v 0.160300 0.055846 0.856167
v 0.160300 0.050987 0.862066
v 0.160328 0.052588 0.860264
v 0.160300 0.045510 0.867397
v 0.160300 0.044527 0.868238
v 0.160300 0.038411 0.872821
v 0.160328 0.040378 0.871460
v 0.160300 0.031830 0.876705
v 0.163342 0.068602 0.822098
v 0.160300 0.069015 0.819833
v 0.162724 0.067066 0.831517
v 0.160300 0.067786 0.828976
v 0.161798 0.064585 0.839841
v 0.160300 0.064976 0.839001
v 0.160300 0.060788 0.848331
v 0.161222 0.063045 0.786330
v 0.160300 0.064427 0.789537
v 0.162277 0.065866 0.793987
v 0.160300 0.067218 0.798454
v 0.163038 0.067872 0.802471
v 0.160300 0.068893 0.808630
v 0.163474 0.068892 0.812258
v 0.160300 0.060441 0.781036
v 0.160300 0.060441 0.848964
v 0.481632 0.035277 0.870976
v 0.481623 0.034395 0.870689
v 0.490729 0.035251 0.869963
v 0.492798 0.034372 0.869234
v 0.499539 0.035188 0.867481
v 0.503504 0.034275 0.865523
v 0.507271 0.035097 0.863911
v 0.512458 0.035014 0.860634
v 0.523164 0.034760 0.850677
v 0.517928 0.034901 0.856200
v 0.525983 0.033850 0.846547
v 0.521595 0.033923 0.852070
v 0.519710 0.033850 0.853943
v 0.513246 0.033850 0.859405
v 0.513237 0.034123 0.859722
v 0.506715 0.033850 0.863452
v 0.499063 0.033850 0.866777
v 0.490844 0.033850 0.868961
v 0.481600 0.033850 0.869939
v 0.535369 0.033850 0.823285
v 0.534493 0.034179 0.827902
v 0.533187 0.033850 0.832313
v 0.532885 0.034320 0.833417
v 0.530207 0.033850 0.839494
v 0.530933 0.034444 0.838277
v 0.527140 0.034621 0.845229
v 0.536000 0.033850 0.815000
v 0.535967 0.033900 0.816926
v 0.476770 0.035281 0.758882
v 0.481632 0.040264 0.759024
v 0.481632 0.035277 0.759024
v 0.356247 0.035373 0.755369
v 0.525307 0.033850 0.782517
v 0.519619 0.033850 0.775968
v 0.518281 0.034892 0.774127
v 0.518559 0.034005 0.774780
v 0.513124 0.035001 0.769847
v 0.509637 0.034188 0.767814
v 0.505576 0.035120 0.765182
v 0.499489 0.034319 0.762796
v 0.500021 0.035183 0.762701
v 0.494491 0.035229 0.760907
v 0.488839 0.033850 0.760701
v 0.481600 0.033850 0.760061
v 0.488506 0.034394 0.759929
v 0.481623 0.034395 0.759311
v 0.488116 0.035263 0.759591
v 0.481632 0.035277 0.759024
v 0.498014 0.033850 0.762870
v 0.528499 0.034564 0.787002
v 0.530056 0.033850 0.790206
v 0.530872 0.034447 0.791591
v 0.533594 0.033850 0.798958
v 0.532917 0.034318 0.796674
v 0.535185 0.033850 0.805596
v 0.534538 0.034175 0.802289
v 0.535880 0.033944 0.811330
v 0.506432 0.033850 0.766400
v 0.514119 0.033850 0.771237
v 0.524103 0.034730 0.780490
v 0.536000 0.033850 0.815000
v 0.168919 0.027422 0.751367
v 0.168915 0.027358 0.751341
v 0.164070 0.028017 0.751535
v 0.164287 0.027931 0.751502
v 0.162484 0.028558 0.751748
v 0.162423 0.028559 0.751747
v 0.161077 0.029693 0.752248
v 0.161002 0.029751 0.752275
v 0.160300 0.031314 0.753030
v 0.160300 0.031194 0.752970
v 0.160300 0.031830 0.753295
v 0.160300 0.038412 0.757180
v 0.160333 0.038009 0.756913
v 0.160300 0.044527 0.761763
v 0.160300 0.045510 0.762603
v 0.160300 0.050987 0.767934
v 0.160333 0.050657 0.767578
v 0.160300 0.055846 0.773833
v 0.171823 0.028459 0.752138
v 0.169729 0.026627 0.751389
v 0.168919 0.027422 0.751367
v 0.169287 0.027794 0.751537
v 0.171672 0.029461 0.752343
v 0.173946 0.030085 0.752686
v 0.174038 0.029212 0.752489
v 0.178500 -0.067153 0.804234
v 0.178500 -0.067155 0.804316
v 0.178500 -0.066587 0.800681
v 0.178500 -0.066591 0.800790
v 0.178500 -0.065861 0.797159
v 0.178500 -0.065867 0.797296
v 0.178500 -0.064977 0.793676
v 0.178500 -0.064986 0.793841
v 0.178500 -0.063933 0.790234
v 0.178500 -0.063925 0.790365
v 0.178500 -0.062819 0.787069
v 0.178500 -0.062801 0.787199
v 0.178500 -0.061572 0.783958
v 0.178500 -0.061543 0.784086
v 0.178500 -0.060197 0.780904
v 0.178500 -0.060154 0.781034
v 0.178500 -0.058694 0.777916
v 0.178500 -0.058636 0.778047
v 0.178500 -0.057068 0.774997
v 0.178500 -0.056948 0.775500
v 0.178500 -0.055783 0.773068
v 0.178500 -0.055148 0.773031
v 0.178500 -0.050909 0.767282
v 0.178500 -0.053242 0.770644
v 0.178500 -0.051231 0.768343
v 0.178500 -0.046916 0.764018
v 0.178500 -0.042929 0.760013
v 0.178500 -0.049121 0.766133
v 0.178500 -0.044619 0.762003
v 0.178500 -0.037587 0.756248
v 0.178500 -0.037984 0.757080
v 0.178500 -0.031917 0.753000
v 0.178500 -0.030809 0.752982
v 0.178500 -0.031585 0.752865
v 0.178500 -0.029958 0.752773
v 0.178500 -0.030981 0.752773
v 0.178500 -0.067885 0.815000
v 0.178500 -0.067803 0.811429
v 0.178500 -0.067803 0.811401
v 0.178500 -0.067560 0.807865
v 0.178500 -0.067559 0.807810
v 0.179132 -0.031869 0.752976
v 0.179145 -0.031857 0.752971
v 0.197644 -0.034629 0.754277
v 0.179148 -0.031840 0.752964
v 0.197790 -0.033642 0.754021
v 0.179145 -0.031832 0.752961
v 0.179131 -0.031814 0.752953
v 0.178526 -0.031917 0.753000
v 0.178974 -0.031907 0.752992
v 0.179092 -0.031886 0.752983
v 0.179042 -0.031761 0.752933
v 0.178500 -0.031585 0.752865
v 0.178500 -0.030981 0.752773
v 0.173946 -0.030385 0.752686
v 0.174038 -0.029512 0.752489
v 0.178500 -0.029915 0.752773
v 0.178500 -0.029958 0.752773
v 0.178500 -0.030809 0.752982
v 0.232164 -0.034370 0.755410
v 0.224061 -0.034323 0.755195
v 0.240868 -0.033578 0.756477
v 0.215658 -0.034197 0.754906
v 0.240812 -0.032481 0.756802
v 0.208689 -0.034040 0.754610
v 0.203273 -0.033876 0.754340
v 0.197790 -0.033642 0.754021
v 0.240948 -0.034315 0.755605
v 0.245393 -0.032328 0.757098
v 0.267248 -0.031313 0.758511
v 0.261276 -0.032417 0.757981
v 0.273369 -0.030705 0.758907
v 0.272843 -0.031314 0.758804
v 0.274148 -0.030858 0.758935
v 0.240868 -0.033578 0.756477
v 0.248348 -0.033631 0.756711
v 0.240948 -0.034315 0.755605
v 0.250189 -0.033812 0.756532
v 0.274702 -0.030443 0.758990
v 0.274665 -0.030321 0.758991
v 0.274734 -0.030379 0.758993
v 0.274681 -0.030291 0.758992
v 0.274751 -0.030319 0.758995
v 0.274684 -0.030268 0.758992
v 0.274754 -0.030268 0.758995
v 0.274403 -0.030469 0.758974
v 0.274573 -0.030591 0.758977
v 0.274594 -0.030382 0.758986
v 0.265984 -0.032477 0.758116
v 0.240812 -0.032481 0.756802
v 0.274754 -0.030268 0.758995
v 0.274684 -0.030268 0.758992
v 0.274755 0.029968 0.758995
v 0.274684 0.029968 0.758992
v 0.240812 0.032181 0.756802
v 0.240868 0.033278 0.756477
v 0.265199 0.031149 0.758379
v 0.266004 0.031845 0.758286
v 0.273258 0.030895 0.758845
v 0.268357 0.031865 0.758354
v 0.274407 0.030415 0.758961
v 0.274308 0.030201 0.758968
v 0.274645 0.030220 0.758984
v 0.274565 0.030099 0.758984
v 0.274707 0.030134 0.758991
v 0.274644 0.030044 0.758990
v 0.274743 0.030050 0.758994
v 0.274672 0.030009 0.758991
v 0.274747 0.030037 0.758995
v 0.274683 0.029983 0.758992
v 0.274755 0.029968 0.758995
v 0.274684 0.029968 0.758992
v 0.254360 0.033235 0.756950
v 0.240948 0.034015 0.755605
v 0.272934 0.030473 0.758879
v 0.178500 -0.029915 0.752773
v 0.174038 -0.029512 0.752489
v 0.178500 0.029615 0.752773
v 0.174038 0.029212 0.752489
v 0.274755 0.029968 0.758995
v 0.274889 0.029967 0.758999
v 0.274754 -0.030268 0.758995
v 0.274881 -0.030268 0.758999
v 0.294547 0.029907 0.759572
v 0.294547 -0.030206 0.759572
v 0.299830 0.029901 0.759726
v 0.371483 0.029846 0.761815
v 0.368672 0.026100 0.761733
v 0.367228 0.022583 0.761691
v 0.366750 0.018981 0.761677
v 0.299830 -0.030201 0.759726
v 0.366750 -0.019281 0.761677
v 0.366935 -0.021529 0.761683
v 0.368561 -0.026199 0.761730
v 0.371483 -0.030146 0.761815
v 0.274959 0.033293 0.757223
v 0.294608 0.033327 0.757648
v 0.274913 0.031826 0.758541
v 0.294564 0.031813 0.759089
v 0.274889 0.029967 0.758999
v 0.294547 0.029907 0.759572
v 0.275007 0.033918 0.755628
v 0.294664 0.033901 0.755784
v 0.500947 0.050150 0.764452
v 0.498890 0.050150 0.765121
v 0.503004 0.050150 0.765121
v 0.497618 0.050150 0.766871
v 0.504276 0.050150 0.766871
v 0.497618 0.050150 0.769034
v 0.504276 0.050150 0.769034
v 0.498890 0.050150 0.770784
v 0.503004 0.050150 0.770784
v 0.500947 0.050150 0.771452
v 0.525983 0.033850 0.846547
v 0.497749 0.033850 0.845743
v 0.530207 0.033850 0.839494
v 0.503753 0.033850 0.841381
v 0.533187 0.033850 0.832313
v 0.508719 0.033850 0.835866
v 0.512429 0.033850 0.829439
v 0.535369 0.033850 0.823285
v 0.514723 0.033850 0.822380
v 0.536000 0.033850 0.815000
v 0.515499 0.033850 0.815000
v 0.535185 0.033850 0.805596
v 0.514836 0.033850 0.808175
v 0.533594 0.033850 0.798958
v 0.512874 0.033850 0.801605
v 0.530056 0.033850 0.790206
v 0.509686 0.033850 0.795534
v 0.505390 0.033850 0.790190
v 0.484927 0.033850 0.779843
v 0.477357 0.033850 0.779598
v 0.481600 0.033850 0.760061
v 0.488839 0.033850 0.760701
v 0.498014 0.033850 0.762870
v 0.506432 0.033850 0.766400
v 0.514119 0.033850 0.771237
v 0.519619 0.033850 0.775968
v 0.492273 0.033850 0.781689
v 0.483709 0.033850 0.850305
v 0.490969 0.033850 0.848762
v 0.519710 0.033850 0.853943
v 0.513246 0.033850 0.859405
v 0.506715 0.033850 0.863452
v 0.499063 0.033850 0.866777
v 0.490844 0.033850 0.868961
v 0.481600 0.033850 0.869939
v 0.476288 0.033850 0.850305
v 0.442000 0.033850 0.870987
v 0.442000 0.033850 0.759013
v 0.444499 0.033850 0.815000
v 0.445274 0.033850 0.822380
v 0.447568 0.033850 0.829439
v 0.451278 0.033850 0.835866
v 0.456244 0.033850 0.841381
v 0.462249 0.033850 0.845743
v 0.469028 0.033850 0.848762
v 0.469907 0.033850 0.780964
v 0.462917 0.033850 0.783879
v 0.456704 0.033850 0.788211
v 0.451551 0.033850 0.793763
v 0.447694 0.033850 0.800281
v 0.445306 0.033850 0.807469
v 0.525307 0.033850 0.782517
v 0.500147 0.033850 0.785771
v 0.500145 0.033850 0.785769
v 0.498748 0.033850 0.784854
v 0.492353 0.033850 0.781719
v 0.411990 -0.017665 0.814607
v 0.411990 0.017366 0.814607
v 0.411990 -0.017665 0.815393
v 0.411990 0.017366 0.815393
v 0.299889 0.033329 0.757787
v 0.299847 0.031871 0.759208
v 0.294564 0.031813 0.759089
v 0.294608 0.033327 0.757648
v 0.294664 0.033901 0.755784
v 0.299947 0.033900 0.755833
v 0.299830 0.029901 0.759726
v 0.294547 0.029907 0.759572
v 0.411990 -0.017665 0.814607
v 0.411888 -0.017767 0.810713
v 0.411990 0.017366 0.814607
v 0.411888 0.017468 0.810713
v 0.366750 0.018981 0.761677
v 0.367228 0.022583 0.761691
v 0.369336 0.023710 0.762033
v 0.368672 0.026100 0.761733
v 0.372303 0.027666 0.762295
v 0.371483 0.029846 0.761815
v 0.373640 0.030466 0.761986
v 0.377184 0.031422 0.762584
v 0.377313 0.031065 0.762812
v 0.377048 0.029155 0.764286
v 0.380665 0.032213 0.763375
v 0.382956 0.031802 0.765288
v 0.384488 0.032876 0.764359
v 0.390129 0.033321 0.766511
v 0.390021 0.033452 0.765893
v 0.395198 0.033597 0.767378
v 0.370140 0.018981 0.763140
v 0.368585 0.018981 0.762084
v 0.370866 0.022556 0.763251
v 0.372924 0.025777 0.763592
v 0.407499 0.018002 0.800500
v 0.407499 0.008906 0.800500
v 0.370140 0.018981 0.763140
v 0.370140 0.008906 0.763140
v 0.426576 -0.032855 0.807150
v 0.422850 -0.032396 0.807150
v 0.422251 -0.032026 0.810815
v 0.420300 -0.031926 0.803959
v 0.417404 -0.030570 0.803756
v 0.417311 -0.032128 0.797615
v 0.413842 -0.030796 0.797416
v 0.414865 -0.032495 0.793505
v 0.411934 -0.030337 0.796380
v 0.418072 -0.029895 0.810869
v 0.414755 -0.026578 0.810869
v 0.412997 -0.026260 0.804401
v 0.412624 -0.022399 0.810815
v 0.411694 -0.023575 0.804891
v 0.411546 -0.017915 0.807900
v 0.410048 -0.018124 0.803899
v 0.408067 -0.022884 0.800052
v 0.409593 -0.027027 0.798634
v 0.422850 -0.032734 0.802850
v 0.425235 -0.032999 0.801664
v 0.422167 -0.033165 0.795336
v 0.426883 -0.032762 0.810713
v 0.407499 -0.018302 0.800500
v 0.425619 -0.032968 0.802850
v 0.411888 -0.017767 0.810713
v 0.418106 -0.033297 0.790286
v 0.407499 -0.009205 0.800500
v 0.407499 -0.018302 0.800500
v 0.370140 -0.009205 0.763140
v 0.370140 -0.019281 0.763140
v 0.367919 0.005094 0.761851
v 0.410586 -0.000261 0.804983
v 0.367419 0.001950 0.761742
v 0.410381 -0.003883 0.804542
v 0.367478 -0.002850 0.761752
v 0.409803 -0.006719 0.803469
v 0.368273 -0.006616 0.761962
v 0.408916 -0.008466 0.802137
v 0.369250 -0.008599 0.762433
v 0.369877 -0.009147 0.762895
v 0.410298 0.004204 0.804375
v 0.368639 0.007246 0.762108
v 0.409444 0.007328 0.802891
v 0.369562 0.008639 0.762644
v 0.408166 0.008761 0.801210
v 0.370140 0.008906 0.763140
v 0.407499 0.008906 0.800500
v 0.407499 -0.009205 0.800500
v 0.370140 -0.009205 0.763140
v 0.362974 0.008906 0.874026
v 0.362801 0.008827 0.874175
v 0.407499 0.008906 0.829500
v 0.362519 0.008434 0.874338
v 0.408916 0.008166 0.827863
v 0.361957 0.006800 0.874465
v 0.409803 0.006420 0.826531
v 0.361500 0.004564 0.874478
v 0.410381 0.003584 0.825458
v 0.361500 -0.000150 0.874103
v 0.410586 -0.000039 0.825017
v 0.361500 -0.004864 0.874478
v 0.410298 -0.004504 0.825625
v 0.361957 -0.007099 0.874465
v 0.409444 -0.007628 0.827109
v 0.362284 -0.008194 0.874419
v 0.362624 -0.008914 0.874286
v 0.408166 -0.009061 0.828790
v 0.362873 -0.009177 0.874118
v 0.407499 -0.009205 0.829500
v 0.362974 -0.009205 0.874026
v 0.362974 0.019168 0.874026
v 0.362974 0.008906 0.874026
v 0.407499 0.018002 0.829500
v 0.407499 0.008906 0.829500
v 0.362974 -0.009205 0.874026
v 0.362974 -0.019468 0.874026
v 0.407499 -0.009205 0.829500
v 0.407499 -0.018302 0.829500
v 0.411888 -0.017767 0.819287
v 0.411990 -0.017665 0.815393
v 0.411888 0.017468 0.819287
v 0.411990 0.017366 0.815393
v 0.422850 -0.032396 0.822850
v 0.422251 -0.032026 0.819185
v 0.420875 -0.031854 0.823775
v 0.418560 -0.030388 0.821190
v 0.416607 -0.030639 0.828172
v 0.412997 -0.026260 0.825598
v 0.409593 -0.027027 0.831366
v 0.408067 -0.022884 0.829948
v 0.411934 -0.030337 0.833620
v 0.414865 -0.032495 0.836495
v 0.418510 -0.032064 0.830368
v 0.419899 -0.033246 0.837756
v 0.422980 -0.033130 0.833315
v 0.418072 -0.029895 0.819131
v 0.414755 -0.026578 0.819131
v 0.411694 -0.023574 0.825108
v 0.409299 -0.018188 0.827325
v 0.407499 -0.018302 0.829500
v 0.412624 -0.022399 0.819185
v 0.411175 -0.017987 0.823478
v 0.422850 -0.032734 0.827150
v 0.426576 -0.032855 0.822850
v 0.426883 -0.032762 0.819287
v 0.425619 -0.032968 0.827150
v 0.411888 -0.017767 0.819287
v 0.418106 -0.033297 0.839714
v 0.383913 0.034058 0.873146
v 0.383900 0.034657 0.873674
v 0.377877 0.033385 0.873546
v 0.377727 0.034055 0.873954
v 0.371224 0.031136 0.873949
v 0.370868 0.031803 0.874204
v 0.366663 0.028079 0.874199
v 0.367035 0.029245 0.874317
v 0.364344 0.026307 0.874395
v 0.361957 0.019168 0.874465
v 0.362507 0.019168 0.874343
v 0.362434 0.022436 0.874451
v 0.363468 0.023941 0.874356
v 0.385503 0.033851 0.872317
v 0.379301 0.033303 0.872792
v 0.374268 0.031935 0.873176
v 0.369216 0.029371 0.873560
v 0.365591 0.026097 0.873834
v 0.363652 0.022789 0.873979
v 0.362974 0.019168 0.874026
v 0.385534 0.034304 0.873352
v 0.385547 0.035351 0.873777
v 0.380776 0.035024 0.873916
v 0.375430 0.033811 0.874072
v 0.370642 0.031751 0.874212
v 0.351000 -0.023150 0.874784
v 0.283113 -0.023151 0.876763
v 0.348169 -0.023860 0.874867
v 0.285371 -0.023638 0.876698
v 0.346345 -0.025365 0.874920
v 0.286887 -0.024580 0.876653
v 0.345443 -0.026887 0.874946
v 0.288355 -0.026444 0.876611
v 0.345000 -0.029150 0.874959
v 0.289000 -0.029150 0.876592
v 0.345000 -0.036650 0.874959
v 0.289000 -0.034453 0.876592
v 0.332771 -0.036650 0.875316
v 0.282887 0.022851 0.876770
v 0.351000 0.022850 0.874784
v 0.285761 0.023524 0.876686
v 0.348736 0.023293 0.874850
v 0.287619 0.025021 0.876632
v 0.347214 0.024195 0.874895
v 0.288281 0.026002 0.876613
v 0.345710 0.026020 0.874939
v 0.289000 0.028850 0.876592
v 0.345000 0.028850 0.874959
v 0.289000 0.034153 0.876592
v 0.345000 0.036350 0.874959
v 0.332771 0.036350 0.875316
v 0.275000 -0.024929 0.877000
v 0.275001 -0.033710 0.877000
v 0.277000 -0.033817 0.876942
v 0.277000 -0.029150 0.876942
v 0.277719 -0.026302 0.876921
v 0.278381 -0.025321 0.876901
v 0.280239 -0.023823 0.876847
v 0.275000 -0.005106 0.877000
v 0.360000 -0.023150 0.874522
v 0.360000 0.022850 0.874522
v 0.275000 0.004806 0.877000
v 0.280629 0.023339 0.876836
v 0.279113 0.024280 0.876880
v 0.275000 0.024629 0.877000
v 0.277645 0.026145 0.876923
v 0.277000 0.028850 0.876942
v 0.277000 0.033517 0.876942
v 0.275000 0.033410 0.877000
v 0.360000 0.022850 0.874522
v 0.360000 0.022850 0.874500
v 0.351000 0.022850 0.874784
v 0.351000 0.022850 0.874500
v 0.351000 -0.023150 0.874784
v 0.351000 -0.023150 0.874500
v 0.360000 -0.023150 0.874522
v 0.360000 -0.023150 0.874500
v 0.353057 -0.026318 0.874500
v 0.351000 -0.023150 0.874500
v 0.351000 -0.025650 0.874500
v 0.348000 -0.023954 0.874500
v 0.345804 -0.026150 0.874500
v 0.348943 -0.026318 0.874500
v 0.345000 -0.029150 0.874500
v 0.347671 -0.028068 0.874500
v 0.345000 -0.036650 0.874500
v 0.355000 -0.036650 0.874500
v 0.359330 -0.034150 0.874500
v 0.351000 -0.032650 0.874500
v 0.348943 -0.031981 0.874500
v 0.347671 -0.030231 0.874500
v 0.360000 -0.031650 0.874500
v 0.360000 -0.023150 0.874500
v 0.354329 -0.028068 0.874500
v 0.354329 -0.030231 0.874500
v 0.353057 -0.031981 0.874500
v 0.357500 -0.035980 0.874500
v 0.359330 0.033850 0.874500
v 0.357500 0.035680 0.874500
v 0.351000 0.032350 0.874500
v 0.355000 0.036350 0.874500
v 0.345000 0.036350 0.874500
v 0.360000 0.031350 0.874500
v 0.353057 0.031682 0.874500
v 0.348943 0.026019 0.874500
v 0.347671 0.027769 0.874500
v 0.345804 0.025850 0.874500
v 0.347671 0.029932 0.874500
v 0.345000 0.028850 0.874500
v 0.348943 0.031682 0.874500
v 0.351000 0.025350 0.874500
v 0.348000 0.023654 0.874500
v 0.360000 0.022850 0.874500
v 0.354329 0.029932 0.874500
v 0.354329 0.027769 0.874500
v 0.353057 0.026019 0.874500
v 0.351000 0.022850 0.874500
v 0.277000 0.033517 0.876942
v 0.277000 0.036350 0.875316
v 0.275000 0.033410 0.877000
v 0.275021 0.036350 0.875316
v 0.275000 0.036350 0.875316
v 0.201000 0.036350 0.874565
v 0.201000 0.032035 0.877000
v 0.219500 0.032379 0.877000
v 0.238000 0.032722 0.877000
v 0.256500 0.033066 0.877000
v 0.275000 0.033410 0.877000
v 0.275021 0.036350 0.875316
v 0.289000 0.034153 0.876592
v 0.332771 0.036350 0.875316
v 0.289000 0.036350 0.875316
v 0.345000 0.028850 0.874959
v 0.345000 0.028850 0.874500
v 0.345000 0.036350 0.874959
v 0.345000 0.036350 0.874500
v 0.289000 0.034153 0.876592
v 0.289000 0.036350 0.875316
v 0.289000 0.028850 0.876592
v 0.289000 0.036350 0.874500
v 0.289000 0.028850 0.874500
v 0.277000 0.033517 0.876942
v 0.277000 0.028850 0.876942
v 0.277000 0.036350 0.875316
v 0.277000 0.028850 0.874500
v 0.277000 0.036350 0.874500
v 0.201000 0.032035 0.877000
v 0.201000 0.036350 0.874565
v 0.201000 0.028850 0.877921
v 0.201000 0.036350 0.874500
v 0.201000 0.028850 0.874500
v 0.195000 0.022850 0.874500
v 0.198000 0.023654 0.874500
v 0.195000 0.025350 0.874500
v 0.200196 0.025850 0.874500
v 0.197057 0.026019 0.874500
v 0.201000 0.028850 0.874500
v 0.198329 0.027769 0.874500
v 0.195000 0.032350 0.874500
v 0.195000 0.036350 0.874500
v 0.190670 0.033850 0.874500
v 0.192500 0.035680 0.874500
v 0.190000 0.031350 0.874500
v 0.190000 0.022850 0.874500
v 0.191671 0.029932 0.874500
v 0.192943 0.031682 0.874500
v 0.201000 0.036350 0.874500
v 0.197057 0.031682 0.874500
v 0.198329 0.029932 0.874500
v 0.192943 0.026019 0.874500
v 0.191671 0.027769 0.874500
v 0.288196 0.025850 0.874500
v 0.289000 0.028850 0.874500
v 0.285057 0.026019 0.874500
v 0.286329 0.027769 0.874500
v 0.279671 0.027769 0.874500
v 0.277000 0.028850 0.874500
v 0.280943 0.026019 0.874500
v 0.277804 0.025850 0.874500
v 0.283000 0.025350 0.874500
v 0.280000 0.023654 0.874500
v 0.283000 0.022850 0.874500
v 0.286000 0.023654 0.874500
v 0.277000 0.036350 0.874500
v 0.279671 0.029932 0.874500
v 0.280943 0.031682 0.874500
v 0.283000 0.032350 0.874500
v 0.289000 0.036350 0.874500
v 0.285057 0.031682 0.874500
v 0.286329 0.029932 0.874500
v 0.190000 -0.023150 0.879701
v 0.190000 -0.023150 0.874500
v 0.195000 -0.023150 0.879554
v 0.195000 -0.023150 0.874500
v 0.195000 -0.023150 0.879554
v 0.202700 -0.020921 0.879762
v 0.190000 -0.016452 0.881105
v 0.202700 -0.008928 0.881336
v 0.190000 -0.008326 0.882148
v 0.190000 -0.000129 0.882496
v 0.219500 -0.032679 0.877000
v 0.233850 -0.030150 0.877437
v 0.201000 -0.032335 0.877000
v 0.202700 -0.030150 0.877636
v 0.201000 -0.029150 0.877921
v 0.200764 -0.027484 0.878364
v 0.238000 0.032722 0.877000
v 0.236850 0.030050 0.877384
v 0.256500 0.033066 0.877000
v 0.265000 0.030050 0.877116
v 0.275000 0.033410 0.877000
v 0.275000 0.024629 0.877000
v 0.219500 0.032379 0.877000
v 0.201000 0.032035 0.877000
v 0.203700 0.030050 0.877577
v 0.203700 0.020586 0.879731
v 0.256500 -0.033366 0.877000
v 0.275001 -0.033710 0.877000
v 0.265000 -0.030150 0.877123
v 0.275000 -0.024929 0.877000
v 0.265000 -0.001100 0.877646
v 0.275000 -0.005106 0.877000
v 0.275000 0.004806 0.877000
v 0.203700 0.009984 0.881165
v 0.190000 0.010064 0.881952
v 0.190000 0.016155 0.881104
v 0.190000 0.022850 0.879701
v 0.199272 -0.024937 0.879021
v 0.196753 -0.023412 0.879442
v 0.238000 -0.033022 0.877000
v 0.202700 0.003850 0.881604
v 0.203700 0.003850 0.881541
v 0.201000 0.028850 0.877921
v 0.200408 0.026252 0.878605
v 0.198517 0.023989 0.879191
v 0.196365 0.023008 0.879477
v 0.195000 0.022850 0.879554
v 0.190000 -0.023150 0.879701
v 0.195000 0.022850 0.879554
v 0.195000 0.022850 0.874500
v 0.190000 0.022850 0.879701
v 0.190000 0.022850 0.874500
v 0.197057 -0.026318 0.874500
v 0.200196 -0.026150 0.874500
v 0.195000 -0.025650 0.874500
v 0.198000 -0.023954 0.874500
v 0.195000 -0.023150 0.874500
v 0.198329 -0.030231 0.874500
v 0.201000 -0.029150 0.874500
v 0.198329 -0.028068 0.874500
v 0.191671 -0.030231 0.874500
v 0.190000 -0.031650 0.874500
v 0.192943 -0.031981 0.874500
v 0.190670 -0.034150 0.874500
v 0.195000 -0.032650 0.874500
v 0.192500 -0.035980 0.874500
v 0.195000 -0.036650 0.874500
v 0.201000 -0.036650 0.874500
v 0.197057 -0.031981 0.874500
v 0.190000 -0.023150 0.874500
v 0.191671 -0.028068 0.874500
v 0.192943 -0.026318 0.874500
v 0.275000 -0.036650 0.875316
v 0.275021 -0.036650 0.875316
v 0.275001 -0.033710 0.877000
v 0.256500 -0.033366 0.877000
v 0.238000 -0.033022 0.877000
v 0.219500 -0.032679 0.877000
v 0.201000 -0.032335 0.877000
v 0.201000 -0.036650 0.874565
v 0.201000 -0.029150 0.877921
v 0.201000 -0.029150 0.874500
v 0.201000 -0.036650 0.874500
v 0.201000 -0.036650 0.874565
v 0.201000 -0.032335 0.877000
v 0.345000 -0.036650 0.874959
v 0.345000 -0.036650 0.874500
v 0.345000 -0.029150 0.874959
v 0.345000 -0.029150 0.874500
v 0.289000 -0.034453 0.876592
v 0.289000 -0.029150 0.876592
v 0.289000 -0.036650 0.875316
v 0.289000 -0.029150 0.874500
v 0.289000 -0.036650 0.874500
v 0.289000 -0.036650 0.875316
v 0.332771 -0.036650 0.875316
v 0.289000 -0.034453 0.876592
v 0.277000 -0.033817 0.876942
v 0.275001 -0.033710 0.877000
v 0.277000 -0.036650 0.875316
v 0.275021 -0.036650 0.875316
v 0.277000 -0.033817 0.876942
v 0.277000 -0.036650 0.875316
v 0.277000 -0.029150 0.876942
v 0.277000 -0.036650 0.874500
v 0.277000 -0.029150 0.874500
v 0.277804 -0.026150 0.874500
v 0.283000 -0.025650 0.874500
v 0.280000 -0.023954 0.874500
v 0.283000 -0.023150 0.874500
v 0.288196 -0.026150 0.874500
v 0.286000 -0.023954 0.874500
v 0.285057 -0.026318 0.874500
v 0.286329 -0.028068 0.874500
v 0.289000 -0.029150 0.874500
v 0.280943 -0.026318 0.874500
v 0.277000 -0.029150 0.874500
v 0.279671 -0.028068 0.874500
v 0.277000 -0.036650 0.874500
v 0.289000 -0.036650 0.874500
v 0.283000 -0.032650 0.874500
v 0.280943 -0.031981 0.874500
v 0.279671 -0.030231 0.874500
v 0.286329 -0.030231 0.874500
v 0.285057 -0.031981 0.874500
v 0.435402 -0.043150 0.870868
v 0.481526 -0.043150 0.870483
v 0.356500 -0.037650 0.874343
v 0.481632 -0.040564 0.870976
v 0.358085 -0.037392 0.874383
v 0.360343 -0.035849 0.874512
v 0.317033 -0.037650 0.874699
v 0.481632 -0.040564 0.870976
v 0.481632 -0.035577 0.870976
v 0.360343 -0.035849 0.874512
v 0.385547 -0.035650 0.873777
v 0.361036 -0.034754 0.874492
v 0.379851 -0.035182 0.873943
v 0.361500 -0.032650 0.874478
v 0.375855 -0.034244 0.874060
v 0.370117 -0.031749 0.874227
v 0.368387 -0.030617 0.874278
v 0.365182 -0.027682 0.874371
v 0.362807 -0.023807 0.874440
v 0.361957 -0.019468 0.874465
v 0.361957 -0.007099 0.874465
v 0.361500 -0.004864 0.874478
v 0.435402 -0.043150 0.870868
v 0.481428 -0.045019 0.869378
v 0.481526 -0.043150 0.870483
v 0.447057 -0.046150 0.865832
v 0.448329 -0.046150 0.864082
v 0.451000 -0.046150 0.863000
v 0.448329 -0.046150 0.861918
v 0.450196 -0.046150 0.860000
v 0.442943 -0.046150 0.860168
v 0.441671 -0.046150 0.861918
v 0.439804 -0.046150 0.860000
v 0.441671 -0.046150 0.864082
v 0.439000 -0.046150 0.863000
v 0.442943 -0.046150 0.865832
v 0.439000 -0.046150 0.868425
v 0.445000 -0.046150 0.859500
v 0.442000 -0.046150 0.857804
v 0.445000 -0.046150 0.857000
v 0.448000 -0.046150 0.857804
v 0.447057 -0.046150 0.860168
v 0.451000 -0.046150 0.868425
v 0.445000 -0.046150 0.866500
v 0.439000 -0.046150 0.863000
v 0.439000 -0.046150 0.868425
v 0.439098 -0.051786 0.863000
v 0.450671 -0.053179 0.861456
v 0.450196 -0.046150 0.860000
v 0.450047 -0.054395 0.860030
v 0.448000 -0.046150 0.857804
v 0.448987 -0.055309 0.858732
v 0.447214 -0.055882 0.857606
v 0.444683 -0.056054 0.857181
v 0.445000 -0.046150 0.857000
v 0.442626 -0.055852 0.857674
v 0.442000 -0.046150 0.857804
v 0.441023 -0.055314 0.858723
v 0.439804 -0.046150 0.860000
v 0.439953 -0.054395 0.860030
v 0.439329 -0.053179 0.861456
v 0.450902 -0.051786 0.863000
v 0.451000 -0.046150 0.863000
v 0.439000 -0.046150 0.863000
v 0.439098 -0.051786 0.863000
v 0.382000 -0.056057 0.857173
v 0.444683 -0.056054 0.857181
v 0.383693 -0.055959 0.857422
v 0.442626 -0.055852 0.857674
v 0.385243 -0.055628 0.858150
v 0.441023 -0.055314 0.858723
v 0.386570 -0.054911 0.859352
v 0.439953 -0.054395 0.860030
v 0.439155 -0.054395 0.860030
v 0.369953 -0.054395 0.860030
v 0.282047 -0.054395 0.860030
v 0.371023 -0.055314 0.858723
v 0.280977 -0.055314 0.858723
v 0.372626 -0.055852 0.857674
v 0.279374 -0.055852 0.857674
v 0.375000 -0.056057 0.857173
v 0.277317 -0.056054 0.857181
v 0.275584 -0.056621 0.854905
v 0.275584 -0.055990 0.857346
v 0.480000 -0.054395 0.860030
v 0.448987 -0.055309 0.858732
v 0.480000 -0.055873 0.857626
v 0.447214 -0.055882 0.857606
v 0.480000 -0.056621 0.854905
v 0.451147 -0.054395 0.860030
v 0.450845 -0.054395 0.860030
v 0.450047 -0.054395 0.860030
v 0.387047 -0.054395 0.860030
v 0.382000 -0.046150 0.857000
v 0.383693 -0.055959 0.857422
v 0.385000 -0.046150 0.857804
v 0.385243 -0.055628 0.858150
v 0.387196 -0.046150 0.860000
v 0.386570 -0.054911 0.859352
v 0.387047 -0.054395 0.860030
v 0.387671 -0.053179 0.861456
v 0.387902 -0.051786 0.863000
v 0.388000 -0.046150 0.863000
v 0.382000 -0.056057 0.857173
v 0.388000 -0.046150 0.868425
v 0.388000 -0.046150 0.863000
v 0.387902 -0.051786 0.863000
v 0.378329 -0.046150 0.864082
v 0.388000 -0.046150 0.863000
v 0.377057 -0.046150 0.865832
v 0.388000 -0.046150 0.868425
v 0.375000 -0.046150 0.866500
v 0.377057 -0.046150 0.860168
v 0.387196 -0.046150 0.860000
v 0.378329 -0.046150 0.861918
v 0.385000 -0.046150 0.857804
v 0.375000 -0.046150 0.859500
v 0.372943 -0.046150 0.860168
v 0.371671 -0.046150 0.861918
v 0.369804 -0.046150 0.860000
v 0.371671 -0.046150 0.864082
v 0.369000 -0.046150 0.863000
v 0.372000 -0.046150 0.857804
v 0.369000 -0.046150 0.868425
v 0.372943 -0.046150 0.865832
v 0.375000 -0.046150 0.857000
v 0.382000 -0.046150 0.857000
v 0.369000 -0.046150 0.863000
v 0.369000 -0.046150 0.868425
v 0.369098 -0.051786 0.863000
v 0.369329 -0.053179 0.861456
v 0.369953 -0.054395 0.860030
v 0.369804 -0.046150 0.860000
v 0.371023 -0.055314 0.858723
v 0.372000 -0.046150 0.857804
v 0.372626 -0.055852 0.857674
v 0.375000 -0.056057 0.857173
v 0.369000 -0.046150 0.863000
v 0.369098 -0.051786 0.863000
v 0.375000 -0.046150 0.857000
v 0.282671 -0.053179 0.861456
v 0.282196 -0.046150 0.860000
v 0.282047 -0.054395 0.860030
v 0.280000 -0.046150 0.857804
v 0.280977 -0.055314 0.858723
v 0.279374 -0.055852 0.857674
v 0.275064 -0.055937 0.857502
v 0.277000 -0.046150 0.857000
v 0.274311 -0.055793 0.857825
v 0.274000 -0.046150 0.857804
v 0.273719 -0.055620 0.858175
v 0.271804 -0.046150 0.860000
v 0.272019 -0.054451 0.859923
v 0.271346 -0.053190 0.861395
v 0.275584 -0.055990 0.857346
v 0.277317 -0.056054 0.857181
v 0.282902 -0.051786 0.863000
v 0.283000 -0.046150 0.863000
v 0.271000 -0.046150 0.863000
v 0.271098 -0.051739 0.863000
v 0.282902 -0.051786 0.863000
v 0.283000 -0.046150 0.868425
v 0.283000 -0.046150 0.863000
v 0.274943 -0.046150 0.865832
v 0.277000 -0.046150 0.866500
v 0.271000 -0.046150 0.868380
v 0.275000 -0.046150 0.868425
v 0.279057 -0.046150 0.865832
v 0.283000 -0.046150 0.868425
v 0.277000 -0.046150 0.859500
v 0.274943 -0.046150 0.860168
v 0.271804 -0.046150 0.860000
v 0.274000 -0.046150 0.857804
v 0.277000 -0.046150 0.857000
v 0.280000 -0.046150 0.857804
v 0.282196 -0.046150 0.860000
v 0.279057 -0.046150 0.860168
v 0.283000 -0.046150 0.863000
v 0.280329 -0.046150 0.864082
v 0.280329 -0.046150 0.861918
v 0.271000 -0.046150 0.863000
v 0.273671 -0.046150 0.861918
v 0.273671 -0.046150 0.864082
v 0.495361 -0.047253 0.867368
v 0.495605 -0.046828 0.867625
v 0.489310 -0.046167 0.868411
v 0.490094 -0.043795 0.869707
v 0.483043 -0.045118 0.869297
v 0.481526 -0.043150 0.870483
v 0.481428 -0.045019 0.869378
v 0.500234 -0.043740 0.867206
v 0.497662 -0.043239 0.868140
v 0.498958 -0.043886 0.867693
v 0.496874 -0.043150 0.868397
v 0.500110 -0.044901 0.867232
v 0.496864 -0.043150 0.868400
v 0.489073 -0.043150 0.870021
v 0.496380 -0.046150 0.867870
v 0.502760 -0.046150 0.866109
v 0.500297 -0.044276 0.867192
v 0.495079 -0.048014 0.866762
v 0.494590 -0.046150 0.865595
v 0.495079 -0.046150 0.866762
v 0.494590 -0.049245 0.865595
v 0.495079 -0.048014 0.866762
v 0.494043 -0.051636 0.863161
v 0.494399 -0.053926 0.860590
v 0.494041 -0.046150 0.863110
v 0.494590 -0.046150 0.865595
v 0.494590 -0.049245 0.865595
v 0.494399 -0.046150 0.860590
v 0.494399 -0.053926 0.860590
v 0.480000 -0.054395 0.860030
v 0.494841 -0.054745 0.859466
v 0.480000 -0.055873 0.857626
v 0.496399 -0.055726 0.857261
v 0.480000 -0.056621 0.854905
v 0.481354 -0.056618 0.854909
v 0.498804 -0.055955 0.855694
v 0.451000 -0.046150 0.868425
v 0.451000 -0.046150 0.863000
v 0.450902 -0.051786 0.863000
v 0.195000 -0.046150 0.857000
v 0.198000 -0.046150 0.857804
v 0.195000 -0.046150 0.859500
v 0.200196 -0.046150 0.860000
v 0.197057 -0.046150 0.860168
v 0.201000 -0.046150 0.863000
v 0.198329 -0.046150 0.861918
v 0.191671 -0.046150 0.861918
v 0.190552 -0.046150 0.857000
v 0.192943 -0.046150 0.860168
v 0.201000 -0.046150 0.867580
v 0.195000 -0.046150 0.866500
v 0.197057 -0.046150 0.865832
v 0.198329 -0.046150 0.864082
v 0.190552 -0.046150 0.867461
v 0.191671 -0.046150 0.864082
v 0.192943 -0.046150 0.865832
v 0.190552 -0.046150 0.857000
v 0.190552 -0.046150 0.773000
v 0.190720 -0.055735 0.857167
v 0.190720 -0.055735 0.772833
v 0.190724 -0.055975 0.856848
v 0.190724 -0.055975 0.773152
v 0.190739 -0.056822 0.855508
v 0.190739 -0.056822 0.774492
v 0.190800 -0.060322 0.847987
v 0.190811 -0.060978 0.783672
v 0.190848 -0.063091 0.840134
v 0.190865 -0.064047 0.793315
v 0.190866 -0.064102 0.836470
v 0.190895 -0.065758 0.828254
v 0.190896 -0.065842 0.802309
v 0.190910 -0.066665 0.819118
v 0.190908 -0.066513 0.808396
v 0.190500 -0.043150 0.869946
v 0.190500 -0.043150 0.760054
v 0.190552 -0.046150 0.762539
v 0.190552 -0.046150 0.867461
v 0.271000 -0.046150 0.868380
v 0.271098 -0.051739 0.863000
v 0.271000 -0.046150 0.863000
v 0.257161 -0.056783 0.855027
v 0.274419 -0.056628 0.854905
v 0.263188 -0.056277 0.856688
v 0.274366 -0.056320 0.856389
v 0.273719 -0.055620 0.858175
v 0.274311 -0.055793 0.857825
v 0.272019 -0.054451 0.859923
v 0.257492 -0.054731 0.859380
v 0.190724 -0.055975 0.856848
v 0.223701 -0.056917 0.855282
v 0.190739 -0.056822 0.855508
v 0.190720 -0.055735 0.857167
v 0.195000 -0.055780 0.857168
v 0.190552 -0.046150 0.857000
v 0.195000 -0.046150 0.857000
v 0.200854 -0.051621 0.862233
v 0.200196 -0.046150 0.860000
v 0.199770 -0.053915 0.859588
v 0.198000 -0.046150 0.857804
v 0.198248 -0.055065 0.858141
v 0.196695 -0.055610 0.857417
v 0.200917 -0.050908 0.863000
v 0.201000 -0.046150 0.863000
v 0.195000 -0.046150 0.857000
v 0.195000 -0.055780 0.857168
v 0.200917 -0.050908 0.863000
v 0.201000 -0.046150 0.867580
v 0.201000 -0.046150 0.863000
v 0.189500 -0.055351 0.772347
v 0.178500 -0.055783 0.773068
v 0.189500 -0.050937 0.767174
v 0.178500 -0.050909 0.767282
v 0.189500 -0.043150 0.760065
v 0.178500 -0.042929 0.760013
v 0.190500 -0.043150 0.760054
v 0.190990 -0.043150 0.760049
v 0.275000 -0.043150 0.759132
v 0.178500 -0.037587 0.756248
v 0.230465 -0.036417 0.754996
v 0.225340 -0.036338 0.755000
v 0.235635 -0.036455 0.754967
v 0.240941 -0.036465 0.754920
v 0.275000 -0.036472 0.754577
v 0.178500 -0.031917 0.753000
v 0.197644 -0.034629 0.754277
v 0.203059 -0.035227 0.754566
v 0.210346 -0.035767 0.754810
v 0.216174 -0.036060 0.754926
v 0.220466 -0.036214 0.754975
v 0.178526 -0.031917 0.753000
v 0.178500 -0.055783 0.773068
v 0.189500 -0.055351 0.772347
v 0.178500 -0.057068 0.774997
v 0.189500 -0.057287 0.775384
v 0.362507 0.019168 0.874343
v 0.361957 0.019168 0.874465
v 0.361957 0.006800 0.874465
v 0.362519 0.008434 0.874338
v 0.362801 0.008827 0.874175
v 0.362974 0.008906 0.874026
v 0.362974 0.019168 0.874026
v 0.171570 -0.029713 0.752318
v 0.161222 -0.029812 0.752165
v 0.170198 -0.028874 0.751903
v 0.162633 -0.028787 0.751719
v 0.168919 -0.027722 0.751367
v 0.164709 -0.028181 0.751488
v 0.178500 -0.044619 0.762003
v 0.160328 -0.040677 0.758540
v 0.178500 -0.037984 0.757080
v 0.160300 -0.032130 0.753295
v 0.173946 -0.030385 0.752686
v 0.160469 -0.031119 0.752784
v 0.178500 -0.046916 0.764018
v 0.178500 -0.049121 0.766133
v 0.160300 -0.045810 0.762603
v 0.178500 -0.051231 0.768343
v 0.160333 -0.051612 0.768290
v 0.161297 -0.057633 0.775967
v 0.160321 -0.056568 0.774414
v 0.170228 -0.058651 0.777800
v 0.165292 -0.058497 0.777400
v 0.162930 -0.058213 0.776888
v 0.178500 -0.053242 0.770644
v 0.178500 -0.055148 0.773031
v 0.178500 -0.056948 0.775500
v 0.178500 -0.058636 0.778047
v 0.160300 -0.056500 0.774319
v 0.160300 -0.056145 0.773833
v 0.178500 -0.030809 0.752982
v 0.160300 -0.044827 0.761762
v 0.160300 -0.031613 0.753030
v 0.160321 -0.056568 0.774414
v 0.160300 -0.056567 0.774413
v 0.160300 -0.056500 0.774319
v 0.163497 -0.069241 0.814500
v 0.160300 -0.069479 0.814500
v 0.163338 -0.068893 0.807811
v 0.160300 -0.068930 0.806190
v 0.162705 -0.067316 0.798270
v 0.160300 -0.066875 0.795982
v 0.161771 -0.064814 0.789967
v 0.160300 -0.064153 0.788106
v 0.160300 -0.060741 0.781036
v 0.163497 -0.069241 0.814500
v 0.163800 -0.069214 0.814500
v 0.160300 -0.069479 0.814500
v 0.163800 -0.068650 0.814500
v 0.160300 -0.068650 0.814500
v 0.164119 -0.069186 0.815385
v 0.164154 -0.068650 0.815354
v 0.164291 -0.069171 0.815093
v 0.164300 -0.068650 0.815000
v 0.164300 -0.069170 0.815000
v 0.164154 -0.068650 0.814646
v 0.164238 -0.069175 0.814759
v 0.163984 -0.069197 0.814535
v 0.163800 -0.069214 0.815500
v 0.163800 -0.068650 0.815500
v 0.163800 -0.069214 0.814500
v 0.163800 -0.068650 0.814500
v 0.160300 -0.069479 0.815500
v 0.160300 -0.068650 0.815500
v 0.163497 -0.069241 0.815500
v 0.163800 -0.068650 0.815500
v 0.163800 -0.069214 0.815500
v 0.160300 -0.069479 0.815500
v 0.163497 -0.069241 0.815500
v 0.160300 -0.069289 0.820196
v 0.163181 -0.068523 0.825289
v 0.160300 -0.067983 0.829477
v 0.162426 -0.066569 0.834631
v 0.160300 -0.065105 0.839467
v 0.161367 -0.063736 0.842758
v 0.160300 -0.060741 0.848964
v 0.160300 -0.045810 0.867397
v 0.160300 -0.051286 0.862066
v 0.160333 -0.050957 0.862422
v 0.160300 -0.056145 0.856167
v 0.160300 -0.032130 0.876705
v 0.160300 -0.038711 0.872820
v 0.160333 -0.038309 0.873087
v 0.160300 -0.044827 0.868237
v 0.168919 -0.027722 0.751367
v 0.164709 -0.028181 0.751488
v 0.164775 -0.028130 0.751467
v 0.162633 -0.028787 0.751719
v 0.162457 -0.028842 0.751740
v 0.161222 -0.029812 0.752165
v 0.160901 -0.030197 0.752343
v 0.160469 -0.031119 0.752784
v 0.160300 -0.031494 0.752970
v 0.160300 -0.031613 0.753030
v 0.168915 -0.027658 0.751341
v 0.164365 -0.016866 0.747798
v 0.161131 -0.018105 0.747956
v 0.163247 -0.008484 0.746259
v 0.161892 -0.009801 0.746345
v 0.162945 0.000138 0.745756
v 0.162223 -0.000150 0.745708
v 0.163266 0.008428 0.746289
v 0.162021 0.007321 0.746089
v 0.164383 0.016652 0.747819
v 0.161383 0.015545 0.747415
v 0.160300 0.023747 0.749776
v 0.160300 -0.024046 0.749776
v 0.165762 -0.021916 0.749238
v 0.168209 -0.026746 0.750975
v 0.168915 -0.027658 0.751341
v 0.164775 -0.028130 0.751467
v 0.162457 -0.028842 0.751740
v 0.160901 -0.030197 0.752343
v 0.160300 -0.031494 0.752970
v 0.160300 0.031194 0.752970
v 0.161002 0.029751 0.752275
v 0.162423 0.028559 0.751747
v 0.164287 0.027931 0.751502
v 0.168915 0.027358 0.751341
v 0.166355 0.023106 0.749737
v 0.160300 -0.000150 0.745603
v 0.162223 -0.000150 0.745708
v 0.160300 -0.004744 0.745752
v 0.161892 -0.009801 0.746345
v 0.160300 -0.014005 0.746973
v 0.161131 -0.018105 0.747956
v 0.160300 -0.024046 0.749776
v 0.162223 -0.000150 0.745708
v 0.160300 -0.000150 0.745603
v 0.162021 0.007321 0.746089
v 0.160300 0.010207 0.746365
v 0.161383 0.015545 0.747415
v 0.160300 0.020382 0.748654
v 0.160300 0.023747 0.749776
v 0.160300 -0.068650 0.814500
v 0.163800 -0.068650 0.814500
v 0.164154 -0.068650 0.814646
v 0.164300 -0.068650 0.815000
v 0.164154 -0.068650 0.815354
v 0.163800 -0.068650 0.815500
v 0.160300 -0.068650 0.815500
v 0.160300 -0.056145 0.773833
v 0.160300 -0.051286 0.767934
v 0.160333 -0.051612 0.768290
v 0.160300 -0.045810 0.762603
v 0.160300 -0.044827 0.761762
v 0.160300 -0.038711 0.757179
v 0.160328 -0.040677 0.758540
v 0.160300 -0.032130 0.753295
v 0.169729 0.026627 0.751389
v 0.169327 0.027018 0.751291
v 0.168919 0.027422 0.751367
v 0.168915 0.027358 0.751341
v 0.169729 -0.026927 0.751389
v 0.168971 -0.025797 0.751003
v 0.169729 0.026627 0.751389
v 0.167007 -0.021359 0.749638
v 0.167647 0.022819 0.750148
v 0.165613 -0.015483 0.748234
v 0.166154 0.017942 0.748835
v 0.164692 -0.006554 0.746980
v 0.165119 0.011597 0.747604
v 0.164555 0.002480 0.746761
v 0.171799 -0.028745 0.752132
v 0.171823 0.028459 0.752138
v 0.174038 0.029212 0.752489
v 0.174038 -0.029512 0.752489
v 0.178526 -0.031917 0.753000
v 0.178500 -0.031585 0.752865
v 0.178974 -0.031907 0.752992
v 0.179042 -0.031761 0.752933
v 0.179092 -0.031886 0.752983
v 0.179132 -0.031869 0.752976
v 0.179131 -0.031814 0.752953
v 0.179145 -0.031832 0.752961
v 0.179145 -0.031857 0.752971
v 0.179148 -0.031840 0.752964
v 0.178500 -0.031917 0.753000
v 0.240948 -0.034315 0.755605
v 0.240943 -0.034663 0.755111
v 0.232164 -0.034370 0.755410
v 0.234332 -0.034629 0.755153
v 0.227233 -0.034680 0.755014
v 0.234324 -0.034992 0.754908
v 0.227220 -0.035104 0.754828
v 0.234318 -0.035430 0.754773
v 0.227208 -0.035584 0.754770
v 0.234313 -0.035887 0.754773
v 0.227197 -0.036060 0.754857
v 0.225340 -0.036338 0.755000
v 0.219812 -0.036159 0.754949
v 0.220466 -0.036214 0.754975
v 0.216174 -0.036060 0.754926
v 0.210346 -0.035767 0.754810
v 0.203059 -0.035227 0.754566
v 0.211866 -0.035664 0.754748
v 0.211900 -0.035126 0.754598
v 0.219830 -0.035674 0.754762
v 0.219851 -0.035155 0.754728
v 0.240941 -0.036465 0.754920
v 0.235635 -0.036455 0.754967
v 0.240939 -0.035896 0.754718
v 0.234311 -0.036307 0.754901
v 0.230465 -0.036417 0.754996
v 0.198887 -0.034757 0.754338
v 0.198962 -0.034226 0.754140
v 0.204446 -0.034985 0.754458
v 0.204497 -0.034433 0.754357
v 0.211932 -0.034591 0.754610
v 0.219871 -0.034670 0.754839
v 0.240940 -0.035235 0.754775
v 0.197644 -0.034629 0.754277
v 0.197790 -0.033642 0.754021
v 0.203273 -0.033876 0.754340
v 0.208689 -0.034040 0.754610
v 0.215658 -0.034197 0.754906
v 0.224061 -0.034323 0.755195
v 0.173946 -0.030385 0.752686
v 0.171570 -0.029713 0.752318
v 0.171799 -0.028745 0.752132
v 0.170198 -0.028874 0.751903
v 0.169729 -0.026927 0.751389
v 0.168919 -0.027722 0.751367
v 0.174038 -0.029512 0.752489
v 0.272843 -0.031314 0.758804
v 0.274913 -0.032549 0.758285
v 0.265984 -0.032477 0.758116
v 0.274943 -0.033446 0.757428
v 0.264329 -0.033415 0.757257
v 0.275000 -0.034217 0.755628
v 0.268198 -0.034229 0.755623
v 0.250189 -0.033812 0.756532
v 0.240948 -0.034315 0.755605
v 0.274892 -0.031442 0.758823
v 0.274148 -0.030858 0.758935
v 0.274573 -0.030591 0.758977
v 0.274702 -0.030443 0.758990
v 0.274734 -0.030379 0.758993
v 0.274751 -0.030319 0.758995
v 0.274754 -0.030268 0.758995
v 0.274881 -0.030268 0.758999
v 0.371599 -0.034145 0.757922
v 0.299889 -0.033629 0.757787
v 0.371542 -0.033575 0.759876
v 0.299847 -0.032170 0.759208
v 0.371499 -0.032116 0.761297
v 0.299830 -0.030201 0.759726
v 0.371483 -0.030146 0.761815
v 0.299947 -0.034199 0.755833
v 0.274892 -0.031442 0.758823
v 0.294564 -0.032106 0.759093
v 0.274913 -0.032549 0.758285
v 0.294608 -0.033623 0.757655
v 0.274943 -0.033446 0.757428
v 0.294664 -0.034201 0.755784
v 0.275000 -0.034217 0.755628
v 0.274881 -0.030268 0.758999
v 0.294547 -0.030206 0.759572
v 0.299947 -0.034199 0.755833
v 0.294608 -0.033623 0.757655
v 0.299889 -0.033629 0.757787
v 0.294564 -0.032106 0.759093
v 0.299847 -0.032170 0.759208
v 0.294547 -0.030206 0.759572
v 0.299830 -0.030201 0.759726
v 0.294664 -0.034201 0.755784
v 0.366750 -0.019281 0.761677
v 0.368585 -0.019281 0.762084
v 0.366935 -0.021529 0.761683
v 0.368470 -0.021526 0.761964
v 0.368561 -0.026199 0.761730
v 0.370502 -0.025937 0.762131
v 0.371483 -0.030146 0.761815
v 0.374483 -0.029719 0.762510
v 0.374247 -0.030937 0.762066
v 0.377561 -0.031816 0.762662
v 0.376883 -0.029353 0.764258
v 0.381047 -0.032589 0.763469
v 0.382865 -0.032073 0.765273
v 0.384488 -0.033176 0.764359
v 0.389125 -0.033493 0.766339
v 0.390487 -0.033780 0.766025
v 0.395198 -0.033897 0.767378
v 0.370899 -0.022933 0.763256
v 0.372933 -0.026087 0.763593
v 0.370140 -0.019281 0.763140
v 0.368273 -0.006616 0.761962
v 0.368585 -0.019281 0.762084
v 0.367478 -0.002850 0.761752
v 0.366750 -0.019281 0.761677
v 0.367419 0.001950 0.761742
v 0.366750 0.018981 0.761677
v 0.367919 0.005094 0.761851
v 0.368585 0.018981 0.762084
v 0.368639 0.007246 0.762108
v 0.369562 0.008639 0.762644
v 0.370140 -0.019281 0.763140
v 0.369250 -0.008599 0.762433
v 0.369877 -0.009147 0.762895
v 0.370140 -0.009205 0.763140
v 0.370140 0.018981 0.763140
v 0.370140 0.008906 0.763140
v 0.515499 0.033850 0.815000
v 0.515499 0.031500 0.815000
v 0.514836 0.033850 0.808175
v 0.514836 0.031500 0.808175
v 0.512874 0.033850 0.801605
v 0.512874 0.031500 0.801605
v 0.509686 0.033850 0.795534
v 0.509686 0.031500 0.795534
v 0.505390 0.033850 0.790190
v 0.505390 0.031500 0.790190
v 0.500147 0.033850 0.785771
v 0.500147 0.031500 0.785771
v 0.500145 0.033850 0.785769
v 0.500145 0.031500 0.785769
v 0.498748 0.033850 0.784854
v 0.498748 0.031500 0.784854
v 0.492353 0.033850 0.781719
v 0.492353 0.031500 0.781719
v 0.492273 0.033850 0.781689
v 0.492273 0.031500 0.781689
v 0.484927 0.033850 0.779843
v 0.484927 0.031500 0.779843
v 0.477357 0.033850 0.779598
v 0.477357 0.031500 0.779598
v 0.469907 0.033850 0.780964
v 0.469907 0.031500 0.780964
v 0.462917 0.033850 0.783879
v 0.462917 0.031500 0.783879
v 0.456704 0.033850 0.788211
v 0.456704 0.031500 0.788211
v 0.451551 0.033850 0.793763
v 0.451551 0.031500 0.793763
v 0.447694 0.033850 0.800281
v 0.447694 0.031500 0.800281
v 0.445306 0.033850 0.807469
v 0.445306 0.031500 0.807469
v 0.444499 0.033850 0.815000
v 0.444499 0.031500 0.815000
v 0.444499 0.033850 0.815000
v 0.444499 0.031500 0.815000
v 0.445274 0.033850 0.822380
v 0.445274 0.031500 0.822380
v 0.447568 0.033850 0.829439
v 0.447568 0.031500 0.829439
v 0.451278 0.033850 0.835866
v 0.451278 0.031500 0.835866
v 0.456244 0.033850 0.841381
v 0.456244 0.031500 0.841381
v 0.462249 0.033850 0.845743
v 0.462249 0.031500 0.845743
v 0.469028 0.033850 0.848762
v 0.469028 0.031500 0.848762
v 0.476288 0.033850 0.850305
v 0.476288 0.031500 0.850305
v 0.483709 0.033850 0.850305
v 0.483709 0.031500 0.850305
v 0.490969 0.033850 0.848762
v 0.490969 0.031500 0.848762
v 0.497749 0.033850 0.845743
v 0.497749 0.031500 0.845743
v 0.503753 0.033850 0.841381
v 0.503753 0.031500 0.841381
v 0.508719 0.033850 0.835866
v 0.508719 0.031500 0.835866
v 0.512429 0.033850 0.829439
v 0.512429 0.031500 0.829439
v 0.514723 0.033850 0.822380
v 0.514723 0.031500 0.822380
v 0.515499 0.033850 0.815000
v 0.515499 0.031500 0.815000
v 0.426592 -0.032650 0.815000
v 0.426985 -0.032660 0.814607
v 0.423364 -0.032219 0.815476
v 0.422065 -0.031834 0.814500
v 0.420696 -0.031283 0.815521
v 0.419010 -0.030371 0.814459
v 0.418250 -0.029861 0.815548
v 0.415473 -0.027285 0.815553
v 0.416364 -0.028260 0.814445
v 0.413432 -0.024094 0.815523
v 0.414260 -0.025609 0.814459
v 0.412353 -0.020959 0.815469
v 0.412804 -0.022552 0.814501
v 0.411990 -0.017665 0.815393
v 0.411990 -0.017665 0.814607
v 0.426985 -0.032660 0.815393
v 0.419010 -0.030371 0.814459
v 0.418072 -0.029895 0.810869
v 0.416364 -0.028260 0.814445
v 0.414755 -0.026578 0.810869
v 0.414260 -0.025609 0.814459
v 0.412624 -0.022399 0.810815
v 0.412804 -0.022552 0.814501
v 0.411888 -0.017767 0.810713
v 0.411990 -0.017665 0.814607
v 0.422251 -0.032026 0.810815
v 0.422065 -0.031834 0.814500
v 0.426985 -0.032660 0.814607
v 0.426883 -0.032762 0.810713
v 0.429000 -0.034118 0.758951
v 0.356203 -0.034173 0.756829
v 0.299947 -0.034199 0.755833
v 0.371599 -0.034145 0.757922
v 0.374831 -0.034135 0.758292
v 0.377280 -0.034119 0.758887
v 0.380053 -0.034095 0.759817
v 0.383374 -0.034059 0.761202
v 0.385543 -0.034032 0.762225
v 0.395198 -0.033897 0.767378
v 0.418106 -0.033297 0.790286
v 0.422167 -0.033165 0.795336
v 0.425235 -0.032999 0.801664
v 0.425619 -0.032968 0.802850
v 0.427150 -0.032968 0.802850
v 0.427150 -0.032855 0.807150
v 0.426985 -0.032660 0.814607
v 0.429000 -0.032650 0.815000
v 0.426883 -0.032762 0.810713
v 0.426576 -0.032855 0.807150
v 0.426592 -0.032650 0.815000
v 0.348537 -0.034179 0.756616
v 0.376883 -0.029353 0.764258
v 0.372933 -0.026087 0.763593
v 0.409593 -0.027027 0.798634
v 0.370899 -0.022933 0.763256
v 0.408067 -0.022884 0.800052
v 0.370140 -0.019281 0.763140
v 0.407499 -0.018302 0.800500
v 0.411934 -0.030337 0.796380
v 0.382865 -0.032073 0.765273
v 0.414865 -0.032495 0.793505
v 0.389125 -0.033493 0.766339
v 0.418106 -0.033297 0.790286
v 0.395198 -0.033897 0.767378
v 0.422850 -0.032396 0.807150
v 0.426576 -0.032855 0.807150
v 0.422850 -0.059150 0.807150
v 0.427150 -0.032855 0.807150
v 0.427150 -0.059150 0.807150
v 0.422850 -0.032734 0.802850
v 0.422850 -0.059150 0.802850
v 0.425619 -0.032968 0.802850
v 0.427150 -0.059150 0.802850
v 0.427150 -0.032968 0.802850
v 0.422850 -0.032734 0.802850
v 0.422850 -0.032396 0.807150
v 0.422850 -0.059150 0.802850
v 0.422850 -0.059150 0.807150
v 0.362974 -0.009205 0.874026
v 0.362873 -0.009177 0.874118
v 0.362507 -0.019468 0.874343
v 0.362624 -0.008914 0.874286
v 0.361957 -0.019468 0.874465
v 0.362284 -0.008194 0.874419
v 0.361957 -0.007099 0.874465
v 0.362974 -0.019468 0.874026
v 0.363040 -0.020616 0.874023
v 0.364171 -0.024243 0.873940
v 0.408067 -0.022884 0.829948
v 0.366429 -0.027343 0.873771
v 0.409593 -0.027027 0.831366
v 0.370280 -0.030346 0.873479
v 0.411934 -0.030337 0.833620
v 0.375195 -0.032560 0.873105
v 0.414865 -0.032495 0.836495
v 0.379899 -0.033706 0.872746
v 0.385503 -0.034151 0.872317
v 0.407499 -0.018302 0.829500
v 0.362974 -0.019468 0.874026
v 0.418106 -0.033297 0.839714
v 0.415473 -0.027285 0.815553
v 0.413432 -0.024094 0.815523
v 0.414755 -0.026578 0.819131
v 0.412353 -0.020959 0.815469
v 0.412624 -0.022399 0.819185
v 0.411990 -0.017665 0.815393
v 0.411888 -0.017767 0.819287
v 0.423364 -0.032219 0.815476
v 0.420696 -0.031283 0.815521
v 0.422251 -0.032026 0.819185
v 0.418250 -0.029861 0.815548
v 0.418072 -0.029895 0.819131
v 0.426985 -0.032660 0.815393
v 0.426883 -0.032762 0.819287
v 0.426985 -0.032660 0.815393
v 0.426883 -0.032762 0.819287
v 0.429000 -0.032650 0.815000
v 0.426576 -0.032855 0.822850
v 0.427150 -0.032855 0.822850
v 0.429000 -0.034118 0.871049
v 0.427150 -0.032968 0.827150
v 0.422980 -0.033130 0.833315
v 0.419899 -0.033246 0.837756
v 0.418106 -0.033297 0.839714
v 0.385503 -0.034151 0.872317
v 0.426592 -0.032650 0.815000
v 0.425619 -0.032968 0.827150
v 0.422850 -0.032396 0.822850
v 0.422850 -0.059150 0.822850
v 0.426576 -0.032855 0.822850
v 0.427150 -0.059150 0.822850
v 0.427150 -0.032855 0.822850
v 0.422850 -0.032396 0.822850
v 0.422850 -0.032734 0.827150
v 0.422850 -0.059150 0.822850
v 0.422850 -0.059150 0.827150
v 0.422850 -0.032734 0.827150
v 0.425619 -0.032968 0.827150
v 0.422850 -0.059150 0.827150
v 0.427150 -0.032968 0.827150
v 0.427150 -0.059150 0.827150
v 0.280629 0.023339 0.876836
v 0.280000 0.023654 0.874500
v 0.279113 0.024280 0.876880
v 0.277804 0.025850 0.874500
v 0.277645 0.026145 0.876923
v 0.277000 0.028850 0.874500
v 0.277000 0.028850 0.876942
v 0.288281 0.026002 0.876613
v 0.288196 0.025850 0.874500
v 0.287619 0.025021 0.876632
v 0.286000 0.023654 0.874500
v 0.285761 0.023524 0.876686
v 0.283000 0.022850 0.874500
v 0.282887 0.022851 0.876770
v 0.289000 0.028850 0.874500
v 0.289000 0.028850 0.876592
v 0.348736 0.023293 0.874850
v 0.348000 0.023654 0.874500
v 0.347214 0.024195 0.874895
v 0.345804 0.025850 0.874500
v 0.345710 0.026020 0.874939
v 0.345000 0.028850 0.874500
v 0.345000 0.028850 0.874959
v 0.351000 0.022850 0.874500
v 0.351000 0.022850 0.874784
v 0.345443 -0.026887 0.874946
v 0.345804 -0.026150 0.874500
v 0.346345 -0.025365 0.874920
v 0.348000 -0.023954 0.874500
v 0.348169 -0.023860 0.874867
v 0.351000 -0.023150 0.874500
v 0.351000 -0.023150 0.874784
v 0.345000 -0.029150 0.874500
v 0.345000 -0.029150 0.874959
v 0.285371 -0.023638 0.876698
v 0.286000 -0.023954 0.874500
v 0.286887 -0.024580 0.876653
v 0.288196 -0.026150 0.874500
v 0.288355 -0.026444 0.876611
v 0.289000 -0.029150 0.874500
v 0.289000 -0.029150 0.876592
v 0.277719 -0.026302 0.876921
v 0.277804 -0.026150 0.874500
v 0.278381 -0.025321 0.876901
v 0.280000 -0.023954 0.874500
v 0.280239 -0.023823 0.876847
v 0.283000 -0.023150 0.874500
v 0.283113 -0.023151 0.876763
v 0.277000 -0.029150 0.874500
v 0.277000 -0.029150 0.876942
v 0.351000 -0.032650 0.878500
v 0.351000 -0.032650 0.874500
v 0.353057 -0.031981 0.878500
v 0.353057 -0.031981 0.874500
v 0.354329 -0.030231 0.878500
v 0.354329 -0.030231 0.874500
v 0.354329 -0.028068 0.878500
v 0.354329 -0.028068 0.874500
v 0.353057 -0.026318 0.878500
v 0.353057 -0.026318 0.874500
v 0.351000 -0.025650 0.878500
v 0.351000 -0.025650 0.874500
v 0.351000 -0.025650 0.878500
v 0.351000 -0.025650 0.874500
v 0.348943 -0.026318 0.878500
v 0.348943 -0.026318 0.874500
v 0.347671 -0.028068 0.878500
v 0.347671 -0.028068 0.874500
v 0.347671 -0.030231 0.878500
v 0.347671 -0.030231 0.874500
v 0.348943 -0.031981 0.878500
v 0.348943 -0.031981 0.874500
v 0.351000 -0.032650 0.878500
v 0.351000 -0.032650 0.874500
v 0.351000 0.025350 0.878500
v 0.351000 0.025350 0.874500
v 0.353057 0.026019 0.878500
v 0.353057 0.026019 0.874500
v 0.354329 0.027769 0.878500
v 0.354329 0.027769 0.874500
v 0.354329 0.029932 0.878500
v 0.354329 0.029932 0.874500
v 0.353057 0.031682 0.878500
v 0.353057 0.031682 0.874500
v 0.351000 0.032350 0.878500
v 0.351000 0.032350 0.874500
v 0.351000 0.032350 0.878500
v 0.351000 0.032350 0.874500
v 0.348943 0.031682 0.878500
v 0.348943 0.031682 0.874500
v 0.347671 0.029932 0.878500
v 0.347671 0.029932 0.874500
v 0.347671 0.027769 0.878500
v 0.347671 0.027769 0.874500
v 0.348943 0.026019 0.878500
v 0.348943 0.026019 0.874500
v 0.351000 0.025350 0.878500
v 0.351000 0.025350 0.874500
v 0.196365 0.023008 0.879477
v 0.198517 0.023989 0.879191
v 0.198000 0.023654 0.874500
v 0.200408 0.026252 0.878605
v 0.200196 0.025850 0.874500
v 0.201000 0.028850 0.877921
v 0.201000 0.028850 0.874500
v 0.195000 0.022850 0.874500
v 0.195000 0.022850 0.879554
v 0.195000 0.025350 0.878500
v 0.195000 0.025350 0.874500
v 0.197057 0.026019 0.878500
v 0.197057 0.026019 0.874500
v 0.198329 0.027769 0.878500
v 0.198329 0.027769 0.874500
v 0.198329 0.029932 0.878500
v 0.198329 0.029932 0.874500
v 0.197057 0.031682 0.878500
v 0.197057 0.031682 0.874500
v 0.195000 0.032350 0.878500
v 0.195000 0.032350 0.874500
v 0.195000 0.032350 0.878500
v 0.195000 0.032350 0.874500
v 0.192943 0.031682 0.878500
v 0.192943 0.031682 0.874500
v 0.191671 0.029932 0.878500
v 0.191671 0.029932 0.874500
v 0.191671 0.027769 0.878500
v 0.191671 0.027769 0.874500
v 0.192943 0.026019 0.878500
v 0.192943 0.026019 0.874500
v 0.195000 0.025350 0.878500
v 0.195000 0.025350 0.874500
v 0.283000 0.025350 0.878500
v 0.283000 0.025350 0.874500
v 0.285057 0.026019 0.878500
v 0.285057 0.026019 0.874500
v 0.286329 0.027769 0.878500
v 0.286329 0.027769 0.874500
v 0.286329 0.029932 0.878500
v 0.286329 0.029932 0.874500
v 0.285057 0.031682 0.878500
v 0.285057 0.031682 0.874500
v 0.283000 0.032350 0.878500
v 0.283000 0.032350 0.874500
v 0.283000 0.032350 0.878500
v 0.283000 0.032350 0.874500
v 0.280943 0.031682 0.878500
v 0.280943 0.031682 0.874500
v 0.279671 0.029932 0.878500
v 0.279671 0.029932 0.874500
v 0.279671 0.027769 0.878500
v 0.279671 0.027769 0.874500
v 0.280943 0.026019 0.878500
v 0.280943 0.026019 0.874500
v 0.283000 0.025350 0.878500
v 0.283000 0.025350 0.874500
v 0.200764 -0.027484 0.878364
v 0.199272 -0.024937 0.879021
v 0.200196 -0.026150 0.874500
v 0.196753 -0.023412 0.879442
v 0.198000 -0.023954 0.874500
v 0.195000 -0.023150 0.879554
v 0.195000 -0.023150 0.874500
v 0.201000 -0.029150 0.874500
v 0.201000 -0.029150 0.877921
v 0.265000 0.003850 0.877000
v 0.265000 0.003850 0.872500
v 0.265000 -0.030150 0.872500
v 0.265000 -0.030150 0.877123
v 0.265000 0.030050 0.877116
v 0.265000 0.030050 0.877000
v 0.265000 -0.001100 0.877646
v 0.233850 -0.030150 0.877437
v 0.265000 -0.030150 0.877123
v 0.202700 -0.030150 0.877636
v 0.265000 -0.030150 0.872500
v 0.202700 -0.030150 0.872500
v 0.202700 0.003850 0.872500
v 0.202700 0.003850 0.881604
v 0.202700 -0.030150 0.872500
v 0.202700 -0.030150 0.877636
v 0.202700 -0.008928 0.881336
v 0.202700 -0.020921 0.879762
v 0.202700 0.003850 0.881604
v 0.202700 0.003850 0.872500
v 0.203700 0.003850 0.881541
v 0.203700 0.003850 0.877000
v 0.265000 0.003850 0.872500
v 0.265000 0.003850 0.877000
v 0.203700 0.030050 0.877577
v 0.203700 0.030050 0.877000
v 0.265000 0.030050 0.877000
v 0.265000 0.030050 0.877116
v 0.236850 0.030050 0.877384
v 0.203700 0.003850 0.881541
v 0.203700 0.003850 0.877000
v 0.203700 0.030050 0.877000
v 0.203700 0.030050 0.877577
v 0.203700 0.020586 0.879731
v 0.203700 0.009984 0.881165
v 0.195000 -0.032650 0.878500
v 0.195000 -0.032650 0.874500
v 0.197057 -0.031981 0.878500
v 0.197057 -0.031981 0.874500
v 0.198329 -0.030231 0.878500
v 0.198329 -0.030231 0.874500
v 0.198329 -0.028068 0.878500
v 0.198329 -0.028068 0.874500
v 0.197057 -0.026318 0.878500
v 0.197057 -0.026318 0.874500
v 0.195000 -0.025650 0.878500
v 0.195000 -0.025650 0.874500
v 0.195000 -0.025650 0.878500
v 0.195000 -0.025650 0.874500
v 0.192943 -0.026318 0.878500
v 0.192943 -0.026318 0.874500
v 0.191671 -0.028068 0.878500
v 0.191671 -0.028068 0.874500
v 0.191671 -0.030231 0.878500
v 0.191671 -0.030231 0.874500
v 0.192943 -0.031981 0.878500
v 0.192943 -0.031981 0.874500
v 0.195000 -0.032650 0.878500
v 0.195000 -0.032650 0.874500
v 0.283000 -0.032650 0.878500
v 0.283000 -0.032650 0.874500
v 0.285057 -0.031981 0.878500
v 0.285057 -0.031981 0.874500
v 0.286329 -0.030231 0.878500
v 0.286329 -0.030231 0.874500
v 0.286329 -0.028068 0.878500
v 0.286329 -0.028068 0.874500
v 0.285057 -0.026318 0.878500
v 0.285057 -0.026318 0.874500
v 0.283000 -0.025650 0.878500
v 0.283000 -0.025650 0.874500
v 0.283000 -0.025650 0.878500
v 0.283000 -0.025650 0.874500
v 0.280943 -0.026318 0.878500
v 0.280943 -0.026318 0.874500
v 0.279671 -0.028068 0.878500
v 0.279671 -0.028068 0.874500
v 0.279671 -0.030231 0.878500
v 0.279671 -0.030231 0.874500
v 0.280943 -0.031981 0.878500
v 0.280943 -0.031981 0.874500
v 0.283000 -0.032650 0.878500
v 0.283000 -0.032650 0.874500
v 0.481632 -0.040564 0.870976
v 0.481526 -0.043150 0.870483
v 0.486239 -0.040906 0.870651
v 0.489073 -0.043150 0.870021
v 0.492356 -0.041961 0.869620
v 0.496864 -0.043150 0.868400
v 0.362974 -0.019468 0.874026
v 0.362507 -0.019468 0.874343
v 0.363040 -0.020616 0.874023
v 0.362402 -0.020689 0.874404
v 0.364171 -0.024243 0.873940
v 0.363858 -0.024967 0.874337
v 0.366429 -0.027343 0.873771
v 0.367228 -0.028869 0.874169
v 0.370280 -0.030346 0.873479
v 0.372305 -0.031939 0.873887
v 0.375195 -0.032560 0.873105
v 0.378581 -0.033822 0.873501
v 0.379899 -0.033706 0.872746
v 0.385503 -0.034151 0.872317
v 0.378450 -0.034486 0.873924
v 0.371987 -0.032615 0.874168
v 0.375855 -0.034244 0.874060
v 0.370117 -0.031749 0.874227
v 0.385534 -0.034604 0.873352
v 0.385547 -0.035650 0.873777
v 0.379851 -0.035182 0.873943
v 0.361957 -0.019468 0.874465
v 0.362807 -0.023807 0.874440
v 0.365182 -0.027682 0.874371
v 0.368387 -0.030617 0.874278
v 0.385534 -0.034604 0.873352
v 0.385547 -0.035650 0.873777
v 0.481632 -0.035577 0.870976
v 0.481623 -0.034695 0.870689
v 0.481600 -0.034150 0.869939
v 0.429000 -0.034150 0.871322
v 0.429000 -0.034118 0.871049
v 0.385503 -0.034151 0.872317
v 0.481632 -0.035577 0.870976
v 0.481632 -0.040564 0.870976
v 0.488616 -0.035561 0.870333
v 0.486239 -0.040906 0.870651
v 0.493484 -0.035536 0.869352
v 0.492356 -0.041961 0.869620
v 0.498200 -0.035500 0.867960
v 0.496864 -0.043150 0.868400
v 0.496874 -0.043150 0.868397
v 0.504309 -0.035436 0.865449
v 0.505070 -0.043150 0.865075
v 0.510255 -0.035351 0.862123
v 0.512641 -0.043150 0.860504
v 0.515675 -0.035250 0.858166
v 0.519398 -0.043150 0.854797
v 0.520523 -0.035135 0.853650
v 0.524598 -0.035014 0.848867
v 0.525172 -0.043150 0.848099
v 0.528150 -0.034879 0.843594
v 0.529819 -0.043150 0.840574
v 0.531542 -0.034708 0.836896
v 0.533224 -0.043150 0.832412
v 0.533796 -0.034547 0.830556
v 0.535534 -0.034334 0.822213
v 0.535302 -0.043150 0.823816
v 0.536000 -0.043150 0.815000
v 0.535998 -0.039249 0.815490
v 0.535999 -0.039555 0.815294
v 0.533676 -0.034557 0.799036
v 0.533224 -0.043150 0.797588
v 0.531181 -0.034730 0.792274
v 0.529819 -0.043150 0.789426
v 0.527841 -0.034892 0.785892
v 0.525172 -0.043150 0.781901
v 0.522241 -0.035087 0.778235
v 0.519398 -0.043150 0.775203
v 0.515417 -0.035256 0.771622
v 0.512641 -0.043150 0.769497
v 0.512457 -0.035313 0.769365
v 0.505928 -0.035415 0.765364
v 0.505070 -0.043150 0.764925
v 0.496874 -0.043150 0.761603
v 0.498913 -0.035494 0.762291
v 0.496864 -0.043150 0.761600
v 0.490401 -0.035553 0.759974
v 0.490604 -0.041591 0.760013
v 0.481632 -0.035577 0.759024
v 0.484471 -0.040728 0.759179
v 0.481643 -0.040564 0.759024
v 0.536000 -0.039650 0.815000
v 0.535302 -0.043150 0.806184
v 0.535999 -0.039581 0.814746
v 0.535999 -0.039469 0.814615
v 0.535105 -0.034405 0.805029
v 0.535998 -0.034163 0.814500
v 0.535998 -0.039150 0.814500
v 0.481632 -0.040564 0.759024
v 0.535998 -0.039150 0.815500
v 0.535998 -0.034163 0.815500
v 0.445000 -0.050150 0.866500
v 0.445000 -0.046150 0.866500
v 0.442943 -0.050150 0.865832
v 0.442943 -0.046150 0.865832
v 0.441671 -0.050150 0.864082
v 0.441671 -0.046150 0.864082
v 0.441671 -0.050150 0.861918
v 0.441671 -0.046150 0.861918
v 0.442943 -0.050150 0.860168
v 0.442943 -0.046150 0.860168
v 0.445000 -0.050150 0.859500
v 0.445000 -0.046150 0.859500
v 0.445000 -0.050150 0.859500
v 0.445000 -0.046150 0.859500
v 0.447057 -0.050150 0.860168
v 0.447057 -0.046150 0.860168
v 0.448329 -0.050150 0.861918
v 0.448329 -0.046150 0.861918
v 0.448329 -0.050150 0.864082
v 0.448329 -0.046150 0.864082
v 0.447057 -0.050150 0.865832
v 0.447057 -0.046150 0.865832
v 0.445000 -0.050150 0.866500
v 0.445000 -0.046150 0.866500
v 0.480000 -0.056621 0.775095
v 0.480000 -0.058517 0.795007
v 0.275584 -0.056621 0.775095
v 0.425000 -0.058869 0.801667
v 0.278077 -0.058213 0.790685
v 0.279349 -0.059041 0.806713
v 0.425191 -0.058872 0.801756
v 0.480000 -0.059150 0.815000
v 0.427186 -0.058906 0.802595
v 0.428212 -0.058976 0.804502
v 0.421788 -0.059007 0.805497
v 0.422813 -0.059059 0.807404
v 0.424808 -0.059078 0.808244
v 0.279369 -0.059054 0.822783
v 0.423112 -0.059064 0.822355
v 0.278134 -0.058250 0.838833
v 0.421869 -0.059018 0.824128
v 0.421750 -0.058992 0.825000
v 0.275584 -0.056621 0.854905
v 0.425000 -0.058869 0.828333
v 0.424809 -0.058872 0.828244
v 0.480000 -0.058517 0.834993
v 0.426888 -0.058897 0.827645
v 0.428131 -0.058963 0.825872
v 0.425192 -0.059078 0.821756
v 0.427187 -0.059059 0.822596
v 0.428212 -0.059007 0.824503
v 0.423112 -0.058897 0.802355
v 0.421869 -0.058963 0.804128
v 0.421750 -0.058992 0.805000
v 0.421788 -0.058976 0.825498
v 0.422814 -0.058906 0.827405
v 0.426888 -0.059064 0.807645
v 0.428131 -0.059018 0.805872
v 0.428250 -0.058992 0.805000
v 0.480000 -0.056621 0.854905
v 0.428250 -0.058992 0.825000
v 0.275584 -0.055990 0.857346
v 0.275064 -0.055937 0.857502
v 0.275584 -0.056621 0.854905
v 0.275107 -0.056621 0.854913
v 0.375000 -0.046150 0.857000
v 0.375000 -0.056057 0.857173
v 0.382000 -0.046150 0.857000
v 0.382000 -0.056057 0.857173
v 0.375000 -0.050150 0.866500
v 0.375000 -0.046150 0.866500
v 0.372943 -0.050150 0.865832
v 0.372943 -0.046150 0.865832
v 0.371671 -0.050150 0.864082
v 0.371671 -0.046150 0.864082
v 0.371671 -0.050150 0.861918
v 0.371671 -0.046150 0.861918
v 0.372943 -0.050150 0.860168
v 0.372943 -0.046150 0.860168
v 0.375000 -0.050150 0.859500
v 0.375000 -0.046150 0.859500
v 0.375000 -0.050150 0.859500
v 0.375000 -0.046150 0.859500
v 0.377057 -0.050150 0.860168
v 0.377057 -0.046150 0.860168
v 0.378329 -0.050150 0.861918
v 0.378329 -0.046150 0.861918
v 0.378329 -0.050150 0.864082
v 0.378329 -0.046150 0.864082
v 0.377057 -0.050150 0.865832
v 0.377057 -0.046150 0.865832
v 0.375000 -0.050150 0.866500
v 0.375000 -0.046150 0.866500
v 0.274366 -0.056320 0.856389
v 0.274419 -0.056628 0.854905
v 0.275107 -0.056621 0.854913
v 0.275064 -0.055937 0.857502
v 0.274311 -0.055793 0.857825
v 0.277000 -0.050150 0.866500
v 0.277000 -0.046150 0.866500
v 0.274943 -0.050150 0.865832
v 0.274943 -0.046150 0.865832
v 0.273671 -0.050150 0.864082
v 0.273671 -0.046150 0.864082
v 0.273671 -0.050150 0.861918
v 0.273671 -0.046150 0.861918
v 0.274943 -0.050150 0.860168
v 0.274943 -0.046150 0.860168
v 0.277000 -0.050150 0.859500
v 0.277000 -0.046150 0.859500
v 0.277000 -0.050150 0.859500
v 0.277000 -0.046150 0.859500
v 0.279057 -0.050150 0.860168
v 0.279057 -0.046150 0.860168
v 0.280329 -0.050150 0.861918
v 0.280329 -0.046150 0.861918
v 0.280329 -0.050150 0.864082
v 0.280329 -0.046150 0.864082
v 0.279057 -0.050150 0.865832
v 0.279057 -0.046150 0.865832
v 0.277000 -0.050150 0.866500
v 0.277000 -0.046150 0.866500
v 0.500234 -0.043740 0.867206
v 0.500172 -0.044321 0.867219
v 0.505070 -0.043150 0.865075
v 0.502760 -0.046150 0.866109
v 0.512641 -0.043150 0.860504
v 0.509016 -0.046150 0.862835
v 0.518732 -0.049480 0.855292
v 0.511141 -0.049480 0.861410
v 0.533695 -0.049480 0.830508
v 0.533224 -0.043150 0.832412
v 0.530183 -0.049480 0.839603
v 0.529819 -0.043150 0.840574
v 0.525144 -0.049480 0.847949
v 0.525172 -0.043150 0.848099
v 0.519398 -0.043150 0.854797
v 0.535302 -0.043150 0.823816
v 0.535625 -0.046150 0.821000
v 0.536000 -0.043150 0.815000
v 0.535948 -0.046150 0.815000
v 0.535625 -0.046150 0.809000
v 0.518732 -0.049480 0.774708
v 0.519398 -0.043150 0.775203
v 0.525144 -0.049480 0.782051
v 0.525172 -0.043150 0.781901
v 0.530183 -0.049480 0.790397
v 0.529819 -0.043150 0.789426
v 0.533695 -0.049480 0.799492
v 0.533224 -0.043150 0.797588
v 0.535573 -0.049480 0.809058
v 0.535302 -0.043150 0.806184
v 0.500368 -0.045016 0.762871
v 0.500438 -0.044404 0.762886
v 0.502796 -0.046150 0.763907
v 0.505070 -0.043150 0.764925
v 0.509014 -0.046150 0.767164
v 0.512641 -0.043150 0.769497
v 0.500508 -0.043793 0.762902
v 0.497645 -0.043236 0.761854
v 0.496874 -0.043150 0.761603
v 0.535573 -0.049480 0.820942
v 0.508977 -0.049112 0.862798
v 0.508977 -0.049112 0.767202
v 0.500110 -0.044901 0.867232
v 0.497662 -0.043239 0.868140
v 0.496874 -0.043150 0.868397
v 0.511141 -0.049480 0.768590
v 0.500234 -0.043740 0.867206
v 0.500297 -0.044276 0.867192
v 0.500172 -0.044321 0.867219
v 0.500110 -0.044901 0.867232
v 0.498804 -0.046150 0.855694
v 0.501664 -0.046150 0.855357
v 0.496411 -0.046150 0.857250
v 0.500947 -0.046150 0.858548
v 0.504412 -0.046150 0.856220
v 0.506272 -0.046150 0.857920
v 0.506810 -0.046150 0.858737
v 0.507372 -0.046150 0.859742
v 0.503004 -0.046150 0.859216
v 0.508824 -0.046150 0.862579
v 0.504276 -0.046150 0.860966
v 0.509016 -0.046150 0.862835
v 0.504276 -0.046150 0.863129
v 0.494399 -0.046150 0.860590
v 0.497618 -0.046150 0.863129
v 0.494041 -0.046150 0.863110
v 0.497618 -0.046150 0.860966
v 0.494845 -0.046150 0.859458
v 0.498890 -0.046150 0.859216
v 0.502760 -0.046150 0.866109
v 0.496380 -0.046150 0.867870
v 0.500947 -0.046150 0.865548
v 0.503004 -0.046150 0.864879
v 0.494590 -0.046150 0.865595
v 0.498890 -0.046150 0.864879
v 0.495079 -0.046150 0.866762
v 0.495681 -0.046150 0.867670
v 0.495387 -0.046150 0.867415
v 0.495361 -0.046150 0.867368
v 0.495605 -0.046828 0.867625
v 0.495361 -0.047253 0.867368
v 0.495361 -0.046150 0.867368
v 0.495387 -0.046150 0.867415
v 0.495681 -0.046150 0.867670
v 0.496380 -0.046150 0.867870
v 0.495079 -0.046150 0.866762
v 0.495361 -0.046150 0.867368
v 0.495079 -0.048014 0.866762
v 0.495361 -0.047253 0.867368
v 0.494399 -0.046150 0.860590
v 0.494399 -0.053926 0.860590
v 0.494845 -0.046150 0.859458
v 0.494841 -0.054745 0.859466
v 0.496411 -0.046150 0.857250
v 0.496399 -0.055726 0.857261
v 0.498804 -0.046150 0.855694
v 0.498804 -0.055955 0.855694
v 0.498804 -0.055955 0.774306
v 0.492198 -0.058149 0.793024
v 0.489912 -0.058149 0.791903
v 0.480000 -0.059150 0.815000
v 0.487524 -0.058149 0.791018
v 0.485060 -0.058149 0.790380
v 0.480000 -0.056621 0.775095
v 0.482543 -0.058149 0.789995
v 0.480000 -0.058517 0.795007
v 0.501664 -0.055814 0.774643
v 0.504412 -0.055499 0.773780
v 0.507921 -0.055153 0.773390
v 0.494358 -0.058149 0.794371
v 0.496372 -0.058149 0.795929
v 0.498217 -0.058149 0.797683
v 0.499876 -0.058149 0.799615
v 0.514543 -0.055153 0.778699
v 0.520174 -0.055153 0.785050
v 0.527530 -0.055527 0.810722
v 0.505102 -0.058149 0.813727
v 0.504845 -0.058149 0.811194
v 0.504332 -0.058149 0.808700
v 0.503570 -0.058149 0.806271
v 0.527850 -0.055153 0.800122
v 0.524653 -0.055153 0.792260
v 0.529797 -0.055153 0.809411
v 0.529675 -0.055153 0.808412
v 0.507921 -0.055153 0.856610
v 0.492198 -0.058149 0.836976
v 0.494358 -0.058149 0.835629
v 0.496372 -0.058149 0.834071
v 0.498217 -0.058149 0.832317
v 0.514470 -0.055153 0.851371
v 0.520053 -0.055153 0.845112
v 0.504412 -0.055499 0.856220
v 0.501664 -0.055814 0.855357
v 0.489912 -0.058149 0.838097
v 0.498804 -0.055955 0.855694
v 0.487524 -0.058149 0.838982
v 0.485060 -0.058149 0.839620
v 0.482543 -0.058149 0.840005
v 0.480000 -0.058517 0.834993
v 0.481354 -0.056618 0.854909
v 0.480000 -0.056621 0.854905
v 0.525679 -0.055832 0.814651
v 0.525867 -0.055801 0.816509
v 0.505102 -0.058149 0.816273
v 0.527039 -0.055608 0.818760
v 0.504845 -0.058149 0.818806
v 0.529606 -0.055153 0.822090
v 0.504332 -0.058149 0.821300
v 0.527728 -0.055153 0.830264
v 0.503570 -0.058149 0.823729
v 0.502566 -0.058149 0.826069
v 0.501330 -0.058149 0.828295
v 0.499876 -0.058149 0.830385
v 0.501330 -0.058149 0.801705
v 0.502566 -0.058149 0.803931
v 0.526089 -0.055764 0.812823
v 0.528273 -0.055404 0.819866
v 0.529797 -0.055153 0.820589
v 0.529675 -0.055153 0.821588
v 0.495788 -0.056152 0.774536
v 0.524514 -0.055153 0.838010
v 0.195000 -0.050150 0.866500
v 0.195000 -0.046150 0.866500
v 0.192943 -0.050150 0.865832
v 0.192943 -0.046150 0.865832
v 0.191671 -0.050150 0.864082
v 0.191671 -0.046150 0.864082
v 0.191671 -0.050150 0.861918
v 0.191671 -0.046150 0.861918
v 0.192943 -0.050150 0.860168
v 0.192943 -0.046150 0.860168
v 0.195000 -0.050150 0.859500
v 0.195000 -0.046150 0.859500
v 0.195000 -0.050150 0.859500
v 0.195000 -0.046150 0.859500
v 0.197057 -0.050150 0.860168
v 0.197057 -0.046150 0.860168
v 0.198329 -0.050150 0.861918
v 0.198329 -0.046150 0.861918
v 0.198329 -0.050150 0.864082
v 0.198329 -0.046150 0.864082
v 0.197057 -0.050150 0.865832
v 0.197057 -0.046150 0.865832
v 0.195000 -0.050150 0.866500
v 0.195000 -0.046150 0.866500
v 0.223765 -0.056917 0.774719
v 0.257226 -0.056782 0.774974
v 0.238136 -0.059081 0.783540
v 0.256277 -0.058333 0.783439
v 0.238136 -0.060924 0.793617
v 0.256277 -0.059694 0.793611
v 0.238136 -0.062094 0.804263
v 0.256277 -0.060556 0.804279
v 0.238136 -0.062487 0.815000
v 0.256277 -0.060845 0.815000
v 0.238136 -0.062094 0.825737
v 0.256277 -0.060556 0.825721
v 0.238136 -0.060924 0.836383
v 0.256277 -0.059694 0.836389
v 0.238136 -0.059081 0.846460
v 0.256277 -0.058333 0.846561
v 0.223701 -0.056917 0.855282
v 0.257161 -0.056783 0.855027
v 0.190739 -0.056822 0.855508
v 0.190800 -0.060322 0.847987
v 0.214437 -0.060056 0.846327
v 0.214437 -0.062530 0.836374
v 0.214039 -0.063763 0.829030
v 0.216039 -0.063609 0.828975
v 0.190895 -0.065758 0.828254
v 0.190866 -0.064102 0.836470
v 0.190848 -0.063091 0.840134
v 0.217372 -0.063576 0.828353
v 0.218732 -0.063639 0.826770
v 0.219165 -0.063777 0.824915
v 0.218812 -0.063940 0.823237
v 0.190739 -0.056822 0.774492
v 0.190811 -0.060978 0.783672
v 0.214437 -0.060056 0.783673
v 0.190865 -0.064047 0.793315
v 0.214437 -0.062530 0.793626
v 0.213813 -0.063789 0.801024
v 0.215814 -0.063620 0.800971
v 0.274419 -0.056628 0.854905
v 0.273988 -0.056913 0.852705
v 0.271755 -0.058538 0.837780
v 0.270625 -0.059454 0.822152
v 0.271879 -0.058441 0.791127
v 0.274419 -0.056628 0.775095
v 0.190908 -0.066513 0.808396
v 0.213606 -0.064547 0.809099
v 0.190910 -0.066665 0.819118
v 0.214437 -0.064632 0.815000
v 0.215792 -0.064358 0.820790
v 0.217602 -0.064150 0.821651
v 0.210665 -0.064507 0.824906
v 0.211019 -0.064305 0.826584
v 0.212230 -0.064020 0.828169
v 0.210665 -0.064507 0.805094
v 0.210840 -0.064598 0.806294
v 0.190896 -0.065842 0.802309
v 0.211990 -0.064633 0.808150
v 0.218802 -0.063943 0.806786
v 0.219165 -0.063777 0.805085
v 0.218707 -0.063636 0.803180
v 0.217612 -0.063578 0.801828
v 0.213786 -0.064533 0.820848
v 0.212036 -0.064632 0.821807
v 0.211021 -0.064621 0.823216
v 0.212053 -0.064053 0.801982
v 0.211026 -0.064303 0.803398
v 0.215704 -0.064367 0.809227
v 0.270675 -0.059412 0.806515
v 0.217609 -0.064149 0.808343
v 0.274311 -0.055793 0.772174
v 0.274373 -0.056375 0.773808
v 0.260062 -0.054682 0.770524
v 0.253168 -0.056453 0.773698
v 0.223765 -0.056917 0.774719
v 0.257226 -0.056782 0.774974
v 0.190724 -0.055975 0.773152
v 0.190739 -0.056822 0.774492
v 0.273631 -0.055588 0.771764
v 0.272019 -0.054451 0.770077
v 0.274419 -0.056628 0.775095
v 0.201000 -0.046150 0.762420
v 0.271000 -0.046150 0.761620
v 0.200917 -0.050908 0.767000
v 0.271098 -0.051739 0.767000
v 0.200571 -0.052637 0.768903
v 0.271346 -0.053190 0.768605
v 0.199636 -0.054058 0.770587
v 0.272019 -0.054451 0.770077
v 0.198563 -0.054893 0.771636
v 0.260062 -0.054682 0.770524
v 0.196153 -0.055706 0.772718
v 0.195000 -0.055780 0.772832
v 0.190500 -0.043150 0.760054
v 0.190990 -0.043150 0.760049
v 0.275000 -0.046150 0.761575
v 0.190552 -0.046150 0.762539
v 0.190724 -0.055975 0.773152
v 0.190720 -0.055735 0.772833
v 0.275000 -0.043150 0.759132
v 0.195000 -0.046150 0.773000
v 0.195000 -0.055780 0.772832
v 0.190552 -0.046150 0.773000
v 0.190720 -0.055735 0.772833
v 0.191671 -0.046150 0.768082
v 0.192943 -0.046150 0.769832
v 0.190552 -0.046150 0.773000
v 0.195000 -0.046150 0.770500
v 0.195000 -0.046150 0.773000
v 0.200196 -0.046150 0.770000
v 0.198000 -0.046150 0.772196
v 0.197057 -0.046150 0.769832
v 0.198329 -0.046150 0.768082
v 0.201000 -0.046150 0.767000
v 0.190552 -0.046150 0.762539
v 0.195000 -0.046150 0.763500
v 0.192943 -0.046150 0.764168
v 0.191671 -0.046150 0.765918
v 0.201000 -0.046150 0.762420
v 0.198329 -0.046150 0.765918
v 0.197057 -0.046150 0.764168
v 0.450047 -0.054395 0.769970
v 0.450671 -0.053179 0.768544
v 0.494115 -0.052893 0.768220
v 0.450902 -0.051786 0.767000
v 0.494269 -0.050203 0.765352
v 0.494590 -0.049245 0.764405
v 0.294664 -0.036472 0.754577
v 0.309659 -0.037267 0.755062
v 0.275000 -0.043150 0.759132
v 0.435402 -0.043150 0.759132
v 0.275000 -0.046150 0.761575
v 0.481428 -0.045019 0.760622
v 0.486713 -0.045606 0.761111
v 0.387902 -0.051786 0.767000
v 0.439098 -0.051786 0.767000
v 0.387671 -0.053179 0.768544
v 0.439329 -0.053179 0.768544
v 0.387047 -0.054395 0.769970
v 0.439953 -0.054395 0.769970
v 0.283000 -0.046150 0.761575
v 0.369000 -0.046150 0.761575
v 0.282902 -0.051786 0.767000
v 0.369098 -0.051786 0.767000
v 0.282671 -0.053179 0.768544
v 0.369329 -0.053179 0.768544
v 0.282047 -0.054395 0.769970
v 0.369953 -0.054395 0.769970
v 0.439000 -0.046150 0.761575
v 0.388000 -0.046150 0.761575
v 0.451000 -0.046150 0.761575
v 0.493356 -0.047379 0.762658
v 0.495079 -0.048014 0.763238
v 0.494399 -0.053926 0.769410
v 0.480000 -0.054395 0.769970
v 0.275000 -0.036472 0.754577
v 0.240943 -0.034663 0.755111
v 0.275000 -0.034664 0.754777
v 0.240940 -0.035235 0.754775
v 0.275000 -0.035534 0.754371
v 0.240939 -0.035896 0.754718
v 0.275000 -0.036472 0.754577
v 0.240941 -0.036465 0.754920
v 0.240948 -0.034315 0.755605
v 0.268198 -0.034229 0.755623
v 0.275000 -0.034217 0.755628
v 0.169729 -0.026927 0.751389
v 0.168919 -0.027722 0.751367
v 0.168915 -0.027658 0.751341
v 0.169729 -0.026927 0.751389
v 0.168915 -0.027658 0.751341
v 0.168971 -0.025797 0.751003
v 0.168592 -0.026951 0.751070
v 0.166282 -0.021939 0.749324
v 0.168209 -0.026746 0.750975
v 0.165762 -0.021916 0.749238
v 0.168915 0.027358 0.751341
v 0.169327 0.027018 0.751291
v 0.166871 0.023290 0.749856
v 0.167647 0.022819 0.750148
v 0.164998 0.016239 0.747876
v 0.166154 0.017942 0.748835
v 0.165119 0.011597 0.747604
v 0.164365 -0.016866 0.747798
v 0.164711 -0.014683 0.747479
v 0.167007 -0.021359 0.749638
v 0.165613 -0.015483 0.748234
v 0.164041 0.007080 0.746394
v 0.163266 0.008428 0.746289
v 0.164383 0.016652 0.747819
v 0.166355 0.023106 0.749737
v 0.164692 -0.006554 0.746980
v 0.163914 -0.004300 0.746158
v 0.164555 0.002480 0.746761
v 0.163247 -0.008484 0.746259
v 0.162945 0.000138 0.745756
v 0.169729 0.026627 0.751389
v 0.383787 -0.033919 0.762406
v 0.383374 -0.034059 0.761202
v 0.380793 -0.033693 0.761854
v 0.380053 -0.034095 0.759817
v 0.377992 -0.033349 0.761464
v 0.378637 -0.034093 0.759576
v 0.374780 -0.033923 0.759488
v 0.374831 -0.034135 0.758292
v 0.371599 -0.034145 0.757922
v 0.385543 -0.034032 0.762225
v 0.384967 -0.033780 0.763396
v 0.381047 -0.032589 0.763469
v 0.377561 -0.031816 0.762662
v 0.374428 -0.032727 0.761213
v 0.371499 -0.032116 0.761297
v 0.371542 -0.033575 0.759876
v 0.374247 -0.030937 0.762066
v 0.371483 -0.030146 0.761815
v 0.377280 -0.034119 0.758887
v 0.384488 -0.033176 0.764359
v 0.275000 -0.034217 0.755628
v 0.294664 -0.034201 0.755784
v 0.275000 -0.034664 0.754777
v 0.294664 -0.034590 0.754852
v 0.275000 -0.035534 0.754371
v 0.294664 -0.035482 0.754378
v 0.275000 -0.036472 0.754577
v 0.294664 -0.036472 0.754577
v 0.294664 -0.036472 0.754577
v 0.294664 -0.035482 0.754378
v 0.337808 -0.035909 0.754909
v 0.352412 -0.035491 0.755271
v 0.356247 -0.035673 0.755369
v 0.356234 -0.034626 0.755794
v 0.352396 -0.034519 0.755804
v 0.348537 -0.034179 0.756616
v 0.356203 -0.034173 0.756829
v 0.294664 -0.034590 0.754852
v 0.294664 -0.034201 0.755784
v 0.299947 -0.034199 0.755833
v 0.384967 -0.033780 0.763396
v 0.384488 -0.033176 0.764359
v 0.390487 -0.033780 0.766025
v 0.395198 -0.033897 0.767378
v 0.385543 -0.034032 0.762225
v 0.500145 0.031500 0.785769
v 0.500147 0.031500 0.785771
v 0.497749 0.031500 0.845743
v 0.505390 0.031500 0.790190
v 0.503753 0.031500 0.841381
v 0.509686 0.031500 0.795534
v 0.508719 0.031500 0.835866
v 0.512874 0.031500 0.801605
v 0.512429 0.031500 0.829439
v 0.514836 0.031500 0.808175
v 0.514723 0.031500 0.822380
v 0.498748 0.031500 0.784854
v 0.490969 0.031500 0.848762
v 0.492353 0.031500 0.781719
v 0.444499 0.031500 0.815000
v 0.445306 0.031500 0.807469
v 0.445274 0.031500 0.822380
v 0.447694 0.031500 0.800281
v 0.447568 0.031500 0.829439
v 0.451551 0.031500 0.793763
v 0.451278 0.031500 0.835866
v 0.456704 0.031500 0.788211
v 0.456244 0.031500 0.841381
v 0.462917 0.031500 0.783879
v 0.462249 0.031500 0.845743
v 0.469907 0.031500 0.780964
v 0.469028 0.031500 0.848762
v 0.477357 0.031500 0.779598
v 0.476288 0.031500 0.850305
v 0.484927 0.031500 0.779843
v 0.483709 0.031500 0.850305
v 0.492273 0.031500 0.781689
v 0.515499 0.031500 0.815000
v 0.429000 -0.032650 0.815000
v 0.429000 -0.034118 0.871049
v 0.429000 -0.034118 0.758951
v 0.429000 -0.034150 0.871322
v 0.429000 -0.034150 0.758678
v 0.356203 -0.034173 0.756829
v 0.429000 -0.034118 0.758951
v 0.356234 -0.034626 0.755794
v 0.429000 -0.034150 0.758678
v 0.481623 -0.034695 0.759311
v 0.481600 -0.034150 0.760061
v 0.477492 -0.035580 0.758903
v 0.356247 -0.035673 0.755369
v 0.481632 -0.035577 0.759024
v 0.427150 -0.032855 0.807150
v 0.427150 -0.032968 0.802850
v 0.427150 -0.059150 0.807150
v 0.427150 -0.059150 0.802850
v 0.427150 -0.059150 0.807150
v 0.426004 -0.059150 0.808091
v 0.422850 -0.059150 0.807150
v 0.423996 -0.059150 0.808091
v 0.422371 -0.059150 0.806910
v 0.422850 -0.059150 0.802850
v 0.421750 -0.059150 0.805000
v 0.422371 -0.059150 0.803090
v 0.423996 -0.059150 0.801909
v 0.426004 -0.059150 0.801909
v 0.427150 -0.059150 0.802850
v 0.427629 -0.059150 0.803090
v 0.428250 -0.059150 0.805000
v 0.427629 -0.059150 0.806910
v 0.427150 -0.032968 0.827150
v 0.427150 -0.032855 0.822850
v 0.427150 -0.059150 0.827150
v 0.427150 -0.059150 0.822850
v 0.427150 -0.059150 0.827150
v 0.426004 -0.059150 0.828091
v 0.422850 -0.059150 0.827150
v 0.423996 -0.059150 0.828091
v 0.422371 -0.059150 0.826910
v 0.422850 -0.059150 0.822850
v 0.421750 -0.059150 0.825000
v 0.422371 -0.059150 0.823090
v 0.423996 -0.059150 0.821909
v 0.426004 -0.059150 0.821909
v 0.427150 -0.059150 0.822850
v 0.427629 -0.059150 0.823090
v 0.428250 -0.059150 0.825000
v 0.427629 -0.059150 0.826910
v 0.347671 -0.028068 0.878500
v 0.347671 -0.030231 0.878500
v 0.348943 -0.026318 0.878500
v 0.348943 -0.031981 0.878500
v 0.351000 -0.025650 0.878500
v 0.351000 -0.032650 0.878500
v 0.353057 -0.026318 0.878500
v 0.353057 -0.031981 0.878500
v 0.354329 -0.028068 0.878500
v 0.354329 -0.030231 0.878500
v 0.347671 0.029932 0.878500
v 0.347671 0.027769 0.878500
v 0.348943 0.031682 0.878500
v 0.348943 0.026019 0.878500
v 0.351000 0.032350 0.878500
v 0.351000 0.025350 0.878500
v 0.353057 0.031682 0.878500
v 0.353057 0.026019 0.878500
v 0.354329 0.029932 0.878500
v 0.354329 0.027769 0.878500
v 0.191671 0.029932 0.878500
v 0.191671 0.027769 0.878500
v 0.192943 0.031682 0.878500
v 0.192943 0.026019 0.878500
v 0.195000 0.032350 0.878500
v 0.195000 0.025350 0.878500
v 0.197057 0.031682 0.878500
v 0.197057 0.026019 0.878500
v 0.198329 0.029932 0.878500
v 0.198329 0.027769 0.878500
v 0.279671 0.029932 0.878500
v 0.279671 0.027769 0.878500
v 0.280943 0.031682 0.878500
v 0.280943 0.026019 0.878500
v 0.283000 0.032350 0.878500
v 0.283000 0.025350 0.878500
v 0.285057 0.031682 0.878500
v 0.285057 0.026019 0.878500
v 0.286329 0.029932 0.878500
v 0.286329 0.027769 0.878500
v 0.202700 -0.030150 0.872500
v 0.265000 -0.030150 0.872500
v 0.258350 -0.028650 0.872500
v 0.209350 -0.028650 0.872500
v 0.206850 -0.027980 0.872500
v 0.205020 -0.026150 0.872500
v 0.204350 -0.023650 0.872500
v 0.204350 -0.002650 0.872500
v 0.202700 0.003850 0.872500
v 0.265000 0.003850 0.872500
v 0.209350 0.002350 0.872500
v 0.258350 0.002350 0.872500
v 0.260850 0.001680 0.872500
v 0.262680 -0.000150 0.872500
v 0.263350 -0.002650 0.872500
v 0.263350 -0.023650 0.872500
v 0.205020 -0.000150 0.872500
v 0.206850 0.001680 0.872500
v 0.262680 -0.026150 0.872500
v 0.260850 -0.027980 0.872500
v 0.219355 0.018358 0.877000
v 0.220632 0.014221 0.877000
v 0.220100 0.020650 0.877000
v 0.224300 0.020650 0.877000
v 0.222521 0.014537 0.877000
v 0.225045 0.018358 0.877000
v 0.231355 0.018358 0.877000
v 0.232632 0.014221 0.877000
v 0.232100 0.020650 0.877000
v 0.236300 0.020650 0.877000
v 0.234521 0.014537 0.877000
v 0.237045 0.018358 0.877000
v 0.260332 0.013916 0.877000
v 0.259405 0.018941 0.877000
v 0.258521 0.014537 0.877000
v 0.256995 0.018941 0.877000
v 0.256632 0.014221 0.877000
v 0.243355 0.018358 0.877000
v 0.241405 0.016941 0.877000
v 0.237121 0.023044 0.877000
v 0.231630 0.022507 0.877000
v 0.238632 0.024221 0.877000
v 0.230332 0.023916 0.877000
v 0.265000 0.030050 0.877000
v 0.228521 0.024537 0.877000
v 0.216521 0.024537 0.877000
v 0.218332 0.023916 0.877000
v 0.226632 0.024221 0.877000
v 0.219630 0.022507 0.877000
v 0.225121 0.023044 0.877000
v 0.256632 0.026221 0.877000
v 0.240521 0.024537 0.877000
v 0.255121 0.025044 0.877000
v 0.242332 0.023916 0.877000
v 0.254300 0.022650 0.877000
v 0.203700 0.030050 0.877000
v 0.203700 0.003850 0.877000
v 0.207121 0.013044 0.877000
v 0.208632 0.014221 0.877000
v 0.210521 0.014537 0.877000
v 0.212300 0.020650 0.877000
v 0.213121 0.023044 0.877000
v 0.214632 0.024221 0.877000
v 0.265000 0.003850 0.877000
v 0.262079 0.023054 0.877000
v 0.262100 0.022650 0.877000
v 0.261355 0.020358 0.877000
v 0.261630 0.012507 0.877000
v 0.262079 0.011054 0.877000
v 0.262100 0.010650 0.877000
v 0.261355 0.008358 0.877000
v 0.259405 0.006941 0.877000
v 0.256995 0.006941 0.877000
v 0.238100 0.010650 0.877000
v 0.237355 0.008358 0.877000
v 0.235405 0.006941 0.877000
v 0.232995 0.006941 0.877000
v 0.223405 0.006941 0.877000
v 0.220995 0.006941 0.877000
v 0.211405 0.006941 0.877000
v 0.208995 0.006941 0.877000
v 0.258521 0.026537 0.877000
v 0.260332 0.025916 0.877000
v 0.261630 0.024507 0.877000
v 0.238995 0.016941 0.877000
v 0.236332 0.013916 0.877000
v 0.237630 0.012507 0.877000
v 0.238079 0.011054 0.877000
v 0.226995 0.016941 0.877000
v 0.224332 0.013916 0.877000
v 0.225630 0.012507 0.877000
v 0.226079 0.011054 0.877000
v 0.226100 0.010650 0.877000
v 0.230300 0.010650 0.877000
v 0.229405 0.016941 0.877000
v 0.214995 0.016941 0.877000
v 0.213045 0.018358 0.877000
v 0.212332 0.013916 0.877000
v 0.213630 0.012507 0.877000
v 0.214079 0.011054 0.877000
v 0.214100 0.010650 0.877000
v 0.218300 0.010650 0.877000
v 0.217405 0.016941 0.877000
v 0.231045 0.008358 0.877000
v 0.225355 0.008358 0.877000
v 0.219045 0.008358 0.877000
v 0.213355 0.008358 0.877000
v 0.255045 0.020358 0.877000
v 0.243630 0.022507 0.877000
v 0.244079 0.021054 0.877000
v 0.244100 0.020650 0.877000
v 0.207045 0.008358 0.877000
v 0.206300 0.010650 0.877000
v 0.255121 0.013044 0.877000
v 0.254300 0.010650 0.877000
v 0.255045 0.008358 0.877000
v 0.220079 0.021054 0.877000
v 0.232079 0.021054 0.877000
v 0.231121 0.013044 0.877000
v 0.219121 0.013044 0.877000
v 0.191671 -0.028068 0.878500
v 0.191671 -0.030231 0.878500
v 0.192943 -0.026318 0.878500
v 0.192943 -0.031981 0.878500
v 0.195000 -0.025650 0.878500
v 0.195000 -0.032650 0.878500
v 0.197057 -0.026318 0.878500
v 0.197057 -0.031981 0.878500
v 0.198329 -0.028068 0.878500
v 0.198329 -0.030231 0.878500
v 0.279671 -0.028068 0.878500
v 0.279671 -0.030231 0.878500
v 0.280943 -0.026318 0.878500
v 0.280943 -0.031981 0.878500
v 0.283000 -0.025650 0.878500
v 0.283000 -0.032650 0.878500
v 0.285057 -0.026318 0.878500
v 0.285057 -0.031981 0.878500
v 0.286329 -0.028068 0.878500
v 0.286329 -0.030231 0.878500
v 0.535500 -0.034150 0.815500
v 0.535500 -0.034150 0.814500
v 0.429000 -0.034150 0.758678
v 0.429000 -0.034150 0.871322
v 0.481600 -0.034150 0.869939
v 0.484779 -0.034150 0.869769
v 0.493973 -0.034150 0.868284
v 0.502866 -0.034150 0.865295
v 0.510710 -0.034150 0.861128
v 0.517243 -0.034150 0.856232
v 0.522405 -0.034150 0.851085
v 0.527019 -0.034150 0.845025
v 0.530798 -0.034150 0.838277
v 0.533958 -0.034150 0.829802
v 0.535573 -0.034150 0.821821
v 0.535998 -0.034150 0.815500
v 0.535998 -0.034150 0.814500
v 0.535737 -0.034150 0.809642
v 0.534109 -0.034150 0.800746
v 0.531036 -0.034150 0.792237
v 0.526911 -0.034150 0.784811
v 0.521298 -0.034150 0.777691
v 0.514160 -0.034150 0.771268
v 0.506479 -0.034150 0.766424
v 0.498419 -0.034150 0.763003
v 0.490159 -0.034150 0.760915
v 0.481600 -0.034150 0.760061
v 0.520523 -0.035135 0.853650
v 0.524598 -0.035014 0.848867
v 0.527019 -0.034150 0.845025
v 0.528150 -0.034879 0.843594
v 0.530798 -0.034150 0.838277
v 0.531542 -0.034708 0.836896
v 0.533958 -0.034150 0.829802
v 0.533796 -0.034547 0.830556
v 0.535573 -0.034150 0.821821
v 0.535534 -0.034334 0.822213
v 0.535998 -0.034150 0.815500
v 0.535998 -0.034163 0.815500
v 0.484779 -0.034150 0.869769
v 0.481600 -0.034150 0.869939
v 0.488519 -0.034694 0.870069
v 0.481623 -0.034695 0.870689
v 0.488616 -0.035561 0.870333
v 0.481632 -0.035577 0.870976
v 0.510255 -0.035351 0.862123
v 0.515675 -0.035250 0.858166
v 0.509645 -0.034487 0.862180
v 0.518565 -0.034305 0.855215
v 0.510710 -0.034150 0.861128
v 0.517243 -0.034150 0.856232
v 0.504309 -0.035436 0.865449
v 0.499500 -0.034619 0.867200
v 0.502866 -0.034150 0.865295
v 0.522405 -0.034150 0.851085
v 0.493973 -0.034150 0.868284
v 0.493484 -0.035536 0.869352
v 0.498200 -0.035500 0.867960
v 0.535998 -0.034150 0.815500
v 0.535998 -0.034163 0.815500
v 0.535500 -0.034150 0.815500
v 0.535998 -0.039150 0.815500
v 0.535500 -0.039150 0.815500
v 0.535999 -0.039469 0.814615
v 0.535500 -0.039503 0.814646
v 0.535999 -0.039581 0.814746
v 0.535500 -0.039650 0.815000
v 0.536000 -0.039650 0.815000
v 0.535500 -0.039503 0.815354
v 0.535999 -0.039555 0.815294
v 0.535998 -0.039249 0.815490
v 0.535998 -0.039150 0.814500
v 0.535500 -0.039150 0.814500
v 0.535998 -0.039150 0.815500
v 0.535500 -0.039150 0.815500
v 0.535998 -0.034150 0.814500
v 0.535500 -0.034150 0.814500
v 0.535998 -0.034163 0.814500
v 0.535500 -0.039150 0.814500
v 0.535998 -0.039150 0.814500
v 0.481632 -0.035577 0.759024
v 0.481623 -0.034695 0.759311
v 0.490401 -0.035553 0.759974
v 0.492786 -0.034672 0.760763
v 0.498913 -0.035494 0.762291
v 0.503495 -0.034575 0.764473
v 0.505928 -0.035415 0.765364
v 0.512457 -0.035313 0.769365
v 0.522241 -0.035087 0.778235
v 0.515417 -0.035256 0.771622
v 0.521591 -0.034223 0.777925
v 0.513230 -0.034423 0.770274
v 0.521298 -0.034150 0.777691
v 0.514160 -0.034150 0.771268
v 0.535998 -0.034150 0.814500
v 0.535998 -0.034163 0.814500
v 0.535737 -0.034150 0.809642
v 0.535105 -0.034405 0.805029
v 0.534109 -0.034150 0.800746
v 0.533676 -0.034557 0.799036
v 0.531036 -0.034150 0.792237
v 0.531181 -0.034730 0.792274
v 0.526911 -0.034150 0.784811
v 0.527841 -0.034892 0.785892
v 0.490159 -0.034150 0.760915
v 0.498419 -0.034150 0.763003
v 0.506479 -0.034150 0.766424
v 0.481600 -0.034150 0.760061
v 0.472536 -0.040240 0.758759
v 0.477492 -0.035580 0.758903
v 0.473295 -0.040268 0.758781
v 0.481632 -0.035577 0.759024
v 0.481632 -0.040564 0.759024
v 0.356247 -0.035673 0.755369
v 0.489943 -0.043150 0.760089
v 0.481643 -0.040564 0.759024
v 0.484471 -0.040728 0.759179
v 0.490604 -0.041591 0.760013
v 0.496864 -0.043150 0.761600
v 0.481526 -0.043150 0.759517
v 0.481632 -0.040564 0.759024
v 0.497645 -0.043236 0.761854
v 0.500575 -0.044485 0.762918
v 0.496874 -0.043150 0.761603
v 0.500368 -0.045016 0.762871
v 0.496864 -0.043150 0.761600
v 0.496380 -0.046150 0.762130
v 0.494211 -0.045038 0.761313
v 0.493356 -0.047379 0.762658
v 0.486713 -0.045606 0.761111
v 0.481428 -0.045019 0.760622
v 0.481526 -0.043150 0.759517
v 0.489943 -0.043150 0.760089
v 0.495680 -0.046739 0.762331
v 0.495375 -0.047212 0.762604
v 0.495361 -0.047253 0.762632
v 0.495079 -0.048014 0.763238
v 0.502796 -0.046150 0.763907
v 0.500508 -0.043793 0.762902
v 0.445000 -0.050150 0.859500
v 0.447057 -0.050150 0.860168
v 0.442943 -0.050150 0.860168
v 0.448329 -0.050150 0.861918
v 0.441671 -0.050150 0.861918
v 0.448329 -0.050150 0.864082
v 0.441671 -0.050150 0.864082
v 0.447057 -0.050150 0.865832
v 0.442943 -0.050150 0.865832
v 0.445000 -0.050150 0.866500
v 0.421750 -0.058992 0.825000
v 0.421750 -0.059150 0.825000
v 0.421788 -0.058976 0.825498
v 0.422371 -0.059150 0.826910
v 0.422814 -0.058906 0.827405
v 0.423996 -0.059150 0.828091
v 0.424809 -0.058872 0.828244
v 0.426004 -0.059150 0.828091
v 0.426888 -0.058897 0.827645
v 0.427629 -0.059150 0.826910
v 0.428131 -0.058963 0.825872
v 0.428250 -0.058992 0.825000
v 0.428250 -0.059150 0.825000
v 0.428250 -0.058992 0.825000
v 0.428250 -0.059150 0.825000
v 0.428212 -0.059007 0.824503
v 0.427629 -0.059150 0.823090
v 0.427187 -0.059059 0.822596
v 0.426004 -0.059150 0.821909
v 0.425192 -0.059078 0.821756
v 0.423996 -0.059150 0.821909
v 0.423112 -0.059064 0.822355
v 0.422371 -0.059150 0.823090
v 0.421869 -0.059018 0.824128
v 0.421750 -0.058992 0.825000
v 0.421750 -0.059150 0.825000
v 0.421750 -0.058992 0.805000
v 0.421750 -0.059150 0.805000
v 0.421788 -0.059007 0.805497
v 0.422371 -0.059150 0.806910
v 0.422813 -0.059059 0.807404
v 0.423996 -0.059150 0.808091
v 0.424808 -0.059078 0.808244
v 0.426004 -0.059150 0.808091
v 0.426888 -0.059064 0.807645
v 0.427629 -0.059150 0.806910
v 0.428131 -0.059018 0.805872
v 0.428250 -0.058992 0.805000
v 0.428250 -0.059150 0.805000
v 0.428250 -0.058992 0.805000
v 0.428250 -0.059150 0.805000
v 0.428212 -0.058976 0.804502
v 0.427629 -0.059150 0.803090
v 0.427186 -0.058906 0.802595
v 0.426004 -0.059150 0.801909
v 0.425191 -0.058872 0.801756
v 0.423996 -0.059150 0.801909
v 0.423112 -0.058897 0.802355
v 0.422371 -0.059150 0.803090
v 0.421869 -0.058963 0.804128
v 0.421750 -0.058992 0.805000
v 0.421750 -0.059150 0.805000
v 0.375000 -0.056057 0.772827
v 0.275584 -0.055990 0.772654
v 0.373307 -0.055959 0.772578
v 0.278501 -0.055981 0.772632
v 0.371757 -0.055628 0.771850
v 0.280447 -0.055555 0.771709
v 0.370430 -0.054911 0.770648
v 0.282047 -0.054395 0.769970
v 0.369953 -0.054395 0.769970
v 0.444683 -0.056054 0.772819
v 0.382000 -0.056057 0.772827
v 0.443156 -0.055939 0.772530
v 0.384374 -0.055852 0.772326
v 0.441757 -0.055628 0.771850
v 0.440430 -0.054911 0.770648
v 0.480000 -0.054395 0.769970
v 0.480000 -0.055873 0.772374
v 0.447214 -0.055882 0.772394
v 0.480000 -0.056621 0.775095
v 0.385977 -0.055314 0.771277
v 0.387047 -0.054395 0.769970
v 0.439953 -0.054395 0.769970
v 0.275584 -0.056621 0.775095
v 0.448987 -0.055309 0.771268
v 0.450047 -0.054395 0.769970
v 0.273988 -0.056913 0.852705
v 0.271755 -0.058538 0.837780
v 0.278134 -0.058250 0.838833
v 0.270625 -0.059454 0.822152
v 0.279369 -0.059054 0.822783
v 0.270675 -0.059412 0.806515
v 0.279349 -0.059041 0.806713
v 0.271879 -0.058441 0.791127
v 0.278077 -0.058213 0.790685
v 0.275107 -0.056621 0.775087
v 0.275584 -0.056621 0.775095
v 0.275584 -0.056621 0.854905
v 0.275107 -0.056621 0.854913
v 0.274419 -0.056628 0.854905
v 0.274419 -0.056628 0.775095
v 0.375000 -0.050150 0.859500
v 0.377057 -0.050150 0.860168
v 0.372943 -0.050150 0.860168
v 0.378329 -0.050150 0.861918
v 0.371671 -0.050150 0.861918
v 0.378329 -0.050150 0.864082
v 0.371671 -0.050150 0.864082
v 0.377057 -0.050150 0.865832
v 0.372943 -0.050150 0.865832
v 0.375000 -0.050150 0.866500
v 0.277000 -0.050150 0.859500
v 0.279057 -0.050150 0.860168
v 0.274943 -0.050150 0.860168
v 0.280329 -0.050150 0.861918
v 0.273671 -0.050150 0.861918
v 0.280329 -0.050150 0.864082
v 0.273671 -0.050150 0.864082
v 0.279057 -0.050150 0.865832
v 0.274943 -0.050150 0.865832
v 0.277000 -0.050150 0.866500
v 0.500368 -0.045016 0.762871
v 0.500575 -0.044485 0.762918
v 0.500438 -0.044404 0.762886
v 0.500508 -0.043793 0.762902
v 0.498804 -0.046150 0.774306
v 0.500947 -0.046150 0.771452
v 0.501664 -0.046150 0.774643
v 0.504412 -0.046150 0.773780
v 0.506810 -0.046150 0.771263
v 0.504997 -0.046150 0.773374
v 0.503004 -0.046150 0.770784
v 0.507372 -0.046150 0.770258
v 0.504276 -0.046150 0.769034
v 0.508810 -0.046150 0.767444
v 0.504276 -0.046150 0.766871
v 0.509014 -0.046150 0.767164
v 0.500947 -0.046150 0.764452
v 0.498890 -0.046150 0.765121
v 0.494590 -0.046150 0.764405
v 0.497618 -0.046150 0.766871
v 0.494041 -0.046150 0.766890
v 0.497618 -0.046150 0.769034
v 0.494399 -0.046150 0.769410
v 0.498890 -0.046150 0.770784
v 0.494959 -0.046150 0.770771
v 0.496145 -0.046150 0.772475
v 0.502796 -0.046150 0.763907
v 0.503004 -0.046150 0.765121
v 0.496380 -0.046150 0.762130
v 0.495079 -0.046150 0.763238
v 0.495361 -0.046150 0.762632
v 0.495513 -0.046150 0.762443
v 0.496124 -0.046150 0.762172
v 0.508562 -0.051409 0.767878
v 0.507857 -0.053355 0.769257
v 0.508810 -0.046150 0.767444
v 0.509014 -0.046150 0.767164
v 0.508977 -0.049112 0.767202
v 0.507372 -0.054163 0.770258
v 0.507372 -0.046150 0.770258
v 0.508977 -0.049112 0.767202
v 0.511141 -0.049480 0.768590
v 0.508562 -0.051409 0.767878
v 0.510564 -0.052079 0.769450
v 0.507857 -0.053355 0.769257
v 0.507372 -0.054163 0.770258
v 0.509467 -0.054065 0.771086
v 0.507921 -0.055153 0.773390
v 0.506810 -0.054699 0.771263
v 0.532990 -0.053754 0.809133
v 0.531500 -0.054643 0.809148
v 0.531084 -0.053237 0.797797
v 0.527850 -0.055153 0.800122
v 0.526146 -0.053237 0.787141
v 0.524653 -0.055153 0.792260
v 0.520174 -0.055153 0.785050
v 0.514543 -0.055153 0.778699
v 0.509467 -0.054065 0.771086
v 0.519016 -0.053237 0.777807
v 0.510564 -0.052079 0.769450
v 0.518732 -0.049480 0.774708
v 0.511141 -0.049480 0.768590
v 0.525144 -0.049480 0.782051
v 0.530183 -0.049480 0.790397
v 0.533695 -0.049480 0.799492
v 0.534216 -0.052526 0.809111
v 0.535573 -0.049480 0.809058
v 0.507921 -0.055153 0.773390
v 0.529675 -0.055153 0.808412
v 0.529797 -0.055153 0.809411
v 0.531500 -0.046150 0.809000
v 0.531500 -0.054643 0.809148
v 0.532990 -0.053754 0.809133
v 0.534216 -0.052526 0.809111
v 0.535573 -0.049480 0.809058
v 0.535625 -0.046150 0.809000
v 0.534829 -0.046150 0.816082
v 0.535948 -0.046150 0.815000
v 0.533557 -0.046150 0.817832
v 0.535625 -0.046150 0.821000
v 0.531500 -0.046150 0.821000
v 0.528500 -0.046150 0.809804
v 0.531500 -0.046150 0.809000
v 0.531500 -0.046150 0.811500
v 0.535625 -0.046150 0.809000
v 0.533557 -0.046150 0.812168
v 0.534829 -0.046150 0.813918
v 0.531500 -0.046150 0.818500
v 0.528500 -0.046150 0.820196
v 0.526304 -0.046150 0.818000
v 0.529443 -0.046150 0.812168
v 0.528171 -0.046150 0.813918
v 0.526304 -0.046150 0.812000
v 0.528171 -0.046150 0.816082
v 0.525500 -0.046150 0.815000
v 0.529443 -0.046150 0.817832
v 0.531500 -0.046150 0.821000
v 0.535625 -0.046150 0.821000
v 0.535573 -0.049480 0.820942
v 0.534216 -0.052526 0.820889
v 0.532990 -0.053754 0.820867
v 0.531500 -0.054643 0.820852
v 0.507921 -0.055153 0.856610
v 0.514470 -0.055153 0.851371
v 0.519016 -0.053237 0.852193
v 0.520053 -0.055153 0.845112
v 0.526146 -0.053237 0.842859
v 0.524514 -0.055153 0.838010
v 0.531084 -0.053237 0.832203
v 0.527728 -0.055153 0.830264
v 0.531500 -0.054643 0.820852
v 0.529606 -0.055153 0.822090
v 0.529675 -0.055153 0.821588
v 0.532990 -0.053754 0.820867
v 0.534216 -0.052526 0.820889
v 0.533695 -0.049480 0.830508
v 0.535573 -0.049480 0.820942
v 0.530183 -0.049480 0.839603
v 0.525144 -0.049480 0.847949
v 0.518732 -0.049480 0.855292
v 0.510545 -0.052131 0.860521
v 0.511141 -0.049480 0.861410
v 0.509409 -0.054133 0.858828
v 0.529797 -0.055153 0.820589
v 0.511141 -0.049480 0.861410
v 0.508977 -0.049112 0.862798
v 0.510545 -0.052131 0.860521
v 0.508607 -0.051232 0.862204
v 0.509409 -0.054133 0.858828
v 0.507704 -0.053643 0.860431
v 0.507372 -0.054163 0.859742
v 0.507921 -0.055153 0.856610
v 0.506810 -0.054699 0.858737
v 0.508824 -0.046150 0.862579
v 0.507372 -0.046150 0.859742
v 0.507372 -0.054163 0.859742
v 0.507704 -0.053643 0.860431
v 0.508607 -0.051232 0.862204
v 0.508977 -0.049112 0.862798
v 0.509016 -0.046150 0.862835
v 0.500947 -0.046150 0.858548
v 0.500947 -0.050150 0.858548
v 0.498890 -0.046150 0.859216
v 0.498890 -0.050150 0.859216
v 0.497618 -0.046150 0.860966
v 0.497618 -0.050150 0.860966
v 0.497618 -0.046150 0.863129
v 0.497618 -0.050150 0.863129
v 0.498890 -0.046150 0.864879
v 0.498890 -0.050150 0.864879
v 0.500947 -0.046150 0.865548
v 0.500947 -0.050150 0.865548
v 0.500947 -0.046150 0.865548
v 0.500947 -0.050150 0.865548
v 0.503004 -0.046150 0.864879
v 0.503004 -0.050150 0.864879
v 0.504276 -0.046150 0.863129
v 0.504276 -0.050150 0.863129
v 0.504276 -0.046150 0.860966
v 0.504276 -0.050150 0.860966
v 0.503004 -0.046150 0.859216
v 0.503004 -0.050150 0.859216
v 0.500947 -0.046150 0.858548
v 0.500947 -0.050150 0.858548
v 0.501664 -0.055814 0.855357
v 0.504412 -0.055499 0.856220
v 0.501664 -0.046150 0.855357
v 0.498804 -0.046150 0.855694
v 0.498804 -0.055955 0.855694
v 0.504412 -0.046150 0.856220
v 0.504412 -0.046150 0.856220
v 0.504412 -0.055499 0.856220
v 0.506272 -0.046150 0.857920
v 0.504749 -0.055441 0.856443
v 0.506810 -0.046150 0.858737
v 0.506810 -0.054699 0.858737
v 0.506810 -0.054699 0.858737
v 0.507372 -0.054163 0.859742
v 0.506810 -0.046150 0.858737
v 0.507372 -0.046150 0.859742
v 0.527039 -0.055608 0.818760
v 0.526304 -0.046150 0.818000
v 0.528273 -0.055404 0.819866
v 0.528500 -0.046150 0.820196
v 0.529797 -0.055153 0.820589
v 0.531500 -0.046150 0.821000
v 0.531500 -0.054643 0.820852
v 0.526089 -0.055764 0.812823
v 0.527530 -0.055527 0.810722
v 0.526304 -0.046150 0.812000
v 0.529797 -0.055153 0.809411
v 0.528500 -0.046150 0.809804
v 0.531500 -0.054643 0.809148
v 0.531500 -0.046150 0.809000
v 0.525500 -0.046150 0.815000
v 0.525867 -0.055801 0.816509
v 0.525679 -0.055832 0.814651
v 0.507921 -0.055153 0.773390
v 0.504750 -0.055441 0.773557
v 0.506810 -0.054699 0.771263
v 0.504412 -0.055499 0.773780
v 0.501664 -0.055814 0.774643
v 0.498804 -0.055955 0.774306
v 0.501664 -0.046150 0.774643
v 0.504412 -0.046150 0.773780
v 0.504412 -0.055499 0.773780
v 0.498804 -0.046150 0.774306
v 0.494399 -0.053926 0.769410
v 0.494840 -0.054744 0.770532
v 0.480000 -0.055873 0.772374
v 0.496415 -0.055730 0.772754
v 0.495788 -0.056152 0.774536
v 0.498804 -0.055955 0.774306
v 0.480000 -0.054395 0.769970
v 0.480000 -0.056621 0.775095
v 0.507921 -0.055153 0.856610
v 0.504749 -0.055441 0.856443
v 0.504412 -0.055499 0.856220
v 0.506810 -0.054699 0.858737
v 0.195000 -0.050150 0.859500
v 0.197057 -0.050150 0.860168
v 0.192943 -0.050150 0.860168
v 0.198329 -0.050150 0.861918
v 0.191671 -0.050150 0.861918
v 0.198329 -0.050150 0.864082
v 0.191671 -0.050150 0.864082
v 0.197057 -0.050150 0.865832
v 0.192943 -0.050150 0.865832
v 0.195000 -0.050150 0.866500
v 0.218813 -0.063874 0.805077
v 0.218268 -0.064082 0.806992
v 0.218505 -0.064106 0.805057
v 0.217775 -0.064502 0.806954
v 0.218310 -0.064429 0.805029
v 0.217687 -0.065016 0.806829
v 0.218250 -0.064770 0.805000
v 0.219165 -0.063777 0.805085
v 0.218802 -0.063943 0.806786
v 0.217609 -0.064149 0.808343
v 0.216837 -0.064315 0.808358
v 0.215704 -0.064367 0.809227
v 0.214922 -0.064533 0.808827
v 0.213606 -0.064547 0.809099
v 0.213054 -0.064688 0.808295
v 0.211990 -0.064633 0.808150
v 0.211709 -0.064723 0.806952
v 0.210840 -0.064598 0.806294
v 0.211055 -0.064551 0.805089
v 0.210665 -0.064507 0.805094
v 0.216196 -0.064768 0.808177
v 0.216192 -0.065282 0.808024
v 0.214209 -0.064999 0.808301
v 0.214278 -0.065514 0.808169
v 0.212519 -0.065115 0.807316
v 0.212629 -0.065632 0.807222
v 0.211652 -0.065038 0.805557
v 0.211788 -0.065554 0.805497
v 0.211673 -0.065115 0.805036
v 0.211750 -0.065499 0.805000
v 0.211426 -0.064766 0.805069
v 0.218310 -0.064429 0.805029
v 0.218241 -0.064158 0.804002
v 0.218505 -0.064106 0.805057
v 0.218726 -0.063794 0.804188
v 0.218813 -0.063874 0.805077
v 0.218707 -0.063636 0.803180
v 0.219165 -0.063777 0.805085
v 0.211673 -0.065115 0.805036
v 0.212156 -0.064678 0.803152
v 0.212313 -0.065185 0.803171
v 0.213465 -0.064366 0.801976
v 0.213807 -0.064833 0.801977
v 0.215211 -0.064135 0.801616
v 0.215715 -0.064607 0.801830
v 0.217099 -0.064055 0.802337
v 0.217363 -0.064578 0.802769
v 0.218211 -0.064716 0.804500
v 0.218250 -0.064770 0.805000
v 0.211055 -0.064551 0.805089
v 0.211026 -0.064303 0.803398
v 0.211634 -0.064339 0.803204
v 0.212053 -0.064053 0.801982
v 0.212745 -0.064067 0.801922
v 0.213813 -0.063789 0.801024
v 0.214336 -0.063832 0.801244
v 0.215814 -0.063620 0.800971
v 0.216077 -0.063693 0.801342
v 0.217612 -0.063578 0.801828
v 0.217789 -0.063678 0.802399
v 0.211426 -0.064766 0.805069
v 0.211750 -0.065499 0.805000
v 0.210665 -0.064507 0.805094
v 0.218732 -0.063639 0.826770
v 0.217372 -0.063576 0.828353
v 0.218329 -0.063717 0.826860
v 0.216927 -0.063668 0.828291
v 0.217820 -0.064090 0.826883
v 0.216255 -0.064068 0.828150
v 0.217691 -0.064601 0.826822
v 0.216216 -0.064579 0.828014
v 0.218811 -0.063875 0.824923
v 0.218503 -0.064107 0.824943
v 0.218310 -0.064431 0.824971
v 0.214476 -0.064213 0.828350
v 0.215260 -0.063744 0.828805
v 0.213538 -0.063935 0.828523
v 0.214039 -0.063763 0.829030
v 0.212230 -0.064020 0.828169
v 0.214306 -0.064755 0.828175
v 0.212856 -0.064489 0.827628
v 0.212641 -0.065087 0.827235
v 0.211831 -0.064803 0.826209
v 0.211789 -0.065431 0.825500
v 0.211674 -0.065117 0.824964
v 0.211750 -0.065499 0.825000
v 0.211057 -0.064551 0.824911
v 0.211428 -0.064767 0.824931
v 0.211333 -0.064460 0.826050
v 0.212143 -0.064196 0.827529
v 0.211019 -0.064305 0.826584
v 0.216039 -0.063609 0.828975
v 0.219165 -0.063777 0.824915
v 0.218250 -0.064770 0.825000
v 0.210665 -0.064507 0.824906
v 0.211674 -0.065117 0.824964
v 0.212185 -0.065114 0.823102
v 0.212303 -0.065632 0.823187
v 0.213697 -0.065044 0.821865
v 0.213781 -0.065561 0.821987
v 0.215677 -0.064834 0.821673
v 0.215695 -0.065350 0.821825
v 0.217429 -0.064572 0.822628
v 0.217361 -0.065087 0.822766
v 0.218347 -0.064313 0.824430
v 0.218211 -0.064829 0.824500
v 0.218310 -0.064431 0.824971
v 0.218250 -0.064770 0.825000
v 0.219165 -0.063777 0.824915
v 0.218811 -0.063875 0.824923
v 0.218811 -0.063895 0.824624
v 0.218503 -0.064107 0.824943
v 0.218812 -0.063940 0.823237
v 0.218248 -0.064086 0.822969
v 0.217602 -0.064150 0.821651
v 0.216804 -0.064318 0.821621
v 0.215792 -0.064358 0.820790
v 0.214884 -0.064536 0.821172
v 0.213786 -0.064533 0.820848
v 0.213015 -0.064689 0.821725
v 0.212036 -0.064632 0.821807
v 0.211682 -0.064720 0.823088
v 0.211021 -0.064621 0.823216
v 0.211057 -0.064551 0.824911
v 0.210665 -0.064507 0.824906
v 0.211428 -0.064767 0.824931
v 0.211750 -0.065499 0.825000
v 0.271346 -0.053190 0.768605
v 0.271804 -0.046150 0.770000
v 0.272019 -0.054451 0.770077
v 0.274000 -0.046150 0.772196
v 0.273631 -0.055588 0.771764
v 0.274311 -0.055793 0.772174
v 0.278501 -0.055981 0.772632
v 0.275584 -0.055990 0.772654
v 0.277000 -0.046150 0.773000
v 0.275064 -0.055937 0.772498
v 0.282671 -0.053179 0.768544
v 0.282047 -0.054395 0.769970
v 0.282196 -0.046150 0.770000
v 0.280447 -0.055555 0.771709
v 0.280000 -0.046150 0.772196
v 0.271098 -0.051739 0.767000
v 0.271000 -0.046150 0.767000
v 0.283000 -0.046150 0.767000
v 0.282902 -0.051786 0.767000
v 0.275064 -0.055937 0.772498
v 0.275107 -0.056621 0.775087
v 0.274419 -0.056628 0.775095
v 0.274373 -0.056375 0.773808
v 0.274311 -0.055793 0.772174
v 0.201000 -0.046150 0.762420
v 0.200917 -0.050908 0.767000
v 0.201000 -0.046150 0.767000
v 0.200571 -0.052637 0.768903
v 0.199636 -0.054058 0.770587
v 0.200196 -0.046150 0.770000
v 0.198563 -0.054893 0.771636
v 0.198000 -0.046150 0.772196
v 0.196153 -0.055706 0.772718
v 0.195000 -0.055780 0.772832
v 0.201000 -0.046150 0.767000
v 0.200917 -0.050908 0.767000
v 0.195000 -0.046150 0.773000
v 0.271000 -0.046150 0.761620
v 0.271000 -0.046150 0.767000
v 0.271098 -0.051739 0.767000
v 0.271804 -0.046150 0.770000
v 0.277000 -0.046150 0.770500
v 0.274000 -0.046150 0.772196
v 0.277000 -0.046150 0.773000
v 0.282196 -0.046150 0.770000
v 0.280000 -0.046150 0.772196
v 0.279057 -0.046150 0.769832
v 0.280329 -0.046150 0.768082
v 0.283000 -0.046150 0.767000
v 0.274943 -0.046150 0.769832
v 0.271000 -0.046150 0.767000
v 0.273671 -0.046150 0.768082
v 0.271000 -0.046150 0.761620
v 0.275000 -0.046150 0.761575
v 0.283000 -0.046150 0.761575
v 0.277000 -0.046150 0.763500
v 0.274943 -0.046150 0.764168
v 0.273671 -0.046150 0.765918
v 0.280329 -0.046150 0.765918
v 0.279057 -0.046150 0.764168
v 0.195000 -0.050150 0.770500
v 0.195000 -0.046150 0.770500
v 0.192943 -0.050150 0.769832
v 0.192943 -0.046150 0.769832
v 0.191671 -0.050150 0.768082
v 0.191671 -0.046150 0.768082
v 0.191671 -0.050150 0.765918
v 0.191671 -0.046150 0.765918
v 0.192943 -0.050150 0.764168
v 0.192943 -0.046150 0.764168
v 0.195000 -0.050150 0.763500
v 0.195000 -0.046150 0.763500
v 0.195000 -0.050150 0.763500
v 0.195000 -0.046150 0.763500
v 0.197057 -0.050150 0.764168
v 0.197057 -0.046150 0.764168
v 0.198329 -0.050150 0.765918
v 0.198329 -0.046150 0.765918
v 0.198329 -0.050150 0.768082
v 0.198329 -0.046150 0.768082
v 0.197057 -0.050150 0.769832
v 0.197057 -0.046150 0.769832
v 0.195000 -0.050150 0.770500
v 0.195000 -0.046150 0.770500
v 0.309659 -0.037267 0.755062
v 0.294664 -0.036472 0.754577
v 0.481526 -0.043150 0.759517
v 0.337808 -0.035909 0.754909
v 0.472536 -0.040240 0.758759
v 0.356247 -0.035673 0.755369
v 0.435402 -0.043150 0.759132
v 0.473295 -0.040268 0.758781
v 0.481632 -0.040564 0.759024
v 0.481526 -0.043150 0.759517
v 0.481428 -0.045019 0.760622
v 0.435402 -0.043150 0.759132
v 0.375000 -0.046150 0.773000
v 0.375000 -0.046150 0.770500
v 0.382000 -0.046150 0.773000
v 0.385000 -0.046150 0.772196
v 0.377057 -0.046150 0.769832
v 0.387196 -0.046150 0.770000
v 0.372943 -0.046150 0.769832
v 0.369804 -0.046150 0.770000
v 0.372000 -0.046150 0.772196
v 0.371671 -0.046150 0.765918
v 0.371671 -0.046150 0.768082
v 0.369000 -0.046150 0.767000
v 0.375000 -0.046150 0.763500
v 0.372943 -0.046150 0.764168
v 0.369000 -0.046150 0.761575
v 0.388000 -0.046150 0.767000
v 0.378329 -0.046150 0.768082
v 0.378329 -0.046150 0.765918
v 0.377057 -0.046150 0.764168
v 0.388000 -0.046150 0.761575
v 0.388000 -0.046150 0.761575
v 0.387902 -0.051786 0.767000
v 0.388000 -0.046150 0.767000
v 0.387671 -0.053179 0.768544
v 0.387047 -0.054395 0.769970
v 0.387196 -0.046150 0.770000
v 0.385977 -0.055314 0.771277
v 0.385000 -0.046150 0.772196
v 0.384374 -0.055852 0.772326
v 0.382000 -0.056057 0.772827
v 0.388000 -0.046150 0.767000
v 0.387902 -0.051786 0.767000
v 0.382000 -0.046150 0.773000
v 0.450671 -0.053179 0.768544
v 0.450047 -0.054395 0.769970
v 0.450196 -0.046150 0.770000
v 0.448987 -0.055309 0.771268
v 0.448000 -0.046150 0.772196
v 0.447214 -0.055882 0.772394
v 0.445000 -0.046150 0.773000
v 0.444683 -0.056054 0.772819
v 0.443156 -0.055939 0.772530
v 0.442000 -0.046150 0.772196
v 0.441757 -0.055628 0.771850
v 0.439804 -0.046150 0.770000
v 0.440430 -0.054911 0.770648
v 0.439953 -0.054395 0.769970
v 0.439329 -0.053179 0.768544
v 0.439098 -0.051786 0.767000
v 0.439000 -0.046150 0.767000
v 0.451000 -0.046150 0.767000
v 0.450902 -0.051786 0.767000
v 0.439098 -0.051786 0.767000
v 0.439000 -0.046150 0.761575
v 0.439000 -0.046150 0.767000
v 0.439804 -0.046150 0.770000
v 0.445000 -0.046150 0.770500
v 0.442000 -0.046150 0.772196
v 0.445000 -0.046150 0.773000
v 0.450196 -0.046150 0.770000
v 0.448000 -0.046150 0.772196
v 0.447057 -0.046150 0.769832
v 0.448329 -0.046150 0.768082
v 0.451000 -0.046150 0.767000
v 0.442943 -0.046150 0.769832
v 0.439000 -0.046150 0.767000
v 0.441671 -0.046150 0.768082
v 0.445000 -0.046150 0.763500
v 0.442943 -0.046150 0.764168
v 0.439000 -0.046150 0.761575
v 0.441671 -0.046150 0.765918
v 0.451000 -0.046150 0.761575
v 0.448329 -0.046150 0.765918
v 0.447057 -0.046150 0.764168
v 0.451000 -0.046150 0.767000
v 0.451000 -0.046150 0.761575
v 0.450902 -0.051786 0.767000
v 0.494041 -0.046150 0.766890
v 0.494115 -0.052893 0.768220
v 0.494269 -0.050203 0.765352
v 0.494590 -0.049245 0.764405
v 0.494590 -0.046150 0.764405
v 0.494399 -0.053926 0.769410
v 0.494399 -0.046150 0.769410
v 0.494590 -0.046150 0.764405
v 0.494590 -0.049245 0.764405
v 0.495079 -0.046150 0.763238
v 0.495079 -0.048014 0.763238
v 0.283000 -0.046150 0.767000
v 0.283000 -0.046150 0.761575
v 0.282902 -0.051786 0.767000
v 0.375000 -0.046150 0.773000
v 0.373307 -0.055959 0.772578
v 0.372000 -0.046150 0.772196
v 0.371757 -0.055628 0.771850
v 0.369804 -0.046150 0.770000
v 0.370430 -0.054911 0.770648
v 0.369953 -0.054395 0.769970
v 0.369329 -0.053179 0.768544
v 0.369098 -0.051786 0.767000
v 0.369000 -0.046150 0.767000
v 0.375000 -0.056057 0.772827
v 0.369000 -0.046150 0.761575
v 0.369000 -0.046150 0.767000
v 0.369098 -0.051786 0.767000
v 0.204350 -0.002650 0.872500
v 0.204350 -0.002650 0.876500
v 0.205020 -0.000150 0.872500
v 0.205020 -0.000150 0.876500
v 0.206850 0.001680 0.872500
v 0.206850 0.001680 0.876500
v 0.209350 0.002350 0.872500
v 0.209350 0.002350 0.876500
v 0.204350 -0.023650 0.876500
v 0.204350 -0.002650 0.876500
v 0.204350 -0.023650 0.872500
v 0.204350 -0.002650 0.872500
v 0.209350 -0.028650 0.872500
v 0.209350 -0.028650 0.876500
v 0.206850 -0.027980 0.872500
v 0.206850 -0.027980 0.876500
v 0.205020 -0.026150 0.872500
v 0.205020 -0.026150 0.876500
v 0.204350 -0.023650 0.872500
v 0.204350 -0.023650 0.876500
v 0.258350 -0.028650 0.876500
v 0.209350 -0.028650 0.876500
v 0.258350 -0.028650 0.872500
v 0.209350 -0.028650 0.872500
v 0.263350 -0.023650 0.872500
v 0.263350 -0.023650 0.876500
v 0.262680 -0.026150 0.872500
v 0.262680 -0.026150 0.876500
v 0.260850 -0.027980 0.872500
v 0.260850 -0.027980 0.876500
v 0.258350 -0.028650 0.872500
v 0.258350 -0.028650 0.876500
v 0.263350 -0.002650 0.876500
v 0.263350 -0.023650 0.876500
v 0.263350 -0.002650 0.872500
v 0.263350 -0.023650 0.872500
v 0.258350 0.002350 0.872500
v 0.258350 0.002350 0.876500
v 0.260850 0.001680 0.872500
v 0.260850 0.001680 0.876500
v 0.262680 -0.000150 0.872500
v 0.262680 -0.000150 0.876500
v 0.263350 -0.002650 0.872500
v 0.263350 -0.002650 0.876500
v 0.209350 0.002350 0.876500
v 0.258350 0.002350 0.876500
v 0.209350 0.002350 0.872500
v 0.258350 0.002350 0.872500
v 0.244100 0.020650 0.877500
v 0.244100 0.020650 0.877000
v 0.244091 0.020910 0.877500
v 0.244079 0.021054 0.877000
v 0.244079 0.021054 0.877500
v 0.243541 0.022662 0.877500
v 0.243630 0.022507 0.877000
v 0.242371 0.023890 0.877500
v 0.242332 0.023916 0.877000
v 0.241920 0.024150 0.877500
v 0.240521 0.024537 0.877000
v 0.240200 0.024550 0.877500
v 0.238480 0.024150 0.877500
v 0.238632 0.024221 0.877000
v 0.238029 0.023890 0.877500
v 0.237121 0.023044 0.877000
v 0.236822 0.022600 0.877500
v 0.236309 0.020910 0.877500
v 0.236300 0.020650 0.877000
v 0.236300 0.020650 0.877500
v 0.238480 0.017150 0.877500
v 0.238995 0.016941 0.877000
v 0.240200 0.016750 0.877500
v 0.241405 0.016941 0.877000
v 0.241920 0.017150 0.877500
v 0.242371 0.017410 0.877500
v 0.243355 0.018358 0.877000
v 0.244091 0.020390 0.877500
v 0.243577 0.018700 0.877500
v 0.237045 0.018358 0.877000
v 0.238029 0.017410 0.877500
v 0.236822 0.018700 0.877500
v 0.236309 0.020390 0.877500
v 0.236300 0.020650 0.877500
v 0.236300 0.020650 0.877000
v 0.244100 0.020650 0.877000
v 0.244100 0.020650 0.877500
v 0.232100 0.020650 0.877500
v 0.232100 0.020650 0.877000
v 0.232091 0.020910 0.877500
v 0.232079 0.021054 0.877000
v 0.232079 0.021054 0.877500
v 0.231541 0.022662 0.877500
v 0.231630 0.022507 0.877000
v 0.230371 0.023890 0.877500
v 0.230332 0.023916 0.877000
v 0.229920 0.024150 0.877500
v 0.228521 0.024537 0.877000
v 0.228200 0.024550 0.877500
v 0.226480 0.024150 0.877500
v 0.226632 0.024221 0.877000
v 0.226029 0.023890 0.877500
v 0.225121 0.023044 0.877000
v 0.224822 0.022600 0.877500
v 0.224309 0.020910 0.877500
v 0.224300 0.020650 0.877000
v 0.224300 0.020650 0.877500
v 0.226480 0.017150 0.877500
v 0.226995 0.016941 0.877000
v 0.228200 0.016750 0.877500
v 0.229405 0.016941 0.877000
v 0.229920 0.017150 0.877500
v 0.230371 0.017410 0.877500
v 0.231355 0.018358 0.877000
v 0.232091 0.020390 0.877500
v 0.231577 0.018700 0.877500
v 0.225045 0.018358 0.877000
v 0.226029 0.017410 0.877500
v 0.224822 0.018700 0.877500
v 0.224309 0.020390 0.877500
v 0.224300 0.020650 0.877500
v 0.224300 0.020650 0.877000
v 0.232100 0.020650 0.877000
v 0.232100 0.020650 0.877500
v 0.220100 0.020650 0.877500
v 0.220100 0.020650 0.877000
v 0.220091 0.020910 0.877500
v 0.220079 0.021054 0.877000
v 0.220079 0.021054 0.877500
v 0.219541 0.022662 0.877500
v 0.219630 0.022507 0.877000
v 0.218371 0.023890 0.877500
v 0.218332 0.023916 0.877000
v 0.217920 0.024150 0.877500
v 0.216521 0.024537 0.877000
v 0.216200 0.024550 0.877500
v 0.214480 0.024150 0.877500
v 0.214632 0.024221 0.877000
v 0.214029 0.023890 0.877500
v 0.213121 0.023044 0.877000
v 0.212822 0.022600 0.877500
v 0.212309 0.020910 0.877500
v 0.212300 0.020650 0.877000
v 0.212300 0.020650 0.877500
v 0.214480 0.017150 0.877500
v 0.214995 0.016941 0.877000
v 0.216200 0.016750 0.877500
v 0.217405 0.016941 0.877000
v 0.217920 0.017150 0.877500
v 0.218371 0.017410 0.877500
v 0.219355 0.018358 0.877000
v 0.220091 0.020390 0.877500
v 0.219577 0.018700 0.877500
v 0.213045 0.018358 0.877000
v 0.214029 0.017410 0.877500
v 0.212822 0.018700 0.877500
v 0.212309 0.020390 0.877500
v 0.212300 0.020650 0.877500
v 0.212300 0.020650 0.877000
v 0.220100 0.020650 0.877000
v 0.220100 0.020650 0.877500
v 0.238100 0.010650 0.877500
v 0.238100 0.010650 0.877000
v 0.238091 0.010910 0.877500
v 0.238079 0.011054 0.877000
v 0.238079 0.011054 0.877500
v 0.237541 0.012662 0.877500
v 0.237630 0.012507 0.877000
v 0.236371 0.013890 0.877500
v 0.236332 0.013916 0.877000
v 0.235920 0.014150 0.877500
v 0.234521 0.014537 0.877000
v 0.234200 0.014550 0.877500
v 0.232480 0.014150 0.877500
v 0.232632 0.014221 0.877000
v 0.232029 0.013890 0.877500
v 0.231121 0.013044 0.877000
v 0.230822 0.012600 0.877500
v 0.230309 0.010910 0.877500
v 0.230300 0.010650 0.877000
v 0.230300 0.010650 0.877500
v 0.232480 0.007150 0.877500
v 0.232995 0.006941 0.877000
v 0.234200 0.006750 0.877500
v 0.235405 0.006941 0.877000
v 0.235920 0.007150 0.877500
v 0.236371 0.007410 0.877500
v 0.237355 0.008358 0.877000
v 0.238091 0.010390 0.877500
v 0.237577 0.008700 0.877500
v 0.231045 0.008358 0.877000
v 0.232029 0.007410 0.877500
v 0.230822 0.008700 0.877500
v 0.230309 0.010390 0.877500
v 0.230300 0.010650 0.877500
v 0.230300 0.010650 0.877000
v 0.238100 0.010650 0.877000
v 0.238100 0.010650 0.877500
v 0.226100 0.010650 0.877500
v 0.226100 0.010650 0.877000
v 0.226091 0.010910 0.877500
v 0.226079 0.011054 0.877000
v 0.226079 0.011054 0.877500
v 0.225541 0.012662 0.877500
v 0.225630 0.012507 0.877000
v 0.224371 0.013890 0.877500
v 0.224332 0.013916 0.877000
v 0.223920 0.014150 0.877500
v 0.222521 0.014537 0.877000
v 0.222200 0.014550 0.877500
v 0.220480 0.014150 0.877500
v 0.220632 0.014221 0.877000
v 0.220029 0.013890 0.877500
v 0.219121 0.013044 0.877000
v 0.218822 0.012600 0.877500
v 0.218309 0.010910 0.877500
v 0.218300 0.010650 0.877000
v 0.218300 0.010650 0.877500
v 0.220480 0.007150 0.877500
v 0.220995 0.006941 0.877000
v 0.222200 0.006750 0.877500
v 0.223405 0.006941 0.877000
v 0.223920 0.007150 0.877500
v 0.224371 0.007410 0.877500
v 0.225355 0.008358 0.877000
v 0.226091 0.010390 0.877500
v 0.225577 0.008700 0.877500
v 0.219045 0.008358 0.877000
v 0.220029 0.007410 0.877500
v 0.218822 0.008700 0.877500
v 0.218309 0.010390 0.877500
v 0.218300 0.010650 0.877500
v 0.218300 0.010650 0.877000
v 0.226100 0.010650 0.877000
v 0.226100 0.010650 0.877500
v 0.214100 0.010650 0.877500
v 0.214100 0.010650 0.877000
v 0.214091 0.010910 0.877500
v 0.214079 0.011054 0.877000
v 0.214079 0.011054 0.877500
v 0.213541 0.012662 0.877500
v 0.213630 0.012507 0.877000
v 0.212371 0.013890 0.877500
v 0.212332 0.013916 0.877000
v 0.211920 0.014150 0.877500
v 0.210521 0.014537 0.877000
v 0.210200 0.014550 0.877500
v 0.208480 0.014150 0.877500
v 0.208632 0.014221 0.877000
v 0.208029 0.013890 0.877500
v 0.207121 0.013044 0.877000
v 0.206822 0.012600 0.877500
v 0.206309 0.010910 0.877500
v 0.206300 0.010650 0.877000
v 0.206300 0.010650 0.877500
v 0.208480 0.007150 0.877500
v 0.208995 0.006941 0.877000
v 0.210200 0.006750 0.877500
v 0.211405 0.006941 0.877000
v 0.211920 0.007150 0.877500
v 0.212371 0.007410 0.877500
v 0.213355 0.008358 0.877000
v 0.214091 0.010390 0.877500
v 0.213577 0.008700 0.877500
v 0.207045 0.008358 0.877000
v 0.208029 0.007410 0.877500
v 0.206822 0.008700 0.877500
v 0.206309 0.010390 0.877500
v 0.206300 0.010650 0.877500
v 0.206300 0.010650 0.877000
v 0.214100 0.010650 0.877000
v 0.214100 0.010650 0.877500
v 0.262100 0.022650 0.877500
v 0.262100 0.022650 0.877000
v 0.262091 0.022910 0.877500
v 0.262079 0.023054 0.877000
v 0.262079 0.023054 0.877500
v 0.261541 0.024662 0.877500
v 0.261630 0.024507 0.877000
v 0.260371 0.025890 0.877500
v 0.260332 0.025916 0.877000
v 0.259920 0.026150 0.877500
v 0.258521 0.026537 0.877000
v 0.258200 0.026550 0.877500
v 0.256480 0.026150 0.877500
v 0.256632 0.026221 0.877000
v 0.256029 0.025890 0.877500
v 0.255121 0.025044 0.877000
v 0.254822 0.024600 0.877500
v 0.254309 0.022910 0.877500
v 0.254300 0.022650 0.877000
v 0.254300 0.022650 0.877500
v 0.254300 0.022650 0.877500
v 0.254300 0.022650 0.877000
v 0.254309 0.022390 0.877500
v 0.255045 0.020358 0.877000
v 0.254822 0.020700 0.877500
v 0.256029 0.019410 0.877500
v 0.256480 0.019150 0.877500
v 0.256995 0.018941 0.877000
v 0.258200 0.018750 0.877500
v 0.259405 0.018941 0.877000
v 0.259920 0.019150 0.877500
v 0.260371 0.019410 0.877500
v 0.261355 0.020358 0.877000
v 0.262091 0.022390 0.877500
v 0.261577 0.020700 0.877500
v 0.262100 0.022650 0.877000
v 0.262100 0.022650 0.877500
v 0.262100 0.010650 0.877500
v 0.262100 0.010650 0.877000
v 0.262091 0.010910 0.877500
v 0.262079 0.011054 0.877000
v 0.262079 0.011054 0.877500
v 0.261541 0.012662 0.877500
v 0.261630 0.012507 0.877000
v 0.260371 0.013890 0.877500
v 0.260332 0.013916 0.877000
v 0.259920 0.014150 0.877500
v 0.258521 0.014537 0.877000
v 0.258200 0.014550 0.877500
v 0.256480 0.014150 0.877500
v 0.256632 0.014221 0.877000
v 0.256029 0.013890 0.877500
v 0.255121 0.013044 0.877000
v 0.254822 0.012600 0.877500
v 0.254309 0.010910 0.877500
v 0.254300 0.010650 0.877000
v 0.254300 0.010650 0.877500
v 0.256480 0.007150 0.877500
v 0.256995 0.006941 0.877000
v 0.258200 0.006750 0.877500
v 0.259405 0.006941 0.877000
v 0.259920 0.007150 0.877500
v 0.260371 0.007410 0.877500
v 0.261355 0.008358 0.877000
v 0.262091 0.010390 0.877500
v 0.261577 0.008700 0.877500
v 0.255045 0.008358 0.877000
v 0.256029 0.007410 0.877500
v 0.254822 0.008700 0.877500
v 0.254309 0.010390 0.877500
v 0.254300 0.010650 0.877500
v 0.254300 0.010650 0.877000
v 0.262100 0.010650 0.877000
v 0.262100 0.010650 0.877500
v 0.535500 -0.034150 0.814500
v 0.535500 -0.034150 0.815500
v 0.535500 -0.039150 0.815500
v 0.535500 -0.039503 0.815354
v 0.535500 -0.039650 0.815000
v 0.535500 -0.039503 0.814646
v 0.535500 -0.039150 0.814500
v 0.495079 -0.046150 0.763238
v 0.495079 -0.048014 0.763238
v 0.495361 -0.046150 0.762632
v 0.495361 -0.047253 0.762632
v 0.495361 -0.047253 0.762632
v 0.495375 -0.047212 0.762604
v 0.495513 -0.046150 0.762443
v 0.495680 -0.046739 0.762331
v 0.496124 -0.046150 0.762172
v 0.496380 -0.046150 0.762130
v 0.495361 -0.046150 0.762632
v 0.382000 -0.046150 0.773000
v 0.382000 -0.056057 0.772827
v 0.375000 -0.046150 0.773000
v 0.375000 -0.056057 0.772827
v 0.275107 -0.056621 0.775087
v 0.275064 -0.055937 0.772498
v 0.275584 -0.056621 0.775095
v 0.275584 -0.055990 0.772654
v 0.500947 -0.046150 0.764452
v 0.500947 -0.050150 0.764452
v 0.498890 -0.046150 0.765121
v 0.498890 -0.050150 0.765121
v 0.497618 -0.046150 0.766871
v 0.497618 -0.050150 0.766871
v 0.497618 -0.046150 0.769034
v 0.497618 -0.050150 0.769034
v 0.498890 -0.046150 0.770784
v 0.498890 -0.050150 0.770784
v 0.500947 -0.046150 0.771452
v 0.500947 -0.050150 0.771452
v 0.500947 -0.046150 0.771452
v 0.500947 -0.050150 0.771452
v 0.503004 -0.046150 0.770784
v 0.503004 -0.050150 0.770784
v 0.504276 -0.046150 0.769034
v 0.504276 -0.050150 0.769034
v 0.504276 -0.046150 0.766871
v 0.504276 -0.050150 0.766871
v 0.503004 -0.046150 0.765121
v 0.503004 -0.050150 0.765121
v 0.500947 -0.046150 0.764452
v 0.500947 -0.050150 0.764452
v 0.494399 -0.053926 0.769410
v 0.494959 -0.046150 0.770771
v 0.494840 -0.054744 0.770532
v 0.496145 -0.046150 0.772475
v 0.496415 -0.055730 0.772754
v 0.498804 -0.046150 0.774306
v 0.498804 -0.055955 0.774306
v 0.494399 -0.046150 0.769410
v 0.507372 -0.054163 0.770258
v 0.506810 -0.054699 0.771263
v 0.507372 -0.046150 0.770258
v 0.506810 -0.046150 0.771263
v 0.504750 -0.055441 0.773557
v 0.504412 -0.055499 0.773780
v 0.504997 -0.046150 0.773374
v 0.506810 -0.046150 0.771263
v 0.506810 -0.054699 0.771263
v 0.504412 -0.046150 0.773780
v 0.531500 -0.050150 0.818500
v 0.531500 -0.046150 0.818500
v 0.529443 -0.050150 0.817832
v 0.529443 -0.046150 0.817832
v 0.528171 -0.050150 0.816082
v 0.528171 -0.046150 0.816082
v 0.528171 -0.050150 0.813918
v 0.528171 -0.046150 0.813918
v 0.529443 -0.050150 0.812168
v 0.529443 -0.046150 0.812168
v 0.531500 -0.050150 0.811500
v 0.531500 -0.046150 0.811500
v 0.531500 -0.050150 0.811500
v 0.531500 -0.046150 0.811500
v 0.533557 -0.050150 0.812168
v 0.533557 -0.046150 0.812168
v 0.534829 -0.050150 0.813918
v 0.534829 -0.046150 0.813918
v 0.534829 -0.050150 0.816082
v 0.534829 -0.046150 0.816082
v 0.533557 -0.050150 0.817832
v 0.533557 -0.046150 0.817832
v 0.531500 -0.050150 0.818500
v 0.531500 -0.046150 0.818500
v 0.500947 -0.050150 0.858548
v 0.503004 -0.050150 0.859216
v 0.498890 -0.050150 0.859216
v 0.504276 -0.050150 0.860966
v 0.497618 -0.050150 0.860966
v 0.504276 -0.050150 0.863129
v 0.497618 -0.050150 0.863129
v 0.503004 -0.050150 0.864879
v 0.498890 -0.050150 0.864879
v 0.500947 -0.050150 0.865548
v 0.218250 -0.065650 0.805000
v 0.218250 -0.064770 0.805000
v 0.217629 -0.065650 0.806910
v 0.217687 -0.065016 0.806829
v 0.216004 -0.065650 0.808091
v 0.216192 -0.065282 0.808024
v 0.213996 -0.065650 0.808091
v 0.214278 -0.065514 0.808169
v 0.212629 -0.065632 0.807222
v 0.211750 -0.065499 0.805000
v 0.211750 -0.065650 0.805000
v 0.211788 -0.065554 0.805497
v 0.212371 -0.065650 0.806910
v 0.211750 -0.065650 0.805000
v 0.211750 -0.065499 0.805000
v 0.212371 -0.065650 0.803090
v 0.212313 -0.065185 0.803171
v 0.213996 -0.065650 0.801909
v 0.213807 -0.064833 0.801977
v 0.216004 -0.065650 0.801909
v 0.215715 -0.064607 0.801830
v 0.217629 -0.065650 0.803090
v 0.217363 -0.064578 0.802769
v 0.218250 -0.065650 0.805000
v 0.218211 -0.064716 0.804500
v 0.218250 -0.064770 0.805000
v 0.218250 -0.065650 0.825000
v 0.218250 -0.064770 0.825000
v 0.217629 -0.065650 0.826910
v 0.217691 -0.064601 0.826822
v 0.216004 -0.065650 0.828091
v 0.216216 -0.064579 0.828014
v 0.213996 -0.065650 0.828091
v 0.214306 -0.064755 0.828175
v 0.212371 -0.065650 0.826910
v 0.212641 -0.065087 0.827235
v 0.211750 -0.065650 0.825000
v 0.211789 -0.065431 0.825500
v 0.211750 -0.065499 0.825000
v 0.211750 -0.065650 0.825000
v 0.211750 -0.065499 0.825000
v 0.212371 -0.065650 0.823090
v 0.212303 -0.065632 0.823187
v 0.213996 -0.065650 0.821909
v 0.213781 -0.065561 0.821987
v 0.216004 -0.065650 0.821909
v 0.215695 -0.065350 0.821825
v 0.217629 -0.065650 0.823090
v 0.217361 -0.065087 0.822766
v 0.218250 -0.065650 0.825000
v 0.218211 -0.064829 0.824500
v 0.218250 -0.064770 0.825000
v 0.277000 -0.050150 0.770500
v 0.277000 -0.046150 0.770500
v 0.274943 -0.050150 0.769832
v 0.274943 -0.046150 0.769832
v 0.273671 -0.050150 0.768082
v 0.273671 -0.046150 0.768082
v 0.273671 -0.050150 0.765918
v 0.273671 -0.046150 0.765918
v 0.274943 -0.050150 0.764168
v 0.274943 -0.046150 0.764168
v 0.277000 -0.050150 0.763500
v 0.277000 -0.046150 0.763500
v 0.277000 -0.050150 0.763500
v 0.277000 -0.046150 0.763500
v 0.279057 -0.050150 0.764168
v 0.279057 -0.046150 0.764168
v 0.280329 -0.050150 0.765918
v 0.280329 -0.046150 0.765918
v 0.280329 -0.050150 0.768082
v 0.280329 -0.046150 0.768082
v 0.279057 -0.050150 0.769832
v 0.279057 -0.046150 0.769832
v 0.277000 -0.050150 0.770500
v 0.277000 -0.046150 0.770500
v 0.195000 -0.050150 0.763500
v 0.197057 -0.050150 0.764168
v 0.192943 -0.050150 0.764168
v 0.198329 -0.050150 0.765918
v 0.191671 -0.050150 0.765918
v 0.198329 -0.050150 0.768082
v 0.191671 -0.050150 0.768082
v 0.197057 -0.050150 0.769832
v 0.192943 -0.050150 0.769832
v 0.195000 -0.050150 0.770500
v 0.375000 -0.050150 0.770500
v 0.375000 -0.046150 0.770500
v 0.372943 -0.050150 0.769832
v 0.372943 -0.046150 0.769832
v 0.371671 -0.050150 0.768082
v 0.371671 -0.046150 0.768082
v 0.371671 -0.050150 0.765918
v 0.371671 -0.046150 0.765918
v 0.372943 -0.050150 0.764168
v 0.372943 -0.046150 0.764168
v 0.375000 -0.050150 0.763500
v 0.375000 -0.046150 0.763500
v 0.375000 -0.050150 0.763500
v 0.375000 -0.046150 0.763500
v 0.377057 -0.050150 0.764168
v 0.377057 -0.046150 0.764168
v 0.378329 -0.050150 0.765918
v 0.378329 -0.046150 0.765918
v 0.378329 -0.050150 0.768082
v 0.378329 -0.046150 0.768082
v 0.377057 -0.050150 0.769832
v 0.377057 -0.046150 0.769832
v 0.375000 -0.050150 0.770500
v 0.375000 -0.046150 0.770500
v 0.445000 -0.050150 0.770500
v 0.445000 -0.046150 0.770500
v 0.442943 -0.050150 0.769832
v 0.442943 -0.046150 0.769832
v 0.441671 -0.050150 0.768082
v 0.441671 -0.046150 0.768082
v 0.441671 -0.050150 0.765918
v 0.441671 -0.046150 0.765918
v 0.442943 -0.050150 0.764168
v 0.442943 -0.046150 0.764168
v 0.445000 -0.050150 0.763500
v 0.445000 -0.046150 0.763500
v 0.445000 -0.050150 0.763500
v 0.445000 -0.046150 0.763500
v 0.447057 -0.050150 0.764168
v 0.447057 -0.046150 0.764168
v 0.448329 -0.050150 0.765918
v 0.448329 -0.046150 0.765918
v 0.448329 -0.050150 0.768082
v 0.448329 -0.046150 0.768082
v 0.447057 -0.050150 0.769832
v 0.447057 -0.046150 0.769832
v 0.445000 -0.050150 0.770500
v 0.445000 -0.046150 0.770500
v 0.256179 0.007150 0.880000
v 0.260221 0.007150 0.880000
v 0.254159 0.010650 0.880000
v 0.262241 0.010650 0.880000
v 0.256179 0.014150 0.880000
v 0.260221 0.014150 0.880000
v 0.244091 0.020910 0.877500
v 0.244079 0.021054 0.877500
v 0.242371 0.023890 0.877500
v 0.243541 0.022662 0.877500
v 0.241920 0.024150 0.877500
v 0.242221 0.024150 0.877500
v 0.242371 0.023890 0.877500
v 0.238480 0.024150 0.877500
v 0.240200 0.024150 0.877500
v 0.240200 0.024550 0.877500
v 0.241920 0.024150 0.877500
v 0.238029 0.023890 0.877500
v 0.238179 0.024150 0.877500
v 0.238480 0.024150 0.877500
v 0.236309 0.020910 0.877500
v 0.237169 0.022400 0.877500
v 0.236822 0.022600 0.877500
v 0.238029 0.023890 0.877500
v 0.236309 0.020390 0.877500
v 0.236159 0.020650 0.877500
v 0.236300 0.020650 0.877500
v 0.236309 0.020910 0.877500
v 0.244091 0.020910 0.877500
v 0.244241 0.020650 0.877500
v 0.244100 0.020650 0.877500
v 0.244091 0.020390 0.877500
v 0.236309 0.020390 0.877500
v 0.236822 0.018700 0.877500
v 0.237169 0.018900 0.877500
v 0.238029 0.017410 0.877500
v 0.238480 0.017150 0.877500
v 0.238179 0.017150 0.877500
v 0.238029 0.017410 0.877500
v 0.238480 0.017150 0.877500
v 0.240200 0.016750 0.877500
v 0.240200 0.017150 0.877500
v 0.241920 0.017150 0.877500
v 0.242371 0.017410 0.877500
v 0.242221 0.017150 0.877500
v 0.241920 0.017150 0.877500
v 0.242371 0.017410 0.877500
v 0.243577 0.018700 0.877500
v 0.243231 0.018900 0.877500
v 0.244091 0.020390 0.877500
v 0.232091 0.020910 0.877500
v 0.232079 0.021054 0.877500
v 0.230371 0.023890 0.877500
v 0.231541 0.022662 0.877500
v 0.229920 0.024150 0.877500
v 0.230221 0.024150 0.877500
v 0.230371 0.023890 0.877500
v 0.226480 0.024150 0.877500
v 0.228200 0.024150 0.877500
v 0.228200 0.024550 0.877500
v 0.229920 0.024150 0.877500
v 0.226029 0.023890 0.877500
v 0.226179 0.024150 0.877500
v 0.226480 0.024150 0.877500
v 0.224309 0.020910 0.877500
v 0.225169 0.022400 0.877500
v 0.224822 0.022600 0.877500
v 0.226029 0.023890 0.877500
v 0.224309 0.020390 0.877500
v 0.224159 0.020650 0.877500
v 0.224300 0.020650 0.877500
v 0.224309 0.020910 0.877500
v 0.232091 0.020910 0.877500
v 0.232241 0.020650 0.877500
v 0.232100 0.020650 0.877500
v 0.232091 0.020390 0.877500
v 0.224309 0.020390 0.877500
v 0.224822 0.018700 0.877500
v 0.225169 0.018900 0.877500
v 0.226029 0.017410 0.877500
v 0.226480 0.017150 0.877500
v 0.226179 0.017150 0.877500
v 0.226029 0.017410 0.877500
v 0.226480 0.017150 0.877500
v 0.228200 0.016750 0.877500
v 0.228200 0.017150 0.877500
v 0.229920 0.017150 0.877500
v 0.230371 0.017410 0.877500
v 0.230221 0.017150 0.877500
v 0.229920 0.017150 0.877500
v 0.230371 0.017410 0.877500
v 0.231577 0.018700 0.877500
v 0.231231 0.018900 0.877500
v 0.232091 0.020390 0.877500
v 0.220091 0.020910 0.877500
v 0.220079 0.021054 0.877500
v 0.218371 0.023890 0.877500
v 0.219541 0.022662 0.877500
v 0.217920 0.024150 0.877500
v 0.218221 0.024150 0.877500
v 0.218371 0.023890 0.877500
v 0.214480 0.024150 0.877500
v 0.216200 0.024150 0.877500
v 0.216200 0.024550 0.877500
v 0.217920 0.024150 0.877500
v 0.214029 0.023890 0.877500
v 0.214179 0.024150 0.877500
v 0.214480 0.024150 0.877500
v 0.212309 0.020910 0.877500
v 0.213169 0.022400 0.877500
v 0.212822 0.022600 0.877500
v 0.214029 0.023890 0.877500
v 0.212309 0.020390 0.877500
v 0.212159 0.020650 0.877500
v 0.212300 0.020650 0.877500
v 0.212309 0.020910 0.877500
v 0.220091 0.020910 0.877500
v 0.220241 0.020650 0.877500
v 0.220100 0.020650 0.877500
v 0.220091 0.020390 0.877500
v 0.212309 0.020390 0.877500
v 0.212822 0.018700 0.877500
v 0.213169 0.018900 0.877500
v 0.214029 0.017410 0.877500
v 0.214480 0.017150 0.877500
v 0.214179 0.017150 0.877500
v 0.214029 0.017410 0.877500
v 0.214480 0.017150 0.877500
v 0.216200 0.016750 0.877500
v 0.216200 0.017150 0.877500
v 0.217920 0.017150 0.877500
v 0.218371 0.017410 0.877500
v 0.218221 0.017150 0.877500
v 0.217920 0.017150 0.877500
v 0.218371 0.017410 0.877500
v 0.219577 0.018700 0.877500
v 0.219231 0.018900 0.877500
v 0.220091 0.020390 0.877500
v 0.238091 0.010910 0.877500
v 0.238079 0.011054 0.877500
v 0.236371 0.013890 0.877500
v 0.237541 0.012662 0.877500
v 0.235920 0.014150 0.877500
v 0.236221 0.014150 0.877500
v 0.236371 0.013890 0.877500
v 0.232480 0.014150 0.877500
v 0.234200 0.014150 0.877500
v 0.234200 0.014550 0.877500
v 0.235920 0.014150 0.877500
v 0.232029 0.013890 0.877500
v 0.232179 0.014150 0.877500
v 0.232480 0.014150 0.877500
v 0.230309 0.010910 0.877500
v 0.231169 0.012400 0.877500
v 0.230822 0.012600 0.877500
v 0.232029 0.013890 0.877500
v 0.230309 0.010390 0.877500
v 0.230159 0.010650 0.877500
v 0.230300 0.010650 0.877500
v 0.230309 0.010910 0.877500
v 0.238091 0.010910 0.877500
v 0.238241 0.010650 0.877500
v 0.238100 0.010650 0.877500
v 0.238091 0.010390 0.877500
v 0.230309 0.010390 0.877500
v 0.230822 0.008700 0.877500
v 0.231169 0.008900 0.877500
v 0.232029 0.007410 0.877500
v 0.232480 0.007150 0.877500
v 0.232179 0.007150 0.877500
v 0.232029 0.007410 0.877500
v 0.232480 0.007150 0.877500
v 0.234200 0.006750 0.877500
v 0.234200 0.007150 0.877500
v 0.235920 0.007150 0.877500
v 0.236371 0.007410 0.877500
v 0.236221 0.007150 0.877500
v 0.235920 0.007150 0.877500
v 0.236371 0.007410 0.877500
v 0.237577 0.008700 0.877500
v 0.237231 0.008900 0.877500
v 0.238091 0.010390 0.877500
v 0.226091 0.010910 0.877500
v 0.226079 0.011054 0.877500
v 0.224371 0.013890 0.877500
v 0.225541 0.012662 0.877500
v 0.223920 0.014150 0.877500
v 0.224221 0.014150 0.877500
v 0.224371 0.013890 0.877500
v 0.220480 0.014150 0.877500
v 0.222200 0.014150 0.877500
v 0.222200 0.014550 0.877500
v 0.223920 0.014150 0.877500
v 0.220029 0.013890 0.877500
v 0.220179 0.014150 0.877500
v 0.220480 0.014150 0.877500
v 0.218309 0.010910 0.877500
v 0.219169 0.012400 0.877500
v 0.218822 0.012600 0.877500
v 0.220029 0.013890 0.877500
v 0.218309 0.010390 0.877500
v 0.218159 0.010650 0.877500
v 0.218300 0.010650 0.877500
v 0.218309 0.010910 0.877500
v 0.226091 0.010910 0.877500
v 0.226241 0.010650 0.877500
v 0.226100 0.010650 0.877500
v 0.226091 0.010390 0.877500
v 0.218309 0.010390 0.877500
v 0.218822 0.008700 0.877500
v 0.219169 0.008900 0.877500
v 0.220029 0.007410 0.877500
v 0.220480 0.007150 0.877500
v 0.220179 0.007150 0.877500
v 0.220029 0.007410 0.877500
v 0.220480 0.007150 0.877500
v 0.222200 0.006750 0.877500
v 0.222200 0.007150 0.877500
v 0.223920 0.007150 0.877500
v 0.224371 0.007410 0.877500
v 0.224221 0.007150 0.877500
v 0.223920 0.007150 0.877500
v 0.224371 0.007410 0.877500
v 0.225577 0.008700 0.877500
v 0.225231 0.008900 0.877500
v 0.226091 0.010390 0.877500
v 0.214091 0.010910 0.877500
v 0.214079 0.011054 0.877500
v 0.212371 0.013890 0.877500
v 0.213541 0.012662 0.877500
v 0.211920 0.014150 0.877500
v 0.212221 0.014150 0.877500
v 0.212371 0.013890 0.877500
v 0.208480 0.014150 0.877500
v 0.210200 0.014150 0.877500
v 0.210200 0.014550 0.877500
v 0.211920 0.014150 0.877500
v 0.208029 0.013890 0.877500
v 0.208179 0.014150 0.877500
v 0.208480 0.014150 0.877500
v 0.206309 0.010910 0.877500
v 0.207169 0.012400 0.877500
v 0.206822 0.012600 0.877500
v 0.208029 0.013890 0.877500
v 0.206309 0.010390 0.877500
v 0.206159 0.010650 0.877500
v 0.206300 0.010650 0.877500
v 0.206309 0.010910 0.877500
v 0.214091 0.010910 0.877500
v 0.214241 0.010650 0.877500
v 0.214100 0.010650 0.877500
v 0.214091 0.010390 0.877500
v 0.206309 0.010390 0.877500
v 0.206822 0.008700 0.877500
v 0.207169 0.008900 0.877500
v 0.208029 0.007410 0.877500
v 0.208480 0.007150 0.877500
v 0.208179 0.007150 0.877500
v 0.208029 0.007410 0.877500
v 0.208480 0.007150 0.877500
v 0.210200 0.006750 0.877500
v 0.210200 0.007150 0.877500
v 0.211920 0.007150 0.877500
v 0.212371 0.007410 0.877500
v 0.212221 0.007150 0.877500
v 0.211920 0.007150 0.877500
v 0.212371 0.007410 0.877500
v 0.213577 0.008700 0.877500
v 0.213231 0.008900 0.877500
v 0.214091 0.010390 0.877500
v 0.262091 0.022910 0.877500
v 0.262079 0.023054 0.877500
v 0.260371 0.025890 0.877500
v 0.261541 0.024662 0.877500
v 0.259920 0.026150 0.877500
v 0.260221 0.026150 0.877500
v 0.260371 0.025890 0.877500
v 0.256480 0.026150 0.877500
v 0.258200 0.026150 0.877500
v 0.258200 0.026550 0.877500
v 0.259920 0.026150 0.877500
v 0.256029 0.025890 0.877500
v 0.256179 0.026150 0.877500
v 0.256480 0.026150 0.877500
v 0.254309 0.022910 0.877500
v 0.255169 0.024400 0.877500
v 0.254822 0.024600 0.877500
v 0.256029 0.025890 0.877500
v 0.254309 0.022390 0.877500
v 0.254159 0.022650 0.877500
v 0.254300 0.022650 0.877500
v 0.254309 0.022910 0.877500
v 0.262091 0.022910 0.877500
v 0.262241 0.022650 0.877500
v 0.262100 0.022650 0.877500
v 0.262091 0.022390 0.877500
v 0.254309 0.022390 0.877500
v 0.254822 0.020700 0.877500
v 0.255169 0.020900 0.877500
v 0.256029 0.019410 0.877500
v 0.256480 0.019150 0.877500
v 0.256179 0.019150 0.877500
v 0.256029 0.019410 0.877500
v 0.256480 0.019150 0.877500
v 0.258200 0.018750 0.877500
v 0.258200 0.019150 0.877500
v 0.259920 0.019150 0.877500
v 0.260371 0.019410 0.877500
v 0.260221 0.019150 0.877500
v 0.259920 0.019150 0.877500
v 0.260371 0.019410 0.877500
v 0.261577 0.020700 0.877500
v 0.261231 0.020900 0.877500
v 0.262091 0.022390 0.877500
v 0.262091 0.010910 0.877500
v 0.262079 0.011054 0.877500
v 0.260371 0.013890 0.877500
v 0.261541 0.012662 0.877500
v 0.259920 0.014150 0.877500
v 0.260221 0.014150 0.877500
v 0.260371 0.013890 0.877500
v 0.256480 0.014150 0.877500
v 0.258200 0.014150 0.877500
v 0.258200 0.014550 0.877500
v 0.259920 0.014150 0.877500
v 0.256029 0.013890 0.877500
v 0.256179 0.014150 0.877500
v 0.256480 0.014150 0.877500
v 0.254309 0.010910 0.877500
v 0.255169 0.012400 0.877500
v 0.254822 0.012600 0.877500
v 0.256029 0.013890 0.877500
v 0.254309 0.010390 0.877500
v 0.254159 0.010650 0.877500
v 0.254300 0.010650 0.877500
v 0.254309 0.010910 0.877500
v 0.262091 0.010910 0.877500
v 0.262241 0.010650 0.877500
v 0.262100 0.010650 0.877500
v 0.262091 0.010390 0.877500
v 0.254309 0.010390 0.877500
v 0.254822 0.008700 0.877500
v 0.255169 0.008900 0.877500
v 0.256029 0.007410 0.877500
v 0.256480 0.007150 0.877500
v 0.256179 0.007150 0.877500
v 0.256029 0.007410 0.877500
v 0.256480 0.007150 0.877500
v 0.258200 0.006750 0.877500
v 0.258200 0.007150 0.877500
v 0.259920 0.007150 0.877500
v 0.260371 0.007410 0.877500
v 0.260221 0.007150 0.877500
v 0.259920 0.007150 0.877500
v 0.260371 0.007410 0.877500
v 0.261577 0.008700 0.877500
v 0.261231 0.008900 0.877500
v 0.262091 0.010390 0.877500
v 0.500947 -0.050150 0.764452
v 0.503004 -0.050150 0.765121
v 0.498890 -0.050150 0.765121
v 0.504276 -0.050150 0.766871
v 0.497618 -0.050150 0.766871
v 0.504276 -0.050150 0.769034
v 0.497618 -0.050150 0.769034
v 0.503004 -0.050150 0.770784
v 0.498890 -0.050150 0.770784
v 0.500947 -0.050150 0.771452
v 0.531500 -0.050150 0.811500
v 0.533557 -0.050150 0.812168
v 0.529443 -0.050150 0.812168
v 0.534829 -0.050150 0.813918
v 0.528171 -0.050150 0.813918
v 0.534829 -0.050150 0.816082
v 0.528171 -0.050150 0.816082
v 0.533557 -0.050150 0.817832
v 0.529443 -0.050150 0.817832
v 0.531500 -0.050150 0.818500
v 0.217629 -0.065650 0.806910
v 0.216004 -0.065650 0.808091
v 0.217150 -0.065650 0.807150
v 0.213996 -0.065650 0.808091
v 0.212850 -0.065650 0.807150
v 0.217150 -0.065650 0.802850
v 0.213996 -0.065650 0.801909
v 0.216004 -0.065650 0.801909
v 0.217629 -0.065650 0.803090
v 0.218250 -0.065650 0.805000
v 0.212850 -0.065650 0.802850
v 0.212371 -0.065650 0.806910
v 0.211750 -0.065650 0.805000
v 0.212371 -0.065650 0.803090
v 0.217629 -0.065650 0.826910
v 0.216004 -0.065650 0.828091
v 0.217150 -0.065650 0.827150
v 0.213996 -0.065650 0.828091
v 0.212850 -0.065650 0.827150
v 0.217150 -0.065650 0.822850
v 0.213996 -0.065650 0.821909
v 0.216004 -0.065650 0.821909
v 0.217629 -0.065650 0.823090
v 0.218250 -0.065650 0.825000
v 0.212850 -0.065650 0.822850
v 0.212371 -0.065650 0.826910
v 0.211750 -0.065650 0.825000
v 0.212371 -0.065650 0.823090
v 0.277000 -0.050150 0.763500
v 0.279057 -0.050150 0.764168
v 0.274943 -0.050150 0.764168
v 0.280329 -0.050150 0.765918
v 0.273671 -0.050150 0.765918
v 0.280329 -0.050150 0.768082
v 0.273671 -0.050150 0.768082
v 0.279057 -0.050150 0.769832
v 0.274943 -0.050150 0.769832
v 0.277000 -0.050150 0.770500
v 0.375000 -0.050150 0.763500
v 0.377057 -0.050150 0.764168
v 0.372943 -0.050150 0.764168
v 0.378329 -0.050150 0.765918
v 0.371671 -0.050150 0.765918
v 0.378329 -0.050150 0.768082
v 0.371671 -0.050150 0.768082
v 0.377057 -0.050150 0.769832
v 0.372943 -0.050150 0.769832
v 0.375000 -0.050150 0.770500
v 0.445000 -0.050150 0.763500
v 0.447057 -0.050150 0.764168
v 0.442943 -0.050150 0.764168
v 0.448329 -0.050150 0.765918
v 0.441671 -0.050150 0.765918
v 0.448329 -0.050150 0.768082
v 0.441671 -0.050150 0.768082
v 0.447057 -0.050150 0.769832
v 0.442943 -0.050150 0.769832
v 0.445000 -0.050150 0.770500
v 0.212000 -0.007376 0.876500
v 0.212000 -0.018923 0.876500
v 0.212000 -0.007376 0.879000
v 0.212000 -0.018923 0.879000
v 0.222000 -0.001603 0.876500
v 0.212000 -0.007376 0.876500
v 0.222000 -0.001603 0.879000
v 0.212000 -0.007376 0.879000
v 0.232000 -0.007376 0.876500
v 0.222000 -0.001603 0.876500
v 0.232000 -0.007376 0.879000
v 0.222000 -0.001603 0.879000
v 0.232000 -0.018923 0.879000
v 0.232000 -0.018923 0.876500
v 0.232000 -0.007376 0.879000
v 0.232000 -0.007376 0.876500
v 0.222000 -0.024697 0.879000
v 0.222000 -0.024697 0.876500
v 0.232000 -0.018923 0.879000
v 0.232000 -0.018923 0.876500
v 0.212000 -0.018923 0.879000
v 0.212000 -0.018923 0.876500
v 0.222000 -0.024697 0.879000
v 0.222000 -0.024697 0.876500
v 0.212850 -0.035650 0.802850
v 0.217150 -0.035650 0.802850
v 0.212850 -0.035650 0.807150
v 0.217150 -0.035650 0.807150
v 0.212850 -0.035650 0.822850
v 0.217150 -0.035650 0.822850
v 0.212850 -0.035650 0.827150
v 0.217150 -0.035650 0.827150
v 0.230000 -0.016022 0.879000
v 0.230000 -0.016022 0.888200
v 0.228200 -0.018965 0.879000
v 0.228200 -0.018965 0.888200
v 0.225378 -0.020950 0.879000
v 0.225378 -0.020950 0.888200
v 0.222000 -0.021650 0.879000
v 0.222000 -0.021650 0.888200
v 0.218622 -0.020950 0.879000
v 0.218622 -0.020950 0.888200
v 0.215800 -0.018965 0.879000
v 0.215800 -0.018965 0.888200
v 0.214000 -0.016022 0.879000
v 0.214000 -0.016022 0.888200
v 0.214000 -0.010278 0.879000
v 0.214000 -0.010278 0.888200
v 0.215800 -0.007335 0.879000
v 0.215800 -0.007335 0.888200
v 0.218622 -0.005350 0.879000
v 0.218622 -0.005350 0.888200
v 0.222000 -0.004650 0.879000
v 0.222000 -0.004650 0.888200
v 0.225378 -0.005350 0.879000
v 0.225378 -0.005350 0.888200
v 0.228200 -0.007335 0.879000
v 0.228200 -0.007335 0.888200
v 0.230000 -0.010278 0.879000
v 0.230000 -0.010278 0.888200
v 0.230000 -0.010278 0.879000
v 0.230000 -0.010278 0.888200
v 0.230500 -0.013150 0.879000
v 0.230500 -0.013150 0.888200
v 0.230000 -0.016022 0.879000
v 0.230000 -0.016022 0.888200
v 0.213500 -0.013150 0.888200
v 0.214000 -0.016022 0.888200
v 0.214000 -0.010278 0.888200
v 0.215800 -0.018965 0.888200
v 0.215800 -0.007335 0.888200
v 0.218622 -0.020950 0.888200
v 0.218622 -0.005350 0.888200
v 0.222000 -0.021650 0.888200
v 0.222000 -0.004650 0.888200
v 0.225378 -0.020950 0.888200
v 0.225378 -0.005350 0.888200
v 0.228200 -0.018965 0.888200
v 0.228200 -0.007335 0.888200
v 0.230000 -0.016022 0.888200
v 0.230000 -0.010278 0.888200
v 0.230500 -0.013150 0.888200
v 0.209100 -0.005150 0.879500
v 0.209100 -0.005150 0.876500
v 0.211045 -0.004344 0.879500
v 0.211045 -0.004344 0.876500
v 0.211850 -0.002400 0.879500
v 0.211850 -0.002400 0.876500
v 0.211045 -0.000455 0.879500
v 0.211045 -0.000455 0.876500
v 0.209100 0.000350 0.879500
v 0.209100 0.000350 0.876500
v 0.209100 0.000350 0.879500
v 0.209100 0.000350 0.876500
v 0.207155 -0.000455 0.879500
v 0.207155 -0.000455 0.876500
v 0.206350 -0.002400 0.879500
v 0.206350 -0.002400 0.876500
v 0.207155 -0.004344 0.879500
v 0.207155 -0.004344 0.876500
v 0.209100 -0.005150 0.879500
v 0.209100 -0.005150 0.876500
v 0.209100 -0.026650 0.879500
v 0.209100 -0.026650 0.876500
v 0.211045 -0.025844 0.879500
v 0.211045 -0.025844 0.876500
v 0.211850 -0.023900 0.879500
v 0.211850 -0.023900 0.876500
v 0.211045 -0.021955 0.879500
v 0.211045 -0.021955 0.876500
v 0.209100 -0.021150 0.879500
v 0.209100 -0.021150 0.876500
v 0.209100 -0.021150 0.879500
v 0.209100 -0.021150 0.876500
v 0.207155 -0.021955 0.879500
v 0.207155 -0.021955 0.876500
v 0.206350 -0.023900 0.879500
v 0.206350 -0.023900 0.876500
v 0.207155 -0.025844 0.879500
v 0.207155 -0.025844 0.876500
v 0.209100 -0.026650 0.879500
v 0.209100 -0.026650 0.876500
v 0.258600 -0.026650 0.879500
v 0.258600 -0.026650 0.876500
v 0.260545 -0.025844 0.879500
v 0.260545 -0.025844 0.876500
v 0.261350 -0.023900 0.879500
v 0.261350 -0.023900 0.876500
v 0.260545 -0.021955 0.879500
v 0.260545 -0.021955 0.876500
v 0.258600 -0.021150 0.879500
v 0.258600 -0.021150 0.876500
v 0.258600 -0.021150 0.879500
v 0.258600 -0.021150 0.876500
v 0.256655 -0.021955 0.879500
v 0.256655 -0.021955 0.876500
v 0.255850 -0.023900 0.879500
v 0.255850 -0.023900 0.876500
v 0.256655 -0.025844 0.879500
v 0.256655 -0.025844 0.876500
v 0.258600 -0.026650 0.879500
v 0.258600 -0.026650 0.876500
v 0.220179 0.007150 0.880000
v 0.224221 0.007150 0.880000
v 0.218159 0.010650 0.880000
v 0.226241 0.010650 0.880000
v 0.220179 0.014150 0.880000
v 0.224221 0.014150 0.880000
v 0.256179 0.019150 0.880000
v 0.260221 0.019150 0.880000
v 0.254159 0.022650 0.880000
v 0.262241 0.022650 0.880000
v 0.256179 0.026150 0.880000
v 0.260221 0.026150 0.880000
v 0.244241 0.020650 0.880000
v 0.244241 0.020650 0.877500
v 0.244091 0.020910 0.877500
v 0.242371 0.023890 0.877500
v 0.242221 0.024150 0.877500
v 0.242221 0.024150 0.880000
v 0.238179 0.024150 0.880000
v 0.242221 0.024150 0.880000
v 0.242221 0.024150 0.877500
v 0.241920 0.024150 0.877500
v 0.240200 0.024150 0.877500
v 0.238480 0.024150 0.877500
v 0.238179 0.024150 0.877500
v 0.236159 0.020650 0.880000
v 0.238179 0.024150 0.880000
v 0.238179 0.024150 0.877500
v 0.238029 0.023890 0.877500
v 0.237169 0.022400 0.877500
v 0.236309 0.020910 0.877500
v 0.236159 0.020650 0.877500
v 0.238179 0.017150 0.880000
v 0.236159 0.020650 0.880000
v 0.236159 0.020650 0.877500
v 0.236309 0.020390 0.877500
v 0.237169 0.018900 0.877500
v 0.238029 0.017410 0.877500
v 0.238179 0.017150 0.877500
v 0.244241 0.020650 0.880000
v 0.242221 0.017150 0.880000
v 0.242221 0.017150 0.877500
v 0.242371 0.017410 0.877500
v 0.243231 0.018900 0.877500
v 0.244091 0.020390 0.877500
v 0.244241 0.020650 0.877500
v 0.242221 0.017150 0.880000
v 0.238179 0.017150 0.880000
v 0.238179 0.017150 0.877500
v 0.238480 0.017150 0.877500
v 0.240200 0.017150 0.877500
v 0.241920 0.017150 0.877500
v 0.242221 0.017150 0.877500
v 0.232241 0.020650 0.880000
v 0.232241 0.020650 0.877500
v 0.232091 0.020910 0.877500
v 0.230371 0.023890 0.877500
v 0.230221 0.024150 0.877500
v 0.230221 0.024150 0.880000
v 0.226179 0.024150 0.880000
v 0.230221 0.024150 0.880000
v 0.230221 0.024150 0.877500
v 0.229920 0.024150 0.877500
v 0.228200 0.024150 0.877500
v 0.226480 0.024150 0.877500
v 0.226179 0.024150 0.877500
v 0.224159 0.020650 0.880000
v 0.226179 0.024150 0.880000
v 0.226179 0.024150 0.877500
v 0.226029 0.023890 0.877500
v 0.225169 0.022400 0.877500
v 0.224309 0.020910 0.877500
v 0.224159 0.020650 0.877500
v 0.226179 0.017150 0.880000
v 0.224159 0.020650 0.880000
v 0.224159 0.020650 0.877500
v 0.224309 0.020390 0.877500
v 0.225169 0.018900 0.877500
v 0.226029 0.017410 0.877500
v 0.226179 0.017150 0.877500
v 0.232241 0.020650 0.880000
v 0.230221 0.017150 0.880000
v 0.230221 0.017150 0.877500
v 0.230371 0.017410 0.877500
v 0.231231 0.018900 0.877500
v 0.232091 0.020390 0.877500
v 0.232241 0.020650 0.877500
v 0.230221 0.017150 0.880000
v 0.226179 0.017150 0.880000
v 0.226179 0.017150 0.877500
v 0.226480 0.017150 0.877500
v 0.228200 0.017150 0.877500
v 0.229920 0.017150 0.877500
v 0.230221 0.017150 0.877500
v 0.220241 0.020650 0.880000
v 0.220241 0.020650 0.877500
v 0.220091 0.020910 0.877500
v 0.218371 0.023890 0.877500
v 0.218221 0.024150 0.877500
v 0.218221 0.024150 0.880000
v 0.214179 0.024150 0.880000
v 0.218221 0.024150 0.880000
v 0.218221 0.024150 0.877500
v 0.217920 0.024150 0.877500
v 0.216200 0.024150 0.877500
v 0.214480 0.024150 0.877500
v 0.214179 0.024150 0.877500
v 0.212159 0.020650 0.880000
v 0.214179 0.024150 0.880000
v 0.214179 0.024150 0.877500
v 0.214029 0.023890 0.877500
v 0.213169 0.022400 0.877500
v 0.212309 0.020910 0.877500
v 0.212159 0.020650 0.877500
v 0.214179 0.017150 0.880000
v 0.212159 0.020650 0.880000
v 0.212159 0.020650 0.877500
v 0.212309 0.020390 0.877500
v 0.213169 0.018900 0.877500
v 0.214029 0.017410 0.877500
v 0.214179 0.017150 0.877500
v 0.220241 0.020650 0.880000
v 0.218221 0.017150 0.880000
v 0.218221 0.017150 0.877500
v 0.218371 0.017410 0.877500
v 0.219231 0.018900 0.877500
v 0.220091 0.020390 0.877500
v 0.220241 0.020650 0.877500
v 0.218221 0.017150 0.880000
v 0.214179 0.017150 0.880000
v 0.214179 0.017150 0.877500
v 0.214480 0.017150 0.877500
v 0.216200 0.017150 0.877500
v 0.217920 0.017150 0.877500
v 0.218221 0.017150 0.877500
v 0.238241 0.010650 0.880000
v 0.238241 0.010650 0.877500
v 0.238091 0.010910 0.877500
v 0.236371 0.013890 0.877500
v 0.236221 0.014150 0.877500
v 0.236221 0.014150 0.880000
v 0.232179 0.014150 0.880000
v 0.236221 0.014150 0.880000
v 0.236221 0.014150 0.877500
v 0.235920 0.014150 0.877500
v 0.234200 0.014150 0.877500
v 0.232480 0.014150 0.877500
v 0.232179 0.014150 0.877500
v 0.230159 0.010650 0.880000
v 0.232179 0.014150 0.880000
v 0.232179 0.014150 0.877500
v 0.232029 0.013890 0.877500
v 0.231169 0.012400 0.877500
v 0.230309 0.010910 0.877500
v 0.230159 0.010650 0.877500
v 0.232179 0.007150 0.880000
v 0.230159 0.010650 0.880000
v 0.230159 0.010650 0.877500
v 0.230309 0.010390 0.877500
v 0.231169 0.008900 0.877500
v 0.232029 0.007410 0.877500
v 0.232179 0.007150 0.877500
v 0.238241 0.010650 0.880000
v 0.236221 0.007150 0.880000
v 0.236221 0.007150 0.877500
v 0.236371 0.007410 0.877500
v 0.237231 0.008900 0.877500
v 0.238091 0.010390 0.877500
v 0.238241 0.010650 0.877500
v 0.236221 0.007150 0.880000
v 0.232179 0.007150 0.880000
v 0.232179 0.007150 0.877500
v 0.232480 0.007150 0.877500
v 0.234200 0.007150 0.877500
v 0.235920 0.007150 0.877500
v 0.236221 0.007150 0.877500
v 0.226241 0.010650 0.880000
v 0.226241 0.010650 0.877500
v 0.226091 0.010910 0.877500
v 0.224371 0.013890 0.877500
v 0.224221 0.014150 0.877500
v 0.224221 0.014150 0.880000
v 0.220179 0.014150 0.880000
v 0.224221 0.014150 0.880000
v 0.224221 0.014150 0.877500
v 0.223920 0.014150 0.877500
v 0.222200 0.014150 0.877500
v 0.220480 0.014150 0.877500
v 0.220179 0.014150 0.877500
v 0.218159 0.010650 0.880000
v 0.220179 0.014150 0.880000
v 0.220179 0.014150 0.877500
v 0.220029 0.013890 0.877500
v 0.219169 0.012400 0.877500
v 0.218309 0.010910 0.877500
v 0.218159 0.010650 0.877500
v 0.220179 0.007150 0.880000
v 0.218159 0.010650 0.880000
v 0.218159 0.010650 0.877500
v 0.218309 0.010390 0.877500
v 0.219169 0.008900 0.877500
v 0.220029 0.007410 0.877500
v 0.220179 0.007150 0.877500
v 0.226241 0.010650 0.880000
v 0.224221 0.007150 0.880000
v 0.224221 0.007150 0.877500
v 0.224371 0.007410 0.877500
v 0.225231 0.008900 0.877500
v 0.226091 0.010390 0.877500
v 0.226241 0.010650 0.877500
v 0.224221 0.007150 0.880000
v 0.220179 0.007150 0.880000
v 0.220179 0.007150 0.877500
v 0.220480 0.007150 0.877500
v 0.222200 0.007150 0.877500
v 0.223920 0.007150 0.877500
v 0.224221 0.007150 0.877500
v 0.214241 0.010650 0.880000
v 0.214241 0.010650 0.877500
v 0.214091 0.010910 0.877500
v 0.212371 0.013890 0.877500
v 0.212221 0.014150 0.877500
v 0.212221 0.014150 0.880000
v 0.208179 0.014150 0.880000
v 0.212221 0.014150 0.880000
v 0.212221 0.014150 0.877500
v 0.211920 0.014150 0.877500
v 0.210200 0.014150 0.877500
v 0.208480 0.014150 0.877500
v 0.208179 0.014150 0.877500
v 0.206159 0.010650 0.880000
v 0.208179 0.014150 0.880000
v 0.208179 0.014150 0.877500
v 0.208029 0.013890 0.877500
v 0.207169 0.012400 0.877500
v 0.206309 0.010910 0.877500
v 0.206159 0.010650 0.877500
v 0.208179 0.007150 0.880000
v 0.206159 0.010650 0.880000
v 0.206159 0.010650 0.877500
v 0.206309 0.010390 0.877500
v 0.207169 0.008900 0.877500
v 0.208029 0.007410 0.877500
v 0.208179 0.007150 0.877500
v 0.214241 0.010650 0.880000
v 0.212221 0.007150 0.880000
v 0.212221 0.007150 0.877500
v 0.212371 0.007410 0.877500
v 0.213231 0.008900 0.877500
v 0.214091 0.010390 0.877500
v 0.214241 0.010650 0.877500
v 0.212221 0.007150 0.880000
v 0.208179 0.007150 0.880000
v 0.208179 0.007150 0.877500
v 0.208480 0.007150 0.877500
v 0.210200 0.007150 0.877500
v 0.211920 0.007150 0.877500
v 0.212221 0.007150 0.877500
v 0.262241 0.022650 0.880000
v 0.262241 0.022650 0.877500
v 0.262091 0.022910 0.877500
v 0.260371 0.025890 0.877500
v 0.260221 0.026150 0.877500
v 0.260221 0.026150 0.880000
v 0.256179 0.026150 0.880000
v 0.260221 0.026150 0.880000
v 0.260221 0.026150 0.877500
v 0.259920 0.026150 0.877500
v 0.258200 0.026150 0.877500
v 0.256480 0.026150 0.877500
v 0.256179 0.026150 0.877500
v 0.254159 0.022650 0.880000
v 0.256179 0.026150 0.880000
v 0.256179 0.026150 0.877500
v 0.256029 0.025890 0.877500
v 0.255169 0.024400 0.877500
v 0.254309 0.022910 0.877500
v 0.254159 0.022650 0.877500
v 0.256179 0.019150 0.880000
v 0.254159 0.022650 0.880000
v 0.254159 0.022650 0.877500
v 0.254309 0.022390 0.877500
v 0.255169 0.020900 0.877500
v 0.256029 0.019410 0.877500
v 0.256179 0.019150 0.877500
v 0.262241 0.022650 0.880000
v 0.260221 0.019150 0.880000
v 0.260221 0.019150 0.877500
v 0.260371 0.019410 0.877500
v 0.261231 0.020900 0.877500
v 0.262091 0.022390 0.877500
v 0.262241 0.022650 0.877500
v 0.260221 0.019150 0.880000
v 0.256179 0.019150 0.880000
v 0.256179 0.019150 0.877500
v 0.256480 0.019150 0.877500
v 0.258200 0.019150 0.877500
v 0.259920 0.019150 0.877500
v 0.260221 0.019150 0.877500
v 0.262241 0.010650 0.880000
v 0.262241 0.010650 0.877500
v 0.262091 0.010910 0.877500
v 0.260371 0.013890 0.877500
v 0.260221 0.014150 0.877500
v 0.260221 0.014150 0.880000
v 0.256179 0.014150 0.880000
v 0.260221 0.014150 0.880000
v 0.260221 0.014150 0.877500
v 0.259920 0.014150 0.877500
v 0.258200 0.014150 0.877500
v 0.256480 0.014150 0.877500
v 0.256179 0.014150 0.877500
v 0.254159 0.010650 0.880000
v 0.256179 0.014150 0.880000
v 0.256179 0.014150 0.877500
v 0.256029 0.013890 0.877500
v 0.255169 0.012400 0.877500
v 0.254309 0.010910 0.877500
v 0.254159 0.010650 0.877500
v 0.256179 0.007150 0.880000
v 0.254159 0.010650 0.880000
v 0.254159 0.010650 0.877500
v 0.254309 0.010390 0.877500
v 0.255169 0.008900 0.877500
v 0.256029 0.007410 0.877500
v 0.256179 0.007150 0.877500
v 0.262241 0.010650 0.880000
v 0.260221 0.007150 0.880000
v 0.260221 0.007150 0.877500
v 0.260371 0.007410 0.877500
v 0.261231 0.008900 0.877500
v 0.262091 0.010390 0.877500
v 0.262241 0.010650 0.877500
v 0.260221 0.007150 0.880000
v 0.256179 0.007150 0.880000
v 0.256179 0.007150 0.877500
v 0.256480 0.007150 0.877500
v 0.258200 0.007150 0.877500
v 0.259920 0.007150 0.877500
v 0.260221 0.007150 0.877500
v 0.217150 -0.035650 0.807150
v 0.217150 -0.035650 0.802850
v 0.217150 -0.065650 0.807150
v 0.217150 -0.065650 0.802850
v 0.217150 -0.065650 0.807150
v 0.212850 -0.065650 0.807150
v 0.217150 -0.035650 0.807150
v 0.212850 -0.035650 0.807150
v 0.212850 -0.035650 0.802850
v 0.212850 -0.035650 0.807150
v 0.212850 -0.065650 0.802850
v 0.212850 -0.065650 0.807150
v 0.212850 -0.065650 0.802850
v 0.217150 -0.065650 0.802850
v 0.212850 -0.035650 0.802850
v 0.217150 -0.035650 0.802850
v 0.212850 -0.065650 0.822850
v 0.217150 -0.065650 0.822850
v 0.212850 -0.035650 0.822850
v 0.217150 -0.035650 0.822850
v 0.217150 -0.035650 0.827150
v 0.217150 -0.035650 0.822850
v 0.217150 -0.065650 0.827150
v 0.217150 -0.065650 0.822850
v 0.217150 -0.065650 0.827150
v 0.212850 -0.065650 0.827150
v 0.217150 -0.035650 0.827150
v 0.212850 -0.035650 0.827150
v 0.212850 -0.035650 0.822850
v 0.212850 -0.035650 0.827150
v 0.212850 -0.065650 0.822850
v 0.212850 -0.065650 0.827150
v 0.222000 -0.001603 0.879000
v 0.212000 -0.007376 0.879000
v 0.218622 -0.005350 0.879000
v 0.222000 -0.004650 0.879000
v 0.225378 -0.005350 0.879000
v 0.228200 -0.007335 0.879000
v 0.222000 -0.024697 0.879000
v 0.228200 -0.018965 0.879000
v 0.225378 -0.020950 0.879000
v 0.222000 -0.021650 0.879000
v 0.218622 -0.020950 0.879000
v 0.212000 -0.018923 0.879000
v 0.232000 -0.018923 0.879000
v 0.232000 -0.007376 0.879000
v 0.230500 -0.013150 0.879000
v 0.230000 -0.016022 0.879000
v 0.215800 -0.018965 0.879000
v 0.214000 -0.016022 0.879000
v 0.213500 -0.013150 0.879000
v 0.230000 -0.010278 0.879000
v 0.214000 -0.010278 0.879000
v 0.215800 -0.007335 0.879000
v 0.214000 -0.016022 0.879000
v 0.214000 -0.016022 0.888200
v 0.213500 -0.013150 0.879000
v 0.213500 -0.013150 0.888200
v 0.214000 -0.010278 0.879000
v 0.214000 -0.010278 0.888200
v 0.206350 -0.002400 0.879500
v 0.207155 -0.004344 0.879500
v 0.207155 -0.000455 0.879500
v 0.209100 -0.005150 0.879500
v 0.209100 0.000350 0.879500
v 0.211045 -0.004344 0.879500
v 0.211045 -0.000455 0.879500
v 0.211850 -0.002400 0.879500
v 0.206350 -0.023900 0.879500
v 0.207155 -0.025844 0.879500
v 0.207155 -0.021955 0.879500
v 0.209100 -0.026650 0.879500
v 0.209100 -0.021150 0.879500
v 0.211045 -0.025844 0.879500
v 0.211045 -0.021955 0.879500
v 0.211850 -0.023900 0.879500
v 0.255850 -0.023900 0.879500
v 0.256655 -0.025844 0.879500
v 0.256655 -0.021955 0.879500
v 0.258600 -0.026650 0.879500
v 0.258600 -0.021150 0.879500
v 0.260545 -0.025844 0.879500
v 0.260545 -0.021955 0.879500
v 0.261350 -0.023900 0.879500
v 0.208179 0.007150 0.880000
v 0.212221 0.007150 0.880000
v 0.206159 0.010650 0.880000
v 0.214241 0.010650 0.880000
v 0.208179 0.014150 0.880000
v 0.212221 0.014150 0.880000
v 0.238179 0.017150 0.880000
v 0.242221 0.017150 0.880000
v 0.236159 0.020650 0.880000
v 0.244241 0.020650 0.880000
v 0.238179 0.024150 0.880000
v 0.242221 0.024150 0.880000
v 0.226179 0.017150 0.880000
v 0.230221 0.017150 0.880000
v 0.224159 0.020650 0.880000
v 0.232241 0.020650 0.880000
v 0.226179 0.024150 0.880000
v 0.230221 0.024150 0.880000
v 0.214179 0.017150 0.880000
v 0.218221 0.017150 0.880000
v 0.212159 0.020650 0.880000
v 0.220241 0.020650 0.880000
v 0.214179 0.024150 0.880000
v 0.218221 0.024150 0.880000
v 0.232179 0.007150 0.880000
v 0.236221 0.007150 0.880000
v 0.230159 0.010650 0.880000
v 0.238241 0.010650 0.880000
v 0.232179 0.014150 0.880000
v 0.236221 0.014150 0.880000
v 0.258600 -0.005150 0.879500
v 0.258600 -0.005150 0.876500
v 0.260545 -0.004344 0.879500
v 0.260545 -0.004344 0.876500
v 0.261350 -0.002400 0.879500
v 0.261350 -0.002400 0.876500
v 0.260545 -0.000455 0.879500
v 0.260545 -0.000455 0.876500
v 0.258600 0.000350 0.879500
v 0.258600 0.000350 0.876500
v 0.255850 -0.002400 0.879500
v 0.256655 -0.004344 0.879500
v 0.256655 -0.000455 0.879500
v 0.258600 -0.005150 0.879500
v 0.258600 0.000350 0.879500
v 0.260545 -0.004344 0.879500
v 0.260545 -0.000455 0.879500
v 0.261350 -0.002400 0.879500
v 0.258600 0.000350 0.879500
v 0.258600 0.000350 0.876500
v 0.256655 -0.000455 0.879500
v 0.256655 -0.000455 0.876500
v 0.255850 -0.002400 0.879500
v 0.255850 -0.002400 0.876500
v 0.256655 -0.004344 0.879500
v 0.256655 -0.004344 0.876500
v 0.258600 -0.005150 0.879500
v 0.258600 -0.005150 0.876500
v 0.260545 -0.004344 0.876500
v 0.263350 -0.002650 0.876500
v 0.261350 -0.002400 0.876500
v 0.262680 -0.000150 0.876500
v 0.260545 -0.000455 0.876500
v 0.260850 0.001680 0.876500
v 0.258600 0.000350 0.876500
v 0.258350 0.002350 0.876500
v 0.256655 -0.000455 0.876500
v 0.209100 -0.005150 0.876500
v 0.207155 -0.004344 0.876500
v 0.209100 -0.021150 0.876500
v 0.204350 -0.002650 0.876500
v 0.207155 -0.021955 0.876500
v 0.204350 -0.023650 0.876500
v 0.206350 -0.023900 0.876500
v 0.205020 -0.026150 0.876500
v 0.207155 -0.025844 0.876500
v 0.206850 -0.027980 0.876500
v 0.209100 -0.026650 0.876500
v 0.206350 -0.002400 0.876500
v 0.207155 -0.000455 0.876500
v 0.205020 -0.000150 0.876500
v 0.209100 0.000350 0.876500
v 0.206850 0.001680 0.876500
v 0.211045 -0.021955 0.876500
v 0.212000 -0.018923 0.876500
v 0.212000 -0.007376 0.876500
v 0.237500 -0.018635 0.876500
v 0.237500 -0.007665 0.876500
v 0.232000 -0.018923 0.876500
v 0.232000 -0.007376 0.876500
v 0.247000 -0.002180 0.876500
v 0.222000 -0.001603 0.876500
v 0.258600 -0.005150 0.876500
v 0.258600 -0.021150 0.876500
v 0.260545 -0.021955 0.876500
v 0.261350 -0.023900 0.876500
v 0.263350 -0.023650 0.876500
v 0.260545 -0.025844 0.876500
v 0.262680 -0.026150 0.876500
v 0.258600 -0.026650 0.876500
v 0.260850 -0.027980 0.876500
v 0.211045 -0.000455 0.876500
v 0.211850 -0.002400 0.876500
v 0.211045 -0.004344 0.876500
v 0.222000 -0.024697 0.876500
v 0.211850 -0.023900 0.876500
v 0.211045 -0.025844 0.876500
v 0.209350 -0.028650 0.876500
v 0.258350 -0.028650 0.876500
v 0.247000 -0.024120 0.876500
v 0.256655 -0.025844 0.876500
v 0.255850 -0.023900 0.876500
v 0.209350 0.002350 0.876500
v 0.256500 -0.018635 0.876500
v 0.256655 -0.021955 0.876500
v 0.256500 -0.007665 0.876500
v 0.256655 -0.004344 0.876500
v 0.255850 -0.002400 0.876500
v 0.247000 -0.024120 0.879500
v 0.237500 -0.018635 0.879500
v 0.247000 -0.024120 0.876500
v 0.237500 -0.018635 0.876500
v 0.237500 -0.018635 0.879500
v 0.237500 -0.007665 0.879500
v 0.237500 -0.018635 0.876500
v 0.237500 -0.007665 0.876500
v 0.237500 -0.007665 0.879500
v 0.247000 -0.002180 0.879500
v 0.237500 -0.007665 0.876500
v 0.247000 -0.002180 0.876500
v 0.247000 -0.002180 0.879500
v 0.256500 -0.007665 0.879500
v 0.247000 -0.002180 0.876500
v 0.256500 -0.007665 0.876500
v 0.256500 -0.007665 0.879500
v 0.256500 -0.018635 0.879500
v 0.256500 -0.007665 0.876500
v 0.256500 -0.018635 0.876500
v 0.256500 -0.018635 0.879500
v 0.247000 -0.024120 0.879500
v 0.256500 -0.018635 0.876500
v 0.247000 -0.024120 0.876500
v 0.253700 -0.008778 0.879500
v 0.256500 -0.007665 0.879500
v 0.251488 -0.006527 0.879500
v 0.247000 -0.002180 0.879500
v 0.248578 -0.005307 0.879500
v 0.240300 -0.008778 0.879500
v 0.242512 -0.006527 0.879500
v 0.237500 -0.007665 0.879500
v 0.245422 -0.005307 0.879500
v 0.256500 -0.018635 0.879500
v 0.253700 -0.017521 0.879500
v 0.251870 -0.019497 0.879500
v 0.247000 -0.024120 0.879500
v 0.237500 -0.018635 0.879500
v 0.245654 -0.021036 0.879500
v 0.242610 -0.019838 0.879500
v 0.240300 -0.017521 0.879500
v 0.248923 -0.020915 0.879500
v 0.240300 -0.008778 0.879500
v 0.240300 -0.008778 0.891100
v 0.242512 -0.006527 0.879500
v 0.242512 -0.006527 0.891100
v 0.245422 -0.005307 0.879500
v 0.245422 -0.005307 0.891100
v 0.248578 -0.005307 0.879500
v 0.248578 -0.005307 0.891100
v 0.251488 -0.006527 0.879500
v 0.251488 -0.006527 0.891100
v 0.253700 -0.008778 0.879500
v 0.253700 -0.008778 0.891100
v 0.253700 -0.008778 0.879500
v 0.253700 -0.008778 0.891100
v 0.253700 -0.017521 0.879500
v 0.253700 -0.017521 0.891100
v 0.253700 -0.017521 0.879500
v 0.253700 -0.017521 0.891100
v 0.251870 -0.019497 0.879500
v 0.251488 -0.019772 0.891100
v 0.248923 -0.020915 0.879500
v 0.248578 -0.020993 0.891100
v 0.245654 -0.021036 0.879500
v 0.245422 -0.020993 0.891100
v 0.242610 -0.019838 0.879500
v 0.242512 -0.019772 0.891100
v 0.240300 -0.017521 0.879500
v 0.240300 -0.017521 0.891100
v 0.240300 -0.017521 0.879500
v 0.240300 -0.017521 0.891100
v 0.240300 -0.008778 0.879500
v 0.240300 -0.008778 0.891100
v 0.245422 -0.020993 0.891100
v 0.248578 -0.020993 0.891100
v 0.242512 -0.019772 0.891100
v 0.251488 -0.019772 0.891100
v 0.240300 -0.017521 0.891100
v 0.253700 -0.017521 0.891100
v 0.240300 -0.008778 0.891100
v 0.253700 -0.008778 0.891100
v 0.242512 -0.006527 0.891100
v 0.251488 -0.006527 0.891100
v 0.245422 -0.005307 0.891100
v 0.248578 -0.005307 0.891100
v 0.217650 0.035650 0.822350
v 0.212350 0.035650 0.822350
v 0.217650 0.042850 0.822350
v 0.212350 0.042850 0.822350
v 0.212350 0.042850 0.822350
v 0.212350 0.035650 0.822350
v 0.212350 0.042850 0.827650
v 0.212350 0.035650 0.827650
v 0.212350 0.035650 0.827650
v 0.217650 0.035650 0.827650
v 0.212350 0.042850 0.827650
v 0.217650 0.042850 0.827650
v 0.217650 0.042850 0.827650
v 0.217650 0.035650 0.827650
v 0.217650 0.042850 0.822350
v 0.217650 0.035650 0.822350
v 0.217650 0.042850 0.827650
v 0.217650 0.042850 0.822350
v 0.212350 0.042850 0.827650
v 0.212350 0.042850 0.822350
v 0.212350 0.035650 0.822350
v 0.217650 0.035650 0.822350
v 0.212350 0.035650 0.827650
v 0.217650 0.035650 0.827650
v 0.212924 -0.065149 0.822350
v 0.213035 -0.065304 0.822350
v 0.212925 -0.065382 0.822461
v 0.213097 -0.065454 0.822350
v 0.212949 -0.065620 0.822479
v 0.213119 -0.065610 0.822350
v 0.212861 -0.065141 0.822393
v 0.212576 -0.065394 0.822792
v 0.212506 -0.065153 0.822731
v 0.212350 -0.065326 0.823036
v 0.212350 -0.065167 0.822925
v 0.212350 -0.064765 0.822350
v 0.212577 -0.064874 0.822350
v 0.212385 -0.064936 0.822625
v 0.212783 -0.065015 0.822350
v 0.212768 -0.065627 0.822638
v 0.212599 -0.065632 0.822810
v 0.212350 -0.065633 0.823119
v 0.212350 -0.065477 0.823097
v 0.212350 -0.065028 0.822785
v 0.212350 -0.064881 0.822578
v 0.217650 -0.064229 0.822350
v 0.217583 -0.064304 0.822443
v 0.217419 -0.064366 0.822350
v 0.217515 -0.064395 0.822520
v 0.217212 -0.064533 0.822350
v 0.217459 -0.064499 0.822588
v 0.217273 -0.064532 0.822412
v 0.217415 -0.064612 0.822646
v 0.217233 -0.064645 0.822473
v 0.217365 -0.064851 0.822729
v 0.217189 -0.064884 0.822559
v 0.217361 -0.065087 0.822766
v 0.217188 -0.065121 0.822597
v 0.217650 -0.064321 0.822574
v 0.217650 -0.064446 0.822779
v 0.217650 -0.064571 0.822921
v 0.216903 -0.065015 0.822350
v 0.216963 -0.064858 0.822350
v 0.217072 -0.064687 0.822350
v 0.217512 -0.065056 0.822937
v 0.217650 -0.064869 0.823097
v 0.217650 -0.064720 0.823034
v 0.216881 -0.065175 0.822350
v 0.217650 -0.065025 0.823119
v 0.216902 -0.064412 0.827650
v 0.217063 -0.064329 0.827548
v 0.216962 -0.064263 0.827650
v 0.217315 -0.064092 0.827453
v 0.217069 -0.064107 0.827650
v 0.217205 -0.063971 0.827650
v 0.217416 -0.063823 0.827650
v 0.217427 -0.063875 0.827567
v 0.217650 -0.063710 0.827650
v 0.217614 -0.063882 0.827377
v 0.217650 -0.063833 0.827414
v 0.217650 -0.063990 0.827204
v 0.217492 -0.064100 0.827272
v 0.217650 -0.064131 0.827068
v 0.217419 -0.064341 0.827214
v 0.217043 -0.064567 0.827527
v 0.216881 -0.064566 0.827650
v 0.217650 -0.064442 0.826902
v 0.217650 -0.064291 0.826961
v 0.217224 -0.064572 0.827370
v 0.217393 -0.064579 0.827199
v 0.217527 -0.064587 0.827044
v 0.217650 -0.064597 0.826881
v 0.212350 -0.064195 0.827650
v 0.212350 -0.064345 0.827412
v 0.212473 -0.064262 0.827613
v 0.212551 -0.064352 0.827547
v 0.212578 -0.064282 0.827650
v 0.212621 -0.064455 0.827492
v 0.212787 -0.064405 0.827650
v 0.212681 -0.064567 0.827449
v 0.212926 -0.064525 0.827650
v 0.212769 -0.064806 0.827403
v 0.213035 -0.064668 0.827650
v 0.213098 -0.064815 0.827650
v 0.212350 -0.065173 0.826881
v 0.212489 -0.065130 0.827063
v 0.212350 -0.065014 0.826902
v 0.212641 -0.065087 0.827235
v 0.212596 -0.064851 0.827230
v 0.212814 -0.065041 0.827405
v 0.213119 -0.064969 0.827650
v 0.212368 -0.064398 0.827357
v 0.212442 -0.064501 0.827307
v 0.212505 -0.064613 0.827269
v 0.212350 -0.064526 0.827201
v 0.212350 -0.064683 0.827066
v 0.212350 -0.064857 0.826960
v 0.215000 -0.057659 0.825000
v 0.215000 -0.058650 0.826650
v 0.214713 -0.058650 0.826625
v 0.214436 -0.058650 0.826550
v 0.214175 -0.058650 0.826429
v 0.213939 -0.058650 0.826264
v 0.213736 -0.058650 0.826061
v 0.213571 -0.058650 0.825825
v 0.213450 -0.058650 0.825564
v 0.213375 -0.058650 0.825286
v 0.213350 -0.058650 0.825000
v 0.213375 -0.058650 0.824714
v 0.213450 -0.058650 0.824436
v 0.213571 -0.058650 0.824175
v 0.213736 -0.058650 0.823939
v 0.213939 -0.058650 0.823736
v 0.214175 -0.058650 0.823571
v 0.214436 -0.058650 0.823450
v 0.214713 -0.058650 0.823375
v 0.215000 -0.058650 0.823350
v 0.213119 -0.065650 0.827650
v 0.213119 -0.064969 0.827650
v 0.212834 -0.065650 0.827423
v 0.212814 -0.065041 0.827405
v 0.212577 -0.065650 0.827166
v 0.212641 -0.065087 0.827235
v 0.212350 -0.065650 0.826881
v 0.212489 -0.065130 0.827063
v 0.212350 -0.065173 0.826881
v 0.212350 -0.064881 0.822578
v 0.212350 -0.065028 0.822785
v 0.212350 -0.064857 0.826960
v 0.212350 -0.065014 0.826902
v 0.212350 -0.065173 0.826881
v 0.212350 -0.065167 0.822925
v 0.212350 -0.065326 0.823036
v 0.212350 -0.065477 0.823097
v 0.212350 -0.065633 0.823119
v 0.212350 -0.065650 0.823119
v 0.212350 -0.065650 0.826881
v 0.212350 -0.064765 0.822350
v 0.212350 -0.064683 0.827066
v 0.212350 -0.064526 0.827201
v 0.212350 -0.064345 0.827412
v 0.212350 -0.064195 0.827650
v 0.212350 -0.035649 0.827650
v 0.212350 -0.035649 0.822350
v 0.212350 -0.065650 0.823119
v 0.212350 -0.065633 0.823119
v 0.212577 -0.065650 0.822834
v 0.212599 -0.065632 0.822810
v 0.212834 -0.065650 0.822577
v 0.212768 -0.065627 0.822638
v 0.213119 -0.065650 0.822350
v 0.212949 -0.065620 0.822479
v 0.213119 -0.065610 0.822350
v 0.216903 -0.065015 0.822350
v 0.212783 -0.065015 0.822350
v 0.216963 -0.064858 0.822350
v 0.212577 -0.064874 0.822350
v 0.212350 -0.064765 0.822350
v 0.212350 -0.035649 0.822350
v 0.217650 -0.035649 0.822350
v 0.217650 -0.064229 0.822350
v 0.217419 -0.064366 0.822350
v 0.217212 -0.064533 0.822350
v 0.217072 -0.064687 0.822350
v 0.216881 -0.065175 0.822350
v 0.216881 -0.065650 0.822350
v 0.213119 -0.065650 0.822350
v 0.213119 -0.065610 0.822350
v 0.213097 -0.065454 0.822350
v 0.213035 -0.065304 0.822350
v 0.212924 -0.065149 0.822350
v 0.216881 -0.065650 0.822350
v 0.216881 -0.065175 0.822350
v 0.217166 -0.065650 0.822577
v 0.217188 -0.065121 0.822597
v 0.217423 -0.065650 0.822834
v 0.217361 -0.065087 0.822766
v 0.217650 -0.065650 0.823119
v 0.217512 -0.065056 0.822937
v 0.217650 -0.065025 0.823119
v 0.217650 -0.064442 0.826902
v 0.217650 -0.064446 0.822779
v 0.217650 -0.064291 0.826961
v 0.217650 -0.064321 0.822574
v 0.217650 -0.064597 0.826881
v 0.217650 -0.065650 0.826881
v 0.217650 -0.065650 0.823119
v 0.217650 -0.065025 0.823119
v 0.217650 -0.064869 0.823097
v 0.217650 -0.064720 0.823034
v 0.217650 -0.064571 0.822921
v 0.217650 -0.064229 0.822350
v 0.217650 -0.035649 0.822350
v 0.217650 -0.035649 0.827650
v 0.217650 -0.063710 0.827650
v 0.217650 -0.063833 0.827414
v 0.217650 -0.063990 0.827204
v 0.217650 -0.064131 0.827068
v 0.217650 -0.064597 0.826881
v 0.217527 -0.064587 0.827044
v 0.217423 -0.065650 0.827166
v 0.217393 -0.064579 0.827199
v 0.217166 -0.065650 0.827423
v 0.217224 -0.064572 0.827370
v 0.216881 -0.065650 0.827650
v 0.217043 -0.064567 0.827527
v 0.216881 -0.064566 0.827650
v 0.217650 -0.065650 0.826881
v 0.212578 -0.064282 0.827650
v 0.212787 -0.064405 0.827650
v 0.216962 -0.064263 0.827650
v 0.216902 -0.064412 0.827650
v 0.216881 -0.064566 0.827650
v 0.212926 -0.064525 0.827650
v 0.213035 -0.064668 0.827650
v 0.213098 -0.064815 0.827650
v 0.213119 -0.064969 0.827650
v 0.213119 -0.065650 0.827650
v 0.216881 -0.065650 0.827650
v 0.212350 -0.064195 0.827650
v 0.217069 -0.064107 0.827650
v 0.217205 -0.063971 0.827650
v 0.217416 -0.063823 0.827650
v 0.217650 -0.063710 0.827650
v 0.217650 -0.035649 0.827650
v 0.212350 -0.035649 0.827650
v 0.215000 -0.057659 0.825000
v 0.215000 -0.058650 0.823350
v 0.215287 -0.058650 0.823375
v 0.215564 -0.058650 0.823450
v 0.215825 -0.058650 0.823571
v 0.216061 -0.058650 0.823736
v 0.216264 -0.058650 0.823939
v 0.216429 -0.058650 0.824175
v 0.216550 -0.058650 0.824436
v 0.216625 -0.058650 0.824714
v 0.216650 -0.058650 0.825000
v 0.216625 -0.058650 0.825286
v 0.216550 -0.058650 0.825564
v 0.216429 -0.058650 0.825825
v 0.216264 -0.058650 0.826061
v 0.216061 -0.058650 0.826264
v 0.215825 -0.058650 0.826429
v 0.215564 -0.058650 0.826550
v 0.215287 -0.058650 0.826625
v 0.215000 -0.058650 0.826650
v 0.213350 -0.058650 0.825000
v 0.213375 -0.065650 0.824714
v 0.213375 -0.058650 0.824714
v 0.213450 -0.065650 0.824436
v 0.213450 -0.058650 0.824436
v 0.213571 -0.065650 0.824175
v 0.213571 -0.058650 0.824175
v 0.213736 -0.065650 0.823939
v 0.213736 -0.058650 0.823939
v 0.213939 -0.065650 0.823736
v 0.213939 -0.058650 0.823736
v 0.214175 -0.065650 0.823571
v 0.214175 -0.058650 0.823571
v 0.214436 -0.065650 0.823450
v 0.214436 -0.058650 0.823450
v 0.214713 -0.065650 0.823375
v 0.214713 -0.058650 0.823375
v 0.215000 -0.065650 0.823350
v 0.215000 -0.058650 0.823350
v 0.213350 -0.065650 0.825000
v 0.213375 -0.058650 0.825286
v 0.213375 -0.065650 0.825286
v 0.213450 -0.058650 0.825564
v 0.213450 -0.065650 0.825564
v 0.213571 -0.058650 0.825825
v 0.213571 -0.065650 0.825825
v 0.213736 -0.058650 0.826061
v 0.213736 -0.065650 0.826061
v 0.213939 -0.058650 0.826264
v 0.213939 -0.065650 0.826264
v 0.214175 -0.058650 0.826429
v 0.214175 -0.065650 0.826429
v 0.214436 -0.058650 0.826550
v 0.214436 -0.065650 0.826550
v 0.214713 -0.058650 0.826625
v 0.214713 -0.065650 0.826625
v 0.215000 -0.058650 0.826650
v 0.215000 -0.065650 0.826650
v 0.213119 -0.065650 0.822350
v 0.216881 -0.065650 0.822350
v 0.215000 -0.065650 0.823350
v 0.217650 -0.065650 0.823119
v 0.217166 -0.065650 0.822577
v 0.217423 -0.065650 0.822834
v 0.217166 -0.065650 0.827423
v 0.216881 -0.065650 0.827650
v 0.215000 -0.065650 0.826650
v 0.213119 -0.065650 0.827650
v 0.212834 -0.065650 0.827423
v 0.212350 -0.065650 0.823119
v 0.212577 -0.065650 0.822834
v 0.212834 -0.065650 0.822577
v 0.216499 -0.065650 0.825690
v 0.216582 -0.065650 0.825469
v 0.216633 -0.065650 0.825239
v 0.216650 -0.065650 0.825004
v 0.216634 -0.065650 0.824769
v 0.216584 -0.065650 0.824538
v 0.216502 -0.065650 0.824317
v 0.216389 -0.065650 0.824110
v 0.216248 -0.065650 0.823921
v 0.216082 -0.065650 0.823754
v 0.215893 -0.065650 0.823613
v 0.215686 -0.065650 0.823500
v 0.215466 -0.065650 0.823417
v 0.215235 -0.065650 0.823367
v 0.217650 -0.065650 0.826881
v 0.217423 -0.065650 0.827166
v 0.215231 -0.065650 0.826634
v 0.215458 -0.065650 0.826585
v 0.215679 -0.065650 0.826504
v 0.215887 -0.065650 0.826392
v 0.216076 -0.065650 0.826251
v 0.216243 -0.065650 0.826085
v 0.216385 -0.065650 0.825897
v 0.214713 -0.065650 0.823375
v 0.214436 -0.065650 0.823450
v 0.214175 -0.065650 0.823571
v 0.213939 -0.065650 0.823736
v 0.213736 -0.065650 0.823939
v 0.213571 -0.065650 0.824175
v 0.213450 -0.065650 0.824436
v 0.213375 -0.065650 0.824714
v 0.213350 -0.065650 0.825000
v 0.213375 -0.065650 0.825286
v 0.213450 -0.065650 0.825564
v 0.212350 -0.065650 0.826881
v 0.213571 -0.065650 0.825825
v 0.213736 -0.065650 0.826061
v 0.213939 -0.065650 0.826264
v 0.214175 -0.065650 0.826429
v 0.214436 -0.065650 0.826550
v 0.214713 -0.065650 0.826625
v 0.212577 -0.065650 0.827166
v 0.215887 -0.065650 0.826392
v 0.215679 -0.065650 0.826504
v 0.215825 -0.058650 0.826429
v 0.215458 -0.065650 0.826585
v 0.215564 -0.058650 0.826550
v 0.215231 -0.065650 0.826634
v 0.215287 -0.058650 0.826625
v 0.215000 -0.065650 0.826650
v 0.215000 -0.058650 0.826650
v 0.216582 -0.065650 0.825469
v 0.216499 -0.065650 0.825690
v 0.216550 -0.058650 0.825564
v 0.216385 -0.065650 0.825897
v 0.216429 -0.058650 0.825825
v 0.216243 -0.065650 0.826085
v 0.216264 -0.058650 0.826061
v 0.216076 -0.065650 0.826251
v 0.216061 -0.058650 0.826264
v 0.216389 -0.065650 0.824110
v 0.216502 -0.065650 0.824317
v 0.216429 -0.058650 0.824175
v 0.216584 -0.065650 0.824538
v 0.216550 -0.058650 0.824436
v 0.216634 -0.065650 0.824769
v 0.216625 -0.058650 0.824714
v 0.216650 -0.065650 0.825004
v 0.216650 -0.058650 0.825000
v 0.216633 -0.065650 0.825239
v 0.216625 -0.058650 0.825286
v 0.215466 -0.065650 0.823417
v 0.215686 -0.065650 0.823500
v 0.215564 -0.058650 0.823450
v 0.215893 -0.065650 0.823613
v 0.215825 -0.058650 0.823571
v 0.216082 -0.065650 0.823754
v 0.216061 -0.058650 0.823736
v 0.216248 -0.065650 0.823921
v 0.216264 -0.058650 0.823939
v 0.215235 -0.065650 0.823367
v 0.215287 -0.058650 0.823375
v 0.215000 -0.058650 0.823350
v 0.215000 -0.065650 0.823350
v 0.217650 -0.035649 0.822350
v 0.212350 -0.035649 0.822350
v 0.217650 -0.035649 0.827650
v 0.212350 -0.035649 0.827650
v 0.217650 0.043150 0.802350
v 0.217650 0.043150 0.807650
v 0.212350 0.043150 0.802350
v 0.212350 0.043150 0.807650
v 0.212350 0.064195 0.802350
v 0.212350 0.064345 0.802588
v 0.212473 0.064262 0.802387
v 0.212551 0.064352 0.802453
v 0.212578 0.064283 0.802350
v 0.212621 0.064455 0.802508
v 0.212787 0.064405 0.802350
v 0.212681 0.064567 0.802551
v 0.212926 0.064525 0.802350
v 0.212769 0.064806 0.802597
v 0.213035 0.064669 0.802350
v 0.213098 0.064815 0.802350
v 0.212350 0.065173 0.803119
v 0.212489 0.065130 0.802937
v 0.212350 0.065014 0.803098
v 0.212641 0.065087 0.802765
v 0.212596 0.064851 0.802770
v 0.212814 0.065041 0.802595
v 0.213119 0.064969 0.802350
v 0.212368 0.064398 0.802643
v 0.212442 0.064501 0.802693
v 0.212505 0.064613 0.802731
v 0.212350 0.064527 0.802799
v 0.212350 0.064684 0.802934
v 0.212350 0.064857 0.803040
v 0.212924 0.065149 0.807650
v 0.213035 0.065304 0.807650
v 0.212925 0.065382 0.807539
v 0.213097 0.065455 0.807650
v 0.212949 0.065620 0.807521
v 0.213119 0.065610 0.807650
v 0.212861 0.065141 0.807607
v 0.212576 0.065395 0.807208
v 0.212506 0.065154 0.807269
v 0.212350 0.065326 0.806964
v 0.212350 0.065167 0.807075
v 0.212350 0.064765 0.807650
v 0.212577 0.064874 0.807650
v 0.212385 0.064936 0.807375
v 0.212783 0.065015 0.807650
v 0.212768 0.065628 0.807362
v 0.212599 0.065632 0.807190
v 0.212350 0.065633 0.806881
v 0.212350 0.065477 0.806903
v 0.212350 0.065029 0.807215
v 0.212350 0.064881 0.807422
v 0.217650 0.064230 0.807650
v 0.217583 0.064304 0.807557
v 0.217419 0.064366 0.807650
v 0.217515 0.064395 0.807480
v 0.217212 0.064534 0.807650
v 0.217459 0.064499 0.807412
v 0.217273 0.064532 0.807588
v 0.217415 0.064612 0.807354
v 0.217233 0.064645 0.807527
v 0.217365 0.064851 0.807271
v 0.217189 0.064885 0.807441
v 0.217361 0.065087 0.807234
v 0.217188 0.065121 0.807403
v 0.217650 0.064321 0.807426
v 0.217650 0.064446 0.807221
v 0.217650 0.064572 0.807079
v 0.216903 0.065015 0.807650
v 0.216963 0.064859 0.807650
v 0.217072 0.064687 0.807650
v 0.217512 0.065056 0.807063
v 0.217650 0.064869 0.806903
v 0.217650 0.064720 0.806966
v 0.216881 0.065175 0.807650
v 0.217650 0.065025 0.806881
v 0.216902 0.064412 0.802350
v 0.217063 0.064329 0.802452
v 0.216962 0.064263 0.802350
v 0.217315 0.064093 0.802547
v 0.217069 0.064107 0.802350
v 0.217205 0.063972 0.802350
v 0.217416 0.063823 0.802350
v 0.217427 0.063875 0.802433
v 0.217650 0.063710 0.802350
v 0.217614 0.063882 0.802623
v 0.217650 0.063833 0.802586
v 0.217650 0.063990 0.802796
v 0.217492 0.064100 0.802728
v 0.217650 0.064131 0.802932
v 0.217419 0.064341 0.802786
v 0.217043 0.064568 0.802473
v 0.216881 0.064566 0.802350
v 0.217650 0.064442 0.803098
v 0.217650 0.064292 0.803039
v 0.217224 0.064572 0.802630
v 0.217393 0.064579 0.802801
v 0.217527 0.064588 0.802956
v 0.217650 0.064597 0.803119
v 0.215000 0.056159 0.805000
v 0.215000 0.057150 0.803350
v 0.214713 0.057150 0.803375
v 0.214436 0.057150 0.803450
v 0.214175 0.057150 0.803571
v 0.213939 0.057150 0.803736
v 0.213736 0.057150 0.803939
v 0.213571 0.057150 0.804175
v 0.213450 0.057150 0.804436
v 0.213375 0.057150 0.804714
v 0.213350 0.057150 0.805000
v 0.213375 0.057150 0.805286
v 0.213450 0.057150 0.805564
v 0.213571 0.057150 0.805825
v 0.213736 0.057150 0.806061
v 0.213939 0.057150 0.806264
v 0.214175 0.057150 0.806429
v 0.214436 0.057150 0.806550
v 0.214713 0.057150 0.806625
v 0.215000 0.057150 0.806650
v 0.213119 0.065650 0.802350
v 0.213119 0.064969 0.802350
v 0.212834 0.065650 0.802577
v 0.212814 0.065041 0.802595
v 0.212577 0.065650 0.802834
v 0.212641 0.065087 0.802765
v 0.212350 0.065650 0.803119
v 0.212489 0.065130 0.802937
v 0.212350 0.065173 0.803119
v 0.212350 0.065650 0.806881
v 0.212350 0.065633 0.806881
v 0.212577 0.065650 0.807166
v 0.212599 0.065632 0.807190
v 0.212834 0.065650 0.807423
v 0.212768 0.065628 0.807362
v 0.213119 0.065650 0.807650
v 0.212949 0.065620 0.807521
v 0.213119 0.065610 0.807650
v 0.216881 0.065650 0.807650
v 0.216881 0.065175 0.807650
v 0.217166 0.065650 0.807423
v 0.217188 0.065121 0.807403
v 0.217423 0.065650 0.807166
v 0.217361 0.065087 0.807234
v 0.217650 0.065650 0.806881
v 0.217512 0.065056 0.807063
v 0.217650 0.065025 0.806881
v 0.217650 0.064597 0.803119
v 0.217527 0.064588 0.802956
v 0.217423 0.065650 0.802834
v 0.217393 0.064579 0.802801
v 0.217166 0.065650 0.802577
v 0.217224 0.064572 0.802630
v 0.216881 0.065650 0.802350
v 0.217043 0.064568 0.802473
v 0.216881 0.064566 0.802350
v 0.217650 0.065650 0.803119
v 0.215000 0.056159 0.805000
v 0.215000 0.057150 0.806650
v 0.215287 0.057150 0.806625
v 0.215564 0.057150 0.806550
v 0.215825 0.057150 0.806429
v 0.216061 0.057150 0.806264
v 0.216264 0.057150 0.806061
v 0.216429 0.057150 0.805825
v 0.216550 0.057150 0.805564
v 0.216625 0.057150 0.805286
v 0.216650 0.057150 0.805000
v 0.216625 0.057150 0.804714
v 0.216550 0.057150 0.804436
v 0.216429 0.057150 0.804175
v 0.216264 0.057150 0.803939
v 0.216061 0.057150 0.803736
v 0.215825 0.057150 0.803571
v 0.215564 0.057150 0.803450
v 0.215287 0.057150 0.803375
v 0.215000 0.057150 0.803350
v 0.214113 0.065650 0.806392
v 0.214321 0.065650 0.806504
v 0.214175 0.057150 0.806429
v 0.214542 0.065650 0.806585
v 0.214436 0.057150 0.806550
v 0.214769 0.065650 0.806634
v 0.214713 0.057150 0.806625
v 0.215000 0.065650 0.806650
v 0.215000 0.057150 0.806650
v 0.213418 0.065650 0.805469
v 0.213501 0.065650 0.805690
v 0.213450 0.057150 0.805564
v 0.213615 0.065650 0.805897
v 0.213571 0.057150 0.805825
v 0.213757 0.065650 0.806085
v 0.213736 0.057150 0.806061
v 0.213924 0.065650 0.806251
v 0.213939 0.057150 0.806264
v 0.213611 0.065650 0.804110
v 0.213498 0.065650 0.804317
v 0.213571 0.057150 0.804175
v 0.213416 0.065650 0.804538
v 0.213450 0.057150 0.804436
v 0.213366 0.065650 0.804769
v 0.213375 0.057150 0.804714
v 0.213350 0.065650 0.805004
v 0.213350 0.057150 0.805000
v 0.213367 0.065650 0.805239
v 0.213375 0.057150 0.805286
v 0.214534 0.065650 0.803417
v 0.214314 0.065650 0.803500
v 0.214436 0.057150 0.803450
v 0.214107 0.065650 0.803613
v 0.214175 0.057150 0.803571
v 0.213918 0.065650 0.803754
v 0.213939 0.057150 0.803736
v 0.213752 0.065650 0.803921
v 0.213736 0.057150 0.803939
v 0.214765 0.065650 0.803367
v 0.214713 0.057150 0.803375
v 0.215000 0.057150 0.803350
v 0.215000 0.065650 0.803350
v 0.213119 0.065650 0.807650
v 0.216881 0.065650 0.807650
v 0.215000 0.065650 0.806650
v 0.217650 0.065650 0.806881
v 0.217166 0.065650 0.807423
v 0.217423 0.065650 0.807166
v 0.212350 0.065650 0.806881
v 0.212577 0.065650 0.807166
v 0.212834 0.065650 0.807423
v 0.216550 0.065650 0.804436
v 0.216625 0.065650 0.804714
v 0.216650 0.065650 0.805000
v 0.216625 0.065650 0.805286
v 0.216550 0.065650 0.805564
v 0.216429 0.065650 0.805825
v 0.216264 0.065650 0.806061
v 0.216061 0.065650 0.806264
v 0.215825 0.065650 0.806429
v 0.215564 0.065650 0.806550
v 0.215287 0.065650 0.806625
v 0.217650 0.065650 0.803119
v 0.217423 0.065650 0.802834
v 0.217166 0.065650 0.802577
v 0.215000 0.065650 0.803350
v 0.215287 0.065650 0.803375
v 0.215564 0.065650 0.803450
v 0.215825 0.065650 0.803571
v 0.216061 0.065650 0.803736
v 0.216264 0.065650 0.803939
v 0.216429 0.065650 0.804175
v 0.216881 0.065650 0.802350
v 0.213119 0.065650 0.802350
v 0.212834 0.065650 0.802577
v 0.212577 0.065650 0.802834
v 0.212350 0.065650 0.803119
v 0.214765 0.065650 0.803367
v 0.214769 0.065650 0.806634
v 0.214542 0.065650 0.806585
v 0.214321 0.065650 0.806504
v 0.214113 0.065650 0.806392
v 0.213924 0.065650 0.806251
v 0.213757 0.065650 0.806085
v 0.213615 0.065650 0.805897
v 0.213501 0.065650 0.805690
v 0.213418 0.065650 0.805469
v 0.213367 0.065650 0.805239
v 0.213350 0.065650 0.805004
v 0.213366 0.065650 0.804769
v 0.213416 0.065650 0.804538
v 0.213498 0.065650 0.804317
v 0.213611 0.065650 0.804110
v 0.213752 0.065650 0.803921
v 0.213918 0.065650 0.803754
v 0.214107 0.065650 0.803613
v 0.214314 0.065650 0.803500
v 0.214534 0.065650 0.803417
v 0.216650 0.057150 0.805000
v 0.216625 0.065650 0.804714
v 0.216625 0.057150 0.804714
v 0.216550 0.065650 0.804436
v 0.216550 0.057150 0.804436
v 0.216429 0.065650 0.804175
v 0.216429 0.057150 0.804175
v 0.216264 0.065650 0.803939
v 0.216264 0.057150 0.803939
v 0.216061 0.065650 0.803736
v 0.216061 0.057150 0.803736
v 0.215825 0.065650 0.803571
v 0.215825 0.057150 0.803571
v 0.215564 0.065650 0.803450
v 0.215564 0.057150 0.803450
v 0.215287 0.065650 0.803375
v 0.215287 0.057150 0.803375
v 0.215000 0.065650 0.803350
v 0.215000 0.057150 0.803350
v 0.216650 0.065650 0.805000
v 0.216625 0.057150 0.805286
v 0.216625 0.065650 0.805286
v 0.216550 0.057150 0.805564
v 0.216550 0.065650 0.805564
v 0.216429 0.057150 0.805825
v 0.216429 0.065650 0.805825
v 0.216264 0.057150 0.806061
v 0.216264 0.065650 0.806061
v 0.216061 0.057150 0.806264
v 0.216061 0.065650 0.806264
v 0.215825 0.057150 0.806429
v 0.215825 0.065650 0.806429
v 0.215564 0.057150 0.806550
v 0.215564 0.065650 0.806550
v 0.215287 0.057150 0.806625
v 0.215287 0.065650 0.806625
v 0.215000 0.057150 0.806650
v 0.215000 0.065650 0.806650
v 0.212350 0.065014 0.803098
v 0.212350 0.064857 0.803040
v 0.212350 0.065029 0.807215
v 0.212350 0.064881 0.807422
v 0.212350 0.064765 0.807650
v 0.212350 0.064684 0.802934
v 0.212350 0.064527 0.802799
v 0.212350 0.064345 0.802588
v 0.212350 0.064195 0.802350
v 0.212350 0.043150 0.802350
v 0.212350 0.043150 0.807650
v 0.212350 0.065173 0.803119
v 0.212350 0.065167 0.807075
v 0.212350 0.065326 0.806964
v 0.212350 0.065477 0.806903
v 0.212350 0.065633 0.806881
v 0.212350 0.065650 0.806881
v 0.212350 0.065650 0.803119
v 0.216962 0.064263 0.802350
v 0.212578 0.064283 0.802350
v 0.216902 0.064412 0.802350
v 0.212787 0.064405 0.802350
v 0.216881 0.064566 0.802350
v 0.212926 0.064525 0.802350
v 0.213035 0.064669 0.802350
v 0.213098 0.064815 0.802350
v 0.213119 0.064969 0.802350
v 0.213119 0.065650 0.802350
v 0.216881 0.065650 0.802350
v 0.212350 0.064195 0.802350
v 0.217069 0.064107 0.802350
v 0.217205 0.063972 0.802350
v 0.217416 0.063823 0.802350
v 0.217650 0.063710 0.802350
v 0.217650 0.043150 0.802350
v 0.212350 0.043150 0.802350
v 0.212783 0.065015 0.807650
v 0.212577 0.064874 0.807650
v 0.216903 0.065015 0.807650
v 0.216963 0.064859 0.807650
v 0.216881 0.065175 0.807650
v 0.216881 0.065650 0.807650
v 0.213119 0.065650 0.807650
v 0.213119 0.065610 0.807650
v 0.213097 0.065455 0.807650
v 0.213035 0.065304 0.807650
v 0.212924 0.065149 0.807650
v 0.212350 0.064765 0.807650
v 0.212350 0.043150 0.807650
v 0.217650 0.043150 0.807650
v 0.217650 0.064230 0.807650
v 0.217419 0.064366 0.807650
v 0.217212 0.064534 0.807650
v 0.217072 0.064687 0.807650
v 0.217650 0.064321 0.807426
v 0.217650 0.064292 0.803039
v 0.217650 0.064446 0.807221
v 0.217650 0.064442 0.803098
v 0.217650 0.064597 0.803119
v 0.217650 0.065650 0.803119
v 0.217650 0.065650 0.806881
v 0.217650 0.065025 0.806881
v 0.217650 0.064869 0.806903
v 0.217650 0.064720 0.806966
v 0.217650 0.064572 0.807079
v 0.217650 0.064230 0.807650
v 0.217650 0.043150 0.807650
v 0.217650 0.043150 0.802350
v 0.217650 0.063710 0.802350
v 0.217650 0.063833 0.802586
v 0.217650 0.063990 0.802796
v 0.217650 0.064131 0.802932
v 0.427650 0.042850 0.807650
v 0.427650 0.042850 0.802350
v 0.422350 0.042850 0.807650
v 0.422350 0.042850 0.802350
v 0.427650 0.032543 0.807650
v 0.426645 0.032543 0.807650
v 0.426510 0.032567 0.806723
v 0.426347 0.032591 0.805801
v 0.426133 0.032618 0.804790
v 0.425885 0.032644 0.803787
v 0.425602 0.032670 0.802793
v 0.425464 0.032681 0.802350
v 0.427650 0.032681 0.802350
v 0.425464 0.032681 0.802350
v 0.424533 0.032643 0.802627
v 0.424722 0.032665 0.802350
v 0.424030 0.032595 0.802787
v 0.423974 0.032614 0.802350
v 0.423521 0.032527 0.802949
v 0.423163 0.032521 0.802350
v 0.422838 0.032405 0.803165
v 0.422350 0.032388 0.802350
v 0.422350 0.032338 0.802880
v 0.424395 0.032421 0.806718
v 0.423799 0.032275 0.807650
v 0.423688 0.032299 0.806838
v 0.423073 0.032119 0.807650
v 0.422977 0.032141 0.806957
v 0.422350 0.031926 0.807650
v 0.422350 0.032016 0.806456
v 0.424526 0.032395 0.807650
v 0.424921 0.032489 0.806629
v 0.425237 0.032477 0.807650
v 0.425442 0.032537 0.806539
v 0.425944 0.032527 0.807650
v 0.426510 0.032567 0.806723
v 0.426645 0.032543 0.807650
v 0.425602 0.032670 0.802793
v 0.425885 0.032644 0.803787
v 0.424907 0.032607 0.803956
v 0.426133 0.032618 0.804790
v 0.425216 0.032570 0.805301
v 0.426347 0.032591 0.805801
v 0.424396 0.032559 0.804092
v 0.423880 0.032491 0.804229
v 0.423187 0.032369 0.804413
v 0.422490 0.032210 0.804596
v 0.423477 0.032333 0.805675
v 0.422772 0.032174 0.805825
v 0.424699 0.032522 0.805412
v 0.424178 0.032455 0.805525
v 0.422350 0.032238 0.803938
v 0.422350 0.032117 0.805263
v 0.422350 0.031926 0.807650
v 0.422350 0.042850 0.807650
v 0.422350 0.042850 0.802350
v 0.422350 0.032388 0.802350
v 0.422350 0.032338 0.802880
v 0.422350 0.032238 0.803938
v 0.422350 0.032117 0.805263
v 0.422350 0.032016 0.806456
v 0.427650 0.042850 0.807650
v 0.422350 0.042850 0.807650
v 0.422350 0.031926 0.807650
v 0.423073 0.032119 0.807650
v 0.423799 0.032275 0.807650
v 0.424526 0.032395 0.807650
v 0.425237 0.032477 0.807650
v 0.425944 0.032527 0.807650
v 0.426645 0.032543 0.807650
v 0.427650 0.032543 0.807650
v 0.422350 0.042850 0.802350
v 0.427650 0.042850 0.802350
v 0.427650 0.032681 0.802350
v 0.425464 0.032681 0.802350
v 0.424722 0.032665 0.802350
v 0.423974 0.032614 0.802350
v 0.423163 0.032521 0.802350
v 0.422350 0.032388 0.802350
v 0.427650 0.032681 0.802350
v 0.427650 0.042850 0.802350
v 0.427650 0.032543 0.807650
v 0.427650 0.042850 0.807650
v 0.427650 0.043150 0.802350
v 0.427650 0.043150 0.807650
v 0.422350 0.043150 0.802350
v 0.422350 0.043150 0.807650
v 0.422350 0.059065 0.807650
v 0.423118 0.059065 0.807650
v 0.422933 0.059061 0.807508
v 0.422771 0.059058 0.807365
v 0.422546 0.059052 0.807130
v 0.422350 0.059046 0.806881
v 0.422350 0.058897 0.802350
v 0.422350 0.058927 0.803119
v 0.422525 0.058918 0.802894
v 0.422665 0.058912 0.802740
v 0.422814 0.058907 0.802595
v 0.423118 0.058897 0.802350
v 0.427650 0.058897 0.802350
v 0.426882 0.058897 0.802350
v 0.427074 0.058903 0.802498
v 0.427229 0.058908 0.802635
v 0.427461 0.058918 0.802877
v 0.427650 0.058927 0.803119
v 0.427650 0.059065 0.807650
v 0.427650 0.059046 0.806881
v 0.427488 0.059051 0.807091
v 0.427343 0.059055 0.807253
v 0.427187 0.059059 0.807404
v 0.426882 0.059065 0.807650
v 0.425000 0.049659 0.805000
v 0.425000 0.050650 0.806650
v 0.425287 0.050650 0.806625
v 0.425564 0.050650 0.806550
v 0.425825 0.050650 0.806429
v 0.426061 0.050650 0.806264
v 0.426264 0.050650 0.806061
v 0.426429 0.050650 0.805825
v 0.426551 0.050650 0.805564
v 0.426625 0.050650 0.805286
v 0.426650 0.050650 0.805000
v 0.426625 0.050650 0.804714
v 0.426551 0.050650 0.804436
v 0.426429 0.050650 0.804175
v 0.426264 0.050650 0.803939
v 0.426061 0.050650 0.803736
v 0.425825 0.050650 0.803571
v 0.425564 0.050650 0.803450
v 0.425287 0.050650 0.803375
v 0.425000 0.050650 0.803350
v 0.423118 0.059065 0.807650
v 0.423118 0.059150 0.807650
v 0.422933 0.059061 0.807508
v 0.422834 0.059150 0.807423
v 0.422771 0.059058 0.807365
v 0.422546 0.059052 0.807130
v 0.422577 0.059150 0.807166
v 0.422350 0.059150 0.806881
v 0.422350 0.059046 0.806881
v 0.422350 0.058927 0.803119
v 0.422350 0.059150 0.803119
v 0.422525 0.058918 0.802894
v 0.422577 0.059150 0.802834
v 0.422665 0.058912 0.802740
v 0.422834 0.059150 0.802577
v 0.422814 0.058907 0.802595
v 0.423118 0.059150 0.802350
v 0.423118 0.058897 0.802350
v 0.426882 0.058897 0.802350
v 0.426882 0.059150 0.802350
v 0.427074 0.058903 0.802498
v 0.427166 0.059150 0.802577
v 0.427229 0.058908 0.802635
v 0.427461 0.058918 0.802877
v 0.427423 0.059150 0.802834
v 0.427650 0.059150 0.803119
v 0.427650 0.058927 0.803119
v 0.427650 0.059046 0.806881
v 0.427650 0.059150 0.806881
v 0.427488 0.059051 0.807091
v 0.427423 0.059150 0.807166
v 0.427343 0.059055 0.807253
v 0.427166 0.059150 0.807423
v 0.427187 0.059059 0.807404
v 0.426882 0.059150 0.807650
v 0.426882 0.059065 0.807650
v 0.425000 0.049659 0.805000
v 0.425000 0.050650 0.803350
v 0.424713 0.050650 0.803375
v 0.424436 0.050650 0.803450
v 0.424175 0.050650 0.803571
v 0.423939 0.050650 0.803736
v 0.423736 0.050650 0.803939
v 0.423571 0.050650 0.804175
v 0.423449 0.050650 0.804436
v 0.423375 0.050650 0.804714
v 0.423350 0.050650 0.805000
v 0.423375 0.050650 0.805286
v 0.423449 0.050650 0.805564
v 0.423571 0.050650 0.805825
v 0.423736 0.050650 0.806061
v 0.423939 0.050650 0.806264
v 0.424175 0.050650 0.806429
v 0.424436 0.050650 0.806550
v 0.424713 0.050650 0.806625
v 0.425000 0.050650 0.806650
v 0.426650 0.050650 0.805000
v 0.426625 0.059150 0.804714
v 0.426625 0.050650 0.804714
v 0.426551 0.059150 0.804436
v 0.426551 0.050650 0.804436
v 0.426429 0.059150 0.804175
v 0.426429 0.050650 0.804175
v 0.426264 0.059150 0.803939
v 0.426264 0.050650 0.803939
v 0.426061 0.059150 0.803736
v 0.426061 0.050650 0.803736
v 0.425825 0.059150 0.803571
v 0.425825 0.050650 0.803571
v 0.425564 0.059150 0.803450
v 0.425564 0.050650 0.803450
v 0.425287 0.059150 0.803375
v 0.425287 0.050650 0.803375
v 0.425000 0.059150 0.803350
v 0.425000 0.050650 0.803350
v 0.426650 0.059150 0.805000
v 0.426625 0.050650 0.805286
v 0.426625 0.059150 0.805286
v 0.426551 0.050650 0.805564
v 0.426551 0.059150 0.805564
v 0.426429 0.050650 0.805825
v 0.426429 0.059150 0.805825
v 0.426264 0.050650 0.806061
v 0.426264 0.059150 0.806061
v 0.426061 0.050650 0.806264
v 0.426061 0.059150 0.806264
v 0.425825 0.050650 0.806429
v 0.425825 0.059150 0.806429
v 0.425564 0.050650 0.806550
v 0.425564 0.059150 0.806550
v 0.425287 0.050650 0.806625
v 0.425287 0.059150 0.806625
v 0.425000 0.050650 0.806650
v 0.425000 0.059150 0.806650
v 0.426882 0.059150 0.807650
v 0.425000 0.059150 0.806650
v 0.423118 0.059150 0.807650
v 0.422350 0.059150 0.806881
v 0.422834 0.059150 0.807423
v 0.422577 0.059150 0.807166
v 0.427166 0.059150 0.802577
v 0.426882 0.059150 0.802350
v 0.425000 0.059150 0.803350
v 0.423118 0.059150 0.802350
v 0.422834 0.059150 0.802577
v 0.427166 0.059150 0.807423
v 0.427423 0.059150 0.807166
v 0.427650 0.059150 0.806881
v 0.424713 0.059150 0.806625
v 0.424436 0.059150 0.806550
v 0.424175 0.059150 0.806429
v 0.423939 0.059150 0.806264
v 0.423736 0.059150 0.806061
v 0.423571 0.059150 0.805825
v 0.423449 0.059150 0.805564
v 0.423375 0.059150 0.805286
v 0.423350 0.059150 0.805000
v 0.423375 0.059150 0.804714
v 0.423449 0.059150 0.804436
v 0.422350 0.059150 0.803119
v 0.423571 0.059150 0.804175
v 0.423736 0.059150 0.803939
v 0.423939 0.059150 0.803736
v 0.424175 0.059150 0.803571
v 0.424436 0.059150 0.803450
v 0.424713 0.059150 0.803375
v 0.422577 0.059150 0.802834
v 0.426551 0.059150 0.804436
v 0.426625 0.059150 0.804714
v 0.426650 0.059150 0.805000
v 0.426625 0.059150 0.805286
v 0.426551 0.059150 0.805564
v 0.426429 0.059150 0.805825
v 0.426264 0.059150 0.806061
v 0.426061 0.059150 0.806264
v 0.425825 0.059150 0.806429
v 0.425564 0.059150 0.806550
v 0.425287 0.059150 0.806625
v 0.427650 0.059150 0.803119
v 0.427423 0.059150 0.802834
v 0.425287 0.059150 0.803375
v 0.425564 0.059150 0.803450
v 0.425825 0.059150 0.803571
v 0.426061 0.059150 0.803736
v 0.426264 0.059150 0.803939
v 0.426429 0.059150 0.804175
v 0.423350 0.050650 0.805000
v 0.423375 0.059150 0.805286
v 0.423375 0.050650 0.805286
v 0.423449 0.059150 0.805564
v 0.423449 0.050650 0.805564
v 0.423571 0.059150 0.805825
v 0.423571 0.050650 0.805825
v 0.423736 0.059150 0.806061
v 0.423736 0.050650 0.806061
v 0.423939 0.059150 0.806264
v 0.423939 0.050650 0.806264
v 0.424175 0.059150 0.806429
v 0.424175 0.050650 0.806429
v 0.424436 0.059150 0.806550
v 0.424436 0.050650 0.806550
v 0.424713 0.059150 0.806625
v 0.424713 0.050650 0.806625
v 0.425000 0.059150 0.806650
v 0.425000 0.050650 0.806650
v 0.423350 0.059150 0.805000
v 0.423375 0.050650 0.804714
v 0.423375 0.059150 0.804714
v 0.423449 0.050650 0.804436
v 0.423449 0.059150 0.804436
v 0.423571 0.050650 0.804175
v 0.423571 0.059150 0.804175
v 0.423736 0.050650 0.803939
v 0.423736 0.059150 0.803939
v 0.423939 0.050650 0.803736
v 0.423939 0.059150 0.803736
v 0.424175 0.050650 0.803571
v 0.424175 0.059150 0.803571
v 0.424436 0.050650 0.803450
v 0.424436 0.059150 0.803450
v 0.424713 0.050650 0.803375
v 0.424713 0.059150 0.803375
v 0.425000 0.050650 0.803350
v 0.425000 0.059150 0.803350
v 0.422350 0.059046 0.806881
v 0.422350 0.059150 0.806881
v 0.422350 0.058927 0.803119
v 0.422350 0.059150 0.803119
v 0.422350 0.058897 0.802350
v 0.422350 0.043150 0.802350
v 0.422350 0.043150 0.807650
v 0.422350 0.059065 0.807650
v 0.426882 0.058897 0.802350
v 0.423118 0.058897 0.802350
v 0.426882 0.059150 0.802350
v 0.423118 0.059150 0.802350
v 0.427650 0.043150 0.802350
v 0.422350 0.043150 0.802350
v 0.422350 0.058897 0.802350
v 0.427650 0.058897 0.802350
v 0.423118 0.059065 0.807650
v 0.426882 0.059065 0.807650
v 0.423118 0.059150 0.807650
v 0.426882 0.059150 0.807650
v 0.422350 0.043150 0.807650
v 0.427650 0.043150 0.807650
v 0.427650 0.059065 0.807650
v 0.422350 0.059065 0.807650
v 0.427650 0.058897 0.802350
v 0.427650 0.059065 0.807650
v 0.427650 0.043150 0.802350
v 0.427650 0.043150 0.807650
v 0.427650 0.059046 0.806881
v 0.427650 0.058927 0.803119
v 0.427650 0.059150 0.803119
v 0.427650 0.059150 0.806881
v 0.427650 0.042850 0.827650
v 0.427650 0.042850 0.822350
v 0.422350 0.042850 0.827650
v 0.422350 0.042850 0.822350
v 0.427650 0.032681 0.827650
v 0.425464 0.032681 0.827650
v 0.425730 0.032658 0.826774
v 0.425969 0.032635 0.825890
v 0.426216 0.032608 0.824839
v 0.426425 0.032580 0.823779
v 0.426603 0.032551 0.822664
v 0.426645 0.032543 0.822350
v 0.427650 0.032543 0.822350
v 0.423688 0.032299 0.823163
v 0.424526 0.032395 0.822350
v 0.424395 0.032421 0.823283
v 0.425237 0.032477 0.822350
v 0.424920 0.032489 0.823373
v 0.425944 0.032527 0.822350
v 0.425442 0.032537 0.823462
v 0.426645 0.032543 0.822350
v 0.426603 0.032551 0.822664
v 0.423799 0.032275 0.822350
v 0.422977 0.032141 0.823044
v 0.423073 0.032119 0.822350
v 0.422350 0.032016 0.823544
v 0.422350 0.031926 0.822350
v 0.425216 0.032570 0.824698
v 0.424907 0.032607 0.826043
v 0.424699 0.032522 0.824586
v 0.424396 0.032559 0.825906
v 0.424178 0.032455 0.824474
v 0.423880 0.032491 0.825769
v 0.423477 0.032333 0.824324
v 0.423188 0.032369 0.825586
v 0.422772 0.032174 0.824174
v 0.422491 0.032210 0.825403
v 0.422350 0.032117 0.824737
v 0.422350 0.032238 0.826062
v 0.426216 0.032608 0.824839
v 0.426425 0.032580 0.823779
v 0.424534 0.032643 0.827372
v 0.424030 0.032595 0.827211
v 0.423521 0.032527 0.827050
v 0.422838 0.032405 0.826834
v 0.422350 0.032338 0.827120
v 0.424722 0.032665 0.827650
v 0.423974 0.032614 0.827650
v 0.423163 0.032521 0.827650
v 0.422350 0.032388 0.827650
v 0.425464 0.032681 0.827650
v 0.425730 0.032658 0.826774
v 0.425969 0.032635 0.825890
v 0.422350 0.031926 0.822350
v 0.422350 0.032016 0.823544
v 0.422350 0.032117 0.824737
v 0.422350 0.032238 0.826062
v 0.422350 0.032338 0.827120
v 0.422350 0.032388 0.827650
v 0.422350 0.042850 0.827650
v 0.422350 0.042850 0.822350
v 0.427650 0.042850 0.827650
v 0.422350 0.042850 0.827650
v 0.422350 0.032388 0.827650
v 0.423163 0.032521 0.827650
v 0.423974 0.032614 0.827650
v 0.424722 0.032665 0.827650
v 0.425464 0.032681 0.827650
v 0.427650 0.032681 0.827650
v 0.422350 0.042850 0.822350
v 0.427650 0.042850 0.822350
v 0.427650 0.032543 0.822350
v 0.426645 0.032543 0.822350
v 0.425944 0.032527 0.822350
v 0.425237 0.032477 0.822350
v 0.424526 0.032395 0.822350
v 0.423799 0.032275 0.822350
v 0.423073 0.032119 0.822350
v 0.422350 0.031926 0.822350
v 0.427650 0.032543 0.822350
v 0.427650 0.042850 0.822350
v 0.427650 0.032681 0.827650
v 0.427650 0.042850 0.827650
v 0.423688 -0.032599 0.806836
v 0.424526 -0.032694 0.807650
v 0.424394 -0.032721 0.806716
v 0.425237 -0.032777 0.807650
v 0.424920 -0.032789 0.806627
v 0.425944 -0.032826 0.807650
v 0.425442 -0.032837 0.806538
v 0.426645 -0.032842 0.807650
v 0.426603 -0.032850 0.807341
v 0.423799 -0.032575 0.807650
v 0.422977 -0.032440 0.806955
v 0.423073 -0.032419 0.807650
v 0.422350 -0.032316 0.806456
v 0.422350 -0.032226 0.807650
v 0.425216 -0.032870 0.805301
v 0.424907 -0.032906 0.803956
v 0.424699 -0.032822 0.805412
v 0.424396 -0.032859 0.804092
v 0.424178 -0.032755 0.805525
v 0.423880 -0.032791 0.804229
v 0.423477 -0.032633 0.805675
v 0.423187 -0.032669 0.804413
v 0.422772 -0.032474 0.805825
v 0.422490 -0.032510 0.804596
v 0.422350 -0.032417 0.805263
v 0.422350 -0.032538 0.803938
v 0.426216 -0.032908 0.805164
v 0.426426 -0.032880 0.806226
v 0.424533 -0.032942 0.802627
v 0.424029 -0.032895 0.802787
v 0.423521 -0.032827 0.802949
v 0.422838 -0.032705 0.803165
v 0.422350 -0.032638 0.802880
v 0.424722 -0.032965 0.802350
v 0.423974 -0.032914 0.802350
v 0.423163 -0.032821 0.802350
v 0.422350 -0.032688 0.802350
v 0.425464 -0.032981 0.802350
v 0.425730 -0.032958 0.803226
v 0.425969 -0.032935 0.804110
v 0.427650 -0.032981 0.802350
v 0.425464 -0.032981 0.802350
v 0.425730 -0.032958 0.803226
v 0.425969 -0.032935 0.804110
v 0.426216 -0.032908 0.805164
v 0.426426 -0.032880 0.806226
v 0.426603 -0.032850 0.807341
v 0.426645 -0.032842 0.807650
v 0.427650 -0.032842 0.807650
v 0.422350 -0.058897 0.802350
v 0.423118 -0.058897 0.802350
v 0.422926 -0.058903 0.802498
v 0.422771 -0.058908 0.802635
v 0.422539 -0.058917 0.802877
v 0.422350 -0.058927 0.803119
v 0.422350 -0.059064 0.807650
v 0.422350 -0.059046 0.806881
v 0.422512 -0.059051 0.807091
v 0.422657 -0.059055 0.807253
v 0.422813 -0.059059 0.807404
v 0.423118 -0.059064 0.807650
v 0.427650 -0.059064 0.807650
v 0.426882 -0.059064 0.807650
v 0.427067 -0.059061 0.807508
v 0.427229 -0.059058 0.807365
v 0.427454 -0.059052 0.807130
v 0.427650 -0.059046 0.806881
v 0.427650 -0.058897 0.802350
v 0.427650 -0.058927 0.803119
v 0.427475 -0.058918 0.802894
v 0.427335 -0.058912 0.802740
v 0.427186 -0.058906 0.802595
v 0.426882 -0.058897 0.802350
v 0.425000 -0.049659 0.805000
v 0.425000 -0.050650 0.803350
v 0.425287 -0.050650 0.803375
v 0.425564 -0.050650 0.803450
v 0.425825 -0.050650 0.803571
v 0.426061 -0.050650 0.803736
v 0.426264 -0.050650 0.803939
v 0.426429 -0.050650 0.804175
v 0.426551 -0.050650 0.804436
v 0.426625 -0.050650 0.804714
v 0.426650 -0.050650 0.805000
v 0.426625 -0.050650 0.805286
v 0.426551 -0.050650 0.805564
v 0.426429 -0.050650 0.805825
v 0.426264 -0.050650 0.806061
v 0.426061 -0.050650 0.806264
v 0.425825 -0.050650 0.806429
v 0.425564 -0.050650 0.806550
v 0.425287 -0.050650 0.806625
v 0.425000 -0.050650 0.806650
v 0.423118 -0.058897 0.802350
v 0.423118 -0.059150 0.802350
v 0.422926 -0.058903 0.802498
v 0.422834 -0.059150 0.802577
v 0.422771 -0.058908 0.802635
v 0.422539 -0.058917 0.802877
v 0.422577 -0.059150 0.802834
v 0.422350 -0.059150 0.803119
v 0.422350 -0.058927 0.803119
v 0.422350 -0.059046 0.806881
v 0.422350 -0.059150 0.806881
v 0.422512 -0.059051 0.807091
v 0.422577 -0.059150 0.807166
v 0.422657 -0.059055 0.807253
v 0.422834 -0.059150 0.807423
v 0.422813 -0.059059 0.807404
v 0.423118 -0.059150 0.807650
v 0.423118 -0.059064 0.807650
v 0.426882 -0.059064 0.807650
v 0.426882 -0.059150 0.807650
v 0.427067 -0.059061 0.807508
v 0.427166 -0.059150 0.807423
v 0.427229 -0.059058 0.807365
v 0.427454 -0.059052 0.807130
v 0.427423 -0.059150 0.807166
v 0.427650 -0.059150 0.806881
v 0.427650 -0.059046 0.806881
v 0.427650 -0.058927 0.803119
v 0.427650 -0.059150 0.803119
v 0.427475 -0.058918 0.802894
v 0.427423 -0.059150 0.802834
v 0.427335 -0.058912 0.802740
v 0.427166 -0.059150 0.802577
v 0.427186 -0.058906 0.802595
v 0.426882 -0.059150 0.802350
v 0.426882 -0.058897 0.802350
v 0.425000 -0.049659 0.805000
v 0.425000 -0.050650 0.806650
v 0.424713 -0.050650 0.806625
v 0.424436 -0.050650 0.806550
v 0.424175 -0.050650 0.806429
v 0.423939 -0.050650 0.806264
v 0.423736 -0.050650 0.806061
v 0.423571 -0.050650 0.805825
v 0.423449 -0.050650 0.805564
v 0.423375 -0.050650 0.805286
v 0.423350 -0.050650 0.805000
v 0.423375 -0.050650 0.804714
v 0.423449 -0.050650 0.804436
v 0.423571 -0.050650 0.804175
v 0.423736 -0.050650 0.803939
v 0.423939 -0.050650 0.803736
v 0.424175 -0.050650 0.803571
v 0.424436 -0.050650 0.803450
v 0.424713 -0.050650 0.803375
v 0.425000 -0.050650 0.803350
v 0.426650 -0.050650 0.805000
v 0.426625 -0.059150 0.805286
v 0.426625 -0.050650 0.805286
v 0.426551 -0.059150 0.805564
v 0.426551 -0.050650 0.805564
v 0.426429 -0.059150 0.805825
v 0.426429 -0.050650 0.805825
v 0.426264 -0.059150 0.806061
v 0.426264 -0.050650 0.806061
v 0.426061 -0.059150 0.806264
v 0.426061 -0.050650 0.806264
v 0.425825 -0.059150 0.806429
v 0.425825 -0.050650 0.806429
v 0.425564 -0.059150 0.806550
v 0.425564 -0.050650 0.806550
v 0.425287 -0.059150 0.806625
v 0.425287 -0.050650 0.806625
v 0.425000 -0.059150 0.806650
v 0.425000 -0.050650 0.806650
v 0.426650 -0.059150 0.805000
v 0.426625 -0.050650 0.804714
v 0.426625 -0.059150 0.804714
v 0.426551 -0.050650 0.804436
v 0.426551 -0.059150 0.804436
v 0.426429 -0.050650 0.804175
v 0.426429 -0.059150 0.804175
v 0.426264 -0.050650 0.803939
v 0.426264 -0.059150 0.803939
v 0.426061 -0.050650 0.803736
v 0.426061 -0.059150 0.803736
v 0.425825 -0.050650 0.803571
v 0.425825 -0.059150 0.803571
v 0.425564 -0.050650 0.803450
v 0.425564 -0.059150 0.803450
v 0.425287 -0.050650 0.803375
v 0.425287 -0.059150 0.803375
v 0.425000 -0.050650 0.803350
v 0.425000 -0.059150 0.803350
v 0.426882 -0.059150 0.802350
v 0.425000 -0.059150 0.803350
v 0.423118 -0.059150 0.802350
v 0.422350 -0.059150 0.803119
v 0.422834 -0.059150 0.802577
v 0.422577 -0.059150 0.802834
v 0.427166 -0.059150 0.802577
v 0.427423 -0.059150 0.802834
v 0.427650 -0.059150 0.803119
v 0.424713 -0.059150 0.803375
v 0.424436 -0.059150 0.803450
v 0.424175 -0.059150 0.803571
v 0.423939 -0.059150 0.803736
v 0.423736 -0.059150 0.803939
v 0.423571 -0.059150 0.804175
v 0.423449 -0.059150 0.804436
v 0.423375 -0.059150 0.804714
v 0.423350 -0.059150 0.805000
v 0.423375 -0.059150 0.805286
v 0.423449 -0.059150 0.805564
v 0.422350 -0.059150 0.806881
v 0.423571 -0.059150 0.805825
v 0.423736 -0.059150 0.806061
v 0.423939 -0.059150 0.806264
v 0.424175 -0.059150 0.806429
v 0.424436 -0.059150 0.806550
v 0.424713 -0.059150 0.806625
v 0.425000 -0.059150 0.806650
v 0.422834 -0.059150 0.807423
v 0.422577 -0.059150 0.807166
v 0.425287 -0.059150 0.806625
v 0.427650 -0.059150 0.806881
v 0.427423 -0.059150 0.807166
v 0.427166 -0.059150 0.807423
v 0.426882 -0.059150 0.807650
v 0.423118 -0.059150 0.807650
v 0.426551 -0.059150 0.805564
v 0.426625 -0.059150 0.805286
v 0.426650 -0.059150 0.805000
v 0.426625 -0.059150 0.804714
v 0.426551 -0.059150 0.804436
v 0.426429 -0.059150 0.804175
v 0.426264 -0.059150 0.803939
v 0.426061 -0.059150 0.803736
v 0.425825 -0.059150 0.803571
v 0.425564 -0.059150 0.803450
v 0.425287 -0.059150 0.803375
v 0.425564 -0.059150 0.806550
v 0.425825 -0.059150 0.806429
v 0.426061 -0.059150 0.806264
v 0.426264 -0.059150 0.806061
v 0.426429 -0.059150 0.805825
v 0.423350 -0.050650 0.805000
v 0.423375 -0.059150 0.804714
v 0.423375 -0.050650 0.804714
v 0.423449 -0.059150 0.804436
v 0.423449 -0.050650 0.804436
v 0.423571 -0.059150 0.804175
v 0.423571 -0.050650 0.804175
v 0.423736 -0.059150 0.803939
v 0.423736 -0.050650 0.803939
v 0.423939 -0.059150 0.803736
v 0.423939 -0.050650 0.803736
v 0.424175 -0.059150 0.803571
v 0.424175 -0.050650 0.803571
v 0.424436 -0.059150 0.803450
v 0.424436 -0.050650 0.803450
v 0.424713 -0.059150 0.803375
v 0.424713 -0.050650 0.803375
v 0.425000 -0.059150 0.803350
v 0.425000 -0.050650 0.803350
v 0.423350 -0.059150 0.805000
v 0.423375 -0.050650 0.805286
v 0.423375 -0.059150 0.805286
v 0.423449 -0.050650 0.805564
v 0.423449 -0.059150 0.805564
v 0.423571 -0.050650 0.805825
v 0.423571 -0.059150 0.805825
v 0.423736 -0.050650 0.806061
v 0.423736 -0.059150 0.806061
v 0.423939 -0.050650 0.806264
v 0.423939 -0.059150 0.806264
v 0.424175 -0.050650 0.806429
v 0.424175 -0.059150 0.806429
v 0.424436 -0.050650 0.806550
v 0.424436 -0.059150 0.806550
v 0.424713 -0.050650 0.806625
v 0.424713 -0.059150 0.806625
v 0.425000 -0.050650 0.806650
v 0.425000 -0.059150 0.806650
v 0.427650 -0.032981 0.802350
v 0.427650 -0.032842 0.807650
v 0.427650 -0.058897 0.802350
v 0.427650 -0.059064 0.807650
v 0.427650 -0.058927 0.803119
v 0.427650 -0.059046 0.806881
v 0.427650 -0.059150 0.806881
v 0.427650 -0.059150 0.803119
v 0.423118 -0.059150 0.807650
v 0.426882 -0.059150 0.807650
v 0.423118 -0.059064 0.807650
v 0.426882 -0.059064 0.807650
v 0.427650 -0.032842 0.807650
v 0.422350 -0.059064 0.807650
v 0.427650 -0.059064 0.807650
v 0.426645 -0.032842 0.807650
v 0.425944 -0.032826 0.807650
v 0.425237 -0.032777 0.807650
v 0.424526 -0.032694 0.807650
v 0.423799 -0.032575 0.807650
v 0.423073 -0.032419 0.807650
v 0.422350 -0.032226 0.807650
v 0.426882 -0.058897 0.802350
v 0.426882 -0.059150 0.802350
v 0.423118 -0.059150 0.802350
v 0.423118 -0.058897 0.802350
v 0.427650 -0.032981 0.802350
v 0.427650 -0.058897 0.802350
v 0.422350 -0.058897 0.802350
v 0.422350 -0.032688 0.802350
v 0.423163 -0.032821 0.802350
v 0.423974 -0.032914 0.802350
v 0.424722 -0.032965 0.802350
v 0.425464 -0.032981 0.802350
v 0.422350 -0.032417 0.805263
v 0.422350 -0.032638 0.802880
v 0.422350 -0.032316 0.806456
v 0.422350 -0.032688 0.802350
v 0.422350 -0.032226 0.807650
v 0.422350 -0.058897 0.802350
v 0.422350 -0.059064 0.807650
v 0.422350 -0.058927 0.803119
v 0.422350 -0.059150 0.803119
v 0.422350 -0.059150 0.806881
v 0.422350 -0.059046 0.806881
v 0.422350 -0.032538 0.803938
v 0.425464 -0.032981 0.827650
v 0.424534 -0.032942 0.827372
v 0.424722 -0.032965 0.827650
v 0.424030 -0.032894 0.827211
v 0.423974 -0.032914 0.827650
v 0.423521 -0.032827 0.827050
v 0.423163 -0.032821 0.827650
v 0.422838 -0.032705 0.826834
v 0.422350 -0.032688 0.827650
v 0.422350 -0.032638 0.827120
v 0.424395 -0.032721 0.823281
v 0.423799 -0.032575 0.822350
v 0.423688 -0.032599 0.823162
v 0.423073 -0.032419 0.822350
v 0.422977 -0.032440 0.823042
v 0.422350 -0.032226 0.822350
v 0.422350 -0.032316 0.823544
v 0.424526 -0.032694 0.822350
v 0.424921 -0.032789 0.823371
v 0.425237 -0.032777 0.822350
v 0.425442 -0.032836 0.823460
v 0.425944 -0.032826 0.822350
v 0.426510 -0.032867 0.823277
v 0.426645 -0.032842 0.822350
v 0.425602 -0.032970 0.827207
v 0.425885 -0.032944 0.826213
v 0.424907 -0.032906 0.826043
v 0.426133 -0.032917 0.825210
v 0.425216 -0.032870 0.824698
v 0.426347 -0.032891 0.824199
v 0.424396 -0.032859 0.825906
v 0.423880 -0.032791 0.825769
v 0.423188 -0.032669 0.825586
v 0.422491 -0.032510 0.825403
v 0.423477 -0.032633 0.824324
v 0.422772 -0.032474 0.824174
v 0.424699 -0.032822 0.824586
v 0.424178 -0.032754 0.824474
v 0.422350 -0.032538 0.826062
v 0.422350 -0.032417 0.824737
v 0.427650 -0.032842 0.822350
v 0.426645 -0.032842 0.822350
v 0.426510 -0.032867 0.823277
v 0.426347 -0.032891 0.824199
v 0.426133 -0.032917 0.825210
v 0.425885 -0.032944 0.826213
v 0.425602 -0.032970 0.827207
v 0.425464 -0.032981 0.827650
v 0.427650 -0.032981 0.827650
v 0.422350 -0.059064 0.822350
v 0.423118 -0.059064 0.822350
v 0.422933 -0.059061 0.822492
v 0.422771 -0.059058 0.822635
v 0.422546 -0.059052 0.822870
v 0.422350 -0.059046 0.823119
v 0.422350 -0.058897 0.827650
v 0.422350 -0.058927 0.826881
v 0.422525 -0.058918 0.827106
v 0.422665 -0.058912 0.827260
v 0.422814 -0.058906 0.827405
v 0.423118 -0.058897 0.827650
v 0.427650 -0.058897 0.827650
v 0.426882 -0.058897 0.827650
v 0.427074 -0.058903 0.827502
v 0.427229 -0.058908 0.827365
v 0.427461 -0.058917 0.827123
v 0.427650 -0.058927 0.826881
v 0.427650 -0.059064 0.822350
v 0.427650 -0.059046 0.823119
v 0.427488 -0.059051 0.822909
v 0.427343 -0.059055 0.822747
v 0.427187 -0.059059 0.822596
v 0.426882 -0.059064 0.822350
v 0.425000 -0.049659 0.825000
v 0.425000 -0.050650 0.823350
v 0.425287 -0.050650 0.823375
v 0.425564 -0.050650 0.823450
v 0.425825 -0.050650 0.823571
v 0.426061 -0.050650 0.823736
v 0.426264 -0.050650 0.823939
v 0.426429 -0.050650 0.824175
v 0.426551 -0.050650 0.824436
v 0.426625 -0.050650 0.824714
v 0.426650 -0.050650 0.825000
v 0.426625 -0.050650 0.825286
v 0.426551 -0.050650 0.825564
v 0.426429 -0.050650 0.825825
v 0.426264 -0.050650 0.826061
v 0.426061 -0.050650 0.826264
v 0.425825 -0.050650 0.826429
v 0.425564 -0.050650 0.826550
v 0.425287 -0.050650 0.826625
v 0.425000 -0.050650 0.826650
v 0.423118 -0.059064 0.822350
v 0.423118 -0.059150 0.822350
v 0.422933 -0.059061 0.822492
v 0.422834 -0.059150 0.822577
v 0.422771 -0.059058 0.822635
v 0.422546 -0.059052 0.822870
v 0.422577 -0.059150 0.822834
v 0.422350 -0.059150 0.823119
v 0.422350 -0.059046 0.823119
v 0.422350 -0.058927 0.826881
v 0.422350 -0.059150 0.826881
v 0.422525 -0.058918 0.827106
v 0.422577 -0.059150 0.827166
v 0.422665 -0.058912 0.827260
v 0.422834 -0.059150 0.827423
v 0.422814 -0.058906 0.827405
v 0.423118 -0.059150 0.827650
v 0.423118 -0.058897 0.827650
v 0.426882 -0.058897 0.827650
v 0.426882 -0.059150 0.827650
v 0.427074 -0.058903 0.827502
v 0.427166 -0.059150 0.827423
v 0.427229 -0.058908 0.827365
v 0.427461 -0.058917 0.827123
v 0.427423 -0.059150 0.827166
v 0.427650 -0.059150 0.826881
v 0.427650 -0.058927 0.826881
v 0.427650 -0.059046 0.823119
v 0.427650 -0.059150 0.823119
v 0.427488 -0.059051 0.822909
v 0.427423 -0.059150 0.822834
v 0.427343 -0.059055 0.822747
v 0.427166 -0.059150 0.822577
v 0.427187 -0.059059 0.822596
v 0.426882 -0.059150 0.822350
v 0.426882 -0.059064 0.822350
v 0.425000 -0.049659 0.825000
v 0.425000 -0.050650 0.826650
v 0.424713 -0.050650 0.826625
v 0.424436 -0.050650 0.826550
v 0.424175 -0.050650 0.826429
v 0.423939 -0.050650 0.826264
v 0.423736 -0.050650 0.826061
v 0.423571 -0.050650 0.825825
v 0.423449 -0.050650 0.825564
v 0.423375 -0.050650 0.825286
v 0.423350 -0.050650 0.825000
v 0.423375 -0.050650 0.824714
v 0.423449 -0.050650 0.824436
v 0.423571 -0.050650 0.824175
v 0.423736 -0.050650 0.823939
v 0.423939 -0.050650 0.823736
v 0.424175 -0.050650 0.823571
v 0.424436 -0.050650 0.823450
v 0.424713 -0.050650 0.823375
v 0.425000 -0.050650 0.823350
v 0.426650 -0.050650 0.825000
v 0.426625 -0.059150 0.825286
v 0.426625 -0.050650 0.825286
v 0.426551 -0.059150 0.825564
v 0.426551 -0.050650 0.825564
v 0.426429 -0.059150 0.825825
v 0.426429 -0.050650 0.825825
v 0.426264 -0.059150 0.826061
v 0.426264 -0.050650 0.826061
v 0.426061 -0.059150 0.826264
v 0.426061 -0.050650 0.826264
v 0.425825 -0.059150 0.826429
v 0.425825 -0.050650 0.826429
v 0.425564 -0.059150 0.826550
v 0.425564 -0.050650 0.826550
v 0.425287 -0.059150 0.826625
v 0.425287 -0.050650 0.826625
v 0.425000 -0.059150 0.826650
v 0.425000 -0.050650 0.826650
v 0.426650 -0.059150 0.825000
v 0.426625 -0.050650 0.824714
v 0.426625 -0.059150 0.824714
v 0.426551 -0.050650 0.824436
v 0.426551 -0.059150 0.824436
v 0.426429 -0.050650 0.824175
v 0.426429 -0.059150 0.824175
v 0.426264 -0.050650 0.823939
v 0.426264 -0.059150 0.823939
v 0.426061 -0.050650 0.823736
v 0.426061 -0.059150 0.823736
v 0.425825 -0.050650 0.823571
v 0.425825 -0.059150 0.823571
v 0.425564 -0.050650 0.823450
v 0.425564 -0.059150 0.823450
v 0.425287 -0.050650 0.823375
v 0.425287 -0.059150 0.823375
v 0.425000 -0.050650 0.823350
v 0.425000 -0.059150 0.823350
v 0.426882 -0.059150 0.822350
v 0.425000 -0.059150 0.823350
v 0.423118 -0.059150 0.822350
v 0.422350 -0.059150 0.823119
v 0.422834 -0.059150 0.822577
v 0.422577 -0.059150 0.822834
v 0.427166 -0.059150 0.822577
v 0.427423 -0.059150 0.822834
v 0.427650 -0.059150 0.823119
v 0.424713 -0.059150 0.823375
v 0.424436 -0.059150 0.823450
v 0.424175 -0.059150 0.823571
v 0.423939 -0.059150 0.823736
v 0.423736 -0.059150 0.823939
v 0.423571 -0.059150 0.824175
v 0.423449 -0.059150 0.824436
v 0.423375 -0.059150 0.824714
v 0.423350 -0.059150 0.825000
v 0.423375 -0.059150 0.825286
v 0.423449 -0.059150 0.825564
v 0.422350 -0.059150 0.826881
v 0.423571 -0.059150 0.825825
v 0.423736 -0.059150 0.826061
v 0.423939 -0.059150 0.826264
v 0.424175 -0.059150 0.826429
v 0.424436 -0.059150 0.826550
v 0.424713 -0.059150 0.826625
v 0.425000 -0.059150 0.826650
v 0.422834 -0.059150 0.827423
v 0.422577 -0.059150 0.827166
v 0.425287 -0.059150 0.826625
v 0.427650 -0.059150 0.826881
v 0.427423 -0.059150 0.827166
v 0.427166 -0.059150 0.827423
v 0.426882 -0.059150 0.827650
v 0.423118 -0.059150 0.827650
v 0.426551 -0.059150 0.825564
v 0.426625 -0.059150 0.825286
v 0.426650 -0.059150 0.825000
v 0.426625 -0.059150 0.824714
v 0.426551 -0.059150 0.824436
v 0.426429 -0.059150 0.824175
v 0.426264 -0.059150 0.823939
v 0.426061 -0.059150 0.823736
v 0.425825 -0.059150 0.823571
v 0.425564 -0.059150 0.823450
v 0.425287 -0.059150 0.823375
v 0.425564 -0.059150 0.826550
v 0.425825 -0.059150 0.826429
v 0.426061 -0.059150 0.826264
v 0.426264 -0.059150 0.826061
v 0.426429 -0.059150 0.825825
v 0.423350 -0.050650 0.825000
v 0.423375 -0.059150 0.824714
v 0.423375 -0.050650 0.824714
v 0.423449 -0.059150 0.824436
v 0.423449 -0.050650 0.824436
v 0.423571 -0.059150 0.824175
v 0.423571 -0.050650 0.824175
v 0.423736 -0.059150 0.823939
v 0.423736 -0.050650 0.823939
v 0.423939 -0.059150 0.823736
v 0.423939 -0.050650 0.823736
v 0.424175 -0.059150 0.823571
v 0.424175 -0.050650 0.823571
v 0.424436 -0.059150 0.823450
v 0.424436 -0.050650 0.823450
v 0.424713 -0.059150 0.823375
v 0.424713 -0.050650 0.823375
v 0.425000 -0.059150 0.823350
v 0.425000 -0.050650 0.823350
v 0.423350 -0.059150 0.825000
v 0.423375 -0.050650 0.825286
v 0.423375 -0.059150 0.825286
v 0.423449 -0.050650 0.825564
v 0.423449 -0.059150 0.825564
v 0.423571 -0.050650 0.825825
v 0.423571 -0.059150 0.825825
v 0.423736 -0.050650 0.826061
v 0.423736 -0.059150 0.826061
v 0.423939 -0.050650 0.826264
v 0.423939 -0.059150 0.826264
v 0.424175 -0.050650 0.826429
v 0.424175 -0.059150 0.826429
v 0.424436 -0.050650 0.826550
v 0.424436 -0.059150 0.826550
v 0.424713 -0.050650 0.826625
v 0.424713 -0.059150 0.826625
v 0.425000 -0.050650 0.826650
v 0.425000 -0.059150 0.826650
v 0.427650 -0.059064 0.822350
v 0.427650 -0.032842 0.822350
v 0.427650 -0.058897 0.827650
v 0.427650 -0.032981 0.827650
v 0.427650 -0.058927 0.826881
v 0.427650 -0.059150 0.826881
v 0.427650 -0.059150 0.823119
v 0.427650 -0.059046 0.823119
v 0.423118 -0.059150 0.827650
v 0.426882 -0.059150 0.827650
v 0.423118 -0.058897 0.827650
v 0.426882 -0.058897 0.827650
v 0.427650 -0.032981 0.827650
v 0.422350 -0.058897 0.827650
v 0.427650 -0.058897 0.827650
v 0.425464 -0.032981 0.827650
v 0.424722 -0.032965 0.827650
v 0.423974 -0.032914 0.827650
v 0.423163 -0.032821 0.827650
v 0.422350 -0.032688 0.827650
v 0.426882 -0.059064 0.822350
v 0.426882 -0.059150 0.822350
v 0.423118 -0.059150 0.822350
v 0.423118 -0.059064 0.822350
v 0.427650 -0.032842 0.822350
v 0.427650 -0.059064 0.822350
v 0.422350 -0.059064 0.822350
v 0.422350 -0.032226 0.822350
v 0.423073 -0.032419 0.822350
v 0.423799 -0.032575 0.822350
v 0.424526 -0.032694 0.822350
v 0.425237 -0.032777 0.822350
v 0.425944 -0.032826 0.822350
v 0.426645 -0.032842 0.822350
v 0.422350 -0.032417 0.824737
v 0.422350 -0.032316 0.823544
v 0.422350 -0.032638 0.827120
v 0.422350 -0.032226 0.822350
v 0.422350 -0.032688 0.827650
v 0.422350 -0.059064 0.822350
v 0.422350 -0.058897 0.827650
v 0.422350 -0.058927 0.826881
v 0.422350 -0.059046 0.823119
v 0.422350 -0.059150 0.823119
v 0.422350 -0.059150 0.826881
v 0.422350 -0.032538 0.826062
v 0.427650 0.043150 0.822350
v 0.427650 0.043150 0.827650
v 0.422350 0.043150 0.822350
v 0.422350 0.043150 0.827650
v 0.422350 0.058897 0.827650
v 0.423118 0.058897 0.827650
v 0.422926 0.058903 0.827502
v 0.422771 0.058908 0.827365
v 0.422539 0.058918 0.827123
v 0.422350 0.058927 0.826881
v 0.422350 0.059065 0.822350
v 0.422350 0.059046 0.823119
v 0.422512 0.059051 0.822909
v 0.422657 0.059055 0.822747
v 0.422813 0.059059 0.822596
v 0.423118 0.059065 0.822350
v 0.427650 0.059065 0.822350
v 0.426882 0.059065 0.822350
v 0.427067 0.059061 0.822492
v 0.427229 0.059058 0.822635
v 0.427454 0.059052 0.822870
v 0.427650 0.059046 0.823119
v 0.427650 0.058897 0.827650
v 0.427650 0.058927 0.826881
v 0.427475 0.058918 0.827106
v 0.427335 0.058912 0.827260
v 0.427186 0.058907 0.827405
v 0.426882 0.058897 0.827650
v 0.425000 0.049659 0.825000
v 0.425000 0.050650 0.826650
v 0.425287 0.050650 0.826625
v 0.425564 0.050650 0.826550
v 0.425825 0.050650 0.826429
v 0.426061 0.050650 0.826264
v 0.426264 0.050650 0.826061
v 0.426429 0.050650 0.825825
v 0.426551 0.050650 0.825564
v 0.426625 0.050650 0.825286
v 0.426650 0.050650 0.825000
v 0.426625 0.050650 0.824714
v 0.426551 0.050650 0.824436
v 0.426429 0.050650 0.824175
v 0.426264 0.050650 0.823939
v 0.426061 0.050650 0.823736
v 0.425825 0.050650 0.823571
v 0.425564 0.050650 0.823450
v 0.425287 0.050650 0.823375
v 0.425000 0.050650 0.823350
v 0.423118 0.058897 0.827650
v 0.423118 0.059150 0.827650
v 0.422926 0.058903 0.827502
v 0.422834 0.059150 0.827423
v 0.422771 0.058908 0.827365
v 0.422539 0.058918 0.827123
v 0.422577 0.059150 0.827166
v 0.422350 0.059150 0.826881
v 0.422350 0.058927 0.826881
v 0.422350 0.059046 0.823119
v 0.422350 0.059150 0.823119
v 0.422512 0.059051 0.822909
v 0.422577 0.059150 0.822834
v 0.422657 0.059055 0.822747
v 0.422834 0.059150 0.822577
v 0.422813 0.059059 0.822596
v 0.423118 0.059150 0.822350
v 0.423118 0.059065 0.822350
v 0.426882 0.059065 0.822350
v 0.426882 0.059150 0.822350
v 0.427067 0.059061 0.822492
v 0.427166 0.059150 0.822577
v 0.427229 0.059058 0.822635
v 0.427454 0.059052 0.822870
v 0.427423 0.059150 0.822834
v 0.427650 0.059150 0.823119
v 0.427650 0.059046 0.823119
v 0.427650 0.058927 0.826881
v 0.427650 0.059150 0.826881
v 0.427475 0.058918 0.827106
v 0.427423 0.059150 0.827166
v 0.427335 0.058912 0.827260
v 0.427166 0.059150 0.827423
v 0.427186 0.058907 0.827405
v 0.426882 0.059150 0.827650
v 0.426882 0.058897 0.827650
v 0.425000 0.049659 0.825000
v 0.425000 0.050650 0.823350
v 0.424713 0.050650 0.823375
v 0.424436 0.050650 0.823450
v 0.424175 0.050650 0.823571
v 0.423939 0.050650 0.823736
v 0.423736 0.050650 0.823939
v 0.423571 0.050650 0.824175
v 0.423449 0.050650 0.824436
v 0.423375 0.050650 0.824714
v 0.423350 0.050650 0.825000
v 0.423375 0.050650 0.825286
v 0.423449 0.050650 0.825564
v 0.423571 0.050650 0.825825
v 0.423736 0.050650 0.826061
v 0.423939 0.050650 0.826264
v 0.424175 0.050650 0.826429
v 0.424436 0.050650 0.826550
v 0.424713 0.050650 0.826625
v 0.425000 0.050650 0.826650
v 0.426650 0.050650 0.825000
v 0.426625 0.059150 0.824714
v 0.426625 0.050650 0.824714
v 0.426551 0.059150 0.824436
v 0.426551 0.050650 0.824436
v 0.426429 0.059150 0.824175
v 0.426429 0.050650 0.824175
v 0.426264 0.059150 0.823939
v 0.426264 0.050650 0.823939
v 0.426061 0.059150 0.823736
v 0.426061 0.050650 0.823736
v 0.425825 0.059150 0.823571
v 0.425825 0.050650 0.823571
v 0.425564 0.059150 0.823450
v 0.425564 0.050650 0.823450
v 0.425287 0.059150 0.823375
v 0.425287 0.050650 0.823375
v 0.425000 0.059150 0.823350
v 0.425000 0.050650 0.823350
v 0.426650 0.059150 0.825000
v 0.426625 0.050650 0.825286
v 0.426625 0.059150 0.825286
v 0.426551 0.050650 0.825564
v 0.426551 0.059150 0.825564
v 0.426429 0.050650 0.825825
v 0.426429 0.059150 0.825825
v 0.426264 0.050650 0.826061
v 0.426264 0.059150 0.826061
v 0.426061 0.050650 0.826264
v 0.426061 0.059150 0.826264
v 0.425825 0.050650 0.826429
v 0.425825 0.059150 0.826429
v 0.425564 0.050650 0.826550
v 0.425564 0.059150 0.826550
v 0.425287 0.050650 0.826625
v 0.425287 0.059150 0.826625
v 0.425000 0.050650 0.826650
v 0.425000 0.059150 0.826650
v 0.426882 0.059150 0.827650
v 0.425000 0.059150 0.826650
v 0.423118 0.059150 0.827650
v 0.422350 0.059150 0.826881
v 0.422834 0.059150 0.827423
v 0.422577 0.059150 0.827166
v 0.427166 0.059150 0.822577
v 0.426882 0.059150 0.822350
v 0.425000 0.059150 0.823350
v 0.423118 0.059150 0.822350
v 0.422834 0.059150 0.822577
v 0.427166 0.059150 0.827423
v 0.427423 0.059150 0.827166
v 0.427650 0.059150 0.826881
v 0.424713 0.059150 0.826625
v 0.424436 0.059150 0.826550
v 0.424175 0.059150 0.826429
v 0.423939 0.059150 0.826264
v 0.423736 0.059150 0.826061
v 0.423571 0.059150 0.825825
v 0.423449 0.059150 0.825564
v 0.423375 0.059150 0.825286
v 0.423350 0.059150 0.825000
v 0.423375 0.059150 0.824714
v 0.423449 0.059150 0.824436
v 0.422350 0.059150 0.823119
v 0.423571 0.059150 0.824175
v 0.423736 0.059150 0.823939
v 0.423939 0.059150 0.823736
v 0.424175 0.059150 0.823571
v 0.424436 0.059150 0.823450
v 0.424713 0.059150 0.823375
v 0.422577 0.059150 0.822834
v 0.426551 0.059150 0.824436
v 0.426625 0.059150 0.824714
v 0.426650 0.059150 0.825000
v 0.426625 0.059150 0.825286
v 0.426551 0.059150 0.825564
v 0.426429 0.059150 0.825825
v 0.426264 0.059150 0.826061
v 0.426061 0.059150 0.826264
v 0.425825 0.059150 0.826429
v 0.425564 0.059150 0.826550
v 0.425287 0.059150 0.826625
v 0.427650 0.059150 0.823119
v 0.427423 0.059150 0.822834
v 0.425287 0.059150 0.823375
v 0.425564 0.059150 0.823450
v 0.425825 0.059150 0.823571
v 0.426061 0.059150 0.823736
v 0.426264 0.059150 0.823939
v 0.426429 0.059150 0.824175
v 0.423350 0.050650 0.825000
v 0.423375 0.059150 0.825286
v 0.423375 0.050650 0.825286
v 0.423449 0.059150 0.825564
v 0.423449 0.050650 0.825564
v 0.423571 0.059150 0.825825
v 0.423571 0.050650 0.825825
v 0.423736 0.059150 0.826061
v 0.423736 0.050650 0.826061
v 0.423939 0.059150 0.826264
v 0.423939 0.050650 0.826264
v 0.424175 0.059150 0.826429
v 0.424175 0.050650 0.826429
v 0.424436 0.059150 0.826550
v 0.424436 0.050650 0.826550
v 0.424713 0.059150 0.826625
v 0.424713 0.050650 0.826625
v 0.425000 0.059150 0.826650
v 0.425000 0.050650 0.826650
v 0.423350 0.059150 0.825000
v 0.423375 0.050650 0.824714
v 0.423375 0.059150 0.824714
v 0.423449 0.050650 0.824436
v 0.423449 0.059150 0.824436
v 0.423571 0.050650 0.824175
v 0.423571 0.059150 0.824175
v 0.423736 0.050650 0.823939
v 0.423736 0.059150 0.823939
v 0.423939 0.050650 0.823736
v 0.423939 0.059150 0.823736
v 0.424175 0.050650 0.823571
v 0.424175 0.059150 0.823571
v 0.424436 0.050650 0.823450
v 0.424436 0.059150 0.823450
v 0.424713 0.050650 0.823375
v 0.424713 0.059150 0.823375
v 0.425000 0.050650 0.823350
v 0.425000 0.059150 0.823350
v 0.422350 0.058897 0.827650
v 0.422350 0.059065 0.822350
v 0.422350 0.043150 0.827650
v 0.422350 0.043150 0.822350
v 0.422350 0.059046 0.823119
v 0.422350 0.058927 0.826881
v 0.422350 0.059150 0.826881
v 0.422350 0.059150 0.823119
v 0.426882 0.059065 0.822350
v 0.423118 0.059065 0.822350
v 0.426882 0.059150 0.822350
v 0.423118 0.059150 0.822350
v 0.427650 0.043150 0.822350
v 0.422350 0.043150 0.822350
v 0.422350 0.059065 0.822350
v 0.427650 0.059065 0.822350
v 0.423118 0.058897 0.827650
v 0.426882 0.058897 0.827650
v 0.423118 0.059150 0.827650
v 0.426882 0.059150 0.827650
v 0.422350 0.043150 0.827650
v 0.427650 0.043150 0.827650
v 0.427650 0.058897 0.827650
v 0.422350 0.058897 0.827650
v 0.427650 0.059046 0.823119
v 0.427650 0.059150 0.823119
v 0.427650 0.058927 0.826881
v 0.427650 0.059150 0.826881
v 0.427650 0.058897 0.827650
v 0.427650 0.043150 0.827650
v 0.427650 0.043150 0.822350
v 0.427650 0.059065 0.822350
v 0.217650 0.043150 0.822350
v 0.217650 0.043150 0.827650
v 0.212350 0.043150 0.822350
v 0.212350 0.043150 0.827650
v 0.212350 0.065633 0.823119
v 0.212484 0.065634 0.822943
v 0.212350 0.065477 0.823097
v 0.212629 0.065632 0.822778
v 0.212606 0.065394 0.822760
v 0.212776 0.065389 0.822591
v 0.212536 0.065153 0.822698
v 0.212709 0.065148 0.822526
v 0.212597 0.064930 0.822411
v 0.212783 0.065014 0.822350
v 0.212577 0.064874 0.822350
v 0.212350 0.064765 0.822350
v 0.212350 0.064881 0.822578
v 0.212417 0.064935 0.822591
v 0.212350 0.065028 0.822784
v 0.212350 0.065167 0.822925
v 0.212350 0.065325 0.823036
v 0.213097 0.065455 0.822350
v 0.213035 0.065304 0.822350
v 0.212924 0.065149 0.822350
v 0.212799 0.065626 0.822609
v 0.212981 0.065618 0.822453
v 0.213119 0.065610 0.822350
v 0.212350 0.064527 0.827201
v 0.212350 0.064345 0.827412
v 0.212415 0.064508 0.827278
v 0.212522 0.064359 0.827519
v 0.212593 0.064462 0.827464
v 0.212578 0.064283 0.827650
v 0.212787 0.064405 0.827650
v 0.212479 0.064620 0.827241
v 0.212654 0.064574 0.827423
v 0.212926 0.064525 0.827650
v 0.212970 0.065003 0.827538
v 0.212786 0.065048 0.827380
v 0.212742 0.064813 0.827378
v 0.212571 0.064858 0.827203
v 0.213119 0.064969 0.827650
v 0.213098 0.064815 0.827650
v 0.213035 0.064669 0.827650
v 0.212350 0.065014 0.826902
v 0.212350 0.064857 0.826960
v 0.212350 0.064684 0.827066
v 0.212615 0.065094 0.827208
v 0.212477 0.065134 0.827049
v 0.212350 0.065173 0.826881
v 0.212444 0.064269 0.827584
v 0.212350 0.064195 0.827650
v 0.217650 0.064292 0.826961
v 0.217389 0.064340 0.827246
v 0.217650 0.064131 0.827068
v 0.217461 0.064098 0.827306
v 0.217650 0.063990 0.827204
v 0.217581 0.063881 0.827412
v 0.217650 0.063833 0.827414
v 0.217650 0.063710 0.827650
v 0.217214 0.064333 0.827418
v 0.217281 0.064092 0.827484
v 0.217392 0.063874 0.827600
v 0.217205 0.063972 0.827650
v 0.217416 0.063823 0.827650
v 0.217069 0.064107 0.827650
v 0.216962 0.064263 0.827650
v 0.216902 0.064412 0.827650
v 0.216881 0.064566 0.827650
v 0.217513 0.064587 0.827061
v 0.217288 0.064575 0.827308
v 0.217009 0.064567 0.827555
v 0.217650 0.064442 0.826902
v 0.217650 0.064597 0.826881
v 0.217650 0.064230 0.822350
v 0.217419 0.064366 0.822350
v 0.217611 0.064299 0.822471
v 0.217542 0.064390 0.822547
v 0.217650 0.064321 0.822574
v 0.217485 0.064494 0.822615
v 0.217650 0.064446 0.822778
v 0.217440 0.064607 0.822673
v 0.217650 0.064571 0.822921
v 0.217389 0.064846 0.822755
v 0.217650 0.064720 0.823034
v 0.217650 0.064869 0.823097
v 0.217073 0.064687 0.822350
v 0.217260 0.064640 0.822497
v 0.217212 0.064533 0.822350
v 0.217300 0.064527 0.822436
v 0.217352 0.064424 0.822365
v 0.217029 0.064913 0.822424
v 0.216963 0.064858 0.822350
v 0.216903 0.065015 0.822350
v 0.217030 0.065149 0.822462
v 0.217214 0.065116 0.822621
v 0.217385 0.065082 0.822792
v 0.217523 0.065054 0.822951
v 0.217650 0.065025 0.823119
v 0.216881 0.065175 0.822350
v 0.215000 0.056159 0.825000
v 0.215000 0.057150 0.823350
v 0.214713 0.057150 0.823375
v 0.214436 0.057150 0.823450
v 0.214175 0.057150 0.823571
v 0.213939 0.057150 0.823736
v 0.213736 0.057150 0.823939
v 0.213571 0.057150 0.824175
v 0.213450 0.057150 0.824436
v 0.213375 0.057150 0.824714
v 0.213350 0.057150 0.825000
v 0.213375 0.057150 0.825286
v 0.213450 0.057150 0.825564
v 0.213571 0.057150 0.825825
v 0.213736 0.057150 0.826061
v 0.213939 0.057150 0.826264
v 0.214175 0.057150 0.826429
v 0.214436 0.057150 0.826550
v 0.214713 0.057150 0.826625
v 0.215000 0.057150 0.826650
v 0.213119 0.065610 0.822350
v 0.212981 0.065618 0.822453
v 0.212834 0.065650 0.822577
v 0.212799 0.065626 0.822609
v 0.212577 0.065650 0.822834
v 0.212629 0.065632 0.822778
v 0.212350 0.065650 0.823119
v 0.212484 0.065634 0.822943
v 0.212350 0.065633 0.823119
v 0.213119 0.065650 0.822350
v 0.212350 0.065173 0.826881
v 0.212477 0.065134 0.827049
v 0.212577 0.065650 0.827166
v 0.212615 0.065094 0.827208
v 0.212834 0.065650 0.827423
v 0.212786 0.065048 0.827380
v 0.213119 0.065650 0.827650
v 0.212970 0.065003 0.827538
v 0.213119 0.064969 0.827650
v 0.212350 0.065650 0.826881
v 0.216881 0.064566 0.827650
v 0.217009 0.064567 0.827555
v 0.217166 0.065650 0.827423
v 0.217288 0.064575 0.827308
v 0.217423 0.065650 0.827166
v 0.217513 0.064587 0.827061
v 0.217650 0.065650 0.826881
v 0.217650 0.064597 0.826881
v 0.216881 0.065650 0.827650
v 0.217650 0.065025 0.823119
v 0.217523 0.065054 0.822951
v 0.217423 0.065650 0.822834
v 0.217385 0.065082 0.822792
v 0.217166 0.065650 0.822577
v 0.217214 0.065116 0.822621
v 0.216881 0.065650 0.822350
v 0.217030 0.065149 0.822462
v 0.216881 0.065175 0.822350
v 0.217650 0.065650 0.823119
v 0.215000 0.056159 0.825000
v 0.215000 0.057150 0.826650
v 0.215287 0.057150 0.826625
v 0.215564 0.057150 0.826550
v 0.215825 0.057150 0.826429
v 0.216061 0.057150 0.826264
v 0.216264 0.057150 0.826061
v 0.216429 0.057150 0.825825
v 0.216550 0.057150 0.825564
v 0.216625 0.057150 0.825286
v 0.216650 0.057150 0.825000
v 0.216625 0.057150 0.824714
v 0.216550 0.057150 0.824436
v 0.216429 0.057150 0.824175
v 0.216264 0.057150 0.823939
v 0.216061 0.057150 0.823736
v 0.215825 0.057150 0.823571
v 0.215564 0.057150 0.823450
v 0.215287 0.057150 0.823375
v 0.215000 0.057150 0.823350
v 0.214113 0.065650 0.826392
v 0.214321 0.065650 0.826504
v 0.214175 0.057150 0.826429
v 0.214542 0.065650 0.826585
v 0.214436 0.057150 0.826550
v 0.214769 0.065650 0.826634
v 0.214713 0.057150 0.826625
v 0.215000 0.065650 0.826650
v 0.215000 0.057150 0.826650
v 0.213418 0.065650 0.825469
v 0.213501 0.065650 0.825690
v 0.213450 0.057150 0.825564
v 0.213615 0.065650 0.825897
v 0.213571 0.057150 0.825825
v 0.213757 0.065650 0.826085
v 0.213736 0.057150 0.826061
v 0.213924 0.065650 0.826251
v 0.213939 0.057150 0.826264
v 0.213611 0.065650 0.824110
v 0.213498 0.065650 0.824317
v 0.213571 0.057150 0.824175
v 0.213416 0.065650 0.824538
v 0.213450 0.057150 0.824436
v 0.213366 0.065650 0.824769
v 0.213375 0.057150 0.824714
v 0.213350 0.065650 0.825004
v 0.213350 0.057150 0.825000
v 0.213367 0.065650 0.825239
v 0.213375 0.057150 0.825286
v 0.214534 0.065650 0.823417
v 0.214314 0.065650 0.823500
v 0.214436 0.057150 0.823450
v 0.214107 0.065650 0.823613
v 0.214175 0.057150 0.823571
v 0.213918 0.065650 0.823754
v 0.213939 0.057150 0.823736
v 0.213752 0.065650 0.823921
v 0.213736 0.057150 0.823939
v 0.214765 0.065650 0.823367
v 0.214713 0.057150 0.823375
v 0.215000 0.057150 0.823350
v 0.215000 0.065650 0.823350
v 0.213119 0.065650 0.827650
v 0.216881 0.065650 0.827650
v 0.215000 0.065650 0.826650
v 0.217650 0.065650 0.826881
v 0.217166 0.065650 0.827423
v 0.217423 0.065650 0.827166
v 0.212350 0.065650 0.826881
v 0.212577 0.065650 0.827166
v 0.212834 0.065650 0.827423
v 0.216550 0.065650 0.824436
v 0.216625 0.065650 0.824714
v 0.216650 0.065650 0.825000
v 0.216625 0.065650 0.825286
v 0.216550 0.065650 0.825564
v 0.216429 0.065650 0.825825
v 0.216264 0.065650 0.826061
v 0.216061 0.065650 0.826264
v 0.215825 0.065650 0.826429
v 0.215564 0.065650 0.826550
v 0.215287 0.065650 0.826625
v 0.217650 0.065650 0.823119
v 0.217423 0.065650 0.822834
v 0.217166 0.065650 0.822577
v 0.215000 0.065650 0.823350
v 0.215287 0.065650 0.823375
v 0.215564 0.065650 0.823450
v 0.215825 0.065650 0.823571
v 0.216061 0.065650 0.823736
v 0.216264 0.065650 0.823939
v 0.216429 0.065650 0.824175
v 0.216881 0.065650 0.822350
v 0.213119 0.065650 0.822350
v 0.212834 0.065650 0.822577
v 0.212577 0.065650 0.822834
v 0.212350 0.065650 0.823119
v 0.214765 0.065650 0.823367
v 0.214769 0.065650 0.826634
v 0.214542 0.065650 0.826585
v 0.214321 0.065650 0.826504
v 0.214113 0.065650 0.826392
v 0.213924 0.065650 0.826251
v 0.213757 0.065650 0.826085
v 0.213615 0.065650 0.825897
v 0.213501 0.065650 0.825690
v 0.213418 0.065650 0.825469
v 0.213367 0.065650 0.825239
v 0.213350 0.065650 0.825004
v 0.213366 0.065650 0.824769
v 0.213416 0.065650 0.824538
v 0.213498 0.065650 0.824317
v 0.213611 0.065650 0.824110
v 0.213752 0.065650 0.823921
v 0.213918 0.065650 0.823754
v 0.214107 0.065650 0.823613
v 0.214314 0.065650 0.823500
v 0.214534 0.065650 0.823417
v 0.216650 0.057150 0.825000
v 0.216625 0.065650 0.824714
v 0.216625 0.057150 0.824714
v 0.216550 0.065650 0.824436
v 0.216550 0.057150 0.824436
v 0.216429 0.065650 0.824175
v 0.216429 0.057150 0.824175
v 0.216264 0.065650 0.823939
v 0.216264 0.057150 0.823939
v 0.216061 0.065650 0.823736
v 0.216061 0.057150 0.823736
v 0.215825 0.065650 0.823571
v 0.215825 0.057150 0.823571
v 0.215564 0.065650 0.823450
v 0.215564 0.057150 0.823450
v 0.215287 0.065650 0.823375
v 0.215287 0.057150 0.823375
v 0.215000 0.065650 0.823350
v 0.215000 0.057150 0.823350
v 0.216650 0.065650 0.825000
v 0.216625 0.057150 0.825286
v 0.216625 0.065650 0.825286
v 0.216550 0.057150 0.825564
v 0.216550 0.065650 0.825564
v 0.216429 0.057150 0.825825
v 0.216429 0.065650 0.825825
v 0.216264 0.057150 0.826061
v 0.216264 0.065650 0.826061
v 0.216061 0.057150 0.826264
v 0.216061 0.065650 0.826264
v 0.215825 0.057150 0.826429
v 0.215825 0.065650 0.826429
v 0.215564 0.057150 0.826550
v 0.215564 0.065650 0.826550
v 0.215287 0.057150 0.826625
v 0.215287 0.065650 0.826625
v 0.215000 0.057150 0.826650
v 0.215000 0.065650 0.826650
v 0.212350 0.064881 0.822578
v 0.212350 0.064857 0.826960
v 0.212350 0.065028 0.822784
v 0.212350 0.065014 0.826902
v 0.212350 0.065173 0.826881
v 0.212350 0.065650 0.826881
v 0.212350 0.065650 0.823119
v 0.212350 0.065633 0.823119
v 0.212350 0.065477 0.823097
v 0.212350 0.065325 0.823036
v 0.212350 0.065167 0.822925
v 0.212350 0.064765 0.822350
v 0.212350 0.043150 0.822350
v 0.212350 0.043150 0.827650
v 0.212350 0.064195 0.827650
v 0.212350 0.064345 0.827412
v 0.212350 0.064527 0.827201
v 0.212350 0.064684 0.827066
v 0.216963 0.064858 0.822350
v 0.212577 0.064874 0.822350
v 0.216903 0.065015 0.822350
v 0.212783 0.065014 0.822350
v 0.212350 0.064765 0.822350
v 0.217073 0.064687 0.822350
v 0.217212 0.064533 0.822350
v 0.217419 0.064366 0.822350
v 0.217650 0.064230 0.822350
v 0.217650 0.043150 0.822350
v 0.212350 0.043150 0.822350
v 0.216881 0.065175 0.822350
v 0.212924 0.065149 0.822350
v 0.213035 0.065304 0.822350
v 0.213097 0.065455 0.822350
v 0.213119 0.065610 0.822350
v 0.213119 0.065650 0.822350
v 0.216881 0.065650 0.822350
v 0.212787 0.064405 0.827650
v 0.212578 0.064283 0.827650
v 0.216902 0.064412 0.827650
v 0.216962 0.064263 0.827650
v 0.216881 0.064566 0.827650
v 0.216881 0.065650 0.827650
v 0.213119 0.065650 0.827650
v 0.213119 0.064969 0.827650
v 0.213098 0.064815 0.827650
v 0.213035 0.064669 0.827650
v 0.212926 0.064525 0.827650
v 0.212350 0.064195 0.827650
v 0.212350 0.043150 0.827650
v 0.217650 0.043150 0.827650
v 0.217650 0.063710 0.827650
v 0.217416 0.063823 0.827650
v 0.217205 0.063972 0.827650
v 0.217069 0.064107 0.827650
v 0.217650 0.064442 0.826902
v 0.217650 0.064292 0.826961
v 0.217650 0.064446 0.822778
v 0.217650 0.064321 0.822574
v 0.217650 0.064230 0.822350
v 0.217650 0.064131 0.827068
v 0.217650 0.063990 0.827204
v 0.217650 0.063833 0.827414
v 0.217650 0.063710 0.827650
v 0.217650 0.043150 0.827650
v 0.217650 0.043150 0.822350
v 0.217650 0.064597 0.826881
v 0.217650 0.064571 0.822921
v 0.217650 0.064720 0.823034
v 0.217650 0.064869 0.823097
v 0.217650 0.065025 0.823119
v 0.217650 0.065650 0.823119
v 0.217650 0.065650 0.826881
v 0.212350 -0.064526 0.802799
v 0.212350 -0.064345 0.802588
v 0.212415 -0.064508 0.802722
v 0.212522 -0.064359 0.802481
v 0.212593 -0.064462 0.802536
v 0.212578 -0.064282 0.802350
v 0.212787 -0.064405 0.802350
v 0.212479 -0.064620 0.802759
v 0.212654 -0.064574 0.802577
v 0.212926 -0.064525 0.802350
v 0.212970 -0.065003 0.802462
v 0.212786 -0.065048 0.802620
v 0.212742 -0.064812 0.802622
v 0.212571 -0.064858 0.802797
v 0.213119 -0.064969 0.802350
v 0.213098 -0.064815 0.802350
v 0.213035 -0.064668 0.802350
v 0.212350 -0.065014 0.803098
v 0.212350 -0.064857 0.803040
v 0.212350 -0.064683 0.802934
v 0.212615 -0.065094 0.802792
v 0.212477 -0.065133 0.802951
v 0.212350 -0.065173 0.803119
v 0.212444 -0.064269 0.802416
v 0.212350 -0.064195 0.802350
v 0.217650 -0.064291 0.803039
v 0.217389 -0.064339 0.802754
v 0.217650 -0.064131 0.802932
v 0.217461 -0.064098 0.802694
v 0.217650 -0.063990 0.802796
v 0.217581 -0.063881 0.802588
v 0.217650 -0.063833 0.802586
v 0.217650 -0.063710 0.802350
v 0.217214 -0.064333 0.802582
v 0.217281 -0.064091 0.802516
v 0.217392 -0.063874 0.802400
v 0.217205 -0.063971 0.802350
v 0.217416 -0.063823 0.802350
v 0.217069 -0.064107 0.802350
v 0.216962 -0.064263 0.802350
v 0.216902 -0.064412 0.802350
v 0.216881 -0.064566 0.802350
v 0.217513 -0.064586 0.802939
v 0.217288 -0.064574 0.802692
v 0.217009 -0.064567 0.802445
v 0.217650 -0.064442 0.803098
v 0.217650 -0.064597 0.803119
v 0.217650 -0.064229 0.807650
v 0.217419 -0.064366 0.807650
v 0.217611 -0.064299 0.807529
v 0.217542 -0.064390 0.807453
v 0.217650 -0.064321 0.807426
v 0.217485 -0.064494 0.807385
v 0.217650 -0.064446 0.807222
v 0.217440 -0.064607 0.807327
v 0.217650 -0.064571 0.807079
v 0.217389 -0.064846 0.807245
v 0.217650 -0.064720 0.806966
v 0.217650 -0.064869 0.806903
v 0.217073 -0.064687 0.807650
v 0.217260 -0.064640 0.807503
v 0.217212 -0.064533 0.807650
v 0.217300 -0.064527 0.807564
v 0.217352 -0.064424 0.807635
v 0.217029 -0.064913 0.807576
v 0.216963 -0.064858 0.807650
v 0.216903 -0.065015 0.807650
v 0.217030 -0.065149 0.807538
v 0.217214 -0.065116 0.807379
v 0.217385 -0.065082 0.807208
v 0.217523 -0.065053 0.807049
v 0.217650 -0.065025 0.806881
v 0.216881 -0.065175 0.807650
v 0.212350 -0.065633 0.806881
v 0.212484 -0.065634 0.807057
v 0.212350 -0.065477 0.806903
v 0.212629 -0.065632 0.807222
v 0.212606 -0.065394 0.807240
v 0.212776 -0.065389 0.807409
v 0.212536 -0.065153 0.807302
v 0.212709 -0.065148 0.807474
v 0.212597 -0.064930 0.807589
v 0.212783 -0.065014 0.807650
v 0.212577 -0.064874 0.807650
v 0.212350 -0.064765 0.807650
v 0.212350 -0.064881 0.807422
v 0.212417 -0.064935 0.807409
v 0.212350 -0.065028 0.807216
v 0.212350 -0.065166 0.807075
v 0.212350 -0.065325 0.806964
v 0.213097 -0.065454 0.807650
v 0.213035 -0.065304 0.807650
v 0.212924 -0.065148 0.807650
v 0.212799 -0.065626 0.807391
v 0.212981 -0.065618 0.807547
v 0.213119 -0.065610 0.807650
v 0.215000 -0.057659 0.805000
v 0.215000 -0.058650 0.806650
v 0.214713 -0.058650 0.806625
v 0.214436 -0.058650 0.806550
v 0.214175 -0.058650 0.806429
v 0.213939 -0.058650 0.806264
v 0.213736 -0.058650 0.806061
v 0.213571 -0.058650 0.805825
v 0.213450 -0.058650 0.805564
v 0.213375 -0.058650 0.805286
v 0.213350 -0.058650 0.805000
v 0.213375 -0.058650 0.804714
v 0.213450 -0.058650 0.804436
v 0.213571 -0.058650 0.804175
v 0.213736 -0.058650 0.803939
v 0.213939 -0.058650 0.803736
v 0.214175 -0.058650 0.803571
v 0.214436 -0.058650 0.803450
v 0.214713 -0.058650 0.803375
v 0.215000 -0.058650 0.803350
v 0.213119 -0.065610 0.807650
v 0.212981 -0.065618 0.807547
v 0.212834 -0.065650 0.807423
v 0.212799 -0.065626 0.807391
v 0.212577 -0.065650 0.807166
v 0.212629 -0.065632 0.807222
v 0.212350 -0.065650 0.806881
v 0.212484 -0.065634 0.807057
v 0.212350 -0.065633 0.806881
v 0.213119 -0.065650 0.807650
v 0.212350 -0.065014 0.803098
v 0.212350 -0.065028 0.807216
v 0.212350 -0.064857 0.803040
v 0.212350 -0.064881 0.807422
v 0.212350 -0.064765 0.807650
v 0.212350 -0.035649 0.807650
v 0.212350 -0.035649 0.802350
v 0.212350 -0.064195 0.802350
v 0.212350 -0.064345 0.802588
v 0.212350 -0.064526 0.802799
v 0.212350 -0.064683 0.802934
v 0.212350 -0.065173 0.803119
v 0.212350 -0.065650 0.803119
v 0.212350 -0.065650 0.806881
v 0.212350 -0.065633 0.806881
v 0.212350 -0.065477 0.806903
v 0.212350 -0.065325 0.806964
v 0.212350 -0.065166 0.807075
v 0.212350 -0.065173 0.803119
v 0.212477 -0.065133 0.802951
v 0.212577 -0.065650 0.802834
v 0.212615 -0.065094 0.802792
v 0.212834 -0.065650 0.802577
v 0.212786 -0.065048 0.802620
v 0.213119 -0.065650 0.802350
v 0.212970 -0.065003 0.802462
v 0.213119 -0.064969 0.802350
v 0.212350 -0.065650 0.803119
v 0.216902 -0.064412 0.802350
v 0.212787 -0.064405 0.802350
v 0.216962 -0.064263 0.802350
v 0.212578 -0.064282 0.802350
v 0.212350 -0.064195 0.802350
v 0.212350 -0.035649 0.802350
v 0.217650 -0.035649 0.802350
v 0.217650 -0.063710 0.802350
v 0.217416 -0.063823 0.802350
v 0.217205 -0.063971 0.802350
v 0.217069 -0.064107 0.802350
v 0.216881 -0.064566 0.802350
v 0.216881 -0.065650 0.802350
v 0.213119 -0.065650 0.802350
v 0.213119 -0.064969 0.802350
v 0.213098 -0.064815 0.802350
v 0.213035 -0.064668 0.802350
v 0.212926 -0.064525 0.802350
v 0.216881 -0.064566 0.802350
v 0.217009 -0.064567 0.802445
v 0.217166 -0.065650 0.802577
v 0.217288 -0.064574 0.802692
v 0.217423 -0.065650 0.802834
v 0.217513 -0.064586 0.802939
v 0.217650 -0.065650 0.803119
v 0.217650 -0.064597 0.803119
v 0.216881 -0.065650 0.802350
v 0.217650 -0.064321 0.807426
v 0.217650 -0.064446 0.807222
v 0.217650 -0.064291 0.803039
v 0.217650 -0.064442 0.803098
v 0.217650 -0.064597 0.803119
v 0.217650 -0.064571 0.807079
v 0.217650 -0.064720 0.806966
v 0.217650 -0.064869 0.806903
v 0.217650 -0.065025 0.806881
v 0.217650 -0.065650 0.806881
v 0.217650 -0.065650 0.803119
v 0.217650 -0.064229 0.807650
v 0.217650 -0.064131 0.802932
v 0.217650 -0.063990 0.802796
v 0.217650 -0.063833 0.802586
v 0.217650 -0.063710 0.802350
v 0.217650 -0.035649 0.802350
v 0.217650 -0.035649 0.807650
v 0.217650 -0.065025 0.806881
v 0.217523 -0.065053 0.807049
v 0.217423 -0.065650 0.807166
v 0.217385 -0.065082 0.807208
v 0.217166 -0.065650 0.807423
v 0.217214 -0.065116 0.807379
v 0.216881 -0.065650 0.807650
v 0.217030 -0.065149 0.807538
v 0.216881 -0.065175 0.807650
v 0.217650 -0.065650 0.806881
v 0.212577 -0.064874 0.807650
v 0.212783 -0.065014 0.807650
v 0.216963 -0.064858 0.807650
v 0.216903 -0.065015 0.807650
v 0.216881 -0.065175 0.807650
v 0.212924 -0.065148 0.807650
v 0.213035 -0.065304 0.807650
v 0.213097 -0.065454 0.807650
v 0.213119 -0.065610 0.807650
v 0.213119 -0.065650 0.807650
v 0.216881 -0.065650 0.807650
v 0.212350 -0.064765 0.807650
v 0.217073 -0.064687 0.807650
v 0.217212 -0.064533 0.807650
v 0.217419 -0.064366 0.807650
v 0.217650 -0.064229 0.807650
v 0.217650 -0.035649 0.807650
v 0.212350 -0.035649 0.807650
v 0.215000 -0.057659 0.805000
v 0.215000 -0.058650 0.803350
v 0.215287 -0.058650 0.803375
v 0.215564 -0.058650 0.803450
v 0.215825 -0.058650 0.803571
v 0.216061 -0.058650 0.803736
v 0.216264 -0.058650 0.803939
v 0.216429 -0.058650 0.804175
v 0.216550 -0.058650 0.804436
v 0.216625 -0.058650 0.804714
v 0.216650 -0.058650 0.805000
v 0.216625 -0.058650 0.805286
v 0.216550 -0.058650 0.805564
v 0.216429 -0.058650 0.805825
v 0.216264 -0.058650 0.806061
v 0.216061 -0.058650 0.806264
v 0.215825 -0.058650 0.806429
v 0.215564 -0.058650 0.806550
v 0.215287 -0.058650 0.806625
v 0.215000 -0.058650 0.806650
v 0.213350 -0.058650 0.805000
v 0.213375 -0.065650 0.804714
v 0.213375 -0.058650 0.804714
v 0.213450 -0.065650 0.804436
v 0.213450 -0.058650 0.804436
v 0.213571 -0.065650 0.804175
v 0.213571 -0.058650 0.804175
v 0.213736 -0.065650 0.803939
v 0.213736 -0.058650 0.803939
v 0.213939 -0.065650 0.803736
v 0.213939 -0.058650 0.803736
v 0.214175 -0.065650 0.803571
v 0.214175 -0.058650 0.803571
v 0.214436 -0.065650 0.803450
v 0.214436 -0.058650 0.803450
v 0.214713 -0.065650 0.803375
v 0.214713 -0.058650 0.803375
v 0.215000 -0.065650 0.803350
v 0.215000 -0.058650 0.803350
v 0.213350 -0.065650 0.805000
v 0.213375 -0.058650 0.805286
v 0.213375 -0.065650 0.805286
v 0.213450 -0.058650 0.805564
v 0.213450 -0.065650 0.805564
v 0.213571 -0.058650 0.805825
v 0.213571 -0.065650 0.805825
v 0.213736 -0.058650 0.806061
v 0.213736 -0.065650 0.806061
v 0.213939 -0.058650 0.806264
v 0.213939 -0.065650 0.806264
v 0.214175 -0.058650 0.806429
v 0.214175 -0.065650 0.806429
v 0.214436 -0.058650 0.806550
v 0.214436 -0.065650 0.806550
v 0.214713 -0.058650 0.806625
v 0.214713 -0.065650 0.806625
v 0.215000 -0.058650 0.806650
v 0.215000 -0.065650 0.806650
v 0.213119 -0.065650 0.802350
v 0.216881 -0.065650 0.802350
v 0.215000 -0.065650 0.803350
v 0.217650 -0.065650 0.803119
v 0.217166 -0.065650 0.802577
v 0.217423 -0.065650 0.802834
v 0.217166 -0.065650 0.807423
v 0.216881 -0.065650 0.807650
v 0.215000 -0.065650 0.806650
v 0.213119 -0.065650 0.807650
v 0.212834 -0.065650 0.807423
v 0.212350 -0.065650 0.803119
v 0.212577 -0.065650 0.802834
v 0.212834 -0.065650 0.802577
v 0.216499 -0.065650 0.805690
v 0.216582 -0.065650 0.805469
v 0.216633 -0.065650 0.805239
v 0.216650 -0.065650 0.805004
v 0.216634 -0.065650 0.804769
v 0.216584 -0.065650 0.804538
v 0.216502 -0.065650 0.804317
v 0.216389 -0.065650 0.804110
v 0.216248 -0.065650 0.803921
v 0.216082 -0.065650 0.803754
v 0.215893 -0.065650 0.803613
v 0.215686 -0.065650 0.803500
v 0.215466 -0.065650 0.803417
v 0.215235 -0.065650 0.803367
v 0.217650 -0.065650 0.806881
v 0.217423 -0.065650 0.807166
v 0.215231 -0.065650 0.806634
v 0.215458 -0.065650 0.806585
v 0.215679 -0.065650 0.806504
v 0.215887 -0.065650 0.806392
v 0.216076 -0.065650 0.806251
v 0.216243 -0.065650 0.806085
v 0.216385 -0.065650 0.805897
v 0.214713 -0.065650 0.803375
v 0.214436 -0.065650 0.803450
v 0.214175 -0.065650 0.803571
v 0.213939 -0.065650 0.803736
v 0.213736 -0.065650 0.803939
v 0.213571 -0.065650 0.804175
v 0.213450 -0.065650 0.804436
v 0.213375 -0.065650 0.804714
v 0.213350 -0.065650 0.805000
v 0.213375 -0.065650 0.805286
v 0.213450 -0.065650 0.805564
v 0.212350 -0.065650 0.806881
v 0.213571 -0.065650 0.805825
v 0.213736 -0.065650 0.806061
v 0.213939 -0.065650 0.806264
v 0.214175 -0.065650 0.806429
v 0.214436 -0.065650 0.806550
v 0.214713 -0.065650 0.806625
v 0.212577 -0.065650 0.807166
v 0.215887 -0.065650 0.806392
v 0.215679 -0.065650 0.806504
v 0.215825 -0.058650 0.806429
v 0.215458 -0.065650 0.806585
v 0.215564 -0.058650 0.806550
v 0.215231 -0.065650 0.806634
v 0.215287 -0.058650 0.806625
v 0.215000 -0.065650 0.806650
v 0.215000 -0.058650 0.806650
v 0.216582 -0.065650 0.805469
v 0.216499 -0.065650 0.805690
v 0.216550 -0.058650 0.805564
v 0.216385 -0.065650 0.805897
v 0.216429 -0.058650 0.805825
v 0.216243 -0.065650 0.806085
v 0.216264 -0.058650 0.806061
v 0.216076 -0.065650 0.806251
v 0.216061 -0.058650 0.806264
v 0.216389 -0.065650 0.804110
v 0.216502 -0.065650 0.804317
v 0.216429 -0.058650 0.804175
v 0.216584 -0.065650 0.804538
v 0.216550 -0.058650 0.804436
v 0.216634 -0.065650 0.804769
v 0.216625 -0.058650 0.804714
v 0.216650 -0.065650 0.805004
v 0.216650 -0.058650 0.805000
v 0.216633 -0.065650 0.805239
v 0.216625 -0.058650 0.805286
v 0.215466 -0.065650 0.803417
v 0.215686 -0.065650 0.803500
v 0.215564 -0.058650 0.803450
v 0.215893 -0.065650 0.803613
v 0.215825 -0.058650 0.803571
v 0.216082 -0.065650 0.803754
v 0.216061 -0.058650 0.803736
v 0.216248 -0.065650 0.803921
v 0.216264 -0.058650 0.803939
v 0.215235 -0.065650 0.803367
v 0.215287 -0.058650 0.803375
v 0.215000 -0.058650 0.803350
v 0.215000 -0.065650 0.803350
v 0.217650 -0.035649 0.802350
v 0.212350 -0.035649 0.802350
v 0.217650 -0.035649 0.807650
v 0.212350 -0.035649 0.807650
v 0.217650 0.035650 0.802350
v 0.212350 0.035650 0.802350
v 0.217650 0.042850 0.802350
v 0.212350 0.042850 0.802350
v 0.212350 0.042850 0.802350
v 0.212350 0.035650 0.802350
v 0.212350 0.042850 0.807650
v 0.212350 0.035650 0.807650
v 0.212350 0.035650 0.807650
v 0.217650 0.035650 0.807650
v 0.212350 0.042850 0.807650
v 0.217650 0.042850 0.807650
v 0.217650 0.042850 0.807650
v 0.217650 0.035650 0.807650
v 0.217650 0.042850 0.802350
v 0.217650 0.035650 0.802350
v 0.217650 0.042850 0.807650
v 0.217650 0.042850 0.802350
v 0.212350 0.042850 0.807650
v 0.212350 0.042850 0.802350
v 0.212350 0.035650 0.802350
v 0.217650 0.035650 0.802350
v 0.212350 0.035650 0.807650
v 0.217650 0.035650 0.807650
f -485 -486 -487
f -487 -486 -488
f -487 -488 -489
f -489 -488 -490
f -489 -490 -491
f -491 -490 -492
f -491 -492 -493
f -493 -492 -494
f -493 -494 -495
f -495 -494 -496
f -495 -496 -497
f -497 -496 -498
f -497 -498 -499
f -499 -498 -500
f -499 -500 -501
f -501 -500 -502
f -501 -502 -521
f -521 -502 -520
f -521 -520 -519
f -519 -520 -518
f -519 -518 -517
f -517 -518 -516
f -517 -516 -515
f -515 -516 -514
f -515 -514 -513
f -513 -514 -512
f -513 -512 -511
f -511 -512 -510
f -511 -510 -509
f -509 -510 -508
f -509 -508 -507
f -507 -508 -506
f -507 -506 -505
f -505 -506 -504
f -505 -504 -503
f -9219 -9217 -9216
f -9216 -9217 -9215
f -9216 -9215 -9214
f -9214 -9215 -9213
f -9214 -9213 -9212
f -9212 -9213 -9211
f -9212 -9211 -9210
f -9176 -9175 -9178
f -9178 -9175 -9174
f -9178 -9174 -9173
f -9182 -9181 -9184
f -9184 -9181 -9180
f -9184 -9180 -9179
f -8262 -8263 -8276
f -8276 -8263 -8274
f -8276 -8274 -8275
f -8275 -8274 -8273
f -8261 -8262 -8278
f -8278 -8262 -8276
f -8278 -8276 -8277
f -8277 -8276 -8275
f -8270 -8265 -8268
f -8268 -8265 -8266
f -8268 -8266 -8267
f -8270 -8272 -8265
f -8265 -8272 -8274
f -8265 -8274 -8264
f -8264 -8274 -8263
f -8254 -8271 -8269
f -8269 -8271 -8270
f -8269 -8270 -8268
f -8012 -8040 -8013
f -8013 -8040 -8011
f -8013 -8011 -8010
f -8030 -8031 -8032
f -8032 -8031 -8033
f -8032 -8033 -8034
f -8034 -8033 -8036
f -8034 -8036 -8035
f -8035 -8036 -8037
f -8009 -8008 -8013
f -8013 -8008 -8007
f -8013 -8007 -8006
f -10488 -10487 -10489
f -10489 -10487 -10480
f -10489 -10480 -10481
f -10481 -10480 -10482
f -10481 -10482 -10479
f -10499 -10502 -10500
f -10500 -10502 -10501
f -10500 -10501 -10497
f -10517 -10516 -10518
f -10518 -10516 -10513
f -10518 -10513 -10512
f -10512 -10513 -10530
f -10512 -10530 -10528
f -10528 -10530 -10531
f -10528 -10531 -10527
f -10507 -10519 -10511
f -10511 -10519 -10520
f -10511 -10520 -10510
f -10509 -10508 -10524
f -10524 -10508 -10526
f -10524 -10526 -10525
f -10525 -10526 -10527
f -10514 -10515 -10523
f -10523 -10515 -10522
f -10523 -10522 -10521
f -10521 -10522 -10520
f -10521 -10520 -10519
f -10525 -10506 -10524
f -10524 -10506 -10505
f -10524 -10505 -10504
f -10511 -10510 -10524
f -10524 -10510 -10509
f -10550 -10549 -10552
f -10552 -10549 -10548
f -10552 -10548 -10547
f -9783 -9784 -9785
f -9785 -9784 -9786
f -9785 -9786 -9787
f -9787 -9786 -9788
f -9787 -9788 -9789
f -9789 -9788 -9790
f -9789 -9790 -9791
f -9791 -9790 -9792
f -9791 -9792 -9793
f -9793 -9792 -9794
f -9793 -9794 -9795
f -9795 -9794 -9796
f -9795 -9796 -9798
f -9798 -9796 -9797
f -9798 -9797 -9799
f -9779 -9782 -9780
f -9780 -9782 -9781
f -9780 -9781 -9777
f -11072 -11073 -11074
f -11074 -11073 -11075
f -11074 -11075 -11076
f -11076 -11075 -11077
f -11076 -11077 -11078
f -11078 -11077 -11079
f -11078 -11079 -11080
f -11361 -11360 -11362
f -11362 -11360 -11333
f -11362 -11333 -11332
f -11336 -11353 -11359
f -11359 -11353 -11335
f -11359 -11335 -11334
f -11334 -11357 -11359
f -11359 -11357 -11358
f -11359 -11358 -11360
f -11464 -11457 -11433
f -11433 -11457 -11432
f -11433 -11432 -11478
f -11478 -11432 -11459
f -11478 -11459 -11460
f -11460 -11459 -11458
f -11460 -11458 -11461
f -11461 -11458 -11455
f -11461 -11455 -11463
f -11463 -11455 -11456
f -11464 -11433 -11466
f -11466 -11433 -11478
f -11466 -11478 -11467
f -11467 -11478 -11468
f -11467 -11468 -11465
f -11465 -11468 -11470
f -11421 -11481 -11479
f -11479 -11481 -11480
f -11479 -11480 -11478
f -11478 -11480 -11469
f -11478 -11469 -11468
f -11468 -11469 -11470
f -11473 -11474 -11478
f -11478 -11474 -11476
f -11478 -11476 -11477
f -11477 -11476 -11475
f -11477 -11475 -11421
f -11463 -11462 -11461
f -11461 -11462 -11478
f -11461 -11478 -11460
f -11491 -11490 -11492
f -11492 -11490 -11484
f -11492 -11484 -11483
f -10616 -10615 -10614
f -10614 -10615 -10613
f -10614 -10613 -10612
f -10612 -10613 -10611
f -10612 -10611 -10610
f -10562 -10566 -10589
f -10589 -10566 -10587
f -10589 -10587 -10588
f -10588 -10587 -10586
f -10581 -10582 -10596
f -10596 -10582 -10595
f -10596 -10595 -10594
f -10594 -10595 -10593
f -10594 -10593 -10592
f -10592 -10593 -10591
f -10592 -10591 -10590
f -10590 -10591 -10589
f -10590 -10589 -10588
f -10584 -10574 -10586
f -10586 -10574 -10573
f -10586 -10573 -10572
f -10554 -10553 -10555
f -10555 -10553 -10556
f -10555 -10556 -10558
f -10558 -10556 -10557
f -10558 -10557 -10559
f -10988 -10991 -10989
f -10989 -10991 -10990
f -10989 -10990 -10986
f -10983 -10985 -10984
f -10984 -10985 -10982
f -10965 -10981 -10967
f -10967 -10981 -10979
f -11022 -11023 -11024
f -11024 -11023 -11025
f -11024 -11025 -11026
f -11026 -11025 -11027
f -11026 -11027 -11016
f -11029 -11028 -11030
f -11030 -11028 -11025
f -11030 -11025 -11021
f -11021 -11025 -11023
f -11014 -11015 -11033
f -11033 -11015 -11031
f -11033 -11031 -11032
f -11032 -11031 -11030
f -11032 -11030 -11020
f -11020 -11030 -11021
f -11020 -11019 -11032
f -11032 -11019 -11018
f -11032 -11018 -11034
f -10860 -10859 -10861
f -10861 -10859 -10858
f -10861 -10858 -10857
f -10865 -10866 -10875
f -10875 -10866 -10874
f -10875 -10874 -10876
f -10873 -10872 -10871
f -10871 -10872 -10877
f -10871 -10877 -10878
f -10878 -10877 -10876
f -10894 -10893 -10896
f -10896 -10893 -10898
f -10896 -10898 -10897
f -10897 -10898 -10899
f -10897 -10899 -10892
f -10901 -10899 -10900
f -10900 -10899 -10898
f -10900 -10898 -10893
f -10892 -10891 -10897
f -10897 -10891 -10890
f -10897 -10890 -10889
f -12994 -12993 -12992
f -12992 -12993 -12991
f -12992 -12991 -12990
f -12990 -12991 -12989
f -12990 -12989 -12988
f -12988 -12989 -12987
f -12988 -12987 -12986
f -12874 -12875 -12872
f -12872 -12875 -12873
f -12872 -12873 -12871
f -12881 -12880 -12882
f -12882 -12880 -12867
f -12882 -12867 -12868
f -12964 -12963 -12962
f -12962 -12963 -12961
f -12962 -12961 -12960
f -12960 -12961 -12959
f -12960 -12959 -12958
f -12958 -12959 -12957
f -12958 -12957 -12956
f -12974 -12973 -12972
f -12972 -12973 -12971
f -12972 -12971 -12970
f -12970 -12971 -12969
f -12970 -12969 -12968
f -12968 -12969 -12967
f -12968 -12967 -12966
f -12984 -12983 -12982
f -12982 -12983 -12981
f -12982 -12981 -12980
f -12980 -12981 -12979
f -12980 -12979 -12978
f -12978 -12979 -12977
f -12978 -12977 -12976
f -13348 -13347 -13346
f -13346 -13347 -13345
f -13346 -13345 -13344
f -13344 -13345 -13343
f -13344 -13343 -13342
f -13342 -13343 -13341
f -13342 -13341 -13340
f -13358 -13357 -13356
f -13356 -13357 -13355
f -13356 -13355 -13354
f -13354 -13355 -13353
f -13354 -13353 -13352
f -13352 -13353 -13351
f -13352 -13351 -13350
f -13368 -13367 -13366
f -13366 -13367 -13365
f -13366 -13365 -13364
f -13364 -13365 -13363
f -13364 -13363 -13362
f -13362 -13363 -13361
f -13362 -13361 -13360
f -13258 -13259 -13256
f -13256 -13259 -13257
f -13256 -13257 -13255
f -13265 -13264 -13266
f -13266 -13264 -13251
f -13266 -13251 -13252
f -13386 -13387 -13384
f -13384 -13387 -13385
f -13384 -13385 -13383
f -13378 -13377 -13376
f -13376 -13377 -13375
f -13376 -13375 -13374
f -13374 -13375 -13373
f -13374 -13373 -13372
f -13372 -13373 -13371
f -13372 -13371 -13370
f -13496 -13495 -13494
f -13494 -13495 -13493
f -13494 -13493 -13492
f -13492 -13493 -13491
f -13492 -13491 -13490
f -13490 -13491 -13489
f -13490 -13489 -13488
f -13506 -13505 -13504
f -13504 -13505 -13503
f -13504 -13503 -13502
f -13502 -13503 -13501
f -13502 -13501 -13500
f -13500 -13501 -13499
f -13500 -13499 -13498
f -6859 -6858 -6857
f -6857 -6858 -6856
f -6857 -6856 -6855
f -6855 -6856 -6854
f -6855 -6854 -6853
f -6853 -6854 -6852
f -6853 -6852 -6851
f -6851 -6852 -6850
f -6851 -6850 -6849
f -6849 -6850 -6848
f -6849 -6848 -6847
f -6847 -6848 -6846
f -6847 -6846 -6845
f -6845 -6846 -6844
f -6845 -6844 -6843
f -6843 -6844 -6842
f -6843 -6842 -6841
f -6841 -6842 -6840
f -6841 -6840 -6839
f -6839 -6840 -6838
f -6839 -6838 -6837
f -6837 -6838 -6836
f -6837 -6836 -6835
f -6835 -6836 -6834
f -6835 -6834 -6833
f -6833 -6834 -6832
f -6833 -6832 -6831
f -6831 -6832 -6830
f -6831 -6830 -6829
f -6829 -6830 -6828
f -8962 -8963 -8964
f -8964 -8963 -8965
f -8964 -8965 -8966
f -8972 -8973 -8974
f -8974 -8973 -8975
f -8974 -8975 -8976
f -8976 -8975 -8977
f -8976 -8977 -8978
f -8978 -8977 -8979
f -8978 -8979 -8980
f -8980 -8979 -8981
f -9163 -9164 -9165
f -9165 -9164 -9166
f -8254 -8269 -8255
f -8255 -8269 -8256
f -8255 -8256 -8257
f -8257 -8256 -8258
f -8257 -8258 -8259
f -8259 -8258 -8260
f -8259 -8260 -8252
f -8252 -8260 -8253
f -8037 -8038 -8039
f -8039 -8038 -8040
f -8039 -8040 -8012
f -10493 -10491 -10492
f -10492 -10491 -10490
f -10492 -10490 -10479
f -10479 -10490 -10481
f -10515 -10516 -10522
f -10522 -10516 -10517
f -10237 -10238 -10239
f -10239 -10238 -10240
f -10231 -10232 -10233
f -10233 -10232 -10234
f -10233 -10234 -10235
f -10235 -10234 -10236
f -10200 -10201 -10202
f -10202 -10201 -10203
f -10192 -10193 -10194
f -10194 -10193 -10195
f -10221 -10222 -10223
f -10223 -10222 -10224
f -10223 -10224 -10225
f -10225 -10224 -10226
f -10227 -10228 -10229
f -10229 -10228 -10230
f -10215 -10214 -10213
f -10213 -10214 -10212
f -10213 -10212 -10211
f -10211 -10212 -10210
f -10211 -10210 -10209
f -10209 -10210 -10208
f -10209 -10208 -10207
f -10207 -10208 -10206
f -10207 -10206 -10205
f -10205 -10206 -10204
f -9729 -9728 -9727
f -9727 -9728 -9726
f -9727 -9726 -9725
f -9725 -9726 -9724
f -9748 -9749 -9750
f -9750 -9749 -9751
f -9750 -9751 -9752
f -9752 -9751 -9753
f -9752 -9753 -9754
f -9754 -9753 -9755
f -9754 -9755 -9756
f -9756 -9755 -9757
f -9756 -9757 -9758
f -9758 -9757 -9759
f -9747 -9746 -9745
f -9745 -9746 -9744
f -9745 -9744 -9743
f -9743 -9744 -9742
f -9760 -9761 -9762
f -9762 -9761 -9763
f -9762 -9763 -9764
f -9764 -9763 -9765
f -9764 -9765 -9766
f -9766 -9765 -9767
f -9766 -9767 -9768
f -9768 -9767 -9769
f -9768 -9769 -9770
f -9770 -9769 -9771
f -9772 -9773 -9774
f -9774 -9773 -9775
f -11068 -11072 -11069
f -11069 -11072 -11074
f -11061 -11067 -11065
f -11065 -11067 -11066
f -11065 -11066 -11064
f -11476 -11474 -11475
f -11475 -11474 -11473
f -11469 -11480 -11470
f -11470 -11480 -11471
f -11471 -11480 -11472
f -11472 -11480 -11481
f -11478 -11477 -11479
f -11479 -11477 -11421
f -11464 -11466 -11465
f -11465 -11466 -11467
f -11458 -11459 -11457
f -11457 -11459 -11432
f -11454 -11462 -11431
f -11431 -11462 -11463
f -11500 -11490 -11489
f -11489 -11490 -11491
f -10583 -10584 -10585
f -10585 -10584 -10586
f -10585 -10586 -10587
f -10558 -10559 -10560
f -10560 -10559 -10561
f -10975 -10977 -10976
f -10976 -10977 -10978
f -10981 -10980 -10979
f -10979 -10980 -10978
f -10979 -10978 -10977
f -11062 -11063 -11064
f -11064 -11063 -11065
f -10855 -10856 -10861
f -10861 -10856 -10860
f -10851 -10852 -10853
f -10853 -10852 -10854
f -10900 -10902 -10901
f -10901 -10902 -10903
f -10902 -10904 -10903
f -10903 -10904 -10887
f -12910 -12909 -12908
f -12908 -12909 -12907
f -12908 -12907 -12906
f -12906 -12907 -12905
f -12906 -12905 -12904
f -12904 -12905 -12903
f -12904 -12903 -12918
f -12918 -12903 -12917
f -12918 -12917 -12916
f -12916 -12917 -12915
f -12916 -12915 -12914
f -12914 -12915 -12913
f -12914 -12913 -12912
f -12912 -12913 -12911
f -12912 -12911 -12910
f -12910 -12911 -12909
f -12919 -12920 -12921
f -12921 -12920 -12922
f -12921 -12922 -12923
f -12923 -12922 -12924
f -12923 -12924 -12925
f -12925 -12924 -12926
f -12925 -12926 -12927
f -12927 -12926 -12928
f -12893 -12894 -12895
f -12895 -12894 -12896
f -12895 -12896 -12897
f -12897 -12896 -12898
f -12897 -12898 -12899
f -12899 -12898 -12900
f -12899 -12900 -12901
f -12901 -12900 -12902
f -12883 -12884 -12885
f -12885 -12884 -12886
f -12885 -12886 -12887
f -12887 -12886 -12888
f -12887 -12888 -12889
f -12889 -12888 -12890
f -12889 -12890 -12891
f -12891 -12890 -12892
f -12880 -12879 -12878
f -12878 -12879 -12877
f -12878 -12877 -12876
f -12876 -12877 -12875
f -12876 -12875 -12874
f -12882 -12868 -12869
f -12869 -12868 -12870
f -12869 -12870 -12871
f -12871 -12870 -12872
f -12929 -12930 -12931
f -12931 -12930 -12932
f -12931 -12932 -12933
f -12933 -12932 -12934
f -12933 -12934 -12935
f -12935 -12934 -12936
f -12935 -12936 -12937
f -12937 -12936 -12938
f -12948 -12947 -12946
f -12946 -12947 -12945
f -12946 -12945 -12944
f -12944 -12945 -12943
f -12944 -12943 -12942
f -12942 -12943 -12941
f -12942 -12941 -12940
f -12940 -12941 -12939
f -12940 -12939 -12954
f -12954 -12939 -12953
f -12954 -12953 -12952
f -12952 -12953 -12951
f -12952 -12951 -12950
f -12950 -12951 -12949
f -12950 -12949 -12948
f -12948 -12949 -12947
f -13313 -13314 -13315
f -13315 -13314 -13316
f -13315 -13316 -13317
f -13317 -13316 -13318
f -13317 -13318 -13319
f -13319 -13318 -13320
f -13319 -13320 -13321
f -13321 -13320 -13322
f -13303 -13304 -13305
f -13305 -13304 -13306
f -13305 -13306 -13307
f -13307 -13306 -13308
f -13307 -13308 -13309
f -13309 -13308 -13310
f -13309 -13310 -13311
f -13311 -13310 -13312
f -13332 -13331 -13330
f -13330 -13331 -13329
f -13330 -13329 -13328
f -13328 -13329 -13327
f -13328 -13327 -13326
f -13326 -13327 -13325
f -13326 -13325 -13324
f -13324 -13325 -13323
f -13324 -13323 -13338
f -13338 -13323 -13337
f -13338 -13337 -13336
f -13336 -13337 -13335
f -13336 -13335 -13334
f -13334 -13335 -13333
f -13334 -13333 -13332
f -13332 -13333 -13331
f -13276 -13275 -13274
f -13274 -13275 -13273
f -13274 -13273 -13272
f -13272 -13273 -13271
f -13272 -13271 -13270
f -13270 -13271 -13269
f -13270 -13269 -13268
f -13268 -13269 -13267
f -13264 -13263 -13262
f -13262 -13263 -13261
f -13262 -13261 -13260
f -13260 -13261 -13259
f -13260 -13259 -13258
f -13266 -13252 -13253
f -13253 -13252 -13254
f -13253 -13254 -13255
f -13255 -13254 -13256
f -13294 -13293 -13292
f -13292 -13293 -13291
f -13292 -13291 -13290
f -13290 -13291 -13289
f -13290 -13289 -13288
f -13288 -13289 -13287
f -13288 -13287 -13302
f -13302 -13287 -13301
f -13302 -13301 -13300
f -13300 -13301 -13299
f -13300 -13299 -13298
f -13298 -13299 -13297
f -13298 -13297 -13296
f -13296 -13297 -13295
f -13296 -13295 -13294
f -13294 -13295 -13293
f -13277 -13278 -13279
f -13279 -13278 -13280
f -13279 -13280 -13281
f -13281 -13280 -13282
f -13281 -13282 -13283
f -13283 -13282 -13284
f -13283 -13284 -13285
f -13285 -13284 -13286
f -13426 -13425 -13424
f -13424 -13425 -13423
f -13424 -13423 -13422
f -13422 -13423 -13421
f -13422 -13421 -13420
f -13420 -13421 -13419
f -13420 -13419 -13418
f -13418 -13419 -13417
f -13431 -13432 -13433
f -13433 -13432 -13434
f -13433 -13434 -13435
f -13435 -13434 -13436
f -13435 -13436 -13437
f -13437 -13436 -13438
f -13437 -13438 -13439
f -13439 -13438 -13440
f -13405 -13406 -13407
f -13407 -13406 -13408
f -13407 -13408 -13409
f -13409 -13408 -13410
f -13409 -13410 -13411
f -13411 -13410 -13412
f -13411 -13412 -13413
f -13413 -13412 -13414
f -13390 -13389 -13388
f -13388 -13389 -13387
f -13388 -13387 -13386
f -13466 -13465 -13464
f -13464 -13465 -13463
f -13464 -13463 -13462
f -13462 -13463 -13461
f -13462 -13461 -13460
f -13460 -13461 -13459
f -13460 -13459 -13458
f -13458 -13459 -13457
f -10219 -10218 -10217
f -10217 -10218 -10216
f -9217 -9219 -9218
f -9176 -9178 -9177
f -8264 -8266 -8265
f -8009 -8013 -8010
f -10498 -10502 -10499
f -10503 -10524 -10504
f -10529 -10531 -10530
f -10550 -10552 -10551
f -9778 -9782 -9779
f -10609 -10615 -10616
f -10595 -10582 -10565
f -10987 -10991 -10988
f -11027 -11025 -11028
f -10868 -10866 -10865
f -10888 -10899 -10901
f -12985 -12993 -12994
f -12955 -12963 -12964
f -12965 -12973 -12974
f -12975 -12983 -12984
f -13339 -13347 -13348
f -13349 -13357 -13358
f -13359 -13367 -13368
f -13369 -13377 -13378
f -13487 -13495 -13496
f -13497 -13505 -13506
f -8277 -8279 -8278
f -8267 -8269 -8268
f -8273 -8274 -8272
f -8036 -8038 -8037
f -8005 -8013 -8006
f -10526 -10528 -10527
f -10224 -10220 -10226
f -9776 -9780 -9777
f -11360 -11361 -11359
f -10580 -10582 -10581
f -11030 -11031 -11029
f -11032 -11034 -11033
f -11018 -11019 -11017
f -11063 -11060 -11065
f -10876 -10877 -10875
f -10896 -10895 -10894
f -12880 -12881 -12879
f -13264 -13265 -13263
f -13390 -13391 -13389
f -13382 -13384 -13383
f -9170 -9172 -9171
f -10862 -10864 -10863
f -9218 -9219 -9220
f -9220 -9219 -9221
f -9220 -9221 -9222
f -9222 -9221 -9223
f -9222 -9223 -9224
f -9224 -9223 -9225
f -9224 -9225 -9226
f -9226 -9225 -9227
f -9226 -9227 -9228
f -9228 -9227 -9229
f -9228 -9229 -9184
f -9184 -9229 -9183
f -9184 -9183 -9182
f -9203 -9201 -9202
f -9202 -9201 -9200
f -9202 -9200 -9199
f -9199 -9200 -9198
f -9199 -9198 -9197
f -9197 -9198 -9196
f -9197 -9196 -9195
f -9195 -9196 -9194
f -9195 -9194 -9193
f -9193 -9194 -9192
f -9193 -9192 -9191
f -9191 -9192 -9190
f -9191 -9190 -9189
f -9189 -9190 -9188
f -9189 -9188 -9187
f -9187 -9188 -9186
f -9187 -9186 -9185
f -7987 -7986 -7989
f -7989 -7986 -7985
f -7989 -7985 -8014
f -8026 -8024 -8025
f -8025 -8024 -8023
f -8025 -8023 -7989
f -7989 -8023 -7988
f -7989 -7988 -7987
f -8018 -8017 -8022
f -8022 -8017 -8016
f -8022 -8016 -8015
f -8021 -8020 -8022
f -8022 -8020 -8019
f -8022 -8019 -8018
f -8222 -8231 -8240
f -8240 -8231 -8237
f -8240 -8237 -8235
f -8235 -8237 -8236
f -8235 -8236 -8234
f -8234 -8233 -8235
f -8235 -8233 -8238
f -8235 -8238 -8240
f -8240 -8238 -8239
f -8240 -8239 -8241
f -8222 -8240 -8242
f -8242 -8240 -8241
f -8242 -8241 -8243
f -8243 -8244 -8242
f -8242 -8244 -8221
f -8242 -8221 -8222
f -8221 -8244 -8246
f -8246 -8244 -8245
f -8246 -8245 -8247
f -8247 -8245 -8220
f -8247 -8220 -8230
f -10495 -10494 -10496
f -10496 -10494 -10477
f -10496 -10477 -10478
f -10544 -10543 -10546
f -10546 -10543 -10542
f -10546 -10542 -10541
f -9892 -9882 -9890
f -9890 -9882 -9881
f -9890 -9881 -9880
f -9877 -9876 -9879
f -9879 -9876 -9875
f -9879 -9875 -9874
f -11134 -11135 -11136
f -11136 -11135 -11137
f -11136 -11137 -11138
f -11138 -11137 -11139
f -11138 -11139 -11123
f -11116 -11117 -11115
f -11115 -11117 -11111
f -11115 -11111 -11112
f -11231 -11230 -11232
f -11232 -11230 -11222
f -11232 -11222 -11221
f -11236 -11238 -11237
f -11237 -11238 -11226
f -11237 -11226 -11244
f -11423 -11422 -11424
f -11424 -11422 -11449
f -11424 -11449 -11451
f -11451 -11449 -11450
f -11451 -11450 -11452
f -11452 -11450 -11478
f -11452 -11478 -11462
f -11425 -11435 -11437
f -11437 -11435 -11436
f -11437 -11436 -11478
f -11478 -11436 -11430
f -11478 -11430 -11429
f -11429 -11430 -11434
f -11429 -11434 -11428
f -11428 -11434 -11419
f -11428 -11419 -11427
f -11435 -11434 -11436
f -11436 -11434 -11430
f -11425 -11437 -11426
f -11426 -11437 -11438
f -11426 -11438 -11440
f -11440 -11438 -11439
f -11440 -11439 -11441
f -11441 -11439 -11478
f -11441 -11478 -11443
f -11443 -11478 -11444
f -11443 -11444 -11442
f -11442 -11444 -11420
f -11447 -11420 -11445
f -11445 -11420 -11444
f -11445 -11444 -11478
f -11447 -11445 -11446
f -11446 -11445 -11478
f -11446 -11478 -11448
f -11448 -11478 -11450
f -11448 -11450 -11449
f -11462 -11454 -11452
f -11452 -11454 -11453
f -11452 -11453 -11451
f -11528 -11527 -11529
f -11529 -11527 -11509
f -11529 -11509 -11508
f -10710 -10709 -10712
f -10712 -10709 -10708
f -10712 -10708 -10707
f -10710 -10712 -10711
f -10711 -10712 -10722
f -10711 -10722 -10720
f -10720 -10722 -10721
f -10720 -10721 -10719
f -10700 -10699 -10701
f -10701 -10699 -10689
f -10701 -10689 -10687
f -10687 -10689 -10688
f -10732 -10731 -10742
f -10742 -10731 -10730
f -10742 -10730 -10744
f -10732 -10742 -10733
f -10733 -10742 -10735
f -10740 -10738 -10742
f -10742 -10738 -10737
f -10742 -10737 -10736
f -10718 -10719 -10717
f -10717 -10719 -10715
f -10717 -10715 -10713
f -10713 -10715 -10714
f -10713 -10714 -10706
f -10606 -10608 -10607
f -10607 -10608 -10579
f -10607 -10579 -10563
f -10580 -10581 -10598
f -10598 -10581 -10564
f -10598 -10564 -10600
f -10577 -10571 -10579
f -10579 -10571 -10570
f -10579 -10570 -10569
f -10569 -10568 -10579
f -10579 -10568 -10567
f -10963 -10962 -10964
f -10964 -10962 -10961
f -10964 -10961 -10960
f -10960 -10959 -10964
f -10964 -10959 -10958
f -10966 -10967 -10974
f -10974 -10967 -10973
f -10974 -10973 -10972
f -10972 -10973 -10971
f -10972 -10971 -10970
f -10970 -10971 -10969
f -10970 -10969 -10968
f -10998 -10997 -11009
f -11009 -10997 -11011
f -11009 -11011 -11010
f -11010 -11011 -11012
f -10997 -10996 -11011
f -11011 -10996 -10995
f -11011 -10995 -10993
f -11000 -10998 -11007
f -11007 -10998 -11009
f -11007 -11009 -11008
f -11008 -11009 -11010
f -11008 -11006 -11007
f -11007 -11006 -11005
f -11007 -11005 -11002
f -11006 -11004 -11005
f -11005 -11004 -11003
f -11005 -11003 -10992
f -13002 -13003 -13000
f -13000 -13003 -13001
f -13000 -13001 -12999
f -13009 -13008 -13010
f -13010 -13008 -12995
f -13010 -12995 -12996
f -13092 -13091 -13090
f -13090 -13091 -13089
f -13090 -13089 -13088
f -13088 -13089 -13087
f -13088 -13087 -13086
f -13086 -13087 -13085
f -13086 -13085 -13084
f -13102 -13101 -13100
f -13100 -13101 -13099
f -13100 -13099 -13098
f -13098 -13099 -13097
f -13098 -13097 -13096
f -13096 -13097 -13095
f -13096 -13095 -13094
f -13112 -13111 -13110
f -13110 -13111 -13109
f -13110 -13109 -13108
f -13108 -13109 -13107
f -13108 -13107 -13106
f -13106 -13107 -13105
f -13106 -13105 -13104
f -13220 -13219 -13218
f -13218 -13219 -13217
f -13218 -13217 -13216
f -13216 -13217 -13215
f -13216 -13215 -13214
f -13214 -13215 -13213
f -13214 -13213 -13212
f -13230 -13229 -13228
f -13228 -13229 -13227
f -13228 -13227 -13226
f -13226 -13227 -13225
f -13226 -13225 -13224
f -13224 -13225 -13223
f -13224 -13223 -13222
f -13240 -13239 -13238
f -13238 -13239 -13237
f -13238 -13237 -13236
f -13236 -13237 -13235
f -13236 -13235 -13234
f -13234 -13235 -13233
f -13234 -13233 -13232
f -13130 -13131 -13128
f -13128 -13131 -13129
f -13128 -13129 -13127
f -13137 -13136 -13138
f -13138 -13136 -13123
f -13138 -13123 -13124
f -13122 -13121 -13120
f -13120 -13121 -13119
f -13120 -13119 -13118
f -13118 -13119 -13117
f -13118 -13117 -13116
f -13116 -13117 -13115
f -13116 -13115 -13114
f -13250 -13249 -13248
f -13248 -13249 -13247
f -13248 -13247 -13246
f -13246 -13247 -13245
f -13246 -13245 -13244
f -13244 -13245 -13243
f -13244 -13243 -13242
f -13393 -13392 -13394
f -13394 -13392 -13379
f -13394 -13379 -13380
f -13476 -13475 -13474
f -13474 -13475 -13473
f -13474 -13473 -13472
f -13472 -13473 -13471
f -13472 -13471 -13470
f -13470 -13471 -13469
f -13470 -13469 -13468
f -13486 -13485 -13484
f -13484 -13485 -13483
f -13484 -13483 -13482
f -13482 -13483 -13481
f -13482 -13481 -13480
f -13480 -13481 -13479
f -13480 -13479 -13478
f -6860 -6861 -6862
f -6862 -6861 -6863
f -6862 -6863 -6864
f -6864 -6863 -6865
f -6864 -6865 -6866
f -6866 -6865 -6867
f -6866 -6867 -6868
f -6868 -6867 -6869
f -6868 -6869 -6870
f -6870 -6869 -6871
f -6870 -6871 -6872
f -6872 -6871 -6873
f -6872 -6873 -6874
f -6874 -6873 -6875
f -6874 -6875 -6876
f -6876 -6875 -6877
f -6876 -6877 -6878
f -6878 -6877 -6879
f -6878 -6879 -6880
f -6880 -6879 -6881
f -6880 -6881 -6882
f -6882 -6881 -6883
f -6882 -6883 -6884
f -6884 -6883 -6885
f -6884 -6885 -6886
f -6886 -6885 -6887
f -6886 -6887 -6888
f -6888 -6887 -6889
f -6888 -6889 -6890
f -6890 -6889 -6891
f -6890 -6891 -6892
f -6892 -6891 -6893
f -6892 -6893 -6894
f -6894 -6893 -6895
f -6894 -6895 -6896
f -6896 -6895 -6897
f -5761 -5783 -5784
f -5784 -5783 -5785
f -5784 -5785 -5786
f -5786 -5785 -5787
f -5786 -5787 -5788
f -5788 -5787 -5789
f -5788 -5789 -5790
f -5790 -5789 -5791
f -5779 -5778 -5777
f -5777 -5778 -5776
f -5777 -5776 -5775
f -5775 -5776 -5774
f -5775 -5774 -5773
f -5773 -5774 -5772
f -5773 -5772 -5771
f -5771 -5772 -5770
f -5771 -5770 -5769
f -5769 -5770 -5768
f -5769 -5768 -5767
f -5767 -5768 -5766
f -5767 -5766 -5765
f -5765 -5766 -5764
f -5765 -5764 -5763
f -5763 -5764 -5762
f -5763 -5762 -5781
f -5781 -5762 -5780
f -5781 -5780 -5782
f -8965 -8967 -8966
f -8966 -8967 -8968
f -8967 -8969 -8968
f -8968 -8969 -8970
f -8992 -8993 -8994
f -8994 -8993 -8995
f -9002 -9003 -9004
f -9004 -9003 -9005
f -9004 -9005 -9006
f -9006 -9005 -9007
f -9006 -9007 -9008
f -9008 -9007 -9009
f -9008 -9009 -9010
f -9010 -9009 -9011
f -9010 -9011 -9012
f -9012 -9011 -9013
f -9014 -9015 -9016
f -9016 -9015 -9017
f -9016 -9017 -9018
f -9018 -9017 -9019
f -9018 -9019 -9020
f -9020 -9019 -9021
f -9020 -9021 -9022
f -9022 -9021 -9023
f -9022 -9023 -9024
f -9024 -9023 -9025
f -9027 -9028 -9029
f -9029 -9028 -9030
f -9029 -9030 -9031
f -9031 -9030 -9032
f -9031 -9032 -9026
f -9202 -9204 -9203
f -9203 -9204 -9205
f -9204 -9206 -9205
f -9205 -9206 -9207
f -9206 -9208 -9207
f -9207 -9208 -9209
f -9209 -9208 -9210
f -9210 -9208 -9212
f -8050 -8049 -8048
f -8048 -8049 -8047
f -8048 -8047 -8046
f -8046 -8047 -8045
f -8046 -8045 -8044
f -8044 -8045 -8043
f -8044 -8043 -8042
f -8042 -8043 -8041
f -8031 -8030 -8029
f -8029 -8030 -8028
f -8029 -8028 -8027
f -8027 -8028 -8026
f -8027 -8026 -8025
f -7989 -8014 -8015
f -8015 -8014 -8022
f -8226 -8224 -8225
f -8225 -8224 -8223
f -8225 -8223 -8219
f -8247 -8230 -8229
f -8229 -8230 -8228
f -8229 -8228 -8227
f -8227 -8228 -8226
f -8227 -8226 -8225
f -10496 -10478 -10484
f -10484 -10478 -10483
f -10484 -10483 -10485
f -10484 -10485 -10486
f -10486 -10485 -10487
f -10486 -10487 -10488
f -10492 -10494 -10493
f -10493 -10494 -10495
f -10533 -10534 -10535
f -10535 -10534 -10536
f -10535 -10536 -10537
f -10537 -10536 -10538
f -10537 -10538 -10539
f -10539 -10538 -10540
f -9798 -9799 -9800
f -9800 -9799 -9801
f -9800 -9801 -9802
f -9802 -9801 -9803
f -9802 -9803 -9804
f -9804 -9803 -9805
f -9804 -9805 -9806
f -9806 -9805 -9807
f -9806 -9807 -9808
f -9808 -9807 -9809
f -9808 -9809 -9810
f -9810 -9809 -9811
f -9810 -9811 -9812
f -9812 -9811 -9813
f -9812 -9813 -9814
f -9814 -9813 -9815
f -9898 -9897 -9899
f -9899 -9897 -9883
f -9899 -9883 -9884
f -9884 -9883 -9885
f -9884 -9885 -9888
f -9888 -9885 -9887
f -9888 -9887 -9886
f -9888 -9886 -9880
f -9880 -9886 -9890
f -9897 -9896 -9895
f -9895 -9896 -9894
f -9895 -9894 -9893
f -9893 -9894 -9892
f -9893 -9892 -9891
f -9891 -9892 -9890
f -9891 -9890 -9889
f -9900 -9902 -9901
f -9901 -9902 -9903
f -9906 -9905 -9904
f -9904 -9905 -9903
f -9904 -9903 -9902
f -9862 -9863 -9864
f -9864 -9863 -9865
f -9864 -9865 -9866
f -9866 -9865 -9867
f -9866 -9867 -9868
f -9868 -9867 -9869
f -9868 -9869 -9870
f -9870 -9869 -9871
f -9870 -9871 -9872
f -9872 -9871 -9873
f -9858 -9859 -9860
f -9860 -9859 -9861
f -9850 -9851 -9852
f -9852 -9851 -9853
f -9736 -9737 -9738
f -9738 -9737 -9739
f -9738 -9739 -9740
f -9740 -9739 -9741
f -9740 -9741 -9742
f -9742 -9741 -9743
f -9728 -9729 -9730
f -9730 -9729 -9731
f -9730 -9731 -9732
f -9732 -9731 -9733
f -9732 -9733 -9734
f -9734 -9733 -9735
f -11136 -11129 -11134
f -11134 -11129 -11130
f -11120 -11119 -11118
f -11118 -11119 -11117
f -11118 -11117 -11116
f -11115 -11112 -11113
f -11113 -11112 -11114
f -11231 -11232 -11233
f -11233 -11232 -11234
f -11233 -11234 -11235
f -11235 -11234 -11236
f -11235 -11236 -11237
f -11440 -11441 -11442
f -11442 -11441 -11443
f -11446 -11448 -11447
f -11447 -11448 -11449
f -11427 -11478 -11428
f -11428 -11478 -11429
f -11437 -11478 -11438
f -11438 -11478 -11439
f -11528 -11529 -11530
f -11530 -11529 -11531
f -11530 -11531 -11532
f -11532 -11531 -11533
f -10700 -10701 -10702
f -10702 -10701 -10703
f -10702 -10703 -10704
f -10704 -10703 -10705
f -10704 -10705 -10694
f -10734 -10735 -10736
f -10736 -10735 -10742
f -10744 -10743 -10742
f -10742 -10743 -10741
f -10742 -10741 -10740
f -10740 -10741 -10739
f -10726 -10727 -10728
f -10728 -10727 -10729
f -10597 -10598 -10599
f -10599 -10598 -10600
f -10599 -10600 -10601
f -10601 -10600 -10602
f -10601 -10602 -10603
f -10603 -10602 -10604
f -10603 -10604 -10605
f -10605 -10604 -10606
f -10605 -10606 -10607
f -10579 -10578 -10577
f -10577 -10578 -10576
f -10577 -10576 -10575
f -10999 -11000 -11001
f -11001 -11000 -11007
f -11001 -11007 -11002
f -11012 -11011 -11013
f -11013 -11011 -10993
f -13020 -13019 -13018
f -13018 -13019 -13017
f -13018 -13017 -13016
f -13016 -13017 -13015
f -13016 -13015 -13014
f -13014 -13015 -13013
f -13014 -13013 -13012
f -13012 -13013 -13011
f -13008 -13007 -13006
f -13006 -13007 -13005
f -13006 -13005 -13004
f -13004 -13005 -13003
f -13004 -13003 -13002
f -13010 -12996 -12997
f -12997 -12996 -12998
f -12997 -12998 -12999
f -12999 -12998 -13000
f -13038 -13037 -13036
f -13036 -13037 -13035
f -13036 -13035 -13034
f -13034 -13035 -13033
f -13034 -13033 -13032
f -13032 -13033 -13031
f -13032 -13031 -13046
f -13046 -13031 -13045
f -13046 -13045 -13044
f -13044 -13045 -13043
f -13044 -13043 -13042
f -13042 -13043 -13041
f -13042 -13041 -13040
f -13040 -13041 -13039
f -13040 -13039 -13038
f -13038 -13039 -13037
f -13047 -13048 -13049
f -13049 -13048 -13050
f -13049 -13050 -13051
f -13051 -13050 -13052
f -13051 -13052 -13053
f -13053 -13052 -13054
f -13053 -13054 -13055
f -13055 -13054 -13056
f -13021 -13022 -13023
f -13023 -13022 -13024
f -13023 -13024 -13025
f -13025 -13024 -13026
f -13025 -13026 -13027
f -13027 -13026 -13028
f -13027 -13028 -13029
f -13029 -13028 -13030
f -13057 -13058 -13059
f -13059 -13058 -13060
f -13059 -13060 -13061
f -13061 -13060 -13062
f -13061 -13062 -13063
f -13063 -13062 -13064
f -13063 -13064 -13065
f -13065 -13064 -13066
f -13076 -13075 -13074
f -13074 -13075 -13073
f -13074 -13073 -13072
f -13072 -13073 -13071
f -13072 -13071 -13070
f -13070 -13071 -13069
f -13070 -13069 -13068
f -13068 -13069 -13067
f -13068 -13067 -13082
f -13082 -13067 -13081
f -13082 -13081 -13080
f -13080 -13081 -13079
f -13080 -13079 -13078
f -13078 -13079 -13077
f -13078 -13077 -13076
f -13076 -13077 -13075
f -13185 -13186 -13187
f -13187 -13186 -13188
f -13187 -13188 -13189
f -13189 -13188 -13190
f -13189 -13190 -13191
f -13191 -13190 -13192
f -13191 -13192 -13193
f -13193 -13192 -13194
f -13175 -13176 -13177
f -13177 -13176 -13178
f -13177 -13178 -13179
f -13179 -13178 -13180
f -13179 -13180 -13181
f -13181 -13180 -13182
f -13181 -13182 -13183
f -13183 -13182 -13184
f -13204 -13203 -13202
f -13202 -13203 -13201
f -13202 -13201 -13200
f -13200 -13201 -13199
f -13200 -13199 -13198
f -13198 -13199 -13197
f -13198 -13197 -13196
f -13196 -13197 -13195
f -13196 -13195 -13210
f -13210 -13195 -13209
f -13210 -13209 -13208
f -13208 -13209 -13207
f -13208 -13207 -13206
f -13206 -13207 -13205
f -13206 -13205 -13204
f -13204 -13205 -13203
f -13166 -13165 -13164
f -13164 -13165 -13163
f -13164 -13163 -13162
f -13162 -13163 -13161
f -13162 -13161 -13160
f -13160 -13161 -13159
f -13160 -13159 -13174
f -13174 -13159 -13173
f -13174 -13173 -13172
f -13172 -13173 -13171
f -13172 -13171 -13170
f -13170 -13171 -13169
f -13170 -13169 -13168
f -13168 -13169 -13167
f -13168 -13167 -13166
f -13166 -13167 -13165
f -13149 -13150 -13151
f -13151 -13150 -13152
f -13151 -13152 -13153
f -13153 -13152 -13154
f -13153 -13154 -13155
f -13155 -13154 -13156
f -13155 -13156 -13157
f -13157 -13156 -13158
f -13139 -13140 -13141
f -13141 -13140 -13142
f -13141 -13142 -13143
f -13143 -13142 -13144
f -13143 -13144 -13145
f -13145 -13144 -13146
f -13145 -13146 -13147
f -13147 -13146 -13148
f -13136 -13135 -13134
f -13134 -13135 -13133
f -13134 -13133 -13132
f -13132 -13133 -13131
f -13132 -13131 -13130
f -13138 -13124 -13125
f -13125 -13124 -13126
f -13125 -13126 -13127
f -13127 -13126 -13128
f -13418 -13417 -13416
f -13416 -13417 -13415
f -13416 -13415 -13430
f -13430 -13415 -13429
f -13430 -13429 -13428
f -13428 -13429 -13427
f -13428 -13427 -13426
f -13426 -13427 -13425
f -13395 -13396 -13397
f -13397 -13396 -13398
f -13397 -13398 -13399
f -13399 -13398 -13400
f -13399 -13400 -13401
f -13401 -13400 -13402
f -13401 -13402 -13403
f -13403 -13402 -13404
f -13390 -13392 -13391
f -13391 -13392 -13393
f -13394 -13380 -13381
f -13381 -13380 -13382
f -13381 -13382 -13383
f -13441 -13442 -13443
f -13443 -13442 -13444
f -13443 -13444 -13445
f -13445 -13444 -13446
f -13445 -13446 -13447
f -13447 -13446 -13448
f -13447 -13448 -13449
f -13449 -13448 -13450
f -13465 -13466 -13451
f -13451 -13466 -13452
f -13451 -13452 -13453
f -13453 -13452 -13454
f -13453 -13454 -13455
f -13455 -13454 -13456
f -13455 -13456 -13457
f -13457 -13456 -13458
f -10544 -10546 -10545
f -9877 -9879 -9878
f -13083 -13091 -13092
f -13093 -13101 -13102
f -13103 -13111 -13112
f -13211 -13219 -13220
f -13221 -13229 -13230
f -13231 -13239 -13240
f -13113 -13121 -13122
f -13241 -13249 -13250
f -13467 -13475 -13476
f -13477 -13485 -13486
f -5782 -5791 -5781
f -8969 -8971 -8970
f -8233 -8234 -8232
f -8243 -8245 -8244
f -10539 -10532 -10537
f -9897 -9898 -9896
f -11122 -11138 -11123
f -10689 -10690 -10688
f -10718 -10720 -10719
f -10716 -10718 -10717
f -10579 -10608 -10578
f -10965 -10967 -10966
f -10995 -10996 -10994
f -13008 -13009 -13007
f -13136 -13137 -13135
f -8948 -8951 -8949
f -8999 -9001 -9000
f -9034 -9040 -9035
f -8249 -8251 -8250
f -10678 -10680 -10679
f -10962 -10957 -10961
f -5782 -5793 -5791
f -5791 -5793 -5792
f -5791 -5792 -5790
f -7323 -7327 -7324
f -7324 -7327 -7335
f -7324 -7335 -7337
f -7337 -7335 -7336
f -7337 -7336 -7338
f -7338 -7336 -7321
f -7326 -7325 -7335
f -7335 -7325 -7333
f -7335 -7333 -7334
f -7334 -7333 -7332
f -7307 -7305 -7306
f -7306 -7305 -7304
f -7306 -7304 -7303
f -7313 -7316 -7314
f -7314 -7316 -7315
f -7314 -7315 -7311
f -7455 -7433 -7434
f -7434 -7433 -7435
f -7434 -7435 -7436
f -7436 -7435 -7437
f -7436 -7437 -7432
f -7432 -7431 -7436
f -7436 -7431 -7430
f -7466 -7468 -7467
f -7467 -7468 -7469
f -7467 -7469 -7471
f -7471 -7469 -7470
f -7471 -7470 -7472
f -7471 -7472 -7473
f -7473 -7472 -7474
f -7473 -7474 -7460
f -6177 -6216 -6218
f -6218 -6216 -6217
f -6218 -6217 -6219
f -6219 -6217 -6176
f -6206 -6205 -6213
f -6213 -6205 -6215
f -6213 -6215 -6214
f -6214 -6215 -6216
f -6201 -6202 -6203
f -6203 -6202 -6204
f -6203 -6204 -6211
f -6211 -6204 -6210
f -6211 -6210 -6209
f -6209 -6210 -6208
f -6209 -6208 -6207
f -6207 -6208 -6206
f -6207 -6206 -6213
f -6347 -6346 -6350
f -6350 -6346 -6345
f -6350 -6345 -6348
f -6355 -6353 -6354
f -6354 -6353 -6352
f -6354 -6352 -6344
f -6378 -6379 -6377
f -6377 -6379 -6376
f -6377 -6376 -6375
f -6385 -6386 -6384
f -6384 -6386 -6383
f -6384 -6383 -6382
f -6382 -6383 -6381
f -6382 -6381 -6380
f -6380 -6381 -6379
f -6380 -6379 -6378
f -6395 -6393 -6394
f -6394 -6393 -6392
f -6394 -6392 -6391
f -6391 -6392 -6390
f -6391 -6390 -6389
f -6389 -6390 -6388
f -6389 -6388 -6387
f -6387 -6388 -6386
f -6387 -6386 -6385
f -6361 -6362 -6363
f -6363 -6362 -6364
f -6363 -6364 -6365
f -6365 -6364 -6366
f -6365 -6366 -6367
f -6367 -6366 -6368
f -6367 -6368 -6369
f -6369 -6368 -6370
f -6369 -6370 -6371
f -6371 -6370 -6372
f -6371 -6372 -6350
f -6350 -6372 -6347
f -6351 -6373 -6375
f -6375 -6373 -6374
f -6375 -6374 -6377
f -6377 -6374 -6343
f -6377 -6343 -6342
f -6105 -6098 -6066
f -6066 -6098 -6065
f -6066 -6065 -6119
f -6119 -6065 -6100
f -6119 -6100 -6101
f -6101 -6100 -6099
f -6101 -6099 -6102
f -6102 -6099 -6096
f -6102 -6096 -6104
f -6104 -6096 -6097
f -6062 -6061 -6063
f -6063 -6061 -6073
f -6063 -6073 -6075
f -6075 -6073 -6074
f -6075 -6074 -6076
f -6076 -6074 -6119
f -6076 -6119 -6103
f -6103 -6119 -6102
f -6103 -6102 -6104
f -6119 -6072 -6070
f -6070 -6072 -6071
f -6070 -6071 -6069
f -6069 -6071 -6059
f -6069 -6059 -6068
f -6068 -6059 -6089
f -6068 -6089 -6067
f -6067 -6089 -6091
f -6067 -6091 -6119
f -6119 -6091 -6092
f -6119 -6092 -6093
f -6093 -6092 -6090
f -6093 -6090 -6095
f -6147 -6150 -6148
f -6148 -6150 -6149
f -6148 -6149 -6143
f -6142 -6141 -6148
f -6148 -6141 -6144
f -6148 -6144 -6146
f -6139 -6138 -6140
f -6140 -6138 -6137
f -6140 -6137 -6136
f -6146 -6154 -6155
f -6155 -6154 -6156
f -6155 -6156 -6153
f -6153 -6156 -6152
f -6153 -6152 -6151
f -6151 -6152 -6167
f -6151 -6167 -6166
f -6166 -6167 -6168
f -6166 -6168 -6165
f -6188 -6183 -6186
f -6186 -6183 -6182
f -6186 -6182 -6181
f -6174 -6178 -6199
f -6199 -6178 -6185
f -6199 -6185 -6184
f -6184 -6185 -6186
f -6119 -6093 -6094
f -6094 -6093 -6095
f -6094 -6095 -6088
f -6079 -6081 -6080
f -6080 -6081 -6082
f -6080 -6082 -6085
f -6085 -6082 -6083
f -6085 -6083 -6084
f -6084 -6083 -6119
f -6084 -6119 -6086
f -6086 -6119 -6094
f -6086 -6094 -6087
f -6087 -6094 -6088
f -6104 -6064 -6103
f -6103 -6064 -6078
f -6103 -6078 -6076
f -6076 -6078 -6077
f -6076 -6077 -6075
f -6113 -6121 -6122
f -6122 -6121 -6120
f -6122 -6120 -6060
f -6060 -6120 -6118
f -6060 -6118 -6116
f -6116 -6118 -6117
f -6116 -6117 -6115
f -6115 -6117 -6119
f -6115 -6119 -6114
f -6120 -6121 -6119
f -6119 -6121 -6110
f -6119 -6110 -6109
f -6109 -6110 -6111
f -6109 -6111 -6106
f -6119 -6109 -6108
f -6108 -6109 -6106
f -6108 -6106 -6107
f -6107 -6106 -6105
f -6107 -6105 -6066
f -6108 -6107 -6119
f -6119 -6107 -6066
f -5902 -5884 -5911
f -5911 -5884 -5883
f -5911 -5883 -5909
f -5913 -5912 -5914
f -5914 -5912 -5882
f -5914 -5882 -5881
f -5484 -5503 -5482
f -5482 -5503 -5501
f -5482 -5501 -5476
f -5518 -5517 -5530
f -5530 -5517 -5516
f -5530 -5516 -5515
f -5521 -5520 -5530
f -5530 -5520 -5519
f -5530 -5519 -5518
f -5524 -5523 -5530
f -5530 -5523 -5522
f -5530 -5522 -5521
f -5526 -5525 -5530
f -5530 -5525 -5524
f -5473 -5479 -5478
f -5478 -5479 -5485
f -5478 -5485 -5483
f -5483 -5485 -5484
f -5483 -5484 -5482
f -5475 -5489 -5478
f -5478 -5489 -5487
f -5478 -5487 -5474
f -5476 -5480 -5482
f -5482 -5480 -5481
f -5482 -5481 -5483
f -5483 -5481 -5477
f -5483 -5477 -5478
f -5478 -5477 -5475
f -5475 -5491 -5489
f -5489 -5491 -5490
f -5489 -5490 -5488
f -5472 -5471 -5470
f -5470 -5471 -5469
f -5470 -5469 -5468
f -5460 -5461 -5462
f -5462 -5461 -5463
f -5462 -5463 -5464
f -5464 -5463 -5465
f -5464 -5465 -5466
f -5466 -5465 -5467
f -5466 -5467 -5459
f -5455 -5454 -5453
f -5453 -5454 -5452
f -5453 -5452 -5451
f -5426 -5425 -5447
f -5447 -5425 -5445
f -5447 -5445 -5446
f -5446 -5445 -5444
f -5423 -5426 -5449
f -5449 -5426 -5447
f -5449 -5447 -5448
f -5448 -5447 -5446
f -5441 -5443 -5439
f -5439 -5443 -5445
f -5439 -5445 -5424
f -5424 -5445 -5425
f -5429 -5427 -5428
f -5428 -5427 -5442
f -5428 -5442 -5440
f -5440 -5442 -5441
f -5440 -5441 -5439
f -5424 -5437 -5439
f -5439 -5437 -5438
f -5439 -5438 -5440
f -5440 -5438 -5428
f -8663 -8656 -8657
f -8657 -8656 -8658
f -8657 -8658 -8659
f -8659 -8658 -8660
f -8659 -8660 -8652
f -8652 -8651 -8659
f -8659 -8651 -8650
f -8648 -8661 -8663
f -8663 -8661 -8662
f -8663 -8662 -8664
f -7482 -7481 -7484
f -7484 -7481 -7492
f -7484 -7492 -7480
f -7480 -7492 -7493
f -4303 -4306 -4304
f -4304 -4306 -4305
f -4304 -4305 -4301
f -4318 -4317 -4316
f -4316 -4317 -4315
f -4316 -4315 -4314
f -4314 -4315 -4313
f -4314 -4313 -4312
f -4365 -4364 -4368
f -4368 -4364 -4363
f -4368 -4363 -4362
f -4367 -4366 -4368
f -4368 -4366 -4365
f -4825 -4822 -4827
f -4827 -4822 -4821
f -4783 -4782 -4784
f -4784 -4782 -4767
f -4784 -4767 -4766
f -4755 -4745 -4746
f -4746 -4745 -4744
f -4746 -4744 -4750
f -4739 -4738 -4740
f -4740 -4738 -4737
f -4740 -4737 -4736
f -4759 -4761 -4758
f -4758 -4761 -4756
f -4758 -4756 -4755
f -5137 -5138 -5139
f -5139 -5138 -5141
f -5139 -5141 -5140
f -5140 -5141 -5142
f -5133 -5132 -5136
f -5136 -5132 -5131
f -5136 -5131 -5130
f -5135 -5134 -5136
f -5136 -5134 -5133
f -5160 -5158 -5159
f -5159 -5158 -5157
f -5159 -5157 -5146
f -5162 -5160 -5161
f -5161 -5160 -5159
f -5161 -5159 -5156
f -5148 -5149 -5150
f -5150 -5149 -5165
f -5150 -5165 -5151
f -5151 -5165 -5163
f -5151 -5163 -5152
f -5152 -5163 -5161
f -5152 -5161 -5154
f -5154 -5161 -5155
f -5154 -5155 -5153
f -5171 -5170 -5173
f -5173 -5170 -5169
f -5173 -5169 -5168
f -5189 -5181 -5182
f -5182 -5181 -5180
f -5182 -5180 -5174
f -5174 -5180 -5175
f -5174 -5175 -5176
f -5176 -5175 -5177
f -5176 -5177 -5178
f -5178 -5177 -5179
f -5089 -5074 -5075
f -5075 -5074 -5073
f -5075 -5073 -5082
f -5065 -5068 -5066
f -5066 -5068 -5067
f -5066 -5067 -5063
f -5070 -5072 -5071
f -5071 -5072 -5069
f -5052 -5054 -5053
f -5053 -5054 -5051
f -5102 -5105 -5103
f -5103 -5105 -5104
f -5103 -5104 -5100
f -5089 -5088 -5087
f -5087 -5088 -5086
f -5087 -5086 -5085
f -5085 -5086 -5084
f -5085 -5084 -5083
f -5233 -5236 -5234
f -5234 -5236 -5235
f -5234 -5235 -5231
f -5240 -5239 -5241
f -5241 -5239 -5238
f -5241 -5238 -5237
f -5206 -5205 -5218
f -5218 -5205 -5204
f -5218 -5204 -5220
f -5200 -5201 -5219
f -5219 -5201 -5217
f -5219 -5217 -5218
f -5218 -5217 -5216
f -5218 -5216 -5206
f -5206 -5216 -5207
f -5215 -5214 -5216
f -5216 -5214 -5211
f -5216 -5211 -5207
f -5207 -5211 -5209
f -5202 -5212 -5213
f -5213 -5212 -5211
f -5213 -5211 -5214
f -5222 -5221 -5223
f -5223 -5221 -5224
f -5223 -5224 -5226
f -5226 -5224 -5225
f -5226 -5225 -5227
f -5197 -5196 -5199
f -5199 -5196 -5195
f -5199 -5195 -5194
f -5193 -5192 -5191
f -5191 -5192 -5190
f -5191 -5190 -5189
f -5187 -5186 -5188
f -5188 -5186 -5179
f -5188 -5179 -5177
f -5254 -5255 -5243
f -5243 -5255 -5242
f -5243 -5242 -5253
f -5252 -5251 -5253
f -5253 -5251 -5241
f -5253 -5241 -5243
f -5261 -5262 -5264
f -5264 -5262 -5263
f -5264 -5263 -5265
f -5313 -5312 -5314
f -5314 -5312 -5306
f -5314 -5306 -5305
f -5397 -5396 -5402
f -5402 -5396 -5395
f -5402 -5395 -5394
f -5400 -5399 -5401
f -5401 -5399 -5398
f -5401 -5398 -5403
f -5403 -5398 -5405
f -5403 -5405 -5404
f -5404 -5405 -5406
f -5404 -5406 -5393
f -5401 -5403 -5402
f -5402 -5403 -5404
f -5402 -5404 -5397
f -5415 -5414 -5416
f -5416 -5414 -5413
f -5416 -5413 -5412
f -5422 -5421 -5420
f -5420 -5421 -5419
f -5420 -5419 -5418
f -7335 -7327 -7326
f -7326 -7327 -7328
f -7330 -7329 -7331
f -7331 -7329 -7322
f -7317 -7318 -7319
f -7319 -7318 -7320
f -7310 -7309 -7308
f -7308 -7309 -7307
f -7308 -7307 -7306
f -6213 -6214 -6212
f -6212 -6214 -6179
f -6329 -6328 -6327
f -6327 -6328 -6326
f -6327 -6326 -6325
f -6325 -6326 -6324
f -6325 -6324 -6323
f -6323 -6324 -6322
f -6323 -6322 -6321
f -6321 -6322 -6320
f -6321 -6320 -6319
f -6319 -6320 -6318
f -6354 -6356 -6355
f -6355 -6356 -6357
f -6356 -6358 -6357
f -6357 -6358 -6359
f -6359 -6358 -6360
f -6360 -6358 -6361
f -6360 -6361 -6363
f -6348 -6349 -6350
f -6350 -6349 -6351
f -6350 -6351 -6375
f -6338 -6339 -6340
f -6340 -6339 -6341
f -6330 -6331 -6332
f -6332 -6331 -6333
f -6400 -6399 -6398
f -6398 -6399 -6397
f -6398 -6397 -6396
f -6396 -6397 -6395
f -6396 -6395 -6394
f -6434 -6435 -6436
f -6436 -6435 -6437
f -6436 -6437 -6438
f -6438 -6437 -6439
f -6071 -6072 -6073
f -6073 -6072 -6074
f -6148 -6146 -6145
f -6145 -6146 -6155
f -6164 -6163 -6166
f -6166 -6163 -6162
f -6166 -6162 -6161
f -6161 -6162 -6160
f -6161 -6160 -6159
f -6159 -6160 -6158
f -6159 -6158 -6157
f -6157 -6158 -6150
f -6157 -6150 -6147
f -6189 -6188 -6187
f -6187 -6188 -6186
f -6187 -6186 -6185
f -6199 -6198 -6197
f -6197 -6198 -6196
f -6197 -6196 -6195
f -6195 -6196 -6194
f -6195 -6194 -6193
f -6193 -6194 -6192
f -6193 -6192 -6191
f -6191 -6192 -6190
f -6191 -6190 -6200
f -6200 -6190 -6202
f -6200 -6202 -6201
f -6099 -6100 -6098
f -6098 -6100 -6065
f -6089 -6090 -6091
f -6091 -6090 -6092
f -6084 -6086 -6085
f -6085 -6086 -6087
f -6130 -6129 -6128
f -6128 -6129 -6127
f -6128 -6127 -6126
f -6126 -6127 -6125
f -6126 -6125 -6124
f -6124 -6125 -6123
f -6131 -6132 -6133
f -6133 -6132 -6134
f -6081 -6119 -6082
f -6082 -6119 -6083
f -6067 -6119 -6068
f -6068 -6119 -6069
f -6117 -6118 -6119
f -6119 -6118 -6120
f -6110 -6121 -6111
f -6111 -6121 -6112
f -5909 -5910 -5911
f -5911 -5910 -5912
f -5911 -5912 -5913
f -5492 -5493 -5494
f -5494 -5493 -5495
f -5494 -5495 -5496
f -5496 -5495 -5497
f -5496 -5497 -5498
f -5498 -5497 -5499
f -5498 -5499 -5500
f -5500 -5499 -5501
f -5500 -5501 -5502
f -5502 -5501 -5503
f -5486 -5487 -5488
f -5488 -5487 -5489
f -5456 -5457 -5462
f -5462 -5457 -5460
f -5436 -5435 -5434
f -5434 -5435 -5433
f -5434 -5433 -5432
f -5432 -5433 -5431
f -5432 -5431 -5430
f -5430 -5431 -5429
f -5430 -5429 -5428
f -7496 -7495 -7494
f -7494 -7495 -7493
f -7494 -7493 -7492
f -7494 -7479 -7496
f -7496 -7479 -7478
f -3765 -3766 -3767
f -3767 -3766 -3768
f -3767 -3768 -3769
f -3769 -3768 -3770
f -3769 -3770 -3771
f -3771 -3770 -3772
f -3771 -3772 -3773
f -3773 -3772 -3774
f -3703 -3704 -3705
f -3705 -3704 -3706
f -3764 -3763 -3762
f -3762 -3763 -3761
f -3762 -3761 -3760
f -3760 -3761 -3759
f -3760 -3759 -3758
f -3758 -3759 -3757
f -3758 -3757 -3756
f -3756 -3757 -3755
f -4153 -4154 -4155
f -4155 -4154 -4156
f -4276 -4275 -4274
f -4274 -4275 -4273
f -4274 -4273 -4272
f -4272 -4273 -4271
f -4272 -4271 -4270
f -4270 -4271 -4269
f -4270 -4269 -4268
f -4268 -4269 -4267
f -4277 -4278 -4279
f -4279 -4278 -4280
f -4279 -4280 -4281
f -4281 -4280 -4282
f -4281 -4282 -4283
f -4283 -4282 -4284
f -4283 -4284 -4285
f -4285 -4284 -4286
f -4285 -4286 -4287
f -4287 -4286 -4288
f -4307 -4308 -4309
f -4309 -4308 -4310
f -4289 -4290 -4291
f -4291 -4290 -4292
f -4291 -4292 -4293
f -4293 -4292 -4294
f -4293 -4294 -4295
f -4295 -4294 -4296
f -4295 -4296 -4297
f -4297 -4296 -4298
f -4297 -4298 -4299
f -4299 -4298 -4300
f -4342 -4341 -4340
f -4340 -4341 -4339
f -4340 -4339 -4338
f -4338 -4339 -4337
f -4338 -4337 -4336
f -4336 -4337 -4335
f -4336 -4335 -4334
f -4334 -4335 -4333
f -4334 -4333 -4332
f -4332 -4333 -4331
f -4319 -4320 -4321
f -4321 -4320 -4322
f -4321 -4322 -4323
f -4323 -4322 -4324
f -4323 -4324 -4325
f -4325 -4324 -4326
f -4325 -4326 -4327
f -4327 -4326 -4328
f -4327 -4328 -4329
f -4329 -4328 -4330
f -4358 -4359 -4360
f -4360 -4359 -4361
f -4352 -4353 -4354
f -4354 -4353 -4355
f -4354 -4355 -4356
f -4356 -4355 -4357
f -4133 -4134 -4135
f -4135 -4134 -4136
f -4135 -4136 -4137
f -4137 -4136 -4138
f -4137 -4138 -4139
f -4139 -4138 -4140
f -4139 -4140 -4141
f -4141 -4140 -4142
f -4141 -4142 -4143
f -4143 -4142 -4144
f -4145 -4146 -4147
f -4147 -4146 -4148
f -4776 -4778 -4777
f -4777 -4778 -4779
f -4782 -4781 -4780
f -4780 -4781 -4779
f -4780 -4779 -4778
f -4734 -4735 -4740
f -4740 -4735 -4739
f -4730 -4731 -4732
f -4732 -4731 -4733
f -4746 -4754 -4755
f -4755 -4754 -4758
f -5129 -5128 -5127
f -5127 -5128 -5126
f -5127 -5126 -5125
f -5125 -5126 -5124
f -5125 -5124 -5123
f -5123 -5124 -5122
f -5123 -5122 -5121
f -5121 -5122 -5120
f -5121 -5120 -5119
f -5119 -5120 -5118
f -5106 -5107 -5108
f -5108 -5107 -5109
f -5108 -5109 -5110
f -5110 -5109 -5111
f -5110 -5111 -5112
f -5112 -5111 -5113
f -5112 -5113 -5114
f -5114 -5113 -5115
f -5114 -5115 -5116
f -5116 -5115 -5117
f -5141 -5143 -5142
f -5142 -5143 -5144
f -5167 -5166 -5165
f -5165 -5166 -5164
f -5165 -5164 -5163
f -5163 -5164 -5162
f -5163 -5162 -5161
f -5167 -5165 -5147
f -5147 -5165 -5149
f -5076 -5078 -5077
f -5077 -5078 -5079
f -5078 -5080 -5079
f -5079 -5080 -5081
f -5081 -5080 -5082
f -5082 -5080 -5075
f -5061 -5059 -5060
f -5060 -5059 -5058
f -5060 -5058 -5055
f -5061 -5060 -5062
f -5062 -5060 -5056
f -5094 -5095 -5096
f -5096 -5095 -5097
f -5096 -5097 -5098
f -5098 -5097 -5099
f -5090 -5091 -5092
f -5092 -5091 -5093
f -5226 -5227 -5228
f -5228 -5227 -5229
f -5208 -5209 -5210
f -5210 -5209 -5211
f -5210 -5211 -5212
f -5192 -5183 -5185
f -5185 -5183 -5184
f -5185 -5184 -5186
f -5255 -5256 -5257
f -5257 -5256 -5258
f -5257 -5258 -5259
f -5259 -5258 -5261
f -5259 -5261 -5264
f -5265 -5244 -5264
f -5264 -5244 -5245
f -5264 -5245 -5246
f -5246 -5245 -5247
f -5246 -5247 -5248
f -5248 -5247 -5249
f -5248 -5249 -5250
f -5250 -5249 -5251
f -5250 -5251 -5252
f -5320 -5312 -5311
f -5311 -5312 -5313
f -5388 -5389 -5390
f -5390 -5389 -5391
f -5409 -5408 -5407
f -5407 -5408 -5406
f -5407 -5406 -5405
f -5410 -5415 -5411
f -5411 -5415 -5416
f -6173 -6172 -6171
f -6171 -6172 -6170
f -5269 -5268 -5267
f -5267 -5268 -5266
f -7312 -7316 -7313
f -6142 -6148 -6143
f -6135 -6140 -6136
f -6101 -6102 -6119
f -6119 -6070 -6069
f -6072 -6119 -6074
f -5902 -5911 -5885
f -5473 -5478 -5474
f -8648 -8663 -8657
f -4302 -4306 -4303
f -4311 -4317 -4318
f -5171 -5173 -5172
f -5064 -5068 -5065
f -5101 -5105 -5102
f -5075 -5088 -5089
f -5232 -5236 -5233
f -5240 -5241 -5251
f -5197 -5199 -5198
f -5186 -5187 -5185
f -5262 -5261 -5260
f -7334 -7336 -7335
f -7459 -7473 -7460
f -6215 -6217 -6216
f -6211 -6180 -6203
f -6166 -6165 -6164
f -6167 -6169 -6168
f -6199 -6184 -6198
f -6121 -6113 -6112
f -6114 -6116 -6115
f -5458 -5466 -5459
f -5448 -5450 -5449
f -5444 -5445 -5443
f -4355 -4351 -4357
f -4782 -4783 -4781
f -4759 -4758 -4757
f -5143 -5145 -5144
f -5161 -5156 -5155
f -5058 -5059 -5057
f -5230 -5234 -5231
f -5216 -5217 -5215
f -5218 -5220 -5219
f -5204 -5205 -5203
f -5192 -5193 -5183
f -5182 -5191 -5189
f -5254 -5256 -5255
f -5409 -5392 -5408
f -7300 -7302 -7301
f -6217 -6175 -6176
f -5747 -5749 -5751
f -3698 -3699 -3697
f -4741 -4743 -4742
f -5383 -5384 -5382
f -7330 -7328 -7329
f -7329 -7328 -7327
f -7329 -7327 -7322
f -7200 -7199 -7204
f -7204 -7199 -7198
f -801 -800 -802
f -802 -800 -799
f -802 -799 -806
f -802 -806 -804
f -804 -806 -805
f -804 -805 -803
f -808 -813 -810
f -810 -813 -814
f -810 -814 -807
f -814 -813 -812
f -812 -813 -811
f -816 -821 -818
f -818 -821 -822
f -818 -822 -815
f -822 -821 -820
f -820 -821 -819
f -830 -825 -826
f -826 -825 -824
f -826 -824 -823
f -7395 -7406 -7396
f -7396 -7406 -7405
f -7396 -7405 -7399
f -7399 -7405 -7404
f -7399 -7404 -7402
f -7402 -7404 -7403
f -7402 -7403 -7401
f -7412 -7414 -7413
f -7413 -7414 -7407
f -7413 -7407 -7408
f -7408 -7407 -7409
f -7408 -7409 -7406
f -7406 -7409 -7405
f -7390 -7389 -7391
f -7391 -7389 -7384
f -7391 -7384 -7383
f -7397 -7398 -7401
f -7401 -7398 -7400
f -7401 -7400 -7402
f -7428 -7427 -7426
f -7426 -7427 -7425
f -7426 -7425 -7424
f -7424 -7425 -7423
f -7424 -7423 -7422
f -7422 -7421 -7424
f -7424 -7421 -7420
f -7424 -7420 -7419
f -7451 -7449 -7450
f -7450 -7449 -7448
f -7450 -7448 -7429
f -7462 -7463 -7461
f -7461 -7463 -7458
f -7461 -7458 -7457
f -7441 -7433 -7456
f -7456 -7433 -7455
f -7456 -7455 -7454
f -7454 -7455 -7453
f -7454 -7453 -7452
f -7452 -7453 -7451
f -7452 -7451 -7450
f -6691 -6690 -6689
f -6689 -6690 -6688
f -6689 -6688 -6687
f -891 -890 -895
f -895 -890 -889
f -895 -889 -912
f -6700 -6699 -6698
f -6698 -6699 -6697
f -6698 -6697 -6696
f -894 -893 -895
f -895 -893 -892
f -895 -892 -891
f -906 -905 -917
f -917 -905 -904
f -917 -904 -903
f -899 -898 -917
f -917 -898 -897
f -917 -897 -896
f -902 -901 -917
f -917 -901 -900
f -917 -900 -899
f -915 -916 -917
f -917 -916 -918
f -917 -918 -919
f -919 -918 -920
f -919 -920 -909
f -6705 -6708 -6706
f -6706 -6708 -6707
f -6706 -6707 -6701
f -876 -914 -912
f -912 -914 -913
f -912 -913 -911
f -6703 -6708 -6704
f -6704 -6708 -6705
f -884 -883 -907
f -907 -883 -882
f -907 -882 -881
f -6702 -6713 -6711
f -6711 -6713 -6712
f -6711 -6712 -6710
f -887 -886 -907
f -907 -886 -885
f -907 -885 -884
f -879 -878 -907
f -907 -878 -877
f -907 -877 -919
f -881 -880 -907
f -907 -880 -879
f -912 -874 -876
f -876 -874 -873
f -876 -873 -872
f -871 -870 -876
f -876 -870 -869
f -876 -869 -887
f -832 -833 -834
f -834 -833 -835
f -834 -835 -836
f -836 -835 -837
f -836 -837 -838
f -838 -837 -839
f -838 -839 -840
f -840 -839 -841
f -840 -841 -842
f -842 -841 -843
f -842 -843 -844
f -844 -843 -845
f -844 -845 -846
f -846 -845 -847
f -846 -847 -848
f -848 -847 -849
f -848 -849 -868
f -868 -849 -867
f -868 -867 -866
f -866 -867 -865
f -866 -865 -864
f -864 -865 -863
f -864 -863 -862
f -862 -863 -861
f -862 -861 -860
f -860 -861 -859
f -860 -859 -858
f -858 -859 -857
f -858 -857 -856
f -856 -857 -855
f -856 -855 -854
f -854 -855 -853
f -854 -853 -852
f -852 -853 -851
f -852 -851 -850
f -1018 -1017 -1034
f -1034 -1017 -1016
f -1034 -1016 -1015
f -1021 -1020 -1034
f -1034 -1020 -1019
f -1034 -1019 -1018
f -1024 -1023 -1034
f -1034 -1023 -1022
f -1034 -1022 -1021
f -1027 -1026 -1034
f -1034 -1026 -1025
f -1034 -1025 -1024
f -1030 -1029 -1034
f -1034 -1029 -1028
f -1034 -1028 -1027
f -1033 -1032 -1034
f -1034 -1032 -1031
f -1034 -1031 -1030
f -1044 -1043 -1046
f -1046 -1043 -1042
f -1046 -1042 -1041
f -1038 -1037 -1040
f -1040 -1037 -1036
f -1040 -1036 -1035
f -1056 -1055 -1058
f -1058 -1055 -1054
f -1058 -1054 -1053
f -1051 -1050 -1052
f -1052 -1050 -1049
f -1052 -1049 -1048
f -1068 -1069 -1067
f -1067 -1069 -1066
f -1067 -1066 -1065
f -1077 -1076 -1082
f -1082 -1076 -1075
f -1082 -1075 -1084
f -1080 -1079 -1082
f -1082 -1079 -1078
f -1082 -1078 -1077
f -962 -961 -978
f -978 -961 -960
f -978 -960 -959
f -965 -964 -978
f -978 -964 -963
f -978 -963 -962
f -968 -967 -978
f -978 -967 -966
f -978 -966 -965
f -971 -970 -978
f -978 -970 -969
f -978 -969 -968
f -974 -973 -978
f -978 -973 -972
f -978 -972 -971
f -977 -976 -978
f -978 -976 -975
f -978 -975 -974
f -922 -923 -924
f -924 -923 -925
f -924 -925 -926
f -926 -925 -927
f -926 -927 -928
f -928 -927 -929
f -928 -929 -930
f -930 -929 -931
f -930 -931 -932
f -932 -931 -933
f -932 -933 -934
f -934 -933 -935
f -934 -935 -936
f -936 -935 -937
f -936 -937 -938
f -938 -937 -939
f -938 -939 -958
f -958 -939 -957
f -958 -957 -956
f -956 -957 -955
f -956 -955 -954
f -954 -955 -953
f -954 -953 -952
f -952 -953 -951
f -952 -951 -950
f -950 -951 -949
f -950 -949 -948
f -948 -949 -947
f -948 -947 -946
f -946 -947 -945
f -946 -945 -944
f -944 -945 -943
f -944 -943 -942
f -942 -943 -941
f -942 -941 -940
f -1007 -1006 -1008
f -1008 -1006 -1009
f -1008 -1009 -1011
f -1011 -1009 -1010
f -1011 -1010 -1012
f -989 -988 -990
f -990 -988 -991
f -990 -991 -993
f -993 -991 -992
f -993 -992 -994
f -1110 -1111 -1112
f -1112 -1111 -1113
f -1112 -1113 -1114
f -1114 -1113 -1115
f -1114 -1115 -1116
f -1116 -1115 -1117
f -1116 -1117 -1118
f -1118 -1117 -1119
f -1118 -1119 -1120
f -1120 -1119 -1121
f -1120 -1121 -1122
f -1122 -1121 -1123
f -1122 -1123 -1124
f -1124 -1123 -1125
f -1124 -1125 -1126
f -1126 -1125 -1127
f -1126 -1127 -1146
f -1146 -1127 -1145
f -1146 -1145 -1144
f -1144 -1145 -1143
f -1144 -1143 -1142
f -1142 -1143 -1141
f -1142 -1141 -1140
f -1140 -1141 -1139
f -1140 -1139 -1138
f -1138 -1139 -1137
f -1138 -1137 -1136
f -1136 -1137 -1135
f -1136 -1135 -1134
f -1134 -1135 -1133
f -1134 -1133 -1132
f -1132 -1133 -1131
f -1132 -1131 -1130
f -1130 -1131 -1129
f -1130 -1129 -1128
f -1102 -1101 -1104
f -1104 -1101 -1108
f -1104 -1108 -1106
f -1106 -1108 -1107
f -1106 -1107 -1105
f -6904 -6905 -6906
f -6906 -6905 -6907
f -6906 -6907 -6908
f -6908 -6907 -6909
f -6908 -6909 -6910
f -6910 -6909 -6911
f -6910 -6911 -6912
f -6912 -6911 -6913
f -6912 -6913 -6903
f -6903 -6913 -6902
f -6903 -6902 -6901
f -1099 -1097 -1098
f -1098 -1097 -1096
f -1098 -1096 -1095
f -1095 -1096 -1093
f -1095 -1093 -1092
f -1092 -1091 -1095
f -1095 -1091 -1090
f -1095 -1090 -1089
f -1086 -1085 -1088
f -1088 -1085 -1084
f -1088 -1084 -1083
f -1154 -1153 -1190
f -1190 -1153 -1152
f -1190 -1152 -1197
f -1157 -1156 -1190
f -1190 -1156 -1155
f -1190 -1155 -1154
f -1160 -1159 -1190
f -1190 -1159 -1158
f -1190 -1158 -1157
f -1148 -1147 -1167
f -1167 -1147 -1162
f -1167 -1162 -1190
f -1190 -1162 -1161
f -1190 -1161 -1160
f -6914 -6916 -6932
f -6932 -6916 -6930
f -6932 -6930 -6931
f -6931 -6930 -6929
f -1193 -1194 -1195
f -1195 -1194 -1196
f -1195 -1196 -1197
f -1197 -1196 -1198
f -1197 -1198 -1192
f -1188 -1187 -1195
f -1195 -1187 -1186
f -1195 -1186 -1185
f -1197 -1189 -1195
f -1195 -1189 -1188
f -1182 -1181 -1195
f -1195 -1181 -1180
f -1195 -1180 -1179
f -1185 -1184 -1195
f -1195 -1184 -1183
f -1195 -1183 -1182
f -6922 -6924 -6926
f -6926 -6924 -6925
f -6926 -6925 -6927
f -6927 -6929 -6928
f -6928 -6929 -6930
f -6928 -6930 -6916
f -6927 -6928 -6926
f -6926 -6928 -6915
f -6926 -6915 -6923
f -1169 -1178 -1170
f -1170 -1178 -1171
f -1170 -1171 -1163
f -1163 -1171 -1164
f -1167 -1166 -1171
f -1171 -1166 -1165
f -1171 -1165 -1164
f -1174 -1173 -1178
f -1178 -1173 -1172
f -1178 -1172 -1171
f -1177 -1176 -1178
f -1178 -1176 -1175
f -1178 -1175 -1174
f -1168 -1151 -1167
f -1167 -1151 -1150
f -1167 -1150 -1149
f -1200 -1201 -1202
f -1202 -1201 -1203
f -1202 -1203 -1204
f -1204 -1203 -1205
f -1204 -1205 -1206
f -1206 -1205 -1207
f -1206 -1207 -1208
f -1208 -1207 -1209
f -1208 -1209 -1210
f -1210 -1209 -1211
f -1210 -1211 -1212
f -1212 -1211 -1213
f -1212 -1213 -1214
f -1214 -1213 -1215
f -1214 -1215 -1216
f -1216 -1215 -1217
f -1216 -1217 -1236
f -1236 -1217 -1235
f -1236 -1235 -1234
f -1234 -1235 -1233
f -1234 -1233 -1232
f -1232 -1233 -1231
f -1232 -1231 -1230
f -1230 -1231 -1229
f -1230 -1229 -1228
f -1228 -1229 -1227
f -1228 -1227 -1226
f -1226 -1227 -1225
f -1226 -1225 -1224
f -1224 -1225 -1223
f -1224 -1223 -1222
f -1222 -1223 -1221
f -1222 -1221 -1220
f -1220 -1221 -1219
f -1220 -1219 -1218
f -6775 -6774 -6776
f -6776 -6774 -6769
f -6776 -6769 -6768
f -6768 -6769 -6767
f -6768 -6767 -6766
f -6766 -6767 -6765
f -6766 -6765 -6764
f -6763 -6762 -6761
f -6761 -6762 -6760
f -6761 -6760 -6759
f -6758 -6757 -6756
f -6756 -6757 -6755
f -6756 -6755 -6754
f -6740 -6739 -6741
f -6741 -6739 -6730
f -6741 -6730 -6729
f -1267 -1266 -1268
f -1268 -1266 -1269
f -1268 -1269 -1271
f -1271 -1269 -1270
f -1271 -1270 -1272
f -1247 -1246 -1256
f -1256 -1246 -1245
f -1256 -1245 -1244
f -1250 -1249 -1256
f -1256 -1249 -1248
f -1256 -1248 -1247
f -1253 -1252 -1256
f -1256 -1252 -1251
f -1256 -1251 -1250
f -1255 -1254 -1256
f -1256 -1254 -1253
f -6715 -6720 -6718
f -6718 -6720 -6719
f -6718 -6719 -6717
f -1240 -1239 -1256
f -1256 -1239 -1238
f -1256 -1238 -1237
f -1243 -1242 -1256
f -1256 -1242 -1241
f -1256 -1241 -1240
f -1285 -1284 -1286
f -1286 -1284 -1287
f -1286 -1287 -1289
f -1289 -1287 -1288
f -1289 -1288 -1290
f -6811 -6810 -6809
f -6809 -6810 -6808
f -6809 -6808 -6807
f -6807 -6808 -6806
f -6807 -6806 -6805
f -6805 -6806 -6804
f -6805 -6804 -6803
f -6813 -6814 -6815
f -6815 -6814 -6816
f -6815 -6816 -6817
f -6817 -6816 -6818
f -6817 -6818 -6819
f -6819 -6818 -6820
f -6819 -6820 -6822
f -6822 -6820 -6821
f -6822 -6821 -6823
f -6812 -6827 -6825
f -6825 -6827 -6826
f -6825 -6826 -6824
f -1303 -1302 -1312
f -1312 -1302 -1301
f -1312 -1301 -1300
f -1306 -1305 -1312
f -1312 -1305 -1304
f -1312 -1304 -1303
f -1309 -1308 -1312
f -1312 -1308 -1307
f -1312 -1307 -1306
f -1311 -1310 -1312
f -1312 -1310 -1309
f -6781 -6798 -6782
f -6782 -6798 -6783
f -6782 -6783 -6780
f -6780 -6783 -6779
f -1296 -1295 -1312
f -1312 -1295 -1294
f -1312 -1294 -1293
f -1299 -1298 -1312
f -1312 -1298 -1297
f -1312 -1297 -1296
f -1316 -1315 -1318
f -1318 -1315 -1314
f -1318 -1314 -1313
f -1323 -1322 -1324
f -1324 -1322 -1321
f -1324 -1321 -1320
f -1328 -1327 -1330
f -1330 -1327 -1326
f -1330 -1326 -1325
f -6793 -6792 -6798
f -6798 -6792 -6791
f -6798 -6791 -6790
f -6795 -6794 -6798
f -6798 -6794 -6793
f -1334 -1333 -1336
f -1336 -1333 -1332
f -1336 -1332 -1331
f -6800 -6802 -6801
f -6801 -6802 -6810
f -6801 -6810 -6811
f -6786 -6785 -6798
f -6798 -6785 -6784
f -6798 -6784 -6783
f -6789 -6788 -6798
f -6798 -6788 -6787
f -6798 -6787 -6786
f -6293 -6305 -6310
f -6310 -6305 -6285
f -6310 -6285 -6284
f -6284 -6283 -6310
f -6310 -6283 -6308
f -6310 -6308 -6309
f -6309 -6311 -6310
f -6310 -6311 -6314
f -6310 -6314 -6316
f -6281 -6291 -6296
f -6296 -6291 -6292
f -6296 -6292 -6293
f -6297 -6295 -6296
f -6296 -6295 -6294
f -6296 -6294 -6281
f -6404 -6403 -6408
f -6408 -6403 -6402
f -6408 -6402 -6401
f -6407 -6406 -6408
f -6408 -6406 -6405
f -6408 -6405 -6404
f -6414 -6415 -6419
f -6419 -6415 -6422
f -6419 -6422 -6424
f -6424 -6422 -6423
f -6424 -6423 -6425
f -6415 -6420 -6422
f -6422 -6420 -6421
f -6422 -6421 -6423
f -6432 -6412 -6430
f -6430 -6412 -6411
f -6430 -6411 -6428
f -6428 -6411 -6410
f -6428 -6410 -6426
f -6426 -6410 -6409
f -6426 -6409 -6424
f -6424 -6409 -6418
f -6424 -6418 -6419
f -6419 -6418 -6417
f -6419 -6417 -6413
f -5824 -5822 -5825
f -5825 -5822 -5826
f -5825 -5826 -5834
f -5834 -5826 -5827
f -5834 -5827 -5836
f -5836 -5827 -5838
f -5836 -5838 -5837
f -5837 -5838 -5828
f -5837 -5828 -5829
f -5824 -5825 -5832
f -5832 -5825 -5834
f -5832 -5834 -5833
f -5833 -5834 -5835
f -5833 -5835 -5820
f -5824 -5832 -5823
f -5823 -5832 -5830
f -5838 -5827 -5828
f -5828 -5827 -5819
f -5894 -5902 -5886
f -5886 -5902 -5887
f -5886 -5887 -5901
f -5901 -5887 -5900
f -5901 -5900 -5899
f -5899 -5900 -5898
f -5899 -5898 -5897
f -5897 -5898 -5896
f -5731 -5730 -5732
f -5732 -5730 -5729
f -5732 -5729 -5742
f -5742 -5729 -5741
f -5742 -5741 -5740
f -5740 -5741 -5739
f -5740 -5739 -5738
f -5748 -5753 -5749
f -5749 -5753 -5751
f -5713 -5712 -5714
f -5714 -5712 -5711
f -5714 -5711 -5724
f -5724 -5711 -5723
f -5724 -5723 -5722
f -5722 -5723 -5721
f -5722 -5721 -5720
f -5738 -5736 -5737
f -5737 -5736 -5735
f -5737 -5735 -5734
f -5720 -5718 -5719
f -5719 -5718 -5717
f -5719 -5717 -5716
f -5797 -5796 -5798
f -5798 -5796 -5795
f -5798 -5795 -5794
f -5806 -5807 -5805
f -5805 -5807 -5804
f -5805 -5804 -5802
f -5802 -5804 -5803
f -5760 -5759 -5758
f -5758 -5759 -5757
f -5758 -5757 -5756
f -5507 -5506 -5528
f -5528 -5506 -5505
f -5528 -5505 -5504
f -5510 -5509 -5528
f -5528 -5509 -5508
f -5528 -5508 -5507
f -5513 -5512 -5528
f -5528 -5512 -5511
f -5528 -5511 -5510
f -5527 -5530 -5528
f -5528 -5530 -5529
f -5528 -5529 -5514
f -8691 -8690 -8689
f -8689 -8690 -8688
f -8689 -8688 -8687
f -8687 -8688 -8686
f -8687 -8686 -8685
f -8696 -8698 -8697
f -8697 -8698 -8693
f -8697 -8693 -8692
f -8596 -8595 -8597
f -8597 -8595 -8598
f -8597 -8598 -8600
f -8600 -8598 -8599
f -8600 -8599 -8601
f -8601 -8599 -8594
f -8601 -8594 -8587
f -8587 -8594 -8588
f -8591 -8590 -8594
f -8594 -8590 -8589
f -8594 -8589 -8588
f -8593 -8592 -8594
f -8594 -8592 -8591
f -8908 -8913 -8911
f -8911 -8913 -8912
f -8911 -8912 -8910
f -8894 -8896 -8895
f -8895 -8896 -8897
f -8895 -8897 -8878
f -8878 -8897 -8879
f -8878 -8879 -8883
f -8887 -8886 -8897
f -8897 -8886 -8885
f -8897 -8885 -8879
f -8896 -8898 -8897
f -8897 -8898 -8887
f -8933 -8934 -8935
f -8935 -8934 -8936
f -8935 -8936 -8937
f -8937 -8936 -8938
f -8937 -8938 -8939
f -8939 -8938 -8940
f -8939 -8940 -8942
f -8942 -8940 -8941
f -8942 -8941 -8943
f -8882 -8880 -8881
f -8881 -8880 -8891
f -8881 -8891 -8893
f -8893 -8891 -8892
f -8893 -8892 -8894
f -8894 -8895 -8893
f -8893 -8895 -8878
f -8893 -8878 -8881
f -8881 -8878 -8883
f -8881 -8883 -8882
f -8932 -8947 -8945
f -8945 -8947 -8946
f -8945 -8946 -8944
f -8950 -8951 -8953
f -8953 -8951 -8952
f -8953 -8952 -8954
f -8961 -8960 -8959
f -8959 -8960 -8958
f -8959 -8958 -8957
f -8810 -8812 -8811
f -8811 -8812 -8805
f -8811 -8805 -8804
f -8804 -8805 -8803
f -8804 -8803 -8802
f -8802 -8803 -8801
f -8802 -8801 -8800
f -8824 -8823 -8825
f -8825 -8823 -8818
f -8825 -8818 -8817
f -8817 -8818 -8816
f -8817 -8816 -8815
f -8815 -8816 -8814
f -8815 -8814 -8813
f -8798 -8796 -8797
f -8797 -8796 -8795
f -8797 -8795 -8793
f -8785 -8787 -8789
f -8789 -8787 -8791
f -8789 -8791 -8790
f -8845 -8856 -8858
f -8858 -8856 -8857
f -8858 -8857 -8859
f -8859 -8857 -8848
f -8859 -8848 -8849
f -8870 -8872 -8871
f -8871 -8872 -8865
f -8871 -8865 -8864
f -8864 -8865 -8863
f -8864 -8863 -8862
f -8862 -8863 -8861
f -8862 -8861 -8860
f -8876 -8875 -8877
f -8877 -8875 -8874
f -8877 -8874 -8873
f -8837 -8836 -8838
f -8838 -8836 -8830
f -8838 -8830 -8827
f -8827 -8830 -8828
f -8853 -8854 -8852
f -8852 -8854 -8847
f -8852 -8847 -8846
f -9037 -9036 -9040
f -9040 -9036 -9035
f -7875 -7876 -7877
f -7877 -7876 -7878
f -7877 -7878 -7879
f -7879 -7878 -7881
f -7879 -7881 -7880
f -7880 -7881 -7882
f -7905 -7906 -7907
f -7907 -7906 -7908
f -7907 -7908 -7909
f -7909 -7908 -7910
f -7909 -7910 -7911
f -7911 -7910 -7912
f -7911 -7912 -7913
f -7913 -7912 -7914
f -7913 -7914 -7904
f -7904 -7914 -7903
f -7904 -7903 -7902
f -7902 -7903 -7901
f -7902 -7901 -7900
f -7900 -7901 -7899
f -7900 -7899 -7898
f -7897 -7896 -7907
f -7907 -7896 -7905
f -7921 -7925 -7926
f -7926 -7925 -7941
f -7926 -7941 -7943
f -7943 -7941 -7942
f -7943 -7942 -7944
f -7944 -7942 -7923
f -7925 -7924 -7941
f -7941 -7924 -7939
f -7941 -7939 -7940
f -7940 -7939 -7938
f -7940 -7938 -7933
f -7933 -7938 -7927
f -7933 -7927 -7931
f -7931 -7927 -7928
f -7931 -7928 -7929
f -7929 -7928 -7922
f -7929 -7930 -7931
f -7931 -7930 -7932
f -7931 -7932 -7933
f -7933 -7932 -7934
f -7933 -7934 -7940
f -7940 -7934 -7935
f -7940 -7935 -7942
f -7938 -7939 -7937
f -7937 -7939 -7924
f -7937 -7924 -7919
f -7937 -7936 -7938
f -7938 -7936 -7927
f -7963 -7962 -7964
f -7964 -7962 -7961
f -7964 -7961 -7960
f -7960 -7961 -7958
f -7960 -7958 -7959
f -7959 -7958 -7957
f -7959 -7949 -7964
f -7964 -7949 -7966
f -7964 -7966 -7965
f -7965 -7966 -7967
f -7949 -7950 -7966
f -7966 -7950 -7951
f -7966 -7951 -7968
f -7757 -7759 -7758
f -7758 -7759 -7745
f -7758 -7745 -7744
f -7743 -7742 -7745
f -7745 -7742 -7741
f -7745 -7741 -7748
f -7821 -7822 -7834
f -7834 -7822 -7836
f -7834 -7836 -7835
f -7835 -7836 -7816
f -7835 -7816 -7815
f -7845 -7855 -7846
f -7846 -7855 -7847
f -7846 -7847 -7843
f -7843 -7847 -7844
f -7843 -7844 -7838
f -7822 -7823 -7836
f -7836 -7823 -7816
f -7815 -7814 -7835
f -7835 -7814 -7833
f -7835 -7833 -7834
f -7834 -7833 -7832
f -7834 -7832 -7821
f -7821 -7832 -7820
f -7848 -7847 -7857
f -7857 -7847 -7855
f -7857 -7855 -7856
f -7839 -7842 -7850
f -7850 -7842 -7852
f -7850 -7852 -7851
f -7851 -7852 -7853
f -7851 -7853 -7837
f -7854 -7853 -7858
f -7858 -7853 -7852
f -7858 -7852 -7860
f -7860 -7852 -7842
f -7860 -7842 -7862
f -7849 -7848 -7859
f -7859 -7848 -7857
f -7859 -7857 -7858
f -7858 -7857 -7856
f -7858 -7856 -7854
f -7862 -7861 -7860
f -7860 -7861 -7859
f -7860 -7859 -7858
f -7818 -7819 -7824
f -7824 -7819 -7830
f -7824 -7830 -7828
f -7828 -7830 -7829
f -7819 -7820 -7830
f -7830 -7820 -7832
f -7830 -7832 -7831
f -7831 -7832 -7833
f -7831 -7833 -7813
f -7813 -7833 -7814
f -7830 -7831 -7829
f -7829 -7831 -7812
f -7817 -7818 -7826
f -7826 -7818 -7824
f -7826 -7824 -7825
f -7825 -7824 -7828
f -7723 -7722 -7724
f -7724 -7722 -7721
f -7724 -7721 -7726
f -7723 -7724 -7733
f -7733 -7724 -7734
f -7733 -7734 -7739
f -7733 -7739 -7737
f -7737 -7739 -7738
f -7737 -7738 -7736
f -7507 -7506 -7508
f -7508 -7506 -7505
f -7508 -7505 -7504
f -7503 -7502 -7508
f -7508 -7502 -7501
f -7508 -7501 -7500
f -7491 -7489 -7484
f -7484 -7489 -7483
f -7484 -7483 -7482
f -7991 -7990 -8003
f -8003 -7990 -8002
f -8003 -8002 -8004
f -8004 -8002 -8001
f -8004 -8001 -8000
f -8021 -7995 -8003
f -8003 -7995 -7994
f -8003 -7994 -7993
f -7998 -7997 -8004
f -8004 -7997 -7996
f -8004 -7996 -8005
f -8000 -7999 -8004
f -8004 -7999 -7998
f -7993 -7992 -8003
f -8003 -7992 -7991
f -10458 -10457 -10456
f -10456 -10457 -10455
f -10456 -10455 -10454
f -10449 -10448 -10447
f -10447 -10448 -10446
f -10447 -10446 -10445
f -10476 -10475 -10474
f -10474 -10475 -10473
f -10474 -10473 -10472
f -10467 -10466 -10465
f -10465 -10466 -10464
f -10465 -10464 -10463
f -9720 -9719 -9723
f -9723 -9719 -9718
f -9723 -9718 -9717
f -9722 -9721 -9723
f -9723 -9721 -9720
f -9687 -9683 -9686
f -9686 -9683 -9682
f -9686 -9682 -9685
f -9653 -9656 -9657
f -9657 -9656 -9672
f -9657 -9672 -9674
f -9674 -9672 -9673
f -9674 -9673 -9675
f -9675 -9673 -9654
f -9656 -9655 -9672
f -9672 -9655 -9670
f -9672 -9670 -9671
f -9671 -9670 -9669
f -9671 -9669 -9664
f -9664 -9669 -9658
f -9664 -9658 -9662
f -9662 -9658 -9659
f -9662 -9659 -9660
f -9660 -9659 -9652
f -9660 -9661 -9662
f -9662 -9661 -9663
f -9662 -9663 -9664
f -9664 -9663 -9665
f -9664 -9665 -9671
f -9671 -9665 -9666
f -9671 -9666 -9673
f -9669 -9670 -9668
f -9668 -9670 -9655
f -9668 -9655 -9650
f -9668 -9667 -9669
f -9669 -9667 -9658
f -9715 -9714 -9716
f -9716 -9714 -9713
f -9716 -9713 -9712
f -9708 -9707 -9716
f -9716 -9707 -9706
f -9716 -9706 -9705
f -9711 -9710 -9716
f -9716 -9710 -9709
f -9716 -9709 -9708
f -9688 -9687 -9698
f -9698 -9687 -9696
f -9698 -9696 -9697
f -9697 -9696 -9695
f -9697 -9695 -9693
f -9693 -9692 -9697
f -9697 -9692 -9691
f -9697 -9691 -9699
f -9699 -9691 -9681
f -9699 -9681 -9701
f -9695 -9696 -9694
f -9694 -9696 -9686
f -9694 -9686 -9685
f -9678 -9681 -9689
f -9689 -9681 -9691
f -9689 -9691 -9690
f -9690 -9691 -9692
f -9690 -9692 -9676
f -9697 -9699 -9698
f -9698 -9699 -9700
f -9698 -9700 -9688
f -9699 -9701 -9700
f -9700 -9701 -9680
f -9700 -9680 -9679
f -9626 -9625 -9627
f -9627 -9625 -9614
f -9641 -9640 -9646
f -9646 -9640 -9639
f -9646 -9639 -9638
f -9643 -9642 -9646
f -9646 -9642 -9641
f -9647 -9646 -9649
f -9649 -9646 -9645
f -9649 -9645 -9644
f -9649 -9648 -9647
f -9647 -9648 -9637
f -9608 -9606 -9607
f -9607 -9606 -9605
f -9607 -9605 -9633
f -9613 -9611 -9612
f -9612 -9611 -9610
f -9612 -9610 -9609
f -9609 -9610 -9608
f -9609 -9608 -9607
f -9565 -9568 -9566
f -9566 -9568 -9567
f -9566 -9567 -9562
f -9576 -9575 -9577
f -9577 -9575 -9570
f -9577 -9570 -9569
f -11133 -11132 -11131
f -11131 -11132 -11130
f -11131 -11130 -11129
f -11125 -11128 -11126
f -11126 -11128 -11127
f -11126 -11127 -11133
f -11109 -11108 -11110
f -11110 -11108 -11103
f -11110 -11103 -11102
f -11091 -11090 -11092
f -11092 -11090 -11089
f -11092 -11089 -11088
f -11091 -11092 -11093
f -11093 -11092 -11094
f -11093 -11094 -11095
f -11095 -11094 -11096
f -11095 -11096 -11086
f -11080 -11081 -11082
f -11082 -11081 -11083
f -11082 -11083 -11084
f -11084 -11083 -11085
f -11084 -11085 -11071
f -11228 -11227 -11229
f -11229 -11227 -11239
f -11229 -11239 -11241
f -11241 -11239 -11240
f -11241 -11240 -11242
f -4811 -4816 -4810
f -4810 -4816 -4817
f -4810 -4817 -4809
f -4812 -4813 -4802
f -4802 -4813 -4801
f -4802 -4801 -4800
f -4817 -4816 -4815
f -4815 -4816 -4814
f -4800 -4799 -4802
f -4802 -4799 -4805
f -4802 -4805 -4803
f -4803 -4805 -4804
f -4803 -4804 -4808
f -11344 -11337 -11338
f -11338 -11337 -11353
f -11338 -11353 -11336
f -11339 -11340 -11341
f -11341 -11340 -11342
f -11341 -11342 -11343
f -11343 -11342 -11344
f -11343 -11344 -11338
f -4720 -4719 -4722
f -4722 -4719 -4718
f -4722 -4718 -4717
f -4726 -4725 -4724
f -4724 -4725 -4723
f -4724 -4723 -4722
f -4722 -4723 -4721
f -4722 -4721 -4720
f -11498 -11500 -11499
f -11499 -11500 -11489
f -11499 -11489 -11506
f -4771 -4770 -4773
f -4773 -4770 -4769
f -4773 -4769 -4768
f -4793 -4792 -4794
f -4794 -4792 -4787
f -4794 -4787 -4786
f -4746 -4750 -4748
f -4748 -4750 -4749
f -4748 -4749 -4747
f -10698 -10696 -10693
f -10693 -10696 -10692
f -10693 -10692 -10691
f -10667 -10666 -10665
f -10665 -10666 -10672
f -10665 -10672 -10670
f -10670 -10672 -10671
f -10670 -10671 -10669
f -10662 -10658 -10659
f -10659 -10658 -10657
f -10659 -10657 -10656
f -10945 -10944 -10946
f -10946 -10944 -10943
f -10946 -10943 -10956
f -10956 -10943 -10955
f -10956 -10955 -10954
f -10954 -10955 -10953
f -10954 -10953 -10952
f -10952 -10950 -10951
f -10951 -10950 -10949
f -10951 -10949 -10948
f -10931 -10930 -10932
f -10932 -10930 -10929
f -10932 -10929 -10942
f -10942 -10929 -10941
f -10942 -10941 -10940
f -10940 -10941 -10939
f -10940 -10939 -10938
f -11047 -11046 -11048
f -11048 -11046 -11041
f -11048 -11041 -11040
f -11053 -11052 -11055
f -11055 -11052 -11051
f -11055 -11051 -11050
f -11059 -11058 -11057
f -11057 -11058 -11056
f -11057 -11056 -11055
f -11055 -11056 -11054
f -11055 -11054 -11053
f -5318 -5320 -5319
f -5319 -5320 -5311
f -5319 -5311 -5329
f -10843 -10842 -10844
f -10844 -10842 -10830
f -10844 -10830 -10833
f -5309 -5308 -5310
f -5310 -5308 -5315
f -5310 -5315 -5317
f -5317 -5315 -5316
f -5317 -5316 -5318
f -10834 -10835 -10826
f -10826 -10835 -10825
f -10826 -10825 -10828
f -10836 -10837 -10838
f -10838 -10837 -10839
f -10838 -10839 -10831
f -10938 -10936 -10937
f -10937 -10936 -10935
f -10937 -10935 -10934
f -10882 -10881 -10883
f -10883 -10881 -10870
f -10883 -10870 -10873
f -2129 -2128 -2134
f -2134 -2128 -2127
f -2134 -2127 -2126
f -2132 -2131 -2134
f -2134 -2131 -2130
f -2134 -2130 -2129
f -2116 -2117 -2118
f -2118 -2117 -2119
f -2118 -2119 -2120
f -2120 -2119 -2121
f -2120 -2121 -2122
f -2122 -2121 -2123
f -2122 -2123 -2124
f -2124 -2123 -2125
f -2124 -2125 -2101
f -2103 -2104 -2105
f -2105 -2104 -2106
f -2105 -2106 -2107
f -2107 -2106 -2108
f -2107 -2108 -2115
f -2115 -2108 -2114
f -2115 -2114 -2113
f -2113 -2114 -2112
f -2113 -2112 -2111
f -2111 -2112 -2110
f -2111 -2110 -2109
f -2107 -2088 -2089
f -2089 -2088 -2094
f -2089 -2094 -2095
f -2095 -2094 -2120
f -2095 -2120 -2122
f -2111 -2090 -2113
f -2113 -2090 -2091
f -2113 -2091 -2115
f -2115 -2091 -2088
f -2115 -2088 -2107
f -2086 -2087 -2092
f -2092 -2087 -2118
f -2092 -2118 -2093
f -2093 -2118 -2094
f -2093 -2094 -2088
f -1915 -1916 -1917
f -1917 -1916 -1918
f -1917 -1918 -1919
f -1919 -1918 -1920
f -1919 -1920 -1921
f -1921 -1920 -1922
f -1921 -1922 -1923
f -1923 -1922 -1924
f -1923 -1924 -1925
f -1925 -1924 -1926
f -1925 -1926 -1927
f -1927 -1926 -1928
f -1927 -1928 -1929
f -1929 -1928 -1930
f -1929 -1930 -1931
f -1931 -1930 -1932
f -1931 -1932 -1951
f -1951 -1932 -1950
f -1951 -1950 -1949
f -1949 -1950 -1948
f -1949 -1948 -1947
f -1947 -1948 -1946
f -1947 -1946 -1945
f -1945 -1946 -1944
f -1945 -1944 -1943
f -1943 -1944 -1942
f -1943 -1942 -1941
f -1941 -1942 -1940
f -1941 -1940 -1939
f -1939 -1940 -1938
f -1939 -1938 -1937
f -1937 -1938 -1936
f -1937 -1936 -1935
f -1935 -1936 -1934
f -1935 -1934 -1933
f -1964 -1963 -1971
f -1971 -1963 -1962
f -1971 -1962 -1961
f -1967 -1966 -1971
f -1971 -1966 -1965
f -1971 -1965 -1964
f -1970 -1969 -1971
f -1971 -1969 -1968
f -1971 -1968 -1967
f -1956 -1955 -1971
f -1971 -1955 -1954
f -1971 -1954 -1953
f -1959 -1958 -1971
f -1971 -1958 -1957
f -1971 -1957 -1956
f -1961 -1960 -1971
f -1971 -1960 -1959
f -1883 -1882 -1888
f -1888 -1882 -1905
f -1888 -1905 -1903
f -1903 -1905 -1904
f -1872 -1871 -1900
f -1900 -1871 -1870
f -1900 -1870 -1912
f -1875 -1874 -1900
f -1900 -1874 -1873
f -1900 -1873 -1872
f -1878 -1877 -1900
f -1900 -1877 -1876
f -1900 -1876 -1875
f -1863 -1862 -1869
f -1869 -1862 -1880
f -1869 -1880 -1900
f -1900 -1880 -1879
f -1900 -1879 -1878
f -1892 -1891 -1910
f -1910 -1891 -1890
f -1910 -1890 -1889
f -1895 -1894 -1910
f -1910 -1894 -1893
f -1910 -1893 -1892
f -1898 -1897 -1910
f -1910 -1897 -1896
f -1910 -1896 -1895
f -1899 -1910 -1912
f -1912 -1910 -1911
f -1912 -1911 -1913
f -1906 -1905 -1907
f -1907 -1905 -1869
f -1907 -1869 -1868
f -1913 -1902 -1912
f -1912 -1902 -1901
f -1912 -1901 -1900
f -1886 -1885 -1888
f -1888 -1885 -1884
f -1888 -1884 -1883
f -11706 -11708 -11707
f -11707 -11708 -11711
f -11707 -11711 -11713
f -11688 -11689 -11693
f -11693 -11689 -11690
f -11693 -11690 -11707
f -11707 -11690 -11702
f -11707 -11702 -11682
f -11706 -11707 -11705
f -11705 -11707 -11680
f -11682 -11681 -11707
f -11707 -11681 -11680
f -1866 -1865 -1869
f -1869 -1865 -1864
f -1869 -1864 -1863
f -1905 -1867 -1869
f -1869 -1867 -1866
f -1825 -1826 -1827
f -1827 -1826 -1828
f -1827 -1828 -1829
f -1829 -1828 -1830
f -1829 -1830 -1831
f -1831 -1830 -1832
f -1831 -1832 -1833
f -1833 -1832 -1834
f -1833 -1834 -1835
f -1835 -1834 -1836
f -1835 -1836 -1837
f -1837 -1836 -1838
f -1837 -1838 -1839
f -1839 -1838 -1840
f -1839 -1840 -1841
f -1841 -1840 -1842
f -1841 -1842 -1861
f -1861 -1842 -1860
f -1861 -1860 -1859
f -1859 -1860 -1858
f -1859 -1858 -1857
f -1857 -1858 -1856
f -1857 -1856 -1855
f -1855 -1856 -1854
f -1855 -1854 -1853
f -1853 -1854 -1852
f -1853 -1852 -1851
f -1851 -1852 -1850
f -1851 -1850 -1849
f -1849 -1850 -1848
f -1849 -1848 -1847
f -1847 -1848 -1846
f -1847 -1846 -1845
f -1845 -1846 -1844
f -1845 -1844 -1843
f -2049 -2048 -2051
f -2051 -2048 -2047
f -2051 -2047 -2046
f -2043 -2042 -2045
f -2045 -2042 -2041
f -2045 -2041 -2040
f -11694 -11692 -11693
f -11693 -11692 -11691
f -11693 -11691 -11678
f -2063 -2062 -2067
f -2067 -2062 -2061
f -2067 -2061 -2060
f -2066 -2065 -2067
f -2067 -2065 -2064
f -2067 -2064 -2063
f -2074 -2073 -2077
f -2077 -2073 -2072
f -2077 -2072 -2071
f -2076 -2075 -2077
f -2077 -2075 -2074
f -2071 -2070 -2077
f -2077 -2070 -2069
f -2077 -2069 -2068
f -2081 -2080 -2085
f -2085 -2080 -2079
f -2085 -2079 -2078
f -2084 -2083 -2085
f -2085 -2083 -2082
f -2085 -2082 -2081
f -2109 -2086 -2090
f -2090 -2086 -2092
f -2090 -2092 -2091
f -2091 -2092 -2093
f -2091 -2093 -2088
f -2122 -2099 -2095
f -2095 -2099 -2097
f -2095 -2097 -2089
f -2089 -2097 -2105
f -2089 -2105 -2107
f -2124 -2101 -2099
f -2099 -2101 -2100
f -2099 -2100 -2098
f -2000 -1999 -2001
f -2001 -1999 -2002
f -2001 -2002 -2004
f -2004 -2002 -2003
f -2004 -2003 -2005
f -1982 -1981 -1983
f -1983 -1981 -1984
f -1983 -1984 -1986
f -1986 -1984 -1985
f -1986 -1985 -1987
f -2020 -2019 -2027
f -2027 -2019 -2018
f -2027 -2018 -2017
f -2031 -2030 -2033
f -2033 -2030 -2029
f -2033 -2029 -2028
f -2023 -2022 -2027
f -2027 -2022 -2021
f -2027 -2021 -2020
f -2026 -2025 -2027
f -2027 -2025 -2024
f -2027 -2024 -2023
f -2012 -2011 -2027
f -2027 -2011 -2010
f -2027 -2010 -2009
f -2015 -2014 -2027
f -2027 -2014 -2013
f -2027 -2013 -2012
f -2017 -2016 -2027
f -2027 -2016 -2015
f -2037 -2036 -2039
f -2039 -2036 -2035
f -2039 -2035 -2034
f -1744 -1743 -1748
f -1748 -1743 -1747
f -1748 -1747 -1757
f -1757 -1747 -1753
f -1757 -1753 -1755
f -1755 -1753 -1754
f -1755 -1754 -1756
f -1756 -1754 -1766
f -1756 -1766 -1768
f -1768 -1766 -1767
f -1768 -1767 -1769
f -1753 -1747 -1746
f -1746 -1747 -1742
f -1739 -1740 -1763
f -1763 -1740 -1741
f -1763 -1741 -1750
f -1750 -1741 -1745
f -1750 -1745 -1749
f -1749 -1745 -1744
f -1749 -1744 -1748
f -1734 -1733 -1738
f -1738 -1733 -1732
f -1738 -1732 -1731
f -1737 -1736 -1738
f -1738 -1736 -1735
f -1738 -1735 -1734
f -1726 -1725 -1730
f -1730 -1725 -1724
f -1730 -1724 -1723
f -1729 -1728 -1730
f -1730 -1728 -1727
f -1730 -1727 -1726
f -1775 -1773 -1774
f -1774 -1773 -1772
f -1774 -1772 -1764
f -1764 -1772 -1752
f -1764 -1752 -1739
f -1773 -1771 -1772
f -1772 -1771 -1770
f -1772 -1770 -1751
f -1769 -1778 -1768
f -1768 -1778 -1758
f -1768 -1758 -1756
f -1756 -1758 -1757
f -1756 -1757 -1755
f -1769 -1777 -1778
f -1778 -1777 -1776
f -1778 -1776 -1760
f -1760 -1776 -1762
f -1760 -1762 -1761
f -1761 -1762 -1763
f -1761 -1763 -1750
f -1739 -1763 -1764
f -1764 -1763 -1762
f -1764 -1762 -1774
f -1774 -1762 -1776
f -1774 -1776 -1775
f -1775 -1776 -1777
f -1750 -1749 -1761
f -1761 -1749 -1759
f -1761 -1759 -1760
f -1760 -1759 -1758
f -1760 -1758 -1778
f -1758 -1759 -1757
f -1757 -1759 -1748
f -1799 -1794 -1795
f -1795 -1794 -1793
f -1795 -1793 -1792
f -1782 -1781 -1787
f -1787 -1781 -1780
f -1787 -1780 -1779
f -1785 -1784 -1787
f -1787 -1784 -1783
f -1787 -1783 -1782
f -1808 -1811 -1815
f -1815 -1811 -1814
f -1815 -1814 -1813
f -1813 -1814 -1812
f -1800 -1803 -1807
f -1807 -1803 -1806
f -1807 -1806 -1805
f -1805 -1806 -1804
f -1817 -1816 -1819
f -1819 -1816 -1823
f -1819 -1823 -1821
f -1821 -1823 -1822
f -1821 -1822 -1820
f -1645 -1644 -1647
f -1647 -1644 -1643
f -1647 -1643 -1642
f -1651 -1650 -1653
f -1653 -1650 -1649
f -1653 -1649 -1648
f -1619 -1618 -1635
f -1635 -1618 -1617
f -1635 -1617 -1616
f -1639 -1638 -1641
f -1641 -1638 -1637
f -1641 -1637 -1636
f -1628 -1627 -1635
f -1635 -1627 -1626
f -1635 -1626 -1625
f -1631 -1630 -1635
f -1635 -1630 -1629
f -1635 -1629 -1628
f -1634 -1633 -1635
f -1635 -1633 -1632
f -1635 -1632 -1631
f -1622 -1621 -1635
f -1635 -1621 -1620
f -1635 -1620 -1619
f -1625 -1624 -1635
f -1635 -1624 -1623
f -1635 -1623 -1622
f -1608 -1607 -1609
f -1609 -1607 -1610
f -1609 -1610 -1612
f -1612 -1610 -1611
f -1612 -1611 -1613
f -1675 -1674 -1679
f -1679 -1674 -1678
f -1679 -1678 -1689
f -1689 -1678 -1687
f -1689 -1687 -1688
f -1688 -1687 -1686
f -1688 -1686 -1698
f -1698 -1686 -1696
f -1698 -1696 -1697
f -1697 -1696 -1695
f -1707 -1705 -1706
f -1706 -1705 -1704
f -1706 -1704 -1692
f -1692 -1704 -1694
f -1692 -1694 -1693
f -1693 -1694 -1669
f -1693 -1669 -1670
f -1699 -1707 -1708
f -1708 -1707 -1706
f -1708 -1706 -1690
f -1690 -1706 -1692
f -1690 -1692 -1691
f -1691 -1692 -1693
f -1691 -1693 -1680
f -1680 -1693 -1671
f -1680 -1671 -1675
f -1697 -1699 -1698
f -1698 -1699 -1708
f -1698 -1708 -1688
f -1688 -1708 -1690
f -1688 -1690 -1689
f -1689 -1690 -1691
f -1689 -1691 -1679
f -1679 -1691 -1680
f -1679 -1680 -1675
f -1705 -1703 -1704
f -1704 -1703 -1702
f -1704 -1702 -1694
f -1694 -1702 -1682
f -1694 -1682 -1669
f -1703 -1701 -1702
f -1702 -1701 -1700
f -1702 -1700 -1681
f -1716 -1715 -1722
f -1722 -1715 -1714
f -1722 -1714 -1713
f -1719 -1718 -1722
f -1722 -1718 -1717
f -1722 -1717 -1716
f -1721 -1720 -1722
f -1722 -1720 -1719
f -1667 -1666 -1668
f -1668 -1666 -1665
f -1668 -1665 -1664
f -1663 -1662 -1668
f -1668 -1662 -1661
f -1668 -1661 -1660
f -1657 -1656 -1659
f -1659 -1656 -1655
f -1659 -1655 -1654
f -1672 -1676 -1677
f -1677 -1676 -1683
f -1677 -1683 -1687
f -1687 -1683 -1685
f -1687 -1685 -1686
f -1686 -1685 -1684
f -1686 -1684 -1696
f -1687 -1678 -1677
f -1677 -1678 -1673
f -1677 -1673 -1672
f -1523 -1524 -1525
f -1525 -1524 -1526
f -1525 -1526 -1527
f -1527 -1526 -1528
f -1527 -1528 -1529
f -1529 -1528 -1530
f -1529 -1530 -1531
f -1531 -1530 -1532
f -1531 -1532 -1533
f -1533 -1532 -1534
f -1533 -1534 -1535
f -1535 -1534 -1536
f -1535 -1536 -1537
f -1537 -1536 -1538
f -1537 -1538 -1539
f -1539 -1538 -1540
f -1539 -1540 -1559
f -1559 -1540 -1558
f -1559 -1558 -1557
f -1557 -1558 -1556
f -1557 -1556 -1555
f -1555 -1556 -1554
f -1555 -1554 -1553
f -1553 -1554 -1552
f -1553 -1552 -1551
f -1551 -1552 -1550
f -1551 -1550 -1549
f -1549 -1550 -1548
f -1549 -1548 -1547
f -1547 -1548 -1546
f -1547 -1546 -1545
f -1545 -1546 -1544
f -1545 -1544 -1543
f -1543 -1544 -1542
f -1543 -1542 -1541
f -1572 -1571 -1579
f -1579 -1571 -1570
f -1579 -1570 -1569
f -1575 -1574 -1579
f -1579 -1574 -1573
f -1579 -1573 -1572
f -1578 -1577 -1579
f -1579 -1577 -1576
f -1579 -1576 -1575
f -1564 -1563 -1579
f -1579 -1563 -1562
f -1579 -1562 -1561
f -1567 -1566 -1579
f -1579 -1566 -1565
f -1579 -1565 -1564
f -1569 -1568 -1579
f -1579 -1568 -1567
f -1590 -1589 -1591
f -1591 -1589 -1592
f -1591 -1592 -1594
f -1594 -1592 -1593
f -1594 -1593 -1595
f -1492 -1501 -1493
f -1493 -1501 -1494
f -1493 -1494 -1486
f -1486 -1494 -1487
f -1490 -1489 -1494
f -1494 -1489 -1488
f -1494 -1488 -1487
f -1472 -1471 -1490
f -1490 -1471 -1470
f -1490 -1470 -1485
f -1491 -1474 -1490
f -1490 -1474 -1473
f -1490 -1473 -1472
f -1433 -1434 -1435
f -1435 -1434 -1436
f -1435 -1436 -1437
f -1437 -1436 -1438
f -1437 -1438 -1439
f -1439 -1438 -1440
f -1439 -1440 -1441
f -1441 -1440 -1442
f -1441 -1442 -1443
f -1443 -1442 -1444
f -1443 -1444 -1445
f -1445 -1444 -1446
f -1445 -1446 -1447
f -1447 -1446 -1448
f -1447 -1448 -1449
f -1449 -1448 -1450
f -1449 -1450 -1469
f -1469 -1450 -1468
f -1469 -1468 -1467
f -1467 -1468 -1466
f -1467 -1466 -1465
f -1465 -1466 -1464
f -1465 -1464 -1463
f -1463 -1464 -1462
f -1463 -1462 -1461
f -1461 -1462 -1460
f -1461 -1460 -1459
f -1459 -1460 -1458
f -1459 -1458 -1457
f -1457 -1458 -1456
f -1457 -1456 -1455
f -1455 -1456 -1454
f -1455 -1454 -1453
f -1453 -1454 -1452
f -1453 -1452 -1451
f -1520 -1512 -1518
f -1518 -1512 -1511
f -1518 -1511 -1510
f -1516 -1517 -1518
f -1518 -1517 -1519
f -1518 -1519 -1520
f -1520 -1519 -1521
f -1520 -1521 -1515
f -1505 -1504 -1518
f -1518 -1504 -1503
f -1518 -1503 -1502
f -1508 -1507 -1518
f -1518 -1507 -1506
f -1518 -1506 -1505
f -1510 -1509 -1518
f -1518 -1509 -1508
f -1497 -1496 -1501
f -1501 -1496 -1495
f -1501 -1495 -1494
f -1500 -1499 -1501
f -1501 -1499 -1498
f -1501 -1498 -1497
f -1477 -1476 -1513
f -1513 -1476 -1475
f -1513 -1475 -1520
f -1480 -1479 -1513
f -1513 -1479 -1478
f -1513 -1478 -1477
f -1483 -1482 -1513
f -1513 -1482 -1481
f -1513 -1481 -1480
f -1490 -1485 -1513
f -1513 -1485 -1484
f -1513 -1484 -1483
f -1413 -1412 -1418
f -1418 -1412 -1411
f -1418 -1411 -1410
f -1416 -1415 -1418
f -1418 -1415 -1414
f -1418 -1414 -1413
f -1407 -1406 -1409
f -1409 -1406 -1405
f -1409 -1405 -1404
f -1400 -1399 -1403
f -1403 -1399 -1398
f -1403 -1398 -1405
f -1402 -1401 -1403
f -1403 -1401 -1400
f -1428 -1426 -1427
f -1427 -1426 -1425
f -1427 -1425 -1424
f -1422 -1420 -1421
f -1421 -1420 -1419
f -1421 -1419 -1418
f -1418 -1419 -1416
f -1389 -1388 -1390
f -1390 -1388 -1387
f -1390 -1387 -1391
f -1390 -1391 -1392
f -1392 -1391 -1393
f -1392 -1393 -1394
f -1394 -1393 -1395
f -1394 -1395 -1396
f -1396 -1395 -1397
f -1396 -1397 -1386
f -1347 -1376 -1378
f -1378 -1376 -1377
f -1378 -1377 -1379
f -1363 -1364 -1365
f -1365 -1364 -1366
f -1365 -1366 -1367
f -1367 -1366 -1368
f -1367 -1368 -1375
f -1375 -1368 -1374
f -1375 -1374 -1373
f -1373 -1374 -1372
f -1373 -1372 -1371
f -1371 -1372 -1370
f -1371 -1370 -1369
f -1358 -1356 -1357
f -1357 -1356 -1365
f -1357 -1365 -1349
f -1349 -1365 -1367
f -1349 -1367 -1348
f -1348 -1367 -1375
f -1348 -1375 -1351
f -1351 -1375 -1373
f -1351 -1373 -1350
f -1350 -1373 -1371
f -1350 -1371 -1369
f -1381 -1383 -1382
f -1382 -1383 -1384
f -1382 -1384 -1359
f -1359 -1384 -1361
f -1359 -1361 -1360
f -1383 -1385 -1384
f -1384 -1385 -1361
f -1379 -1380 -1378
f -1378 -1380 -1354
f -1378 -1354 -1353
f -1353 -1354 -1348
f -1353 -1348 -1351
f -1358 -1357 -1359
f -1359 -1357 -1355
f -1359 -1355 -1382
f -1382 -1355 -1380
f -1382 -1380 -1381
f -1381 -1380 -1379
f -1347 -1378 -1352
f -1352 -1378 -1353
f -1352 -1353 -1351
f -1351 -1350 -1352
f -1352 -1350 -1346
f -1352 -1346 -1347
f -1348 -1354 -1349
f -1349 -1354 -1355
f -1349 -1355 -1357
f -1342 -1341 -1345
f -1345 -1341 -1340
f -1345 -1340 -1339
f -1344 -1343 -1345
f -1345 -1343 -1342
f -1339 -1338 -1345
f -1345 -1338 -1337
f -12836 -12835 -12834
f -12834 -12835 -12833
f -12834 -12833 -12832
f -12832 -12833 -12831
f -12832 -12831 -12830
f -12830 -12831 -12829
f -12830 -12829 -12828
f -12846 -12845 -12844
f -12844 -12845 -12843
f -12844 -12843 -12842
f -12842 -12843 -12841
f -12842 -12841 -12840
f -12840 -12841 -12839
f -12840 -12839 -12838
f -12856 -12855 -12854
f -12854 -12855 -12853
f -12854 -12853 -12852
f -12852 -12853 -12851
f -12852 -12851 -12850
f -12850 -12851 -12849
f -12850 -12849 -12848
f -12746 -12747 -12744
f -12744 -12747 -12745
f -12744 -12745 -12743
f -12753 -12752 -12754
f -12754 -12752 -12739
f -12754 -12739 -12740
f -12738 -12737 -12736
f -12736 -12737 -12735
f -12736 -12735 -12734
f -12734 -12735 -12733
f -12734 -12733 -12732
f -12732 -12733 -12731
f -12732 -12731 -12730
f -12708 -12707 -12706
f -12706 -12707 -12705
f -12706 -12705 -12704
f -12704 -12705 -12703
f -12704 -12703 -12702
f -12702 -12703 -12701
f -12702 -12701 -12700
f -12718 -12717 -12716
f -12716 -12717 -12715
f -12716 -12715 -12714
f -12714 -12715 -12713
f -12714 -12713 -12712
f -12712 -12713 -12711
f -12712 -12711 -12710
f -12728 -12727 -12726
f -12726 -12727 -12725
f -12726 -12725 -12724
f -12724 -12725 -12723
f -12724 -12723 -12722
f -12722 -12723 -12721
f -12722 -12721 -12720
f -12618 -12619 -12616
f -12616 -12619 -12617
f -12616 -12617 -12615
f -12625 -12624 -12626
f -12626 -12624 -12611
f -12626 -12611 -12612
f -12866 -12865 -12864
f -12864 -12865 -12863
f -12864 -12863 -12862
f -12862 -12863 -12861
f -12862 -12861 -12860
f -12860 -12861 -12859
f -12860 -12859 -12858
f -13525 -13524 -13523
f -13523 -13524 -13522
f -13523 -13522 -13521
f -13521 -13522 -13520
f -13521 -13520 -13519
f -13519 -13520 -13518
f -13519 -13518 -13517
f -13514 -13513 -13512
f -13512 -13513 -13511
f -13512 -13511 -13510
f -13510 -13511 -13509
f -13510 -13509 -13508
f -13556 -13555 -13554
f -13554 -13555 -13553
f -13554 -13553 -13552
f -13552 -13553 -13551
f -13552 -13551 -13550
f -13550 -13551 -13549
f -13550 -13549 -13548
f -13535 -13534 -13533
f -13533 -13534 -13532
f -13533 -13532 -13531
f -13531 -13532 -13530
f -13531 -13530 -13529
f -13529 -13530 -13528
f -13529 -13528 -13527
f -13545 -13544 -13543
f -13543 -13544 -13542
f -13543 -13542 -13541
f -13541 -13542 -13540
f -13541 -13540 -13539
f -13539 -13540 -13538
f -13539 -13538 -13537
f -13574 -13573 -13572
f -13572 -13573 -13571
f -13572 -13571 -13570
f -13570 -13571 -13569
f -13570 -13569 -13568
f -13568 -13569 -13567
f -13568 -13567 -13566
f -13586 -13588 -13587
f -13587 -13588 -13597
f -13587 -13597 -13595
f -13595 -13597 -13596
f -13595 -13596 -13594
f -13584 -13583 -13582
f -13582 -13583 -13581
f -13582 -13581 -13580
f -13580 -13581 -13579
f -13580 -13579 -13578
f -13578 -13579 -13577
f -13578 -13577 -13576
f -13608 -13607 -13606
f -13606 -13607 -13605
f -13606 -13605 -13604
f -13604 -13605 -13603
f -13604 -13603 -13602
f -13602 -13603 -13601
f -13602 -13601 -13600
f -13626 -13625 -13624
f -13624 -13625 -13623
f -13624 -13623 -13622
f -13622 -13623 -13621
f -13622 -13621 -13620
f -13620 -13621 -13619
f -13620 -13619 -13618
f -7398 -7410 -7411
f -7411 -7410 -7412
f -7411 -7412 -7413
f -7389 -7388 -7387
f -7387 -7388 -7386
f -7387 -7386 -7385
f -7463 -7464 -7465
f -7465 -7464 -7466
f -7465 -7466 -7467
f -894 -895 -896
f -896 -895 -917
f -6692 -6693 -6694
f -6694 -6693 -6695
f -907 -919 -908
f -908 -919 -909
f -6707 -6708 -6709
f -6709 -6708 -6711
f -6709 -6711 -6710
f -888 -895 -910
f -910 -895 -912
f -910 -912 -911
f -6601 -6602 -6603
f -6603 -6602 -6604
f -6603 -6604 -6605
f -6605 -6604 -6606
f -6605 -6606 -6607
f -6607 -6606 -6608
f -6607 -6608 -6609
f -6609 -6608 -6610
f -6609 -6610 -6611
f -6611 -6610 -6612
f -6613 -6614 -6615
f -6615 -6614 -6616
f -6597 -6598 -6599
f -6599 -6598 -6600
f -6589 -6590 -6591
f -6591 -6590 -6592
f -6625 -6626 -6627
f -6627 -6626 -6628
f -6627 -6628 -6629
f -6629 -6628 -6630
f -6629 -6630 -6631
f -6631 -6630 -6632
f -6631 -6632 -6633
f -6633 -6632 -6634
f -6633 -6634 -6635
f -6635 -6634 -6636
f -6621 -6622 -6623
f -6623 -6622 -6624
f -826 -829 -830
f -830 -829 -828
f -1059 -1060 -1061
f -1061 -1060 -1062
f -1074 -1073 -1072
f -1072 -1073 -1071
f -1072 -1071 -1070
f -1070 -1071 -1069
f -1070 -1069 -1068
f -987 -986 -985
f -985 -986 -984
f -985 -984 -983
f -983 -984 -982
f -983 -982 -981
f -981 -982 -980
f -981 -980 -979
f -1005 -1004 -1003
f -1003 -1004 -1002
f -1003 -1002 -1001
f -1001 -1002 -1000
f -1001 -1000 -999
f -999 -1000 -998
f -999 -998 -997
f -1011 -1012 -1013
f -1013 -1012 -1014
f -993 -994 -995
f -995 -994 -996
f -6898 -6904 -6899
f -6899 -6904 -6906
f -6917 -6918 -6919
f -6919 -6918 -6920
f -6919 -6920 -6921
f -6921 -6920 -6922
f -6921 -6922 -6923
f -6923 -6922 -6926
f -1177 -1178 -1179
f -1179 -1178 -1195
f -1190 -1197 -1191
f -1191 -1197 -1192
f -6770 -6772 -6771
f -6771 -6772 -6773
f -6772 -6774 -6773
f -6773 -6774 -6775
f -6750 -6751 -6752
f -6752 -6751 -6753
f -6742 -6749 -6747
f -6747 -6749 -6748
f -6747 -6748 -6746
f -1265 -1264 -1263
f -1263 -1264 -1262
f -1263 -1262 -1261
f -1261 -1262 -1260
f -1261 -1260 -1259
f -1259 -1260 -1258
f -1259 -1258 -1257
f -6739 -6738 -6737
f -6737 -6738 -6736
f -6737 -6736 -6735
f -6735 -6736 -6734
f -6735 -6734 -6733
f -6733 -6734 -6732
f -6733 -6732 -6731
f -6743 -6745 -6744
f -6744 -6745 -6746
f -1271 -1272 -1273
f -1273 -1272 -1274
f -6718 -6717 -6716
f -6716 -6717 -6727
f -6716 -6727 -6725
f -6725 -6727 -6726
f -6725 -6726 -6724
f -6725 -6724 -6723
f -6723 -6724 -6722
f -6723 -6722 -6721
f -1283 -1282 -1281
f -1281 -1282 -1280
f -1281 -1280 -1279
f -1279 -1280 -1278
f -1279 -1278 -1277
f -1277 -1278 -1276
f -1277 -1276 -1275
f -6822 -6823 -6824
f -6824 -6823 -6825
f -1289 -1290 -1291
f -1291 -1290 -1292
f -6260 -6259 -6258
f -6258 -6259 -6257
f -6258 -6257 -6256
f -6256 -6257 -6255
f -6256 -6255 -6254
f -6254 -6255 -6253
f -6254 -6253 -6252
f -6252 -6253 -6251
f -6252 -6251 -6250
f -6250 -6251 -6249
f -6261 -6262 -6263
f -6263 -6262 -6264
f -6263 -6264 -6265
f -6265 -6264 -6266
f -6265 -6266 -6267
f -6267 -6266 -6268
f -6267 -6268 -6269
f -6269 -6268 -6270
f -6269 -6270 -6271
f -6271 -6270 -6272
f -6273 -6274 -6275
f -6275 -6274 -6276
f -6339 -6338 -6337
f -6337 -6338 -6336
f -6337 -6336 -6335
f -6335 -6336 -6334
f -6335 -6334 -6333
f -6333 -6334 -6332
f -6424 -6425 -6426
f -6426 -6425 -6427
f -6426 -6427 -6428
f -6428 -6427 -6429
f -6428 -6429 -6430
f -6430 -6429 -6431
f -6430 -6431 -6432
f -6432 -6431 -6433
f -6417 -6418 -6416
f -6416 -6418 -6409
f -5834 -5836 -5835
f -5835 -5836 -5837
f -5830 -5832 -5831
f -5831 -5832 -5833
f -5831 -5833 -5820
f -5743 -5744 -5745
f -5745 -5744 -5746
f -5750 -5751 -5752
f -5752 -5751 -5753
f -5752 -5753 -5754
f -5754 -5753 -5755
f -5725 -5726 -5727
f -5727 -5726 -5728
f -5731 -5732 -5733
f -5733 -5732 -5737
f -5733 -5737 -5734
f -5713 -5714 -5715
f -5715 -5714 -5719
f -5715 -5719 -5716
f -5701 -5702 -5703
f -5703 -5702 -5704
f -5703 -5704 -5705
f -5705 -5704 -5706
f -5705 -5706 -5707
f -5707 -5706 -5708
f -5691 -5692 -5693
f -5693 -5692 -5694
f -5693 -5694 -5695
f -5695 -5694 -5696
f -5695 -5696 -5697
f -5697 -5696 -5698
f -8705 -8706 -8707
f -8707 -8706 -8708
f -8707 -8708 -8709
f -8709 -8708 -8710
f -8709 -8710 -8711
f -8711 -8710 -8712
f -8720 -8719 -8718
f -8718 -8719 -8717
f -8718 -8717 -8716
f -8716 -8717 -8715
f -8716 -8715 -8714
f -8714 -8715 -8713
f -8684 -8690 -8683
f -8683 -8690 -8691
f -8694 -8696 -8695
f -8695 -8696 -8697
f -8672 -8673 -8671
f -8671 -8673 -8666
f -8671 -8666 -8667
f -8667 -8666 -8668
f -8667 -8668 -8669
f -8669 -8668 -8670
f -8914 -8916 -8915
f -8915 -8916 -8917
f -8916 -8918 -8917
f -8917 -8918 -8919
f -8911 -8910 -8909
f -8909 -8910 -8920
f -8909 -8920 -8918
f -8918 -8920 -8919
f -8880 -8889 -8891
f -8891 -8889 -8890
f -8891 -8890 -8892
f -8942 -8943 -8944
f -8944 -8943 -8945
f -8953 -8954 -8955
f -8955 -8954 -8956
f -8982 -8983 -8984
f -8984 -8983 -8985
f -8984 -8985 -8986
f -8986 -8985 -8987
f -8986 -8987 -8988
f -8988 -8987 -8989
f -8988 -8989 -8990
f -8990 -8989 -8991
f -8994 -8995 -8996
f -8996 -8995 -8997
f -8996 -8997 -8998
f -8998 -8997 -8999
f -8998 -8999 -9000
f -8820 -8821 -8822
f -8822 -8821 -8823
f -8822 -8823 -8824
f -8806 -8808 -8807
f -8807 -8808 -8809
f -8808 -8810 -8809
f -8809 -8810 -8811
f -8866 -8868 -8867
f -8867 -8868 -8869
f -8868 -8870 -8869
f -8869 -8870 -8871
f -8837 -8838 -8839
f -8839 -8838 -8840
f -8839 -8840 -8841
f -8841 -8840 -8842
f -8835 -8834 -8833
f -8833 -8834 -8832
f -8833 -8832 -8831
f -8831 -8832 -8830
f -8831 -8830 -8829
f -8829 -8830 -8836
f -8859 -8849 -8850
f -8850 -8849 -8851
f -8850 -8851 -8843
f -8857 -8856 -8855
f -8855 -8856 -8854
f -8855 -8854 -8853
f -9165 -9166 -9167
f -9167 -9166 -9168
f -9167 -9168 -9169
f -9169 -9168 -9170
f -9169 -9170 -9171
f -9153 -9154 -9155
f -9155 -9154 -9156
f -9155 -9156 -9157
f -9157 -9156 -9158
f -9157 -9158 -9159
f -9159 -9158 -9160
f -9159 -9160 -9161
f -9161 -9160 -9162
f -7895 -7894 -7893
f -7893 -7894 -7892
f -7893 -7892 -7891
f -7891 -7892 -7890
f -7891 -7890 -7889
f -7889 -7890 -7888
f -7889 -7888 -7887
f -7887 -7888 -7886
f -7887 -7886 -7885
f -7885 -7886 -7884
f -7885 -7884 -7883
f -7883 -7884 -7882
f -7883 -7882 -7881
f -7871 -7872 -7873
f -7873 -7872 -7874
f -7867 -7868 -7869
f -7869 -7868 -7870
f -7915 -7916 -7917
f -7917 -7916 -7918
f -7954 -7955 -7956
f -7956 -7955 -7957
f -7956 -7957 -7958
f -7945 -7946 -7947
f -7947 -7946 -7948
f -7969 -7970 -7971
f -7971 -7970 -7972
f -7981 -7982 -7983
f -7983 -7982 -7984
f -7764 -7765 -7766
f -7766 -7765 -7767
f -7760 -7761 -7762
f -7762 -7761 -7763
f -7840 -7861 -7841
f -7841 -7861 -7862
f -7863 -7864 -7865
f -7865 -7864 -7866
f -7521 -7520 -7519
f -7519 -7520 -7518
f -7519 -7518 -7517
f -7517 -7518 -7516
f -7514 -7513 -7512
f -7512 -7513 -7511
f -7512 -7511 -7510
f -7510 -7511 -7509
f -7510 -7509 -7508
f -7508 -7509 -7507
f -7491 -7490 -7489
f -7489 -7490 -7488
f -7489 -7488 -7487
f -7487 -7488 -7486
f -7487 -7486 -7485
f -7485 -7486 -7478
f -7485 -7478 -7479
f -10450 -10451 -10452
f -10452 -10451 -10453
f -3698 -3700 -3699
f -3699 -3700 -3701
f -3700 -3702 -3701
f -3701 -3702 -3703
f -10441 -10442 -10443
f -10443 -10442 -10444
f -10459 -10460 -10461
f -10461 -10460 -10462
f -10468 -10469 -10470
f -10470 -10469 -10471
f -3707 -3708 -3709
f -3709 -3708 -3710
f -3709 -3710 -3711
f -3711 -3710 -3712
f -3711 -3712 -3713
f -3713 -3712 -3714
f -3713 -3714 -3715
f -3715 -3714 -3716
f -10168 -10169 -10170
f -10170 -10169 -10171
f -10170 -10171 -10172
f -10172 -10171 -10173
f -10172 -10173 -10174
f -10174 -10173 -10175
f -10174 -10175 -10176
f -10176 -10175 -10177
f -10176 -10177 -10178
f -10178 -10177 -10179
f -10241 -10242 -10243
f -10243 -10242 -10244
f -10194 -10195 -10196
f -10196 -10195 -10197
f -10196 -10197 -10198
f -10198 -10197 -10199
f -10198 -10199 -10200
f -10200 -10199 -10201
f -10180 -10181 -10182
f -10182 -10181 -10183
f -10182 -10183 -10184
f -10184 -10183 -10185
f -10184 -10185 -10186
f -10186 -10185 -10187
f -10186 -10187 -10188
f -10188 -10187 -10189
f -10188 -10189 -10190
f -10190 -10189 -10191
f -4169 -4170 -4171
f -4171 -4170 -4172
f -4171 -4172 -4173
f -4173 -4172 -4174
f -4173 -4174 -4175
f -4175 -4174 -4176
f -4175 -4176 -4177
f -4177 -4176 -4178
f -4177 -4178 -4179
f -4179 -4178 -4180
f -4157 -4158 -4159
f -4159 -4158 -4160
f -4159 -4160 -4161
f -4161 -4160 -4162
f -4161 -4162 -4163
f -4163 -4162 -4164
f -4163 -4164 -4165
f -4165 -4164 -4166
f -4165 -4166 -4167
f -4167 -4166 -4168
f -9826 -9827 -9828
f -9828 -9827 -9829
f -9828 -9829 -9830
f -9830 -9829 -9831
f -9830 -9831 -9832
f -9832 -9831 -9833
f -9832 -9833 -9834
f -9834 -9833 -9835
f -9834 -9835 -9836
f -9836 -9835 -9837
f -9849 -9848 -9847
f -9847 -9848 -9846
f -9847 -9846 -9845
f -9845 -9846 -9844
f -9845 -9844 -9843
f -9843 -9844 -9842
f -9843 -9842 -9841
f -9841 -9842 -9840
f -9841 -9840 -9839
f -9839 -9840 -9838
f -4347 -4348 -4349
f -4349 -4348 -4350
f -9907 -9908 -9909
f -9909 -9908 -9910
f -9859 -9858 -9857
f -9857 -9858 -9856
f -9857 -9856 -9855
f -9855 -9856 -9854
f -9855 -9854 -9853
f -9853 -9854 -9852
f -9702 -9715 -9717
f -9717 -9715 -9716
f -9717 -9716 -9723
f -9612 -9614 -9613
f -9613 -9614 -9625
f -4154 -4153 -4152
f -4152 -4153 -4151
f -4152 -4151 -4150
f -4150 -4151 -4149
f -4150 -4149 -4148
f -4148 -4149 -4147
f -9575 -9574 -9573
f -9573 -9574 -9572
f -9573 -9572 -9571
f -11107 -11105 -11106
f -11106 -11105 -11104
f -11106 -11104 -11101
f -11097 -11098 -11099
f -11099 -11098 -11100
f -11106 -11108 -11107
f -11107 -11108 -11109
f -11245 -11243 -11244
f -11244 -11243 -11242
f -11244 -11242 -11237
f -11368 -11369 -11370
f -11370 -11369 -11371
f -11370 -11371 -11372
f -11372 -11371 -11373
f -11372 -11373 -11374
f -11374 -11373 -11375
f -11374 -11375 -11376
f -11376 -11375 -11377
f -11376 -11377 -11378
f -11378 -11377 -11379
f -4816 -4813 -4814
f -4814 -4813 -4812
f -11380 -11381 -11383
f -11383 -11381 -11382
f -11383 -11382 -11384
f -4808 -4807 -4806
f -4806 -4807 -4811
f -4806 -4811 -4810
f -11383 -11384 -11385
f -11385 -11384 -11386
f -11385 -11386 -11387
f -11387 -11386 -11388
f -11387 -11388 -11389
f -11389 -11388 -11390
f -11389 -11390 -11391
f -11391 -11390 -11392
f -11405 -11404 -11403
f -11403 -11404 -11402
f -11403 -11402 -11401
f -11401 -11402 -11400
f -11401 -11400 -11399
f -11399 -11400 -11398
f -11399 -11398 -11397
f -11397 -11398 -11396
f -11397 -11396 -11395
f -11395 -11396 -11394
f -11418 -11417 -11416
f -11416 -11417 -11415
f -11416 -11415 -11414
f -11414 -11415 -11413
f -11414 -11413 -11412
f -11412 -11413 -11411
f -11412 -11411 -11410
f -11410 -11411 -11409
f -11410 -11409 -11408
f -11408 -11409 -11407
f -11493 -11494 -11495
f -11495 -11494 -11496
f -11495 -11496 -11497
f -11497 -11496 -11498
f -11497 -11498 -11499
f -11535 -11533 -11526
f -11526 -11533 -11525
f -11526 -11525 -11524
f -11524 -11525 -11523
f -11524 -11523 -11522
f -11522 -11523 -11521
f -11522 -11521 -11520
f -11520 -11521 -11519
f -4778 -4776 -4775
f -4775 -4776 -4774
f -4775 -4774 -4773
f -4773 -4774 -4772
f -4773 -4772 -4771
f -4791 -4789 -4790
f -4790 -4789 -4788
f -4790 -4788 -4785
f -4790 -4792 -4791
f -4791 -4792 -4793
f -4747 -4751 -4752
f -4752 -4751 -4753
f -4752 -4753 -4762
f -4762 -4753 -4761
f -4762 -4761 -4760
f -4760 -4761 -4759
f -10704 -10694 -10695
f -10695 -10694 -10696
f -10695 -10696 -10697
f -10697 -10696 -10698
f -10689 -10693 -10690
f -10690 -10693 -10691
f -10659 -10664 -10662
f -10662 -10664 -10663
f -10662 -10663 -10661
f -10662 -10661 -10660
f -10660 -10661 -10666
f -10660 -10666 -10667
f -10656 -10655 -10669
f -10669 -10655 -10668
f -10669 -10668 -10670
f -10671 -10672 -10673
f -10673 -10672 -10674
f -10945 -10946 -10947
f -10947 -10946 -10951
f -10947 -10951 -10948
f -5280 -5281 -5282
f -5282 -5281 -5283
f -5282 -5283 -5284
f -5284 -5283 -5285
f -5284 -5285 -5286
f -5286 -5285 -5287
f -5286 -5287 -5288
f -5288 -5287 -5289
f -11035 -11036 -11037
f -11037 -11036 -11038
f -11045 -11043 -11044
f -11044 -11043 -11042
f -11044 -11042 -11039
f -11044 -11046 -11045
f -11045 -11046 -11047
f -5342 -5341 -5340
f -5340 -5341 -5339
f -5340 -5339 -5338
f -5338 -5339 -5337
f -5338 -5337 -5336
f -5336 -5337 -5335
f -5336 -5335 -5334
f -5334 -5335 -5333
f -5334 -5333 -5332
f -5332 -5333 -5331
f -10866 -10868 -10869
f -10869 -10868 -10867
f -10869 -10867 -10879
f -10838 -10835 -10836
f -10836 -10835 -10834
f -10828 -10827 -10829
f -10829 -10827 -10840
f -10829 -10840 -10841
f -10841 -10840 -10842
f -10841 -10842 -10843
f -5357 -5358 -5359
f -5359 -5358 -5360
f -5359 -5360 -5361
f -5361 -5360 -5362
f -5361 -5362 -5363
f -5363 -5362 -5364
f -5363 -5364 -5365
f -5365 -5364 -5366
f -5365 -5366 -5367
f -5367 -5366 -5368
f -10844 -10833 -10831
f -10831 -10833 -10832
f -10831 -10832 -10838
f -5343 -5344 -5346
f -5346 -5344 -5345
f -5346 -5345 -5347
f -5355 -5354 -5353
f -5353 -5354 -5352
f -5353 -5352 -5351
f -5351 -5352 -5350
f -5351 -5350 -5349
f -5349 -5350 -5348
f -5349 -5348 -5347
f -5347 -5348 -5346
f -5383 -5385 -5384
f -5384 -5385 -5386
f -5370 -5371 -5372
f -5372 -5371 -5373
f -5372 -5373 -5374
f -5374 -5373 -5375
f -5374 -5375 -5376
f -5376 -5375 -5377
f -5376 -5377 -5378
f -5378 -5377 -5379
f -5378 -5379 -5380
f -5380 -5379 -5381
f -5389 -5388 -5387
f -5387 -5388 -5386
f -5387 -5386 -5385
f -10931 -10932 -10933
f -10933 -10932 -10937
f -10933 -10937 -10934
f -10869 -10879 -10880
f -10880 -10879 -10881
f -10880 -10881 -10882
f -2135 -2136 -2137
f -2137 -2136 -2138
f -1972 -1974 -1973
f -1973 -1974 -1975
f -1974 -1976 -1975
f -1975 -1976 -1977
f -1976 -1978 -1977
f -1977 -1978 -1979
f -1908 -1909 -1910
f -1910 -1909 -1911
f -1910 -1889 -1888
f -1888 -1889 -1887
f -1888 -1887 -1886
f -2056 -2057 -2058
f -2058 -2057 -2059
f -2052 -2053 -2054
f -2054 -2053 -2055
f -2099 -2098 -2097
f -2097 -2098 -2096
f -2097 -2096 -2105
f -2105 -2096 -2103
f -2004 -2005 -2006
f -2006 -2005 -2007
f -1998 -1997 -1996
f -1996 -1997 -1995
f -1996 -1995 -1994
f -1994 -1995 -1993
f -1994 -1993 -1992
f -1992 -1993 -1991
f -1992 -1991 -1990
f -1986 -1987 -1988
f -1988 -1987 -1989
f -1795 -1798 -1799
f -1799 -1798 -1797
f -1788 -1789 -1790
f -1790 -1789 -1791
f -1810 -1809 -1811
f -1811 -1809 -1814
f -1802 -1801 -1803
f -1803 -1801 -1806
f -1612 -1613 -1614
f -1614 -1613 -1615
f -1606 -1605 -1604
f -1604 -1605 -1603
f -1604 -1603 -1602
f -1602 -1603 -1601
f -1602 -1601 -1600
f -1600 -1601 -1599
f -1600 -1599 -1598
f -1594 -1595 -1596
f -1596 -1595 -1597
f -1709 -1710 -1711
f -1711 -1710 -1712
f -1580 -1582 -1581
f -1581 -1582 -1583
f -1588 -1587 -1586
f -1586 -1587 -1585
f -1586 -1585 -1584
f -1584 -1585 -1583
f -1584 -1583 -1582
f -1513 -1520 -1514
f -1514 -1520 -1515
f -1500 -1501 -1502
f -1502 -1501 -1518
f -1431 -1430 -1429
f -1429 -1430 -1428
f -1429 -1428 -1427
f -12801 -12802 -12803
f -12803 -12802 -12804
f -12803 -12804 -12805
f -12805 -12804 -12806
f -12805 -12806 -12807
f -12807 -12806 -12808
f -12807 -12808 -12809
f -12809 -12808 -12810
f -12791 -12792 -12793
f -12793 -12792 -12794
f -12793 -12794 -12795
f -12795 -12794 -12796
f -12795 -12796 -12797
f -12797 -12796 -12798
f -12797 -12798 -12799
f -12799 -12798 -12800
f -12820 -12819 -12818
f -12818 -12819 -12817
f -12818 -12817 -12816
f -12816 -12817 -12815
f -12816 -12815 -12814
f -12814 -12815 -12813
f -12814 -12813 -12812
f -12812 -12813 -12811
f -12812 -12811 -12826
f -12826 -12811 -12825
f -12826 -12825 -12824
f -12824 -12825 -12823
f -12824 -12823 -12822
f -12822 -12823 -12821
f -12822 -12821 -12820
f -12820 -12821 -12819
f -12764 -12763 -12762
f -12762 -12763 -12761
f -12762 -12761 -12760
f -12760 -12761 -12759
f -12760 -12759 -12758
f -12758 -12759 -12757
f -12758 -12757 -12756
f -12756 -12757 -12755
f -12752 -12751 -12750
f -12750 -12751 -12749
f -12750 -12749 -12748
f -12748 -12749 -12747
f -12748 -12747 -12746
f -12754 -12740 -12741
f -12741 -12740 -12742
f -12741 -12742 -12743
f -12743 -12742 -12744
f -12782 -12781 -12780
f -12780 -12781 -12779
f -12780 -12779 -12778
f -12778 -12779 -12777
f -12778 -12777 -12776
f -12776 -12777 -12775
f -12776 -12775 -12790
f -12790 -12775 -12789
f -12790 -12789 -12788
f -12788 -12789 -12787
f -12788 -12787 -12786
f -12786 -12787 -12785
f -12786 -12785 -12784
f -12784 -12785 -12783
f -12784 -12783 -12782
f -12782 -12783 -12781
f -12765 -12766 -12767
f -12767 -12766 -12768
f -12767 -12768 -12769
f -12769 -12768 -12770
f -12769 -12770 -12771
f -12771 -12770 -12772
f -12771 -12772 -12773
f -12773 -12772 -12774
f -12673 -12674 -12675
f -12675 -12674 -12676
f -12675 -12676 -12677
f -12677 -12676 -12678
f -12677 -12678 -12679
f -12679 -12678 -12680
f -12679 -12680 -12681
f -12681 -12680 -12682
f -12663 -12664 -12665
f -12665 -12664 -12666
f -12665 -12666 -12667
f -12667 -12666 -12668
f -12667 -12668 -12669
f -12669 -12668 -12670
f -12669 -12670 -12671
f -12671 -12670 -12672
f -12692 -12691 -12690
f -12690 -12691 -12689
f -12690 -12689 -12688
f -12688 -12689 -12687
f -12688 -12687 -12686
f -12686 -12687 -12685
f -12686 -12685 -12684
f -12684 -12685 -12683
f -12684 -12683 -12698
f -12698 -12683 -12697
f -12698 -12697 -12696
f -12696 -12697 -12695
f -12696 -12695 -12694
f -12694 -12695 -12693
f -12694 -12693 -12692
f -12692 -12693 -12691
f -12654 -12653 -12652
f -12652 -12653 -12651
f -12652 -12651 -12650
f -12650 -12651 -12649
f -12650 -12649 -12648
f -12648 -12649 -12647
f -12648 -12647 -12662
f -12662 -12647 -12661
f -12662 -12661 -12660
f -12660 -12661 -12659
f -12660 -12659 -12658
f -12658 -12659 -12657
f -12658 -12657 -12656
f -12656 -12657 -12655
f -12656 -12655 -12654
f -12654 -12655 -12653
f -12637 -12638 -12639
f -12639 -12638 -12640
f -12639 -12640 -12641
f -12641 -12640 -12642
f -12641 -12642 -12643
f -12643 -12642 -12644
f -12643 -12644 -12645
f -12645 -12644 -12646
f -12627 -12628 -12629
f -12629 -12628 -12630
f -12629 -12630 -12631
f -12631 -12630 -12632
f -12631 -12632 -12633
f -12633 -12632 -12634
f -12633 -12634 -12635
f -12635 -12634 -12636
f -12624 -12623 -12622
f -12622 -12623 -12621
f -12622 -12621 -12620
f -12620 -12621 -12619
f -12620 -12619 -12618
f -12626 -12612 -12613
f -12613 -12612 -12614
f -12613 -12614 -12615
f -12615 -12614 -12616
f -13515 -13524 -13516
f -13516 -13524 -13525
f -13546 -13555 -13547
f -13547 -13555 -13556
f -13557 -13558 -13559
f -13559 -13558 -13560
f -13559 -13560 -13561
f -13561 -13560 -13562
f -13561 -13562 -13563
f -13563 -13562 -13564
f -13589 -13591 -13590
f -13590 -13591 -13592
f -13591 -13593 -13592
f -13592 -13593 -13594
f -13598 -13607 -13599
f -13599 -13607 -13608
f -13616 -13615 -13614
f -13614 -13615 -13613
f -13614 -13613 -13612
f -13612 -13613 -13611
f -13612 -13611 -13610
f -13610 -13611 -13609
f -7418 -7427 -7428
f -906 -917 -919
f -902 -917 -903
f -875 -914 -876
f -871 -876 -872
f -1044 -1046 -1045
f -1038 -1040 -1039
f -1056 -1058 -1057
f -1047 -1052 -1048
f -1064 -1067 -1065
f -1080 -1082 -1081
f -6900 -6903 -6901
f -1102 -1104 -1103
f -1167 -1171 -1168
f -1148 -1167 -1149
f -1243 -1256 -1244
f -1299 -1312 -1300
f -1316 -1318 -1317
f -1328 -1330 -1329
f -1319 -1324 -1320
f -1334 -1336 -1335
f -6799 -6802 -6800
f -6789 -6798 -6790
f -6305 -6293 -6303
f -5821 -5822 -5824
f -5885 -5887 -5902
f -5526 -5530 -5527
f -5513 -5528 -5514
f -8949 -8951 -8950
f -8784 -8787 -8785
f -8786 -8791 -8787
f -7920 -7932 -7930
f -7743 -7745 -7759
f -7844 -7847 -7848
f -7859 -7861 -7849
f -7503 -7508 -7504
f -9696 -9687 -9686
f -9651 -9663 -9661
f -9711 -9716 -9712
f -9645 -9646 -9638
f -9564 -9568 -9565
f -11121 -11132 -11133
f -11124 -11128 -11125
f -11087 -11092 -11088
f -4798 -4802 -4803
f -4716 -4725 -4726
f -11049 -11058 -11059
f -10829 -10826 -10828
f -2132 -2134 -2133
f -2122 -2124 -2099
f -2118 -2120 -2094
f -2087 -2116 -2118
f -2109 -2090 -2111
f -1952 -1971 -1953
f -1898 -1910 -1899
f -2049 -2051 -2050
f -2043 -2045 -2044
f -11688 -11693 -11678
f -11702 -11690 -11700
f -2031 -2033 -2032
f -2008 -2027 -2009
f -2037 -2039 -2038
f -1759 -1749 -1748
f -1785 -1787 -1786
f -1817 -1819 -1818
f -1645 -1647 -1646
f -1651 -1653 -1652
f -1639 -1641 -1640
f -1663 -1668 -1664
f -1657 -1659 -1658
f -1684 -1685 -1683
f -1560 -1579 -1561
f -1490 -1494 -1491
f -12827 -12835 -12836
f -12837 -12845 -12846
f -12847 -12855 -12856
f -12729 -12737 -12738
f -12699 -12707 -12708
f -12709 -12717 -12718
f -12719 -12727 -12728
f -12857 -12865 -12866
f -13507 -13513 -13514
f -13526 -13534 -13535
f -13536 -13544 -13545
f -13565 -13573 -13574
f -13585 -13588 -13586
f -13575 -13583 -13584
f -13617 -13625 -13626
f -808 -810 -809
f -816 -818 -817
f -7397 -7410 -7398
f -7389 -7390 -7388
f -7385 -7382 -7387
f -7462 -7464 -7463
f -921 -923 -922
f -887 -907 -876
f -831 -833 -832
f -829 -827 -828
f -1072 -1063 -1074
f -1109 -1111 -1110
f -1098 -1100 -1099
f -1096 -1097 -1094
f -1088 -1087 -1086
f -1084 -1085 -1082
f -6931 -6933 -6932
f -1199 -1201 -1200
f -6928 -6916 -6915
f -6745 -6747 -6746
f -6739 -6740 -6738
f -6731 -6728 -6733
f -6715 -6718 -6714
f -6293 -6310 -6296
f -6296 -6298 -6297
f -6414 -6419 -6413
f -5737 -5740 -5738
f -5719 -5722 -5720
f -8669 -8647 -8667
f -8908 -8911 -8907
f -8819 -8821 -8820
f -8797 -8799 -8798
f -8797 -8793 -8792
f -8795 -8796 -8794
f -8789 -8790 -8788
f -8885 -8886 -8884
f -8888 -8890 -8889
f -8840 -8826 -8842
f -8845 -8858 -8844
f -7940 -7942 -7941
f -7953 -7955 -7954
f -7959 -7964 -7960
f -7950 -7952 -7951
f -7966 -7968 -7967
f -7964 -7965 -7963
f -7748 -7749 -7745
f -7831 -7813 -7812
f -7825 -7827 -7826
f -8003 -8020 -8021
f -8005 -8006 -8004
f -3702 -3704 -3703
f -9677 -9682 -9683
f -9671 -9673 -9672
f -9704 -9716 -9705
f -9684 -9694 -9685
f -9607 -9633 -9635
f -9575 -9576 -9574
f -11131 -11126 -11133
f -11070 -11084 -11071
f -11082 -11078 -11080
f -11242 -11243 -11241
f -4806 -4803 -4808
f -11370 -11367 -11368
f -11353 -11337 -11351
f -11396 -11393 -11394
f -11409 -11406 -11407
f -11520 -11507 -11522
f -4752 -4748 -4747
f -10669 -10659 -10656
f -10951 -10954 -10952
f -10937 -10940 -10938
f -5333 -5330 -5331
f -5318 -5319 -5317
f -5359 -5356 -5357
f -5372 -5369 -5370
f -10873 -10871 -10883
f -1914 -1916 -1915
f -1888 -1903 -1881
f -1905 -1906 -1904
f -11693 -11695 -11694
f -2102 -2104 -2103
f -1978 -1980 -1979
f -1747 -1743 -1742
f -1752 -1772 -1751
f -1765 -1767 -1766
f -1798 -1796 -1797
f -1824 -1826 -1825
f -1670 -1671 -1693
f -1682 -1702 -1681
f -1678 -1674 -1673
f -1522 -1524 -1523
f -1409 -1408 -1407
f -1405 -1406 -1403
f -1432 -1434 -1433
f -1421 -1423 -1422
f -1419 -1420 -1417
f -1380 -1355 -1354
f -1362 -1364 -1363
f -1365 -1356 -1363
f -1369 -1346 -1350
f -1359 -1360 -1358
f -12752 -12753 -12751
f -12624 -12625 -12623
f -13593 -13595 -13594
f -7415 -7417 -7416
f -7392 -7394 -7393
f -7475 -7477 -7476
f -6655 -6657 -6656
f -6782 -6778 -6781
f -9033 -9040 -9034
f -7750 -7740 -7749
f -7497 -7499 -7498
f -8250 -8251 -8248
f -11227 -11220 -11239
f -4818 -4820 -4819
f -4795 -4797 -4796
f -4713 -4715 -4714
f -4763 -4765 -4764
f -10684 -10686 -10685
f -10681 -10683 -10682
f -10723 -10725 -10724
f -10675 -10677 -10676
f -10845 -10847 -10846
f -10822 -10824 -10823
f -10905 -10907 -10906
f -10884 -10886 -10885
f -5421 -5422 -5417
f -7203 -7202 -7204
f -7204 -7202 -7201
f -7204 -7201 -7200
f -6670 -6669 -6668
f -6668 -6669 -6667
f -6668 -6667 -6666
f -6666 -6667 -6665
f -6666 -6665 -6664
f -7748 -7747 -7751
f -7751 -7747 -7746
f -7751 -7746 -7752
f -7748 -7751 -7749
f -7749 -7751 -7750
f -7720 -7724 -7725
f -7725 -7724 -7726
f -7725 -7726 -7732
f -7725 -7732 -7730
f -7730 -7732 -7731
f -7730 -7731 -7729
f -6663 -6669 -6662
f -6662 -6669 -6670
f -6615 -6616 -6617
f -6617 -6616 -6618
f -6617 -6618 -6619
f -6619 -6618 -6620
f -6619 -6620 -6621
f -6621 -6620 -6622
f -6598 -6597 -6596
f -6596 -6597 -6595
f -6596 -6595 -6594
f -6594 -6595 -6593
f -6594 -6593 -6592
f -6592 -6593 -6591
f -5707 -5708 -5709
f -5709 -5708 -5710
f -5697 -5698 -5699
f -5699 -5698 -5700
f -7758 -7756 -7757
f -7757 -7756 -7755
f -7757 -7755 -7754
f -7754 -7755 -7753
f -7754 -7753 -7752
f -7752 -7753 -7751
f -7701 -7702 -7703
f -7703 -7702 -7704
f -7730 -7729 -7728
f -7728 -7729 -7727
f -7728 -7727 -7735
f -7735 -7727 -7737
f -7735 -7737 -7736
f -7558 -7559 -7560
f -7560 -7559 -7561
f -4824 -4825 -4826
f -4826 -4825 -4827
f -6653 -6654 -6660
f -5806 -5808 -5807
f -8741 -8740 -8739
f -6656 -6657 -6658
f -6658 -6657 -6659
f -6658 -6659 -6660
f -6660 -6659 -6661
f -6660 -6661 -6653
f -7089 -7088 -7093
f -7093 -7088 -7087
f -7093 -7087 -7086
f -7082 -7081 -7094
f -7094 -7081 -7080
f -7094 -7080 -7096
f -7085 -7084 -7094
f -7094 -7084 -7083
f -7094 -7083 -7082
f -7092 -7091 -7093
f -7093 -7091 -7090
f -7093 -7090 -7089
f -7045 -7044 -7046
f -7046 -7044 -7035
f -7046 -7035 -7036
f -7036 -7035 -7034
f -7036 -7034 -7033
f -546 -545 -554
f -554 -545 -544
f -554 -544 -543
f -547 -554 -555
f -555 -554 -557
f -555 -557 -556
f -528 -527 -543
f -543 -527 -526
f -543 -526 -525
f -523 -522 -543
f -543 -522 -542
f -543 -542 -554
f -525 -524 -543
f -543 -524 -523
f -554 -553 -557
f -557 -553 -552
f -557 -552 -551
f -7062 -7061 -7065
f -7065 -7061 -7060
f -7065 -7060 -7059
f -7064 -7063 -7065
f -7065 -7063 -7062
f -550 -549 -557
f -557 -549 -548
f -557 -548 -568
f -7008 -7007 -7009
f -7009 -7007 -7002
f -7009 -7002 -7011
f -7011 -7002 -7013
f -7011 -7013 -7012
f -7012 -7013 -7014
f -7012 -7014 -6989
f -6989 -7014 -7016
f -6989 -7016 -7020
f -7020 -7016 -7018
f -7020 -7018 -7019
f -7019 -7018 -7017
f -7019 -7017 -6983
f -6983 -7017 -6990
f -6983 -6990 -6984
f -6984 -6990 -6991
f -6984 -6991 -6985
f -6985 -6991 -6992
f -6985 -6992 -6986
f -6986 -6992 -6994
f -6986 -6994 -6987
f -6987 -6994 -6988
f -468 -467 -472
f -472 -467 -466
f -472 -466 -482
f -471 -470 -472
f -472 -470 -469
f -472 -469 -468
f -458 -457 -461
f -461 -457 -456
f -461 -456 -455
f -465 -460 -461
f -461 -460 -459
f -461 -459 -458
f -7028 -7029 -7027
f -7027 -7029 -7026
f -7027 -7026 -7025
f -7032 -7031 -7030
f -7030 -7031 -7029
f -7030 -7029 -7028
f -6988 -6994 -6995
f -6995 -6994 -6993
f -6995 -6993 -7005
f -7005 -6993 -7003
f -7005 -7003 -7004
f -7004 -7003 -7002
f -7004 -7002 -7007
f -451 -450 -454
f -454 -450 -449
f -454 -449 -448
f -462 -453 -454
f -454 -453 -452
f -454 -452 -451
f -6992 -6991 -7003
f -7003 -6991 -7001
f -7003 -7001 -7002
f -7002 -7001 -7013
f -6991 -6990 -7001
f -7001 -6990 -7015
f -7001 -7015 -7013
f -7013 -7015 -7014
f -7009 -7011 -7010
f -7010 -7011 -7012
f -7010 -7012 -6996
f -6996 -7012 -6997
f -6996 -6997 -6999
f -6999 -6997 -6998
f -6999 -6998 -7000
f -431 -430 -436
f -436 -430 -444
f -436 -444 -446
f -446 -444 -445
f -446 -445 -447
f -447 -445 -443
f -447 -443 -437
f -437 -443 -438
f -6997 -7012 -6998
f -6998 -7012 -6989
f -441 -440 -443
f -443 -440 -439
f -443 -439 -438
f -483 -482 -481
f -481 -482 -480
f -481 -480 -479
f -475 -474 -479
f -479 -474 -473
f -479 -473 -481
f -478 -477 -479
f -479 -477 -476
f -479 -476 -475
f -6970 -6971 -6972
f -6972 -6971 -6973
f -6972 -6973 -6974
f -6974 -6973 -6975
f -6974 -6975 -6966
f -6966 -6975 -6965
f -6966 -6965 -6964
f -6973 -6971 -6968
f -6968 -6971 -6969
f -6968 -6969 -6967
f -415 -414 -418
f -418 -414 -413
f -418 -413 -412
f -427 -417 -418
f -418 -417 -416
f -418 -416 -415
f -7175 -7174 -7178
f -7178 -7174 -7173
f -7178 -7173 -7172
f -387 -406 -388
f -388 -406 -408
f -388 -408 -410
f -410 -408 -409
f -410 -409 -411
f -411 -409 -404
f -411 -404 -392
f -392 -404 -398
f -392 -398 -393
f -393 -398 -394
f -422 -421 -425
f -425 -421 -420
f -425 -420 -419
f -428 -424 -425
f -425 -424 -423
f -425 -423 -422
f -7185 -7184 -7190
f -7190 -7184 -7183
f -7190 -7183 -7168
f -7190 -7188 -7189
f -7189 -7188 -7187
f -7189 -7187 -7169
f -7189 -7191 -7190
f -7190 -7191 -7185
f -435 -434 -436
f -436 -434 -433
f -436 -433 -432
f -7178 -7177 -7182
f -7182 -7177 -7176
f -7182 -7176 -7180
f -382 -384 -383
f -383 -384 -385
f -383 -385 -378
f -378 -385 -367
f -378 -367 -370
f -7195 -7197 -7196
f -7196 -7197 -7187
f -7196 -7187 -7186
f -7186 -7187 -7188
f -7186 -7188 -7167
f -384 -386 -385
f -385 -386 -366
f -385 -366 -365
f -371 -372 -378
f -378 -372 -377
f -378 -377 -383
f -383 -377 -376
f -383 -376 -381
f -381 -376 -379
f -381 -379 -380
f -408 -406 -407
f -407 -406 -405
f -407 -405 -403
f -403 -405 -402
f -403 -402 -399
f -399 -402 -395
f -399 -395 -396
f -408 -407 -409
f -409 -407 -404
f -365 -369 -385
f -385 -369 -368
f -385 -368 -367
f -391 -398 -400
f -400 -398 -399
f -400 -399 -401
f -401 -399 -396
f -401 -396 -397
f -7212 -7211 -7221
f -7221 -7211 -7210
f -7221 -7210 -7219
f -7213 -7221 -7214
f -7214 -7221 -7215
f -7214 -7215 -7209
f -7220 -7218 -7222
f -7222 -7218 -7217
f -7222 -7217 -7216
f -7222 -7223 -7225
f -7225 -7223 -7224
f -7225 -7224 -7226
f -391 -390 -398
f -398 -390 -389
f -398 -389 -394
f -360 -364 -362
f -362 -364 -363
f -362 -363 -361
f -361 -363 -348
f -361 -348 -349
f -349 -348 -350
f -349 -350 -351
f -351 -350 -352
f -351 -352 -355
f -355 -352 -347
f -355 -347 -344
f -344 -347 -345
f -344 -345 -339
f -372 -373 -377
f -377 -373 -375
f -377 -375 -376
f -376 -375 -374
f -376 -374 -379
f -361 -349 -359
f -359 -349 -357
f -359 -357 -358
f -358 -357 -356
f -7092 -7093 -7104
f -7104 -7093 -7103
f -7104 -7103 -7102
f -7102 -7103 -7101
f -7102 -7101 -7100
f -7100 -7101 -7099
f -7100 -7099 -7098
f -7098 -7099 -7097
f -7098 -7097 -7096
f -7096 -7097 -7095
f -7096 -7095 -7094
f -340 -353 -355
f -355 -353 -354
f -355 -354 -356
f -356 -357 -355
f -355 -357 -351
f -343 -342 -355
f -355 -342 -341
f -355 -341 -340
f -7142 -7143 -7144
f -7144 -7143 -7145
f -7144 -7145 -7146
f -7146 -7145 -7147
f -7146 -7147 -7148
f -7148 -7147 -7149
f -7148 -7149 -7141
f -7154 -7153 -7152
f -7152 -7153 -7151
f -7152 -7151 -7150
f -324 -323 -332
f -332 -323 -334
f -332 -334 -333
f -333 -334 -335
f -333 -335 -318
f -320 -319 -333
f -333 -319 -331
f -333 -331 -332
f -332 -331 -330
f -332 -330 -325
f -325 -330 -327
f -325 -327 -326
f -320 -333 -321
f -321 -333 -316
f -323 -322 -334
f -334 -322 -336
f -334 -336 -335
f -335 -336 -337
f -318 -317 -333
f -333 -317 -316
f -7137 -7136 -7135
f -7135 -7136 -7134
f -7135 -7134 -7133
f -328 -330 -329
f -329 -330 -331
f -329 -331 -319
f -308 -307 -315
f -315 -307 -306
f -315 -306 -305
f -720 -724 -722
f -722 -724 -723
f -722 -723 -721
f -721 -723 -708
f -721 -708 -709
f -709 -708 -710
f -709 -710 -711
f -711 -710 -712
f -711 -712 -715
f -715 -712 -707
f -715 -707 -704
f -704 -707 -705
f -704 -705 -699
f -311 -310 -315
f -315 -310 -309
f -315 -309 -308
f -314 -313 -315
f -315 -313 -312
f -315 -312 -311
f -300 -299 -315
f -315 -299 -298
f -315 -298 -297
f -303 -302 -315
f -315 -302 -301
f -315 -301 -300
f -305 -304 -315
f -315 -304 -303
f -7280 -7282 -7281
f -7281 -7282 -7265
f -7281 -7265 -7263
f -7263 -7265 -7264
f -709 -711 -717
f -717 -711 -715
f -717 -715 -716
f -716 -715 -714
f -718 -720 -719
f -719 -720 -721
f -719 -721 -709
f -714 -715 -713
f -713 -715 -700
f -7284 -7283 -7285
f -7285 -7283 -7288
f -7285 -7288 -7289
f -7289 -7288 -7287
f -7289 -7287 -7286
f -703 -702 -715
f -715 -702 -701
f -715 -701 -700
f -716 -718 -717
f -717 -718 -719
f -717 -719 -709
f -7266 -7267 -7268
f -7268 -7267 -7269
f -7268 -7269 -7271
f -7271 -7269 -7270
f -7271 -7270 -7272
f -752 -771 -764
f -764 -771 -769
f -764 -769 -767
f -767 -769 -768
f -767 -768 -766
f -766 -768 -748
f -766 -748 -747
f -747 -748 -770
f -7251 -7250 -7256
f -7256 -7250 -7249
f -7256 -7249 -7258
f -7251 -7256 -7252
f -7252 -7256 -7254
f -751 -750 -758
f -758 -750 -749
f -758 -749 -754
f -7238 -7239 -7240
f -7240 -7239 -7241
f -7240 -7241 -7242
f -7242 -7241 -7243
f -7242 -7243 -7237
f -765 -762 -763
f -763 -762 -759
f -763 -759 -758
f -758 -759 -760
f -758 -760 -751
f -760 -759 -761
f -761 -759 -756
f -761 -756 -757
f -732 -733 -737
f -737 -733 -735
f -737 -735 -736
f -736 -735 -734
f -736 -734 -739
f -731 -732 -738
f -738 -732 -737
f -738 -737 -743
f -743 -737 -736
f -743 -736 -741
f -741 -736 -739
f -741 -739 -740
f -746 -726 -745
f -745 -726 -725
f -745 -725 -729
f -742 -744 -743
f -743 -744 -745
f -743 -745 -738
f -738 -745 -727
f -738 -727 -730
f -766 -765 -767
f -767 -765 -763
f -767 -763 -764
f -764 -763 -758
f -764 -758 -752
f -752 -758 -753
f -772 -777 -789
f -789 -777 -776
f -789 -776 -775
f -783 -781 -786
f -786 -781 -788
f -786 -788 -787
f -787 -788 -789
f -787 -789 -775
f -7352 -7351 -7350
f -7350 -7351 -7340
f -7350 -7340 -7341
f -7341 -7340 -7339
f -7341 -7339 -7358
f -791 -774 -789
f -789 -774 -773
f -789 -773 -772
f -780 -779 -788
f -788 -779 -790
f -788 -790 -789
f -789 -790 -791
f -779 -778 -790
f -790 -778 -792
f -790 -792 -791
f -791 -792 -793
f -7354 -7343 -7344
f -7344 -7343 -7342
f -7344 -7342 -7346
f -7346 -7342 -7345
f -7346 -7345 -7352
f -7349 -7348 -7352
f -7352 -7348 -7347
f -7352 -7347 -7346
f -784 -786 -785
f -785 -786 -787
f -785 -787 -775
f -7284 -7285 -7292
f -7292 -7285 -7291
f -7292 -7291 -7290
f -7290 -7291 -7299
f -7290 -7299 -7297
f -7297 -7299 -7298
f -7297 -7298 -7296
f -7376 -7377 -7378
f -7378 -7377 -7379
f -7378 -7379 -7380
f -7380 -7379 -7381
f -7380 -7381 -7365
f -7375 -7367 -7374
f -7374 -7367 -7366
f -7374 -7366 -7376
f -7369 -7370 -7368
f -7368 -7370 -7363
f -7368 -7363 -7362
f -7344 -7353 -7354
f -7354 -7353 -7355
f -7354 -7355 -7357
f -7357 -7355 -7356
f -7357 -7356 -7358
f -7358 -7356 -7341
f -589 -588 -590
f -590 -588 -580
f -590 -580 -581
f -581 -580 -579
f -581 -579 -578
f -569 -577 -575
f -575 -577 -576
f -575 -576 -574
f -574 -576 -573
f -574 -573 -572
f -570 -575 -571
f -571 -575 -541
f -571 -541 -540
f -557 -568 -574
f -574 -568 -567
f -574 -567 -566
f -560 -559 -574
f -574 -559 -558
f -574 -558 -575
f -540 -539 -571
f -571 -539 -538
f -571 -538 -537
f -563 -562 -574
f -574 -562 -561
f -574 -561 -560
f -566 -565 -574
f -574 -565 -564
f -574 -564 -563
f -531 -530 -571
f -571 -530 -529
f -571 -529 -528
f -534 -533 -571
f -571 -533 -532
f -571 -532 -531
f -537 -536 -571
f -571 -536 -535
f -571 -535 -534
f -682 -681 -698
f -698 -681 -680
f -698 -680 -679
f -685 -684 -698
f -698 -684 -683
f -698 -683 -682
f -688 -687 -698
f -698 -687 -686
f -698 -686 -685
f -691 -690 -698
f -698 -690 -689
f -698 -689 -688
f -694 -693 -698
f -698 -693 -692
f -698 -692 -691
f -697 -696 -698
f -698 -696 -695
f -698 -695 -694
f -632 -631 -639
f -639 -631 -630
f -639 -630 -629
f -635 -634 -639
f -639 -634 -633
f -639 -633 -632
f -638 -637 -639
f -639 -637 -636
f -639 -636 -635
f -624 -623 -639
f -639 -623 -622
f -639 -622 -621
f -627 -626 -639
f -639 -626 -625
f -639 -625 -624
f -629 -628 -639
f -639 -628 -627
f -6684 -6686 -6685
f -6685 -6686 -6673
f -6685 -6673 -6674
f -6674 -6673 -6675
f -6674 -6675 -6676
f -6676 -6675 -6677
f -6676 -6677 -6678
f -6678 -6677 -6679
f -6678 -6679 -6671
f -6587 -6586 -6588
f -6588 -6586 -6581
f -6588 -6581 -6580
f -6650 -6652 -6651
f -6651 -6652 -6639
f -6651 -6639 -6640
f -6640 -6639 -6641
f -6640 -6641 -6642
f -6642 -6641 -6643
f -6642 -6643 -6644
f -6644 -6643 -6645
f -6644 -6645 -6637
f -6530 -6529 -6531
f -6531 -6529 -6524
f -6531 -6524 -6523
f -6508 -6509 -6507
f -6507 -6509 -6506
f -6507 -6506 -6505
f -6515 -6514 -6513
f -6513 -6514 -6512
f -6513 -6512 -6511
f -6520 -6519 -6522
f -6522 -6519 -6518
f -6522 -6518 -6517
f -6497 -6496 -6498
f -6498 -6496 -6495
f -6498 -6495 -6494
f -6491 -6490 -6493
f -6493 -6490 -6489
f -6493 -6489 -6488
f -6502 -6503 -6501
f -6501 -6503 -6500
f -6501 -6500 -6499
f -6958 -6957 -6956
f -6956 -6957 -6955
f -6956 -6955 -6954
f -6954 -6955 -6953
f -6954 -6953 -6952
f -6962 -6961 -6966
f -6966 -6961 -6960
f -6966 -6960 -6959
f -6964 -6963 -6966
f -6966 -6963 -6962
f -6795 -6798 -6796
f -6796 -6798 -6797
f -6796 -6797 -6777
f -6247 -6246 -6248
f -6248 -6246 -6245
f -6248 -6245 -6244
f -6286 -6297 -6302
f -6302 -6297 -6298
f -6302 -6298 -6299
f -6299 -6298 -6296
f -6299 -6296 -6282
f -6303 -6301 -6302
f -6302 -6301 -6300
f -6302 -6300 -6287
f -6288 -6307 -6312
f -6312 -6307 -6306
f -6312 -6306 -6305
f -6311 -6312 -6314
f -6314 -6312 -6313
f -6314 -6313 -6315
f -6311 -6290 -6312
f -6312 -6290 -6289
f -6312 -6289 -6288
f -5966 -5977 -6028
f -6028 -5977 -5976
f -6028 -5976 -5975
f -6006 -6005 -6026
f -6026 -6005 -6004
f -6026 -6004 -5985
f -6012 -6011 -6022
f -6022 -6011 -6024
f -6022 -6024 -6023
f -6023 -6024 -6025
f -6023 -6025 -5993
f -5993 -6025 -5967
f -6008 -6009 -6014
f -6014 -6009 -6013
f -6014 -6013 -6020
f -6020 -6013 -6022
f -6020 -6022 -6021
f -6021 -6022 -6023
f -6021 -6023 -5993
f -5967 -6025 -6027
f -6027 -6025 -6026
f -6027 -6026 -6028
f -6028 -6026 -5968
f -6028 -5968 -5966
f -6025 -6024 -6026
f -6026 -6024 -6006
f -5993 -5994 -6021
f -6021 -5994 -6019
f -6021 -6019 -6020
f -6020 -6019 -6018
f -6020 -6018 -6014
f -6014 -6018 -6015
f -6014 -6015 -6008
f -6018 -6019 -6017
f -6017 -6019 -5995
f -6017 -5995 -5996
f -6009 -6010 -6013
f -6013 -6010 -6012
f -6013 -6012 -6022
f -5991 -5992 -6031
f -6031 -5992 -6029
f -6031 -6029 -6030
f -6030 -6029 -6028
f -6030 -6028 -5975
f -6028 -6029 -6027
f -6027 -6029 -5992
f -6027 -5992 -5967
f -5991 -6031 -6033
f -6033 -6031 -6032
f -6033 -6032 -6034
f -6034 -6032 -6001
f -6034 -6001 -6002
f -6002 -6001 -6000
f -5979 -6000 -5998
f -5998 -6000 -5999
f -5998 -5999 -5997
f -5997 -5999 -6030
f -5997 -6030 -5974
f -5974 -6030 -5975
f -6031 -6030 -6032
f -6032 -6030 -6001
f -6000 -6001 -5999
f -5999 -6001 -6030
f -5985 -5986 -6026
f -6026 -5986 -5987
f -6026 -5987 -5968
f -5968 -5987 -5989
f -5969 -5981 -5979
f -5979 -5981 -5980
f -5979 -5980 -5978
f -5998 -5970 -5979
f -5979 -5970 -5969
f -5989 -5987 -5988
f -5988 -5987 -5986
f -5988 -5986 -5973
f -5973 -5972 -5988
f -5988 -5972 -5971
f -5988 -5971 -5984
f -5957 -5965 -5963
f -5963 -5965 -5964
f -5963 -5964 -5962
f -5962 -5964 -5960
f -5962 -5960 -5961
f -5962 -5961 -5963
f -5963 -5961 -5958
f -5963 -5958 -5959
f -5940 -5953 -5942
f -5942 -5953 -5954
f -5942 -5954 -5939
f -5841 -5840 -5843
f -5843 -5840 -5848
f -5843 -5848 -5842
f -5842 -5848 -5853
f -84 -83 -115
f -115 -83 -82
f -115 -82 -81
f -119 -118 -120
f -120 -118 -98
f -120 -98 -97
f -87 -86 -115
f -115 -86 -85
f -115 -85 -84
f -124 -89 -115
f -115 -89 -88
f -115 -88 -87
f -73 -72 -78
f -78 -72 -118
f -78 -118 -116
f -116 -118 -117
f -92 -91 -98
f -98 -91 -90
f -98 -90 -112
f -95 -94 -98
f -98 -94 -93
f -98 -93 -92
f -118 -96 -98
f -98 -96 -95
f -76 -75 -78
f -78 -75 -74
f -78 -74 -73
f -5879 -5872 -5878
f -5878 -5872 -5871
f -5878 -5871 -5870
f -5847 -5846 -5855
f -5855 -5846 -5857
f -5855 -5857 -5856
f -5856 -5857 -5858
f -5856 -5858 -5839
f -5854 -5853 -5855
f -5855 -5853 -5848
f -5855 -5848 -5847
f -5847 -5848 -5840
f -5852 -5851 -5862
f -5862 -5851 -5850
f -5862 -5850 -5864
f -5852 -5841 -5851
f -5851 -5841 -5843
f -5851 -5843 -5844
f -5844 -5843 -5842
f -5850 -5851 -5849
f -5849 -5851 -5844
f -5862 -5864 -5863
f -5863 -5864 -5865
f -5863 -5865 -5861
f -5863 -5861 -5862
f -5862 -5861 -5860
f -5862 -5860 -5852
f -5858 -5857 -5859
f -5859 -5857 -5845
f -128 -129 -130
f -130 -129 -131
f -130 -131 -132
f -132 -131 -133
f -132 -133 -134
f -134 -133 -135
f -134 -135 -136
f -136 -135 -137
f -136 -137 -138
f -138 -137 -139
f -138 -139 -140
f -140 -139 -141
f -140 -141 -142
f -142 -141 -143
f -142 -143 -144
f -144 -143 -145
f -144 -145 -164
f -164 -145 -163
f -164 -163 -162
f -162 -163 -161
f -162 -161 -160
f -160 -161 -159
f -160 -159 -158
f -158 -159 -157
f -158 -157 -156
f -156 -157 -155
f -156 -155 -154
f -154 -155 -153
f -154 -153 -152
f -152 -153 -151
f -152 -151 -150
f -150 -151 -149
f -150 -149 -148
f -148 -149 -147
f -148 -147 -146
f -5888 -5889 -5890
f -5890 -5889 -5891
f -5890 -5891 -5892
f -5892 -5891 -5893
f -5892 -5893 -5894
f -5894 -5893 -5895
f -5894 -5895 -5902
f -5902 -5895 -5904
f -5902 -5904 -5903
f -5903 -5904 -5905
f -175 -174 -184
f -184 -174 -173
f -184 -173 -172
f -178 -177 -184
f -184 -177 -176
f -184 -176 -175
f -181 -180 -184
f -184 -180 -179
f -184 -179 -178
f -183 -182 -184
f -184 -182 -181
f -168 -167 -184
f -184 -167 -166
f -184 -166 -165
f -171 -170 -184
f -184 -170 -169
f -184 -169 -168
f -5920 -5919 -5921
f -5921 -5919 -5918
f -5921 -5918 -5931
f -5923 -5916 -5917
f -5917 -5916 -5915
f -5917 -5915 -5920
f -5925 -5927 -5926
f -5926 -5927 -5928
f -5926 -5928 -5924
f -113 -126 -124
f -124 -126 -125
f -124 -125 -123
f -123 -125 -122
f -123 -122 -121
f -108 -107 -123
f -123 -107 -106
f -123 -106 -105
f -115 -114 -124
f -124 -114 -113
f -111 -110 -123
f -123 -110 -109
f -123 -109 -108
f -101 -100 -123
f -123 -100 -99
f -123 -99 -124
f -104 -103 -123
f -123 -103 -102
f -123 -102 -101
f -5938 -5943 -5945
f -5945 -5943 -5944
f -5945 -5944 -5946
f -202 -200 -191
f -191 -200 -190
f -191 -190 -189
f -199 -201 -198
f -198 -201 -197
f -198 -197 -196
f -195 -194 -198
f -198 -194 -193
f -198 -193 -192
f -188 -187 -191
f -191 -187 -186
f -191 -186 -185
f -242 -241 -246
f -246 -241 -240
f -246 -240 -256
f -245 -244 -246
f -246 -244 -243
f -246 -243 -242
f -223 -222 -226
f -226 -222 -221
f -226 -221 -220
f -229 -225 -226
f -226 -225 -224
f -226 -224 -223
f -218 -219 -228
f -228 -219 -230
f -228 -230 -229
f -216 -215 -219
f -219 -215 -214
f -219 -214 -213
f -216 -219 -217
f -217 -219 -218
f -257 -256 -255
f -255 -256 -254
f -255 -254 -253
f -249 -248 -253
f -253 -248 -247
f -253 -247 -255
f -252 -251 -253
f -253 -251 -250
f -253 -250 -249
f -5801 -5804 -5809
f -5809 -5804 -5807
f -5809 -5807 -5808
f -5801 -5800 -5804
f -5804 -5800 -5799
f -5804 -5799 -5803
f -277 -276 -281
f -281 -276 -275
f -281 -275 -283
f -280 -279 -281
f -281 -279 -278
f -281 -278 -277
f -270 -269 -274
f -274 -269 -268
f -274 -268 -284
f -273 -272 -274
f -274 -272 -271
f -274 -271 -270
f -285 -284 -283
f -283 -284 -282
f -283 -282 -281
f -5645 -5646 -5582
f -5582 -5646 -5581
f -5582 -5581 -5580
f -5648 -5650 -5649
f -5649 -5650 -5568
f -5649 -5568 -5551
f -5551 -5568 -5569
f -5553 -5641 -5630
f -5630 -5641 -5631
f -5630 -5631 -5629
f -5642 -5644 -5643
f -5643 -5644 -5576
f -5643 -5576 -5552
f -5552 -5576 -5577
f -5638 -5637 -5636
f -5636 -5637 -5635
f -5636 -5635 -5634
f -5634 -5635 -5633
f -5634 -5633 -5632
f -5626 -5628 -5627
f -5627 -5628 -5629
f -5627 -5629 -5619
f -5561 -5563 -5562
f -5562 -5563 -5616
f -5562 -5616 -5617
f -5617 -5616 -5618
f -5617 -5618 -5619
f -5619 -5618 -5620
f -5619 -5620 -5627
f -5627 -5620 -5589
f -5627 -5589 -5588
f -5561 -5560 -5563
f -5563 -5560 -5633
f -5563 -5633 -5635
f -5555 -5556 -5632
f -5632 -5556 -5557
f -5632 -5557 -5634
f -5583 -5597 -5586
f -5586 -5597 -5598
f -5586 -5598 -5632
f -5632 -5598 -5555
f -5554 -5647 -5622
f -5622 -5647 -5621
f -5622 -5621 -5623
f -5554 -5648 -5647
f -5647 -5648 -5649
f -5647 -5649 -5646
f -5553 -5642 -5641
f -5641 -5642 -5643
f -5641 -5643 -5640
f -5639 -5640 -5586
f -5586 -5640 -5585
f -5586 -5585 -5584
f -5658 -5657 -5661
f -5661 -5657 -5656
f -5661 -5656 -5655
f -5654 -5653 -5662
f -5662 -5653 -5660
f -5662 -5660 -5661
f -5661 -5660 -5659
f -5661 -5659 -5658
f -5666 -5665 -5670
f -5670 -5665 -5664
f -5670 -5664 -5663
f -5652 -5651 -5669
f -5669 -5651 -5668
f -5669 -5668 -5670
f -5670 -5668 -5667
f -5670 -5667 -5666
f -5564 -5592 -5570
f -5570 -5592 -5565
f -5570 -5565 -5569
f -5564 -5591 -5592
f -5592 -5591 -5607
f -5592 -5607 -5593
f -5593 -5607 -5594
f -5593 -5594 -5566
f -5566 -5594 -5578
f -5573 -5572 -5575
f -5575 -5572 -5571
f -5575 -5571 -5570
f -5610 -5609 -5615
f -5615 -5609 -5608
f -5615 -5608 -5625
f -5559 -5558 -5614
f -5614 -5558 -5613
f -5614 -5613 -5615
f -5615 -5613 -5612
f -5615 -5612 -5611
f -5573 -5575 -5611
f -5611 -5575 -5574
f -5611 -5574 -5610
f -5622 -5623 -5624
f -5624 -5623 -5626
f -5624 -5626 -5625
f -5625 -5626 -5627
f -5625 -5627 -5615
f -5601 -5600 -5607
f -5607 -5600 -5599
f -5607 -5599 -5598
f -5602 -5607 -5603
f -5603 -5607 -5637
f -5603 -5637 -5638
f -5588 -5587 -5627
f -5627 -5587 -5606
f -5627 -5606 -5607
f -5607 -5606 -5605
f -5607 -5605 -5604
f -5597 -5596 -5607
f -5607 -5596 -5595
f -5607 -5595 -5594
f -30 -32 -31
f -31 -32 -41
f -31 -41 -39
f -39 -41 -40
f -39 -40 -38
f -8702 -8703 -8701
f -8701 -8703 -8700
f -8701 -8700 -8699
f -8738 -8740 -8747
f -8747 -8740 -8746
f -8747 -8746 -8748
f -8755 -8757 -8759
f -8759 -8757 -8758
f -8759 -8758 -8760
f -8644 -8633 -8646
f -8646 -8633 -8632
f -8646 -8632 -8628
f -8640 -8641 -8639
f -8639 -8641 -8638
f -8639 -8638 -8637
f -8672 -8663 -8674
f -8674 -8663 -8664
f -8674 -8664 -8665
f -8677 -8675 -8676
f -8676 -8675 -8674
f -8676 -8674 -8649
f -8665 -8655 -8674
f -8674 -8655 -8654
f -8674 -8654 -8653
f -8622 -8621 -8623
f -8623 -8621 -8612
f -8623 -8612 -8613
f -8613 -8612 -8614
f -8613 -8614 -8611
f -8611 -8614 -8610
f -8611 -8610 -8609
f -8609 -8610 -8608
f -8609 -8608 -8607
f -8581 -8579 -8580
f -8580 -8579 -8578
f -8580 -8578 -8546
f -8536 -8577 -8575
f -8575 -8577 -8576
f -8575 -8576 -8574
f -8533 -8570 -8573
f -8573 -8570 -8569
f -8573 -8569 -8568
f -8574 -8572 -8573
f -8573 -8572 -8571
f -8573 -8571 -8535
f -8535 -8534 -8573
f -8573 -8534 -8533
f -8539 -8538 -8575
f -8575 -8538 -8537
f -8575 -8537 -8536
f -8542 -8541 -8575
f -8575 -8541 -8540
f -8575 -8540 -8539
f -8550 -8548 -8549
f -8549 -8548 -8586
f -8549 -8586 -8584
f -8584 -8586 -8585
f -8584 -8585 -8583
f -8529 -8528 -8562
f -8562 -8528 -8527
f -8562 -8527 -8564
f -8532 -8531 -8562
f -8562 -8531 -8530
f -8562 -8530 -8529
f -8526 -8525 -8560
f -8560 -8525 -8524
f -8560 -8524 -8557
f -8561 -8559 -8560
f -8560 -8559 -8558
f -8560 -8558 -8526
f -8568 -8566 -8567
f -8567 -8566 -8565
f -8567 -8565 -8562
f -8562 -8565 -8532
f -8555 -8553 -8554
f -8554 -8553 -8552
f -8554 -8552 -8551
f -8580 -8546 -8547
f -8547 -8546 -8545
f -8547 -8545 -8544
f -8519 -8516 -8521
f -8521 -8516 -8515
f -8521 -8515 -8514
f -8514 -8512 -8513
f -8513 -8512 -8511
f -8513 -8511 -8475
f -8475 -8511 -8473
f -8475 -8473 -8474
f -8505 -8506 -8507
f -8507 -8506 -8508
f -8507 -8508 -8509
f -8509 -8508 -8510
f -8509 -8510 -8472
f -8500 -8501 -8502
f -8502 -8501 -8503
f -8502 -8503 -8507
f -8507 -8503 -8504
f -8507 -8504 -8464
f -8464 -8463 -8507
f -8507 -8463 -8505
f -8468 -8467 -8509
f -8509 -8467 -8466
f -8509 -8466 -8465
f -8471 -8470 -8509
f -8509 -8470 -8469
f -8509 -8469 -8468
f -8906 -8905 -8904
f -8904 -8905 -8903
f -8904 -8903 -8902
f -8902 -8903 -8901
f -8902 -8901 -8900
f -8924 -8923 -8927
f -8927 -8923 -8929
f -8927 -8929 -8928
f -8928 -8929 -8930
f -8923 -8922 -8929
f -8929 -8922 -8921
f -8929 -8921 -8931
f -8928 -8926 -8927
f -8927 -8926 -8925
f -8927 -8925 -8924
f -8772 -8776 -8770
f -8770 -8776 -8777
f -8770 -8777 -8768
f -8775 -8774 -8773
f -8773 -8774 -8772
f -8773 -8772 -8771
f -8771 -8772 -8770
f -8771 -8770 -8769
f -9116 -9121 -9117
f -9117 -9121 -9139
f -9117 -9139 -9111
f -9109 -9118 -9120
f -9120 -9118 -9119
f -9120 -9119 -9121
f -9112 -9129 -9113
f -9113 -9129 -9131
f -9116 -9123 -9121
f -9121 -9123 -9122
f -9121 -9122 -9120
f -9114 -9115 -9130
f -9130 -9115 -9132
f -9130 -9132 -9131
f -9131 -9132 -9133
f -9136 -9134 -9135
f -9135 -9134 -9133
f -9135 -9133 -9132
f -9097 -9099 -9098
f -9098 -9099 -9090
f -9098 -9090 -9088
f -9088 -9090 -9089
f -9083 -9100 -9102
f -9102 -9100 -9101
f -9102 -9101 -9103
f -9086 -9085 -9102
f -9102 -9085 -9084
f -9102 -9084 -9083
f -9068 -9069 -9071
f -9071 -9069 -9070
f -9071 -9070 -9072
f -9071 -9072 -9073
f -9073 -9072 -9074
f -9073 -9074 -9075
f -9075 -9074 -9076
f -9075 -9076 -9067
f -9080 -9079 -9081
f -9081 -9079 -9078
f -9081 -9078 -9077
f -9056 -9055 -9062
f -9062 -9055 -9054
f -9062 -9054 -9060
f -9057 -9062 -9058
f -9058 -9062 -9059
f -9058 -9059 -9051
f -9033 -9039 -9040
f -9040 -9039 -9038
f -9040 -9038 -9037
f -9283 -9252 -9254
f -9254 -9252 -9253
f -9254 -9253 -9255
f -9234 -9233 -9264
f -9264 -9233 -9232
f -9264 -9232 -9262
f -9261 -9236 -9264
f -9264 -9236 -9235
f -9264 -9235 -9234
f -9254 -9255 -9259
f -9259 -9255 -9256
f -9259 -9256 -9257
f -9262 -9263 -9264
f -9264 -9263 -9265
f -9264 -9265 -9269
f -9269 -9265 -9266
f -9269 -9266 -9240
f -9237 -9267 -9269
f -9269 -9267 -9268
f -9269 -9268 -9270
f -9243 -9242 -9274
f -9274 -9242 -9241
f -9274 -9241 -9272
f -9269 -9270 -9274
f -9274 -9270 -9271
f -9274 -9271 -9243
f -9240 -9239 -9269
f -9269 -9239 -9238
f -9269 -9238 -9237
f -9321 -9320 -9326
f -9326 -9320 -9319
f -9326 -9319 -9318
f -9323 -9325 -9324
f -9324 -9325 -9326
f -9324 -9326 -9318
f -9330 -9332 -9331
f -9331 -9332 -9333
f -9331 -9333 -9309
f -9335 -9333 -9334
f -9334 -9333 -9332
f -9334 -9332 -9312
f -9329 -9328 -9335
f -9335 -9328 -9327
f -9335 -9327 -9313
f -9334 -9336 -9335
f -9335 -9336 -9329
f -9310 -9332 -9311
f -9311 -9332 -9330
f -9326 -9317 -9321
f -9321 -9317 -9316
f -9321 -9316 -9315
f -9306 -9308 -9307
f -9307 -9308 -9297
f -9307 -9297 -9298
f -9298 -9297 -9299
f -9298 -9299 -9300
f -9300 -9299 -9301
f -9300 -9301 -9296
f -9291 -9288 -9293
f -9293 -9288 -9287
f -9293 -9287 -9286
f -9231 -9295 -9293
f -9293 -9295 -9294
f -9293 -9294 -9292
f -9286 -9284 -9285
f -9285 -9284 -9283
f -9285 -9283 -9254
f -9277 -9278 -9279
f -9279 -9278 -9280
f -9279 -9280 -9281
f -9281 -9280 -9282
f -9281 -9282 -9251
f -9272 -9273 -9274
f -9274 -9273 -9275
f -9274 -9275 -9279
f -9279 -9275 -9276
f -9279 -9276 -9230
f -9354 -9353 -9381
f -9381 -9353 -9352
f -9381 -9352 -9351
f -9357 -9356 -9381
f -9381 -9356 -9355
f -9381 -9355 -9415
f -9247 -9246 -9281
f -9281 -9246 -9245
f -9281 -9245 -9244
f -9250 -9249 -9281
f -9281 -9249 -9248
f -9281 -9248 -9247
f -9360 -9359 -9386
f -9386 -9359 -9358
f -9386 -9358 -9384
f -9379 -9380 -9381
f -9381 -9380 -9382
f -9381 -9382 -9386
f -9386 -9382 -9383
f -9386 -9383 -9360
f -9363 -9362 -9391
f -9391 -9362 -9361
f -9391 -9361 -9389
f -9384 -9385 -9386
f -9386 -9385 -9387
f -9386 -9387 -9391
f -9391 -9387 -9388
f -9391 -9388 -9363
f -9389 -9390 -9391
f -9391 -9390 -9392
f -9391 -9392 -9396
f -9396 -9392 -9393
f -9396 -9393 -9367
f -9364 -9394 -9396
f -9396 -9394 -9395
f -9396 -9395 -9397
f -9370 -9369 -9401
f -9401 -9369 -9368
f -9401 -9368 -9399
f -9367 -9366 -9396
f -9396 -9366 -9365
f -9396 -9365 -9364
f -9396 -9397 -9401
f -9401 -9397 -9398
f -9401 -9398 -9370
f -9404 -9405 -9406
f -9406 -9405 -9407
f -9406 -9407 -9408
f -9408 -9407 -9409
f -9408 -9409 -9378
f -9399 -9400 -9401
f -9401 -9400 -9402
f -9401 -9402 -9406
f -9406 -9402 -9403
f -9406 -9403 -9350
f -9504 -9453 -9454
f -9454 -9453 -9452
f -9454 -9452 -9506
f -9417 -9418 -9419
f -9419 -9418 -9420
f -9419 -9420 -9421
f -9421 -9420 -9422
f -9421 -9422 -9423
f -9423 -9422 -9424
f -9423 -9424 -9425
f -9425 -9424 -9426
f -9425 -9426 -9427
f -9427 -9426 -9428
f -9427 -9428 -9429
f -9429 -9428 -9430
f -9429 -9430 -9431
f -9431 -9430 -9432
f -9431 -9432 -9433
f -9433 -9432 -9434
f -9433 -9434 -9435
f -9435 -9434 -9436
f -9435 -9436 -9455
f -9455 -9436 -9457
f -9455 -9457 -9456
f -9456 -9457 -9458
f -9374 -9373 -9408
f -9408 -9373 -9372
f -9408 -9372 -9371
f -9377 -9376 -9408
f -9408 -9376 -9375
f -9408 -9375 -9374
f -9354 -9381 -9416
f -9416 -9381 -9415
f -9416 -9415 -9414
f -9414 -9415 -9413
f -9414 -9413 -9412
f -9412 -9413 -9411
f -9412 -9411 -9410
f -9468 -9469 -9467
f -9467 -9469 -9466
f -9467 -9466 -9465
f -9465 -9466 -9464
f -9465 -9464 -9463
f -9463 -9464 -9462
f -9463 -9462 -9461
f -9461 -9462 -9460
f -9461 -9460 -9459
f -9459 -9460 -9458
f -9459 -9458 -9457
f -9511 -9513 -9512
f -9512 -9513 -9508
f -9512 -9508 -9509
f -9509 -9508 -9510
f -9509 -9510 -9505
f -9520 -9518 -9519
f -9519 -9518 -9517
f -9519 -9517 -9516
f -9516 -9517 -9515
f -9516 -9515 -9514
f -9521 -9522 -9524
f -9524 -9522 -9523
f -9524 -9523 -9525
f -9524 -9525 -9526
f -9526 -9525 -9528
f -9526 -9528 -9527
f -9527 -9528 -9529
f -7977 -7980 -7978
f -7978 -7980 -7979
f -7978 -7979 -7974
f -7975 -7980 -7976
f -7976 -7980 -7977
f -7776 -7797 -7775
f -7775 -7797 -7798
f -7775 -7798 -7774
f -7771 -7770 -7772
f -7772 -7770 -7769
f -7772 -7769 -7768
f -7782 -7781 -7785
f -7785 -7781 -7780
f -7785 -7780 -7779
f -7784 -7783 -7785
f -7785 -7783 -7782
f -7779 -7810 -7778
f -7778 -7810 -7811
f -7778 -7811 -7777
f -7690 -7689 -7688
f -7688 -7689 -7687
f -7688 -7687 -7686
f -7685 -7683 -7673
f -7673 -7683 -7667
f -7673 -7667 -7666
f -7672 -7671 -7674
f -7674 -7671 -7678
f -7674 -7678 -7676
f -7676 -7678 -7677
f -7676 -7677 -7675
f -7700 -7699 -7698
f -7698 -7699 -7697
f -7698 -7697 -7696
f -7677 -7678 -7670
f -7670 -7678 -7669
f -7670 -7669 -7668
f -7695 -7694 -7693
f -7693 -7694 -7692
f -7693 -7692 -7691
f -7711 -7710 -7715
f -7715 -7710 -7709
f -7715 -7709 -7708
f -7714 -7713 -7715
f -7715 -7713 -7712
f -7715 -7712 -7711
f -7634 -7636 -7635
f -7635 -7636 -7607
f -7635 -7607 -7618
f -7618 -7607 -7620
f -7618 -7620 -7619
f -7637 -7638 -7639
f -7639 -7638 -7640
f -7639 -7640 -7641
f -7641 -7640 -7642
f -7641 -7642 -7608
f -7605 -7613 -7606
f -7606 -7613 -7637
f -7606 -7637 -7639
f -7625 -7626 -7627
f -7627 -7626 -7628
f -7627 -7628 -7629
f -7629 -7628 -7630
f -7629 -7630 -7624
f -7609 -7631 -7633
f -7633 -7631 -7632
f -7633 -7632 -7634
f -7622 -7623 -7621
f -7621 -7623 -7604
f -7621 -7604 -7603
f -7600 -7610 -7621
f -7621 -7610 -7611
f -7621 -7611 -7612
f -7603 -7602 -7621
f -7621 -7602 -7601
f -7621 -7601 -7600
f -7617 -7615 -7616
f -7616 -7615 -7614
f -7616 -7614 -7625
f -7656 -7657 -7658
f -7658 -7657 -7659
f -7658 -7659 -7660
f -7660 -7659 -7661
f -7660 -7661 -7653
f -7653 -7661 -7652
f -7653 -7652 -7651
f -7648 -7647 -7649
f -7649 -7647 -7662
f -7649 -7662 -7664
f -7664 -7662 -7663
f -7664 -7663 -7665
f -7665 -7663 -7657
f -7665 -7657 -7654
f -7654 -7657 -7655
f -7666 -7672 -7673
f -7673 -7672 -7674
f -7586 -7585 -7584
f -7584 -7585 -7583
f -7584 -7583 -7582
f -7582 -7583 -7581
f -7582 -7581 -7580
f -7589 -7578 -7579
f -7579 -7578 -7582
f -7579 -7582 -7580
f -7594 -7593 -7592
f -7592 -7593 -7591
f -7592 -7591 -7590
f -7557 -7556 -7555
f -7555 -7556 -7554
f -7555 -7554 -7553
f -7570 -7569 -7574
f -7574 -7569 -7568
f -7574 -7568 -7567
f -7573 -7572 -7574
f -7574 -7572 -7571
f -7574 -7571 -7570
f -7575 -7577 -7576
f -7576 -7577 -7585
f -7576 -7585 -7586
f -7565 -7564 -7566
f -7566 -7564 -7563
f -7566 -7563 -7562
f -7534 -7536 -7539
f -7539 -7536 -7537
f -7539 -7537 -7538
f -7545 -7544 -7543
f -7543 -7544 -7542
f -7543 -7542 -7541
f -7526 -7525 -7528
f -7528 -7525 -7524
f -7528 -7524 -7530
f -7530 -7524 -7529
f -7530 -7529 -7531
f -8356 -8357 -8355
f -8355 -8357 -8320
f -8355 -8320 -8321
f -8321 -8320 -8319
f -8321 -8319 -8318
f -8364 -8362 -8363
f -8363 -8362 -8361
f -8363 -8361 -8360
f -8327 -8325 -8326
f -8326 -8325 -8324
f -8326 -8324 -8323
f -8401 -8399 -8400
f -8400 -8399 -8398
f -8400 -8398 -8394
f -8394 -8398 -8395
f -8394 -8395 -8396
f -8396 -8395 -8397
f -8396 -8397 -8393
f -8386 -8387 -8385
f -8385 -8387 -8384
f -8385 -8384 -8383
f -8383 -8384 -8382
f -8383 -8382 -8381
f -8381 -8382 -8380
f -8381 -8380 -8379
f -8379 -8380 -8378
f -8379 -8378 -8377
f -8377 -8378 -8376
f -8377 -8376 -8375
f -8375 -8376 -8374
f -8375 -8374 -8373
f -8373 -8374 -8372
f -8373 -8372 -8371
f -8371 -8372 -8370
f -8371 -8370 -8369
f -8369 -8370 -8368
f -8369 -8368 -8367
f -8367 -8368 -8366
f -8367 -8366 -8365
f -8365 -8366 -8364
f -8365 -8364 -8363
f -8412 -8411 -8434
f -8434 -8411 -8410
f -8434 -8410 -8432
f -8426 -8425 -8427
f -8427 -8425 -8421
f -8427 -8421 -8423
f -8423 -8421 -8422
f -8423 -8422 -8424
f -8424 -8422 -8409
f -8426 -8427 -8428
f -8428 -8427 -8429
f -8428 -8429 -8430
f -8430 -8429 -8431
f -8430 -8431 -8433
f -8433 -8431 -8435
f -8433 -8435 -8434
f -8434 -8435 -8436
f -8431 -8408 -8435
f -8435 -8408 -8407
f -8416 -8415 -8418
f -8418 -8415 -8414
f -8418 -8414 -8413
f -8416 -8418 -8421
f -8421 -8418 -8417
f -8421 -8417 -8419
f -8482 -8480 -8481
f -8481 -8480 -8479
f -8481 -8479 -8478
f -8487 -8485 -8486
f -8486 -8485 -8484
f -8486 -8484 -8483
f -8458 -8457 -8497
f -8497 -8457 -8456
f -8497 -8456 -8495
f -8493 -8494 -8497
f -8497 -8494 -8459
f -8497 -8459 -8458
f -8489 -8492 -8488
f -8488 -8492 -8487
f -8488 -8487 -8486
f -8452 -8490 -8492
f -8492 -8490 -8491
f -8492 -8491 -8493
f -8455 -8454 -8492
f -8492 -8454 -8453
f -8492 -8453 -8452
f -8495 -8496 -8497
f -8497 -8496 -8498
f -8497 -8498 -8502
f -8502 -8498 -8499
f -8502 -8499 -8462
f -8462 -8461 -8502
f -8502 -8461 -8460
f -8502 -8460 -8500
f -8093 -8092 -8095
f -8095 -8092 -8079
f -8095 -8079 -8097
f -8094 -8096 -8081
f -8081 -8096 -8098
f -8081 -8098 -8080
f -8105 -8123 -8121
f -8121 -8123 -8122
f -8121 -8122 -8120
f -8120 -8122 -8108
f -8120 -8108 -8107
f -8107 -8108 -8106
f -8107 -8106 -8115
f -8115 -8106 -8114
f -8115 -8114 -8113
f -8113 -8114 -8112
f -8113 -8112 -8111
f -8111 -8112 -8110
f -8111 -8110 -8109
f -8067 -8066 -8068
f -8068 -8066 -8065
f -8068 -8065 -8064
f -8069 -8070 -8063
f -8063 -8070 -8068
f -8063 -8068 -8064
f -8062 -8061 -8063
f -8063 -8061 -8060
f -8063 -8060 -8059
f -8053 -8054 -8055
f -8055 -8054 -8056
f -8055 -8056 -8057
f -8057 -8056 -8058
f -8057 -8058 -8052
f -8197 -8196 -8200
f -8200 -8196 -8195
f -8200 -8195 -8194
f -8199 -8198 -8200
f -8200 -8198 -8197
f -8149 -8147 -8148
f -8148 -8147 -8146
f -8148 -8146 -8142
f -8145 -8144 -8150
f -8150 -8144 -8143
f -8150 -8143 -8152
f -8142 -8141 -8148
f -8148 -8141 -8140
f -8138 -8137 -8139
f -8139 -8137 -8136
f -8139 -8136 -8135
f -8126 -8134 -8132
f -8132 -8134 -8133
f -8132 -8133 -8131
f -8131 -8129 -8130
f -8130 -8129 -8128
f -8130 -8128 -8127
f -8124 -8123 -8125
f -8125 -8123 -8119
f -8125 -8119 -8104
f -8123 -8116 -8118
f -8118 -8116 -8117
f -8118 -8117 -8119
f -8170 -8169 -8171
f -8171 -8169 -8166
f -8171 -8166 -8167
f -8167 -8166 -8168
f -8167 -8168 -8165
f -10335 -10333 -10334
f -10334 -10333 -10332
f -10334 -10332 -10331
f -10331 -10332 -10330
f -10331 -10330 -10329
f -10329 -10330 -10328
f -10329 -10328 -10327
f -10327 -10328 -10326
f -10327 -10326 -10325
f -10325 -10326 -10324
f -10325 -10324 -10323
f -10323 -10324 -10322
f -10323 -10322 -10321
f -10321 -10322 -10320
f -10321 -10320 -10319
f -10319 -10320 -10318
f -10319 -10318 -10317
f -10317 -10318 -10316
f -10317 -10316 -10315
f -10315 -10316 -10314
f -10315 -10314 -10313
f -10313 -10314 -10312
f -10313 -10312 -10311
f -10311 -10312 -10310
f -10311 -10310 -10309
f -10309 -10310 -10308
f -10309 -10308 -10307
f -10307 -10308 -10306
f -10307 -10306 -10283
f -10283 -10306 -10282
f -10283 -10282 -10281
f -10301 -10302 -10300
f -10300 -10302 -10299
f -10300 -10299 -10298
f -10298 -10299 -10297
f -10298 -10297 -10296
f -10296 -10297 -10295
f -10296 -10295 -10294
f -10294 -10295 -10293
f -10294 -10293 -10292
f -10292 -10293 -10291
f -10292 -10291 -10290
f -10290 -10291 -10289
f -10290 -10289 -10288
f -10288 -10289 -10287
f -10288 -10287 -10286
f -10286 -10287 -10285
f -10286 -10285 -10284
f -10360 -10399 -10402
f -10402 -10399 -10398
f -10402 -10398 -10397
f -10407 -10406 -10408
f -10408 -10406 -10346
f -10408 -10346 -10405
f -10403 -10401 -10402
f -10402 -10401 -10400
f -10402 -10400 -10361
f -10302 -10303 -10304
f -10304 -10303 -10305
f -10304 -10305 -10272
f -10272 -10305 -10271
f -10272 -10271 -10270
f -10364 -10363 -10410
f -10410 -10363 -10362
f -10410 -10362 -10412
f -10357 -10393 -10396
f -10396 -10393 -10392
f -10396 -10392 -10391
f -10397 -10395 -10396
f -10396 -10395 -10394
f -10396 -10394 -10359
f -10367 -10366 -10410
f -10410 -10366 -10365
f -10410 -10365 -10364
f -10369 -10368 -10410
f -10410 -10368 -10367
f -10359 -10358 -10396
f -10396 -10358 -10357
f -10416 -10417 -10415
f -10415 -10417 -10414
f -10415 -10414 -10413
f -10376 -10353 -10378
f -10378 -10353 -10352
f -10378 -10352 -10375
f -10373 -10371 -10372
f -10372 -10371 -10370
f -10372 -10370 -10351
f -10354 -10387 -10390
f -10390 -10387 -10386
f -10390 -10386 -10385
f -10391 -10389 -10390
f -10390 -10389 -10388
f -10390 -10388 -10356
f -10356 -10355 -10390
f -10390 -10355 -10354
f -10350 -10349 -10372
f -10372 -10349 -10348
f -10372 -10348 -10347
f -10383 -10382 -10384
f -10384 -10382 -10345
f -10384 -10345 -10381
f -10439 -10438 -10440
f -10440 -10438 -10433
f -10440 -10433 -10432
f -3743 -3742 -3744
f -3744 -3742 -3741
f -3744 -3741 -3748
f -3732 -3731 -3735
f -3735 -3731 -3740
f -3735 -3740 -3738
f -3738 -3740 -3739
f -3738 -3739 -3737
f -3746 -3745 -3749
f -3749 -3745 -3754
f -3749 -3754 -3752
f -3752 -3754 -3753
f -3752 -3753 -3751
f -3744 -3748 -3749
f -3749 -3748 -3747
f -3749 -3747 -3746
f -3728 -3727 -3730
f -3730 -3727 -3734
f -3730 -3734 -3735
f -3735 -3734 -3733
f -3735 -3733 -3732
f -10104 -10141 -10144
f -10144 -10141 -10140
f -10144 -10140 -10139
f -10145 -10143 -10144
f -10144 -10143 -10142
f -10144 -10142 -10106
f -10152 -10150 -10151
f -10151 -10150 -10149
f -10151 -10149 -10117
f -10107 -10148 -10146
f -10146 -10148 -10147
f -10146 -10147 -10145
f -10110 -10109 -10146
f -10146 -10109 -10108
f -10146 -10108 -10107
f -10113 -10112 -10146
f -10146 -10112 -10111
f -10146 -10111 -10110
f -10106 -10105 -10144
f -10144 -10105 -10104
f -10121 -10119 -10120
f -10120 -10119 -10157
f -10120 -10157 -10155
f -10155 -10157 -10156
f -10155 -10156 -10154
f -10117 -10116 -10118
f -10118 -10116 -10115
f -10118 -10115 -10114
f -10095 -10128 -10131
f -10131 -10128 -10127
f -10131 -10127 -10126
f -10132 -10130 -10131
f -10131 -10130 -10129
f -10131 -10129 -10097
f -10139 -10137 -10138
f -10138 -10137 -10136
f -10138 -10136 -10133
f -10133 -10136 -10103
f -10133 -10103 -10102
f -10098 -10135 -10133
f -10133 -10135 -10134
f -10133 -10134 -10132
f -10097 -10096 -10131
f -10131 -10096 -10095
f -10101 -10100 -10133
f -10133 -10100 -10099
f -10133 -10099 -10098
f -10126 -10124 -10125
f -10125 -10124 -10123
f -10125 -10123 -10122
f -3540 -3539 -3542
f -3542 -3539 -3538
f -3542 -3538 -3537
f -3533 -3532 -3536
f -3536 -3532 -3531
f -3536 -3531 -3530
f -3535 -3534 -3536
f -3536 -3534 -3533
f -3526 -3525 -3529
f -3529 -3525 -3524
f -3529 -3524 -3523
f -3528 -3527 -3529
f -3529 -3527 -3526
f -3519 -3518 -3522
f -3522 -3518 -3517
f -3522 -3517 -3516
f -3521 -3520 -3522
f -3522 -3520 -3519
f -3512 -3511 -3515
f -3515 -3511 -3510
f -3515 -3510 -3509
f -3514 -3513 -3515
f -3515 -3513 -3512
f -3485 -3484 -3488
f -3488 -3484 -3483
f -3488 -3483 -3482
f -3487 -3486 -3488
f -3488 -3486 -3485
f -3492 -3491 -3495
f -3495 -3491 -3490
f -3495 -3490 -3489
f -3494 -3493 -3495
f -3495 -3493 -3492
f -3499 -3498 -3501
f -3501 -3498 -3497
f -3501 -3497 -3496
f -3507 -3506 -3508
f -3508 -3506 -3505
f -3508 -3505 -3504
f -3504 -3503 -3508
f -3508 -3503 -3502
f -3459 -3458 -3460
f -3460 -3458 -3457
f -3460 -3457 -3456
f -10275 -10274 -10276
f -10276 -10274 -10273
f -10276 -10273 -10277
f -3451 -3450 -3454
f -3454 -3450 -3449
f -3454 -3449 -3448
f -3453 -3452 -3454
f -3454 -3452 -3451
f -10281 -10280 -10283
f -10283 -10280 -10279
f -10283 -10279 -10278
f -3478 -3477 -3481
f -3481 -3477 -3476
f -3481 -3476 -3475
f -3480 -3479 -3481
f -3481 -3479 -3478
f -3464 -3463 -3467
f -3467 -3463 -3462
f -3467 -3462 -3461
f -3466 -3465 -3467
f -3467 -3465 -3464
f -3471 -3470 -3474
f -3474 -3470 -3469
f -3474 -3469 -3468
f -3473 -3472 -3474
f -3474 -3472 -3471
f -3437 -3436 -3440
f -3440 -3436 -3435
f -3440 -3435 -3434
f -3439 -3438 -3440
f -3440 -3438 -3437
f -3444 -3443 -3447
f -3447 -3443 -3442
f -3447 -3442 -3441
f -3446 -3445 -3447
f -3447 -3445 -3444
f -3423 -3422 -3426
f -3426 -3422 -3421
f -3426 -3421 -3420
f -3425 -3424 -3426
f -3426 -3424 -3423
f -3417 -3416 -3419
f -3419 -3416 -3415
f -3419 -3415 -3414
f -3430 -3429 -3433
f -3433 -3429 -3428
f -3433 -3428 -3427
f -3432 -3431 -3433
f -3433 -3431 -3430
f -3410 -3409 -3413
f -3413 -3409 -3408
f -3413 -3408 -3407
f -3412 -3411 -3413
f -3413 -3411 -3410
f -3403 -3402 -3406
f -3406 -3402 -3401
f -3406 -3401 -3400
f -3405 -3404 -3406
f -3406 -3404 -3403
f -3396 -3395 -3399
f -3399 -3395 -3394
f -3399 -3394 -3393
f -3398 -3397 -3399
f -3399 -3397 -3396
f -3389 -3388 -3392
f -3392 -3388 -3387
f -3392 -3387 -3386
f -3391 -3390 -3392
f -3392 -3390 -3389
f -9940 -9939 -9941
f -9941 -9939 -9938
f -9941 -9938 -9937
f -9936 -9935 -9934
f -9934 -9935 -9933
f -9934 -9933 -9932
f -9932 -9933 -9931
f -9932 -9931 -9930
f -9930 -9931 -9929
f -9930 -9929 -9928
f -9928 -9926 -9930
f -9930 -9926 -9925
f -9911 -9924 -9922
f -9922 -9924 -9923
f -9922 -9923 -9921
f -9921 -9919 -9920
f -9920 -9919 -9918
f -9920 -9918 -9917
f -9917 -9918 -9916
f -9917 -9916 -9915
f -9915 -9914 -9917
f -9917 -9914 -9913
f -9917 -9913 -9912
f -9993 -9991 -9992
f -9992 -9991 -9990
f -9992 -9990 -9967
f -9967 -9990 -9966
f -9967 -9966 -9968
f -9968 -9966 -9955
f -9968 -9955 -9956
f -9956 -9955 -9977
f -9956 -9957 -9968
f -9968 -9957 -9970
f -9968 -9970 -9969
f -9969 -9970 -9971
f -9969 -9971 -9964
f -9964 -9971 -9963
f -9964 -9963 -9994
f -9994 -9963 -9996
f -9994 -9996 -9995
f -9957 -9958 -9970
f -9970 -9958 -9959
f -9970 -9959 -9961
f -9961 -9959 -9960
f -9961 -9960 -9962
f -9962 -9960 -9954
f -9962 -9954 -9976
f -9991 -9989 -9990
f -9990 -9989 -9988
f -9990 -9988 -9966
f -9966 -9988 -9965
f -9966 -9965 -9955
f -9955 -9965 -9979
f -9955 -9979 -9977
f -9977 -9979 -9978
f -9968 -9969 -9967
f -9967 -9969 -9964
f -9967 -9964 -9992
f -9992 -9964 -9994
f -9992 -9994 -9993
f -9993 -9994 -9995
f -9970 -9972 -9971
f -9971 -9972 -9973
f -9971 -9973 -9963
f -9963 -9973 -9975
f -9963 -9975 -9996
f -9973 -9972 -9974
f -9974 -9972 -9962
f -9974 -9962 -9976
f -9979 -9965 -9986
f -9986 -9965 -9988
f -9986 -9988 -9987
f -9987 -9988 -9989
f -9985 -9984 -9986
f -9986 -9984 -9981
f -9986 -9981 -9979
f -9979 -9981 -9980
f -9979 -9980 -9978
f -9984 -9983 -9981
f -9981 -9983 -9982
f -9981 -9982 -9980
f -10023 -10022 -10026
f -10026 -10022 -10025
f -10026 -10025 -10027
f -10021 -10020 -10024
f -10024 -10020 -10019
f -10024 -10019 -10023
f -10027 -10028 -10029
f -10029 -10028 -10030
f -10029 -10030 -10032
f -10032 -10030 -10031
f -10032 -10031 -10033
f -10040 -10041 -10039
f -10039 -10041 -10038
f -10039 -10038 -10037
f -4374 -4373 -4376
f -4376 -4373 -4372
f -4376 -4372 -4371
f -4383 -4385 -4384
f -4384 -4385 -4375
f -4384 -4375 -4376
f -4376 -4375 -4374
f -4378 -4377 -4379
f -4379 -4377 -4380
f -4379 -4380 -4382
f -4382 -4380 -4381
f -4382 -4381 -4383
f -4389 -4390 -4388
f -4388 -4390 -4387
f -4388 -4387 -4386
f -4394 -4395 -4393
f -4393 -4395 -4392
f -4393 -4392 -4391
f -4391 -4392 -4390
f -4391 -4390 -4389
f -4401 -4402 -4400
f -4400 -4402 -4399
f -4400 -4399 -4398
f -4398 -4399 -4397
f -4398 -4397 -4396
f -4396 -4397 -4395
f -4396 -4395 -4394
f -4408 -4410 -4409
f -4409 -4410 -4407
f -4409 -4407 -4406
f -9631 -9629 -9630
f -9630 -9629 -9628
f -9630 -9628 -9615
f -9615 -9628 -9616
f -9615 -9616 -9618
f -9618 -9616 -9617
f -9618 -9617 -9619
f -9603 -9602 -9604
f -9604 -9602 -9597
f -9604 -9597 -9596
f -9588 -9589 -9590
f -9590 -9589 -9591
f -9590 -9591 -9592
f -9592 -9591 -9593
f -9592 -9593 -9594
f -9594 -9593 -9595
f -9594 -9595 -9587
f -9581 -9580 -9594
f -9594 -9580 -9579
f -9594 -9579 -9578
f -9584 -9583 -9594
f -9594 -9583 -9582
f -9594 -9582 -9581
f -9587 -9586 -9594
f -9594 -9586 -9585
f -9594 -9585 -9584
f -9541 -9542 -9540
f -9540 -9542 -9539
f -9540 -9539 -9538
f -9538 -9539 -9537
f -9538 -9537 -9536
f -9536 -9537 -9535
f -9536 -9535 -9534
f -9534 -9535 -9533
f -9534 -9533 -9532
f -9532 -9533 -9531
f -9532 -9531 -9530
f -9530 -9531 -9529
f -9530 -9529 -9528
f -4610 -4611 -4612
f -4612 -4611 -4613
f -4612 -4613 -4614
f -4614 -4613 -4615
f -4614 -4615 -4617
f -4617 -4615 -4616
f -4617 -4616 -4618
f -11191 -11192 -11190
f -11190 -11192 -11187
f -11190 -11187 -11186
f -4617 -4618 -4619
f -4619 -4618 -4620
f -4619 -4620 -4621
f -4621 -4620 -4622
f -4621 -4622 -4624
f -4624 -4622 -4623
f -4624 -4623 -4625
f -4637 -4636 -4638
f -4638 -4636 -4639
f -4638 -4639 -4641
f -4641 -4639 -4640
f -4641 -4640 -4642
f -4642 -4644 -4643
f -4643 -4644 -4634
f -4643 -4634 -4635
f -4635 -4634 -4633
f -4635 -4633 -4632
f -4632 -4631 -4635
f -4635 -4631 -4630
f -4648 -4649 -4647
f -4647 -4649 -4646
f -4647 -4646 -4645
f -4653 -4654 -4652
f -4652 -4654 -4651
f -4652 -4651 -4650
f -4650 -4651 -4649
f -4650 -4649 -4648
f -4660 -4661 -4659
f -4659 -4661 -4658
f -4659 -4658 -4657
f -4657 -4658 -4656
f -4657 -4656 -4655
f -4655 -4656 -4654
f -4655 -4654 -4653
f -4562 -4564 -4563
f -4563 -4564 -4555
f -4563 -4555 -4554
f -4564 -4565 -4567
f -4567 -4565 -4566
f -4567 -4566 -4568
f -4559 -4558 -4561
f -4561 -4558 -4557
f -4561 -4557 -4556
f -4568 -4570 -4569
f -4569 -4570 -4560
f -4569 -4560 -4561
f -4561 -4560 -4559
f -4541 -4542 -4543
f -4543 -4542 -4544
f -4543 -4544 -4545
f -4545 -4544 -4546
f -4545 -4546 -4547
f -4547 -4546 -4548
f -4547 -4548 -4550
f -4550 -4548 -4549
f -4550 -4549 -4551
f -4578 -4579 -4580
f -4580 -4579 -4581
f -4580 -4581 -4582
f -4582 -4581 -4583
f -4582 -4583 -4584
f -4584 -4583 -4585
f -4584 -4585 -4587
f -4587 -4585 -4586
f -4587 -4586 -4588
f -4596 -4595 -4598
f -4598 -4595 -4594
f -4598 -4594 -4593
f -4605 -4607 -4606
f -4606 -4607 -4597
f -4606 -4597 -4598
f -4598 -4597 -4596
f -4599 -4601 -4600
f -4600 -4601 -4592
f -4600 -4592 -4591
f -4601 -4602 -4604
f -4604 -4602 -4603
f -4604 -4603 -4605
f -4574 -4575 -4573
f -4573 -4575 -4572
f -4573 -4572 -4571
f -4504 -4505 -4506
f -4506 -4505 -4507
f -4506 -4507 -4508
f -4508 -4507 -4509
f -4508 -4509 -4510
f -4510 -4509 -4511
f -4510 -4511 -4513
f -4513 -4511 -4512
f -4513 -4512 -4514
f -4523 -4522 -4524
f -4524 -4522 -4521
f -4524 -4521 -4520
f -4525 -4527 -4526
f -4526 -4527 -4518
f -4526 -4518 -4517
f -4527 -4528 -4530
f -4530 -4528 -4529
f -4530 -4529 -4531
f -4537 -4538 -4536
f -4536 -4538 -4535
f -4536 -4535 -4534
f -4494 -4496 -4495
f -4495 -4496 -4486
f -4495 -4486 -4487
f -4487 -4486 -4485
f -4487 -4485 -4484
f -4484 -4483 -4487
f -4487 -4483 -4482
f -4488 -4490 -4489
f -4489 -4490 -4481
f -4489 -4481 -4480
f -11293 -11292 -11294
f -11294 -11292 -11286
f -11294 -11286 -11285
f -11306 -11295 -11296
f -11296 -11295 -11304
f -11296 -11304 -11302
f -11302 -11304 -11303
f -11302 -11303 -11313
f -11311 -11298 -11297
f -11297 -11298 -11301
f -11297 -11301 -11299
f -11299 -11301 -11300
f -11299 -11300 -11308
f -4467 -4468 -4469
f -4469 -4468 -4470
f -4469 -4470 -4471
f -4471 -4470 -4472
f -4471 -4472 -4473
f -4473 -4472 -4474
f -4473 -4474 -4476
f -4476 -4474 -4475
f -4476 -4475 -4477
f -4500 -4501 -4499
f -4499 -4501 -4498
f -4499 -4498 -4497
f -4490 -4491 -4493
f -4493 -4491 -4492
f -4493 -4492 -4494
f -4463 -4464 -4462
f -4462 -4464 -4461
f -4462 -4461 -4460
f -11218 -11217 -11216
f -11216 -11217 -11215
f -11216 -11215 -11214
f -11214 -11215 -11213
f -11214 -11213 -11212
f -11212 -11213 -11211
f -11212 -11211 -11210
f -4448 -4447 -4450
f -4450 -4447 -4446
f -4450 -4446 -4445
f -4457 -4459 -4458
f -4458 -4459 -4449
f -4458 -4449 -4450
f -4450 -4449 -4448
f -11208 -11207 -11209
f -11209 -11207 -11217
f -11209 -11217 -11218
f -11212 -11210 -11199
f -11199 -11210 -11203
f -11199 -11203 -11204
f -11204 -11203 -11202
f -4452 -4451 -4453
f -4453 -4451 -4454
f -4453 -4454 -4456
f -4456 -4454 -4455
f -4456 -4455 -4457
f -11195 -11194 -11193
f -11193 -11194 -11192
f -11193 -11192 -11191
f -11224 -11223 -11244
f -11244 -11223 -11246
f -11244 -11246 -11245
f -11245 -11246 -11247
f -4430 -4431 -4432
f -4432 -4431 -4433
f -4432 -4433 -4434
f -4434 -4433 -4435
f -4434 -4435 -4436
f -4436 -4435 -4437
f -4436 -4437 -4439
f -4439 -4437 -4438
f -4439 -4438 -4440
f -4426 -4427 -4425
f -4425 -4427 -4424
f -4425 -4424 -4423
f -4414 -4416 -4415
f -4415 -4416 -4417
f -4415 -4417 -4419
f -4419 -4417 -4418
f -4419 -4418 -4420
f -4410 -4411 -4413
f -4413 -4411 -4412
f -4413 -4412 -4414
f -11331 -11356 -11354
f -11354 -11356 -11355
f -11354 -11355 -11353
f -4823 -4829 -4827
f -4827 -4829 -4828
f -4827 -4828 -4826
f -11327 -11326 -11325
f -11325 -11326 -11324
f -11325 -11324 -11323
f -11323 -11324 -11322
f -11323 -11322 -11321
f -4867 -4869 -4872
f -4872 -4869 -4870
f -4872 -4870 -4871
f -4865 -4866 -4859
f -4859 -4866 -4855
f -4859 -4855 -4854
f -4858 -4857 -4861
f -4861 -4857 -4856
f -4861 -4856 -4862
f -4854 -4858 -4859
f -4859 -4858 -4861
f -4859 -4861 -4860
f -4885 -4884 -4886
f -4886 -4884 -4879
f -4886 -4879 -4878
f -4893 -4892 -4894
f -4894 -4892 -4891
f -4894 -4891 -4890
f -4902 -4901 -4903
f -4903 -4901 -4896
f -4903 -4896 -4895
f -4908 -4909 -4910
f -4910 -4909 -4911
f -4910 -4911 -4912
f -4912 -4911 -4913
f -4912 -4913 -4898
f -4931 -4929 -4930
f -4930 -4929 -4936
f -4930 -4936 -4927
f -4927 -4936 -4938
f -4927 -4938 -4925
f -4925 -4938 -4940
f -4925 -4940 -4923
f -4923 -4940 -4942
f -4923 -4942 -4921
f -4921 -4942 -4944
f -4921 -4944 -4919
f -4919 -4944 -4915
f -4919 -4915 -4917
f -11506 -11489 -11505
f -11505 -11489 -11485
f -11505 -11485 -11482
f -11487 -11486 -11488
f -11488 -11486 -11501
f -11488 -11501 -11503
f -11503 -11501 -11502
f -11503 -11502 -11504
f -11510 -11534 -11511
f -11511 -11534 -11512
f -11511 -11512 -11518
f -11518 -11512 -11517
f -11518 -11517 -11516
f -11516 -11517 -11515
f -11516 -11515 -11514
f -11514 -11515 -11513
f -11541 -11540 -11544
f -11544 -11540 -11539
f -11544 -11539 -11549
f -11537 -11536 -11543
f -11543 -11536 -11542
f -11543 -11542 -11544
f -11544 -11542 -11541
f -11556 -11555 -11557
f -11557 -11555 -11554
f -11557 -11554 -11564
f -11564 -11565 -11566
f -11566 -11565 -11567
f -11566 -11567 -11568
f -11568 -11567 -11569
f -11568 -11569 -11553
f -11562 -11561 -11563
f -11563 -11561 -11551
f -11563 -11551 -11550
f -11573 -11571 -11572
f -11572 -11571 -11570
f -11572 -11570 -11582
f -11579 -11575 -11576
f -11576 -11575 -11574
f -11576 -11574 -11573
f -5013 -5015 -5014
f -5014 -5015 -5016
f -5014 -5016 -5024
f -5024 -5016 -5026
f -5024 -5026 -5025
f -5025 -5026 -5027
f -5025 -5023 -5024
f -5024 -5023 -5022
f -5024 -5022 -5010
f -5031 -5029 -5030
f -5030 -5029 -5028
f -5030 -5028 -5020
f -5020 -5028 -5018
f -5020 -5018 -5019
f -5019 -5018 -5017
f -5015 -5017 -5016
f -5016 -5017 -5018
f -5016 -5018 -5026
f -5026 -5018 -5028
f -5026 -5028 -5027
f -5027 -5028 -5029
f -10763 -10762 -10773
f -10773 -10762 -10761
f -10773 -10761 -10760
f -10766 -10765 -10773
f -10773 -10765 -10764
f -10773 -10764 -10763
f -10759 -10770 -10771
f -10771 -10770 -10769
f -10771 -10769 -10768
f -5030 -5020 -5037
f -5037 -5020 -5035
f -5037 -5035 -5036
f -5036 -5035 -5034
f -10774 -10772 -10773
f -10773 -10772 -10771
f -10773 -10771 -10768
f -5032 -5031 -5039
f -5039 -5031 -5030
f -5039 -5030 -5037
f -5040 -5039 -5038
f -5038 -5039 -5037
f -5038 -5037 -5036
f -4978 -4990 -4991
f -4991 -4990 -4989
f -4991 -4989 -4980
f -4980 -4989 -5001
f -4980 -5001 -5002
f -5002 -5001 -5000
f -5002 -5000 -4979
f -4988 -4986 -4987
f -4987 -4986 -4985
f -4987 -4985 -4999
f -4999 -4985 -4997
f -4999 -4997 -4998
f -4998 -4997 -4996
f -10781 -10784 -10782
f -10782 -10784 -10783
f -10782 -10783 -10796
f -4990 -4988 -4989
f -4989 -4988 -4987
f -4989 -4987 -5001
f -5001 -4987 -4999
f -5001 -4999 -5000
f -5000 -4999 -4998
f -4986 -4984 -4985
f -4985 -4984 -4983
f -4985 -4983 -4997
f -4997 -4983 -4995
f -4997 -4995 -4996
f -4996 -4995 -4994
f -5024 -5010 -5014
f -5014 -5010 -5012
f -5014 -5012 -5013
f -5013 -5012 -5011
f -4984 -4982 -4983
f -4983 -4982 -4981
f -4983 -4981 -4995
f -4995 -4981 -5008
f -4995 -5008 -4994
f -4994 -5008 -4993
f -4992 -4993 -5009
f -5009 -4993 -5008
f -5009 -5008 -5007
f -5007 -5008 -5006
f -5007 -5006 -5005
f -5005 -5006 -5004
f -5005 -5004 -5003
f -4982 -5004 -4981
f -4981 -5004 -5006
f -4981 -5006 -5008
f -4947 -4967 -4971
f -4971 -4967 -4973
f -4971 -4973 -4972
f -4972 -4973 -4974
f -4972 -4974 -4965
f -4965 -4974 -4949
f -4965 -4949 -4963
f -4971 -4972 -4970
f -4970 -4972 -4966
f -4970 -4966 -4961
f -4961 -4966 -4960
f -4961 -4960 -4959
f -4959 -4960 -4958
f -4959 -4958 -4957
f -4957 -4958 -4956
f -4957 -4956 -4955
f -4949 -4974 -4976
f -4976 -4974 -4975
f -4976 -4975 -4977
f -4977 -4975 -4969
f -4977 -4969 -4948
f -4974 -4973 -4975
f -4975 -4973 -4969
f -4962 -4950 -4951
f -4951 -4950 -4952
f -4951 -4952 -4958
f -4958 -4952 -4953
f -4958 -4953 -4956
f -4963 -4962 -4964
f -4964 -4962 -4951
f -4964 -4951 -4960
f -4960 -4951 -4958
f -4953 -4952 -4954
f -4954 -4952 -4950
f -4954 -4950 -4946
f -4915 -4944 -4945
f -4945 -4944 -4943
f -4945 -4943 -4914
f -4931 -4930 -4932
f -4932 -4930 -4928
f -5294 -5296 -5295
f -5295 -5296 -5297
f -5295 -5297 -5290
f -5293 -5304 -5302
f -5302 -5304 -5303
f -5302 -5303 -5301
f -5291 -5304 -5292
f -5292 -5304 -5293
f -5307 -5328 -5311
f -5311 -5328 -5329
f -10917 -10919 -10918
f -10918 -10919 -10921
f -10918 -10921 -10923
f -10923 -10921 -10922
f -10923 -10922 -10924
f -10914 -10913 -10918
f -10918 -10913 -10912
f -10918 -10912 -10916
f -11975 -11977 -11976
f -11976 -11977 -11978
f -11976 -11978 -11986
f -11986 -11978 -11988
f -11986 -11988 -11987
f -11987 -11988 -11989
f -2156 -2155 -2154
f -2154 -2155 -2153
f -2154 -2153 -2152
f -11983 -11981 -11982
f -11982 -11981 -11980
f -11982 -11980 -11968
f -2159 -2158 -2163
f -2163 -2158 -2157
f -2163 -2157 -2171
f -2162 -2161 -2163
f -2163 -2161 -2160
f -2163 -2160 -2159
f -11973 -11975 -11974
f -11974 -11975 -11976
f -11974 -11976 -11984
f -11984 -11976 -11986
f -11984 -11986 -11985
f -11985 -11986 -11987
f -11971 -11973 -11972
f -11972 -11973 -11974
f -11972 -11974 -11982
f -11982 -11974 -11984
f -11982 -11984 -11983
f -11983 -11984 -11985
f -2166 -2165 -2170
f -2170 -2165 -2164
f -2170 -2164 -2174
f -2169 -2168 -2170
f -2170 -2168 -2167
f -2170 -2167 -2166
f -2141 -2140 -2145
f -2145 -2140 -2139
f -2145 -2139 -2155
f -2144 -2143 -2145
f -2145 -2143 -2142
f -2145 -2142 -2141
f -11982 -11968 -11972
f -11972 -11968 -11970
f -11972 -11970 -11971
f -11971 -11970 -11969
f -2148 -2147 -2152
f -2152 -2147 -2146
f -2152 -2146 -2154
f -2151 -2150 -2152
f -2152 -2150 -2149
f -2152 -2149 -2148
f -11967 -11966 -11965
f -11965 -11966 -11964
f -11965 -11964 -11963
f -11963 -11964 -11962
f -11963 -11962 -11961
f -11941 -11939 -11940
f -11940 -11939 -11965
f -11940 -11965 -11963
f -11958 -11957 -11964
f -11964 -11957 -11956
f -11964 -11956 -11962
f -11940 -11963 -11949
f -11949 -11963 -11961
f -11949 -11961 -11950
f -11998 -11997 -11996
f -11996 -11997 -11995
f -11996 -11995 -11994
f -11994 -11995 -11993
f -11994 -11993 -11992
f -11977 -11993 -11978
f -11978 -11993 -11995
f -11978 -11995 -11988
f -11988 -11995 -11997
f -11988 -11997 -11989
f -11989 -11997 -11990
f -2207 -2209 -2206
f -2206 -2209 -2205
f -2206 -2205 -2204
f -2210 -2208 -2199
f -2199 -2208 -2198
f -2199 -2198 -2197
f -2203 -2202 -2206
f -2206 -2202 -2201
f -2206 -2201 -2200
f -12029 -12028 -12033
f -12033 -12028 -12038
f -12033 -12038 -12036
f -12036 -12038 -12037
f -12036 -12037 -12035
f -12026 -12025 -12032
f -12032 -12025 -12031
f -12032 -12031 -12033
f -12033 -12031 -12030
f -12033 -12030 -12029
f -12064 -12065 -12067
f -12067 -12065 -12066
f -12067 -12066 -12068
f -2178 -2177 -2181
f -2181 -2177 -2176
f -2181 -2176 -2175
f -2192 -2180 -2181
f -2181 -2180 -2179
f -2181 -2179 -2178
f -12071 -12074 -12072
f -12072 -12074 -12073
f -12072 -12073 -12069
f -2163 -2171 -2173
f -2173 -2171 -2172
f -2173 -2172 -2174
f -2174 -2172 -2170
f -12076 -12078 -12077
f -12077 -12078 -12075
f -2196 -2195 -2199
f -2199 -2195 -2194
f -2199 -2194 -2193
f -2187 -2186 -2188
f -2188 -2186 -2185
f -2188 -2185 -2184
f -2184 -2183 -2188
f -2188 -2183 -2182
f -11934 -11892 -11932
f -11932 -11892 -11893
f -11932 -11893 -11930
f -11930 -11893 -11928
f -11930 -11928 -11929
f -11929 -11928 -11927
f -11929 -11927 -11869
f -11869 -11927 -11888
f -11869 -11888 -11890
f -11890 -11888 -11889
f -11890 -11889 -11891
f -11874 -11873 -11889
f -11889 -11873 -11872
f -11889 -11872 -11885
f -11874 -11889 -11887
f -11887 -11889 -11888
f -11887 -11888 -11927
f -2212 -2213 -2214
f -2214 -2213 -2215
f -2214 -2215 -2216
f -2216 -2215 -2217
f -2216 -2217 -2218
f -2218 -2217 -2219
f -2218 -2219 -2220
f -2220 -2219 -2221
f -2220 -2221 -2222
f -2222 -2221 -2223
f -2222 -2223 -2224
f -2224 -2223 -2225
f -2224 -2225 -2226
f -2226 -2225 -2227
f -2226 -2227 -2228
f -2228 -2227 -2229
f -2228 -2229 -2248
f -2248 -2229 -2247
f -2248 -2247 -2246
f -2246 -2247 -2245
f -2246 -2245 -2244
f -2244 -2245 -2243
f -2244 -2243 -2242
f -2242 -2243 -2241
f -2242 -2241 -2240
f -2240 -2241 -2239
f -2240 -2239 -2238
f -2238 -2239 -2237
f -2238 -2237 -2236
f -2236 -2237 -2235
f -2236 -2235 -2234
f -2234 -2235 -2233
f -2234 -2233 -2232
f -2232 -2233 -2231
f -2232 -2231 -2230
f -11899 -11871 -11880
f -11880 -11871 -11870
f -11880 -11870 -11882
f -11847 -11848 -11858
f -11858 -11848 -11860
f -11858 -11860 -11859
f -11859 -11860 -11861
f -11859 -11861 -11842
f -11842 -11861 -11843
f -2283 -2282 -2284
f -2284 -2282 -2281
f -2284 -2281 -2280
f -11848 -11849 -11860
f -11860 -11849 -11862
f -11860 -11862 -11861
f -11861 -11862 -11863
f -11861 -11863 -11843
f -11843 -11863 -11844
f -11842 -11841 -11859
f -11859 -11841 -11857
f -11859 -11857 -11858
f -11858 -11857 -11856
f -11858 -11856 -11847
f -11847 -11856 -11846
f -11849 -11850 -11862
f -11862 -11850 -11864
f -11862 -11864 -11863
f -11863 -11864 -11865
f -11863 -11865 -11836
f -2277 -2276 -2284
f -2284 -2276 -2275
f -2284 -2275 -2295
f -2280 -2279 -2284
f -2284 -2279 -2278
f -2284 -2278 -2277
f -11865 -11864 -11866
f -11866 -11864 -11850
f -11866 -11850 -11837
f -11838 -11855 -11839
f -11839 -11855 -11840
f -11839 -11840 -11835
f -2258 -2257 -2298
f -2298 -2257 -2256
f -2298 -2256 -2255
f -2261 -2260 -2298
f -2298 -2260 -2259
f -2298 -2259 -2258
f -2264 -2263 -2298
f -2298 -2263 -2262
f -2298 -2262 -2261
f -2267 -2266 -2298
f -2298 -2266 -2265
f -2298 -2265 -2264
f -2268 -2298 -2302
f -2302 -2298 -2297
f -2302 -2297 -2296
f -11841 -11840 -11857
f -11857 -11840 -11855
f -11857 -11855 -11856
f -11856 -11855 -11854
f -11856 -11854 -11846
f -11846 -11854 -11852
f -2250 -2249 -2270
f -2270 -2249 -2269
f -2270 -2269 -2281
f -2253 -2252 -2270
f -2270 -2252 -2251
f -2270 -2251 -2250
f -2273 -2272 -2281
f -2281 -2272 -2271
f -2281 -2271 -2270
f -2282 -2274 -2281
f -2281 -2274 -2273
f -2306 -2308 -2307
f -2307 -2308 -2317
f -2307 -2317 -2315
f -2315 -2317 -2316
f -2315 -2316 -2314
f -11934 -11932 -11933
f -11933 -11932 -11931
f -11933 -11931 -11902
f -11902 -11931 -11900
f -11902 -11900 -11901
f -11901 -11900 -11899
f -11901 -11899 -11880
f -11877 -11876 -11929
f -11929 -11876 -11931
f -11929 -11931 -11930
f -11930 -11931 -11932
f -11945 -11943 -11944
f -11944 -11943 -11942
f -11944 -11942 -11951
f -11951 -11942 -11949
f -11951 -11949 -11950
f -11938 -11946 -11953
f -11953 -11946 -11944
f -11953 -11944 -11951
f -11899 -11900 -11898
f -11898 -11900 -11931
f -11898 -11931 -11875
f -11875 -11931 -11876
f -2296 -2304 -2302
f -2302 -2304 -2303
f -2302 -2303 -2301
f -2301 -2303 -2300
f -2301 -2300 -2299
f -11934 -11933 -11935
f -11935 -11933 -11902
f -11935 -11902 -11903
f -11903 -11902 -11901
f -11943 -11941 -11942
f -11942 -11941 -11940
f -11942 -11940 -11949
f -2290 -2289 -2301
f -2301 -2289 -2288
f -2301 -2288 -2287
f -11936 -11947 -11948
f -11948 -11947 -11946
f -11948 -11946 -11938
f -2293 -2292 -2301
f -2301 -2292 -2291
f -2301 -2291 -2290
f -2284 -2295 -2301
f -2301 -2295 -2294
f -2301 -2294 -2293
f -2287 -2286 -2301
f -2301 -2286 -2285
f -2301 -2285 -2302
f -11938 -11953 -11954
f -11954 -11953 -11952
f -11954 -11952 -11937
f -11883 -11913 -11911
f -11911 -11913 -11914
f -11911 -11914 -11910
f -11910 -11914 -11915
f -11910 -11915 -11909
f -11909 -11915 -11916
f -11915 -11914 -11921
f -11921 -11914 -11923
f -11921 -11923 -11922
f -11922 -11923 -11924
f -11922 -11924 -11894
f -11894 -11924 -11926
f -11894 -11926 -11868
f -11868 -11926 -11928
f -11868 -11928 -11893
f -11869 -11867 -11929
f -11929 -11867 -11878
f -11929 -11878 -11877
f -11913 -11912 -11923
f -11923 -11912 -11925
f -11923 -11925 -11924
f -11924 -11925 -11926
f -11908 -11907 -11925
f -11925 -11907 -11927
f -11925 -11927 -11926
f -11926 -11927 -11928
f -11907 -11906 -11927
f -11927 -11906 -11905
f -11927 -11905 -11886
f -11916 -11915 -11919
f -11919 -11915 -11921
f -11919 -11921 -11920
f -11920 -11921 -11922
f -11920 -11922 -11895
f -11895 -11922 -11894
f -11919 -11920 -11918
f -11918 -11920 -11896
f -11918 -11896 -11897
f -11777 -11782 -11786
f -11786 -11782 -11784
f -11786 -11784 -11785
f -11785 -11784 -11783
f -11785 -11783 -11780
f -11792 -11794 -11793
f -11793 -11794 -11795
f -11793 -11795 -11788
f -11774 -11776 -11775
f -11775 -11776 -11759
f -11775 -11759 -11757
f -11757 -11759 -11758
f -11800 -11791 -11802
f -11802 -11791 -11790
f -11802 -11790 -11789
f -11786 -11785 -11787
f -11787 -11785 -11779
f -11830 -11832 -11831
f -11831 -11832 -11833
f -11831 -11833 -11810
f -11810 -11833 -11808
f -11810 -11808 -11809
f -11809 -11808 -11807
f -11805 -11807 -11806
f -11806 -11807 -11808
f -11806 -11808 -11804
f -11804 -11808 -11833
f -11804 -11833 -11834
f -11834 -11833 -11832
f -11834 -11832 -11803
f -11824 -11826 -11825
f -11825 -11826 -11827
f -11825 -11827 -11816
f -11816 -11827 -11814
f -11816 -11814 -11815
f -11815 -11814 -11813
f -11828 -11830 -11829
f -11829 -11830 -11831
f -11829 -11831 -11812
f -11812 -11831 -11810
f -11812 -11810 -11811
f -11811 -11810 -11809
f -11826 -11828 -11827
f -11827 -11828 -11829
f -11827 -11829 -11814
f -11814 -11829 -11812
f -11814 -11812 -11813
f -11813 -11812 -11811
f -11817 -11821 -11819
f -11819 -11821 -11820
f -11819 -11820 -11818
f -11815 -11817 -11816
f -11816 -11817 -11819
f -11816 -11819 -11825
f -11825 -11819 -11818
f -11825 -11818 -11823
f -11710 -11711 -11709
f -11709 -11711 -11708
f -11709 -11708 -11687
f -11685 -11704 -11709
f -11709 -11704 -11703
f -11709 -11703 -11702
f -11687 -11686 -11709
f -11709 -11686 -11685
f -11754 -11753 -11755
f -11755 -11753 -11746
f -11755 -11746 -11745
f -11760 -11761 -11762
f -11762 -11761 -11763
f -11762 -11763 -11765
f -11765 -11763 -11764
f -11765 -11764 -11766
f -11754 -11752 -11753
f -11753 -11752 -11751
f -11753 -11751 -11748
f -11683 -11694 -11699
f -11699 -11694 -11695
f -11699 -11695 -11696
f -11696 -11695 -11693
f -11696 -11693 -11679
f -11700 -11698 -11699
f -11699 -11698 -11697
f -11699 -11697 -11684
f -11656 -11654 -11655
f -11655 -11654 -11653
f -11655 -11653 -11650
f -11650 -11653 -11652
f -11650 -11652 -11651
f -11640 -11641 -11642
f -11642 -11641 -11643
f -11642 -11643 -11644
f -11644 -11643 -11645
f -11644 -11645 -11636
f -11667 -11666 -11668
f -11668 -11666 -11665
f -11668 -11665 -11664
f -11672 -11671 -11673
f -11673 -11671 -11670
f -11673 -11670 -11669
f -11648 -11663 -11661
f -11661 -11663 -11662
f -11661 -11662 -11660
f -11634 -11638 -11639
f -11639 -11638 -11640
f -11639 -11640 -11642
f -11617 -11616 -11618
f -11618 -11616 -11615
f -11618 -11615 -11621
f -11621 -11620 -11619
f -11619 -11620 -11624
f -11619 -11624 -11622
f -11622 -11624 -11623
f -11622 -11623 -11628
f -11602 -11603 -11601
f -11601 -11603 -11600
f -11601 -11600 -11599
f -11607 -11606 -11608
f -11608 -11606 -11595
f -11608 -11595 -11594
f -11594 -11595 -11592
f -11594 -11592 -11591
f -11584 -11586 -11585
f -11585 -11586 -11577
f -11585 -11577 -11578
f -11578 -11577 -11579
f -11578 -11579 -11576
f -12362 -12363 -12360
f -12360 -12363 -12361
f -12360 -12361 -12359
f -12369 -12368 -12370
f -12370 -12368 -12355
f -12370 -12355 -12356
f -12354 -12353 -12352
f -12352 -12353 -12351
f -12352 -12351 -12350
f -12350 -12351 -12349
f -12350 -12349 -12348
f -12348 -12349 -12347
f -12348 -12347 -12346
f -12452 -12451 -12450
f -12450 -12451 -12449
f -12450 -12449 -12448
f -12448 -12449 -12447
f -12448 -12447 -12446
f -12446 -12447 -12445
f -12446 -12445 -12444
f -12462 -12461 -12460
f -12460 -12461 -12459
f -12460 -12459 -12458
f -12458 -12459 -12457
f -12458 -12457 -12456
f -12456 -12457 -12455
f -12456 -12455 -12454
f -12472 -12471 -12470
f -12470 -12471 -12469
f -12470 -12469 -12468
f -12468 -12469 -12467
f -12468 -12467 -12466
f -12466 -12467 -12465
f -12466 -12465 -12464
f -12490 -12491 -12488
f -12488 -12491 -12489
f -12488 -12489 -12487
f -12497 -12496 -12498
f -12498 -12496 -12483
f -12498 -12483 -12484
f -12482 -12481 -12480
f -12480 -12481 -12479
f -12480 -12479 -12478
f -12478 -12479 -12477
f -12478 -12477 -12476
f -12476 -12477 -12475
f -12476 -12475 -12474
f -12580 -12579 -12578
f -12578 -12579 -12577
f -12578 -12577 -12576
f -12576 -12577 -12575
f -12576 -12575 -12574
f -12574 -12575 -12573
f -12574 -12573 -12572
f -12590 -12589 -12588
f -12588 -12589 -12587
f -12588 -12587 -12586
f -12586 -12587 -12585
f -12586 -12585 -12584
f -12584 -12585 -12583
f -12584 -12583 -12582
f -12600 -12599 -12598
f -12598 -12599 -12597
f -12598 -12597 -12596
f -12596 -12597 -12595
f -12596 -12595 -12594
f -12594 -12595 -12593
f -12594 -12593 -12592
f -12196 -12195 -12194
f -12194 -12195 -12193
f -12194 -12193 -12192
f -12192 -12193 -12191
f -12192 -12191 -12190
f -12190 -12191 -12189
f -12190 -12189 -12188
f -12206 -12205 -12204
f -12204 -12205 -12203
f -12204 -12203 -12202
f -12202 -12203 -12201
f -12202 -12201 -12200
f -12200 -12201 -12199
f -12200 -12199 -12198
f -12216 -12215 -12214
f -12214 -12215 -12213
f -12214 -12213 -12212
f -12212 -12213 -12211
f -12212 -12211 -12210
f -12210 -12211 -12209
f -12210 -12209 -12208
f -12106 -12107 -12104
f -12104 -12107 -12105
f -12104 -12105 -12103
f -12113 -12112 -12114
f -12114 -12112 -12099
f -12114 -12099 -12100
f -12096 -12098 -12097
f -12097 -12098 -12095
f -12091 -12094 -12092
f -12092 -12094 -12093
f -12092 -12093 -12089
f -12324 -12323 -12322
f -12322 -12323 -12321
f -12322 -12321 -12320
f -12320 -12321 -12319
f -12320 -12319 -12318
f -12318 -12319 -12317
f -12318 -12317 -12316
f -12334 -12333 -12332
f -12332 -12333 -12331
f -12332 -12331 -12330
f -12330 -12331 -12329
f -12330 -12329 -12328
f -12328 -12329 -12327
f -12328 -12327 -12326
f -12344 -12343 -12342
f -12342 -12343 -12341
f -12342 -12341 -12340
f -12340 -12341 -12339
f -12340 -12339 -12338
f -12338 -12339 -12337
f -12338 -12337 -12336
f -12234 -12235 -12232
f -12232 -12235 -12233
f -12232 -12233 -12231
f -12241 -12240 -12242
f -12242 -12240 -12227
f -12242 -12227 -12228
f -12226 -12225 -12224
f -12224 -12225 -12223
f -12224 -12223 -12222
f -12222 -12223 -12221
f -12222 -12221 -12220
f -12220 -12221 -12219
f -12220 -12219 -12218
f -2977 -2971 -2976
f -2976 -2971 -2974
f -2976 -2974 -2975
f -2975 -2974 -2973
f -2975 -2973 -2972
f -2982 -2981 -2983
f -2983 -2981 -2975
f -2983 -2975 -2972
f -2980 -2984 -2985
f -2985 -2984 -2986
f -2985 -2986 -2987
f -2987 -2986 -2988
f -2987 -2988 -2979
f -2979 -2988 -2978
f -2979 -2978 -2977
f -2883 -2889 -2894
f -2894 -2889 -2888
f -2894 -2888 -2896
f -2896 -2888 -2902
f -2896 -2902 -2900
f -2900 -2902 -2901
f -2900 -2901 -2899
f -2899 -2898 -2900
f -2900 -2898 -2887
f -2900 -2887 -2895
f -2895 -2887 -2886
f -2895 -2886 -2885
f -2885 -2884 -2895
f -2895 -2884 -2893
f -2895 -2893 -2894
f -2894 -2893 -2892
f -2894 -2892 -2883
f -2881 -2868 -2880
f -2880 -2868 -2878
f -2880 -2878 -2879
f -2879 -2878 -2877
f -2868 -2867 -2878
f -2878 -2867 -2876
f -2878 -2876 -2877
f -2877 -2876 -2875
f -2877 -2875 -2873
f -2873 -2875 -2874
f -2873 -2874 -2872
f -2872 -2874 -2866
f -2872 -2866 -2860
f -2875 -2876 -2874
f -2874 -2876 -2866
f -3037 -3036 -3072
f -3072 -3036 -3071
f -3072 -3071 -3070
f -3070 -3071 -3069
f -3070 -3069 -3068
f -3068 -3069 -3067
f -3068 -3067 -3066
f -3066 -3067 -3065
f -3066 -3065 -3064
f -3064 -3065 -3018
f -3064 -3018 -3040
f -3040 -3018 -3039
f -3040 -3039 -3041
f -3048 -3049 -3018
f -3018 -3049 -3029
f -3018 -3029 -3039
f -3039 -3029 -3028
f -3039 -3028 -3027
f -3022 -3030 -3021
f -3021 -3030 -3031
f -3021 -3031 -3020
f -3023 -3022 -3026
f -3026 -3022 -3021
f -3026 -3021 -3044
f -3047 -3025 -3026
f -3026 -3025 -3024
f -3026 -3024 -3053
f -3023 -3026 -3054
f -3054 -3026 -3053
f -3054 -3053 -3055
f -3059 -3061 -3060
f -3060 -3061 -3062
f -3060 -3062 -3052
f -3062 -3061 -3063
f -3063 -3061 -3045
f -3063 -3045 -3039
f -3015 -3038 -3040
f -3040 -3038 -3014
f -3040 -3014 -3013
f -12610 -12609 -12608
f -12608 -12609 -12607
f -12608 -12607 -12606
f -12606 -12607 -12605
f -12606 -12605 -12604
f -12604 -12605 -12603
f -12604 -12603 -12602
f -3016 -3037 -3017
f -3017 -3037 -3038
f -3017 -3038 -3015
f -3040 -3041 -3043
f -3043 -3041 -3042
f -3043 -3042 -3044
f -3044 -3042 -3026
f -3162 -3161 -3181
f -3181 -3161 -3180
f -3181 -3180 -3182
f -3182 -3180 -3179
f -3182 -3179 -3178
f -3162 -3181 -3164
f -3164 -3181 -3171
f -3164 -3171 -3165
f -3165 -3171 -3166
f -3177 -3163 -3169
f -3169 -3163 -3168
f -3169 -3168 -3170
f -3170 -3168 -3167
f -3170 -3167 -3175
f -3170 -3175 -3176
f -3176 -3175 -3174
f -3176 -3174 -3173
f -3227 -3226 -3228
f -3228 -3226 -3225
f -3228 -3225 -3224
f -3224 -3223 -3228
f -3228 -3223 -3222
f -3239 -3238 -3242
f -3242 -3238 -3237
f -3242 -3237 -3236
f -3241 -3240 -3242
f -3242 -3240 -3239
f -3232 -3231 -3235
f -3235 -3231 -3230
f -3235 -3230 -3229
f -3234 -3233 -3235
f -3235 -3233 -3232
f -3246 -3245 -3249
f -3249 -3245 -3244
f -3249 -3244 -3243
f -3248 -3247 -3249
f -3249 -3247 -3246
f -3253 -3252 -3255
f -3255 -3252 -3251
f -3255 -3251 -3250
f -3218 -3217 -3221
f -3221 -3217 -3216
f -3221 -3216 -3215
f -3220 -3219 -3221
f -3221 -3219 -3218
f -3280 -3279 -3283
f -3283 -3279 -3278
f -3283 -3278 -3277
f -3282 -3281 -3283
f -3283 -3281 -3280
f -3287 -3286 -3290
f -3290 -3286 -3285
f -3290 -3285 -3284
f -3289 -3288 -3290
f -3290 -3288 -3287
f -3275 -3274 -3276
f -3276 -3274 -3273
f -3276 -3273 -3272
f -3272 -3271 -3276
f -3276 -3271 -3270
f -3266 -3265 -3269
f -3269 -3265 -3264
f -3269 -3264 -3263
f -3268 -3267 -3269
f -3269 -3267 -3266
f -3259 -3258 -3262
f -3262 -3258 -3257
f -3262 -3257 -3256
f -3261 -3260 -3262
f -3262 -3260 -3259
f -3307 -3306 -3310
f -3310 -3306 -3305
f -3310 -3305 -3304
f -3309 -3308 -3310
f -3310 -3308 -3307
f -3314 -3313 -3317
f -3317 -3313 -3312
f -3317 -3312 -3311
f -3316 -3315 -3317
f -3317 -3315 -3314
f -3294 -3293 -3296
f -3296 -3293 -3292
f -3296 -3292 -3291
f -3300 -3299 -3303
f -3303 -3299 -3298
f -3303 -3298 -3297
f -3302 -3301 -3303
f -3303 -3301 -3300
f -3335 -3334 -3337
f -3337 -3334 -3333
f -3337 -3333 -3332
f -3328 -3327 -3331
f -3331 -3327 -3326
f -3331 -3326 -3325
f -3330 -3329 -3331
f -3331 -3329 -3328
f -3323 -3322 -3324
f -3324 -3322 -3321
f -3324 -3321 -3320
f -3320 -3319 -3324
f -3324 -3319 -3318
f -3348 -3347 -3351
f -3351 -3347 -3346
f -3351 -3346 -3345
f -3350 -3349 -3351
f -3351 -3349 -3348
f -3341 -3340 -3344
f -3344 -3340 -3339
f -3344 -3339 -3338
f -3343 -3342 -3344
f -3344 -3342 -3341
f -3355 -3354 -3358
f -3358 -3354 -3353
f -3358 -3353 -3352
f -3357 -3356 -3358
f -3358 -3356 -3355
f -3362 -3361 -3365
f -3365 -3361 -3360
f -3365 -3360 -3359
f -3364 -3363 -3365
f -3365 -3363 -3362
f -3371 -3370 -3372
f -3372 -3370 -3369
f -3372 -3369 -3368
f -3376 -3375 -3378
f -3378 -3375 -3374
f -3378 -3374 -3373
f -3368 -3367 -3372
f -3372 -3367 -3366
f -3382 -3381 -3385
f -3385 -3381 -3380
f -3385 -3380 -3379
f -3384 -3383 -3385
f -3385 -3383 -3382
f -2570 -2569 -2574
f -2574 -2569 -2568
f -2574 -2568 -2614
f -2573 -2572 -2574
f -2574 -2572 -2571
f -2574 -2571 -2570
f -2588 -2587 -2594
f -2594 -2587 -2586
f -2594 -2586 -2608
f -2591 -2590 -2594
f -2594 -2590 -2589
f -2594 -2589 -2588
f -2592 -2594 -2614
f -2614 -2594 -2616
f -2614 -2616 -2615
f -2580 -2579 -2611
f -2611 -2579 -2578
f -2611 -2578 -2577
f -2583 -2582 -2611
f -2611 -2582 -2581
f -2611 -2581 -2580
f -2620 -2585 -2611
f -2611 -2585 -2584
f -2611 -2584 -2583
f -2512 -2516 -2514
f -2514 -2516 -2515
f -2514 -2515 -2513
f -2513 -2515 -2497
f -2513 -2497 -2496
f -2496 -2497 -2494
f -2496 -2494 -2495
f -2495 -2494 -2493
f -2495 -2493 -2500
f -2500 -2493 -2492
f -2500 -2492 -2502
f -2495 -2500 -2509
f -2509 -2500 -2507
f -2509 -2507 -2508
f -2508 -2507 -2506
f -2510 -2512 -2511
f -2511 -2512 -2513
f -2511 -2513 -2496
f -2506 -2507 -2505
f -2505 -2507 -2498
f -2496 -2495 -2511
f -2511 -2495 -2509
f -2511 -2509 -2510
f -2510 -2509 -2508
f -2472 -2478 -2483
f -2483 -2478 -2477
f -2483 -2477 -2485
f -2485 -2477 -2491
f -2485 -2491 -2489
f -2489 -2491 -2490
f -2489 -2490 -2488
f -2526 -2528 -2527
f -2527 -2528 -2537
f -2527 -2537 -2535
f -2535 -2537 -2536
f -2535 -2536 -2534
f -2456 -2455 -2465
f -2465 -2455 -2463
f -2465 -2463 -2464
f -2464 -2463 -2462
f -2464 -2462 -2466
f -2466 -2462 -2452
f -2453 -2452 -2460
f -2460 -2452 -2462
f -2460 -2462 -2461
f -2461 -2462 -2463
f -2461 -2463 -2455
f -2449 -2450 -2461
f -2461 -2450 -2459
f -2461 -2459 -2460
f -2460 -2459 -2458
f -2460 -2458 -2454
f -2454 -2458 -2448
f -2468 -2470 -2469
f -2469 -2470 -2457
f -2469 -2457 -2467
f -2467 -2457 -2456
f -2467 -2456 -2465
f -2474 -2473 -2484
f -2484 -2473 -2482
f -2484 -2482 -2483
f -2483 -2482 -2481
f -2483 -2481 -2472
f -2475 -2484 -2476
f -2476 -2484 -2489
f -2476 -2489 -2487
f -2487 -2489 -2488
f -2487 -2488 -2486
f -2435 -2436 -2437
f -2437 -2436 -2438
f -2437 -2438 -2439
f -2439 -2438 -2440
f -2439 -2440 -2441
f -2429 -2428 -2432
f -2432 -2428 -2433
f -2432 -2433 -2434
f -2434 -2433 -2435
f -2434 -2435 -2437
f -2426 -2425 -2432
f -2432 -2425 -2424
f -2432 -2424 -2429
f -2444 -2446 -2445
f -2445 -2446 -2431
f -2445 -2431 -2432
f -2432 -2431 -2427
f -2432 -2427 -2426
f -2442 -2444 -2443
f -2443 -2444 -2445
f -2443 -2445 -2432
f -2432 -2434 -2443
f -2443 -2434 -2437
f -2443 -2437 -2439
f -2442 -2443 -2441
f -2441 -2443 -2439
f -2416 -2415 -2423
f -2423 -2415 -2414
f -2423 -2414 -2413
f -2419 -2418 -2423
f -2423 -2418 -2417
f -2423 -2417 -2416
f -2422 -2421 -2423
f -2423 -2421 -2420
f -2423 -2420 -2419
f -2408 -2407 -2423
f -2423 -2407 -2406
f -2423 -2406 -2405
f -2411 -2410 -2423
f -2423 -2410 -2409
f -2423 -2409 -2408
f -2413 -2412 -2423
f -2423 -2412 -2411
f -2361 -2360 -2366
f -2366 -2360 -2359
f -2366 -2359 -2358
f -2364 -2363 -2366
f -2366 -2363 -2362
f -2366 -2362 -2361
f -2350 -2349 -2366
f -2366 -2349 -2348
f -2366 -2348 -2347
f -2353 -2352 -2366
f -2366 -2352 -2351
f -2366 -2351 -2350
f -2356 -2355 -2366
f -2366 -2355 -2354
f -2366 -2354 -2353
f -2358 -2357 -2366
f -2366 -2357 -2356
f -2773 -2772 -2776
f -2776 -2772 -2771
f -2776 -2771 -2770
f -2779 -2775 -2776
f -2776 -2775 -2774
f -2776 -2774 -2773
f -2780 -2778 -2769
f -2769 -2778 -2768
f -2769 -2768 -2767
f -2766 -2765 -2769
f -2769 -2765 -2764
f -2769 -2764 -2763
f -2753 -2752 -2751
f -2751 -2752 -2750
f -2751 -2750 -2749
f -2745 -2744 -2749
f -2749 -2744 -2743
f -2749 -2743 -2751
f -2748 -2747 -2749
f -2749 -2747 -2746
f -2749 -2746 -2745
f -2793 -2792 -2809
f -2809 -2792 -2791
f -2809 -2791 -2790
f -2796 -2795 -2809
f -2809 -2795 -2794
f -2809 -2794 -2793
f -2806 -2805 -2809
f -2809 -2805 -2804
f -2809 -2804 -2803
f -2808 -2807 -2809
f -2809 -2807 -2806
f -2799 -2798 -2809
f -2809 -2798 -2797
f -2809 -2797 -2796
f -2802 -2801 -2809
f -2809 -2801 -2800
f -2809 -2800 -2799
f -2816 -2823 -2825
f -2825 -2823 -2824
f -2825 -2824 -2826
f -2811 -2810 -2818
f -2818 -2810 -2820
f -2818 -2820 -2819
f -2819 -2820 -2821
f -2812 -2811 -2813
f -2813 -2811 -2818
f -2813 -2818 -2827
f -2827 -2818 -2825
f -2827 -2825 -2826
f -2826 -2828 -2827
f -2827 -2828 -2829
f -2827 -2829 -2813
f -2813 -2829 -2814
f -2813 -2814 -2812
f -2812 -2814 -2815
f -2812 -2815 -2833
f -2833 -2815 -2831
f -2833 -2831 -2832
f -2832 -2831 -2830
f -2832 -2830 -2834
f -2815 -2814 -2831
f -2831 -2814 -2829
f -2831 -2829 -2830
f -2830 -2829 -2828
f -2847 -2849 -2848
f -2848 -2849 -2850
f -2848 -2850 -2854
f -2854 -2850 -2852
f -2854 -2852 -2853
f -2847 -2848 -2846
f -2846 -2848 -2845
f -2846 -2845 -2844
f -2844 -2845 -2843
f -2844 -2843 -2839
f -2839 -2843 -2840
f -2853 -2855 -2854
f -2854 -2855 -2856
f -2854 -2856 -2843
f -2843 -2856 -2842
f -2843 -2842 -2838
f -2837 -2836 -2843
f -2843 -2836 -2835
f -2843 -2835 -2840
f -2855 -2857 -2856
f -2856 -2857 -2842
f -2849 -2851 -2850
f -2850 -2851 -2852
f -2848 -2854 -2845
f -2845 -2854 -2843
f -2860 -2861 -2872
f -2872 -2861 -2870
f -2872 -2870 -2871
f -2871 -2870 -2869
f -2871 -2869 -2865
f -2865 -2869 -2859
f -2872 -2871 -2873
f -2873 -2871 -2863
f -2873 -2863 -2877
f -2671 -2670 -2680
f -2680 -2670 -2669
f -2680 -2669 -2668
f -2674 -2673 -2680
f -2680 -2673 -2672
f -2680 -2672 -2671
f -2677 -2676 -2680
f -2680 -2676 -2675
f -2680 -2675 -2674
f -2679 -2678 -2680
f -2680 -2678 -2677
f -2664 -2663 -2680
f -2680 -2663 -2662
f -2680 -2662 -2661
f -2667 -2666 -2680
f -2680 -2666 -2665
f -2680 -2665 -2664
f -2624 -2625 -2626
f -2626 -2625 -2627
f -2626 -2627 -2628
f -2628 -2627 -2629
f -2628 -2629 -2630
f -2630 -2629 -2631
f -2630 -2631 -2632
f -2632 -2631 -2633
f -2632 -2633 -2634
f -2634 -2633 -2635
f -2634 -2635 -2636
f -2636 -2635 -2637
f -2636 -2637 -2638
f -2638 -2637 -2639
f -2638 -2639 -2640
f -2640 -2639 -2641
f -2640 -2641 -2660
f -2660 -2641 -2659
f -2660 -2659 -2658
f -2658 -2659 -2657
f -2658 -2657 -2656
f -2656 -2657 -2655
f -2656 -2655 -2654
f -2654 -2655 -2653
f -2654 -2653 -2652
f -2652 -2653 -2651
f -2652 -2651 -2650
f -2650 -2651 -2649
f -2650 -2649 -2648
f -2648 -2649 -2647
f -2648 -2647 -2646
f -2646 -2647 -2645
f -2646 -2645 -2644
f -2644 -2645 -2643
f -2644 -2643 -2642
f -2609 -2622 -2620
f -2620 -2622 -2621
f -2620 -2621 -2619
f -2619 -2621 -2618
f -2619 -2618 -2617
f -2604 -2603 -2619
f -2619 -2603 -2602
f -2619 -2602 -2601
f -2611 -2610 -2620
f -2620 -2610 -2609
f -2718 -2717 -2722
f -2722 -2717 -2716
f -2722 -2716 -2725
f -2607 -2606 -2619
f -2619 -2606 -2605
f -2619 -2605 -2604
f -2721 -2720 -2722
f -2722 -2720 -2719
f -2722 -2719 -2718
f -2597 -2596 -2619
f -2619 -2596 -2595
f -2619 -2595 -2620
f -2600 -2599 -2619
f -2619 -2599 -2598
f -2619 -2598 -2597
f -2711 -2710 -2715
f -2715 -2710 -2709
f -2715 -2709 -2724
f -2714 -2713 -2715
f -2715 -2713 -2712
f -2715 -2712 -2711
f -2726 -2725 -2724
f -2724 -2725 -2723
f -2724 -2723 -2715
f -2738 -2737 -2742
f -2742 -2737 -2736
f -2742 -2736 -2752
f -2741 -2740 -2742
f -2742 -2740 -2739
f -2742 -2739 -2738
f -2698 -2696 -2687
f -2687 -2696 -2686
f -2687 -2686 -2685
f -2695 -2697 -2694
f -2694 -2697 -2693
f -2694 -2693 -2692
f -2691 -2690 -2694
f -2694 -2690 -2689
f -2694 -2689 -2688
f -2684 -2683 -2687
f -2687 -2683 -2682
f -2687 -2682 -2681
f -7072 -7071 -7070
f -7070 -7071 -7069
f -7070 -7069 -7068
f -7068 -7069 -7067
f -7068 -7067 -7066
f -7079 -7078 -7077
f -7077 -7078 -7076
f -7077 -7076 -7075
f -7075 -7076 -7074
f -7075 -7074 -7073
f -7047 -7048 -7049
f -7049 -7048 -7050
f -7037 -7038 -7039
f -7039 -7038 -7040
f -7039 -7040 -7041
f -7041 -7040 -7042
f -7041 -7042 -7043
f -7043 -7042 -7044
f -7043 -7044 -7045
f -7023 -7024 -7025
f -7025 -7024 -7027
f -465 -464 -463
f -463 -464 -462
f -463 -462 -454
f -7005 -7004 -7006
f -7006 -7004 -7007
f -7014 -7015 -7016
f -7016 -7015 -7017
f -7016 -7017 -7018
f -7003 -6993 -6992
f -6992 -6993 -6994
f -6982 -6981 -6980
f -6980 -6981 -6979
f -6980 -6979 -6978
f -6978 -6979 -6977
f -418 -429 -427
f -427 -429 -428
f -427 -428 -426
f -426 -428 -425
f -7192 -7193 -7194
f -7194 -7193 -7195
f -7194 -7195 -7196
f -7180 -7181 -7182
f -7182 -7181 -7183
f -7182 -7183 -7184
f -7171 -7170 -7179
f -7179 -7170 -7181
f -7179 -7181 -7180
f -7205 -7206 -7207
f -7207 -7206 -7208
f -380 -382 -381
f -381 -382 -383
f -407 -403 -404
f -404 -403 -398
f -7219 -7220 -7221
f -7221 -7220 -7222
f -7221 -7222 -7225
f -7124 -7126 -7125
f -7125 -7126 -7127
f -7126 -7128 -7127
f -7127 -7128 -7129
f -7128 -7130 -7129
f -7129 -7130 -7131
f -7105 -7115 -7113
f -7113 -7115 -7114
f -7113 -7114 -7112
f -7113 -7112 -7111
f -7111 -7112 -7110
f -7111 -7110 -7109
f -7109 -7110 -7108
f -7109 -7108 -7107
f -7107 -7108 -7106
f -345 -347 -346
f -346 -347 -352
f -358 -360 -359
f -359 -360 -361
f -7163 -7162 -7161
f -7161 -7162 -7160
f -7161 -7160 -7159
f -7159 -7160 -7158
f -7159 -7158 -7157
f -7157 -7158 -7156
f -7157 -7156 -7155
f -332 -325 -324
f -324 -325 -326
f -7144 -7138 -7142
f -7142 -7138 -7139
f -7271 -7272 -7273
f -7273 -7272 -7274
f -7273 -7274 -7275
f -7275 -7274 -7276
f -7275 -7276 -7277
f -7277 -7276 -7278
f -7277 -7278 -7279
f -7279 -7278 -7280
f -7279 -7280 -7281
f -705 -707 -706
f -706 -707 -712
f -7253 -7254 -7255
f -7255 -7254 -7256
f -7255 -7256 -7257
f -7257 -7256 -7258
f -7244 -7245 -7246
f -7246 -7245 -7247
f -762 -755 -759
f -759 -755 -756
f -7234 -7238 -7235
f -7235 -7238 -7240
f -727 -745 -728
f -728 -745 -729
f -7225 -7226 -7227
f -7227 -7226 -7228
f -7227 -7228 -7229
f -7229 -7228 -7230
f -740 -742 -741
f -741 -742 -743
f -748 -768 -770
f -770 -768 -769
f -770 -769 -771
f -783 -782 -781
f -781 -782 -780
f -781 -780 -788
f -795 -796 -797
f -797 -796 -798
f -7297 -7296 -7295
f -7295 -7296 -7294
f -7295 -7294 -7293
f -7293 -7294 -7289
f -7293 -7289 -7286
f -610 -609 -608
f -608 -609 -607
f -608 -607 -606
f -606 -607 -605
f -606 -605 -604
f -604 -605 -603
f -604 -603 -602
f -602 -603 -619
f -602 -619 -617
f -617 -619 -618
f -617 -618 -616
f -7375 -7374 -7373
f -7373 -7374 -7372
f -7373 -7372 -7371
f -7371 -7372 -7370
f -7371 -7370 -7369
f -617 -616 -615
f -615 -616 -614
f -615 -614 -613
f -613 -614 -612
f -613 -612 -611
f -608 -591 -610
f -610 -591 -592
f -601 -600 -599
f -599 -600 -598
f -599 -598 -597
f -597 -598 -596
f -597 -596 -595
f -595 -596 -594
f -595 -594 -593
f -593 -594 -592
f -593 -592 -591
f -599 -582 -601
f -601 -582 -583
f -588 -587 -586
f -586 -587 -585
f -586 -585 -584
f -584 -585 -583
f -584 -583 -582
f -678 -677 -676
f -676 -677 -675
f -676 -675 -674
f -674 -675 -673
f -674 -673 -672
f -672 -673 -671
f -672 -671 -670
f -659 -668 -666
f -666 -668 -667
f -666 -667 -665
f -7438 -7439 -7440
f -7440 -7439 -7441
f -7440 -7441 -7442
f -7442 -7441 -7443
f -7442 -7443 -7444
f -7444 -7443 -7445
f -7444 -7445 -7446
f -7446 -7445 -7447
f -649 -648 -647
f -647 -648 -646
f -647 -646 -645
f -645 -646 -644
f -645 -644 -643
f -643 -644 -642
f -643 -642 -641
f -660 -662 -661
f -661 -662 -663
f -662 -664 -663
f -663 -664 -665
f -658 -657 -656
f -656 -657 -655
f -656 -655 -654
f -654 -655 -653
f -654 -653 -652
f -652 -653 -651
f -6680 -6682 -6681
f -6681 -6682 -6683
f -6682 -6684 -6683
f -6683 -6684 -6685
f -6646 -6648 -6647
f -6647 -6648 -6649
f -6648 -6650 -6649
f -6649 -6650 -6651
f -6567 -6566 -6565
f -6565 -6566 -6564
f -6565 -6564 -6563
f -6563 -6564 -6562
f -6563 -6562 -6561
f -6561 -6562 -6560
f -6561 -6560 -6559
f -6559 -6560 -6558
f -6559 -6558 -6557
f -6557 -6558 -6556
f -6568 -6569 -6570
f -6570 -6569 -6571
f -6570 -6571 -6572
f -6572 -6571 -6573
f -6572 -6573 -6574
f -6574 -6573 -6575
f -6574 -6575 -6576
f -6576 -6575 -6577
f -6576 -6577 -6578
f -6578 -6577 -6579
f -6582 -6584 -6583
f -6583 -6584 -6585
f -6584 -6586 -6585
f -6585 -6586 -6587
f -6543 -6542 -6541
f -6541 -6542 -6540
f -6541 -6540 -6539
f -6539 -6540 -6538
f -6539 -6538 -6537
f -6537 -6538 -6536
f -6537 -6536 -6535
f -6535 -6536 -6534
f -6535 -6534 -6533
f -6533 -6534 -6532
f -6529 -6528 -6527
f -6527 -6528 -6526
f -6527 -6526 -6525
f -6544 -6545 -6546
f -6546 -6545 -6547
f -6546 -6547 -6548
f -6548 -6547 -6549
f -6548 -6549 -6550
f -6550 -6549 -6551
f -6550 -6551 -6552
f -6552 -6551 -6553
f -6552 -6553 -6554
f -6554 -6553 -6555
f -6476 -6477 -6478
f -6478 -6477 -6479
f -6478 -6479 -6480
f -6480 -6479 -6481
f -6480 -6481 -6482
f -6482 -6481 -6483
f -6482 -6483 -6484
f -6484 -6483 -6485
f -6484 -6485 -6486
f -6486 -6485 -6487
f -6475 -6474 -6473
f -6473 -6474 -6472
f -6473 -6472 -6471
f -6471 -6472 -6470
f -6471 -6470 -6469
f -6469 -6470 -6468
f -6469 -6468 -6467
f -6467 -6468 -6466
f -6467 -6466 -6465
f -6465 -6466 -6464
f -6452 -6453 -6454
f -6454 -6453 -6455
f -6454 -6455 -6456
f -6456 -6455 -6457
f -6456 -6457 -6458
f -6458 -6457 -6459
f -6458 -6459 -6460
f -6460 -6459 -6461
f -6460 -6461 -6462
f -6462 -6461 -6463
f -6935 -6937 -6936
f -6936 -6937 -6938
f -6944 -6946 -6945
f -6945 -6946 -6947
f -6941 -6940 -6939
f -6939 -6940 -6938
f -6939 -6938 -6937
f -6946 -6948 -6947
f -6947 -6948 -6949
f -6943 -6942 -6950
f -6950 -6942 -6949
f -6950 -6949 -6948
f -6243 -6242 -6241
f -6241 -6242 -6240
f -6241 -6240 -6239
f -6239 -6240 -6238
f -6239 -6238 -6237
f -6237 -6238 -6236
f -6237 -6236 -6235
f -6235 -6236 -6234
f -6235 -6234 -6233
f -6233 -6234 -6232
f -6220 -6221 -6222
f -6222 -6221 -6223
f -6222 -6223 -6224
f -6224 -6223 -6225
f -6224 -6225 -6226
f -6226 -6225 -6227
f -6226 -6227 -6228
f -6228 -6227 -6229
f -6228 -6229 -6230
f -6230 -6229 -6231
f -6312 -6305 -6304
f -6304 -6305 -6303
f -6304 -6303 -6302
f -6314 -6315 -6316
f -6316 -6315 -6317
f -6277 -6278 -6279
f -6279 -6278 -6280
f -6440 -6441 -6442
f -6442 -6441 -6443
f -6442 -6443 -6444
f -6444 -6443 -6445
f -6444 -6445 -6446
f -6446 -6445 -6447
f -6446 -6447 -6448
f -6448 -6447 -6449
f -6448 -6449 -6450
f -6450 -6449 -6451
f -6047 -6048 -6049
f -6049 -6048 -6050
f -6049 -6050 -6051
f -6051 -6050 -6052
f -6051 -6052 -6053
f -6053 -6052 -6054
f -6053 -6054 -6055
f -6055 -6054 -6056
f -6055 -6056 -6057
f -6057 -6056 -6058
f -6035 -6036 -6037
f -6037 -6036 -6038
f -6037 -6038 -6039
f -6039 -6038 -6040
f -6039 -6040 -6041
f -6041 -6040 -6042
f -6041 -6042 -6043
f -6043 -6042 -6044
f -6043 -6044 -6045
f -6045 -6044 -6046
f -6006 -6024 -6007
f -6007 -6024 -6011
f -6012 -6010 -5982
f -5982 -6010 -5988
f -5982 -5988 -5983
f -5983 -5988 -5984
f -5979 -5978 -5990
f -5990 -5978 -5989
f -5990 -5989 -5988
f -5945 -5946 -5947
f -5947 -5946 -5948
f -5947 -5948 -5949
f -5949 -5948 -5950
f -5949 -5950 -5951
f -5951 -5950 -5952
f -5951 -5952 -5953
f -5953 -5952 -5954
f -81 -80 -115
f -115 -80 -79
f -115 -79 -78
f -78 -79 -77
f -78 -77 -76
f -5879 -5878 -5877
f -5877 -5878 -5876
f -5877 -5876 -5875
f -5875 -5876 -5874
f -5875 -5874 -5873
f -70 -69 -68
f -68 -69 -67
f -68 -67 -66
f -66 -67 -65
f -66 -65 -64
f -64 -65 -63
f -64 -63 -62
f -68 -53 -70
f -70 -53 -54
f -52 -51 -50
f -50 -51 -49
f -50 -49 -48
f -48 -49 -47
f -48 -47 -46
f -46 -47 -45
f -46 -45 -44
f -44 -45 -43
f -44 -43 -42
f -42 -43 -61
f -42 -61 -59
f -59 -61 -60
f -59 -60 -58
f -5880 -5908 -5906
f -5906 -5908 -5907
f -5906 -5907 -5905
f -5927 -5929 -5928
f -5928 -5929 -5930
f -5917 -5922 -5923
f -5923 -5922 -5926
f -5923 -5926 -5924
f -5932 -5933 -5934
f -5934 -5933 -5935
f -98 -112 -123
f -123 -112 -111
f -5930 -5929 -5931
f -5931 -5929 -5921
f -5936 -5940 -5941
f -5941 -5940 -5942
f -203 -212 -210
f -210 -212 -211
f -210 -211 -209
f -204 -206 -205
f -205 -206 -207
f -210 -209 -208
f -208 -209 -207
f -208 -207 -206
f -202 -201 -200
f -200 -201 -199
f -232 -233 -234
f -234 -233 -235
f -234 -235 -236
f -236 -235 -237
f -236 -237 -238
f -238 -237 -239
f -228 -229 -227
f -227 -229 -226
f -267 -266 -265
f -265 -266 -264
f -265 -264 -263
f -263 -264 -262
f -263 -262 -261
f -261 -262 -260
f -261 -260 -259
f -5818 -5817 -5816
f -5816 -5817 -5815
f -5816 -5815 -5814
f -5814 -5815 -5813
f -5814 -5813 -5812
f -5812 -5813 -5811
f -287 -289 -288
f -288 -289 -290
f -286 -295 -293
f -293 -295 -294
f -293 -294 -292
f -293 -292 -291
f -291 -292 -290
f -291 -290 -289
f -5654 -5662 -5663
f -5663 -5662 -5670
f -5671 -5672 -5673
f -5673 -5672 -5674
f -5673 -5674 -5675
f -5675 -5674 -5676
f -5675 -5676 -5677
f -5677 -5676 -5678
f -5677 -5678 -5679
f -5679 -5678 -5680
f -5652 -5669 -5655
f -5655 -5669 -5661
f -5690 -5689 -5688
f -5688 -5689 -5687
f -5688 -5687 -5686
f -5686 -5687 -5685
f -5686 -5685 -5684
f -5684 -5685 -5683
f -5684 -5683 -5682
f -5682 -5683 -5681
f -5579 -5578 -5582
f -5582 -5578 -5577
f -5582 -5577 -5576
f -5570 -5569 -5575
f -5575 -5569 -5568
f -5577 -5578 -5567
f -5567 -5578 -5594
f -5559 -5614 -5590
f -5590 -5614 -5607
f -5590 -5607 -5591
f -5 -6 -7
f -7 -6 -8
f -5531 -5532 -5533
f -5533 -5532 -5534
f -5533 -5534 -5535
f -5535 -5534 -5536
f -5535 -5536 -5537
f -5537 -5536 -5538
f -5537 -5538 -5539
f -5539 -5538 -5540
f -1 -2 -3
f -3 -2 -4
f -5541 -5542 -5543
f -5543 -5542 -5544
f -5543 -5544 -5545
f -5545 -5544 -5546
f -5545 -5546 -5547
f -5547 -5546 -5548
f -5547 -5548 -5549
f -5549 -5548 -5550
f -17 -18 -19
f -19 -18 -20
f -21 -22 -23
f -23 -22 -24
f -9 -10 -11
f -11 -10 -12
f -13 -14 -15
f -15 -14 -16
f -39 -38 -37
f -37 -38 -36
f -37 -36 -35
f -35 -36 -34
f -35 -34 -33
f -33 -34 -52
f -33 -52 -50
f -25 -26 -27
f -27 -26 -28
f -53 -55 -54
f -54 -55 -56
f -55 -57 -56
f -56 -57 -58
f -8728 -8727 -8726
f -8726 -8727 -8725
f -8726 -8725 -8724
f -8724 -8725 -8723
f -8724 -8723 -8722
f -8722 -8723 -8721
f -8729 -8730 -8731
f -8731 -8730 -8732
f -8731 -8732 -8733
f -8733 -8732 -8734
f -8733 -8734 -8735
f -8735 -8734 -8736
f -8745 -8744 -8743
f -8743 -8744 -8742
f -8743 -8742 -8741
f -8741 -8742 -8740
f -8747 -8748 -8749
f -8749 -8748 -8750
f -8759 -8760 -8761
f -8761 -8760 -8762
f -8761 -8762 -8763
f -8763 -8762 -8764
f -8763 -8764 -8765
f -8765 -8764 -8766
f -8646 -8645 -8644
f -8644 -8645 -8643
f -8644 -8643 -8642
f -8642 -8643 -8641
f -8642 -8641 -8640
f -8634 -8635 -8636
f -8636 -8635 -8639
f -8636 -8639 -8637
f -8672 -8674 -8673
f -8673 -8674 -8675
f -8682 -8681 -8680
f -8680 -8681 -8679
f -8680 -8679 -8678
f -8678 -8679 -8677
f -8678 -8677 -8676
f -8602 -8603 -8604
f -8604 -8603 -8605
f -8606 -8615 -8616
f -8616 -8615 -8617
f -8616 -8617 -8618
f -8618 -8617 -8619
f -8618 -8619 -8620
f -8620 -8619 -8621
f -8620 -8621 -8622
f -8624 -8625 -8626
f -8626 -8625 -8627
f -8629 -8630 -8631
f -8631 -8630 -8632
f -8631 -8632 -8633
f -8584 -8583 -8582
f -8582 -8583 -8581
f -8582 -8581 -8580
f -8560 -8562 -8561
f -8561 -8562 -8563
f -8554 -8560 -8555
f -8555 -8560 -8556
f -8549 -8554 -8550
f -8550 -8554 -8551
f -8523 -8522 -8521
f -8521 -8522 -8520
f -8521 -8520 -8519
f -8519 -8520 -8518
f -8519 -8518 -8517
f -8780 -8779 -8778
f -8778 -8779 -8777
f -8778 -8777 -8776
f -9125 -9126 -9127
f -9127 -9126 -9128
f -9127 -9128 -9129
f -9129 -9128 -9130
f -9129 -9130 -9131
f -9135 -9137 -9136
f -9136 -9137 -9138
f -9137 -9139 -9138
f -9138 -9139 -9121
f -9141 -9142 -9143
f -9143 -9142 -9144
f -9143 -9144 -9145
f -9145 -9144 -9146
f -9145 -9146 -9147
f -9147 -9146 -9148
f -9147 -9148 -9149
f -9149 -9148 -9150
f -9149 -9150 -9151
f -9151 -9150 -9152
f -9097 -9096 -9095
f -9095 -9096 -9094
f -9095 -9094 -9093
f -9093 -9094 -9092
f -9093 -9092 -9091
f -9091 -9092 -9107
f -9091 -9107 -9105
f -9105 -9107 -9106
f -9105 -9106 -9104
f -9102 -9103 -9104
f -9104 -9103 -9105
f -9065 -9064 -9063
f -9063 -9064 -9062
f -9063 -9062 -9061
f -9061 -9062 -9060
f -9065 -9063 -9052
f -9052 -9063 -9053
f -9042 -9044 -9043
f -9043 -9044 -9045
f -9044 -9046 -9045
f -9045 -9046 -9047
f -9046 -9048 -9047
f -9047 -9048 -9049
f -9049 -9048 -9050
f -9050 -9048 -9041
f -9261 -9264 -9260
f -9260 -9264 -9259
f -9260 -9259 -9258
f -9258 -9259 -9257
f -9325 -9327 -9326
f -9326 -9327 -9328
f -9341 -9340 -9339
f -9339 -9340 -9338
f -9339 -9338 -9337
f -9337 -9338 -9349
f -9337 -9349 -9347
f -9347 -9349 -9348
f -9347 -9348 -9346
f -9302 -9304 -9303
f -9303 -9304 -9305
f -9304 -9306 -9305
f -9305 -9306 -9307
f -9293 -9292 -9291
f -9291 -9292 -9290
f -9291 -9290 -9289
f -9347 -9346 -9345
f -9345 -9346 -9344
f -9345 -9344 -9343
f -9343 -9344 -9342
f -9451 -9450 -9449
f -9449 -9450 -9448
f -9449 -9448 -9447
f -9447 -9448 -9446
f -9447 -9446 -9445
f -9445 -9446 -9444
f -9445 -9444 -9443
f -9443 -9444 -9442
f -9443 -9442 -9441
f -9441 -9442 -9440
f -9441 -9440 -9439
f -9439 -9440 -9438
f -9439 -9438 -9437
f -9437 -9438 -9560
f -9437 -9560 -9561
f -9561 -9560 -9559
f -9469 -9470 -9471
f -9471 -9470 -9472
f -9471 -9472 -9473
f -9473 -9472 -9474
f -9473 -9474 -9475
f -9475 -9474 -9476
f -9475 -9476 -9477
f -9477 -9476 -9478
f -9477 -9478 -9479
f -9479 -9478 -9480
f -9479 -9480 -9481
f -9481 -9480 -9482
f -9481 -9482 -9483
f -9483 -9482 -9484
f -9483 -9484 -9485
f -9485 -9484 -9486
f -9485 -9486 -9487
f -9487 -9486 -9488
f -9487 -9488 -9489
f -9489 -9488 -9490
f -9489 -9490 -9491
f -9491 -9490 -9492
f -9491 -9492 -9493
f -9493 -9492 -9494
f -9493 -9494 -9495
f -9495 -9494 -9496
f -9495 -9496 -9497
f -9497 -9496 -9498
f -9497 -9498 -9499
f -9499 -9498 -9500
f -9499 -9500 -9501
f -9501 -9500 -9502
f -9501 -9502 -9503
f -9503 -9502 -9504
f -9503 -9504 -9454
f -9509 -9505 -9506
f -9506 -9505 -9507
f -9506 -9507 -9454
f -9519 -9521 -9520
f -9520 -9521 -9524
f -9512 -9516 -9511
f -9511 -9516 -9514
f -7798 -7797 -7796
f -7796 -7797 -7795
f -7796 -7795 -7794
f -7794 -7795 -7793
f -7794 -7793 -7792
f -7792 -7793 -7791
f -7792 -7791 -7790
f -7790 -7791 -7789
f -7790 -7789 -7788
f -7788 -7789 -7787
f -7788 -7787 -7786
f -7799 -7801 -7800
f -7800 -7801 -7802
f -7775 -7778 -7776
f -7776 -7778 -7777
f -7771 -7772 -7773
f -7773 -7772 -7775
f -7773 -7775 -7774
f -7811 -7810 -7809
f -7809 -7810 -7808
f -7809 -7808 -7807
f -7807 -7808 -7806
f -7807 -7806 -7805
f -7805 -7806 -7804
f -7805 -7804 -7803
f -7803 -7804 -7802
f -7803 -7802 -7801
f -7685 -7684 -7683
f -7683 -7684 -7682
f -7683 -7682 -7681
f -7681 -7682 -7680
f -7681 -7680 -7679
f -7679 -7680 -7670
f -7679 -7670 -7668
f -7716 -7717 -7718
f -7718 -7717 -7719
f -7608 -7609 -7641
f -7641 -7609 -7633
f -7624 -7623 -7629
f -7629 -7623 -7622
f -7616 -7618 -7617
f -7617 -7618 -7619
f -7621 -7612 -7613
f -7613 -7612 -7637
f -7648 -7649 -7650
f -7650 -7649 -7653
f -7650 -7653 -7651
f -7643 -7644 -7645
f -7645 -7644 -7646
f -7590 -7577 -7592
f -7592 -7577 -7575
f -7593 -7587 -7588
f -7588 -7587 -7589
f -7588 -7589 -7579
f -7595 -7596 -7597
f -7597 -7596 -7598
f -7546 -7547 -7548
f -7548 -7547 -7549
f -7522 -7527 -7523
f -7523 -7527 -7532
f -7523 -7532 -7533
f -7533 -7532 -7536
f -7533 -7536 -7534
f -7530 -7531 -7540
f -7540 -7531 -7539
f -7540 -7539 -7538
f -7528 -7527 -7526
f -7526 -7527 -7522
f -8304 -8306 -8305
f -8305 -8306 -8307
f -8306 -8308 -8307
f -8307 -8308 -8309
f -8311 -8313 -8312
f -8312 -8313 -8314
f -8293 -8295 -8294
f -8294 -8295 -8282
f -8294 -8282 -8283
f -8283 -8282 -8284
f -8283 -8284 -8285
f -8285 -8284 -8286
f -8285 -8286 -8287
f -8287 -8286 -8288
f -8287 -8288 -8281
f -8290 -8291 -8292
f -8292 -8291 -8293
f -8292 -8293 -8294
f -8280 -8291 -8289
f -8289 -8291 -8290
f -8356 -8355 -8354
f -8354 -8355 -8353
f -8354 -8353 -8352
f -8352 -8353 -8351
f -8352 -8351 -8350
f -8350 -8351 -8349
f -8350 -8349 -8348
f -8348 -8349 -8347
f -8348 -8347 -8346
f -8346 -8347 -8345
f -8346 -8345 -8344
f -8344 -8345 -8343
f -8344 -8343 -8342
f -8342 -8343 -8341
f -8342 -8341 -8340
f -8340 -8341 -8339
f -8340 -8339 -8338
f -8338 -8339 -8337
f -8338 -8337 -8336
f -8336 -8337 -8335
f -8336 -8335 -8334
f -8334 -8335 -8333
f -8334 -8333 -8332
f -8332 -8333 -8331
f -8332 -8331 -8330
f -8330 -8331 -8329
f -8330 -8329 -8328
f -8328 -8329 -8327
f -8328 -8327 -8326
f -8318 -8359 -8321
f -8321 -8359 -8360
f -8317 -8316 -8315
f -8315 -8316 -8314
f -8315 -8314 -8313
f -8406 -8405 -8404
f -8404 -8405 -8403
f -8404 -8403 -8402
f -8402 -8403 -8401
f -8402 -8401 -8400
f -8392 -8391 -8390
f -8390 -8391 -8389
f -8390 -8389 -8388
f -8388 -8389 -8387
f -8388 -8387 -8386
f -8441 -8440 -8439
f -8439 -8440 -8438
f -8439 -8438 -8449
f -8449 -8438 -8448
f -8449 -8448 -8447
f -8447 -8448 -8446
f -8447 -8446 -8445
f -8445 -8446 -8444
f -8445 -8444 -8443
f -8443 -8444 -8442
f -8419 -8420 -8421
f -8421 -8420 -8422
f -8481 -8477 -8476
f -8476 -8477 -8475
f -8476 -8475 -8474
f -8481 -8486 -8482
f -8482 -8486 -8483
f -8099 -8098 -8097
f -8097 -8098 -8096
f -8097 -8096 -8095
f -8095 -8096 -8094
f -8092 -8091 -8090
f -8090 -8091 -8089
f -8090 -8089 -8088
f -8088 -8089 -8087
f -8088 -8087 -8086
f -8086 -8087 -8085
f -8086 -8085 -8084
f -8084 -8085 -8083
f -8084 -8083 -8082
f -8100 -8101 -8102
f -8102 -8101 -8103
f -8070 -8071 -8073
f -8073 -8071 -8072
f -8073 -8072 -8074
f -8075 -8076 -8077
f -8077 -8076 -8078
f -8170 -8171 -8172
f -8172 -8171 -8173
f -8172 -8173 -8174
f -8174 -8173 -8175
f -8174 -8175 -8176
f -8176 -8175 -8177
f -8176 -8177 -8178
f -8178 -8177 -8179
f -8178 -8179 -8180
f -8180 -8179 -8181
f -8180 -8181 -8182
f -8182 -8181 -8183
f -8182 -8183 -8184
f -8184 -8183 -8185
f -8184 -8185 -8186
f -8186 -8185 -8187
f -8186 -8187 -8188
f -8188 -8187 -8189
f -8188 -8189 -8190
f -8190 -8189 -8191
f -8190 -8191 -8192
f -8192 -8191 -8193
f -8192 -8193 -8153
f -8218 -8217 -8216
f -8216 -8217 -8215
f -8216 -8215 -8214
f -8214 -8215 -8213
f -8214 -8213 -8212
f -8212 -8213 -8211
f -8212 -8211 -8210
f -8210 -8211 -8209
f -8148 -8150 -8149
f -8149 -8150 -8151
f -8192 -8153 -8154
f -8154 -8153 -8155
f -8154 -8155 -8156
f -8156 -8155 -8157
f -8167 -8165 -8164
f -8164 -8165 -8163
f -8164 -8163 -8162
f -8162 -8163 -8161
f -8162 -8161 -8160
f -8160 -8161 -8159
f -8160 -8159 -8158
f -3793 -3794 -3795
f -3795 -3794 -3796
f -3797 -3798 -3799
f -3799 -3798 -3800
f -10335 -10336 -10337
f -10337 -10336 -10338
f -10337 -10338 -10339
f -10339 -10338 -10340
f -10339 -10340 -10253
f -10341 -10342 -10343
f -10343 -10342 -10344
f -3815 -3816 -3817
f -3817 -3816 -3818
f -3841 -3842 -3843
f -3843 -3842 -3844
f -10402 -10408 -10403
f -10403 -10408 -10404
f -3837 -3838 -3839
f -3839 -3838 -3840
f -10407 -10408 -10409
f -10409 -10408 -10410
f -10409 -10410 -10411
f -10411 -10410 -10412
f -3859 -3860 -3861
f -3861 -3860 -3862
f -10431 -10430 -10429
f -10429 -10430 -10428
f -10429 -10428 -10427
f -10427 -10428 -10426
f -10427 -10426 -10425
f -10425 -10426 -10424
f -10425 -10424 -10423
f -10423 -10424 -10422
f -10423 -10422 -10421
f -10421 -10422 -10420
f -10421 -10420 -10419
f -10372 -10378 -10373
f -10373 -10378 -10374
f -10376 -10378 -10377
f -10377 -10378 -10379
f -3881 -3882 -3883
f -3883 -3882 -3884
f -3885 -3886 -3887
f -3887 -3886 -3888
f -10383 -10384 -10385
f -10385 -10384 -10390
f -10378 -10384 -10379
f -10379 -10384 -10380
f -3689 -3690 -3691
f -3691 -3690 -3692
f -3693 -3694 -3695
f -3695 -3694 -3696
f -3677 -3678 -3679
f -3679 -3678 -3680
f -10434 -10436 -10435
f -10435 -10436 -10437
f -10436 -10438 -10437
f -10437 -10438 -10439
f -3673 -3674 -3675
f -3675 -3674 -3676
f -3685 -3686 -3687
f -3687 -3686 -3688
f -3681 -3682 -3683
f -3683 -3682 -3684
f -3665 -3666 -3667
f -3667 -3666 -3668
f -3669 -3670 -3671
f -3671 -3670 -3672
f -3664 -3663 -3662
f -3662 -3663 -3661
f -3662 -3661 -3660
f -3660 -3661 -3659
f -3660 -3659 -3658
f -3658 -3659 -3657
f -3658 -3657 -3656
f -3656 -3657 -3655
f -3656 -3655 -3654
f -3654 -3655 -3653
f -3654 -3653 -3652
f -3652 -3653 -3651
f -3637 -3638 -3639
f -3639 -3638 -3640
f -3639 -3640 -3641
f -3641 -3640 -3642
f -3641 -3642 -3643
f -3643 -3642 -3644
f -3643 -3644 -3645
f -3645 -3644 -3646
f -3645 -3646 -3647
f -3647 -3646 -3648
f -3647 -3648 -3649
f -3649 -3648 -3650
f -3752 -3751 -3750
f -3750 -3751 -3743
f -3750 -3743 -3744
f -3717 -3718 -3719
f -3719 -3718 -3720
f -3719 -3720 -3721
f -3721 -3720 -3722
f -3721 -3722 -3723
f -3723 -3722 -3724
f -3723 -3724 -3725
f -3725 -3724 -3726
f -3738 -3737 -3736
f -3736 -3737 -3729
f -3736 -3729 -3730
f -3730 -3729 -3728
f -3585 -3586 -3587
f -3587 -3586 -3588
f -3587 -3588 -3589
f -3589 -3588 -3590
f -3589 -3590 -3591
f -3591 -3590 -3592
f -3591 -3592 -3593
f -3593 -3592 -3594
f -3575 -3576 -3577
f -3577 -3576 -3578
f -3577 -3578 -3579
f -3579 -3578 -3580
f -3579 -3580 -3581
f -3581 -3580 -3582
f -3581 -3582 -3583
f -3583 -3582 -3584
f -10151 -10153 -10152
f -10152 -10153 -10154
f -3595 -3596 -3597
f -3597 -3596 -3598
f -3597 -3598 -3599
f -3599 -3598 -3600
f -3599 -3600 -3601
f -3601 -3600 -3602
f -3601 -3602 -3603
f -3603 -3602 -3604
f -3605 -3606 -3607
f -3607 -3606 -3608
f -3607 -3608 -3609
f -3609 -3608 -3610
f -3609 -3610 -3611
f -3611 -3610 -3612
f -3611 -3612 -3613
f -3613 -3612 -3614
f -10167 -10166 -10165
f -10165 -10166 -10164
f -10165 -10164 -10163
f -10163 -10164 -10162
f -10163 -10162 -10161
f -10161 -10162 -10160
f -10161 -10160 -10159
f -10159 -10160 -10158
f -3615 -3616 -3617
f -3617 -3616 -3618
f -3617 -3618 -3619
f -3619 -3618 -3620
f -3619 -3620 -3621
f -3621 -3620 -3622
f -3621 -3622 -3623
f -3623 -3622 -3624
f -3623 -3624 -3625
f -3625 -3624 -3626
f -3625 -3626 -3627
f -3627 -3626 -3628
f -3627 -3628 -3629
f -3629 -3628 -3630
f -3631 -3632 -3633
f -3633 -3632 -3634
f -3633 -3634 -3635
f -3635 -3634 -3636
f -10120 -10125 -10121
f -10121 -10125 -10122
f -10091 -10092 -10093
f -10093 -10092 -10094
f -3543 -3544 -3545
f -3545 -3544 -3546
f -3545 -3546 -3547
f -3547 -3546 -3548
f -10041 -10042 -10043
f -10043 -10042 -10044
f -10043 -10044 -10045
f -10045 -10044 -10046
f -10045 -10046 -10047
f -10047 -10046 -10048
f -10047 -10048 -10049
f -10049 -10048 -10050
f -10049 -10050 -10051
f -10051 -10050 -10052
f -10051 -10052 -10053
f -10053 -10052 -10054
f -10053 -10054 -10055
f -10055 -10054 -10056
f -10055 -10056 -10057
f -10057 -10056 -10058
f -10057 -10058 -10059
f -10059 -10058 -10060
f -10059 -10060 -10061
f -10061 -10060 -10062
f -10061 -10062 -10063
f -10063 -10062 -10064
f -10063 -10064 -10065
f -10065 -10064 -10066
f -10065 -10066 -10067
f -10067 -10066 -10068
f -10067 -10068 -10069
f -10069 -10068 -10070
f -10069 -10070 -10071
f -10071 -10070 -10072
f -10071 -10072 -10073
f -10073 -10072 -10074
f -10073 -10074 -10075
f -10075 -10074 -10076
f -10075 -10076 -10077
f -10077 -10076 -10078
f -10077 -10078 -10079
f -10079 -10078 -10080
f -10079 -10080 -10081
f -10081 -10080 -10082
f -10081 -10082 -10083
f -10083 -10082 -10084
f -10083 -10084 -10085
f -10085 -10084 -10086
f -10085 -10086 -10087
f -10087 -10086 -10088
f -10087 -10088 -10089
f -10089 -10088 -10090
f -10089 -10090 -9998
f -3555 -3556 -3557
f -3557 -3556 -3558
f -3557 -3558 -3559
f -3559 -3558 -3560
f -3559 -3560 -3561
f -3561 -3560 -3562
f -3561 -3562 -3563
f -3563 -3562 -3564
f -3565 -3566 -3567
f -3567 -3566 -3568
f -3567 -3568 -3569
f -3569 -3568 -3570
f -3569 -3570 -3571
f -3571 -3570 -3572
f -3571 -3572 -3573
f -3573 -3572 -3574
f -3549 -3550 -3551
f -3551 -3550 -3552
f -3551 -3552 -3553
f -3553 -3552 -3554
f -10245 -10246 -10247
f -10247 -10246 -10248
f -10339 -10253 -10254
f -10254 -10253 -10255
f -10254 -10255 -10256
f -10256 -10255 -10257
f -10256 -10257 -10258
f -10258 -10257 -10259
f -10258 -10259 -10260
f -10260 -10259 -10261
f -10260 -10261 -10262
f -10262 -10261 -10263
f -10262 -10263 -10264
f -10264 -10263 -10265
f -10264 -10265 -10266
f -10266 -10265 -10267
f -10266 -10267 -10268
f -10268 -10267 -10269
f -10286 -10284 -10252
f -10252 -10284 -10251
f -10252 -10251 -10250
f -10250 -10251 -10249
f -10276 -10277 -10278
f -10278 -10277 -10283
f -10270 -10275 -10272
f -10272 -10275 -10276
f -4214 -4213 -4212
f -4212 -4213 -4211
f -4212 -4211 -4210
f -4210 -4211 -4209
f -4210 -4209 -4208
f -4208 -4209 -4207
f -4208 -4207 -4206
f -4206 -4207 -4205
f -4206 -4205 -4204
f -4204 -4205 -4203
f -9942 -9944 -9946
f -9946 -9944 -9945
f -9946 -9945 -9947
f -4215 -4217 -4216
f -4216 -4217 -4218
f -4191 -4192 -4193
f -4193 -4192 -4194
f -4193 -4194 -4195
f -4195 -4194 -4196
f -4195 -4196 -4197
f -4197 -4196 -4198
f -4197 -4198 -4199
f -4199 -4198 -4200
f -4199 -4200 -4201
f -4201 -4200 -4202
f -4181 -4182 -4183
f -4183 -4182 -4184
f -4183 -4184 -4185
f -4185 -4184 -4186
f -4185 -4186 -4187
f -4187 -4186 -4188
f -4187 -4188 -4189
f -4189 -4188 -4190
f -9962 -9972 -9961
f -9961 -9972 -9970
f -9973 -9974 -9975
f -9975 -9974 -9976
f -9943 -9953 -9951
f -9951 -9953 -9952
f -9951 -9952 -9950
f -9946 -9947 -9948
f -9948 -9947 -9949
f -9948 -9949 -9950
f -9950 -9949 -9951
f -4261 -4259 -4260
f -4260 -4259 -4258
f -4260 -4258 -4254
f -4254 -4258 -4255
f -4254 -4255 -4256
f -4256 -4255 -4257
f -4253 -4252 -4251
f -4251 -4252 -4250
f -4251 -4250 -4249
f -4249 -4250 -4248
f -4249 -4248 -4247
f -4247 -4248 -4246
f -4247 -4246 -4245
f -4245 -4246 -4244
f -4245 -4244 -4243
f -4243 -4244 -4242
f -4243 -4242 -4241
f -4266 -4265 -4264
f -4264 -4265 -4263
f -4264 -4263 -4262
f -4262 -4263 -4261
f -4262 -4261 -4260
f -10018 -10017 -10016
f -10016 -10017 -10015
f -10016 -10015 -10014
f -10014 -10015 -10013
f -10014 -10013 -10012
f -10012 -10013 -10011
f -10012 -10011 -10010
f -10010 -10011 -10009
f -10010 -10009 -10008
f -10008 -10009 -10007
f -10008 -10007 -10006
f -10006 -10007 -10005
f -10006 -10005 -10004
f -10004 -10005 -10003
f -10004 -10003 -10002
f -10002 -10003 -10001
f -10002 -10001 -10000
f -10000 -10001 -9999
f -10000 -9999 -9998
f -9998 -9999 -10089
f -4240 -4239 -4238
f -4238 -4239 -4237
f -4238 -4237 -4236
f -4236 -4237 -4235
f -4236 -4235 -4234
f -4234 -4235 -4233
f -4234 -4233 -4232
f -4232 -4233 -4231
f -4232 -4231 -4230
f -4230 -4231 -4229
f -4230 -4229 -4228
f -4227 -4226 -4225
f -4225 -4226 -4224
f -4225 -4224 -4223
f -4223 -4224 -4222
f -4223 -4222 -4221
f -4221 -4222 -4220
f -4221 -4220 -4219
f -4219 -4220 -4218
f -4219 -4218 -4217
f -10032 -10033 -10034
f -10034 -10033 -10035
f -10034 -10035 -10036
f -10036 -10035 -10039
f -10036 -10039 -10037
f -9825 -9824 -9823
f -9823 -9824 -9822
f -9823 -9822 -9821
f -9821 -9822 -9820
f -9821 -9820 -9819
f -9819 -9820 -9818
f -9819 -9818 -9817
f -9817 -9818 -9816
f -4343 -4344 -4345
f -4345 -4344 -4346
f -4369 -4378 -4370
f -4370 -4378 -4379
f -4405 -4404 -4403
f -4403 -4404 -4402
f -4403 -4402 -4401
f -4013 -4014 -4015
f -4015 -4014 -4016
f -4017 -4018 -4019
f -4019 -4018 -4020
f -3973 -3974 -3975
f -3975 -3974 -3976
f -3969 -3970 -3971
f -3971 -3970 -3972
f -3991 -3992 -3993
f -3993 -3992 -3994
f -3947 -3948 -3949
f -3949 -3948 -3950
f -3929 -3930 -3931
f -3931 -3930 -3932
f -3925 -3926 -3927
f -3927 -3926 -3928
f -3903 -3904 -3905
f -3905 -3904 -3906
f -4101 -4102 -4103
f -4103 -4102 -4104
f -9636 -9635 -9634
f -9634 -9635 -9633
f -9634 -9633 -9632
f -9632 -9633 -9631
f -9632 -9631 -9630
f -4105 -4106 -4107
f -4107 -4106 -4108
f -4127 -4128 -4129
f -4129 -4128 -4130
f -4129 -4130 -4131
f -4131 -4130 -4132
f -4123 -4124 -4125
f -4125 -4124 -4126
f -9599 -9600 -9601
f -9601 -9600 -9602
f -9601 -9602 -9603
f -9618 -9619 -9620
f -9620 -9619 -9621
f -9620 -9621 -9622
f -9622 -9621 -9623
f -9622 -9623 -9624
f -9624 -9623 -9625
f -9624 -9625 -9626
f -4035 -4036 -4037
f -4037 -4036 -4038
f -9542 -9543 -9544
f -9544 -9543 -9545
f -9544 -9545 -9546
f -9546 -9545 -9547
f -9546 -9547 -9548
f -9548 -9547 -9549
f -9548 -9549 -9550
f -9550 -9549 -9551
f -9550 -9551 -9552
f -9552 -9551 -9553
f -9552 -9553 -9554
f -9554 -9553 -9555
f -9554 -9555 -9556
f -9556 -9555 -9557
f -9556 -9557 -9558
f -9558 -9557 -9559
f -9558 -9559 -9560
f -4079 -4080 -4081
f -4081 -4080 -4082
f -4061 -4062 -4063
f -4063 -4062 -4064
f -4057 -4058 -4059
f -4059 -4058 -4060
f -11159 -11160 -11161
f -11161 -11160 -11162
f -11161 -11162 -11163
f -11163 -11162 -11164
f -11163 -11164 -11165
f -11165 -11164 -11166
f -11165 -11166 -11167
f -11167 -11166 -11168
f -11167 -11168 -11169
f -11169 -11168 -11170
f -11171 -11172 -11173
f -11173 -11172 -11174
f -11173 -11174 -11175
f -11175 -11174 -11176
f -11175 -11176 -11177
f -11177 -11176 -11178
f -11177 -11178 -11179
f -11179 -11178 -11180
f -11179 -11180 -11181
f -11181 -11180 -11182
f -4608 -4610 -4609
f -4609 -4610 -4612
f -4624 -4625 -4626
f -4626 -4625 -4627
f -11188 -11194 -11189
f -11189 -11194 -11195
f -11144 -11145 -11146
f -11146 -11145 -11147
f -11140 -11141 -11142
f -11142 -11141 -11143
f -4628 -4637 -4629
f -4629 -4637 -4638
f -11148 -11149 -11150
f -11150 -11149 -11151
f -4664 -4663 -4662
f -4662 -4663 -4661
f -4662 -4661 -4660
f -11152 -11153 -11154
f -11154 -11153 -11155
f -4550 -4551 -4552
f -4552 -4551 -4553
f -4541 -4540 -4539
f -4539 -4540 -4538
f -4539 -4538 -4537
f -4587 -4588 -4589
f -4589 -4588 -4590
f -4575 -4576 -4577
f -4577 -4576 -4578
f -4577 -4578 -4580
f -11265 -11266 -11267
f -11267 -11266 -11268
f -11267 -11268 -11269
f -11269 -11268 -11270
f -11269 -11270 -11271
f -11271 -11270 -11272
f -11271 -11272 -11273
f -11273 -11272 -11274
f -11273 -11274 -11275
f -11275 -11274 -11276
f -11253 -11254 -11255
f -11255 -11254 -11256
f -11255 -11256 -11257
f -11257 -11256 -11258
f -11257 -11258 -11259
f -11259 -11258 -11260
f -11259 -11260 -11261
f -11261 -11260 -11262
f -11261 -11262 -11263
f -11263 -11262 -11264
f -4513 -4514 -4515
f -4515 -4514 -4516
f -11281 -11282 -11283
f -11283 -11282 -11284
f -11287 -11288 -11289
f -11289 -11288 -11290
f -11289 -11290 -11291
f -11291 -11290 -11292
f -11291 -11292 -11293
f -4530 -4531 -4532
f -4532 -4531 -4533
f -4532 -4533 -4523
f -11277 -11278 -11279
f -11279 -11278 -11280
f -11296 -11305 -11306
f -11306 -11305 -11307
f -11306 -11307 -11308
f -11308 -11307 -11309
f -11308 -11309 -11299
f -4476 -4477 -4478
f -4478 -4477 -4479
f -4501 -4502 -4503
f -4503 -4502 -4504
f -4503 -4504 -4506
f -11297 -11310 -11311
f -11311 -11310 -11312
f -11311 -11312 -11313
f -11313 -11312 -11314
f -11313 -11314 -11302
f -4464 -4465 -4466
f -4466 -4465 -4467
f -4466 -4467 -4469
f -11219 -11224 -11225
f -11225 -11224 -11244
f -11200 -11205 -11206
f -11206 -11205 -11207
f -11206 -11207 -11208
f -11200 -11206 -11201
f -11201 -11206 -11202
f -11201 -11202 -11203
f -4443 -4452 -4444
f -4444 -4452 -4453
f -11252 -11251 -11250
f -11250 -11251 -11249
f -11250 -11249 -11248
f -11248 -11249 -11247
f -11248 -11247 -11246
f -4439 -4440 -4441
f -4441 -4440 -4442
f -4430 -4429 -4428
f -4428 -4429 -4427
f -4428 -4427 -4426
f -4419 -4420 -4421
f -4421 -4420 -4422
f -11363 -11364 -11365
f -11365 -11364 -11366
f -11354 -11353 -11352
f -11352 -11353 -11351
f -11352 -11351 -11350
f -11350 -11351 -11349
f -11350 -11349 -11348
f -11348 -11349 -11347
f -11348 -11347 -11346
f -11346 -11347 -11345
f -4842 -4843 -4844
f -4844 -4843 -4845
f -4844 -4845 -4846
f -4846 -4845 -4847
f -4846 -4847 -4848
f -4848 -4847 -4849
f -4848 -4849 -4850
f -4850 -4849 -4851
f -4850 -4851 -4852
f -4852 -4851 -4853
f -4841 -4840 -4839
f -4839 -4840 -4838
f -4839 -4838 -4837
f -4837 -4838 -4836
f -4837 -4836 -4835
f -4835 -4836 -4834
f -4835 -4834 -4833
f -4833 -4834 -4832
f -4833 -4832 -4831
f -4831 -4832 -4830
f -4861 -4862 -4863
f -4863 -4862 -4864
f -4863 -4864 -4873
f -4873 -4864 -4872
f -4873 -4872 -4871
f -4867 -4866 -4869
f -4869 -4866 -4865
f -4884 -4883 -4882
f -4882 -4883 -4881
f -4882 -4881 -4880
f -4907 -4906 -4905
f -4905 -4906 -4904
f -4905 -4904 -4910
f -4910 -4904 -4908
f -4907 -4899 -4900
f -4900 -4899 -4901
f -4900 -4901 -4902
f -4916 -4918 -4917
f -4917 -4918 -4919
f -4918 -4920 -4919
f -4919 -4920 -4921
f -4920 -4922 -4921
f -4921 -4922 -4923
f -4701 -4702 -4703
f -4703 -4702 -4704
f -4693 -4694 -4695
f -4695 -4694 -4696
f -4695 -4696 -4697
f -4697 -4696 -4698
f -4697 -4698 -4699
f -4699 -4698 -4700
f -4705 -4706 -4707
f -4707 -4706 -4708
f -4707 -4708 -4709
f -4709 -4708 -4710
f -4709 -4710 -4711
f -4711 -4710 -4712
f -4689 -4690 -4691
f -4691 -4690 -4692
f -11503 -11504 -11505
f -11505 -11504 -11506
f -4688 -4687 -4686
f -4686 -4687 -4685
f -4686 -4685 -4684
f -4684 -4685 -4683
f -4684 -4683 -4682
f -4682 -4683 -4681
f -4677 -4678 -4679
f -4679 -4678 -4680
f -4669 -4670 -4671
f -4671 -4670 -4672
f -4671 -4672 -4673
f -4673 -4672 -4674
f -4673 -4674 -4675
f -4675 -4674 -4676
f -4665 -4666 -4667
f -4667 -4666 -4668
f -11537 -11543 -11538
f -11538 -11543 -11545
f -11538 -11545 -11546
f -11546 -11545 -11547
f -11546 -11547 -11548
f -11548 -11547 -11549
f -11532 -11533 -11534
f -11534 -11533 -11535
f -11534 -11535 -11512
f -11556 -11557 -11558
f -11558 -11557 -11559
f -11558 -11559 -11560
f -11560 -11559 -11561
f -11560 -11561 -11562
f -10755 -10756 -10757
f -10757 -10756 -10758
f -10745 -10746 -10747
f -10747 -10746 -10748
f -10747 -10748 -10749
f -10749 -10748 -10750
f -10749 -10750 -10751
f -10751 -10750 -10752
f -10751 -10752 -10753
f -10753 -10752 -10754
f -10766 -10773 -10767
f -10767 -10773 -10768
f -10773 -10775 -10774
f -10774 -10775 -10776
f -10775 -10777 -10776
f -10776 -10777 -10778
f -5032 -5039 -5033
f -5033 -5039 -5040
f -5050 -5049 -5048
f -5048 -5049 -5047
f -5048 -5047 -5046
f -5046 -5047 -5045
f -5046 -5045 -5044
f -5044 -5045 -5043
f -5044 -5043 -5042
f -5042 -5043 -5041
f -10797 -10796 -10795
f -10795 -10796 -10794
f -10795 -10794 -10793
f -10793 -10794 -10792
f -10793 -10792 -10791
f -10791 -10792 -10790
f -10791 -10790 -10789
f -10789 -10790 -10788
f -10789 -10788 -10787
f -10787 -10788 -10786
f -10787 -10786 -10785
f -10809 -10808 -10807
f -10807 -10808 -10806
f -10807 -10806 -10805
f -10805 -10806 -10804
f -10805 -10804 -10803
f -10803 -10804 -10802
f -10803 -10802 -10801
f -10801 -10802 -10800
f -10801 -10800 -10799
f -10799 -10800 -10798
f -4967 -4968 -4973
f -4973 -4968 -4969
f -4972 -4965 -4966
f -4966 -4965 -4964
f -4966 -4964 -4960
f -4934 -4935 -4936
f -4936 -4935 -4937
f -4936 -4937 -4938
f -4938 -4937 -4939
f -4938 -4939 -4940
f -4940 -4939 -4941
f -4940 -4941 -4942
f -4942 -4941 -4943
f -4942 -4943 -4944
f -4923 -4924 -4925
f -4925 -4924 -4926
f -4925 -4926 -4927
f -4927 -4926 -4928
f -4927 -4928 -4930
f -10643 -10644 -10645
f -10645 -10644 -10646
f -10645 -10646 -10647
f -10647 -10646 -10648
f -10647 -10648 -10649
f -10649 -10648 -10650
f -10649 -10650 -10651
f -10651 -10650 -10652
f -10651 -10652 -10653
f -10653 -10652 -10654
f -10631 -10632 -10633
f -10633 -10632 -10634
f -10633 -10634 -10635
f -10635 -10634 -10636
f -10635 -10636 -10637
f -10637 -10636 -10638
f -10637 -10638 -10639
f -10639 -10638 -10640
f -10639 -10640 -10641
f -10641 -10640 -10642
f -10630 -10629 -10628
f -10628 -10629 -10627
f -10628 -10627 -10626
f -10626 -10627 -10625
f -10626 -10625 -10624
f -10624 -10625 -10623
f -10624 -10623 -10622
f -10622 -10623 -10621
f -10617 -10618 -10619
f -10619 -10618 -10620
f -5270 -5271 -5272
f -5272 -5271 -5273
f -5272 -5273 -5274
f -5274 -5273 -5275
f -5274 -5275 -5276
f -5276 -5275 -5277
f -5276 -5277 -5278
f -5278 -5277 -5279
f -5296 -5298 -5297
f -5297 -5298 -5299
f -5298 -5300 -5299
f -5299 -5300 -5301
f -5329 -5328 -5327
f -5327 -5328 -5326
f -5327 -5326 -5325
f -5325 -5326 -5324
f -5325 -5324 -5323
f -5323 -5324 -5322
f -5323 -5322 -5321
f -10810 -10811 -10812
f -10812 -10811 -10813
f -10812 -10813 -10814
f -10814 -10813 -10815
f -10814 -10815 -10816
f -10816 -10815 -10817
f -10816 -10817 -10818
f -10818 -10817 -10819
f -10818 -10819 -10820
f -10820 -10819 -10821
f -10908 -10909 -10910
f -10910 -10909 -10911
f -10928 -10927 -10926
f -10926 -10927 -10925
f -10926 -10925 -10924
f -10924 -10925 -10923
f -11960 -11959 -11966
f -11966 -11959 -11958
f -11966 -11958 -11964
f -12019 -12017 -12018
f -12018 -12017 -12016
f -12018 -12016 -12012
f -12012 -12016 -12013
f -12012 -12013 -12014
f -12014 -12013 -12015
f -12018 -12020 -12019
f -12019 -12020 -12021
f -12020 -12022 -12021
f -12021 -12022 -12023
f -11999 -12001 -12000
f -12000 -12001 -12002
f -12011 -12010 -12009
f -12009 -12010 -12008
f -12009 -12008 -12007
f -12007 -12008 -12006
f -12007 -12006 -12005
f -12005 -12006 -12004
f -12005 -12004 -12003
f -12003 -12004 -12002
f -12003 -12002 -12001
f -11990 -11997 -11991
f -11991 -11997 -11998
f -2207 -2208 -2209
f -2209 -2208 -2210
f -12039 -12040 -12041
f -12041 -12040 -12042
f -12026 -12032 -12027
f -12027 -12032 -12034
f -12027 -12034 -12035
f -12035 -12034 -12036
f -12051 -12052 -12053
f -12053 -12052 -12054
f -12055 -12056 -12057
f -12057 -12056 -12058
f -12043 -12044 -12045
f -12045 -12044 -12046
f -12047 -12048 -12049
f -12049 -12048 -12050
f -2187 -2188 -2189
f -2189 -2188 -2190
f -2189 -2190 -2191
f -2191 -2190 -2192
f -2191 -2192 -2181
f -12088 -12087 -12086
f -12086 -12087 -12085
f -12086 -12085 -12084
f -12084 -12085 -12083
f -11885 -11884 -11889
f -11889 -11884 -11883
f -11889 -11883 -11911
f -11890 -11891 -11879
f -11879 -11891 -11880
f -11879 -11880 -11881
f -11881 -11880 -11882
f -11844 -11863 -11845
f -11845 -11863 -11836
f -11851 -11852 -11853
f -11853 -11852 -11854
f -11853 -11854 -11855
f -2253 -2270 -2254
f -2254 -2270 -2255
f -2315 -2314 -2313
f -2313 -2314 -2312
f -2313 -2312 -2311
f -2311 -2312 -2310
f -2311 -2310 -2309
f -2309 -2310 -2328
f -2309 -2328 -2326
f -2326 -2328 -2327
f -2326 -2327 -2325
f -11944 -11946 -11945
f -11945 -11946 -11947
f -2326 -2325 -2324
f -2324 -2325 -2323
f -2324 -2323 -2322
f -2322 -2323 -2321
f -2322 -2321 -2320
f -2320 -2321 -2319
f -2320 -2319 -2318
f -2318 -2319 -2337
f -2318 -2337 -2335
f -2335 -2337 -2336
f -2335 -2336 -2334
f -11950 -11952 -11951
f -11951 -11952 -11953
f -2335 -2334 -2333
f -2333 -2334 -2332
f -2333 -2332 -2331
f -2331 -2332 -2330
f -2331 -2330 -2329
f -2329 -2330 -2346
f -2329 -2346 -2344
f -2344 -2346 -2345
f -2344 -2345 -2343
f -2344 -2343 -2342
f -2342 -2343 -2341
f -2342 -2341 -2340
f -2340 -2341 -2339
f -2340 -2339 -2338
f -11765 -11766 -11767
f -11767 -11766 -11768
f -11767 -11768 -11769
f -11769 -11768 -11770
f -11769 -11770 -11771
f -11771 -11770 -11772
f -11771 -11772 -11773
f -11773 -11772 -11774
f -11773 -11774 -11775
f -11794 -11796 -11795
f -11795 -11796 -11797
f -11796 -11798 -11797
f -11797 -11798 -11799
f -11798 -11800 -11799
f -11799 -11800 -11801
f -11822 -11824 -11823
f -11823 -11824 -11825
f -11732 -11734 -11733
f -11733 -11734 -11735
f -11734 -11736 -11735
f -11735 -11736 -11737
f -11736 -11738 -11737
f -11737 -11738 -11739
f -11731 -11730 -11729
f -11729 -11730 -11728
f -11729 -11728 -11727
f -11727 -11728 -11726
f -11727 -11726 -11725
f -11725 -11726 -11724
f -11725 -11724 -11723
f -11723 -11724 -11722
f -11723 -11722 -11721
f -11721 -11722 -11720
f -11721 -11720 -11719
f -11715 -11716 -11717
f -11717 -11716 -11718
f -11714 -11713 -11712
f -11712 -11713 -11711
f -11712 -11711 -11710
f -11744 -11743 -11742
f -11742 -11743 -11741
f -11742 -11741 -11740
f -11740 -11741 -11739
f -11740 -11739 -11738
f -11749 -11751 -11750
f -11750 -11751 -11752
f -11746 -11753 -11747
f -11747 -11753 -11748
f -11674 -11675 -11676
f -11676 -11675 -11677
f -11709 -11702 -11701
f -11701 -11702 -11700
f -11701 -11700 -11699
f -11655 -11657 -11656
f -11656 -11657 -11658
f -11661 -11660 -11659
f -11659 -11660 -11658
f -11659 -11658 -11657
f -11629 -11628 -11627
f -11627 -11628 -11626
f -11627 -11626 -11625
f -11625 -11626 -11613
f -11625 -11613 -11614
f -11614 -11613 -11617
f -11614 -11617 -11618
f -11630 -11631 -11632
f -11632 -11631 -11633
f -11609 -11610 -11611
f -11611 -11610 -11612
f -11603 -11604 -11605
f -11605 -11604 -11606
f -11605 -11606 -11607
f -11596 -11597 -11598
f -11598 -11597 -11601
f -11598 -11601 -11599
f -11587 -11588 -11589
f -11589 -11588 -11590
f -11581 -11582 -11583
f -11583 -11582 -11584
f -11583 -11584 -11585
f -11572 -11582 -11580
f -11580 -11582 -11581
f -12398 -12397 -12396
f -12396 -12397 -12395
f -12396 -12395 -12394
f -12394 -12395 -12393
f -12394 -12393 -12392
f -12392 -12393 -12391
f -12392 -12391 -12406
f -12406 -12391 -12405
f -12406 -12405 -12404
f -12404 -12405 -12403
f -12404 -12403 -12402
f -12402 -12403 -12401
f -12402 -12401 -12400
f -12400 -12401 -12399
f -12400 -12399 -12398
f -12398 -12399 -12397
f -12407 -12408 -12409
f -12409 -12408 -12410
f -12409 -12410 -12411
f -12411 -12410 -12412
f -12411 -12412 -12413
f -12413 -12412 -12414
f -12413 -12414 -12415
f -12415 -12414 -12416
f -12381 -12382 -12383
f -12383 -12382 -12384
f -12383 -12384 -12385
f -12385 -12384 -12386
f -12385 -12386 -12387
f -12387 -12386 -12388
f -12387 -12388 -12389
f -12389 -12388 -12390
f -12371 -12372 -12373
f -12373 -12372 -12374
f -12373 -12374 -12375
f -12375 -12374 -12376
f -12375 -12376 -12377
f -12377 -12376 -12378
f -12377 -12378 -12379
f -12379 -12378 -12380
f -12368 -12367 -12366
f -12366 -12367 -12365
f -12366 -12365 -12364
f -12364 -12365 -12363
f -12364 -12363 -12362
f -12370 -12356 -12357
f -12357 -12356 -12358
f -12357 -12358 -12359
f -12359 -12358 -12360
f -12417 -12418 -12419
f -12419 -12418 -12420
f -12419 -12420 -12421
f -12421 -12420 -12422
f -12421 -12422 -12423
f -12423 -12422 -12424
f -12423 -12424 -12425
f -12425 -12424 -12426
f -12436 -12435 -12434
f -12434 -12435 -12433
f -12434 -12433 -12432
f -12432 -12433 -12431
f -12432 -12431 -12430
f -12430 -12431 -12429
f -12430 -12429 -12428
f -12428 -12429 -12427
f -12428 -12427 -12442
f -12442 -12427 -12441
f -12442 -12441 -12440
f -12440 -12441 -12439
f -12440 -12439 -12438
f -12438 -12439 -12437
f -12438 -12437 -12436
f -12436 -12437 -12435
f -12508 -12507 -12506
f -12506 -12507 -12505
f -12506 -12505 -12504
f -12504 -12505 -12503
f -12504 -12503 -12502
f -12502 -12503 -12501
f -12502 -12501 -12500
f -12500 -12501 -12499
f -12496 -12495 -12494
f -12494 -12495 -12493
f -12494 -12493 -12492
f -12492 -12493 -12491
f -12492 -12491 -12490
f -12498 -12484 -12485
f -12485 -12484 -12486
f -12485 -12486 -12487
f -12487 -12486 -12488
f -12526 -12525 -12524
f -12524 -12525 -12523
f -12524 -12523 -12522
f -12522 -12523 -12521
f -12522 -12521 -12520
f -12520 -12521 -12519
f -12520 -12519 -12534
f -12534 -12519 -12533
f -12534 -12533 -12532
f -12532 -12533 -12531
f -12532 -12531 -12530
f -12530 -12531 -12529
f -12530 -12529 -12528
f -12528 -12529 -12527
f -12528 -12527 -12526
f -12526 -12527 -12525
f -12535 -12536 -12537
f -12537 -12536 -12538
f -12537 -12538 -12539
f -12539 -12538 -12540
f -12539 -12540 -12541
f -12541 -12540 -12542
f -12541 -12542 -12543
f -12543 -12542 -12544
f -12509 -12510 -12511
f -12511 -12510 -12512
f -12511 -12512 -12513
f -12513 -12512 -12514
f -12513 -12514 -12515
f -12515 -12514 -12516
f -12515 -12516 -12517
f -12517 -12516 -12518
f -12545 -12546 -12547
f -12547 -12546 -12548
f -12547 -12548 -12549
f -12549 -12548 -12550
f -12549 -12550 -12551
f -12551 -12550 -12552
f -12551 -12552 -12553
f -12553 -12552 -12554
f -12564 -12563 -12562
f -12562 -12563 -12561
f -12562 -12561 -12560
f -12560 -12561 -12559
f -12560 -12559 -12558
f -12558 -12559 -12557
f -12558 -12557 -12556
f -12556 -12557 -12555
f -12556 -12555 -12570
f -12570 -12555 -12569
f -12570 -12569 -12568
f -12568 -12569 -12567
f -12568 -12567 -12566
f -12566 -12567 -12565
f -12566 -12565 -12564
f -12564 -12565 -12563
f -12161 -12162 -12163
f -12163 -12162 -12164
f -12163 -12164 -12165
f -12165 -12164 -12166
f -12165 -12166 -12167
f -12167 -12166 -12168
f -12167 -12168 -12169
f -12169 -12168 -12170
f -12151 -12152 -12153
f -12153 -12152 -12154
f -12153 -12154 -12155
f -12155 -12154 -12156
f -12155 -12156 -12157
f -12157 -12156 -12158
f -12157 -12158 -12159
f -12159 -12158 -12160
f -12180 -12179 -12178
f -12178 -12179 -12177
f -12178 -12177 -12176
f -12176 -12177 -12175
f -12176 -12175 -12174
f -12174 -12175 -12173
f -12174 -12173 -12172
f -12172 -12173 -12171
f -12172 -12171 -12186
f -12186 -12171 -12185
f -12186 -12185 -12184
f -12184 -12185 -12183
f -12184 -12183 -12182
f -12182 -12183 -12181
f -12182 -12181 -12180
f -12180 -12181 -12179
f -12142 -12141 -12140
f -12140 -12141 -12139
f -12140 -12139 -12138
f -12138 -12139 -12137
f -12138 -12137 -12136
f -12136 -12137 -12135
f -12136 -12135 -12150
f -12150 -12135 -12149
f -12150 -12149 -12148
f -12148 -12149 -12147
f -12148 -12147 -12146
f -12146 -12147 -12145
f -12146 -12145 -12144
f -12144 -12145 -12143
f -12144 -12143 -12142
f -12142 -12143 -12141
f -12125 -12126 -12127
f -12127 -12126 -12128
f -12127 -12128 -12129
f -12129 -12128 -12130
f -12129 -12130 -12131
f -12131 -12130 -12132
f -12131 -12132 -12133
f -12133 -12132 -12134
f -12115 -12116 -12117
f -12117 -12116 -12118
f -12117 -12118 -12119
f -12119 -12118 -12120
f -12119 -12120 -12121
f -12121 -12120 -12122
f -12121 -12122 -12123
f -12123 -12122 -12124
f -12112 -12111 -12110
f -12110 -12111 -12109
f -12110 -12109 -12108
f -12108 -12109 -12107
f -12108 -12107 -12106
f -12114 -12100 -12101
f -12101 -12100 -12102
f -12101 -12102 -12103
f -12103 -12102 -12104
f -12289 -12290 -12291
f -12291 -12290 -12292
f -12291 -12292 -12293
f -12293 -12292 -12294
f -12293 -12294 -12295
f -12295 -12294 -12296
f -12295 -12296 -12297
f -12297 -12296 -12298
f -12279 -12280 -12281
f -12281 -12280 -12282
f -12281 -12282 -12283
f -12283 -12282 -12284
f -12283 -12284 -12285
f -12285 -12284 -12286
f -12285 -12286 -12287
f -12287 -12286 -12288
f -12308 -12307 -12306
f -12306 -12307 -12305
f -12306 -12305 -12304
f -12304 -12305 -12303
f -12304 -12303 -12302
f -12302 -12303 -12301
f -12302 -12301 -12300
f -12300 -12301 -12299
f -12300 -12299 -12314
f -12314 -12299 -12313
f -12314 -12313 -12312
f -12312 -12313 -12311
f -12312 -12311 -12310
f -12310 -12311 -12309
f -12310 -12309 -12308
f -12308 -12309 -12307
f -12252 -12251 -12250
f -12250 -12251 -12249
f -12250 -12249 -12248
f -12248 -12249 -12247
f -12248 -12247 -12246
f -12246 -12247 -12245
f -12246 -12245 -12244
f -12244 -12245 -12243
f -12240 -12239 -12238
f -12238 -12239 -12237
f -12238 -12237 -12236
f -12236 -12237 -12235
f -12236 -12235 -12234
f -12242 -12228 -12229
f -12229 -12228 -12230
f -12229 -12230 -12231
f -12231 -12230 -12232
f -12270 -12269 -12268
f -12268 -12269 -12267
f -12268 -12267 -12266
f -12266 -12267 -12265
f -12266 -12265 -12264
f -12264 -12265 -12263
f -12264 -12263 -12278
f -12278 -12263 -12277
f -12278 -12277 -12276
f -12276 -12277 -12275
f -12276 -12275 -12274
f -12274 -12275 -12273
f -12274 -12273 -12272
f -12272 -12273 -12271
f -12272 -12271 -12270
f -12270 -12271 -12269
f -12253 -12254 -12255
f -12255 -12254 -12256
f -12255 -12256 -12257
f -12257 -12256 -12258
f -12257 -12258 -12259
f -12259 -12258 -12260
f -12259 -12260 -12261
f -12261 -12260 -12262
f -2985 -2981 -2980
f -2980 -2981 -2982
f -2989 -2990 -2991
f -2991 -2990 -2992
f -2993 -2994 -2995
f -2995 -2994 -2996
f -2997 -2998 -2999
f -2999 -2998 -3000
f -2943 -2944 -2945
f -2945 -2944 -2946
f -2945 -2946 -2947
f -2947 -2946 -2948
f -2947 -2948 -2949
f -2949 -2948 -2950
f -2949 -2950 -2951
f -2951 -2950 -2952
f -2951 -2952 -2953
f -2953 -2952 -2954
f -2939 -2940 -2941
f -2941 -2940 -2942
f -2970 -2969 -2968
f -2968 -2969 -2967
f -2968 -2967 -2966
f -2966 -2967 -2965
f -2966 -2965 -2964
f -2964 -2965 -2963
f -2964 -2963 -2962
f -2962 -2963 -2961
f -2962 -2961 -2960
f -2960 -2961 -2959
f -2955 -2956 -2957
f -2957 -2956 -2958
f -2923 -2924 -2925
f -2925 -2924 -2926
f -2927 -2928 -2929
f -2929 -2928 -2930
f -2929 -2930 -2931
f -2931 -2930 -2932
f -2931 -2932 -2933
f -2933 -2932 -2934
f -2933 -2934 -2935
f -2935 -2934 -2936
f -2935 -2936 -2937
f -2937 -2936 -2938
f -2911 -2912 -2913
f -2913 -2912 -2914
f -2907 -2908 -2909
f -2909 -2908 -2910
f -2919 -2920 -2921
f -2921 -2920 -2922
f -2915 -2916 -2917
f -2917 -2916 -2918
f -2903 -2904 -2905
f -2905 -2904 -2906
f -2882 -2891 -2889
f -2889 -2891 -2890
f -2889 -2890 -2888
f -2894 -2896 -2895
f -2895 -2896 -2900
f -3073 -3074 -3075
f -3075 -3074 -3076
f -3075 -3076 -3077
f -3077 -3076 -3078
f -3077 -3078 -3079
f -3079 -3078 -3080
f -3079 -3080 -3081
f -3081 -3080 -3082
f -3100 -3099 -3098
f -3098 -3099 -3097
f -3098 -3097 -3096
f -3096 -3097 -3095
f -3096 -3095 -3094
f -3094 -3095 -3093
f -3094 -3093 -3092
f -3092 -3093 -3091
f -3071 -3035 -3034
f -3034 -3035 -3033
f -3034 -3033 -3032
f -3032 -3033 -3031
f -3032 -3031 -3030
f -3090 -3089 -3088
f -3088 -3089 -3087
f -3088 -3087 -3086
f -3086 -3087 -3085
f -3086 -3085 -3084
f -3084 -3085 -3083
f -3101 -3102 -3103
f -3103 -3102 -3104
f -3103 -3104 -3105
f -3105 -3104 -3106
f -3107 -3108 -3109
f -3109 -3108 -3110
f -3109 -3110 -3111
f -3111 -3110 -3112
f -3113 -3114 -3115
f -3115 -3114 -3116
f -3115 -3116 -3117
f -3117 -3116 -3118
f -3119 -3120 -3121
f -3121 -3120 -3122
f -3121 -3122 -3123
f -3123 -3122 -3124
f -3125 -3126 -3127
f -3127 -3126 -3128
f -3127 -3128 -3129
f -3129 -3128 -3130
f -3016 -3017 -3019
f -3019 -3017 -3021
f -3019 -3021 -3020
f -3009 -3010 -3011
f -3011 -3010 -3012
f -3005 -3006 -3007
f -3007 -3006 -3008
f -3001 -3002 -3003
f -3003 -3002 -3004
f -3049 -3050 -3051
f -3051 -3050 -3060
f -3051 -3060 -3052
f -3054 -3055 -3056
f -3056 -3055 -3057
f -3056 -3057 -3058
f -3058 -3057 -3059
f -3058 -3059 -3060
f -3045 -3061 -3046
f -3046 -3061 -3047
f -3046 -3047 -3026
f -3169 -3182 -3177
f -3177 -3182 -3178
f -3183 -3184 -3185
f -3185 -3184 -3186
f -3187 -3188 -3189
f -3189 -3188 -3190
f -3191 -3192 -3193
f -3193 -3192 -3194
f -3166 -3171 -3172
f -3172 -3171 -3176
f -3172 -3176 -3173
f -3160 -3159 -3158
f -3158 -3159 -3157
f -3158 -3157 -3156
f -3156 -3157 -3155
f -3154 -3153 -3152
f -3152 -3153 -3151
f -3152 -3151 -3150
f -3150 -3151 -3149
f -3150 -3149 -3148
f -3148 -3149 -3147
f -3139 -3140 -3141
f -3141 -3140 -3142
f -3141 -3142 -3143
f -3143 -3142 -3144
f -3143 -3144 -3145
f -3145 -3144 -3146
f -3131 -3132 -3133
f -3133 -3132 -3134
f -3133 -3134 -3135
f -3135 -3134 -3136
f -3135 -3136 -3137
f -3137 -3136 -3138
f -3207 -3208 -3209
f -3209 -3208 -3210
f -3203 -3204 -3205
f -3205 -3204 -3206
f -3199 -3200 -3201
f -3201 -3200 -3202
f -3195 -3196 -3197
f -3197 -3196 -3198
f -3211 -3212 -3213
f -3213 -3212 -3214
f -2566 -2565 -2564
f -2564 -2565 -2563
f -2564 -2563 -2562
f -2562 -2563 -2561
f -2562 -2561 -2560
f -2560 -2561 -2559
f -2560 -2559 -2558
f -2564 -2549 -2566
f -2566 -2549 -2550
f -2548 -2547 -2546
f -2546 -2547 -2545
f -2546 -2545 -2544
f -2544 -2545 -2543
f -2544 -2543 -2542
f -2542 -2543 -2541
f -2542 -2541 -2540
f -2540 -2541 -2539
f -2540 -2539 -2538
f -2538 -2539 -2557
f -2538 -2557 -2555
f -2555 -2557 -2556
f -2555 -2556 -2554
f -2573 -2574 -2575
f -2575 -2574 -2611
f -2575 -2611 -2576
f -2576 -2611 -2577
f -2615 -2613 -2614
f -2614 -2613 -2612
f -2614 -2612 -2574
f -2574 -2612 -2567
f -2517 -2518 -2519
f -2519 -2518 -2520
f -2498 -2507 -2499
f -2499 -2507 -2500
f -2499 -2500 -2501
f -2501 -2500 -2502
f -2501 -2502 -2503
f -2503 -2502 -2504
f -2546 -2529 -2548
f -2548 -2529 -2530
f -2549 -2551 -2550
f -2550 -2551 -2552
f -2551 -2553 -2552
f -2552 -2553 -2554
f -2521 -2522 -2523
f -2523 -2522 -2524
f -2535 -2534 -2533
f -2533 -2534 -2532
f -2533 -2532 -2531
f -2531 -2532 -2530
f -2531 -2530 -2529
f -2464 -2466 -2465
f -2465 -2466 -2467
f -2466 -2468 -2467
f -2467 -2468 -2469
f -2472 -2471 -2478
f -2478 -2471 -2480
f -2478 -2480 -2479
f -2483 -2485 -2484
f -2484 -2485 -2489
f -2459 -2450 -2451
f -2451 -2450 -2447
f -2403 -2402 -2401
f -2401 -2402 -2400
f -2401 -2400 -2399
f -2399 -2400 -2398
f -2399 -2398 -2397
f -2397 -2398 -2396
f -2397 -2396 -2395
f -2386 -2388 -2387
f -2387 -2388 -2389
f -2388 -2390 -2389
f -2389 -2390 -2391
f -2390 -2392 -2391
f -2391 -2392 -2393
f -2385 -2384 -2383
f -2383 -2384 -2382
f -2383 -2382 -2381
f -2381 -2382 -2380
f -2381 -2380 -2379
f -2379 -2380 -2378
f -2379 -2378 -2377
f -2376 -2375 -2374
f -2374 -2375 -2373
f -2374 -2373 -2372
f -2372 -2373 -2371
f -2372 -2371 -2370
f -2370 -2371 -2369
f -2370 -2369 -2368
f -2762 -2761 -2760
f -2760 -2761 -2759
f -2760 -2759 -2758
f -2758 -2759 -2757
f -2758 -2757 -2756
f -2756 -2757 -2755
f -2756 -2755 -2754
f -2789 -2788 -2787
f -2787 -2788 -2786
f -2787 -2786 -2785
f -2785 -2786 -2784
f -2785 -2784 -2783
f -2783 -2784 -2782
f -2783 -2782 -2781
f -2776 -2777 -2779
f -2779 -2777 -2778
f -2779 -2778 -2780
f -2816 -2825 -2817
f -2817 -2825 -2818
f -2817 -2818 -2819
f -2870 -2861 -2862
f -2862 -2861 -2858
f -2863 -2871 -2864
f -2864 -2871 -2865
f -2594 -2608 -2619
f -2619 -2608 -2607
f -2727 -2729 -2728
f -2728 -2729 -2730
f -2735 -2734 -2733
f -2733 -2734 -2732
f -2733 -2732 -2731
f -2731 -2732 -2730
f -2731 -2730 -2729
f -2698 -2697 -2696
f -2696 -2697 -2695
f -2699 -2708 -2706
f -2706 -2708 -2707
f -2706 -2707 -2705
f -2700 -2702 -2701
f -2701 -2702 -2703
f -2706 -2705 -2704
f -2704 -2705 -2703
f -2704 -2703 -2702
f -7054 -7053 -7052
f -7052 -7053 -7051
f -7058 -7057 -7056
f -7056 -7057 -7055
f -7119 -7118 -7117
f -7117 -7118 -7116
f -7123 -7122 -7121
f -7121 -7122 -7120
f -8303 -8302 -8301
f -8301 -8302 -8300
f -8299 -8298 -8297
f -8297 -8298 -8296
f -8204 -8203 -8202
f -8202 -8203 -8201
f -8208 -8207 -8206
f -8206 -8207 -8205
f -3792 -3791 -3790
f -3790 -3791 -3789
f -3785 -3784 -3783
f -3783 -3784 -3782
f -3778 -3777 -3776
f -3776 -3777 -3775
f -3822 -3821 -3820
f -3820 -3821 -3819
f -3829 -3828 -3827
f -3827 -3828 -3826
f -3811 -3810 -3809
f -3809 -3810 -3808
f -3804 -3803 -3802
f -3802 -3803 -3801
f -3848 -3847 -3846
f -3846 -3847 -3845
f -3836 -3835 -3834
f -3834 -3835 -3833
f -3866 -3865 -3864
f -3864 -3865 -3863
f -3855 -3854 -3853
f -3853 -3854 -3852
f -3873 -3872 -3871
f -3871 -3872 -3870
f -3880 -3879 -3878
f -3878 -3879 -3877
f -3892 -3891 -3890
f -3890 -3891 -3889
f -3899 -3898 -3897
f -3897 -3898 -3896
f -3998 -3997 -3996
f -3996 -3997 -3995
f -4005 -4004 -4003
f -4003 -4004 -4002
f -4012 -4011 -4010
f -4010 -4011 -4009
f -4024 -4023 -4022
f -4022 -4023 -4021
f -3968 -3967 -3966
f -3966 -3967 -3965
f -3980 -3979 -3978
f -3978 -3979 -3977
f -3987 -3986 -3985
f -3985 -3986 -3984
f -3954 -3953 -3952
f -3952 -3953 -3951
f -3961 -3960 -3959
f -3959 -3960 -3958
f -3936 -3935 -3934
f -3934 -3935 -3933
f -3943 -3942 -3941
f -3941 -3942 -3940
f -3924 -3923 -3922
f -3922 -3923 -3921
f -3917 -3916 -3915
f -3915 -3916 -3914
f -3910 -3909 -3908
f -3908 -3909 -3907
f -4100 -4099 -4098
f -4098 -4099 -4097
f -4093 -4092 -4091
f -4091 -4092 -4090
f -4119 -4118 -4117
f -4117 -4118 -4116
f -4112 -4111 -4110
f -4110 -4111 -4109
f -4056 -4055 -4054
f -4054 -4055 -4053
f -4049 -4048 -4047
f -4047 -4048 -4046
f -4042 -4041 -4040
f -4040 -4041 -4039
f -4031 -4030 -4029
f -4029 -4030 -4028
f -4086 -4085 -4084
f -4084 -4085 -4083
f -4075 -4074 -4073
f -4073 -4074 -4072
f -4068 -4067 -4066
f -4066 -4067 -4065
f -12062 -12061 -12060
f -12060 -12061 -12059
f -12082 -12081 -12080
f -12080 -12081 -12079
f -546 -554 -547
f -550 -557 -551
f -465 -461 -464
f -7022 -7031 -7032
f -7015 -6990 -7017
f -6995 -7005 -6988
f -441 -443 -442
f -7175 -7178 -7182
f -431 -436 -432
f -387 -388 -410
f -7212 -7221 -7213
f -350 -348 -363
f -357 -349 -351
f -360 -362 -361
f -343 -355 -344
f -327 -330 -328
f -296 -315 -297
f -710 -708 -723
f -7262 -7265 -7282
f -720 -722 -721
f -703 -715 -704
f -758 -754 -753
f -744 -746 -745
f -7349 -7352 -7350
f -783 -786 -784
f -7378 -7374 -7376
f -569 -575 -570
f -620 -639 -621
f -6491 -6493 -6492
f -6951 -6957 -6958
f -6286 -6302 -6287
f -171 -184 -172
f -104 -123 -105
f -5943 -5938 -5937
f -195 -198 -196
f -188 -191 -189
f -5582 -5580 -5579
f -5583 -5586 -5584
f -5610 -5615 -5611
f -5601 -5607 -5602
f -5597 -5607 -5598
f -29 -32 -30
f -8737 -8740 -8738
f -8754 -8757 -8755
f -8560 -8557 -8556
f -8562 -8564 -8563
f -8543 -8547 -8544
f -8471 -8509 -8472
f -8899 -8905 -8906
f -8767 -8770 -8768
f -9117 -9111 -9110
f -9089 -9090 -9082
f -9086 -9102 -9087
f -9056 -9062 -9057
f -9314 -9321 -9315
f -9277 -9279 -9230
f -9379 -9381 -9351
f -9250 -9281 -9251
f -9404 -9406 -9350
f -9377 -9408 -9378
f -7655 -7657 -7656
f -8433 -8434 -8432
f -8455 -8492 -8489
f -8150 -8152 -8151
f -8116 -8123 -8105
f -8119 -8123 -8118
f -10408 -10405 -10404
f -10360 -10402 -10361
f -10378 -10375 -10374
f -10350 -10372 -10351
f -10384 -10381 -10380
f -10117 -10118 -10151
f -10101 -10133 -10102
f -3540 -3542 -3541
f -3499 -3501 -3500
f -3455 -3460 -3456
f -3417 -3419 -3418
f -9935 -9936 -9927
f -9997 -10020 -10021
f -4411 -4410 -4408
f -4565 -4564 -4562
f -4541 -4543 -4540
f -4602 -4601 -4599
f -4523 -4524 -4532
f -4519 -4524 -4520
f -4528 -4527 -4525
f -4491 -4490 -4488
f -4430 -4432 -4429
f -11320 -11326 -11327
f -11319 -11327 -11325
f -11547 -11544 -11549
f -11566 -11557 -11564
f -11573 -11572 -11576
f -10797 -10782 -10796
f -10914 -10918 -10915
f -10917 -10918 -10916
f -11966 -11967 -11960
f -2203 -2206 -2204
f -12063 -12065 -12064
f -12070 -12074 -12071
f -2196 -2199 -2197
f -11855 -11838 -11853
f -2267 -2298 -2268
f -2305 -2308 -2306
f -11756 -11759 -11776
f -11800 -11802 -11801
f -11683 -11699 -11684
f -11649 -11652 -11653
f -11646 -11663 -11648
f -11637 -11639 -11642
f -11619 -11618 -11621
f -11593 -11608 -11594
f -12345 -12353 -12354
f -12443 -12451 -12452
f -12453 -12461 -12462
f -12463 -12471 -12472
f -12473 -12481 -12482
f -12571 -12579 -12580
f -12581 -12589 -12590
f -12591 -12599 -12600
f -12187 -12195 -12196
f -12197 -12205 -12206
f -12207 -12215 -12216
f -12090 -12094 -12091
f -12315 -12323 -12324
f -12325 -12333 -12334
f -12335 -12343 -12344
f -12217 -12225 -12226
f -2889 -2883 -2882
f -3064 -3040 -3013
f -12601 -12609 -12610
f -3253 -3255 -3254
f -3294 -3296 -3295
f -3335 -3337 -3336
f -3376 -3378 -3377
f -2591 -2594 -2592
f -2593 -2616 -2594
f -2512 -2514 -2513
f -2515 -2494 -2497
f -2525 -2528 -2526
f -2460 -2454 -2453
f -2449 -2461 -2455
f -2474 -2484 -2475
f -2404 -2423 -2405
f -2364 -2366 -2365
f -2766 -2769 -2767
f -2802 -2809 -2803
f -2832 -2834 -2833
f -2837 -2843 -2838
f -2667 -2680 -2668
f -2600 -2619 -2601
f -2691 -2694 -2692
f -2684 -2687 -2685
f -543 -571 -528
f -7019 -7021 -7020
f -7009 -7010 -7008
f -482 -483 -472
f -6980 -6976 -6982
f -484 -486 -485
f -6969 -6971 -6970
f -403 -399 -398
f -371 -378 -370
f -7140 -7148 -7141
f -336 -338 -337
f -7130 -7132 -7131
f -7249 -7250 -7248
f -731 -738 -730
f -7236 -7242 -7237
f -792 -794 -793
f -7364 -7380 -7365
f -588 -589 -587
f -676 -669 -678
f -7439 -7433 -7441
f -647 -640 -649
f -664 -666 -665
f -656 -650 -658
f -6671 -6672 -6678
f -6637 -6638 -6644
f -6529 -6530 -6528
f -6518 -6519 -6516
f -6522 -6521 -6520
f -6941 -6934 -6940
f -6018 -6016 -6015
f -5994 -5995 -6019
f -6002 -6003 -6034
f -5964 -5955 -5960
f -118 -119 -117
f -78 -116 -71
f -5857 -5846 -5845
f -5855 -5856 -5854
f -5864 -5866 -5865
f -57 -59 -58
f -5904 -5906 -5905
f -5920 -5921 -5917
f -127 -129 -128
f -237 -231 -239
f -256 -257 -246
f -5808 -5810 -5809
f -265 -258 -267
f -284 -285 -274
f -5641 -5640 -5639
f -5628 -5630 -5629
f -5647 -5646 -5645
f -5607 -5604 -5637
f -8742 -8746 -8740
f -8756 -8758 -8757
f -8573 -8575 -8574
f -8567 -8573 -8568
f -8523 -8450 -8522
f -8517 -8451 -8519
f -8513 -8521 -8514
f -8929 -8931 -8930
f -9124 -9126 -9125
f -9097 -9098 -9096
f -9066 -9075 -9067
f -9150 -9140 -9152
f -9323 -9324 -9322
f -9285 -9293 -9286
f -9468 -9470 -9469
f -7973 -7978 -7974
f -7778 -7785 -7779
f -7634 -7635 -7633
f -7640 -7599 -7642
f -7627 -7616 -7625
f -7593 -7594 -7587
f -7537 -7536 -7535
f -8308 -8310 -8309
f -8359 -8363 -8360
f -8356 -8358 -8357
f -8326 -8323 -8322
f -8435 -8437 -8436
f -8481 -8478 -8477
f -8493 -8497 -8492
f -8092 -8093 -8091
f -8069 -8071 -8070
f -8063 -8064 -8062
f -8051 -8057 -8052
f -8130 -8132 -8131
f -8123 -8124 -8122
f -10334 -10336 -10335
f -10301 -10303 -10302
f -10396 -10402 -10397
f -10390 -10396 -10391
f -10144 -10146 -10145
f -10138 -10144 -10139
f -10153 -10155 -10154
f -10131 -10133 -10132
f -10125 -10131 -10126
f -9920 -9922 -9921
f -9986 -9987 -9985
f -10023 -10026 -10024
f -10027 -10029 -10026
f -10040 -10042 -10041
f -4383 -4384 -4382
f -9598 -9600 -9599
f -9541 -9543 -9542
f -4605 -4606 -4604
f -4642 -4643 -4641
f -4568 -4569 -4567
f -4574 -4576 -4575
f -4500 -4502 -4501
f -4494 -4495 -4493
f -4463 -4465 -4464
f -4457 -4458 -4456
f -4414 -4415 -4413
f -11321 -11318 -11323
f -4870 -4869 -4868
f -4884 -4885 -4883
f -4880 -4877 -4882
f -4897 -4912 -4898
f -4905 -4899 -4907
f -11552 -11568 -11553
f -5022 -5023 -5021
f -5019 -5035 -5020
f -10777 -10779 -10778
f -10781 -10782 -10780
f -4964 -4965 -4963
f -4933 -4935 -4934
f -4936 -4929 -4934
f -4922 -4924 -4923
f -5300 -5302 -5301
f -10919 -10920 -10921
f -2155 -2156 -2145
f -11980 -11981 -11979
f -11965 -11939 -11967
f -12022 -12024 -12023
f -2211 -2213 -2212
f -2270 -2298 -2255
f -11903 -11904 -11935
f -11956 -11957 -11955
f -11923 -11914 -11913
f -11925 -11912 -11908
f -11886 -11887 -11927
f -11895 -11896 -11920
f -11919 -11917 -11916
f -11783 -11784 -11782
f -11780 -11781 -11785
f -11650 -11651 -11647
f -11635 -11644 -11636
f -11629 -11622 -11628
f -11602 -11604 -11603
f -12368 -12369 -12367
f -12496 -12497 -12495
f -12112 -12113 -12111
f -12240 -12241 -12239
f -2976 -2979 -2977
f -2898 -2899 -2897
f -2879 -2881 -2880
f -2876 -2867 -2866
f -3072 -3038 -3037
f -3071 -3036 -3035
f -3027 -3063 -3039
f -3048 -3050 -3049
f -2553 -2555 -2554
f -2478 -2479 -2477
f -2430 -2431 -2446
f -2392 -2394 -2393
f -2374 -2367 -2376
f -2752 -2753 -2742
f -2820 -2822 -2821
f -2841 -2842 -2857
f -2623 -2625 -2624
f -2725 -2726 -2722
f -7164 -7166 -7165
f -7259 -7261 -7260
f -7231 -7233 -7232
f -7359 -7361 -7360
f -6508 -6510 -6509
f -6502 -6504 -6503
f -5963 -5956 -5957
f -5867 -5869 -5868
f -8702 -8704 -8703
f -8751 -8753 -8752
f -8781 -8783 -8782
f -9120 -9108 -9109
f -7705 -7707 -7706
f -7550 -7552 -7551
f -7521 -7519 -7515
f -3786 -3788 -3787
f -3779 -3781 -3780
f -3823 -3825 -3824
f -3830 -3832 -3831
f -3805 -3807 -3806
f -3812 -3814 -3813
f -10416 -10418 -10417
f -3849 -3851 -3850
f -3856 -3858 -3857
f -3867 -3869 -3868
f -3874 -3876 -3875
f -3893 -3895 -3894
f -3999 -4001 -4000
f -4006 -4008 -4007
f -3962 -3964 -3963
f -3988 -3990 -3989
f -3981 -3983 -3982
f -3955 -3957 -3956
f -3944 -3946 -3945
f -3937 -3939 -3938
f -3918 -3920 -3919
f -3911 -3913 -3912
f -9704 -9705 -9703
f -3900 -3902 -3901
f -4094 -4096 -4095
f -4113 -4115 -4114
f -4120 -4122 -4121
f -4050 -4052 -4051
f -4043 -4045 -4044
f -9563 -9568 -9564
f -4032 -4034 -4033
f -4025 -4027 -4026
f -4076 -4078 -4077
f -4087 -4089 -4088
f -4069 -4071 -4070
f -11183 -11185 -11184
f -11156 -11158 -11157
f -11315 -11317 -11316
f -11196 -11198 -11197
f -11328 -11330 -11329
f -4887 -4889 -4888
f -4874 -4876 -4875
f -4727 -4729 -4728
f -10848 -10850 -10849
f -11785 -11778 -11779
usemtl Y-MARK1
v 0.391699 -0.059400 0.805003
v 0.391699 -0.059500 0.805003
v 0.392813 -0.059400 0.809293
v 0.392813 -0.059500 0.809293
v 0.396389 -0.059400 0.819900
v 0.396389 -0.059500 0.819900
v 0.399050 -0.059400 0.826004
v 0.399050 -0.059500 0.826004
v 0.284425 -0.059500 0.805000
v 0.284425 -0.059400 0.805000
v 0.284425 -0.059500 0.813403
v 0.284425 -0.059400 0.813403
v 0.279175 -0.059500 0.805000
v 0.279175 -0.059400 0.805000
v 0.284425 -0.059500 0.805000
v 0.284425 -0.059400 0.805000
v 0.279175 -0.059400 0.805000
v 0.279175 -0.059500 0.805000
v 0.279175 -0.059400 0.813403
v 0.279175 -0.059500 0.813403
v 0.279175 -0.059400 0.813403
v 0.279175 -0.059500 0.813403
v 0.277431 -0.059400 0.815735
v 0.277431 -0.059500 0.815735
v 0.273728 -0.059400 0.822023
v 0.273728 -0.059500 0.822023
v 0.272000 -0.059400 0.826004
v 0.272000 -0.059500 0.826004
v 0.272000 -0.059400 0.826004
v 0.272000 -0.059500 0.826004
v 0.277951 -0.059400 0.826004
v 0.277951 -0.059500 0.826004
v 0.277951 -0.059400 0.826004
v 0.277951 -0.059500 0.826004
v 0.278579 -0.059400 0.824271
v 0.278579 -0.059500 0.824271
v 0.281800 -0.059400 0.817660
v 0.281800 -0.059500 0.817660
v 0.291600 -0.059500 0.826004
v 0.285650 -0.059500 0.826004
v 0.289860 -0.059500 0.821998
v 0.283537 -0.059500 0.820907
v 0.286961 -0.059500 0.816923
v 0.281800 -0.059500 0.817660
v 0.284425 -0.059500 0.813403
v 0.277431 -0.059500 0.815735
v 0.279175 -0.059500 0.813403
v 0.279175 -0.059500 0.805000
v 0.284425 -0.059500 0.805000
v 0.277951 -0.059500 0.826004
v 0.272000 -0.059500 0.826004
v 0.278579 -0.059500 0.824271
v 0.273728 -0.059500 0.822023
v 0.291600 -0.059400 0.826004
v 0.291600 -0.059500 0.826004
v 0.289860 -0.059400 0.821998
v 0.289860 -0.059500 0.821998
v 0.286961 -0.059400 0.816923
v 0.286961 -0.059500 0.816923
v 0.284425 -0.059400 0.813403
v 0.284425 -0.059500 0.813403
v 0.279175 -0.059400 0.813403
v 0.277431 -0.059400 0.815735
v 0.284425 -0.059400 0.813403
v 0.281800 -0.059400 0.817660
v 0.286961 -0.059400 0.816923
v 0.283537 -0.059400 0.820907
v 0.289860 -0.059400 0.821998
v 0.285650 -0.059400 0.826004
v 0.291600 -0.059400 0.826004
v 0.279175 -0.059400 0.805000
v 0.284425 -0.059400 0.805000
v 0.277951 -0.059400 0.826004
v 0.278579 -0.059400 0.824271
v 0.272000 -0.059400 0.826004
v 0.273728 -0.059400 0.822023
v 0.285650 -0.059400 0.826004
v 0.285650 -0.059500 0.826004
v 0.291600 -0.059400 0.826004
v 0.291600 -0.059500 0.826004
v 0.281800 -0.059400 0.817660
v 0.281800 -0.059500 0.817660
v 0.283537 -0.059400 0.820907
v 0.283537 -0.059500 0.820907
v 0.285650 -0.059400 0.826004
v 0.285650 -0.059500 0.826004
v 0.296742 -0.059400 0.812704
v 0.296742 -0.059500 0.812704
v 0.301859 -0.059400 0.812704
v 0.301859 -0.059500 0.812704
v 0.299300 -0.059500 0.820697
v 0.299300 -0.059400 0.820697
v 0.301859 -0.059500 0.812704
v 0.301859 -0.059400 0.812704
v 0.296742 -0.059500 0.812704
v 0.296742 -0.059400 0.812704
v 0.299300 -0.059500 0.820697
v 0.299300 -0.059400 0.820697
v 0.303007 -0.059500 0.808504
v 0.301859 -0.059500 0.812704
v 0.295594 -0.059500 0.808504
v 0.296742 -0.059500 0.812704
v 0.290264 -0.059500 0.809293
v 0.302100 -0.059500 0.826004
v 0.296502 -0.059500 0.826004
v 0.299300 -0.059500 0.820697
v 0.293840 -0.059500 0.819900
v 0.294751 -0.059500 0.805003
v 0.289151 -0.059500 0.805003
v 0.307035 -0.059500 0.813538
v 0.303940 -0.059500 0.821941
v 0.309451 -0.059500 0.805003
v 0.303851 -0.059500 0.805003
v 0.303007 -0.059500 0.808504
v 0.303007 -0.059400 0.808504
v 0.303851 -0.059500 0.805003
v 0.303851 -0.059400 0.805003
v 0.295594 -0.059500 0.808504
v 0.295594 -0.059400 0.808504
v 0.303007 -0.059500 0.808504
v 0.303007 -0.059400 0.808504
v 0.294751 -0.059500 0.805003
v 0.294751 -0.059400 0.805003
v 0.295594 -0.059500 0.808504
v 0.295594 -0.059400 0.808504
v 0.289151 -0.059500 0.805003
v 0.289151 -0.059400 0.805003
v 0.294751 -0.059500 0.805003
v 0.294751 -0.059400 0.805003
v 0.290264 -0.059400 0.809293
v 0.296742 -0.059400 0.812704
v 0.295594 -0.059400 0.808504
v 0.301859 -0.059400 0.812704
v 0.303007 -0.059400 0.808504
v 0.302100 -0.059400 0.826004
v 0.299300 -0.059400 0.820697
v 0.296502 -0.059400 0.826004
v 0.293840 -0.059400 0.819900
v 0.294751 -0.059400 0.805003
v 0.289151 -0.059400 0.805003
v 0.303940 -0.059400 0.821941
v 0.307035 -0.059400 0.813538
v 0.309451 -0.059400 0.805003
v 0.303851 -0.059400 0.805003
v 0.303851 -0.059500 0.805003
v 0.303851 -0.059400 0.805003
v 0.309451 -0.059500 0.805003
v 0.309451 -0.059400 0.805003
v 0.302100 -0.059400 0.826004
v 0.302100 -0.059500 0.826004
v 0.303940 -0.059400 0.821941
v 0.303940 -0.059500 0.821941
v 0.307035 -0.059400 0.813538
v 0.307035 -0.059500 0.813538
v 0.309451 -0.059400 0.805003
v 0.309451 -0.059500 0.805003
v 0.296502 -0.059400 0.826004
v 0.296502 -0.059500 0.826004
v 0.302100 -0.059400 0.826004
v 0.302100 -0.059500 0.826004
v 0.289151 -0.059400 0.805003
v 0.289151 -0.059500 0.805003
v 0.290264 -0.059400 0.809293
v 0.290264 -0.059500 0.809293
v 0.293840 -0.059400 0.819900
v 0.293840 -0.059500 0.819900
v 0.296502 -0.059400 0.826004
v 0.296502 -0.059500 0.826004
v 0.310850 -0.059400 0.810079
v 0.310850 -0.059500 0.810079
v 0.311988 -0.059400 0.809850
v 0.311988 -0.059500 0.809850
v 0.317849 -0.059400 0.809325
v 0.317849 -0.059500 0.809325
v 0.319191 -0.059400 0.809411
v 0.319191 -0.059500 0.809411
v 0.319938 -0.059400 0.809987
v 0.319938 -0.059500 0.809987
v 0.320134 -0.059400 0.810853
v 0.320134 -0.059500 0.810853
v 0.319897 -0.059400 0.811731
v 0.319897 -0.059500 0.811731
v 0.319237 -0.059400 0.812285
v 0.319237 -0.059500 0.812285
v 0.317028 -0.059400 0.813282
v 0.317028 -0.059500 0.813282
v 0.313475 -0.059500 0.814805
v 0.313475 -0.059400 0.814805
v 0.317028 -0.059500 0.813282
v 0.317028 -0.059400 0.813282
v 0.313475 -0.059400 0.814805
v 0.313475 -0.059500 0.814805
v 0.311817 -0.059400 0.815856
v 0.311817 -0.059500 0.815856
v 0.310970 -0.059400 0.816863
v 0.310970 -0.059500 0.816863
v 0.310286 -0.059400 0.818709
v 0.310286 -0.059500 0.818709
v 0.310150 -0.059400 0.820024
v 0.310150 -0.059500 0.820024
v 0.310150 -0.059400 0.820024
v 0.310150 -0.059500 0.820024
v 0.310150 -0.059400 0.820059
v 0.310150 -0.059500 0.820059
v 0.310150 -0.059400 0.820059
v 0.310150 -0.059500 0.820059
v 0.310183 -0.059400 0.821127
v 0.310183 -0.059500 0.821127
v 0.310836 -0.059400 0.823643
v 0.310836 -0.059500 0.823643
v 0.312617 -0.059400 0.825388
v 0.312617 -0.059500 0.825388
v 0.314960 -0.059400 0.826004
v 0.314960 -0.059500 0.826004
v 0.319758 -0.059400 0.826140
v 0.319758 -0.059500 0.826140
v 0.324850 -0.059400 0.825567
v 0.324850 -0.059500 0.825567
v 0.324849 -0.059500 0.820930
v 0.324849 -0.059400 0.820930
v 0.324850 -0.059500 0.825567
v 0.324850 -0.059400 0.825567
v 0.324849 -0.059400 0.820930
v 0.324849 -0.059500 0.820930
v 0.324447 -0.059400 0.821017
v 0.324044 -0.059500 0.821099
v 0.318041 -0.059400 0.821692
v 0.318041 -0.059500 0.821692
v 0.316509 -0.059400 0.821574
v 0.316509 -0.059500 0.821574
v 0.315575 -0.059400 0.820342
v 0.315575 -0.059500 0.820342
v 0.315815 -0.059400 0.819266
v 0.315815 -0.059500 0.819266
v 0.316484 -0.059400 0.818698
v 0.316484 -0.059500 0.818698
v 0.318595 -0.059400 0.817760
v 0.318595 -0.059500 0.817760
v 0.310836 -0.059500 0.823643
v 0.310183 -0.059500 0.821127
v 0.316509 -0.059500 0.821574
v 0.315575 -0.059500 0.820342
v 0.310150 -0.059500 0.820059
v 0.315815 -0.059500 0.819266
v 0.310150 -0.059500 0.820024
v 0.316484 -0.059500 0.818698
v 0.310286 -0.059500 0.818709
v 0.318595 -0.059500 0.817760
v 0.310970 -0.059500 0.816863
v 0.322224 -0.059500 0.816203
v 0.323339 -0.059500 0.815610
v 0.311817 -0.059500 0.815856
v 0.324472 -0.059500 0.814617
v 0.313475 -0.059500 0.814805
v 0.325420 -0.059500 0.812397
v 0.317028 -0.059500 0.813282
v 0.319237 -0.059500 0.812285
v 0.314960 -0.059500 0.826004
v 0.312617 -0.059500 0.825388
v 0.319758 -0.059500 0.826140
v 0.324850 -0.059500 0.825567
v 0.324849 -0.059500 0.820930
v 0.324044 -0.059500 0.821099
v 0.318041 -0.059500 0.821692
v 0.325438 -0.059500 0.809182
v 0.319897 -0.059500 0.811731
v 0.320134 -0.059500 0.810853
v 0.319938 -0.059500 0.809987
v 0.319191 -0.059500 0.809411
v 0.317849 -0.059500 0.809325
v 0.310850 -0.059500 0.805441
v 0.315507 -0.059500 0.804890
v 0.320559 -0.059500 0.804984
v 0.323069 -0.059500 0.805603
v 0.324751 -0.059500 0.807127
v 0.311988 -0.059500 0.809850
v 0.310850 -0.059500 0.810079
v 0.310850 -0.059400 0.805441
v 0.310850 -0.059500 0.805441
v 0.310850 -0.059400 0.810079
v 0.310850 -0.059500 0.810079
v 0.316509 -0.059400 0.821574
v 0.310183 -0.059400 0.821127
v 0.310836 -0.059400 0.823643
v 0.322224 -0.059400 0.816203
v 0.310970 -0.059400 0.816863
v 0.318595 -0.059400 0.817760
v 0.310286 -0.059400 0.818709
v 0.316484 -0.059400 0.818698
v 0.310150 -0.059400 0.820024
v 0.315815 -0.059400 0.819266
v 0.310150 -0.059400 0.820059
v 0.315575 -0.059400 0.820342
v 0.319237 -0.059400 0.812285
v 0.317028 -0.059400 0.813282
v 0.325420 -0.059400 0.812397
v 0.313475 -0.059400 0.814805
v 0.324472 -0.059400 0.814617
v 0.311817 -0.059400 0.815856
v 0.323339 -0.059400 0.815610
v 0.314960 -0.059400 0.826004
v 0.319758 -0.059400 0.826140
v 0.312617 -0.059400 0.825388
v 0.324850 -0.059400 0.825567
v 0.318041 -0.059400 0.821692
v 0.324447 -0.059400 0.821017
v 0.324849 -0.059400 0.820930
v 0.325438 -0.059400 0.809182
v 0.317849 -0.059400 0.809325
v 0.319191 -0.059400 0.809411
v 0.319938 -0.059400 0.809987
v 0.320134 -0.059400 0.810853
v 0.319897 -0.059400 0.811731
v 0.310850 -0.059400 0.805441
v 0.310850 -0.059400 0.810079
v 0.311988 -0.059400 0.809850
v 0.324751 -0.059400 0.807127
v 0.323069 -0.059400 0.805603
v 0.320559 -0.059400 0.804984
v 0.315507 -0.059400 0.804890
v 0.322224 -0.059400 0.816203
v 0.322224 -0.059500 0.816203
v 0.323339 -0.059400 0.815610
v 0.323339 -0.059500 0.815610
v 0.324472 -0.059400 0.814617
v 0.324472 -0.059500 0.814617
v 0.325420 -0.059400 0.812397
v 0.325420 -0.059500 0.812397
v 0.325438 -0.059400 0.809182
v 0.325438 -0.059500 0.809182
v 0.324751 -0.059400 0.807127
v 0.324751 -0.059500 0.807127
v 0.323069 -0.059400 0.805603
v 0.323069 -0.059500 0.805603
v 0.320559 -0.059400 0.804984
v 0.320559 -0.059500 0.804984
v 0.315507 -0.059400 0.804890
v 0.315507 -0.059500 0.804890
v 0.310850 -0.059400 0.805441
v 0.310850 -0.059500 0.805441
v 0.322224 -0.059500 0.816203
v 0.322224 -0.059400 0.816203
v 0.318595 -0.059500 0.817760
v 0.318595 -0.059400 0.817760
v 0.328701 -0.059400 0.805003
v 0.328701 -0.059500 0.805003
v 0.328701 -0.059400 0.826000
v 0.328701 -0.059500 0.826000
v 0.328701 -0.059400 0.826000
v 0.328701 -0.059500 0.826000
v 0.333951 -0.059400 0.826000
v 0.333951 -0.059500 0.826000
v 0.333951 -0.059500 0.817600
v 0.333951 -0.059400 0.817600
v 0.333951 -0.059500 0.826000
v 0.333951 -0.059400 0.826000
v 0.333951 -0.059400 0.817600
v 0.333951 -0.059500 0.817600
v 0.336010 -0.059400 0.820004
v 0.336010 -0.059500 0.820004
v 0.340076 -0.059400 0.826002
v 0.340076 -0.059500 0.826002
v 0.340076 -0.059400 0.826002
v 0.340076 -0.059500 0.826002
v 0.346200 -0.059400 0.826002
v 0.346200 -0.059500 0.826002
v 0.346200 -0.059400 0.826002
v 0.346200 -0.059500 0.826002
v 0.345610 -0.059400 0.824975
v 0.345610 -0.059500 0.824975
v 0.342240 -0.059400 0.820055
v 0.342240 -0.059500 0.820055
v 0.339200 -0.059400 0.816464
v 0.339200 -0.059500 0.816464
v 0.328701 -0.059500 0.805003
v 0.328701 -0.059400 0.805003
v 0.333951 -0.059500 0.805003
v 0.333951 -0.059400 0.805003
v 0.333951 -0.059500 0.805003
v 0.333951 -0.059400 0.805003
v 0.333951 -0.059500 0.815501
v 0.333951 -0.059400 0.815501
v 0.340250 -0.059400 0.805003
v 0.340250 -0.059500 0.805003
v 0.339190 -0.059400 0.807207
v 0.339190 -0.059500 0.807207
v 0.336111 -0.059400 0.812555
v 0.336111 -0.059500 0.812555
v 0.333951 -0.059400 0.815501
v 0.333951 -0.059500 0.815501
v 0.339200 -0.059400 0.816464
v 0.339200 -0.059500 0.816464
v 0.341674 -0.059400 0.813238
v 0.341674 -0.059500 0.813238
v 0.345450 -0.059400 0.806951
v 0.345450 -0.059500 0.806951
v 0.345450 -0.059400 0.806951
v 0.345450 -0.059500 0.806951
v 0.346087 -0.059400 0.809293
v 0.346087 -0.059500 0.809293
v 0.349663 -0.059400 0.819900
v 0.349663 -0.059500 0.819900
v 0.352324 -0.059400 0.826004
v 0.352324 -0.059500 0.826004
v 0.346376 -0.059500 0.805003
v 0.346376 -0.059400 0.805003
v 0.350574 -0.059500 0.805003
v 0.350574 -0.059400 0.805003
v 0.352565 -0.059400 0.812701
v 0.352565 -0.059500 0.812701
v 0.357683 -0.059400 0.812701
v 0.357683 -0.059500 0.812701
v 0.355123 -0.059500 0.820697
v 0.355123 -0.059400 0.820697
v 0.357683 -0.059500 0.812701
v 0.357683 -0.059400 0.812701
v 0.352565 -0.059500 0.812701
v 0.352565 -0.059400 0.812701
v 0.355123 -0.059500 0.820697
v 0.355123 -0.059400 0.820697
v 0.350574 -0.059500 0.805003
v 0.350574 -0.059400 0.805003
v 0.351417 -0.059500 0.808502
v 0.351417 -0.059400 0.808502
v 0.351417 -0.059500 0.808502
v 0.351417 -0.059400 0.808502
v 0.358831 -0.059500 0.808502
v 0.358831 -0.059400 0.808502
v 0.358831 -0.059500 0.808502
v 0.358831 -0.059400 0.808502
v 0.359674 -0.059500 0.805003
v 0.359674 -0.059400 0.805003
v 0.359674 -0.059500 0.805003
v 0.359674 -0.059400 0.805003
v 0.365274 -0.059500 0.805003
v 0.365274 -0.059400 0.805003
v 0.357924 -0.059400 0.826004
v 0.357924 -0.059500 0.826004
v 0.359764 -0.059400 0.821941
v 0.359764 -0.059500 0.821941
v 0.362859 -0.059400 0.813538
v 0.362859 -0.059500 0.813538
v 0.365274 -0.059400 0.805003
v 0.365274 -0.059500 0.805003
v 0.352324 -0.059400 0.826004
v 0.352324 -0.059500 0.826004
v 0.357924 -0.059400 0.826004
v 0.357924 -0.059500 0.826004
v 0.357924 -0.059400 0.826004
v 0.359764 -0.059400 0.821941
v 0.355123 -0.059400 0.820697
v 0.351417 -0.059400 0.808502
v 0.346087 -0.059400 0.809293
v 0.352565 -0.059400 0.812701
v 0.349663 -0.059400 0.819900
v 0.352324 -0.059400 0.826004
v 0.328701 -0.059400 0.805003
v 0.328701 -0.059400 0.826000
v 0.333951 -0.059400 0.805003
v 0.333951 -0.059400 0.815501
v 0.346376 -0.059400 0.805003
v 0.345450 -0.059400 0.806951
v 0.350574 -0.059400 0.805003
v 0.341674 -0.059400 0.813238
v 0.339200 -0.059400 0.816464
v 0.336111 -0.059400 0.812555
v 0.339190 -0.059400 0.807207
v 0.340250 -0.059400 0.805003
v 0.365274 -0.059400 0.805003
v 0.357683 -0.059400 0.812701
v 0.362859 -0.059400 0.813538
v 0.333951 -0.059400 0.817600
v 0.336010 -0.059400 0.820004
v 0.342240 -0.059400 0.820055
v 0.333951 -0.059400 0.826000
v 0.358831 -0.059400 0.808502
v 0.359674 -0.059400 0.805003
v 0.340076 -0.059400 0.826002
v 0.346200 -0.059400 0.826002
v 0.345610 -0.059400 0.824975
v 0.355123 -0.059500 0.820697
v 0.359764 -0.059500 0.821941
v 0.357924 -0.059500 0.826004
v 0.352324 -0.059500 0.826004
v 0.349663 -0.059500 0.819900
v 0.352565 -0.059500 0.812701
v 0.346087 -0.059500 0.809293
v 0.351417 -0.059500 0.808502
v 0.328701 -0.059500 0.805003
v 0.333951 -0.059500 0.805003
v 0.328701 -0.059500 0.826000
v 0.333951 -0.059500 0.815501
v 0.350574 -0.059500 0.805003
v 0.345450 -0.059500 0.806951
v 0.346376 -0.059500 0.805003
v 0.339200 -0.059500 0.816464
v 0.341674 -0.059500 0.813238
v 0.336111 -0.059500 0.812555
v 0.339190 -0.059500 0.807207
v 0.340250 -0.059500 0.805003
v 0.362859 -0.059500 0.813538
v 0.357683 -0.059500 0.812701
v 0.365274 -0.059500 0.805003
v 0.333951 -0.059500 0.817600
v 0.333951 -0.059500 0.826000
v 0.342240 -0.059500 0.820055
v 0.336010 -0.059500 0.820004
v 0.358831 -0.059500 0.808502
v 0.359674 -0.059500 0.805003
v 0.345610 -0.059500 0.824975
v 0.346200 -0.059500 0.826002
v 0.340076 -0.059500 0.826002
v 0.340250 -0.059500 0.805003
v 0.340250 -0.059400 0.805003
v 0.346376 -0.059500 0.805003
v 0.346376 -0.059400 0.805003
v 0.381375 -0.059500 0.805003
v 0.381375 -0.059400 0.805003
v 0.387150 -0.059500 0.805003
v 0.387150 -0.059400 0.805003
v 0.378487 -0.059500 0.816500
v 0.378487 -0.059400 0.816500
v 0.381375 -0.059500 0.805003
v 0.381375 -0.059400 0.805003
v 0.375599 -0.059500 0.805003
v 0.375599 -0.059400 0.805003
v 0.378487 -0.059500 0.816500
v 0.378487 -0.059400 0.816500
v 0.369825 -0.059500 0.805003
v 0.369825 -0.059400 0.805003
v 0.375599 -0.059500 0.805003
v 0.375599 -0.059400 0.805003
v 0.369825 -0.059400 0.805003
v 0.369825 -0.059500 0.805003
v 0.367180 -0.059400 0.813414
v 0.367180 -0.059500 0.813414
v 0.363875 -0.059400 0.826004
v 0.363875 -0.059500 0.826004
v 0.363875 -0.059400 0.826004
v 0.363875 -0.059500 0.826004
v 0.369475 -0.059400 0.826004
v 0.369475 -0.059500 0.826004
v 0.372644 -0.059500 0.811789
v 0.372644 -0.059400 0.811789
v 0.369475 -0.059500 0.826004
v 0.369475 -0.059400 0.826004
v 0.372644 -0.059400 0.811789
v 0.372644 -0.059500 0.811789
v 0.374087 -0.059400 0.817471
v 0.374087 -0.059500 0.817471
v 0.375950 -0.059400 0.826004
v 0.375950 -0.059500 0.826004
v 0.375950 -0.059400 0.826004
v 0.375950 -0.059500 0.826004
v 0.381025 -0.059400 0.826004
v 0.381025 -0.059500 0.826004
v 0.381025 -0.059400 0.826004
v 0.381025 -0.059500 0.826004
v 0.382234 -0.059400 0.820259
v 0.382234 -0.059500 0.820259
v 0.384331 -0.059400 0.811789
v 0.384331 -0.059500 0.811789
v 0.378487 -0.059500 0.816500
v 0.375950 -0.059500 0.826004
v 0.375599 -0.059500 0.805003
v 0.374087 -0.059500 0.817471
v 0.387500 -0.059500 0.826004
v 0.387150 -0.059500 0.805003
v 0.393100 -0.059500 0.826004
v 0.390946 -0.059500 0.817467
v 0.369475 -0.059500 0.826004
v 0.363875 -0.059500 0.826004
v 0.369825 -0.059500 0.805003
v 0.367180 -0.059500 0.813414
v 0.372644 -0.059500 0.811789
v 0.381025 -0.059500 0.826004
v 0.381375 -0.059500 0.805003
v 0.382234 -0.059500 0.820259
v 0.384331 -0.059500 0.811789
v 0.393100 -0.059400 0.826004
v 0.393100 -0.059500 0.826004
v 0.390946 -0.059400 0.817467
v 0.390946 -0.059500 0.817467
v 0.387150 -0.059400 0.805003
v 0.387150 -0.059500 0.805003
v 0.378487 -0.059400 0.816500
v 0.375599 -0.059400 0.805003
v 0.375950 -0.059400 0.826004
v 0.374087 -0.059400 0.817471
v 0.387500 -0.059400 0.826004
v 0.393100 -0.059400 0.826004
v 0.387150 -0.059400 0.805003
v 0.390946 -0.059400 0.817467
v 0.369475 -0.059400 0.826004
v 0.369825 -0.059400 0.805003
v 0.363875 -0.059400 0.826004
v 0.367180 -0.059400 0.813414
v 0.372644 -0.059400 0.811789
v 0.381025 -0.059400 0.826004
v 0.382234 -0.059400 0.820259
v 0.381375 -0.059400 0.805003
v 0.384331 -0.059400 0.811789
v 0.387500 -0.059400 0.826004
v 0.387500 -0.059500 0.826004
v 0.393100 -0.059400 0.826004
v 0.393100 -0.059500 0.826004
v 0.387500 -0.059500 0.826004
v 0.387500 -0.059400 0.826004
v 0.384331 -0.059500 0.811789
v 0.384331 -0.059400 0.811789
v 0.399290 -0.059400 0.812701
v 0.399290 -0.059500 0.812701
v 0.404409 -0.059400 0.812701
v 0.404409 -0.059500 0.812701
v 0.401849 -0.059500 0.820697
v 0.401849 -0.059400 0.820697
v 0.404409 -0.059500 0.812701
v 0.404409 -0.059400 0.812701
v 0.399290 -0.059500 0.812701
v 0.399290 -0.059400 0.812701
v 0.401849 -0.059500 0.820697
v 0.401849 -0.059400 0.820697
v 0.405556 -0.059500 0.808502
v 0.404409 -0.059500 0.812701
v 0.398142 -0.059500 0.808502
v 0.399290 -0.059500 0.812701
v 0.392813 -0.059500 0.809293
v 0.404650 -0.059500 0.826004
v 0.399050 -0.059500 0.826004
v 0.401849 -0.059500 0.820697
v 0.396389 -0.059500 0.819900
v 0.397299 -0.059500 0.805003
v 0.391699 -0.059500 0.805003
v 0.409585 -0.059500 0.813538
v 0.406490 -0.059500 0.821941
v 0.412000 -0.059500 0.805003
v 0.406400 -0.059500 0.805003
v 0.405556 -0.059500 0.808502
v 0.405556 -0.059400 0.808502
v 0.406400 -0.059500 0.805003
v 0.406400 -0.059400 0.805003
v 0.398142 -0.059500 0.808502
v 0.398142 -0.059400 0.808502
v 0.405556 -0.059500 0.808502
v 0.405556 -0.059400 0.808502
v 0.397299 -0.059500 0.805003
v 0.397299 -0.059400 0.805003
v 0.398142 -0.059500 0.808502
v 0.398142 -0.059400 0.808502
v 0.391699 -0.059500 0.805003
v 0.391699 -0.059400 0.805003
v 0.397299 -0.059500 0.805003
v 0.397299 -0.059400 0.805003
v 0.392813 -0.059400 0.809293
v 0.399290 -0.059400 0.812701
v 0.398142 -0.059400 0.808502
v 0.404409 -0.059400 0.812701
v 0.405556 -0.059400 0.808502
v 0.404650 -0.059400 0.826004
v 0.401849 -0.059400 0.820697
v 0.399050 -0.059400 0.826004
v 0.396389 -0.059400 0.819900
v 0.397299 -0.059400 0.805003
v 0.391699 -0.059400 0.805003
v 0.406490 -0.059400 0.821941
v 0.409585 -0.059400 0.813538
v 0.412000 -0.059400 0.805003
v 0.406400 -0.059400 0.805003
v 0.406400 -0.059500 0.805003
v 0.406400 -0.059400 0.805003
v 0.412000 -0.059500 0.805003
v 0.412000 -0.059400 0.805003
v 0.404650 -0.059400 0.826004
v 0.404650 -0.059500 0.826004
v 0.406490 -0.059400 0.821941
v 0.406490 -0.059500 0.821941
v 0.409585 -0.059400 0.813538
v 0.409585 -0.059500 0.813538
v 0.412000 -0.059400 0.805003
v 0.412000 -0.059500 0.805003
v 0.399050 -0.059400 0.826004
v 0.399050 -0.059500 0.826004
v 0.404650 -0.059400 0.826004
v 0.404650 -0.059500 0.826004
vn -0.970595 0.032048 0.238574
vn -0.970595 0.032048 0.238574
vn -0.970595 0.032048 0.238574
vn -0.970595 0.032048 0.238574
vn -0.937544 0.022224 0.347157
vn -0.937544 0.022224 0.347157
vn -0.858258 0.008309 0.513151
vn -0.858258 0.008309 0.513151
vn 0.999227 -0.035193 0.017499
vn 0.999227 -0.035193 0.017499
vn 0.999227 -0.035193 0.017499
vn 0.999227 -0.035193 0.017499
vn 0.002412 -0.022605 -0.999742
vn 0.002412 -0.022605 -0.999742
vn 0.002412 -0.022605 -0.999742
vn 0.002412 -0.022605 -0.999742
vn -0.998566 0.050977 0.016334
vn -0.998566 0.050977 0.016334
vn -0.998566 0.050977 0.016334
vn -0.998566 0.050977 0.016334
vn -0.798010 -0.001414 -0.602642
vn -0.798010 -0.001414 -0.602642
vn -0.798010 -0.001414 -0.602642
vn -0.798010 -0.001414 -0.602642
vn -0.921787 -0.024970 -0.386892
vn -0.921787 -0.024970 -0.386892
vn -0.921787 -0.024970 -0.386892
vn -0.921787 -0.024970 -0.386892
vn -0.028187 0.054287 0.998127
vn -0.028187 0.054287 0.998127
vn -0.028187 0.054287 0.998127
vn -0.028187 0.054287 0.998127
vn 0.943723 0.020530 0.330099
vn 0.943723 0.020530 0.330099
vn 0.943723 0.020530 0.330099
vn 0.943723 0.020530 0.330099
vn 0.854583 0.015769 0.519075
vn 0.854583 0.015769 0.519075
vn 0.032702 -0.999134 -0.025720
vn 0.032702 -0.999134 -0.025720
vn 0.032702 -0.999134 -0.025720
vn 0.032702 -0.999134 -0.025720
vn 0.032702 -0.999134 -0.025720
vn 0.032702 -0.999134 -0.025720
vn 0.032702 -0.999134 -0.025720
vn 0.032702 -0.999134 -0.025720
vn 0.032702 -0.999134 -0.025720
vn 0.032702 -0.999134 -0.025720
vn 0.032702 -0.999134 -0.025720
vn 0.032702 -0.999134 -0.025720
vn 0.032702 -0.999134 -0.025720
vn 0.032702 -0.999134 -0.025720
vn 0.032702 -0.999134 -0.025720
vn 0.920601 -0.026984 -0.389570
vn 0.920601 -0.026984 -0.389570
vn 0.874247 0.039799 -0.483847
vn 0.874247 0.039799 -0.483847
vn 0.817416 -0.001899 -0.576045
vn 0.817416 -0.001899 -0.576045
vn 0.749635 -0.043815 -0.660399
vn 0.749635 -0.043815 -0.660399
vn 0.050860 0.997636 0.046216
vn 0.050860 0.997636 0.046216
vn 0.050860 0.997636 0.046216
vn 0.050860 0.997636 0.046216
vn 0.050860 0.997636 0.046216
vn 0.050860 0.997636 0.046216
vn 0.050860 0.997636 0.046216
vn 0.050860 0.997636 0.046216
vn 0.050860 0.997636 0.046216
vn 0.050860 0.997636 0.046216
vn 0.050860 0.997636 0.046216
vn 0.050860 0.997636 0.046216
vn 0.050860 0.997636 0.046216
vn 0.050860 0.997636 0.046216
vn 0.050860 0.997636 0.046216
vn -0.028187 0.054287 0.998127
vn -0.028187 0.054287 0.998127
vn -0.028187 0.054287 0.998127
vn -0.028187 0.054287 0.998127
vn -0.858258 0.008309 0.513151
vn -0.858258 0.008309 0.513151
vn -0.858258 0.008309 0.513151
vn -0.858258 0.008309 0.513151
vn -0.937544 0.022224 0.347157
vn -0.937544 0.022224 0.347157
vn -0.028187 0.054287 0.998127
vn -0.028187 0.054287 0.998127
vn -0.028187 0.054287 0.998127
vn -0.028187 0.054287 0.998127
vn -0.961321 -0.034872 -0.273214
vn -0.961321 -0.034872 -0.273214
vn -0.961321 -0.034872 -0.273214
vn -0.961321 -0.034872 -0.273214
vn 0.957090 0.026866 -0.288544
vn 0.957090 0.026866 -0.288544
vn 0.957090 0.026866 -0.288544
vn 0.957090 0.026866 -0.288544
vn 0.032702 -0.999134 -0.025720
vn 0.032702 -0.999134 -0.025720
vn 0.032702 -0.999134 -0.025720
vn 0.032702 -0.999134 -0.025720
vn 0.032702 -0.999134 -0.025720
vn 0.032702 -0.999134 -0.025720
vn 0.032702 -0.999134 -0.025720
vn 0.032702 -0.999134 -0.025720
vn 0.032702 -0.999134 -0.025720
vn 0.032702 -0.999134 -0.025720
vn 0.032702 -0.999134 -0.025720
vn 0.032702 -0.999134 -0.025720
vn 0.032702 -0.999134 -0.025720
vn 0.032702 -0.999134 -0.025720
vn 0.032702 -0.999134 -0.025720
vn -0.961321 -0.034872 -0.273214
vn -0.961321 -0.034872 -0.273214
vn -0.986381 -0.043410 -0.158647
vn -0.986381 -0.043410 -0.158647
vn 0.002412 -0.022605 -0.999742
vn 0.002412 -0.022605 -0.999742
vn 0.002412 -0.022605 -0.999742
vn 0.002412 -0.022605 -0.999742
vn 0.957090 0.026866 -0.288544
vn 0.957090 0.026866 -0.288544
vn 0.957090 0.026866 -0.288544
vn 0.957090 0.026866 -0.288544
vn 0.002412 -0.022605 -0.999742
vn 0.002412 -0.022605 -0.999742
vn 0.002412 -0.022605 -0.999742
vn 0.002412 -0.022605 -0.999742
vn 0.050860 0.997636 0.046216
vn 0.050860 0.997636 0.046216
vn 0.050860 0.997636 0.046216
vn 0.050860 0.997636 0.046216
vn 0.050860 0.997636 0.046216
vn 0.050860 0.997636 0.046216
vn 0.050860 0.997636 0.046216
vn 0.050860 0.997636 0.046216
vn 0.050860 0.997636 0.046216
vn 0.050860 0.997636 0.046216
vn 0.050860 0.997636 0.046216
vn 0.050860 0.997636 0.046216
vn 0.050860 0.997636 0.046216
vn 0.050860 0.997636 0.046216
vn 0.050860 0.997636 0.046216
vn 0.002412 -0.022605 -0.999742
vn 0.002412 -0.022605 -0.999742
vn 0.002412 -0.022605 -0.999742
vn 0.002412 -0.022605 -0.999742
vn 0.904011 -0.039612 0.425670
vn 0.904011 -0.039612 0.425670
vn 0.943723 0.020530 0.330099
vn 0.943723 0.020530 0.330099
vn 0.943723 0.020530 0.330099
vn 0.943723 0.020530 0.330099
vn 0.973379 -0.034544 0.226582
vn 0.973379 -0.034544 0.226582
vn -0.028187 0.054287 0.998127
vn -0.028187 0.054287 0.998127
vn -0.028187 0.054287 0.998127
vn -0.028187 0.054287 0.998127
vn -0.970595 0.032048 0.238574
vn -0.970595 0.032048 0.238574
vn -0.970595 0.032048 0.238574
vn -0.970595 0.032048 0.238574
vn -0.937544 0.022224 0.347157
vn -0.937544 0.022224 0.347157
vn -0.858258 0.008309 0.513151
vn -0.858258 0.008309 0.513151
vn 0.279488 0.030245 0.959673
vn 0.279488 0.030245 0.959673
vn 0.188031 -0.041844 0.981271
vn 0.188031 -0.041844 0.981271
vn 0.080295 0.008701 0.996733
vn 0.080295 0.008701 0.996733
vn -0.230310 0.025114 0.972793
vn -0.230310 0.025114 0.972793
vn -0.858258 0.008309 0.513151
vn -0.858258 0.008309 0.513151
vn -0.998566 0.050977 0.016334
vn -0.998566 0.050977 0.016334
vn -0.798010 -0.001414 -0.602642
vn -0.798010 -0.001414 -0.602642
vn -0.524164 0.030763 -0.851062
vn -0.524164 0.030763 -0.851062
vn -0.417376 0.040149 -0.907847
vn -0.417376 0.040149 -0.907847
vn -0.417376 0.040149 -0.907847
vn -0.417376 0.040149 -0.907847
vn -0.417376 0.040149 -0.907847
vn -0.417376 0.040149 -0.907847
vn -0.417376 0.040149 -0.907847
vn -0.417376 0.040149 -0.907847
vn -0.716215 0.011700 -0.697782
vn -0.716215 0.011700 -0.697782
vn -0.867412 -0.013388 -0.497410
vn -0.867412 -0.013388 -0.497410
vn -0.986381 -0.043410 -0.158647
vn -0.986381 -0.043410 -0.158647
vn -0.998566 0.050977 0.016334
vn -0.998566 0.050977 0.016334
vn -0.998566 0.050977 0.016334
vn -0.998566 0.050977 0.016334
vn -0.998566 0.050977 0.016334
vn -0.998566 0.050977 0.016334
vn -0.998566 0.050977 0.016334
vn -0.998566 0.050977 0.016334
vn -0.990849 0.041757 0.128353
vn -0.990849 0.041757 0.128353
vn -0.858258 0.008309 0.513151
vn -0.858258 0.008309 0.513151
vn -0.422867 0.032674 0.905603
vn -0.422867 0.032674 0.905603
vn -0.124931 -0.020305 0.991958
vn -0.124931 -0.020305 0.991958
vn 0.080295 0.008701 0.996733
vn 0.080295 0.008701 0.996733
vn 0.279488 0.030245 0.959673
vn 0.279488 0.030245 0.959673
vn 0.996171 0.023858 -0.084114
vn 0.996171 0.023858 -0.084114
vn 0.996171 0.023858 -0.084114
vn 0.996171 0.023858 -0.084114
vn -0.243651 -0.046384 -0.968753
vn -0.243651 -0.046384 -0.968753
vn -0.243651 -0.046384 -0.968753
vn -0.189012 0.059111 -0.980194
vn 0.002412 -0.022605 -0.999742
vn 0.002412 -0.022605 -0.999742
vn 0.231093 -0.024702 -0.972618
vn 0.231093 -0.024702 -0.972618
vn 0.981187 -0.034313 -0.189988
vn 0.981187 -0.034313 -0.189988
vn 0.854583 0.015769 0.519075
vn 0.854583 0.015769 0.519075
vn 0.563920 0.014957 0.825694
vn 0.563920 0.014957 0.825694
vn 0.382004 -0.017522 0.923995
vn 0.382004 -0.017522 0.923995
vn 0.032702 -0.999134 -0.025720
vn 0.032702 -0.999134 -0.025720
vn 0.032702 -0.999134 -0.025720
vn 0.032702 -0.999134 -0.025720
vn 0.032702 -0.999134 -0.025720
vn 0.032702 -0.999134 -0.025720
vn 0.032702 -0.999134 -0.025720
vn 0.032702 -0.999134 -0.025720
vn 0.032702 -0.999134 -0.025720
vn 0.032702 -0.999134 -0.025720
vn 0.032702 -0.999134 -0.025720
vn 0.032702 -0.999134 -0.025720
vn 0.032702 -0.999134 -0.025720
vn 0.032702 -0.999134 -0.025720
vn 0.032702 -0.999134 -0.025720
vn 0.032702 -0.999134 -0.025720
vn 0.032702 -0.999134 -0.025720
vn 0.032702 -0.999134 -0.025720
vn 0.032702 -0.999134 -0.025720
vn 0.032702 -0.999134 -0.025720
vn 0.032702 -0.999134 -0.025720
vn 0.032702 -0.999134 -0.025720
vn 0.032702 -0.999134 -0.025720
vn 0.032702 -0.999134 -0.025720
vn 0.032702 -0.999134 -0.025720
vn 0.032702 -0.999134 -0.025720
vn 0.032702 -0.999134 -0.025720
vn 0.032702 -0.999134 -0.025720
vn 0.032702 -0.999134 -0.025720
vn 0.032702 -0.999134 -0.025720
vn 0.032702 -0.999134 -0.025720
vn 0.032702 -0.999134 -0.025720
vn 0.032702 -0.999134 -0.025720
vn 0.032702 -0.999134 -0.025720
vn 0.032702 -0.999134 -0.025720
vn 0.032702 -0.999134 -0.025720
vn 0.032702 -0.999134 -0.025720
vn 0.032702 -0.999134 -0.025720
vn 0.032702 -0.999134 -0.025720
vn -0.998566 0.050977 0.016334
vn -0.998566 0.050977 0.016334
vn -0.998566 0.050977 0.016334
vn -0.998566 0.050977 0.016334
vn 0.050860 0.997636 0.046216
vn 0.050860 0.997636 0.046216
vn 0.050860 0.997636 0.046216
vn 0.050860 0.997636 0.046216
vn 0.050860 0.997636 0.046216
vn 0.050860 0.997636 0.046216
vn 0.050860 0.997636 0.046216
vn 0.050860 0.997636 0.046216
vn 0.050860 0.997636 0.046216
vn 0.050860 0.997636 0.046216
vn 0.050860 0.997636 0.046216
vn 0.050860 0.997636 0.046216
vn 0.050860 0.997636 0.046216
vn 0.050860 0.997636 0.046216
vn 0.050860 0.997636 0.046216
vn 0.050860 0.997636 0.046216
vn 0.050860 0.997636 0.046216
vn 0.050860 0.997636 0.046216
vn 0.050860 0.997636 0.046216
vn 0.050860 0.997636 0.046216
vn 0.050860 0.997636 0.046216
vn 0.050860 0.997636 0.046216
vn 0.050860 0.997636 0.046216
vn 0.050860 0.997636 0.046216
vn 0.050860 0.997636 0.046216
vn 0.050860 0.997636 0.046216
vn 0.050860 0.997636 0.046216
vn 0.050860 0.997636 0.046216
vn 0.050860 0.997636 0.046216
vn 0.050860 0.997636 0.046216
vn 0.050860 0.997636 0.046216
vn 0.050860 0.997636 0.046216
vn 0.050860 0.997636 0.046216
vn 0.050860 0.997636 0.046216
vn 0.050860 0.997636 0.046216
vn 0.050860 0.997636 0.046216
vn 0.050860 0.997636 0.046216
vn 0.050860 0.997636 0.046216
vn 0.050860 0.997636 0.046216
vn 0.382004 -0.017522 0.923995
vn 0.382004 -0.017522 0.923995
vn 0.563920 0.014957 0.825694
vn 0.563920 0.014957 0.825694
vn 0.796037 -0.044470 0.603612
vn 0.796037 -0.044470 0.603612
vn 0.991960 0.023375 0.124375
vn 0.991960 0.023375 0.124375
vn 0.981187 -0.034313 -0.189988
vn 0.981187 -0.034313 -0.189988
vn 0.874247 0.039799 -0.483847
vn 0.874247 0.039799 -0.483847
vn 0.414435 -0.022147 -0.909809
vn 0.414435 -0.022147 -0.909809
vn 0.120339 -0.018657 -0.992558
vn 0.120339 -0.018657 -0.992558
vn -0.123876 -0.035666 -0.991656
vn -0.123876 -0.035666 -0.991656
vn -0.243651 -0.046384 -0.968753
vn -0.243651 -0.046384 -0.968753
vn 0.382004 -0.017522 0.923995
vn 0.382004 -0.017522 0.923995
vn 0.382004 -0.017522 0.923995
vn 0.382004 -0.017522 0.923995
vn -0.998566 0.050977 0.016334
vn -0.998566 0.050977 0.016334
vn -0.998566 0.050977 0.016334
vn -0.998566 0.050977 0.016334
vn -0.028187 0.054287 0.998127
vn -0.028187 0.054287 0.998127
vn -0.028187 0.054287 0.998127
vn -0.028187 0.054287 0.998127
vn 0.999227 -0.035193 0.017499
vn 0.999227 -0.035193 0.017499
vn 0.999227 -0.035193 0.017499
vn 0.999227 -0.035193 0.017499
vn -0.662957 -0.008192 0.748613
vn -0.662957 -0.008192 0.748613
vn -0.797694 0.001193 0.603061
vn -0.797694 0.001193 0.603061
vn -0.858258 0.008309 0.513151
vn -0.858258 0.008309 0.513151
vn -0.028187 0.054287 0.998127
vn -0.028187 0.054287 0.998127
vn -0.028187 0.054287 0.998127
vn -0.028187 0.054287 0.998127
vn 0.874247 0.039799 -0.483847
vn 0.874247 0.039799 -0.483847
vn 0.874247 0.039799 -0.483847
vn 0.874247 0.039799 -0.483847
vn 0.749635 -0.043815 -0.660399
vn 0.749635 -0.043815 -0.660399
vn 0.676270 0.023987 -0.736263
vn 0.676270 0.023987 -0.736263
vn 0.002412 -0.022605 -0.999742
vn 0.002412 -0.022605 -0.999742
vn 0.002412 -0.022605 -0.999742
vn 0.002412 -0.022605 -0.999742
vn 0.999227 -0.035193 0.017499
vn 0.999227 -0.035193 0.017499
vn 0.999227 -0.035193 0.017499
vn 0.999227 -0.035193 0.017499
vn -0.921787 -0.024970 -0.386892
vn -0.921787 -0.024970 -0.386892
vn -0.921787 -0.024970 -0.386892
vn -0.921787 -0.024970 -0.386892
vn -0.867412 -0.013388 -0.497410
vn -0.867412 -0.013388 -0.497410
vn -0.798010 -0.001414 -0.602642
vn -0.798010 -0.001414 -0.602642
vn 0.725085 0.017992 0.688424
vn 0.725085 0.017992 0.688424
vn 0.854583 0.015769 0.519075
vn 0.854583 0.015769 0.519075
vn 0.904011 -0.039612 0.425670
vn 0.904011 -0.039612 0.425670
vn -0.970595 0.032048 0.238574
vn -0.970595 0.032048 0.238574
vn -0.970595 0.032048 0.238574
vn -0.970595 0.032048 0.238574
vn -0.937544 0.022224 0.347157
vn -0.937544 0.022224 0.347157
vn -0.858258 0.008309 0.513151
vn -0.858258 0.008309 0.513151
vn 0.002412 -0.022605 -0.999742
vn 0.002412 -0.022605 -0.999742
vn 0.002412 -0.022605 -0.999742
vn 0.002412 -0.022605 -0.999742
vn -0.028187 0.054287 0.998127
vn -0.028187 0.054287 0.998127
vn -0.028187 0.054287 0.998127
vn -0.028187 0.054287 0.998127
vn -0.961321 -0.034872 -0.273214
vn -0.961321 -0.034872 -0.273214
vn -0.961321 -0.034872 -0.273214
vn -0.961321 -0.034872 -0.273214
vn 0.957090 0.026866 -0.288544
vn 0.957090 0.026866 -0.288544
vn 0.957090 0.026866 -0.288544
vn 0.957090 0.026866 -0.288544
vn 0.957090 0.026866 -0.288544
vn 0.957090 0.026866 -0.288544
vn 0.957090 0.026866 -0.288544
vn 0.957090 0.026866 -0.288544
vn 0.002412 -0.022605 -0.999742
vn 0.002412 -0.022605 -0.999742
vn 0.002412 -0.022605 -0.999742
vn 0.002412 -0.022605 -0.999742
vn -0.961321 -0.034872 -0.273214
vn -0.961321 -0.034872 -0.273214
vn -0.986381 -0.043410 -0.158647
vn -0.986381 -0.043410 -0.158647
vn 0.002412 -0.022605 -0.999742
vn 0.002412 -0.022605 -0.999742
vn 0.002412 -0.022605 -0.999742
vn 0.002412 -0.022605 -0.999742
vn 0.904011 -0.039612 0.425670
vn 0.904011 -0.039612 0.425670
vn 0.943723 0.020530 0.330099
vn 0.943723 0.020530 0.330099
vn 0.943723 0.020530 0.330099
vn 0.943723 0.020530 0.330099
vn 0.973379 -0.034544 0.226582
vn 0.973379 -0.034544 0.226582
vn -0.028187 0.054287 0.998127
vn -0.028187 0.054287 0.998127
vn -0.028187 0.054287 0.998127
vn -0.028187 0.054287 0.998127
vn 0.050860 0.997636 0.046216
vn 0.050860 0.997636 0.046216
vn 0.050860 0.997636 0.046216
vn 0.050860 0.997636 0.046216
vn 0.050860 0.997636 0.046216
vn 0.050860 0.997636 0.046216
vn 0.050860 0.997636 0.046216
vn 0.050860 0.997636 0.046216
vn 0.050860 0.997636 0.046216
vn 0.050860 0.997636 0.046216
vn 0.050860 0.997636 0.046216
vn 0.050860 0.997636 0.046216
vn 0.050860 0.997636 0.046216
vn 0.050860 0.997636 0.046216
vn 0.050860 0.997636 0.046216
vn 0.050860 0.997636 0.046216
vn 0.050860 0.997636 0.046216
vn 0.050860 0.997636 0.046216
vn 0.050860 0.997636 0.046216
vn 0.050860 0.997636 0.046216
vn 0.050860 0.997636 0.046216
vn 0.050860 0.997636 0.046216
vn 0.050860 0.997636 0.046216
vn 0.050860 0.997636 0.046216
vn 0.050860 0.997636 0.046216
vn 0.050860 0.997636 0.046216
vn 0.050860 0.997636 0.046216
vn 0.050860 0.997636 0.046216
vn 0.050860 0.997636 0.046216
vn 0.050860 0.997636 0.046216
vn 0.050860 0.997636 0.046216
vn 0.050860 0.997636 0.046216
vn 0.032702 -0.999134 -0.025720
vn 0.032702 -0.999134 -0.025720
vn 0.032702 -0.999134 -0.025720
vn 0.032702 -0.999134 -0.025720
vn 0.032702 -0.999134 -0.025720
vn 0.032702 -0.999134 -0.025720
vn 0.032702 -0.999134 -0.025720
vn 0.032702 -0.999134 -0.025720
vn 0.032702 -0.999134 -0.025720
vn 0.032702 -0.999134 -0.025720
vn 0.032702 -0.999134 -0.025720
vn 0.032702 -0.999134 -0.025720
vn 0.032702 -0.999134 -0.025720
vn 0.032702 -0.999134 -0.025720
vn 0.032702 -0.999134 -0.025720
vn 0.032702 -0.999134 -0.025720
vn 0.032702 -0.999134 -0.025720
vn 0.032702 -0.999134 -0.025720
vn 0.032702 -0.999134 -0.025720
vn 0.032702 -0.999134 -0.025720
vn 0.032702 -0.999134 -0.025720
vn 0.032702 -0.999134 -0.025720
vn 0.032702 -0.999134 -0.025720
vn 0.032702 -0.999134 -0.025720
vn 0.032702 -0.999134 -0.025720
vn 0.032702 -0.999134 -0.025720
vn 0.032702 -0.999134 -0.025720
vn 0.032702 -0.999134 -0.025720
vn 0.032702 -0.999134 -0.025720
vn 0.032702 -0.999134 -0.025720
vn 0.032702 -0.999134 -0.025720
vn 0.032702 -0.999134 -0.025720
vn 0.002412 -0.022605 -0.999742
vn 0.002412 -0.022605 -0.999742
vn 0.002412 -0.022605 -0.999742
vn 0.002412 -0.022605 -0.999742
vn 0.002412 -0.022605 -0.999742
vn 0.002412 -0.022605 -0.999742
vn 0.002412 -0.022605 -0.999742
vn 0.002412 -0.022605 -0.999742
vn -0.986381 -0.043410 -0.158647
vn -0.986381 -0.043410 -0.158647
vn -0.961321 -0.034872 -0.273214
vn -0.961321 -0.034872 -0.273214
vn 0.957090 0.026866 -0.288544
vn 0.957090 0.026866 -0.288544
vn 0.957090 0.026866 -0.288544
vn 0.957090 0.026866 -0.288544
vn 0.002412 -0.022605 -0.999742
vn 0.002412 -0.022605 -0.999742
vn 0.002412 -0.022605 -0.999742
vn 0.002412 -0.022605 -0.999742
vn -0.961321 -0.034872 -0.273214
vn -0.961321 -0.034872 -0.273214
vn -0.961321 -0.034872 -0.273214
vn -0.961321 -0.034872 -0.273214
vn -0.986381 -0.043410 -0.158647
vn -0.986381 -0.043410 -0.158647
vn -0.028187 0.054287 0.998127
vn -0.028187 0.054287 0.998127
vn -0.028187 0.054287 0.998127
vn -0.028187 0.054287 0.998127
vn 0.973379 -0.034544 0.226582
vn 0.973379 -0.034544 0.226582
vn 0.991960 0.023375 0.124375
vn 0.991960 0.023375 0.124375
vn -0.970595 0.032048 0.238574
vn -0.970595 0.032048 0.238574
vn -0.970595 0.032048 0.238574
vn -0.970595 0.032048 0.238574
vn -0.970595 0.032048 0.238574
vn -0.970595 0.032048 0.238574
vn -0.028187 0.054287 0.998127
vn -0.028187 0.054287 0.998127
vn -0.028187 0.054287 0.998127
vn -0.028187 0.054287 0.998127
vn 0.991960 0.023375 0.124375
vn 0.991960 0.023375 0.124375
vn 0.973379 -0.034544 0.226582
vn 0.973379 -0.034544 0.226582
vn 0.973379 -0.034544 0.226582
vn 0.973379 -0.034544 0.226582
vn 0.032702 -0.999134 -0.025720
vn 0.032702 -0.999134 -0.025720
vn 0.032702 -0.999134 -0.025720
vn 0.032702 -0.999134 -0.025720
vn 0.032702 -0.999134 -0.025720
vn 0.032702 -0.999134 -0.025720
vn 0.032702 -0.999134 -0.025720
vn 0.032702 -0.999134 -0.025720
vn 0.032702 -0.999134 -0.025720
vn 0.032702 -0.999134 -0.025720
vn 0.032702 -0.999134 -0.025720
vn 0.032702 -0.999134 -0.025720
vn 0.032702 -0.999134 -0.025720
vn 0.032702 -0.999134 -0.025720
vn 0.032702 -0.999134 -0.025720
vn 0.032702 -0.999134 -0.025720
vn 0.032702 -0.999134 -0.025720
vn 0.957090 0.026866 -0.288544
vn 0.957090 0.026866 -0.288544
vn 0.957090 0.026866 -0.288544
vn 0.957090 0.026866 -0.288544
vn 0.957090 0.026866 -0.288544
vn 0.957090 0.026866 -0.288544
vn 0.050860 0.997636 0.046216
vn 0.050860 0.997636 0.046216
vn 0.050860 0.997636 0.046216
vn 0.050860 0.997636 0.046216
vn 0.050860 0.997636 0.046216
vn 0.050860 0.997636 0.046216
vn 0.050860 0.997636 0.046216
vn 0.050860 0.997636 0.046216
vn 0.050860 0.997636 0.046216
vn 0.050860 0.997636 0.046216
vn 0.050860 0.997636 0.046216
vn 0.050860 0.997636 0.046216
vn 0.050860 0.997636 0.046216
vn 0.050860 0.997636 0.046216
vn 0.050860 0.997636 0.046216
vn 0.050860 0.997636 0.046216
vn 0.050860 0.997636 0.046216
vn -0.028187 0.054287 0.998127
vn -0.028187 0.054287 0.998127
vn -0.028187 0.054287 0.998127
vn -0.028187 0.054287 0.998127
vn -0.970595 0.032048 0.238574
vn -0.970595 0.032048 0.238574
vn -0.970595 0.032048 0.238574
vn -0.970595 0.032048 0.238574
vn -0.028187 0.054287 0.998127
vn -0.028187 0.054287 0.998127
vn -0.028187 0.054287 0.998127
vn -0.028187 0.054287 0.998127
vn -0.961321 -0.034872 -0.273214
vn -0.961321 -0.034872 -0.273214
vn -0.961321 -0.034872 -0.273214
vn -0.961321 -0.034872 -0.273214
vn 0.957090 0.026866 -0.288544
vn 0.957090 0.026866 -0.288544
vn 0.957090 0.026866 -0.288544
vn 0.957090 0.026866 -0.288544
vn 0.032702 -0.999134 -0.025720
vn 0.032702 -0.999134 -0.025720
vn 0.032702 -0.999134 -0.025720
vn 0.032702 -0.999134 -0.025720
vn 0.032702 -0.999134 -0.025720
vn 0.032702 -0.999134 -0.025720
vn 0.032702 -0.999134 -0.025720
vn 0.032702 -0.999134 -0.025720
vn 0.032702 -0.999134 -0.025720
vn 0.032702 -0.999134 -0.025720
vn 0.032702 -0.999134 -0.025720
vn 0.032702 -0.999134 -0.025720
vn 0.032702 -0.999134 -0.025720
vn 0.032702 -0.999134 -0.025720
vn 0.032702 -0.999134 -0.025720
vn -0.961321 -0.034872 -0.273214
vn -0.961321 -0.034872 -0.273214
vn -0.986381 -0.043410 -0.158647
vn -0.986381 -0.043410 -0.158647
vn 0.002412 -0.022605 -0.999742
vn 0.002412 -0.022605 -0.999742
vn 0.002412 -0.022605 -0.999742
vn 0.002412 -0.022605 -0.999742
vn 0.957090 0.026866 -0.288544
vn 0.957090 0.026866 -0.288544
vn 0.957090 0.026866 -0.288544
vn 0.957090 0.026866 -0.288544
vn 0.002412 -0.022605 -0.999742
vn 0.002412 -0.022605 -0.999742
vn 0.002412 -0.022605 -0.999742
vn 0.002412 -0.022605 -0.999742
vn 0.050860 0.997636 0.046216
vn 0.050860 0.997636 0.046216
vn 0.050860 0.997636 0.046216
vn 0.050860 0.997636 0.046216
vn 0.050860 0.997636 0.046216
vn 0.050860 0.997636 0.046216
vn 0.050860 0.997636 0.046216
vn 0.050860 0.997636 0.046216
vn 0.050860 0.997636 0.046216
vn 0.050860 0.997636 0.046216
vn 0.050860 0.997636 0.046216
vn 0.050860 0.997636 0.046216
vn 0.050860 0.997636 0.046216
vn 0.050860 0.997636 0.046216
vn 0.050860 0.997636 0.046216
vn 0.002412 -0.022605 -0.999742
vn 0.002412 -0.022605 -0.999742
vn 0.002412 -0.022605 -0.999742
vn 0.002412 -0.022605 -0.999742
vn 0.904011 -0.039612 0.425670
vn 0.904011 -0.039612 0.425670
vn 0.943723 0.020530 0.330099
vn 0.943723 0.020530 0.330099
vn 0.943723 0.020530 0.330099
vn 0.943723 0.020530 0.330099
vn 0.973379 -0.034544 0.226582
vn 0.973379 -0.034544 0.226582
vn -0.028187 0.054287 0.998127
vn -0.028187 0.054287 0.998127
vn -0.028187 0.054287 0.998127
vn -0.028187 0.054287 0.998127
f -281//-281 -282//-282 -283//-283
f -283//-283 -282//-282 -284//-284
f -283//-283 -284//-284 -285//-285
f -285//-285 -284//-284 -286//-286
f -285//-285 -286//-286 -287//-287
f -287//-287 -286//-286 -288//-288
f -622//-622 -609//-609 -620//-620
f -547//-547 -549//-549 -554//-554
f -111//-111 -112//-112 -113//-113
f -115//-115 -116//-116 -117//-117
f -92//-92 -93//-93 -94//-94
f -226//-226 -228//-228 -227//-227
f -583//-583 -579//-579 -578//-578
f -551//-551 -553//-553 -552//-552
f -48//-48 -49//-49 -62//-62
f -408//-408 -414//-414 -409//-409
f -378//-378 -379//-379 -381//-381
f -389//-389 -377//-377 -391//-391
f -369//-369 -371//-371 -370//-370
f -182//-182 -177//-177 -176//-176
f -183//-183 -184//-184 -204//-204
f -197//-197 -177//-177 -199//-199
f -208//-208 -209//-209 -216//-216
f -206//-206 -212//-212 -207//-207
f -1//-1 -2//-2 -3//-3
f -3//-3 -2//-2 -4//-4
f -673//-673 -674//-674 -675//-675
f -675//-675 -674//-674 -676//-676
f -669//-669 -670//-670 -671//-671
f -671//-671 -670//-670 -672//-672
f -665//-665 -666//-666 -667//-667
f -667//-667 -666//-666 -668//-668
f -653//-653 -654//-654 -655//-655
f -655//-655 -654//-654 -656//-656
f -40//-40 -41//-41 -42//-42
f -42//-42 -41//-41 -43//-43
f -36//-36 -37//-37 -38//-38
f -38//-38 -37//-37 -39//-39
f -32//-32 -33//-33 -34//-34
f -34//-34 -33//-33 -35//-35
f -621//-621 -613//-613 -623//-623
f -623//-623 -613//-613 -614//-614
f -13//-13 -14//-14 -15//-15
f -15//-15 -14//-14 -16//-16
f -595//-595 -596//-596 -597//-597
f -597//-597 -596//-596 -598//-598
f -587//-587 -588//-588 -589//-589
f -589//-589 -588//-588 -590//-590
f -591//-591 -592//-592 -593//-593
f -593//-593 -592//-592 -594//-594
f -620//-620 -609//-609 -611//-611
f -611//-611 -609//-609 -610//-610
f -611//-611 -610//-610 -612//-612
f -605//-605 -606//-606 -607//-607
f -607//-607 -606//-606 -608//-608
f -556//-556 -557//-557 -558//-558
f -558//-558 -557//-557 -559//-559
f -560//-560 -561//-561 -562//-562
f -562//-562 -561//-561 -563//-563
f -564//-564 -565//-565 -566//-566
f -566//-566 -565//-565 -567//-567
f -568//-568 -569//-569 -570//-570
f -570//-570 -569//-569 -571//-571
f -574//-574 -579//-579 -575//-575
f -575//-575 -579//-579 -585//-585
f -575//-575 -585//-585 -573//-573
f -582//-582 -576//-576 -584//-584
f -584//-584 -576//-576 -577//-577
f -169//-169 -170//-170 -171//-171
f -171//-171 -170//-170 -172//-172
f -165//-165 -166//-166 -167//-167
f -167//-167 -166//-166 -168//-168
f -161//-161 -162//-162 -163//-163
f -163//-163 -162//-162 -164//-164
f -157//-157 -158//-158 -159//-159
f -159//-159 -158//-158 -160//-160
f -153//-153 -154//-154 -155//-155
f -155//-155 -154//-154 -156//-156
f -495//-495 -496//-496 -497//-497
f -497//-497 -496//-496 -498//-498
f -139//-139 -140//-140 -141//-141
f -141//-141 -140//-140 -142//-142
f -143//-143 -144//-144 -145//-145
f -145//-145 -144//-144 -146//-146
f -555//-555 -553//-553 -545//-545
f -545//-545 -553//-553 -546//-546
f -129//-129 -130//-130 -131//-131
f -131//-131 -130//-130 -132//-132
f -537//-537 -538//-538 -539//-539
f -539//-539 -538//-538 -540//-540
f -525//-525 -526//-526 -527//-527
f -527//-527 -526//-526 -528//-528
f -88//-88 -89//-89 -90//-90
f -90//-90 -89//-89 -91//-91
f -75//-75 -76//-76 -77//-77
f -77//-77 -76//-76 -78//-78
f -79//-79 -80//-80 -81//-81
f -81//-81 -80//-80 -82//-82
f -44//-44 -45//-45 -46//-46
f -46//-46 -45//-45 -47//-47
f -58//-58 -52//-52 -60//-60
f -60//-60 -52//-52 -53//-53
f -463//-463 -464//-464 -465//-465
f -465//-465 -464//-464 -466//-466
f -63//-63 -64//-64 -65//-65
f -65//-65 -64//-64 -66//-66
f -481//-481 -482//-482 -483//-483
f -483//-483 -482//-482 -484//-484
f -71//-71 -72//-72 -73//-73
f -73//-73 -72//-72 -74//-74
f -67//-67 -68//-68 -69//-69
f -69//-69 -68//-68 -70//-70
f -341//-341 -342//-342 -343//-343
f -343//-343 -342//-342 -344//-344
f -333//-333 -334//-334 -335//-335
f -335//-335 -334//-334 -336//-336
f -337//-337 -338//-338 -339//-339
f -339//-339 -338//-338 -340//-340
f -303//-303 -304//-304 -305//-305
f -305//-305 -304//-304 -306//-306
f -307//-307 -308//-308 -309//-309
f -309//-309 -308//-308 -310//-310
f -319//-319 -320//-320 -321//-321
f -321//-321 -320//-320 -322//-322
f -329//-329 -330//-330 -331//-331
f -331//-331 -330//-330 -332//-332
f -424//-424 -425//-425 -426//-426
f -426//-426 -425//-425 -427//-427
f -404//-404 -405//-405 -406//-406
f -406//-406 -405//-405 -407//-407
f -381//-381 -382//-382 -383//-383
f -383//-383 -382//-382 -384//-384
f -193//-193 -194//-194 -195//-195
f -195//-195 -194//-194 -196//-196
f -257//-257 -258//-258 -259//-259
f -259//-259 -258//-258 -260//-260
f -253//-253 -254//-254 -255//-255
f -255//-255 -254//-254 -256//-256
f -265//-265 -266//-266 -267//-267
f -267//-267 -266//-266 -268//-268
f -261//-261 -262//-262 -263//-263
f -263//-263 -262//-262 -264//-264
f -237//-237 -238//-238 -239//-239
f -239//-239 -238//-238 -240//-240
f -249//-249 -250//-250 -251//-251
f -251//-251 -250//-250 -252//-252
f -277//-277 -278//-278 -279//-279
f -279//-279 -278//-278 -280//-280
f -269//-269 -270//-270 -271//-271
f -271//-271 -270//-270 -272//-272
f -273//-273 -274//-274 -275//-275
f -275//-275 -274//-274 -276//-276
f -677//-677 -678//-678 -679//-679
f -679//-679 -678//-678 -680//-680
f -679//-679 -680//-680 -681//-681
f -681//-681 -680//-680 -682//-682
f -681//-681 -682//-682 -683//-683
f -683//-683 -682//-682 -684//-684
f -5//-5 -6//-6 -7//-7
f -7//-7 -6//-6 -8//-8
f -7//-7 -8//-8 -9//-9
f -9//-9 -8//-8 -10//-10
f -9//-9 -10//-10 -11//-11
f -11//-11 -10//-10 -12//-12
f -657//-657 -658//-658 -659//-659
f -659//-659 -658//-658 -660//-660
f -659//-659 -660//-660 -661//-661
f -661//-661 -660//-660 -662//-662
f -661//-661 -662//-662 -663//-663
f -663//-663 -662//-662 -664//-664
f -646//-646 -645//-645 -644//-644
f -644//-644 -645//-645 -643//-643
f -644//-644 -643//-643 -642//-642
f -642//-642 -643//-643 -641//-641
f -642//-642 -641//-641 -640//-640
f -647//-647 -648//-648 -649//-649
f -649//-649 -648//-648 -650//-650
f -649//-649 -650//-650 -651//-651
f -651//-651 -650//-650 -652//-652
f -30//-30 -28//-28 -29//-29
f -29//-29 -28//-28 -27//-27
f -22//-22 -21//-21 -29//-29
f -29//-29 -21//-21 -31//-31
f -29//-29 -31//-31 -30//-30
f -30//-30 -31//-31 -23//-23
f -30//-30 -23//-23 -25//-25
f -17//-17 -27//-27 -18//-18
f -18//-18 -27//-27 -28//-28
f -18//-18 -28//-28 -19//-19
f -20//-20 -19//-19 -25//-25
f -25//-25 -19//-19 -28//-28
f -23//-23 -24//-24 -25//-25
f -25//-25 -24//-24 -26//-26
f -25//-25 -26//-26 -20//-20
f -624//-624 -625//-625 -626//-626
f -626//-626 -625//-625 -627//-627
f -626//-626 -627//-627 -628//-628
f -628//-628 -627//-627 -629//-629
f -628//-628 -629//-629 -630//-630
f -630//-630 -629//-629 -631//-631
f -637//-637 -636//-636 -638//-638
f -638//-638 -636//-636 -640//-640
f -638//-638 -640//-640 -639//-639
f -639//-639 -640//-640 -641//-641
f -639//-639 -641//-641 -632//-632
f -632//-632 -641//-641 -633//-633
f -632//-632 -633//-633 -634//-634
f -634//-634 -633//-633 -635//-635
f -599//-599 -600//-600 -601//-601
f -601//-601 -600//-600 -602//-602
f -601//-601 -602//-602 -603//-603
f -603//-603 -602//-602 -604//-604
f -623//-623 -622//-622 -621//-621
f -621//-621 -622//-622 -620//-620
f -621//-621 -620//-620 -619//-619
f -619//-619 -620//-620 -618//-618
f -619//-619 -618//-618 -617//-617
f -617//-617 -618//-618 -616//-616
f -617//-617 -616//-616 -615//-615
f -574//-574 -581//-581 -579//-579
f -579//-579 -581//-581 -580//-580
f -579//-579 -580//-580 -578//-578
f -578//-578 -582//-582 -583//-583
f -583//-583 -582//-582 -584//-584
f -583//-583 -584//-584 -585//-585
f -585//-585 -584//-584 -586//-586
f -585//-585 -586//-586 -573//-573
f -573//-573 -586//-586 -572//-572
f -517//-517 -518//-518 -519//-519
f -519//-519 -518//-518 -520//-520
f -519//-519 -520//-520 -521//-521
f -521//-521 -520//-520 -522//-522
f -521//-521 -522//-522 -523//-523
f -523//-523 -522//-522 -524//-524
f -147//-147 -148//-148 -149//-149
f -149//-149 -148//-148 -150//-150
f -149//-149 -150//-150 -151//-151
f -151//-151 -150//-150 -152//-152
f -499//-499 -500//-500 -501//-501
f -501//-501 -500//-500 -502//-502
f -501//-501 -502//-502 -503//-503
f -503//-503 -502//-502 -504//-504
f -503//-503 -504//-504 -505//-505
f -505//-505 -504//-504 -506//-506
f -505//-505 -506//-506 -507//-507
f -507//-507 -506//-506 -508//-508
f -507//-507 -508//-508 -509//-509
f -509//-509 -508//-508 -510//-510
f -509//-509 -510//-510 -511//-511
f -511//-511 -510//-510 -512//-512
f -511//-511 -512//-512 -513//-513
f -513//-513 -512//-512 -514//-514
f -513//-513 -514//-514 -515//-515
f -515//-515 -514//-514 -516//-516
f -552//-552 -553//-553 -554//-554
f -554//-554 -553//-553 -555//-555
f -554//-554 -555//-555 -547//-547
f -123//-123 -124//-124 -125//-125
f -125//-125 -124//-124 -126//-126
f -125//-125 -126//-126 -127//-127
f -127//-127 -126//-126 -128//-128
f -541//-541 -551//-551 -542//-542
f -542//-542 -551//-551 -552//-552
f -542//-542 -552//-552 -543//-543
f -543//-543 -552//-552 -549//-549
f -543//-543 -549//-549 -544//-544
f -547//-547 -548//-548 -549//-549
f -549//-549 -548//-548 -550//-550
f -549//-549 -550//-550 -544//-544
f -133//-133 -134//-134 -135//-135
f -135//-135 -134//-134 -136//-136
f -135//-135 -136//-136 -137//-137
f -137//-137 -136//-136 -138//-138
f -120//-120 -110//-110 -112//-112
f -112//-112 -110//-110 -114//-114
f -112//-112 -114//-114 -113//-113
f -108//-108 -109//-109 -122//-122
f -122//-122 -109//-109 -121//-121
f -122//-122 -121//-121 -120//-120
f -120//-120 -121//-121 -119//-119
f -120//-120 -119//-119 -110//-110
f -529//-529 -530//-530 -531//-531
f -531//-531 -530//-530 -532//-532
f -531//-531 -532//-532 -533//-533
f -533//-533 -532//-532 -534//-534
f -533//-533 -534//-534 -535//-535
f -535//-535 -534//-534 -536//-536
f -433//-433 -431//-431 -432//-432
f -432//-432 -431//-431 -430//-430
f -436//-436 -433//-433 -434//-434
f -434//-434 -433//-433 -432//-432
f -98//-98 -90//-90 -87//-87
f -87//-87 -90//-90 -91//-91
f -116//-116 -118//-118 -117//-117
f -117//-117 -118//-118 -106//-106
f -117//-117 -106//-106 -108//-108
f -108//-108 -106//-106 -107//-107
f -108//-108 -107//-107 -109//-109
f -100//-100 -101//-101 -102//-102
f -102//-102 -101//-101 -103//-103
f -102//-102 -103//-103 -104//-104
f -104//-104 -103//-103 -105//-105
f -84//-84 -83//-83 -93//-93
f -93//-93 -83//-83 -95//-95
f -93//-93 -95//-95 -94//-94
f -87//-87 -96//-96 -98//-98
f -98//-98 -96//-96 -97//-97
f -98//-98 -97//-97 -99//-99
f -99//-99 -97//-97 -86//-86
f -99//-99 -86//-86 -84//-84
f -84//-84 -86//-86 -85//-85
f -84//-84 -85//-85 -83//-83
f -447//-447 -448//-448 -449//-449
f -449//-449 -448//-448 -450//-450
f -449//-449 -450//-450 -451//-451
f -451//-451 -450//-450 -452//-452
f -451//-451 -452//-452 -453//-453
f -453//-453 -452//-452 -454//-454
f -453//-453 -454//-454 -455//-455
f -455//-455 -454//-454 -456//-456
f -455//-455 -456//-456 -457//-457
f -457//-457 -456//-456 -458//-458
f -457//-457 -458//-458 -459//-459
f -459//-459 -458//-458 -460//-460
f -459//-459 -460//-460 -461//-461
f -461//-461 -460//-460 -462//-462
f -57//-57 -56//-56 -55//-55
f -55//-55 -56//-56 -54//-54
f -55//-55 -54//-54 -59//-59
f -54//-54 -58//-58 -59//-59
f -59//-59 -58//-58 -60//-60
f -59//-59 -60//-60 -61//-61
f -61//-61 -60//-60 -62//-62
f -62//-62 -49//-49 -61//-61
f -61//-61 -49//-49 -51//-51
f -61//-61 -51//-51 -55//-55
f -55//-55 -51//-51 -50//-50
f -55//-55 -50//-50 -57//-57
f -485//-485 -486//-486 -487//-487
f -487//-487 -486//-486 -488//-488
f -487//-487 -488//-488 -489//-489
f -489//-489 -488//-488 -490//-490
f -489//-489 -490//-490 -491//-491
f -491//-491 -490//-490 -492//-492
f -491//-491 -492//-492 -493//-493
f -493//-493 -492//-492 -494//-494
f -467//-467 -468//-468 -469//-469
f -469//-469 -468//-468 -470//-470
f -469//-469 -470//-470 -471//-471
f -471//-471 -470//-470 -472//-472
f -471//-471 -472//-472 -473//-473
f -473//-473 -472//-472 -474//-474
f -473//-473 -474//-474 -475//-475
f -475//-475 -474//-474 -476//-476
f -475//-475 -476//-476 -477//-477
f -477//-477 -476//-476 -478//-478
f -477//-477 -478//-478 -479//-479
f -479//-479 -478//-478 -480//-480
f -345//-345 -346//-346 -347//-347
f -347//-347 -346//-346 -348//-348
f -347//-347 -348//-348 -349//-349
f -349//-349 -348//-348 -350//-350
f -349//-349 -350//-350 -351//-351
f -351//-351 -350//-350 -352//-352
f -351//-351 -352//-352 -353//-353
f -353//-353 -352//-352 -354//-354
f -353//-353 -354//-354 -355//-355
f -355//-355 -354//-354 -356//-356
f -355//-355 -356//-356 -357//-357
f -357//-357 -356//-356 -358//-358
f -357//-357 -358//-358 -359//-359
f -359//-359 -358//-358 -360//-360
f -359//-359 -360//-360 -361//-361
f -361//-361 -360//-360 -362//-362
f -361//-361 -362//-362 -363//-363
f -363//-363 -362//-362 -364//-364
f -311//-311 -312//-312 -313//-313
f -313//-313 -312//-312 -314//-314
f -313//-313 -314//-314 -315//-315
f -315//-315 -314//-314 -316//-316
f -315//-315 -316//-316 -317//-317
f -317//-317 -316//-316 -318//-318
f -323//-323 -324//-324 -325//-325
f -325//-325 -324//-324 -326//-326
f -325//-325 -326//-326 -327//-327
f -327//-327 -326//-326 -328//-328
f -434//-434 -435//-435 -436//-436
f -436//-436 -435//-435 -437//-437
f -436//-436 -437//-437 -438//-438
f -438//-438 -437//-437 -439//-439
f -438//-438 -439//-439 -440//-440
f -440//-440 -439//-439 -441//-441
f -440//-440 -441//-441 -442//-442
f -442//-442 -441//-441 -443//-443
f -442//-442 -443//-443 -445//-445
f -445//-445 -443//-443 -444//-444
f -445//-445 -444//-444 -446//-446
f -446//-446 -444//-444 -421//-421
f -446//-446 -421//-421 -426//-426
f -426//-426 -421//-421 -422//-422
f -426//-426 -422//-422 -424//-424
f -424//-424 -422//-422 -423//-423
f -431//-431 -429//-429 -430//-430
f -430//-430 -429//-429 -428//-428
f -430//-430 -428//-428 -420//-420
f -420//-420 -428//-428 -419//-419
f -420//-420 -419//-419 -418//-418
f -418//-418 -417//-417 -420//-420
f -420//-420 -417//-417 -416//-416
f -420//-420 -416//-416 -415//-415
f -413//-413 -412//-412 -414//-414
f -414//-414 -412//-412 -411//-411
f -414//-414 -411//-411 -410//-410
f -410//-410 -420//-420 -414//-414
f -414//-414 -420//-420 -415//-415
f -414//-414 -415//-415 -409//-409
f -381//-381 -379//-379 -382//-382
f -382//-382 -379//-379 -380//-380
f -382//-382 -380//-380 -401//-401
f -401//-401 -380//-380 -403//-403
f -401//-401 -403//-403 -402//-402
f -402//-402 -403//-403 -392//-392
f -402//-402 -392//-392 -393//-393
f -393//-393 -392//-392 -394//-394
f -393//-393 -394//-394 -395//-395
f -395//-395 -394//-394 -396//-396
f -395//-395 -396//-396 -397//-397
f -397//-397 -396//-396 -398//-398
f -397//-397 -398//-398 -399//-399
f -398//-398 -400//-400 -399//-399
f -399//-399 -400//-400 -385//-385
f -399//-399 -385//-385 -386//-386
f -386//-386 -385//-385 -387//-387
f -386//-386 -387//-387 -388//-388
f -388//-388 -387//-387 -389//-389
f -388//-388 -389//-389 -390//-390
f -390//-390 -389//-389 -391//-391
f -368//-368 -367//-367 -371//-371
f -371//-371 -367//-367 -366//-366
f -371//-371 -366//-366 -365//-365
f -376//-376 -375//-375 -377//-377
f -377//-377 -375//-375 -374//-374
f -374//-374 -373//-373 -377//-377
f -377//-377 -373//-373 -372//-372
f -377//-377 -372//-372 -391//-391
f -369//-369 -376//-376 -371//-371
f -371//-371 -376//-376 -377//-377
f -371//-371 -377//-377 -368//-368
f -179//-179 -175//-175 -178//-178
f -178//-178 -175//-175 -174//-174
f -178//-178 -174//-174 -173//-173
f -189//-189 -179//-179 -181//-181
f -181//-181 -179//-179 -178//-178
f -185//-185 -190//-190 -186//-186
f -186//-186 -190//-190 -191//-191
f -186//-186 -191//-191 -187//-187
f -187//-187 -191//-191 -188//-188
f -187//-187 -188//-188 -193//-193
f -198//-198 -191//-191 -192//-192
f -192//-192 -191//-191 -190//-190
f -188//-188 -189//-189 -193//-193
f -193//-193 -189//-189 -181//-181
f -193//-193 -181//-181 -194//-194
f -194//-194 -181//-181 -180//-180
f -202//-202 -204//-204 -203//-203
f -203//-203 -204//-204 -184//-184
f -199//-199 -177//-177 -183//-183
f -183//-183 -177//-177 -182//-182
f -183//-183 -182//-182 -184//-184
f -192//-192 -197//-197 -198//-198
f -198//-198 -197//-197 -199//-199
f -198//-198 -199//-199 -200//-200
f -200//-200 -199//-199 -204//-204
f -200//-200 -204//-204 -201//-201
f -201//-201 -204//-204 -202//-202
f -215//-215 -234//-234 -214//-214
f -214//-214 -234//-234 -235//-235
f -230//-230 -229//-229 -234//-234
f -234//-234 -229//-229 -236//-236
f -234//-234 -236//-236 -235//-235
f -232//-232 -230//-230 -231//-231
f -231//-231 -230//-230 -234//-234
f -214//-214 -216//-216 -215//-215
f -215//-215 -216//-216 -209//-209
f -215//-215 -209//-209 -231//-231
f -231//-231 -209//-209 -233//-233
f -231//-231 -233//-233 -232//-232
f -232//-232 -233//-233 -222//-222
f -232//-232 -222//-222 -223//-223
f -223//-223 -222//-222 -224//-224
f -210//-210 -213//-213 -227//-227
f -227//-227 -213//-213 -225//-225
f -227//-227 -225//-225 -226//-226
f -206//-206 -205//-205 -212//-212
f -212//-212 -205//-205 -211//-211
f -212//-212 -211//-211 -213//-213
f -213//-213 -211//-211 -220//-220
f -213//-213 -220//-220 -225//-225
f -225//-225 -220//-220 -221//-221
f -225//-225 -221//-221 -219//-219
f -219//-219 -221//-221 -223//-223
f -219//-219 -223//-223 -218//-218
f -218//-218 -223//-223 -224//-224
f -218//-218 -224//-224 -217//-217
f -241//-241 -242//-242 -243//-243
f -243//-243 -242//-242 -244//-244
f -243//-243 -244//-244 -245//-245
f -245//-245 -244//-244 -246//-246
f -245//-245 -246//-246 -247//-247
f -247//-247 -246//-246 -248//-248
f -295//-295 -296//-296 -297//-297
f -297//-297 -296//-296 -298//-298
f -297//-297 -298//-298 -299//-299
f -299//-299 -298//-298 -300//-300
f -299//-299 -300//-300 -301//-301
f -301//-301 -300//-300 -302//-302
f -289//-289 -290//-290 -291//-291
f -291//-291 -290//-290 -292//-292
f -291//-291 -292//-292 -293//-293
f -293//-293 -292//-292 -294//-294
usemtl Y-MARK2
v 0.292301 0.059400 0.805003
v 0.292301 0.059500 0.805003
v 0.291187 0.059400 0.809293
v 0.291187 0.059500 0.809293
v 0.287611 0.059400 0.819900
v 0.287611 0.059500 0.819900
v 0.284950 0.059400 0.826004
v 0.284950 0.059500 0.826004
v 0.399575 0.059500 0.805000
v 0.399575 0.059400 0.805000
v 0.399575 0.059500 0.813403
v 0.399575 0.059400 0.813403
v 0.404825 0.059500 0.805000
v 0.404825 0.059400 0.805000
v 0.399575 0.059500 0.805000
v 0.399575 0.059400 0.805000
v 0.404825 0.059400 0.805000
v 0.404825 0.059500 0.805000
v 0.404825 0.059400 0.813403
v 0.404825 0.059500 0.813403
v 0.404825 0.059400 0.813403
v 0.404825 0.059500 0.813403
v 0.406569 0.059400 0.815735
v 0.406569 0.059500 0.815735
v 0.410272 0.059400 0.822023
v 0.410272 0.059500 0.822023
v 0.412000 0.059400 0.826004
v 0.412000 0.059500 0.826004
v 0.412000 0.059400 0.826004
v 0.412000 0.059500 0.826004
v 0.406049 0.059400 0.826004
v 0.406049 0.059500 0.826004
v 0.406049 0.059400 0.826004
v 0.406049 0.059500 0.826004
v 0.405421 0.059400 0.824271
v 0.405421 0.059500 0.824271
v 0.402200 0.059400 0.817660
v 0.402200 0.059500 0.817660
v 0.392400 0.059500 0.826004
v 0.398350 0.059500 0.826004
v 0.394140 0.059500 0.821998
v 0.400463 0.059500 0.820907
v 0.397039 0.059500 0.816923
v 0.402200 0.059500 0.817660
v 0.399575 0.059500 0.813403
v 0.406569 0.059500 0.815735
v 0.404825 0.059500 0.813403
v 0.404825 0.059500 0.805000
v 0.399575 0.059500 0.805000
v 0.406049 0.059500 0.826004
v 0.412000 0.059500 0.826004
v 0.405421 0.059500 0.824271
v 0.410272 0.059500 0.822023
v 0.392400 0.059400 0.826004
v 0.392400 0.059500 0.826004
v 0.394140 0.059400 0.821998
v 0.394140 0.059500 0.821998
v 0.397039 0.059400 0.816923
v 0.397039 0.059500 0.816923
v 0.399575 0.059400 0.813403
v 0.399575 0.059500 0.813403
v 0.404825 0.059400 0.813403
v 0.406569 0.059400 0.815735
v 0.399575 0.059400 0.813403
v 0.402200 0.059400 0.817660
v 0.397039 0.059400 0.816923
v 0.400463 0.059400 0.820907
v 0.394140 0.059400 0.821998
v 0.398350 0.059400 0.826004
v 0.392400 0.059400 0.826004
v 0.404825 0.059400 0.805000
v 0.399575 0.059400 0.805000
v 0.406049 0.059400 0.826004
v 0.405421 0.059400 0.824271
v 0.412000 0.059400 0.826004
v 0.410272 0.059400 0.822023
v 0.398350 0.059400 0.826004
v 0.398350 0.059500 0.826004
v 0.392400 0.059400 0.826004
v 0.392400 0.059500 0.826004
v 0.402200 0.059400 0.817660
v 0.402200 0.059500 0.817660
v 0.400463 0.059400 0.820907
v 0.400463 0.059500 0.820907
v 0.398350 0.059400 0.826004
v 0.398350 0.059500 0.826004
v 0.387258 0.059400 0.812704
v 0.387258 0.059500 0.812704
v 0.382141 0.059400 0.812704
v 0.382141 0.059500 0.812704
v 0.384700 0.059500 0.820697
v 0.384700 0.059400 0.820697
v 0.382141 0.059500 0.812704
v 0.382141 0.059400 0.812704
v 0.387258 0.059500 0.812704
v 0.387258 0.059400 0.812704
v 0.384700 0.059500 0.820697
v 0.384700 0.059400 0.820697
v 0.380993 0.059500 0.808504
v 0.382141 0.059500 0.812704
v 0.388406 0.059500 0.808504
v 0.387258 0.059500 0.812704
v 0.393736 0.059500 0.809293
v 0.381900 0.059500 0.826004
v 0.387498 0.059500 0.826004
v 0.384700 0.059500 0.820697
v 0.390160 0.059500 0.819900
v 0.389249 0.059500 0.805003
v 0.394849 0.059500 0.805003
v 0.376965 0.059500 0.813538
v 0.380060 0.059500 0.821941
v 0.374549 0.059500 0.805003
v 0.380149 0.059500 0.805003
v 0.380993 0.059500 0.808504
v 0.380993 0.059400 0.808504
v 0.380149 0.059500 0.805003
v 0.380149 0.059400 0.805003
v 0.388406 0.059500 0.808504
v 0.388406 0.059400 0.808504
v 0.380993 0.059500 0.808504
v 0.380993 0.059400 0.808504
v 0.389249 0.059500 0.805003
v 0.389249 0.059400 0.805003
v 0.388406 0.059500 0.808504
v 0.388406 0.059400 0.808504
v 0.394849 0.059500 0.805003
v 0.394849 0.059400 0.805003
v 0.389249 0.059500 0.805003
v 0.389249 0.059400 0.805003
v 0.393736 0.059400 0.809293
v 0.387258 0.059400 0.812704
v 0.388406 0.059400 0.808504
v 0.382141 0.059400 0.812704
v 0.380993 0.059400 0.808504
v 0.381900 0.059400 0.826004
v 0.384700 0.059400 0.820697
v 0.387498 0.059400 0.826004
v 0.390160 0.059400 0.819900
v 0.389249 0.059400 0.805003
v 0.394849 0.059400 0.805003
v 0.380060 0.059400 0.821941
v 0.376965 0.059400 0.813538
v 0.374549 0.059400 0.805003
v 0.380149 0.059400 0.805003
v 0.380149 0.059500 0.805003
v 0.380149 0.059400 0.805003
v 0.374549 0.059500 0.805003
v 0.374549 0.059400 0.805003
v 0.381900 0.059400 0.826004
v 0.381900 0.059500 0.826004
v 0.380060 0.059400 0.821941
v 0.380060 0.059500 0.821941
v 0.376965 0.059400 0.813538
v 0.376965 0.059500 0.813538
v 0.374549 0.059400 0.805003
v 0.374549 0.059500 0.805003
v 0.387498 0.059400 0.826004
v 0.387498 0.059500 0.826004
v 0.381900 0.059400 0.826004
v 0.381900 0.059500 0.826004
v 0.394849 0.059400 0.805003
v 0.394849 0.059500 0.805003
v 0.393736 0.059400 0.809293
v 0.393736 0.059500 0.809293
v 0.390160 0.059400 0.819900
v 0.390160 0.059500 0.819900
v 0.387498 0.059400 0.826004
v 0.387498 0.059500 0.826004
v 0.373150 0.059400 0.810079
v 0.373150 0.059500 0.810079
v 0.372012 0.059400 0.809850
v 0.372012 0.059500 0.809850
v 0.366151 0.059400 0.809325
v 0.366151 0.059500 0.809325
v 0.364809 0.059400 0.809411
v 0.364809 0.059500 0.809411
v 0.364062 0.059400 0.809987
v 0.364062 0.059500 0.809987
v 0.363866 0.059400 0.810853
v 0.363866 0.059500 0.810853
v 0.364103 0.059400 0.811731
v 0.364103 0.059500 0.811731
v 0.364763 0.059400 0.812285
v 0.364763 0.059500 0.812285
v 0.366972 0.059400 0.813282
v 0.366972 0.059500 0.813282
v 0.370525 0.059500 0.814805
v 0.370525 0.059400 0.814805
v 0.366972 0.059500 0.813282
v 0.366972 0.059400 0.813282
v 0.370525 0.059400 0.814805
v 0.370525 0.059500 0.814805
v 0.372183 0.059400 0.815856
v 0.372183 0.059500 0.815856
v 0.373030 0.059400 0.816863
v 0.373030 0.059500 0.816863
v 0.373714 0.059400 0.818709
v 0.373714 0.059500 0.818709
v 0.373850 0.059400 0.820024
v 0.373850 0.059500 0.820024
v 0.373850 0.059400 0.820024
v 0.373850 0.059500 0.820024
v 0.373850 0.059400 0.820059
v 0.373850 0.059500 0.820059
v 0.373850 0.059400 0.820059
v 0.373850 0.059500 0.820059
v 0.373817 0.059400 0.821127
v 0.373817 0.059500 0.821127
v 0.373164 0.059400 0.823643
v 0.373164 0.059500 0.823643
v 0.371383 0.059400 0.825388
v 0.371383 0.059500 0.825388
v 0.369040 0.059400 0.826004
v 0.369040 0.059500 0.826004
v 0.364242 0.059400 0.826140
v 0.364242 0.059500 0.826140
v 0.359150 0.059400 0.825567
v 0.359150 0.059500 0.825567
v 0.359151 0.059500 0.820930
v 0.359151 0.059400 0.820930
v 0.359150 0.059500 0.825567
v 0.359150 0.059400 0.825567
v 0.359151 0.059400 0.820930
v 0.359151 0.059500 0.820930
v 0.359553 0.059400 0.821017
v 0.359956 0.059500 0.821099
v 0.365959 0.059400 0.821692
v 0.365959 0.059500 0.821692
v 0.367491 0.059400 0.821574
v 0.367491 0.059500 0.821574
v 0.368425 0.059400 0.820342
v 0.368425 0.059500 0.820342
v 0.368185 0.059400 0.819266
v 0.368185 0.059500 0.819266
v 0.367516 0.059400 0.818698
v 0.367516 0.059500 0.818698
v 0.365405 0.059400 0.817760
v 0.365405 0.059500 0.817760
v 0.373164 0.059500 0.823643
v 0.373817 0.059500 0.821127
v 0.367491 0.059500 0.821574
v 0.368425 0.059500 0.820342
v 0.373850 0.059500 0.820059
v 0.368185 0.059500 0.819266
v 0.373850 0.059500 0.820024
v 0.367516 0.059500 0.818698
v 0.373714 0.059500 0.818709
v 0.365405 0.059500 0.817760
v 0.373030 0.059500 0.816863
v 0.361776 0.059500 0.816203
v 0.360661 0.059500 0.815610
v 0.372183 0.059500 0.815856
v 0.359528 0.059500 0.814617
v 0.370525 0.059500 0.814805
v 0.358580 0.059500 0.812397
v 0.366972 0.059500 0.813282
v 0.364763 0.059500 0.812285
v 0.369040 0.059500 0.826004
v 0.371383 0.059500 0.825388
v 0.364242 0.059500 0.826140
v 0.359150 0.059500 0.825567
v 0.359151 0.059500 0.820930
v 0.359956 0.059500 0.821099
v 0.365959 0.059500 0.821692
v 0.358562 0.059500 0.809182
v 0.364103 0.059500 0.811731
v 0.363866 0.059500 0.810853
v 0.364062 0.059500 0.809987
v 0.364809 0.059500 0.809411
v 0.366151 0.059500 0.809325
v 0.373150 0.059500 0.805441
v 0.368493 0.059500 0.804890
v 0.363441 0.059500 0.804984
v 0.360931 0.059500 0.805603
v 0.359249 0.059500 0.807127
v 0.372012 0.059500 0.809850
v 0.373150 0.059500 0.810079
v 0.373150 0.059400 0.805441
v 0.373150 0.059500 0.805441
v 0.373150 0.059400 0.810079
v 0.373150 0.059500 0.810079
v 0.367491 0.059400 0.821574
v 0.373817 0.059400 0.821127
v 0.373164 0.059400 0.823643
v 0.361776 0.059400 0.816203
v 0.373030 0.059400 0.816863
v 0.365405 0.059400 0.817760
v 0.373714 0.059400 0.818709
v 0.367516 0.059400 0.818698
v 0.373850 0.059400 0.820024
v 0.368185 0.059400 0.819266
v 0.373850 0.059400 0.820059
v 0.368425 0.059400 0.820342
v 0.364763 0.059400 0.812285
v 0.366972 0.059400 0.813282
v 0.358580 0.059400 0.812397
v 0.370525 0.059400 0.814805
v 0.359528 0.059400 0.814617
v 0.372183 0.059400 0.815856
v 0.360661 0.059400 0.815610
v 0.369040 0.059400 0.826004
v 0.364242 0.059400 0.826140
v 0.371383 0.059400 0.825388
v 0.359150 0.059400 0.825567
v 0.365959 0.059400 0.821692
v 0.359553 0.059400 0.821017
v 0.359151 0.059400 0.820930
v 0.358562 0.059400 0.809182
v 0.366151 0.059400 0.809325
v 0.364809 0.059400 0.809411
v 0.364062 0.059400 0.809987
v 0.363866 0.059400 0.810853
v 0.364103 0.059400 0.811731
v 0.373150 0.059400 0.805441
v 0.373150 0.059400 0.810079
v 0.372012 0.059400 0.809850
v 0.359249 0.059400 0.807127
v 0.360931 0.059400 0.805603
v 0.363441 0.059400 0.804984
v 0.368493 0.059400 0.804890
v 0.361776 0.059400 0.816203
v 0.361776 0.059500 0.816203
v 0.360661 0.059400 0.815610
v 0.360661 0.059500 0.815610
v 0.359528 0.059400 0.814617
v 0.359528 0.059500 0.814617
v 0.358580 0.059400 0.812397
v 0.358580 0.059500 0.812397
v 0.358562 0.059400 0.809182
v 0.358562 0.059500 0.809182
v 0.359249 0.059400 0.807127
v 0.359249 0.059500 0.807127
v 0.360931 0.059400 0.805603
v 0.360931 0.059500 0.805603
v 0.363441 0.059400 0.804984
v 0.363441 0.059500 0.804984
v 0.368493 0.059400 0.804890
v 0.368493 0.059500 0.804890
v 0.373150 0.059400 0.805441
v 0.373150 0.059500 0.805441
v 0.361776 0.059500 0.816203
v 0.361776 0.059400 0.816203
v 0.365405 0.059500 0.817760
v 0.365405 0.059400 0.817760
v 0.355299 0.059400 0.805003
v 0.355299 0.059500 0.805003
v 0.355299 0.059400 0.826000
v 0.355299 0.059500 0.826000
v 0.355299 0.059400 0.826000
v 0.355299 0.059500 0.826000
v 0.350049 0.059400 0.826000
v 0.350049 0.059500 0.826000
v 0.350049 0.059500 0.817600
v 0.350049 0.059400 0.817600
v 0.350049 0.059500 0.826000
v 0.350049 0.059400 0.826000
v 0.350049 0.059400 0.817600
v 0.350049 0.059500 0.817600
v 0.347990 0.059400 0.820004
v 0.347990 0.059500 0.820004
v 0.343924 0.059400 0.826002
v 0.343924 0.059500 0.826002
v 0.343924 0.059400 0.826002
v 0.343924 0.059500 0.826002
v 0.337800 0.059400 0.826002
v 0.337800 0.059500 0.826002
v 0.337800 0.059400 0.826002
v 0.337800 0.059500 0.826002
v 0.338390 0.059400 0.824975
v 0.338390 0.059500 0.824975
v 0.341760 0.059400 0.820055
v 0.341760 0.059500 0.820055
v 0.344800 0.059400 0.816464
v 0.344800 0.059500 0.816464
v 0.355299 0.059500 0.805003
v 0.355299 0.059400 0.805003
v 0.350049 0.059500 0.805003
v 0.350049 0.059400 0.805003
v 0.350049 0.059500 0.805003
v 0.350049 0.059400 0.805003
v 0.350049 0.059500 0.815501
v 0.350049 0.059400 0.815501
v 0.343750 0.059400 0.805003
v 0.343750 0.059500 0.805003
v 0.344810 0.059400 0.807207
v 0.344810 0.059500 0.807207
v 0.347889 0.059400 0.812555
v 0.347889 0.059500 0.812555
v 0.350049 0.059400 0.815501
v 0.350049 0.059500 0.815501
v 0.344800 0.059400 0.816464
v 0.344800 0.059500 0.816464
v 0.342326 0.059400 0.813238
v 0.342326 0.059500 0.813238
v 0.338550 0.059400 0.806951
v 0.338550 0.059500 0.806951
v 0.338550 0.059400 0.806951
v 0.338550 0.059500 0.806951
v 0.337913 0.059400 0.809293
v 0.337913 0.059500 0.809293
v 0.334337 0.059400 0.819900
v 0.334337 0.059500 0.819900
v 0.331676 0.059400 0.826004
v 0.331676 0.059500 0.826004
v 0.337624 0.059500 0.805003
v 0.337624 0.059400 0.805003
v 0.333426 0.059500 0.805003
v 0.333426 0.059400 0.805003
v 0.331435 0.059400 0.812701
v 0.331435 0.059500 0.812701
v 0.326317 0.059400 0.812701
v 0.326317 0.059500 0.812701
v 0.328877 0.059500 0.820697
v 0.328877 0.059400 0.820697
v 0.326317 0.059500 0.812701
v 0.326317 0.059400 0.812701
v 0.331435 0.059500 0.812701
v 0.331435 0.059400 0.812701
v 0.328877 0.059500 0.820697
v 0.328877 0.059400 0.820697
v 0.333426 0.059500 0.805003
v 0.333426 0.059400 0.805003
v 0.332583 0.059500 0.808502
v 0.332583 0.059400 0.808502
v 0.332583 0.059500 0.808502
v 0.332583 0.059400 0.808502
v 0.325169 0.059500 0.808502
v 0.325169 0.059400 0.808502
v 0.325169 0.059500 0.808502
v 0.325169 0.059400 0.808502
v 0.324326 0.059500 0.805003
v 0.324326 0.059400 0.805003
v 0.324326 0.059500 0.805003
v 0.324326 0.059400 0.805003
v 0.318726 0.059500 0.805003
v 0.318726 0.059400 0.805003
v 0.326076 0.059400 0.826004
v 0.326076 0.059500 0.826004
v 0.324236 0.059400 0.821941
v 0.324236 0.059500 0.821941
v 0.321141 0.059400 0.813538
v 0.321141 0.059500 0.813538
v 0.318726 0.059400 0.805003
v 0.318726 0.059500 0.805003
v 0.331676 0.059400 0.826004
v 0.331676 0.059500 0.826004
v 0.326076 0.059400 0.826004
v 0.326076 0.059500 0.826004
v 0.326076 0.059400 0.826004
v 0.324236 0.059400 0.821941
v 0.328877 0.059400 0.820697
v 0.332583 0.059400 0.808502
v 0.337913 0.059400 0.809293
v 0.331435 0.059400 0.812701
v 0.334337 0.059400 0.819900
v 0.331676 0.059400 0.826004
v 0.355299 0.059400 0.805003
v 0.355299 0.059400 0.826000
v 0.350049 0.059400 0.805003
v 0.350049 0.059400 0.815501
v 0.337624 0.059400 0.805003
v 0.338550 0.059400 0.806951
v 0.333426 0.059400 0.805003
v 0.342326 0.059400 0.813238
v 0.344800 0.059400 0.816464
v 0.347889 0.059400 0.812555
v 0.344810 0.059400 0.807207
v 0.343750 0.059400 0.805003
v 0.318726 0.059400 0.805003
v 0.326317 0.059400 0.812701
v 0.321141 0.059400 0.813538
v 0.350049 0.059400 0.817600
v 0.347990 0.059400 0.820004
v 0.341760 0.059400 0.820055
v 0.350049 0.059400 0.826000
v 0.325169 0.059400 0.808502
v 0.324326 0.059400 0.805003
v 0.343924 0.059400 0.826002
v 0.337800 0.059400 0.826002
v 0.338390 0.059400 0.824975
v 0.328877 0.059500 0.820697
v 0.324236 0.059500 0.821941
v 0.326076 0.059500 0.826004
v 0.331676 0.059500 0.826004
v 0.334337 0.059500 0.819900
v 0.331435 0.059500 0.812701
v 0.337913 0.059500 0.809293
v 0.332583 0.059500 0.808502
v 0.355299 0.059500 0.805003
v 0.350049 0.059500 0.805003
v 0.355299 0.059500 0.826000
v 0.350049 0.059500 0.815501
v 0.333426 0.059500 0.805003
v 0.338550 0.059500 0.806951
v 0.337624 0.059500 0.805003
v 0.344800 0.059500 0.816464
v 0.342326 0.059500 0.813238
v 0.347889 0.059500 0.812555
v 0.344810 0.059500 0.807207
v 0.343750 0.059500 0.805003
v 0.321141 0.059500 0.813538
v 0.326317 0.059500 0.812701
v 0.318726 0.059500 0.805003
v 0.350049 0.059500 0.817600
v 0.350049 0.059500 0.826000
v 0.341760 0.059500 0.820055
v 0.347990 0.059500 0.820004
v 0.325169 0.059500 0.808502
v 0.324326 0.059500 0.805003
v 0.338390 0.059500 0.824975
v 0.337800 0.059500 0.826002
v 0.343924 0.059500 0.826002
v 0.343750 0.059500 0.805003
v 0.343750 0.059400 0.805003
v 0.337624 0.059500 0.805003
v 0.337624 0.059400 0.805003
v 0.302625 0.059500 0.805003
v 0.302625 0.059400 0.805003
v 0.296850 0.059500 0.805003
v 0.296850 0.059400 0.805003
v 0.305513 0.059500 0.816500
v 0.305513 0.059400 0.816500
v 0.302625 0.059500 0.805003
v 0.302625 0.059400 0.805003
v 0.308401 0.059500 0.805003
v 0.308401 0.059400 0.805003
v 0.305513 0.059500 0.816500
v 0.305513 0.059400 0.816500
v 0.314175 0.059500 0.805003
v 0.314175 0.059400 0.805003
v 0.308401 0.059500 0.805003
v 0.308401 0.059400 0.805003
v 0.314175 0.059400 0.805003
v 0.314175 0.059500 0.805003
v 0.316820 0.059400 0.813414
v 0.316820 0.059500 0.813414
v 0.320125 0.059400 0.826004
v 0.320125 0.059500 0.826004
v 0.320125 0.059400 0.826004
v 0.320125 0.059500 0.826004
v 0.314525 0.059400 0.826004
v 0.314525 0.059500 0.826004
v 0.311356 0.059500 0.811789
v 0.311356 0.059400 0.811789
v 0.314525 0.059500 0.826004
v 0.314525 0.059400 0.826004
v 0.311356 0.059400 0.811789
v 0.311356 0.059500 0.811789
v 0.309913 0.059400 0.817471
v 0.309913 0.059500 0.817471
v 0.308050 0.059400 0.826004
v 0.308050 0.059500 0.826004
v 0.308050 0.059400 0.826004
v 0.308050 0.059500 0.826004
v 0.302975 0.059400 0.826004
v 0.302975 0.059500 0.826004
v 0.302975 0.059400 0.826004
v 0.302975 0.059500 0.826004
v 0.301766 0.059400 0.820259
v 0.301766 0.059500 0.820259
v 0.299669 0.059400 0.811789
v 0.299669 0.059500 0.811789
v 0.305513 0.059500 0.816500
v 0.308050 0.059500 0.826004
v 0.308401 0.059500 0.805003
v 0.309913 0.059500 0.817471
v 0.296500 0.059500 0.826004
v 0.296850 0.059500 0.805003
v 0.290900 0.059500 0.826004
v 0.293054 0.059500 0.817467
v 0.314525 0.059500 0.826004
v 0.320125 0.059500 0.826004
v 0.314175 0.059500 0.805003
v 0.316820 0.059500 0.813414
v 0.311356 0.059500 0.811789
v 0.302975 0.059500 0.826004
v 0.302625 0.059500 0.805003
v 0.301766 0.059500 0.820259
v 0.299669 0.059500 0.811789
v 0.290900 0.059400 0.826004
v 0.290900 0.059500 0.826004
v 0.293054 0.059400 0.817467
v 0.293054 0.059500 0.817467
v 0.296850 0.059400 0.805003
v 0.296850 0.059500 0.805003
v 0.305513 0.059400 0.816500
v 0.308401 0.059400 0.805003
v 0.308050 0.059400 0.826004
v 0.309913 0.059400 0.817471
v 0.296500 0.059400 0.826004
v 0.290900 0.059400 0.826004
v 0.296850 0.059400 0.805003
v 0.293054 0.059400 0.817467
v 0.314525 0.059400 0.826004
v 0.314175 0.059400 0.805003
v 0.320125 0.059400 0.826004
v 0.316820 0.059400 0.813414
v 0.311356 0.059400 0.811789
v 0.302975 0.059400 0.826004
v 0.301766 0.059400 0.820259
v 0.302625 0.059400 0.805003
v 0.299669 0.059400 0.811789
v 0.296500 0.059400 0.826004
v 0.296500 0.059500 0.826004
v 0.290900 0.059400 0.826004
v 0.290900 0.059500 0.826004
v 0.296500 0.059500 0.826004
v 0.296500 0.059400 0.826004
v 0.299669 0.059500 0.811789
v 0.299669 0.059400 0.811789
v 0.284710 0.059400 0.812701
v 0.284710 0.059500 0.812701
v 0.279591 0.059400 0.812701
v 0.279591 0.059500 0.812701
v 0.282151 0.059500 0.820697
v 0.282151 0.059400 0.820697
v 0.279591 0.059500 0.812701
v 0.279591 0.059400 0.812701
v 0.284710 0.059500 0.812701
v 0.284710 0.059400 0.812701
v 0.282151 0.059500 0.820697
v 0.282151 0.059400 0.820697
v 0.278444 0.059500 0.808502
v 0.279591 0.059500 0.812701
v 0.285858 0.059500 0.808502
v 0.284710 0.059500 0.812701
v 0.291187 0.059500 0.809293
v 0.279350 0.059500 0.826004
v 0.284950 0.059500 0.826004
v 0.282151 0.059500 0.820697
v 0.287611 0.059500 0.819900
v 0.286701 0.059500 0.805003
v 0.292301 0.059500 0.805003
v 0.274415 0.059500 0.813538
v 0.277510 0.059500 0.821941
v 0.272000 0.059500 0.805003
v 0.277600 0.059500 0.805003
v 0.278444 0.059500 0.808502
v 0.278444 0.059400 0.808502
v 0.277600 0.059500 0.805003
v 0.277600 0.059400 0.805003
v 0.285858 0.059500 0.808502
v 0.285858 0.059400 0.808502
v 0.278444 0.059500 0.808502
v 0.278444 0.059400 0.808502
v 0.286701 0.059500 0.805003
v 0.286701 0.059400 0.805003
v 0.285858 0.059500 0.808502
v 0.285858 0.059400 0.808502
v 0.292301 0.059500 0.805003
v 0.292301 0.059400 0.805003
v 0.286701 0.059500 0.805003
v 0.286701 0.059400 0.805003
v 0.291187 0.059400 0.809293
v 0.284710 0.059400 0.812701
v 0.285858 0.059400 0.808502
v 0.279591 0.059400 0.812701
v 0.278444 0.059400 0.808502
v 0.279350 0.059400 0.826004
v 0.282151 0.059400 0.820697
v 0.284950 0.059400 0.826004
v 0.287611 0.059400 0.819900
v 0.286701 0.059400 0.805003
v 0.292301 0.059400 0.805003
v 0.277510 0.059400 0.821941
v 0.274415 0.059400 0.813538
v 0.272000 0.059400 0.805003
v 0.277600 0.059400 0.805003
v 0.277600 0.059500 0.805003
v 0.277600 0.059400 0.805003
v 0.272000 0.059500 0.805003
v 0.272000 0.059400 0.805003
v 0.279350 0.059400 0.826004
v 0.279350 0.059500 0.826004
v 0.277510 0.059400 0.821941
v 0.277510 0.059500 0.821941
v 0.274415 0.059400 0.813538
v 0.274415 0.059500 0.813538
v 0.272000 0.059400 0.805003
v 0.272000 0.059500 0.805003
v 0.284950 0.059400 0.826004
v 0.284950 0.059500 0.826004
v 0.279350 0.059400 0.826004
v 0.279350 0.059500 0.826004
vn 0.970595 -0.032048 0.238574
vn 0.970595 -0.032048 0.238574
vn 0.970595 -0.032048 0.238574
vn 0.970595 -0.032048 0.238574
vn 0.937544 -0.022224 0.347157
vn 0.937544 -0.022224 0.347157
vn 0.858258 -0.008309 0.513151
vn 0.858258 -0.008309 0.513151
vn -0.999227 0.035193 0.017499
vn -0.999227 0.035193 0.017499
vn -0.999227 0.035193 0.017499
vn -0.999227 0.035193 0.017499
vn -0.002412 0.022605 -0.999742
vn -0.002412 0.022605 -0.999742
vn -0.002412 0.022605 -0.999742
vn -0.002412 0.022605 -0.999742
vn 0.998566 -0.050977 0.016334
vn 0.998566 -0.050977 0.016334
vn 0.998566 -0.050977 0.016334
vn 0.998566 -0.050977 0.016334
vn 0.798010 0.001414 -0.602642
vn 0.798010 0.001414 -0.602642
vn 0.798010 0.001414 -0.602642
vn 0.798010 0.001414 -0.602642
vn 0.921787 0.024970 -0.386892
vn 0.921787 0.024970 -0.386892
vn 0.921787 0.024970 -0.386892
vn 0.921787 0.024970 -0.386892
vn 0.028187 -0.054287 0.998127
vn 0.028187 -0.054287 0.998127
vn 0.028187 -0.054287 0.998127
vn 0.028187 -0.054287 0.998127
vn -0.943723 -0.020530 0.330099
vn -0.943723 -0.020530 0.330099
vn -0.943723 -0.020530 0.330099
vn -0.943723 -0.020530 0.330099
vn -0.854583 -0.015769 0.519075
vn -0.854583 -0.015769 0.519075
vn -0.032702 0.999134 -0.025720
vn -0.032702 0.999134 -0.025720
vn -0.032702 0.999134 -0.025720
vn -0.032702 0.999134 -0.025720
vn -0.032702 0.999134 -0.025720
vn -0.032702 0.999134 -0.025720
vn -0.032702 0.999134 -0.025720
vn -0.032702 0.999134 -0.025720
vn -0.032702 0.999134 -0.025720
vn -0.032702 0.999134 -0.025720
vn -0.032702 0.999134 -0.025720
vn -0.032702 0.999134 -0.025720
vn -0.032702 0.999134 -0.025720
vn -0.032702 0.999134 -0.025720
vn -0.032702 0.999134 -0.025720
vn -0.920601 0.026984 -0.389570
vn -0.920601 0.026984 -0.389570
vn -0.874247 -0.039799 -0.483847
vn -0.874247 -0.039799 -0.483847
vn -0.817416 0.001899 -0.576045
vn -0.817416 0.001899 -0.576045
vn -0.749635 0.043815 -0.660399
vn -0.749635 0.043815 -0.660399
vn -0.050860 -0.997636 0.046216
vn -0.050860 -0.997636 0.046216
vn -0.050860 -0.997636 0.046216
vn -0.050860 -0.997636 0.046216
vn -0.050860 -0.997636 0.046216
vn -0.050860 -0.997636 0.046216
vn -0.050860 -0.997636 0.046216
vn -0.050860 -0.997636 0.046216
vn -0.050860 -0.997636 0.046216
vn -0.050860 -0.997636 0.046216
vn -0.050860 -0.997636 0.046216
vn -0.050860 -0.997636 0.046216
vn -0.050860 -0.997636 0.046216
vn -0.050860 -0.997636 0.046216
vn -0.050860 -0.997636 0.046216
vn 0.028187 -0.054287 0.998127
vn 0.028187 -0.054287 0.998127
vn 0.028187 -0.054287 0.998127
vn 0.028187 -0.054287 0.998127
vn 0.858258 -0.008309 0.513151
vn 0.858258 -0.008309 0.513151
vn 0.858258 -0.008309 0.513151
vn 0.858258 -0.008309 0.513151
vn 0.937544 -0.022224 0.347157
vn 0.937544 -0.022224 0.347157
vn 0.028187 -0.054287 0.998127
vn 0.028187 -0.054287 0.998127
vn 0.028187 -0.054287 0.998127
vn 0.028187 -0.054287 0.998127
vn 0.961321 0.034872 -0.273214
vn 0.961321 0.034872 -0.273214
vn 0.961321 0.034872 -0.273214
vn 0.961321 0.034872 -0.273214
vn -0.957090 -0.026866 -0.288544
vn -0.957090 -0.026866 -0.288544
vn -0.957090 -0.026866 -0.288544
vn -0.957090 -0.026866 -0.288544
vn -0.032702 0.999134 -0.025720
vn -0.032702 0.999134 -0.025720
vn -0.032702 0.999134 -0.025720
vn -0.032702 0.999134 -0.025720
vn -0.032702 0.999134 -0.025720
vn -0.032702 0.999134 -0.025720
vn -0.032702 0.999134 -0.025720
vn -0.032702 0.999134 -0.025720
vn -0.032702 0.999134 -0.025720
vn -0.032702 0.999134 -0.025720
vn -0.032702 0.999134 -0.025720
vn -0.032702 0.999134 -0.025720
vn -0.032702 0.999134 -0.025720
vn -0.032702 0.999134 -0.025720
vn -0.032702 0.999134 -0.025720
vn 0.961321 0.034872 -0.273214
vn 0.961321 0.034872 -0.273214
vn 0.986381 0.043410 -0.158647
vn 0.986381 0.043410 -0.158647
vn -0.002412 0.022605 -0.999742
vn -0.002412 0.022605 -0.999742
vn -0.002412 0.022605 -0.999742
vn -0.002412 0.022605 -0.999742
vn -0.957090 -0.026866 -0.288544
vn -0.957090 -0.026866 -0.288544
vn -0.957090 -0.026866 -0.288544
vn -0.957090 -0.026866 -0.288544
vn -0.002412 0.022605 -0.999742
vn -0.002412 0.022605 -0.999742
vn -0.002412 0.022605 -0.999742
vn -0.002412 0.022605 -0.999742
vn -0.050860 -0.997636 0.046216
vn -0.050860 -0.997636 0.046216
vn -0.050860 -0.997636 0.046216
vn -0.050860 -0.997636 0.046216
vn -0.050860 -0.997636 0.046216
vn -0.050860 -0.997636 0.046216
vn -0.050860 -0.997636 0.046216
vn -0.050860 -0.997636 0.046216
vn -0.050860 -0.997636 0.046216
vn -0.050860 -0.997636 0.046216
vn -0.050860 -0.997636 0.046216
vn -0.050860 -0.997636 0.046216
vn -0.050860 -0.997636 0.046216
vn -0.050860 -0.997636 0.046216
vn -0.050860 -0.997636 0.046216
vn -0.002412 0.022605 -0.999742
vn -0.002412 0.022605 -0.999742
vn -0.002412 0.022605 -0.999742
vn -0.002412 0.022605 -0.999742
vn -0.904011 0.039612 0.425670
vn -0.904011 0.039612 0.425670
vn -0.943723 -0.020530 0.330099
vn -0.943723 -0.020530 0.330099
vn -0.943723 -0.020530 0.330099
vn -0.943723 -0.020530 0.330099
vn -0.973379 0.034544 0.226582
vn -0.973379 0.034544 0.226582
vn 0.028187 -0.054287 0.998127
vn 0.028187 -0.054287 0.998127
vn 0.028187 -0.054287 0.998127
vn 0.028187 -0.054287 0.998127
vn 0.970595 -0.032048 0.238574
vn 0.970595 -0.032048 0.238574
vn 0.970595 -0.032048 0.238574
vn 0.970595 -0.032048 0.238574
vn 0.937544 -0.022224 0.347157
vn 0.937544 -0.022224 0.347157
vn 0.858258 -0.008309 0.513151
vn 0.858258 -0.008309 0.513151
vn -0.279488 -0.030245 0.959673
vn -0.279488 -0.030245 0.959673
vn -0.188031 0.041844 0.981271
vn -0.188031 0.041844 0.981271
vn -0.080295 -0.008701 0.996733
vn -0.080295 -0.008701 0.996733
vn 0.230310 -0.025114 0.972793
vn 0.230310 -0.025114 0.972793
vn 0.858258 -0.008309 0.513151
vn 0.858258 -0.008309 0.513151
vn 0.998566 -0.050977 0.016334
vn 0.998566 -0.050977 0.016334
vn 0.798010 0.001414 -0.602642
vn 0.798010 0.001414 -0.602642
vn 0.524164 -0.030763 -0.851062
vn 0.524164 -0.030763 -0.851062
vn 0.417376 -0.040149 -0.907847
vn 0.417376 -0.040149 -0.907847
vn 0.417376 -0.040149 -0.907847
vn 0.417376 -0.040149 -0.907847
vn 0.417376 -0.040149 -0.907847
vn 0.417376 -0.040149 -0.907847
vn 0.417376 -0.040149 -0.907847
vn 0.417376 -0.040149 -0.907847
vn 0.716215 -0.011700 -0.697782
vn 0.716215 -0.011700 -0.697782
vn 0.867412 0.013388 -0.497410
vn 0.867412 0.013388 -0.497410
vn 0.986381 0.043410 -0.158647
vn 0.986381 0.043410 -0.158647
vn 0.998566 -0.050977 0.016334
vn 0.998566 -0.050977 0.016334
vn 0.998566 -0.050977 0.016334
vn 0.998566 -0.050977 0.016334
vn 0.998566 -0.050977 0.016334
vn 0.998566 -0.050977 0.016334
vn 0.998566 -0.050977 0.016334
vn 0.998566 -0.050977 0.016334
vn 0.990849 -0.041757 0.128353
vn 0.990849 -0.041757 0.128353
vn 0.858258 -0.008309 0.513151
vn 0.858258 -0.008309 0.513151
vn 0.422867 -0.032674 0.905603
vn 0.422867 -0.032674 0.905603
vn 0.124931 0.020305 0.991958
vn 0.124931 0.020305 0.991958
vn -0.080295 -0.008701 0.996733
vn -0.080295 -0.008701 0.996733
vn -0.279488 -0.030245 0.959673
vn -0.279488 -0.030245 0.959673
vn -0.996171 -0.023858 -0.084114
vn -0.996171 -0.023858 -0.084114
vn -0.996171 -0.023858 -0.084114
vn -0.996171 -0.023858 -0.084114
vn 0.243651 0.046384 -0.968753
vn 0.243651 0.046384 -0.968753
vn 0.243651 0.046384 -0.968753
vn 0.189012 -0.059111 -0.980194
vn -0.002412 0.022605 -0.999742
vn -0.002412 0.022605 -0.999742
vn -0.231093 0.024702 -0.972618
vn -0.231093 0.024702 -0.972618
vn -0.981187 0.034313 -0.189988
vn -0.981187 0.034313 -0.189988
vn -0.854583 -0.015769 0.519075
vn -0.854583 -0.015769 0.519075
vn -0.563920 -0.014957 0.825694
vn -0.563920 -0.014957 0.825694
vn -0.382004 0.017522 0.923995
vn -0.382004 0.017522 0.923995
vn -0.032702 0.999134 -0.025720
vn -0.032702 0.999134 -0.025720
vn -0.032702 0.999134 -0.025720
vn -0.032702 0.999134 -0.025720
vn -0.032702 0.999134 -0.025720
vn -0.032702 0.999134 -0.025720
vn -0.032702 0.999134 -0.025720
vn -0.032702 0.999134 -0.025720
vn -0.032702 0.999134 -0.025720
vn -0.032702 0.999134 -0.025720
vn -0.032702 0.999134 -0.025720
vn -0.032702 0.999134 -0.025720
vn -0.032702 0.999134 -0.025720
vn -0.032702 0.999134 -0.025720
vn -0.032702 0.999134 -0.025720
vn -0.032702 0.999134 -0.025720
vn -0.032702 0.999134 -0.025720
vn -0.032702 0.999134 -0.025720
vn -0.032702 0.999134 -0.025720
vn -0.032702 0.999134 -0.025720
vn -0.032702 0.999134 -0.025720
vn -0.032702 0.999134 -0.025720
vn -0.032702 0.999134 -0.025720
vn -0.032702 0.999134 -0.025720
vn -0.032702 0.999134 -0.025720
vn -0.032702 0.999134 -0.025720
vn -0.032702 0.999134 -0.025720
vn -0.032702 0.999134 -0.025720
vn -0.032702 0.999134 -0.025720
vn -0.032702 0.999134 -0.025720
vn -0.032702 0.999134 -0.025720
vn -0.032702 0.999134 -0.025720
vn -0.032702 0.999134 -0.025720
vn -0.032702 0.999134 -0.025720
vn -0.032702 0.999134 -0.025720
vn -0.032702 0.999134 -0.025720
vn -0.032702 0.999134 -0.025720
vn -0.032702 0.999134 -0.025720
vn -0.032702 0.999134 -0.025720
vn 0.998566 -0.050977 0.016334
vn 0.998566 -0.050977 0.016334
vn 0.998566 -0.050977 0.016334
vn 0.998566 -0.050977 0.016334
vn -0.050860 -0.997636 0.046216
vn -0.050860 -0.997636 0.046216
vn -0.050860 -0.997636 0.046216
vn -0.050860 -0.997636 0.046216
vn -0.050860 -0.997636 0.046216
vn -0.050860 -0.997636 0.046216
vn -0.050860 -0.997636 0.046216
vn -0.050860 -0.997636 0.046216
vn -0.050860 -0.997636 0.046216
vn -0.050860 -0.997636 0.046216
vn -0.050860 -0.997636 0.046216
vn -0.050860 -0.997636 0.046216
vn -0.050860 -0.997636 0.046216
vn -0.050860 -0.997636 0.046216
vn -0.050860 -0.997636 0.046216
vn -0.050860 -0.997636 0.046216
vn -0.050860 -0.997636 0.046216
vn -0.050860 -0.997636 0.046216
vn -0.050860 -0.997636 0.046216
vn -0.050860 -0.997636 0.046216
vn -0.050860 -0.997636 0.046216
vn -0.050860 -0.997636 0.046216
vn -0.050860 -0.997636 0.046216
vn -0.050860 -0.997636 0.046216
vn -0.050860 -0.997636 0.046216
vn -0.050860 -0.997636 0.046216
vn -0.050860 -0.997636 0.046216
vn -0.050860 -0.997636 0.046216
vn -0.050860 -0.997636 0.046216
vn -0.050860 -0.997636 0.046216
vn -0.050860 -0.997636 0.046216
vn -0.050860 -0.997636 0.046216
vn -0.050860 -0.997636 0.046216
vn -0.050860 -0.997636 0.046216
vn -0.050860 -0.997636 0.046216
vn -0.050860 -0.997636 0.046216
vn -0.050860 -0.997636 0.046216
vn -0.050860 -0.997636 0.046216
vn -0.050860 -0.997636 0.046216
vn -0.382004 0.017522 0.923995
vn -0.382004 0.017522 0.923995
vn -0.563920 -0.014957 0.825694
vn -0.563920 -0.014957 0.825694
vn -0.796037 0.044470 0.603612
vn -0.796037 0.044470 0.603612
vn -0.991960 -0.023375 0.124375
vn -0.991960 -0.023375 0.124375
vn -0.981187 0.034313 -0.189988
vn -0.981187 0.034313 -0.189988
vn -0.874247 -0.039799 -0.483847
vn -0.874247 -0.039799 -0.483847
vn -0.414435 0.022147 -0.909809
vn -0.414435 0.022147 -0.909809
vn -0.120339 0.018657 -0.992558
vn -0.120339 0.018657 -0.992558
vn 0.123876 0.035666 -0.991656
vn 0.123876 0.035666 -0.991656
vn 0.243651 0.046384 -0.968753
vn 0.243651 0.046384 -0.968753
vn -0.382004 0.017522 0.923995
vn -0.382004 0.017522 0.923995
vn -0.382004 0.017522 0.923995
vn -0.382004 0.017522 0.923995
vn 0.998566 -0.050977 0.016334
vn 0.998566 -0.050977 0.016334
vn 0.998566 -0.050977 0.016334
vn 0.998566 -0.050977 0.016334
vn 0.028187 -0.054287 0.998127
vn 0.028187 -0.054287 0.998127
vn 0.028187 -0.054287 0.998127
vn 0.028187 -0.054287 0.998127
vn -0.999227 0.035193 0.017499
vn -0.999227 0.035193 0.017499
vn -0.999227 0.035193 0.017499
vn -0.999227 0.035193 0.017499
vn 0.662957 0.008192 0.748613
vn 0.662957 0.008192 0.748613
vn 0.797694 -0.001193 0.603061
vn 0.797694 -0.001193 0.603061
vn 0.858258 -0.008309 0.513151
vn 0.858258 -0.008309 0.513151
vn 0.028187 -0.054287 0.998127
vn 0.028187 -0.054287 0.998127
vn 0.028187 -0.054287 0.998127
vn 0.028187 -0.054287 0.998127
vn -0.874247 -0.039799 -0.483847
vn -0.874247 -0.039799 -0.483847
vn -0.874247 -0.039799 -0.483847
vn -0.874247 -0.039799 -0.483847
vn -0.749635 0.043815 -0.660399
vn -0.749635 0.043815 -0.660399
vn -0.676270 -0.023987 -0.736263
vn -0.676270 -0.023987 -0.736263
vn -0.002412 0.022605 -0.999742
vn -0.002412 0.022605 -0.999742
vn -0.002412 0.022605 -0.999742
vn -0.002412 0.022605 -0.999742
vn -0.999227 0.035193 0.017499
vn -0.999227 0.035193 0.017499
vn -0.999227 0.035193 0.017499
vn -0.999227 0.035193 0.017499
vn 0.921787 0.024970 -0.386892
vn 0.921787 0.024970 -0.386892
vn 0.921787 0.024970 -0.386892
vn 0.921787 0.024970 -0.386892
vn 0.867412 0.013388 -0.497410
vn 0.867412 0.013388 -0.497410
vn 0.798010 0.001414 -0.602642
vn 0.798010 0.001414 -0.602642
vn -0.725085 -0.017992 0.688424
vn -0.725085 -0.017992 0.688424
vn -0.854583 -0.015769 0.519075
vn -0.854583 -0.015769 0.519075
vn -0.904011 0.039612 0.425670
vn -0.904011 0.039612 0.425670
vn 0.970595 -0.032048 0.238574
vn 0.970595 -0.032048 0.238574
vn 0.970595 -0.032048 0.238574
vn 0.970595 -0.032048 0.238574
vn 0.937544 -0.022224 0.347157
vn 0.937544 -0.022224 0.347157
vn 0.858258 -0.008309 0.513151
vn 0.858258 -0.008309 0.513151
vn -0.002412 0.022605 -0.999742
vn -0.002412 0.022605 -0.999742
vn -0.002412 0.022605 -0.999742
vn -0.002412 0.022605 -0.999742
vn 0.028187 -0.054287 0.998127
vn 0.028187 -0.054287 0.998127
vn 0.028187 -0.054287 0.998127
vn 0.028187 -0.054287 0.998127
vn 0.961321 0.034872 -0.273214
vn 0.961321 0.034872 -0.273214
vn 0.961321 0.034872 -0.273214
vn 0.961321 0.034872 -0.273214
vn -0.957090 -0.026866 -0.288544
vn -0.957090 -0.026866 -0.288544
vn -0.957090 -0.026866 -0.288544
vn -0.957090 -0.026866 -0.288544
vn -0.957090 -0.026866 -0.288544
vn -0.957090 -0.026866 -0.288544
vn -0.957090 -0.026866 -0.288544
vn -0.957090 -0.026866 -0.288544
vn -0.002412 0.022605 -0.999742
vn -0.002412 0.022605 -0.999742
vn -0.002412 0.022605 -0.999742
vn -0.002412 0.022605 -0.999742
vn 0.961321 0.034872 -0.273214
vn 0.961321 0.034872 -0.273214
vn 0.986381 0.043410 -0.158647
vn 0.986381 0.043410 -0.158647
vn -0.002412 0.022605 -0.999742
vn -0.002412 0.022605 -0.999742
vn -0.002412 0.022605 -0.999742
vn -0.002412 0.022605 -0.999742
vn -0.904011 0.039612 0.425670
vn -0.904011 0.039612 0.425670
vn -0.943723 -0.020530 0.330099
vn -0.943723 -0.020530 0.330099
vn -0.943723 -0.020530 0.330099
vn -0.943723 -0.020530 0.330099
vn -0.973379 0.034544 0.226582
vn -0.973379 0.034544 0.226582
vn 0.028187 -0.054287 0.998127
vn 0.028187 -0.054287 0.998127
vn 0.028187 -0.054287 0.998127
vn 0.028187 -0.054287 0.998127
vn -0.050860 -0.997636 0.046216
vn -0.050860 -0.997636 0.046216
vn -0.050860 -0.997636 0.046216
vn -0.050860 -0.997636 0.046216
vn -0.050860 -0.997636 0.046216
vn -0.050860 -0.997636 0.046216
vn -0.050860 -0.997636 0.046216
vn -0.050860 -0.997636 0.046216
vn -0.050860 -0.997636 0.046216
vn -0.050860 -0.997636 0.046216
vn -0.050860 -0.997636 0.046216
vn -0.050860 -0.997636 0.046216
vn -0.050860 -0.997636 0.046216
vn -0.050860 -0.997636 0.046216
vn -0.050860 -0.997636 0.046216
vn -0.050860 -0.997636 0.046216
vn -0.050860 -0.997636 0.046216
vn -0.050860 -0.997636 0.046216
vn -0.050860 -0.997636 0.046216
vn -0.050860 -0.997636 0.046216
vn -0.050860 -0.997636 0.046216
vn -0.050860 -0.997636 0.046216
vn -0.050860 -0.997636 0.046216
vn -0.050860 -0.997636 0.046216
vn -0.050860 -0.997636 0.046216
vn -0.050860 -0.997636 0.046216
vn -0.050860 -0.997636 0.046216
vn -0.050860 -0.997636 0.046216
vn -0.050860 -0.997636 0.046216
vn -0.050860 -0.997636 0.046216
vn -0.050860 -0.997636 0.046216
vn -0.050860 -0.997636 0.046216
vn -0.032702 0.999134 -0.025720
vn -0.032702 0.999134 -0.025720
vn -0.032702 0.999134 -0.025720
vn -0.032702 0.999134 -0.025720
vn -0.032702 0.999134 -0.025720
vn -0.032702 0.999134 -0.025720
vn -0.032702 0.999134 -0.025720
vn -0.032702 0.999134 -0.025720
vn -0.032702 0.999134 -0.025720
vn -0.032702 0.999134 -0.025720
vn -0.032702 0.999134 -0.025720
vn -0.032702 0.999134 -0.025720
vn -0.032702 0.999134 -0.025720
vn -0.032702 0.999134 -0.025720
vn -0.032702 0.999134 -0.025720
vn -0.032702 0.999134 -0.025720
vn -0.032702 0.999134 -0.025720
vn -0.032702 0.999134 -0.025720
vn -0.032702 0.999134 -0.025720
vn -0.032702 0.999134 -0.025720
vn -0.032702 0.999134 -0.025720
vn -0.032702 0.999134 -0.025720
vn -0.032702 0.999134 -0.025720
vn -0.032702 0.999134 -0.025720
vn -0.032702 0.999134 -0.025720
vn -0.032702 0.999134 -0.025720
vn -0.032702 0.999134 -0.025720
vn -0.032702 0.999134 -0.025720
vn -0.032702 0.999134 -0.025720
vn -0.032702 0.999134 -0.025720
vn -0.032702 0.999134 -0.025720
vn -0.032702 0.999134 -0.025720
vn -0.002412 0.022605 -0.999742
vn -0.002412 0.022605 -0.999742
vn -0.002412 0.022605 -0.999742
vn -0.002412 0.022605 -0.999742
vn -0.002412 0.022605 -0.999742
vn -0.002412 0.022605 -0.999742
vn -0.002412 0.022605 -0.999742
vn -0.002412 0.022605 -0.999742
vn 0.986381 0.043410 -0.158647
vn 0.986381 0.043410 -0.158647
vn 0.961321 0.034872 -0.273214
vn 0.961321 0.034872 -0.273214
vn -0.957090 -0.026866 -0.288544
vn -0.957090 -0.026866 -0.288544
vn -0.957090 -0.026866 -0.288544
vn -0.957090 -0.026866 -0.288544
vn -0.002412 0.022605 -0.999742
vn -0.002412 0.022605 -0.999742
vn -0.002412 0.022605 -0.999742
vn -0.002412 0.022605 -0.999742
vn 0.961321 0.034872 -0.273214
vn 0.961321 0.034872 -0.273214
vn 0.961321 0.034872 -0.273214
vn 0.961321 0.034872 -0.273214
vn 0.986381 0.043410 -0.158647
vn 0.986381 0.043410 -0.158647
vn 0.028187 -0.054287 0.998127
vn 0.028187 -0.054287 0.998127
vn 0.028187 -0.054287 0.998127
vn 0.028187 -0.054287 0.998127
vn -0.973379 0.034544 0.226582
vn -0.973379 0.034544 0.226582
vn -0.991960 -0.023375 0.124375
vn -0.991960 -0.023375 0.124375
vn 0.970595 -0.032048 0.238574
vn 0.970595 -0.032048 0.238574
vn 0.970595 -0.032048 0.238574
vn 0.970595 -0.032048 0.238574
vn 0.970595 -0.032048 0.238574
vn 0.970595 -0.032048 0.238574
vn 0.028187 -0.054287 0.998127
vn 0.028187 -0.054287 0.998127
vn 0.028187 -0.054287 0.998127
vn 0.028187 -0.054287 0.998127
vn -0.991960 -0.023375 0.124375
vn -0.991960 -0.023375 0.124375
vn -0.973379 0.034544 0.226582
vn -0.973379 0.034544 0.226582
vn -0.973379 0.034544 0.226582
vn -0.973379 0.034544 0.226582
vn -0.032702 0.999134 -0.025720
vn -0.032702 0.999134 -0.025720
vn -0.032702 0.999134 -0.025720
vn -0.032702 0.999134 -0.025720
vn -0.032702 0.999134 -0.025720
vn -0.032702 0.999134 -0.025720
vn -0.032702 0.999134 -0.025720
vn -0.032702 0.999134 -0.025720
vn -0.032702 0.999134 -0.025720
vn -0.032702 0.999134 -0.025720
vn -0.032702 0.999134 -0.025720
vn -0.032702 0.999134 -0.025720
vn -0.032702 0.999134 -0.025720
vn -0.032702 0.999134 -0.025720
vn -0.032702 0.999134 -0.025720
vn -0.032702 0.999134 -0.025720
vn -0.032702 0.999134 -0.025720
vn -0.957090 -0.026866 -0.288544
vn -0.957090 -0.026866 -0.288544
vn -0.957090 -0.026866 -0.288544
vn -0.957090 -0.026866 -0.288544
vn -0.957090 -0.026866 -0.288544
vn -0.957090 -0.026866 -0.288544
vn -0.050860 -0.997636 0.046216
vn -0.050860 -0.997636 0.046216
vn -0.050860 -0.997636 0.046216
vn -0.050860 -0.997636 0.046216
vn -0.050860 -0.997636 0.046216
vn -0.050860 -0.997636 0.046216
vn -0.050860 -0.997636 0.046216
vn -0.050860 -0.997636 0.046216
vn -0.050860 -0.997636 0.046216
vn -0.050860 -0.997636 0.046216
vn -0.050860 -0.997636 0.046216
vn -0.050860 -0.997636 0.046216
vn -0.050860 -0.997636 0.046216
vn -0.050860 -0.997636 0.046216
vn -0.050860 -0.997636 0.046216
vn -0.050860 -0.997636 0.046216
vn -0.050860 -0.997636 0.046216
vn 0.028187 -0.054287 0.998127
vn 0.028187 -0.054287 0.998127
vn 0.028187 -0.054287 0.998127
vn 0.028187 -0.054287 0.998127
vn 0.970595 -0.032048 0.238574
vn 0.970595 -0.032048 0.238574
vn 0.970595 -0.032048 0.238574
vn 0.970595 -0.032048 0.238574
vn 0.028187 -0.054287 0.998127
vn 0.028187 -0.054287 0.998127
vn 0.028187 -0.054287 0.998127
vn 0.028187 -0.054287 0.998127
vn 0.961321 0.034872 -0.273214
vn 0.961321 0.034872 -0.273214
vn 0.961321 0.034872 -0.273214
vn 0.961321 0.034872 -0.273214
vn -0.957090 -0.026866 -0.288544
vn -0.957090 -0.026866 -0.288544
vn -0.957090 -0.026866 -0.288544
vn -0.957090 -0.026866 -0.288544
vn -0.032702 0.999134 -0.025720
vn -0.032702 0.999134 -0.025720
vn -0.032702 0.999134 -0.025720
vn -0.032702 0.999134 -0.025720
vn -0.032702 0.999134 -0.025720
vn -0.032702 0.999134 -0.025720
vn -0.032702 0.999134 -0.025720
vn -0.032702 0.999134 -0.025720
vn -0.032702 0.999134 -0.025720
vn -0.032702 0.999134 -0.025720
vn -0.032702 0.999134 -0.025720
vn -0.032702 0.999134 -0.025720
vn -0.032702 0.999134 -0.025720
vn -0.032702 0.999134 -0.025720
vn -0.032702 0.999134 -0.025720
vn 0.961321 0.034872 -0.273214
vn 0.961321 0.034872 -0.273214
vn 0.986381 0.043410 -0.158647
vn 0.986381 0.043410 -0.158647
vn -0.002412 0.022605 -0.999742
vn -0.002412 0.022605 -0.999742
vn -0.002412 0.022605 -0.999742
vn -0.002412 0.022605 -0.999742
vn -0.957090 -0.026866 -0.288544
vn -0.957090 -0.026866 -0.288544
vn -0.957090 -0.026866 -0.288544
vn -0.957090 -0.026866 -0.288544
vn -0.002412 0.022605 -0.999742
vn -0.002412 0.022605 -0.999742
vn -0.002412 0.022605 -0.999742
vn -0.002412 0.022605 -0.999742
vn -0.050860 -0.997636 0.046216
vn -0.050860 -0.997636 0.046216
vn -0.050860 -0.997636 0.046216
vn -0.050860 -0.997636 0.046216
vn -0.050860 -0.997636 0.046216
vn -0.050860 -0.997636 0.046216
vn -0.050860 -0.997636 0.046216
vn -0.050860 -0.997636 0.046216
vn -0.050860 -0.997636 0.046216
vn -0.050860 -0.997636 0.046216
vn -0.050860 -0.997636 0.046216
vn -0.050860 -0.997636 0.046216
vn -0.050860 -0.997636 0.046216
vn -0.050860 -0.997636 0.046216
vn -0.050860 -0.997636 0.046216
vn -0.002412 0.022605 -0.999742
vn -0.002412 0.022605 -0.999742
vn -0.002412 0.022605 -0.999742
vn -0.002412 0.022605 -0.999742
vn -0.904011 0.039612 0.425670
vn -0.904011 0.039612 0.425670
vn -0.943723 -0.020530 0.330099
vn -0.943723 -0.020530 0.330099
vn -0.943723 -0.020530 0.330099
vn -0.943723 -0.020530 0.330099
vn -0.973379 0.034544 0.226582
vn -0.973379 0.034544 0.226582
vn 0.028187 -0.054287 0.998127
vn 0.028187 -0.054287 0.998127
vn 0.028187 -0.054287 0.998127
vn 0.028187 -0.054287 0.998127
f -281//-281 -282//-282 -283//-283
f -283//-283 -282//-282 -284//-284
f -283//-283 -284//-284 -285//-285
f -285//-285 -284//-284 -286//-286
f -285//-285 -286//-286 -287//-287
f -287//-287 -286//-286 -288//-288
f -622//-622 -609//-609 -620//-620
f -547//-547 -549//-549 -554//-554
f -111//-111 -112//-112 -113//-113
f -115//-115 -116//-116 -117//-117
f -92//-92 -93//-93 -94//-94
f -226//-226 -228//-228 -227//-227
f -583//-583 -579//-579 -578//-578
f -551//-551 -553//-553 -552//-552
f -48//-48 -49//-49 -62//-62
f -408//-408 -414//-414 -409//-409
f -378//-378 -379//-379 -381//-381
f -389//-389 -377//-377 -391//-391
f -369//-369 -371//-371 -370//-370
f -182//-182 -177//-177 -176//-176
f -183//-183 -184//-184 -204//-204
f -197//-197 -177//-177 -199//-199
f -208//-208 -209//-209 -216//-216
f -206//-206 -212//-212 -207//-207
f -1//-1 -2//-2 -3//-3
f -3//-3 -2//-2 -4//-4
f -673//-673 -674//-674 -675//-675
f -675//-675 -674//-674 -676//-676
f -669//-669 -670//-670 -671//-671
f -671//-671 -670//-670 -672//-672
f -665//-665 -666//-666 -667//-667
f -667//-667 -666//-666 -668//-668
f -653//-653 -654//-654 -655//-655
f -655//-655 -654//-654 -656//-656
f -40//-40 -41//-41 -42//-42
f -42//-42 -41//-41 -43//-43
f -36//-36 -37//-37 -38//-38
f -38//-38 -37//-37 -39//-39
f -32//-32 -33//-33 -34//-34
f -34//-34 -33//-33 -35//-35
f -621//-621 -613//-613 -623//-623
f -623//-623 -613//-613 -614//-614
f -13//-13 -14//-14 -15//-15
f -15//-15 -14//-14 -16//-16
f -595//-595 -596//-596 -597//-597
f -597//-597 -596//-596 -598//-598
f -587//-587 -588//-588 -589//-589
f -589//-589 -588//-588 -590//-590
f -591//-591 -592//-592 -593//-593
f -593//-593 -592//-592 -594//-594
f -620//-620 -609//-609 -611//-611
f -611//-611 -609//-609 -610//-610
f -611//-611 -610//-610 -612//-612
f -605//-605 -606//-606 -607//-607
f -607//-607 -606//-606 -608//-608
f -556//-556 -557//-557 -558//-558
f -558//-558 -557//-557 -559//-559
f -560//-560 -561//-561 -562//-562
f -562//-562 -561//-561 -563//-563
f -564//-564 -565//-565 -566//-566
f -566//-566 -565//-565 -567//-567
f -568//-568 -569//-569 -570//-570
f -570//-570 -569//-569 -571//-571
f -574//-574 -579//-579 -575//-575
f -575//-575 -579//-579 -585//-585
f -575//-575 -585//-585 -573//-573
f -582//-582 -576//-576 -584//-584
f -584//-584 -576//-576 -577//-577
f -169//-169 -170//-170 -171//-171
f -171//-171 -170//-170 -172//-172
f -165//-165 -166//-166 -167//-167
f -167//-167 -166//-166 -168//-168
f -161//-161 -162//-162 -163//-163
f -163//-163 -162//-162 -164//-164
f -157//-157 -158//-158 -159//-159
f -159//-159 -158//-158 -160//-160
f -153//-153 -154//-154 -155//-155
f -155//-155 -154//-154 -156//-156
f -495//-495 -496//-496 -497//-497
f -497//-497 -496//-496 -498//-498
f -139//-139 -140//-140 -141//-141
f -141//-141 -140//-140 -142//-142
f -143//-143 -144//-144 -145//-145
f -145//-145 -144//-144 -146//-146
f -555//-555 -553//-553 -545//-545
f -545//-545 -553//-553 -546//-546
f -129//-129 -130//-130 -131//-131
f -131//-131 -130//-130 -132//-132
f -537//-537 -538//-538 -539//-539
f -539//-539 -538//-538 -540//-540
f -525//-525 -526//-526 -527//-527
f -527//-527 -526//-526 -528//-528
f -88//-88 -89//-89 -90//-90
f -90//-90 -89//-89 -91//-91
f -75//-75 -76//-76 -77//-77
f -77//-77 -76//-76 -78//-78
f -79//-79 -80//-80 -81//-81
f -81//-81 -80//-80 -82//-82
f -44//-44 -45//-45 -46//-46
f -46//-46 -45//-45 -47//-47
f -58//-58 -52//-52 -60//-60
f -60//-60 -52//-52 -53//-53
f -463//-463 -464//-464 -465//-465
f -465//-465 -464//-464 -466//-466
f -63//-63 -64//-64 -65//-65
f -65//-65 -64//-64 -66//-66
f -481//-481 -482//-482 -483//-483
f -483//-483 -482//-482 -484//-484
f -71//-71 -72//-72 -73//-73
f -73//-73 -72//-72 -74//-74
f -67//-67 -68//-68 -69//-69
f -69//-69 -68//-68 -70//-70
f -341//-341 -342//-342 -343//-343
f -343//-343 -342//-342 -344//-344
f -333//-333 -334//-334 -335//-335
f -335//-335 -334//-334 -336//-336
f -337//-337 -338//-338 -339//-339
f -339//-339 -338//-338 -340//-340
f -303//-303 -304//-304 -305//-305
f -305//-305 -304//-304 -306//-306
f -307//-307 -308//-308 -309//-309
f -309//-309 -308//-308 -310//-310
f -319//-319 -320//-320 -321//-321
f -321//-321 -320//-320 -322//-322
f -329//-329 -330//-330 -331//-331
f -331//-331 -330//-330 -332//-332
f -424//-424 -425//-425 -426//-426
f -426//-426 -425//-425 -427//-427
f -404//-404 -405//-405 -406//-406
f -406//-406 -405//-405 -407//-407
f -381//-381 -382//-382 -383//-383
f -383//-383 -382//-382 -384//-384
f -193//-193 -194//-194 -195//-195
f -195//-195 -194//-194 -196//-196
f -257//-257 -258//-258 -259//-259
f -259//-259 -258//-258 -260//-260
f -253//-253 -254//-254 -255//-255
f -255//-255 -254//-254 -256//-256
f -265//-265 -266//-266 -267//-267
f -267//-267 -266//-266 -268//-268
f -261//-261 -262//-262 -263//-263
f -263//-263 -262//-262 -264//-264
f -237//-237 -238//-238 -239//-239
f -239//-239 -238//-238 -240//-240
f -249//-249 -250//-250 -251//-251
f -251//-251 -250//-250 -252//-252
f -277//-277 -278//-278 -279//-279
f -279//-279 -278//-278 -280//-280
f -269//-269 -270//-270 -271//-271
f -271//-271 -270//-270 -272//-272
f -273//-273 -274//-274 -275//-275
f -275//-275 -274//-274 -276//-276
f -677//-677 -678//-678 -679//-679
f -679//-679 -678//-678 -680//-680
f -679//-679 -680//-680 -681//-681
f -681//-681 -680//-680 -682//-682
f -681//-681 -682//-682 -683//-683
f -683//-683 -682//-682 -684//-684
f -5//-5 -6//-6 -7//-7
f -7//-7 -6//-6 -8//-8
f -7//-7 -8//-8 -9//-9
f -9//-9 -8//-8 -10//-10
f -9//-9 -10//-10 -11//-11
f -11//-11 -10//-10 -12//-12
f -657//-657 -658//-658 -659//-659
f -659//-659 -658//-658 -660//-660
f -659//-659 -660//-660 -661//-661
f -661//-661 -660//-660 -662//-662
f -661//-661 -662//-662 -663//-663
f -663//-663 -662//-662 -664//-664
f -646//-646 -645//-645 -644//-644
f -644//-644 -645//-645 -643//-643
f -644//-644 -643//-643 -642//-642
f -642//-642 -643//-643 -641//-641
f -642//-642 -641//-641 -640//-640
f -647//-647 -648//-648 -649//-649
f -649//-649 -648//-648 -650//-650
f -649//-649 -650//-650 -651//-651
f -651//-651 -650//-650 -652//-652
f -30//-30 -28//-28 -29//-29
f -29//-29 -28//-28 -27//-27
f -22//-22 -21//-21 -29//-29
f -29//-29 -21//-21 -31//-31
f -29//-29 -31//-31 -30//-30
f -30//-30 -31//-31 -23//-23
f -30//-30 -23//-23 -25//-25
f -17//-17 -27//-27 -18//-18
f -18//-18 -27//-27 -28//-28
f -18//-18 -28//-28 -19//-19
f -20//-20 -19//-19 -25//-25
f -25//-25 -19//-19 -28//-28
f -23//-23 -24//-24 -25//-25
f -25//-25 -24//-24 -26//-26
f -25//-25 -26//-26 -20//-20
f -624//-624 -625//-625 -626//-626
f -626//-626 -625//-625 -627//-627
f -626//-626 -627//-627 -628//-628
f -628//-628 -627//-627 -629//-629
f -628//-628 -629//-629 -630//-630
f -630//-630 -629//-629 -631//-631
f -637//-637 -636//-636 -638//-638
f -638//-638 -636//-636 -640//-640
f -638//-638 -640//-640 -639//-639
f -639//-639 -640//-640 -641//-641
f -639//-639 -641//-641 -632//-632
f -632//-632 -641//-641 -633//-633
f -632//-632 -633//-633 -634//-634
f -634//-634 -633//-633 -635//-635
f -599//-599 -600//-600 -601//-601
f -601//-601 -600//-600 -602//-602
f -601//-601 -602//-602 -603//-603
f -603//-603 -602//-602 -604//-604
f -623//-623 -622//-622 -621//-621
f -621//-621 -622//-622 -620//-620
f -621//-621 -620//-620 -619//-619
f -619//-619 -620//-620 -618//-618
f -619//-619 -618//-618 -617//-617
f -617//-617 -618//-618 -616//-616
f -617//-617 -616//-616 -615//-615
f -574//-574 -581//-581 -579//-579
f -579//-579 -581//-581 -580//-580
f -579//-579 -580//-580 -578//-578
f -578//-578 -582//-582 -583//-583
f -583//-583 -582//-582 -584//-584
f -583//-583 -584//-584 -585//-585
f -585//-585 -584//-584 -586//-586
f -585//-585 -586//-586 -573//-573
f -573//-573 -586//-586 -572//-572
f -517//-517 -518//-518 -519//-519
f -519//-519 -518//-518 -520//-520
f -519//-519 -520//-520 -521//-521
f -521//-521 -520//-520 -522//-522
f -521//-521 -522//-522 -523//-523
f -523//-523 -522//-522 -524//-524
f -147//-147 -148//-148 -149//-149
f -149//-149 -148//-148 -150//-150
f -149//-149 -150//-150 -151//-151
f -151//-151 -150//-150 -152//-152
f -499//-499 -500//-500 -501//-501
f -501//-501 -500//-500 -502//-502
f -501//-501 -502//-502 -503//-503
f -503//-503 -502//-502 -504//-504
f -503//-503 -504//-504 -505//-505
f -505//-505 -504//-504 -506//-506
f -505//-505 -506//-506 -507//-507
f -507//-507 -506//-506 -508//-508
f -507//-507 -508//-508 -509//-509
f -509//-509 -508//-508 -510//-510
f -509//-509 -510//-510 -511//-511
f -511//-511 -510//-510 -512//-512
f -511//-511 -512//-512 -513//-513
f -513//-513 -512//-512 -514//-514
f -513//-513 -514//-514 -515//-515
f -515//-515 -514//-514 -516//-516
f -552//-552 -553//-553 -554//-554
f -554//-554 -553//-553 -555//-555
f -554//-554 -555//-555 -547//-547
f -123//-123 -124//-124 -125//-125
f -125//-125 -124//-124 -126//-126
f -125//-125 -126//-126 -127//-127
f -127//-127 -126//-126 -128//-128
f -541//-541 -551//-551 -542//-542
f -542//-542 -551//-551 -552//-552
f -542//-542 -552//-552 -543//-543
f -543//-543 -552//-552 -549//-549
f -543//-543 -549//-549 -544//-544
f -547//-547 -548//-548 -549//-549
f -549//-549 -548//-548 -550//-550
f -549//-549 -550//-550 -544//-544
f -133//-133 -134//-134 -135//-135
f -135//-135 -134//-134 -136//-136
f -135//-135 -136//-136 -137//-137
f -137//-137 -136//-136 -138//-138
f -120//-120 -110//-110 -112//-112
f -112//-112 -110//-110 -114//-114
f -112//-112 -114//-114 -113//-113
f -108//-108 -109//-109 -122//-122
f -122//-122 -109//-109 -121//-121
f -122//-122 -121//-121 -120//-120
f -120//-120 -121//-121 -119//-119
f -120//-120 -119//-119 -110//-110
f -529//-529 -530//-530 -531//-531
f -531//-531 -530//-530 -532//-532
f -531//-531 -532//-532 -533//-533
f -533//-533 -532//-532 -534//-534
f -533//-533 -534//-534 -535//-535
f -535//-535 -534//-534 -536//-536
f -433//-433 -431//-431 -432//-432
f -432//-432 -431//-431 -430//-430
f -436//-436 -433//-433 -434//-434
f -434//-434 -433//-433 -432//-432
f -98//-98 -90//-90 -87//-87
f -87//-87 -90//-90 -91//-91
f -116//-116 -118//-118 -117//-117
f -117//-117 -118//-118 -106//-106
f -117//-117 -106//-106 -108//-108
f -108//-108 -106//-106 -107//-107
f -108//-108 -107//-107 -109//-109
f -100//-100 -101//-101 -102//-102
f -102//-102 -101//-101 -103//-103
f -102//-102 -103//-103 -104//-104
f -104//-104 -103//-103 -105//-105
f -84//-84 -83//-83 -93//-93
f -93//-93 -83//-83 -95//-95
f -93//-93 -95//-95 -94//-94
f -87//-87 -96//-96 -98//-98
f -98//-98 -96//-96 -97//-97
f -98//-98 -97//-97 -99//-99
f -99//-99 -97//-97 -86//-86
f -99//-99 -86//-86 -84//-84
f -84//-84 -86//-86 -85//-85
f -84//-84 -85//-85 -83//-83
f -447//-447 -448//-448 -449//-449
f -449//-449 -448//-448 -450//-450
f -449//-449 -450//-450 -451//-451
f -451//-451 -450//-450 -452//-452
f -451//-451 -452//-452 -453//-453
f -453//-453 -452//-452 -454//-454
f -453//-453 -454//-454 -455//-455
f -455//-455 -454//-454 -456//-456
f -455//-455 -456//-456 -457//-457
f -457//-457 -456//-456 -458//-458
f -457//-457 -458//-458 -459//-459
f -459//-459 -458//-458 -460//-460
f -459//-459 -460//-460 -461//-461
f -461//-461 -460//-460 -462//-462
f -57//-57 -56//-56 -55//-55
f -55//-55 -56//-56 -54//-54
f -55//-55 -54//-54 -59//-59
f -54//-54 -58//-58 -59//-59
f -59//-59 -58//-58 -60//-60
f -59//-59 -60//-60 -61//-61
f -61//-61 -60//-60 -62//-62
f -62//-62 -49//-49 -61//-61
f -61//-61 -49//-49 -51//-51
f -61//-61 -51//-51 -55//-55
f -55//-55 -51//-51 -50//-50
f -55//-55 -50//-50 -57//-57
f -485//-485 -486//-486 -487//-487
f -487//-487 -486//-486 -488//-488
f -487//-487 -488//-488 -489//-489
f -489//-489 -488//-488 -490//-490
f -489//-489 -490//-490 -491//-491
f -491//-491 -490//-490 -492//-492
f -491//-491 -492//-492 -493//-493
f -493//-493 -492//-492 -494//-494
f -467//-467 -468//-468 -469//-469
f -469//-469 -468//-468 -470//-470
f -469//-469 -470//-470 -471//-471
f -471//-471 -470//-470 -472//-472
f -471//-471 -472//-472 -473//-473
f -473//-473 -472//-472 -474//-474
f -473//-473 -474//-474 -475//-475
f -475//-475 -474//-474 -476//-476
f -475//-475 -476//-476 -477//-477
f -477//-477 -476//-476 -478//-478
f -477//-477 -478//-478 -479//-479
f -479//-479 -478//-478 -480//-480
f -345//-345 -346//-346 -347//-347
f -347//-347 -346//-346 -348//-348
f -347//-347 -348//-348 -349//-349
f -349//-349 -348//-348 -350//-350
f -349//-349 -350//-350 -351//-351
f -351//-351 -350//-350 -352//-352
f -351//-351 -352//-352 -353//-353
f -353//-353 -352//-352 -354//-354
f -353//-353 -354//-354 -355//-355
f -355//-355 -354//-354 -356//-356
f -355//-355 -356//-356 -357//-357
f -357//-357 -356//-356 -358//-358
f -357//-357 -358//-358 -359//-359
f -359//-359 -358//-358 -360//-360
f -359//-359 -360//-360 -361//-361
f -361//-361 -360//-360 -362//-362
f -361//-361 -362//-362 -363//-363
f -363//-363 -362//-362 -364//-364
f -311//-311 -312//-312 -313//-313
f -313//-313 -312//-312 -314//-314
f -313//-313 -314//-314 -315//-315
f -315//-315 -314//-314 -316//-316
f -315//-315 -316//-316 -317//-317
f -317//-317 -316//-316 -318//-318
f -323//-323 -324//-324 -325//-325
f -325//-325 -324//-324 -326//-326
f -325//-325 -326//-326 -327//-327
f -327//-327 -326//-326 -328//-328
f -434//-434 -435//-435 -436//-436
f -436//-436 -435//-435 -437//-437
f -436//-436 -437//-437 -438//-438
f -438//-438 -437//-437 -439//-439
f -438//-438 -439//-439 -440//-440
f -440//-440 -439//-439 -441//-441
f -440//-440 -441//-441 -442//-442
f -442//-442 -441//-441 -443//-443
f -442//-442 -443//-443 -445//-445
f -445//-445 -443//-443 -444//-444
f -445//-445 -444//-444 -446//-446
f -446//-446 -444//-444 -421//-421
f -446//-446 -421//-421 -426//-426
f -426//-426 -421//-421 -422//-422
f -426//-426 -422//-422 -424//-424
f -424//-424 -422//-422 -423//-423
f -431//-431 -429//-429 -430//-430
f -430//-430 -429//-429 -428//-428
f -430//-430 -428//-428 -420//-420
f -420//-420 -428//-428 -419//-419
f -420//-420 -419//-419 -418//-418
f -418//-418 -417//-417 -420//-420
f -420//-420 -417//-417 -416//-416
f -420//-420 -416//-416 -415//-415
f -413//-413 -412//-412 -414//-414
f -414//-414 -412//-412 -411//-411
f -414//-414 -411//-411 -410//-410
f -410//-410 -420//-420 -414//-414
f -414//-414 -420//-420 -415//-415
f -414//-414 -415//-415 -409//-409
f -381//-381 -379//-379 -382//-382
f -382//-382 -379//-379 -380//-380
f -382//-382 -380//-380 -401//-401
f -401//-401 -380//-380 -403//-403
f -401//-401 -403//-403 -402//-402
f -402//-402 -403//-403 -392//-392
f -402//-402 -392//-392 -393//-393
f -393//-393 -392//-392 -394//-394
f -393//-393 -394//-394 -395//-395
f -395//-395 -394//-394 -396//-396
f -395//-395 -396//-396 -397//-397
f -397//-397 -396//-396 -398//-398
f -397//-397 -398//-398 -399//-399
f -398//-398 -400//-400 -399//-399
f -399//-399 -400//-400 -385//-385
f -399//-399 -385//-385 -386//-386
f -386//-386 -385//-385 -387//-387
f -386//-386 -387//-387 -388//-388
f -388//-388 -387//-387 -389//-389
f -388//-388 -389//-389 -390//-390
f -390//-390 -389//-389 -391//-391
f -368//-368 -367//-367 -371//-371
f -371//-371 -367//-367 -366//-366
f -371//-371 -366//-366 -365//-365
f -376//-376 -375//-375 -377//-377
f -377//-377 -375//-375 -374//-374
f -374//-374 -373//-373 -377//-377
f -377//-377 -373//-373 -372//-372
f -377//-377 -372//-372 -391//-391
f -369//-369 -376//-376 -371//-371
f -371//-371 -376//-376 -377//-377
f -371//-371 -377//-377 -368//-368
f -179//-179 -175//-175 -178//-178
f -178//-178 -175//-175 -174//-174
f -178//-178 -174//-174 -173//-173
f -189//-189 -179//-179 -181//-181
f -181//-181 -179//-179 -178//-178
f -185//-185 -190//-190 -186//-186
f -186//-186 -190//-190 -191//-191
f -186//-186 -191//-191 -187//-187
f -187//-187 -191//-191 -188//-188
f -187//-187 -188//-188 -193//-193
f -198//-198 -191//-191 -192//-192
f -192//-192 -191//-191 -190//-190
f -188//-188 -189//-189 -193//-193
f -193//-193 -189//-189 -181//-181
f -193//-193 -181//-181 -194//-194
f -194//-194 -181//-181 -180//-180
f -202//-202 -204//-204 -203//-203
f -203//-203 -204//-204 -184//-184
f -199//-199 -177//-177 -183//-183
f -183//-183 -177//-177 -182//-182
f -183//-183 -182//-182 -184//-184
f -192//-192 -197//-197 -198//-198
f -198//-198 -197//-197 -199//-199
f -198//-198 -199//-199 -200//-200
f -200//-200 -199//-199 -204//-204
f -200//-200 -204//-204 -201//-201
f -201//-201 -204//-204 -202//-202
f -215//-215 -234//-234 -214//-214
f -214//-214 -234//-234 -235//-235
f -230//-230 -229//-229 -234//-234
f -234//-234 -229//-229 -236//-236
f -234//-234 -236//-236 -235//-235
f -232//-232 -230//-230 -231//-231
f -231//-231 -230//-230 -234//-234
f -214//-214 -216//-216 -215//-215
f -215//-215 -216//-216 -209//-209
f -215//-215 -209//-209 -231//-231
f -231//-231 -209//-209 -233//-233
f -231//-231 -233//-233 -232//-232
f -232//-232 -233//-233 -222//-222
f -232//-232 -222//-222 -223//-223
f -223//-223 -222//-222 -224//-224
f -210//-210 -213//-213 -227//-227
f -227//-227 -213//-213 -225//-225
f -227//-227 -225//-225 -226//-226
f -206//-206 -205//-205 -212//-212
f -212//-212 -205//-205 -211//-211
f -212//-212 -211//-211 -213//-213
f -213//-213 -211//-211 -220//-220
f -213//-213 -220//-220 -225//-225
f -225//-225 -220//-220 -221//-221
f -225//-225 -221//-221 -219//-219
f -219//-219 -221//-221 -223//-223
f -219//-219 -223//-223 -218//-218
f -218//-218 -223//-223 -224//-224
f -218//-218 -224//-224 -217//-217
f -241//-241 -242//-242 -243//-243
f -243//-243 -242//-242 -244//-244
f -243//-243 -244//-244 -245//-245
f -245//-245 -244//-244 -246//-246
f -245//-245 -246//-246 -247//-247
f -247//-247 -246//-246 -248//-248
f -295//-295 -296//-296 -297//-297
f -297//-297 -296//-296 -298//-298
f -297//-297 -298//-298 -299//-299
f -299//-299 -298//-298 -300//-300
f -299//-299 -300//-300 -301//-301
f -301//-301 -300//-300 -302//-302
f -289//-289 -290//-290 -291//-291
f -291//-291 -290//-290 -292//-292
f -291//-291 -292//-292 -293//-293
f -293//-293 -292//-292 -294//-294
