mtllib S.mtl
usemtl AXIS
v 0.017931 -0.097895 0.173388
v -0.017772 -0.097894 0.173324
v 0.017306 -0.097891 0.173174
v -0.016901 -0.097888 0.173082
v 0.016659 -0.097888 0.173044
v -0.016000 -0.097887 0.173000
v 0.016000 -0.097887 0.173000
v 0.018585 -0.097903 0.173720
v -0.018585 -0.097903 0.173720
v 0.019183 -0.097913 0.174144
v -0.019183 -0.097913 0.174144
v -0.012500 -0.098000 0.178000
v -0.012500 -0.097921 0.174500
v 0.012500 -0.098000 0.178000
v 0.012500 -0.097921 0.174500
v -0.019500 -0.097921 0.174500
v -0.019500 -0.098000 0.178000
v -0.019713 -0.097924 0.174651
v -0.021000 -0.098000 0.178000
v -0.020946 -0.097983 0.177269
v -0.020786 -0.097967 0.176554
v -0.020523 -0.097952 0.175869
v -0.020163 -0.097937 0.175231
v 0.019713 -0.097924 0.174651
v 0.019500 -0.097921 0.174500
v 0.019500 -0.098000 0.178000
v 0.020163 -0.097937 0.175230
v 0.020523 -0.097952 0.175869
v 0.020786 -0.097967 0.176553
v 0.020946 -0.097983 0.177269
v 0.021000 -0.098000 0.178000
v -0.019500 -0.098000 0.178000
v -0.019500 -0.097921 0.174500
v -0.019500 -0.097921 0.181502
v -0.019500 -0.067928 0.175181
v -0.019500 -0.068087 0.182179
v -0.016659 -0.097888 0.182956
v -0.017306 -0.097891 0.182826
v 0.016901 -0.097888 0.182918
v -0.017931 -0.097895 0.182612
v 0.017772 -0.097894 0.182676
v -0.018585 -0.097903 0.182280
v 0.018585 -0.097903 0.182280
v -0.019183 -0.097913 0.181856
v 0.019183 -0.097913 0.181856
v -0.012500 -0.097921 0.181502
v 0.012500 -0.097921 0.181502
v -0.012500 -0.098000 0.178000
v 0.012500 -0.098000 0.178000
v -0.016000 -0.097887 0.183000
v 0.016000 -0.097887 0.183000
v 0.019500 -0.097921 0.181502
v 0.019500 -0.098000 0.178000
v 0.021000 -0.098000 0.178000
v 0.020946 -0.097983 0.178731
v 0.020786 -0.097967 0.179446
v 0.020523 -0.097952 0.180131
v 0.020163 -0.097937 0.180769
v 0.019713 -0.097924 0.181349
v -0.019500 -0.097921 0.181502
v -0.019713 -0.097924 0.181349
v -0.020163 -0.097937 0.180770
v -0.020523 -0.097952 0.180131
v -0.020786 -0.097967 0.179447
v -0.020946 -0.097983 0.178731
v -0.021000 -0.098000 0.178000
v -0.019500 -0.098000 0.178000
v -0.019500 -0.068087 0.182179
v -0.012500 -0.068087 0.182179
v -0.019500 -0.097921 0.181502
v -0.012500 -0.097921 0.181502
v -0.012500 -0.067928 0.175181
v -0.019500 -0.067928 0.175181
v -0.012500 -0.097921 0.174500
v -0.019500 -0.097921 0.174500
v -0.019500 -0.067928 0.175181
v -0.012500 -0.067928 0.175181
v -0.019500 -0.068087 0.182179
v -0.012500 -0.068087 0.182179
v -0.019713 -0.097924 0.181349
v -0.019798 -0.094883 0.181252
v -0.020163 -0.097937 0.180770
v -0.020802 -0.094711 0.179393
v -0.020523 -0.097952 0.180131
v -0.020786 -0.097967 0.179447
v -0.019183 -0.097913 0.181856
v -0.018585 -0.097903 0.182280
v -0.018089 -0.095194 0.182543
v -0.017931 -0.097895 0.182612
v -0.017306 -0.097891 0.182826
v -0.020946 -0.097983 0.178731
v -0.021000 -0.094700 0.178000
v -0.021000 -0.098000 0.178000
v -0.020946 -0.097983 0.177269
v -0.020802 -0.094718 0.176607
v -0.020786 -0.097967 0.176554
v -0.019798 -0.094900 0.174747
v -0.020523 -0.097952 0.175869
v -0.020163 -0.097937 0.175231
v -0.019713 -0.097924 0.174651
v -0.018087 -0.095218 0.173456
v -0.019183 -0.097913 0.174144
v -0.018585 -0.097903 0.173720
v -0.016659 -0.097888 0.182956
v -0.016000 -0.097887 0.183000
v -0.016000 -0.095556 0.183000
v -0.016000 -0.095583 0.173000
v -0.016901 -0.097888 0.173082
v -0.017772 -0.097894 0.173324
v -0.016000 -0.097887 0.173000
v 0.016000 -0.097887 0.173000
v -0.016000 -0.097887 0.173000
v -0.008028 -0.096580 0.173000
v 0.000000 -0.096913 0.173000
v 0.008028 -0.096580 0.173000
v 0.016000 -0.095583 0.173000
v -0.016000 -0.095583 0.173000
v 0.016000 -0.095583 0.173000
v 0.016324 -0.095528 0.173010
v 0.016659 -0.097888 0.173044
v 0.019016 -0.095047 0.174012
v 0.017306 -0.097891 0.173174
v 0.017931 -0.097895 0.173388
v 0.019183 -0.097913 0.181856
v 0.019017 -0.095025 0.181987
v 0.018585 -0.097903 0.182280
v 0.016327 -0.095501 0.182989
v 0.017772 -0.097894 0.182676
v 0.016901 -0.097888 0.182918
v 0.019713 -0.097924 0.181349
v 0.020163 -0.097937 0.180769
v 0.020400 -0.094775 0.180374
v 0.020523 -0.097952 0.180131
v 0.020786 -0.097967 0.179446
v 0.018585 -0.097903 0.173720
v 0.019183 -0.097913 0.174144
v 0.020400 -0.094788 0.175626
v 0.019713 -0.097924 0.174651
v 0.020163 -0.097937 0.175230
v 0.020523 -0.097952 0.175869
v 0.021000 -0.094700 0.178000
v 0.020786 -0.097967 0.176553
v 0.020946 -0.097983 0.177269
v 0.021000 -0.098000 0.178000
v 0.020946 -0.097983 0.178731
v 0.016000 -0.097887 0.173000
v 0.016000 -0.095556 0.183000
v 0.016000 -0.097887 0.183000
v 0.019500 -0.098000 0.178000
v 0.019500 -0.097921 0.181502
v 0.019500 -0.097921 0.174500
v 0.019500 -0.068087 0.182179
v 0.019500 -0.067928 0.175181
v 0.019500 -0.067928 0.175181
v 0.012500 -0.067928 0.175181
v 0.019500 -0.097921 0.174500
v 0.012500 -0.097921 0.174500
v 0.012500 -0.098000 0.178000
v 0.012500 -0.097921 0.174500
v 0.012500 -0.097921 0.181502
v 0.012500 -0.067928 0.175181
v 0.012500 -0.068087 0.182179
v -0.012500 -0.098000 0.178000
v -0.012500 -0.097921 0.181502
v -0.012500 -0.097921 0.174500
v -0.012500 -0.068087 0.182179
v -0.012500 -0.067928 0.175181
v -0.016000 -0.097887 0.183000
v 0.016000 -0.097887 0.183000
v 0.008028 -0.096553 0.183000
v 0.000000 -0.096887 0.183000
v -0.008028 -0.096553 0.183000
v -0.016000 -0.095556 0.183000
v 0.016000 -0.095556 0.183000
v 0.012500 -0.068087 0.182179
v 0.019500 -0.068087 0.182179
v 0.012500 -0.097921 0.181502
v 0.019500 -0.097921 0.181502
v 0.000000 -0.096712 0.161500
v 0.000000 -0.096913 0.173000
v -0.013033 -0.095830 0.161500
v -0.008028 -0.096580 0.173000
v -0.025828 -0.093199 0.161500
v -0.016000 -0.095583 0.173000
v -0.018087 -0.095218 0.173456
v -0.000000 0.096913 0.173000
v 0.000000 0.096712 0.161500
v -0.008028 0.096580 0.173000
v -0.012311 0.095925 0.161500
v -0.016000 0.095583 0.173000
v -0.016324 0.095528 0.173010
v -0.019016 0.095047 0.174012
v -0.024423 0.093578 0.161500
v -0.020400 0.094788 0.175626
v -0.036136 0.089707 0.161500
v -0.032505 0.091392 0.178000
v -0.043516 0.086691 0.178000
v -0.047262 0.084377 0.161500
v -0.053863 0.080671 0.178000
v -0.057619 0.077674 0.161500
v -0.063390 0.073422 0.178000
v -0.067038 0.069708 0.161500
v -0.071951 0.065054 0.178000
v -0.075366 0.060607 0.161500
v -0.079417 0.055695 0.178000
v -0.085673 0.045488 0.178000
v -0.082468 0.050519 0.161500
v -0.088228 0.039610 0.161500
v -0.090623 0.034589 0.178000
v -0.092553 0.028056 0.161500
v -0.094194 0.023162 0.178000
v -0.095371 0.016046 0.161500
v -0.096330 0.011383 0.178000
v -0.096323 0.011288 0.176946
v -0.096638 0.003775 0.161500
v -0.096743 0.005444 0.172017
v -0.096333 -0.008558 0.161500
v -0.096743 -0.005444 0.172017
v -0.096655 -0.006862 0.172191
v -0.096475 -0.009278 0.173435
v -0.094460 -0.020751 0.161500
v -0.096358 -0.010714 0.175251
v -0.094194 -0.023162 0.178000
v -0.096330 -0.011383 0.178000
v -0.085673 -0.045488 0.178000
v -0.085359 -0.045465 0.161500
v -0.079417 -0.055695 0.178000
v -0.078454 -0.056553 0.161500
v -0.071951 -0.065054 0.178000
v -0.070117 -0.066610 0.161500
v -0.063390 -0.073422 0.178000
v -0.060501 -0.075451 0.161500
v -0.053863 -0.080671 0.178000
v -0.049781 -0.082916 0.161500
v -0.043516 -0.086691 0.178000
v -0.038153 -0.088868 0.161500
v -0.032505 -0.091392 0.178000
v -0.020802 -0.094718 0.176607
v -0.019798 -0.094900 0.174747
v -0.091089 -0.032661 0.164688
v -0.091017 -0.032876 0.164940
v -0.090903 -0.033190 0.164990
v -0.090623 -0.034589 0.178000
v -0.090801 -0.033460 0.164818
v -0.090757 -0.033565 0.164500
v -0.096593 0.007752 0.172490
v -0.096408 0.010091 0.174282
v -0.091049 -0.032607 0.161500
v -0.091099 -0.032625 0.164500
v -0.090707 -0.033547 0.161500
v -0.021000 0.094700 0.178000
v -0.021000 -0.094700 0.178000
v 0.000000 -0.096887 0.183000
v 0.000000 -0.096818 0.186001
v -0.008028 -0.096553 0.183000
v -0.011658 -0.096114 0.186001
v -0.016000 -0.095556 0.183000
v -0.018089 -0.095194 0.182543
v -0.023147 -0.094011 0.186001
v -0.034299 -0.090539 0.186001
v -0.032505 -0.091392 0.178000
v -0.043516 -0.086691 0.178000
v -0.064150 -0.072516 0.186001
v -0.063390 -0.073422 0.178000
v -0.054951 -0.079713 0.186001
v -0.053863 -0.080671 0.178000
v -0.044952 -0.085750 0.186001
v -0.072415 -0.064264 0.186001
v -0.071951 -0.065054 0.178000
v -0.079627 -0.055077 0.186001
v -0.079417 -0.055695 0.178000
v -0.085673 -0.045488 0.178000
v -0.096363 -0.010436 0.181227
v -0.096318 -0.011327 0.178804
v -0.093996 -0.023206 0.186001
v -0.094194 -0.023162 0.178000
v -0.090507 -0.034384 0.186001
v -0.090623 -0.034589 0.178000
v -0.085694 -0.045060 0.186001
v -0.096526 -0.008288 0.183244
v -0.096110 -0.011689 0.186001
v -0.096711 -0.005444 0.183977
v -0.096818 -0.000000 0.186001
v -0.096711 0.005444 0.183977
v -0.096623 0.006889 0.183797
v -0.095990 0.012637 0.186001
v -0.096456 0.009212 0.182615
v -0.094194 0.023162 0.178000
v -0.096335 0.010860 0.180438
v -0.096330 0.011383 0.178000
v -0.068462 0.068460 0.186001
v -0.071951 0.065054 0.178000
v -0.076812 0.058939 0.186001
v -0.079417 0.055695 0.178000
v -0.083848 0.048409 0.186001
v -0.085673 0.045488 0.178000
v -0.089449 0.037050 0.186001
v -0.090623 0.034589 0.178000
v -0.093520 0.025058 0.186001
v -0.063390 0.073422 0.178000
v -0.058940 0.076811 0.186001
v -0.053863 0.080671 0.178000
v -0.043516 0.086691 0.178000
v -0.048410 0.083847 0.186001
v -0.037052 0.089448 0.186001
v -0.032505 0.091392 0.178000
v -0.025060 0.093519 0.186001
v -0.020400 0.094775 0.180374
v -0.019017 0.095025 0.181987
v -0.000000 0.096818 0.186001
v -0.000000 0.096887 0.183000
v -0.012639 0.095990 0.186001
v -0.008028 0.096553 0.183000
v -0.016000 0.095556 0.183000
v -0.016327 0.095501 0.182989
v -0.021000 -0.094700 0.178000
v -0.020802 -0.094711 0.179393
v -0.019798 -0.094883 0.181252
v -0.096330 -0.011383 0.178000
v -0.021000 0.094700 0.178000
v 0.000000 -0.096913 0.173000
v 0.000000 -0.096712 0.161500
v 0.008028 -0.096580 0.173000
v 0.012623 -0.095885 0.161500
v 0.016000 -0.095583 0.173000
v 0.016324 -0.095528 0.173010
v 0.000000 0.096712 0.161500
v -0.000000 0.096913 0.173000
v 0.012623 0.095885 0.161500
v 0.008028 0.096580 0.173000
v 0.025031 0.093417 0.161500
v 0.016000 0.095583 0.173000
v 0.018087 0.095218 0.173456
v 0.019016 -0.095047 0.174012
v 0.025031 -0.093417 0.161500
v 0.020400 -0.094788 0.175626
v 0.037010 -0.089350 0.161500
v 0.032523 -0.091385 0.178000
v 0.043549 -0.086675 0.178000
v 0.068386 -0.068386 0.161500
v 0.072013 -0.064985 0.178000
v 0.058875 -0.076727 0.161500
v 0.063446 -0.073373 0.178000
v 0.048356 -0.083755 0.161500
v 0.053909 -0.080640 0.178000
v 0.089350 -0.037010 0.161500
v 0.090676 -0.034450 0.178000
v 0.083755 -0.048356 0.161500
v 0.085733 -0.045374 0.178000
v 0.076727 -0.058875 0.161500
v 0.079481 -0.055604 0.178000
v 0.096125 0.013000 0.178000
v 0.096631 0.008454 0.178000
v 0.096026 0.013454 0.175918
v 0.095885 0.012623 0.161500
v 0.095806 0.014742 0.174208
v 0.095477 0.016642 0.173188
v 0.090676 0.034450 0.178000
v 0.089350 0.037010 0.161500
v 0.085733 0.045374 0.178000
v 0.083755 0.048356 0.161500
v 0.079481 0.055604 0.178000
v 0.076727 0.058875 0.161500
v 0.072013 0.064985 0.178000
v 0.068386 0.068386 0.161500
v 0.063446 0.073373 0.178000
v 0.058875 0.076727 0.161500
v 0.053909 0.080640 0.178000
v 0.043549 0.086675 0.178000
v 0.048356 0.083755 0.161500
v 0.037010 0.089350 0.161500
v 0.032523 0.091385 0.178000
v 0.021000 0.094700 0.178000
v 0.020802 0.094718 0.176607
v 0.096512 0.008312 0.170500
v 0.096712 -0.000000 0.161500
v 0.096869 0.000000 0.170500
v 0.095885 -0.012623 0.161500
v 0.096512 -0.008312 0.170500
v 0.096631 -0.008454 0.178000
v 0.095945 -0.013918 0.175113
v 0.095673 -0.015527 0.173655
v 0.095160 -0.018349 0.173012
v 0.093417 -0.025031 0.161500
v 0.094621 -0.021033 0.174025
v 0.094334 -0.022406 0.175636
v 0.094234 -0.023000 0.178000
v 0.096125 -0.013000 0.178000
v 0.096098 -0.013083 0.177095
v 0.093417 0.025031 0.161500
v 0.094234 0.023000 0.178000
v 0.094289 0.022632 0.176116
v 0.094542 0.021409 0.174343
v 0.094930 0.019526 0.173238
v 0.021000 -0.094700 0.178000
v 0.019798 0.094900 0.174747
v 0.000000 -0.096818 0.186001
v 0.000000 -0.096887 0.183000
v 0.012637 -0.095990 0.186001
v 0.008028 -0.096553 0.183000
v 0.025059 -0.093519 0.186001
v 0.016000 -0.095556 0.183000
v 0.016327 -0.095501 0.182989
v 0.025059 0.093519 0.186001
v 0.018089 0.095194 0.182543
v 0.012637 0.095990 0.186001
v 0.016000 0.095556 0.183000
v -0.000000 0.096818 0.186001
v 0.008028 0.096553 0.183000
v -0.000000 0.096887 0.183000
v 0.021000 0.094700 0.178000
v 0.020802 0.094711 0.179393
v 0.032523 0.091385 0.178000
v 0.037051 0.089449 0.186001
v 0.043549 0.086675 0.178000
v 0.048409 0.083847 0.186001
v 0.053909 0.080640 0.178000
v 0.063446 0.073373 0.178000
v 0.058939 0.076811 0.186001
v 0.068461 0.068461 0.186001
v 0.072013 0.064985 0.178000
v 0.076811 0.058939 0.186001
v 0.079481 0.055604 0.178000
v 0.085733 0.045374 0.178000
v 0.083847 0.048409 0.186001
v 0.089449 0.037051 0.186001
v 0.090676 0.034450 0.178000
v 0.093519 0.025059 0.186001
v 0.094234 0.023000 0.178000
v 0.094322 0.022406 0.180364
v 0.090676 -0.034450 0.178000
v 0.089449 -0.037051 0.186001
v 0.085733 -0.045374 0.178000
v 0.083847 -0.048409 0.186001
v 0.079481 -0.055604 0.178000
v 0.076811 -0.058939 0.186001
v 0.072013 -0.064985 0.178000
v 0.068461 -0.068461 0.186001
v 0.063446 -0.073373 0.178000
v 0.058939 -0.076811 0.186001
v 0.053909 -0.080640 0.178000
v 0.043549 -0.086675 0.178000
v 0.048409 -0.083847 0.186001
v 0.037051 -0.089449 0.186001
v 0.032523 -0.091385 0.178000
v 0.020400 -0.094775 0.180374
v 0.019017 -0.095025 0.181987
v 0.096830 0.000000 0.185500
v 0.096818 0.000000 0.186001
v 0.096476 -0.008270 0.185500
v 0.095990 -0.012637 0.186001
v 0.096125 -0.013000 0.178000
v 0.095998 -0.013545 0.180270
v 0.095930 0.013920 0.180890
v 0.095649 0.015530 0.182347
v 0.095990 0.012637 0.186001
v 0.095133 0.018352 0.182988
v 0.094600 0.021034 0.181975
v 0.095405 -0.016893 0.182876
v 0.094993 -0.019077 0.182883
v 0.093519 -0.025058 0.186001
v 0.094600 -0.021034 0.181975
v 0.094322 -0.022406 0.180364
v 0.019798 0.094883 0.181252
v 0.096476 0.008270 0.185500
v 0.096631 0.008454 0.178000
v 0.096125 0.013000 0.178000
v 0.096120 0.013004 0.178193
v 0.094234 -0.023000 0.178000
v 0.096631 -0.008454 0.178000
v 0.095755 -0.014922 0.181940
v 0.021000 -0.094700 0.178000
v 0.012500 -0.067928 0.175181
v 0.019500 -0.067928 0.175181
v 0.012500 -0.068087 0.182179
v 0.019500 -0.068087 0.182179
v -0.020163 0.097937 0.175231
v -0.019016 0.095047 0.174012
v -0.020523 0.097952 0.175869
v -0.020400 0.094788 0.175626
v -0.020786 0.097967 0.176554
v -0.020946 0.097983 0.177269
v -0.018585 0.097903 0.173720
v -0.016324 0.095528 0.173010
v -0.019183 0.097913 0.174144
v -0.019713 0.097924 0.174651
v -0.016000 0.097887 0.173000
v -0.016000 0.095583 0.173000
v -0.016901 0.097888 0.173082
v -0.017772 0.097894 0.173324
v -0.018585 0.097903 0.182280
v -0.019183 0.097913 0.181856
v -0.019017 0.095025 0.181987
v -0.019713 0.097924 0.181349
v -0.020400 0.094775 0.180374
v -0.020163 0.097937 0.180770
v -0.020523 0.097952 0.180131
v -0.016327 0.095501 0.182989
v -0.016659 0.097888 0.182956
v -0.017306 0.097891 0.182826
v -0.017931 0.097895 0.182612
v -0.021000 0.094700 0.178000
v -0.020786 0.097967 0.179447
v -0.020946 0.097983 0.178731
v -0.021000 0.098000 0.178000
v -0.016000 0.097887 0.183000
v -0.016000 0.095556 0.183000
v -0.000000 0.096913 0.173000
v -0.016000 0.097887 0.173000
v 0.008028 0.096580 0.173000
v -0.008028 0.096580 0.173000
v 0.016000 0.097887 0.173000
v 0.016000 0.095583 0.173000
v -0.016000 0.095583 0.173000
v -0.096433 0.011044 0.178000
v -0.096433 0.010405 0.175257
v -0.096671 0.009962 0.175164
v -0.096609 0.008360 0.173162
v -0.096868 0.007779 0.173230
v -0.096793 0.005853 0.172392
v -0.096981 0.005457 0.172649
v -0.096743 0.005444 0.172017
v -0.096330 0.011383 0.178000
v -0.096323 0.011288 0.176946
v -0.096408 0.010091 0.174282
v -0.096593 0.007752 0.172490
v -0.097323 0.010500 0.178000
v -0.096973 0.010563 0.178001
v -0.097345 0.010009 0.175840
v -0.097036 0.009486 0.174869
v -0.097513 0.008284 0.173847
v -0.097277 0.006836 0.173110
v -0.097565 0.005490 0.172984
v -0.096981 0.005457 0.172649
v -0.096743 0.005444 0.172017
v -0.096981 -0.005457 0.172649
v -0.097565 -0.005490 0.172984
v -0.097565 0.005490 0.172984
v -0.096743 -0.005444 0.172017
v -0.096981 -0.005457 0.172649
v -0.096629 -0.008113 0.173025
v -0.096816 -0.008384 0.173569
v -0.096457 -0.010131 0.174817
v -0.096637 -0.010351 0.175898
v -0.096391 -0.011084 0.177371
v -0.096433 -0.011044 0.178000
v -0.096330 -0.011383 0.178000
v -0.096743 -0.005444 0.172017
v -0.096655 -0.006862 0.172191
v -0.096475 -0.009278 0.173435
v -0.096358 -0.010714 0.175251
v -0.096973 -0.010563 0.178001
v -0.097365 -0.009797 0.175444
v -0.096963 -0.010287 0.176333
v -0.097134 -0.008471 0.173893
v -0.097513 -0.008285 0.173847
v -0.097561 -0.005694 0.172990
v -0.097565 -0.005490 0.172984
v -0.097323 -0.010500 0.178002
v -0.027320 -0.092774 0.160500
v -0.018353 -0.094955 0.160500
v -0.025828 -0.093199 0.161500
v -0.009218 -0.096272 0.160500
v -0.013033 -0.095830 0.161500
v 0.000000 -0.096712 0.160500
v 0.000000 -0.096712 0.161500
v -0.073781 -0.062528 0.160500
v -0.066029 -0.070664 0.160500
v -0.070117 -0.066610 0.161500
v -0.057384 -0.077847 0.160500
v -0.060501 -0.075451 0.161500
v -0.047965 -0.083979 0.160500
v -0.049781 -0.082916 0.161500
v -0.037898 -0.088977 0.160500
v -0.038153 -0.088868 0.161500
v -0.078454 -0.056553 0.161500
v -0.080536 -0.053547 0.160500
v -0.085359 -0.045465 0.161500
v -0.086204 -0.043843 0.160500
v -0.090707 -0.033547 0.161500
v -0.090707 -0.033547 0.160500
v -0.090757 -0.033565 0.164500
v -0.090509 -0.033475 0.164500
v -0.090707 -0.033547 0.161500
v -0.090509 -0.033475 0.161500
v -0.090509 -0.033475 0.164500
v -0.090801 -0.033460 0.164818
v -0.090559 -0.033337 0.164854
v -0.090903 -0.033190 0.164990
v -0.090680 -0.033005 0.165000
v -0.091017 -0.032876 0.164940
v -0.090801 -0.032673 0.164854
v -0.091089 -0.032661 0.164688
v -0.091099 -0.032625 0.164500
v -0.090757 -0.033565 0.164500
v -0.090851 -0.032535 0.164500
v -0.091099 -0.032625 0.164500
v -0.091049 -0.032607 0.161500
v -0.090851 -0.032535 0.164500
v -0.091049 -0.032607 0.160500
v -0.090851 -0.032535 0.160500
v -0.092688 -0.027608 0.160500
v -0.094460 -0.020751 0.161500
v -0.095265 -0.016669 0.160500
v -0.096333 -0.008558 0.161500
v -0.096555 -0.005505 0.160500
v -0.096638 0.003775 0.161500
v -0.096542 0.005733 0.160500
v -0.095371 0.016046 0.161500
v -0.095225 0.016894 0.160500
v -0.092553 0.028056 0.161500
v -0.092622 0.027826 0.160500
v -0.088228 0.039610 0.161500
v -0.088769 0.038383 0.160500
v -0.082468 0.050519 0.161500
v -0.083717 0.048422 0.160500
v -0.075366 0.060607 0.161500
v -0.077535 0.057807 0.160500
v -0.067038 0.069708 0.161500
v -0.070305 0.066411 0.160500
v -0.057619 0.077674 0.161500
v -0.062126 0.074118 0.160500
v -0.053109 0.080825 0.160500
v -0.047262 0.084377 0.161500
v -0.043374 0.086440 0.160500
v -0.036136 0.089707 0.161500
v -0.033054 0.090888 0.160500
v -0.024423 0.093578 0.161500
v -0.022287 0.094109 0.160500
v -0.012311 0.095925 0.161500
v -0.011219 0.096059 0.160500
v 0.000000 0.096712 0.161500
v 0.000000 0.096712 0.160500
v -0.091049 -0.032607 0.160500
v -0.091049 -0.032607 0.161500
v -0.000000 0.096818 0.186001
v -0.012639 0.095990 0.186001
v -0.008945 0.096534 0.186065
v -0.026531 0.093247 0.186065
v -0.025193 0.093671 0.186200
v -0.037196 0.089585 0.186200
v -0.000109 0.097000 0.186200
v 0.008945 0.096534 0.186065
v 0.012637 0.095990 0.186001
v 0.026531 0.093247 0.186065
v 0.025059 0.093519 0.186001
v 0.037051 0.089449 0.186001
v 0.097000 0.000218 0.186200
v 0.096948 0.000000 0.186065
v 0.096143 0.012869 0.186200
v 0.095297 0.017814 0.186065
v 0.093643 0.025299 0.186200
v 0.093519 0.025059 0.186001
v 0.090401 0.035022 0.186065
v 0.089449 0.037051 0.186001
v 0.083847 0.048409 0.186001
v 0.071645 0.065313 0.186065
v 0.076850 0.059187 0.186200
v 0.076811 0.058939 0.186001
v 0.082427 0.051036 0.186065
v 0.068461 0.068461 0.186001
v 0.058927 0.077049 0.186200
v 0.058424 0.077366 0.186065
v 0.048374 0.084077 0.186200
v 0.048409 0.083847 0.186001
v 0.036994 0.089669 0.186200
v 0.024982 0.093728 0.186200
v 0.012544 0.096186 0.186200
v -0.058424 0.077366 0.186065
v -0.048563 0.083968 0.186200
v -0.048410 0.083847 0.186001
v -0.037052 0.089448 0.186001
v -0.025060 0.093519 0.186001
v -0.058940 0.076811 0.186001
v -0.071645 0.065313 0.186065
v -0.068628 0.068551 0.186200
v -0.076983 0.059014 0.186200
v -0.082427 0.051036 0.186065
v -0.076812 0.058939 0.186001
v -0.068462 0.068460 0.186001
v -0.083848 0.048409 0.186001
v -0.090401 0.035022 0.186065
v -0.089627 0.037095 0.186200
v -0.093700 0.025088 0.186200
v -0.096948 -0.000000 0.186065
v -0.096171 0.012652 0.186200
v -0.095990 0.012637 0.186001
v -0.093520 0.025058 0.186001
v -0.089449 0.037050 0.186001
v 0.096818 0.000000 0.186001
v 0.095990 0.012637 0.186001
v 0.083913 0.048658 0.186200
v 0.089543 0.037297 0.186200
v 0.097000 0.000000 0.186200
v 0.068473 0.068705 0.186200
v 0.058939 0.076811 0.186001
v -0.012760 0.096157 0.186200
v -0.059100 0.076917 0.186200
v -0.084023 0.048469 0.186200
v -0.097000 -0.000000 0.186200
v -0.096818 -0.000000 0.186001
v 0.000000 -0.096818 0.186001
v 0.012637 -0.095990 0.186001
v 0.008945 -0.096534 0.186065
v 0.026531 -0.093247 0.186065
v 0.022662 -0.094316 0.186200
v 0.035014 -0.090460 0.186200
v -0.003024 -0.096953 0.186200
v -0.011658 -0.096114 0.186001
v -0.015902 -0.095688 0.186200
v -0.023147 -0.094011 0.186001
v -0.026531 -0.093247 0.186065
v -0.034299 -0.090539 0.186001
v -0.028497 -0.092720 0.186200
v -0.043213 -0.086784 0.186065
v -0.040585 -0.088102 0.186200
v -0.051950 -0.081916 0.186200
v -0.079627 -0.055077 0.186001
v -0.072415 -0.064264 0.186001
v -0.071645 -0.065313 0.186065
v -0.064150 -0.072516 0.186001
v -0.062391 -0.074272 0.186200
v -0.054951 -0.079713 0.186001
v -0.071722 -0.065307 0.186200
v -0.082427 -0.051036 0.186065
v -0.085694 -0.045060 0.186001
v -0.085854 -0.045145 0.186200
v -0.090401 -0.035022 0.186065
v -0.090677 -0.034450 0.186200
v -0.093996 -0.023206 0.186001
v -0.095297 -0.017814 0.186065
v -0.096110 -0.011689 0.186001
v -0.096818 -0.000000 0.186001
v 0.043213 -0.086784 0.186065
v 0.037051 -0.089449 0.186001
v 0.025059 -0.093519 0.186001
v 0.048409 -0.083847 0.186001
v 0.058939 -0.076811 0.186001
v 0.058424 -0.077366 0.186065
v 0.068461 -0.068461 0.186001
v 0.067512 -0.069650 0.186200
v 0.076182 -0.060045 0.186200
v 0.076811 -0.058939 0.186001
v 0.082427 -0.051036 0.186065
v 0.083847 -0.048409 0.186001
v 0.090401 -0.035022 0.186065
v 0.089449 -0.037051 0.186001
v 0.093519 -0.025058 0.186001
v 0.089324 -0.037818 0.186200
v 0.093563 -0.025592 0.186200
v 0.096137 -0.012911 0.186200
v 0.095990 -0.012637 0.186001
v 0.096948 0.000000 0.186065
v 0.096818 0.000000 0.186001
v -0.097000 -0.000000 0.186200
v -0.096948 -0.000000 0.186065
v -0.096290 -0.011711 0.186200
v -0.094172 -0.023250 0.186200
v 0.057640 -0.078017 0.186200
v 0.083496 -0.049371 0.186200
v 0.009907 -0.096493 0.186200
v -0.079776 -0.055180 0.186200
v -0.090507 -0.034384 0.186001
v -0.044952 -0.085750 0.186001
v 0.046743 -0.084995 0.186200
v 0.097000 0.000000 0.186200
v 0.016000 0.097887 0.183000
v -0.016000 0.097887 0.183000
v -0.008028 0.096553 0.183000
v -0.000000 0.096887 0.183000
v 0.008028 0.096553 0.183000
v 0.016000 0.095556 0.183000
v -0.016000 0.095556 0.183000
v -0.096433 -0.011044 0.178000
v -0.096413 -0.010497 0.180562
v -0.096654 -0.009990 0.180787
v -0.096558 -0.008677 0.182631
v -0.096845 -0.007745 0.182785
v -0.096746 -0.006114 0.183582
v -0.096959 -0.005458 0.183341
v -0.096711 -0.005444 0.183977
v -0.096330 -0.011383 0.178000
v -0.096318 -0.011327 0.178804
v -0.096363 -0.010436 0.181227
v -0.096526 -0.008288 0.183244
v -0.097009 -0.009579 0.181008
v -0.097243 -0.006895 0.182873
v -0.097510 -0.008030 0.182312
v -0.097512 -0.007931 0.182369
v -0.096973 -0.010563 0.178001
v -0.097336 -0.009961 0.180259
v -0.097556 -0.005491 0.183012
v -0.097323 -0.010500 0.178002
v -0.096959 0.005458 0.183341
v -0.097556 0.005491 0.183012
v -0.096959 -0.005458 0.183341
v -0.096711 -0.005444 0.183977
v -0.096711 0.005444 0.183977
v -0.097556 -0.005491 0.183012
v -0.096959 0.005458 0.183341
v -0.096617 0.007924 0.183066
v -0.096809 0.008172 0.182560
v -0.096449 0.010026 0.181324
v -0.096636 0.010219 0.180380
v -0.096388 0.011063 0.178769
v -0.096433 0.011044 0.178000
v -0.096330 0.011383 0.178000
v -0.096711 0.005444 0.183977
v -0.096623 0.006889 0.183797
v -0.096456 0.009212 0.182615
v -0.096335 0.010860 0.180438
v -0.097113 0.008426 0.182139
v -0.096951 0.010340 0.179503
v -0.097346 0.009839 0.180485
v -0.096973 0.010563 0.178001
v -0.097323 0.010500 0.178000
v -0.097556 0.005491 0.183012
v -0.097510 0.008031 0.182312
v 0.094234 0.023000 0.178000
v 0.098000 0.023000 0.178000
v 0.094289 0.022632 0.176116
v 0.097977 0.022895 0.176980
v 0.094542 0.021409 0.174343
v 0.097919 0.021509 0.174438
v 0.094930 0.019526 0.173238
v 0.097889 0.018948 0.173091
v 0.095477 0.016642 0.173188
v 0.097895 0.016069 0.173388
v 0.095806 0.014742 0.174208
v 0.097937 0.013837 0.175230
v 0.096026 0.013454 0.175918
v 0.096125 0.013000 0.178000
v 0.098000 0.013000 0.178000
v 0.016659 0.097888 0.173044
v 0.017306 0.097891 0.173174
v 0.018087 0.095218 0.173456
v 0.017931 0.097895 0.173388
v 0.019798 0.094900 0.174747
v 0.018585 0.097903 0.173720
v 0.019183 0.097913 0.174144
v 0.020946 0.097983 0.177269
v 0.021000 0.094700 0.178000
v 0.020786 0.097967 0.176553
v 0.020802 0.094718 0.176607
v 0.020523 0.097952 0.175869
v 0.020163 0.097937 0.175230
v 0.021000 0.098000 0.178000
v 0.020946 0.097983 0.178731
v 0.020802 0.094711 0.179393
v 0.020786 0.097967 0.179446
v 0.019798 0.094883 0.181252
v 0.020523 0.097952 0.180131
v 0.020163 0.097937 0.180769
v 0.019183 0.097913 0.181856
v 0.018585 0.097903 0.182280
v 0.018089 0.095194 0.182543
v 0.017772 0.097894 0.182676
v 0.016000 0.095556 0.183000
v 0.016901 0.097888 0.182918
v 0.016000 0.097887 0.183000
v 0.019713 0.097924 0.174651
v 0.019713 0.097924 0.181349
v 0.016000 0.095583 0.173000
v 0.016000 0.097887 0.173000
v 0.062301 0.073972 0.160500
v 0.053299 0.080700 0.160500
v 0.058875 0.076727 0.161500
v 0.043577 0.086337 0.160500
v 0.048356 0.083755 0.161500
v 0.033267 0.090810 0.160500
v 0.037010 0.089350 0.161500
v 0.022434 0.094074 0.160500
v 0.025031 0.093417 0.161500
v 0.011295 0.096050 0.160500
v 0.012623 0.095885 0.161500
v 0.000000 0.096712 0.160500
v 0.000000 0.096712 0.161500
v 0.095225 -0.016893 0.160500
v 0.096542 -0.005732 0.160500
v 0.095885 -0.012623 0.161500
v 0.096555 0.005505 0.160500
v 0.096712 -0.000000 0.161500
v 0.095265 0.016669 0.160500
v 0.095885 0.012623 0.161500
v 0.092688 0.027607 0.160500
v 0.093417 0.025031 0.161500
v 0.088859 0.038173 0.160500
v 0.089350 0.037010 0.161500
v 0.083831 0.048224 0.160500
v 0.083755 0.048356 0.161500
v 0.077670 0.057624 0.160500
v 0.076727 0.058875 0.161500
v 0.070461 0.066245 0.160500
v 0.068386 0.068386 0.161500
v 0.033054 -0.090888 0.160500
v 0.043374 -0.086440 0.160500
v 0.037010 -0.089350 0.161500
v 0.053109 -0.080825 0.160500
v 0.048356 -0.083755 0.161500
v 0.062126 -0.074118 0.160500
v 0.058875 -0.076727 0.161500
v 0.070305 -0.066411 0.160500
v 0.068386 -0.068386 0.161500
v 0.077534 -0.057807 0.160500
v 0.076727 -0.058875 0.161500
v 0.083717 -0.048422 0.160500
v 0.083755 -0.048356 0.161500
v 0.088769 -0.038383 0.160500
v 0.089350 -0.037010 0.161500
v 0.092622 -0.027825 0.160500
v 0.093417 -0.025031 0.161500
v 0.025031 -0.093417 0.161500
v 0.022287 -0.094109 0.160500
v 0.012623 -0.095885 0.161500
v 0.011219 -0.096059 0.160500
v 0.000000 -0.096712 0.161500
v 0.000000 -0.096712 0.160500
v 0.096125 -0.013000 0.178000
v 0.098000 -0.013000 0.178000
v 0.096098 -0.013083 0.177095
v 0.097977 -0.013105 0.176980
v 0.095945 -0.013918 0.175113
v 0.097919 -0.014491 0.174438
v 0.095673 -0.015527 0.173655
v 0.097889 -0.017052 0.173091
v 0.095160 -0.018349 0.173012
v 0.097895 -0.019931 0.173388
v 0.094621 -0.021033 0.174025
v 0.094334 -0.022406 0.175636
v 0.097937 -0.022163 0.175230
v 0.098000 -0.023000 0.178000
v 0.094234 -0.023000 0.178000
v 0.096512 -0.008312 0.170500
v 0.109462 -0.009445 0.170500
v 0.096631 -0.008454 0.178000
v 0.109581 -0.009587 0.178000
v 0.096512 -0.008312 0.170500
v 0.096869 0.000000 0.170500
v 0.109462 -0.009445 0.170500
v 0.096512 0.008312 0.170500
v 0.109462 0.009445 0.170500
v 0.109869 0.000000 0.170500
v 0.109462 0.009445 0.170500
v 0.096512 0.008312 0.170500
v 0.109581 0.009587 0.178000
v 0.096631 0.008454 0.178000
v 0.098000 0.023000 0.178000
v 0.094234 0.023000 0.178000
v 0.097946 0.022390 0.180394
v 0.094322 0.022406 0.180364
v 0.097900 0.020328 0.182425
v 0.094600 0.021034 0.181975
v 0.097887 0.017487 0.182974
v 0.095133 0.018352 0.182988
v 0.097913 0.014817 0.181856
v 0.095649 0.015530 0.182347
v 0.097967 0.013214 0.179446
v 0.095930 0.013920 0.180890
v 0.098000 0.013000 0.178000
v 0.096120 0.013004 0.178193
v 0.096125 0.013000 0.178000
v 0.094234 -0.023000 0.178000
v 0.098000 -0.023000 0.178000
v 0.094322 -0.022406 0.180364
v 0.097967 -0.022786 0.179446
v 0.094600 -0.021034 0.181975
v 0.097913 -0.021183 0.181856
v 0.094993 -0.019077 0.182883
v 0.097887 -0.018513 0.182974
v 0.095405 -0.016893 0.182876
v 0.097900 -0.015672 0.182425
v 0.095755 -0.014922 0.181940
v 0.095998 -0.013545 0.180270
v 0.097946 -0.013610 0.180394
v 0.098000 -0.013000 0.178000
v 0.096125 -0.013000 0.178000
v 0.109581 0.009587 0.178000
v 0.096631 0.008454 0.178000
v 0.109427 0.009403 0.185500
v 0.096476 0.008270 0.185500
v 0.109427 0.009403 0.185500
v 0.096476 0.008270 0.185500
v 0.109427 -0.009403 0.185500
v 0.096830 0.000000 0.185500
v 0.096476 -0.008270 0.185500
v 0.109830 0.000000 0.185500
v 0.096631 -0.008454 0.178000
v 0.109581 -0.009587 0.178000
v 0.096476 -0.008270 0.185500
v 0.109427 -0.009403 0.185500
v -0.012500 0.098000 0.178000
v 0.012500 0.098000 0.178000
v -0.012500 0.097921 0.174500
v 0.012500 0.097921 0.174500
v -0.019183 0.097913 0.174144
v 0.019183 0.097913 0.174144
v -0.018585 0.097903 0.173720
v 0.018585 0.097903 0.173720
v -0.017772 0.097894 0.173324
v 0.017931 0.097895 0.173388
v -0.016901 0.097888 0.173082
v 0.017306 0.097891 0.173174
v 0.016659 0.097888 0.173044
v 0.016000 0.097887 0.173000
v -0.016000 0.097887 0.173000
v -0.019500 0.097921 0.174500
v -0.019713 0.097924 0.174651
v -0.020163 0.097937 0.175231
v -0.020523 0.097952 0.175869
v -0.020786 0.097967 0.176554
v -0.020946 0.097983 0.177269
v -0.021000 0.098000 0.178000
v -0.019500 0.098000 0.178000
v 0.019500 0.097921 0.174500
v 0.019500 0.098000 0.178000
v 0.021000 0.098000 0.178000
v 0.020946 0.097983 0.177269
v 0.020786 0.097967 0.176553
v 0.020523 0.097952 0.175869
v 0.020163 0.097937 0.175230
v 0.019713 0.097924 0.174651
v -0.016000 0.097887 0.183000
v 0.016000 0.097887 0.183000
v -0.016659 0.097888 0.182956
v 0.016901 0.097888 0.182918
v -0.017306 0.097891 0.182826
v 0.017772 0.097894 0.182676
v -0.017931 0.097895 0.182612
v -0.018585 0.097903 0.182280
v 0.018585 0.097903 0.182280
v -0.019183 0.097913 0.181856
v 0.019183 0.097913 0.181856
v -0.012500 0.097921 0.181502
v 0.012500 0.097921 0.181502
v -0.012500 0.098000 0.178000
v 0.012500 0.098000 0.178000
v 0.019500 0.097921 0.181502
v 0.019713 0.097924 0.181349
v 0.019500 0.098000 0.178000
v 0.020163 0.097937 0.180769
v 0.020523 0.097952 0.180131
v 0.020786 0.097967 0.179446
v 0.020946 0.097983 0.178731
v 0.021000 0.098000 0.178000
v -0.019500 0.098000 0.178000
v -0.021000 0.098000 0.178000
v -0.020946 0.097983 0.178731
v -0.020786 0.097967 0.179447
v -0.020523 0.097952 0.180131
v -0.020163 0.097937 0.180770
v -0.019713 0.097924 0.181349
v -0.019500 0.097921 0.181502
v -0.097513 0.008284 0.173847
v -0.097565 0.005490 0.172984
v -0.097793 0.008218 0.173940
v -0.097802 0.005489 0.173121
v -0.097865 0.005850 0.173242
v -0.097895 0.005486 0.173369
v -0.097906 0.007477 0.173836
v -0.097913 0.008061 0.174170
v -0.097345 0.010009 0.175840
v -0.097551 0.009911 0.175646
v -0.097323 0.010500 0.178000
v -0.097600 0.010500 0.178000
v -0.097346 0.009839 0.180485
v -0.097553 0.009971 0.180238
v -0.097515 0.008387 0.182082
v -0.097513 0.008284 0.173847
v -0.097510 0.008031 0.182312
v -0.097565 0.005490 0.172984
v -0.097565 -0.005490 0.172984
v -0.097802 0.005489 0.173121
v -0.097802 -0.005489 0.173121
v -0.097895 -0.005403 0.173368
v -0.097895 -0.005486 0.173369
v -0.097895 0.005486 0.173369
v -0.097565 -0.005490 0.172984
v -0.097793 -0.008218 0.173940
v -0.097802 -0.005489 0.173121
v -0.097879 -0.007833 0.173858
v -0.097896 -0.006154 0.173424
v -0.097913 -0.008062 0.174170
v -0.097561 -0.005694 0.172990
v -0.097513 -0.008285 0.173847
v -0.097895 -0.005486 0.173369
v -0.097336 -0.009961 0.180259
v -0.097548 -0.009839 0.180485
v -0.097323 -0.010500 0.178002
v -0.097600 -0.010500 0.178000
v -0.097365 -0.009797 0.175444
v -0.097560 -0.010113 0.176071
v -0.097522 -0.008853 0.174291
v -0.097510 -0.008030 0.182312
v -0.097513 -0.008285 0.173847
v -0.090509 -0.033475 0.160500
v -0.090707 -0.033547 0.160500
v -0.090509 -0.033475 0.161500
v -0.090707 -0.033547 0.161500
v -0.090509 -0.033475 0.160500
v -0.090851 -0.032535 0.160500
v 0.088769 -0.038383 0.160500
v -0.092688 -0.027608 0.160500
v 0.092622 -0.027825 0.160500
v -0.095265 -0.016669 0.160500
v 0.095225 -0.016893 0.160500
v -0.096555 -0.005505 0.160500
v 0.096542 -0.005732 0.160500
v -0.096542 0.005733 0.160500
v 0.096555 0.005505 0.160500
v -0.095225 0.016894 0.160500
v 0.095265 0.016669 0.160500
v -0.092622 0.027826 0.160500
v 0.092688 0.027607 0.160500
v -0.088769 0.038383 0.160500
v 0.088859 0.038173 0.160500
v -0.083717 0.048422 0.160500
v 0.083831 0.048224 0.160500
v -0.077535 0.057807 0.160500
v 0.077670 0.057624 0.160500
v -0.070305 0.066411 0.160500
v 0.070461 0.066245 0.160500
v -0.062126 0.074118 0.160500
v 0.062301 0.073972 0.160500
v -0.053109 0.080825 0.160500
v 0.053299 0.080700 0.160500
v -0.043374 0.086440 0.160500
v 0.043577 0.086337 0.160500
v -0.033054 0.090888 0.160500
v 0.033267 0.090810 0.160500
v -0.022287 0.094109 0.160500
v 0.022434 0.094074 0.160500
v -0.011219 0.096059 0.160500
v 0.011295 0.096050 0.160500
v -0.027320 -0.092774 0.160500
v -0.037898 -0.088977 0.160500
v 0.033054 -0.090888 0.160500
v -0.047965 -0.083979 0.160500
v 0.043374 -0.086440 0.160500
v -0.057384 -0.077847 0.160500
v 0.053109 -0.080825 0.160500
v -0.066029 -0.070664 0.160500
v 0.062126 -0.074118 0.160500
v -0.073781 -0.062528 0.160500
v 0.070305 -0.066411 0.160500
v -0.080536 -0.053547 0.160500
v 0.077534 -0.057807 0.160500
v -0.086204 -0.043843 0.160500
v 0.083717 -0.048422 0.160500
v -0.090707 -0.033547 0.160500
v 0.000000 -0.096712 0.160500
v -0.009218 -0.096272 0.160500
v 0.011219 -0.096059 0.160500
v -0.018353 -0.094955 0.160500
v 0.022287 -0.094109 0.160500
v -0.091049 -0.032607 0.160500
v 0.000000 0.096712 0.160500
v -0.090509 -0.033475 0.160500
v -0.090509 -0.033475 0.161500
v -0.090851 -0.032535 0.160500
v -0.090509 -0.033475 0.164500
v -0.090851 -0.032535 0.164500
v -0.090559 -0.033337 0.164854
v -0.090801 -0.032673 0.164854
v -0.090680 -0.033005 0.165000
v 0.070081 0.067065 0.198178
v 0.070147 0.066996 0.198040
v 0.066626 0.070498 0.195783
v 0.068473 0.068705 0.186200
v 0.061932 0.074656 0.193805
v 0.058927 0.077049 0.186200
v 0.055335 0.079668 0.192451
v 0.048702 0.083888 0.192058
v -0.097000 -0.000000 0.186200
v -0.097000 -0.000000 0.197400
v -0.096171 0.012652 0.186200
v -0.096186 0.012537 0.197400
v -0.093700 0.025088 0.186200
v -0.093759 0.024864 0.197400
v -0.089627 0.037095 0.186200
v -0.089759 0.036774 0.197400
v -0.084023 0.048469 0.186200
v -0.084253 0.048067 0.197400
v -0.076983 0.059014 0.186200
v -0.077334 0.058553 0.197400
v -0.068628 0.068551 0.186200
v -0.069117 0.068058 0.197400
v -0.059100 0.076917 0.186200
v -0.064292 0.072633 0.194659
v -0.060069 0.076163 0.193290
v -0.052344 0.081665 0.192184
v -0.048563 0.083968 0.186200
v -0.048702 0.083888 0.192058
v -0.037196 0.089585 0.186200
v -0.037222 0.089574 0.191964
v -0.025193 0.093671 0.186200
v -0.026298 0.093367 0.191901
v -0.012760 0.096157 0.186200
v -0.015001 0.095833 0.191860
v -0.003490 0.096937 0.191841
v -0.000109 0.097000 0.186200
v -0.001876 0.096982 0.191841
v 0.012544 0.096186 0.186200
v 0.001876 0.096982 0.191841
v 0.003125 0.096950 0.191842
v 0.048374 0.084077 0.186200
v 0.038002 0.089246 0.191969
v 0.036994 0.089669 0.186200
v 0.026723 0.093246 0.191903
v 0.024982 0.093728 0.186200
v 0.015038 0.095827 0.191860
v 0.079900 0.055000 0.197400
v 0.079900 0.055000 0.192400
v 0.075906 0.060392 0.197400
v 0.076850 0.059187 0.186200
v 0.071550 0.065496 0.197400
v 0.070587 0.066532 0.197613
v 0.083913 0.048658 0.186200
v 0.085935 0.044990 0.192400
v 0.089543 0.037297 0.186200
v 0.090723 0.034327 0.192400
v 0.093643 0.025299 0.186200
v 0.094193 0.023165 0.192400
v 0.096143 0.012869 0.186200
v 0.096296 0.011667 0.192400
v 0.097000 0.000218 0.186200
v 0.097000 0.000000 0.192400
v 0.097000 0.000000 0.186200
v 0.097000 0.000000 0.186200
v 0.097000 0.000000 0.192400
v 0.096137 -0.012911 0.186200
v 0.096261 -0.011953 0.197400
v 0.093563 -0.025592 0.186200
v 0.094054 -0.023724 0.197400
v 0.089324 -0.037818 0.186200
v 0.090414 -0.035133 0.197400
v 0.083496 -0.049371 0.186200
v 0.085395 -0.046007 0.197400
v 0.076182 -0.060045 0.186200
v 0.079075 -0.056180 0.197400
v 0.067512 -0.069650 0.186200
v 0.071549 -0.065496 0.197400
v 0.071062 -0.066025 0.197445
v 0.070333 -0.066800 0.197799
v 0.070081 -0.067065 0.198178
v 0.066555 -0.070565 0.195744
v 0.057640 -0.078017 0.186200
v 0.060988 -0.075429 0.193529
v 0.046743 -0.084995 0.186200
v 0.053518 -0.080900 0.192269
v 0.048702 -0.083888 0.192058
v 0.035014 -0.090460 0.186200
v 0.037561 -0.089433 0.191966
v 0.022662 -0.094316 0.186200
v 0.025843 -0.093494 0.191899
v 0.009907 -0.096493 0.186200
v 0.013192 -0.096099 0.191856
v -0.003024 -0.096953 0.186200
v 0.000373 -0.096999 0.191841
v -0.015902 -0.095688 0.186200
v -0.012397 -0.096205 0.191854
v -0.028497 -0.092720 0.186200
v -0.024952 -0.093736 0.191895
v -0.040585 -0.088102 0.186200
v -0.037124 -0.089615 0.191963
v -0.051950 -0.081916 0.186200
v -0.048702 -0.083888 0.192058
v -0.053742 -0.080751 0.192288
v -0.060092 -0.076144 0.193296
v -0.062391 -0.074272 0.186200
v -0.064207 -0.072708 0.194624
v -0.071722 -0.065307 0.186200
v -0.067796 -0.069374 0.196480
v -0.071059 -0.066027 0.199080
v -0.090677 -0.034450 0.186200
v -0.085854 -0.045145 0.186200
v -0.084506 -0.047621 0.230810
v -0.079776 -0.055180 0.186200
v -0.080773 -0.053710 0.240388
v -0.077758 -0.057989 0.248160
v -0.088426 -0.039873 0.220802
v -0.091007 -0.033567 0.214276
v -0.094172 -0.023250 0.186200
v -0.093454 -0.025987 0.208170
v -0.096290 -0.011711 0.186200
v -0.095200 -0.018599 0.203910
v -0.096138 -0.012902 0.201707
v -0.097000 -0.000000 0.186200
v -0.096837 -0.005618 0.200215
v -0.097000 -0.000000 0.197400
v -0.097000 -0.000000 0.200060
v -0.073013 -0.063859 0.201325
v -0.075362 -0.061071 0.205324
v -0.076598 -0.059512 0.208679
v -0.077465 -0.058380 0.212767
v -0.077758 -0.057989 0.217054
v 0.097000 0.000000 0.197400
v -0.097512 -0.007931 0.182369
v -0.097556 -0.005491 0.183012
v -0.097790 -0.007970 0.182215
v -0.097796 -0.005490 0.182880
v -0.097910 -0.007828 0.181976
v -0.097895 -0.005488 0.182626
v -0.097510 -0.008030 0.182312
v -0.097895 0.005445 0.182626
v -0.097895 -0.005488 0.182626
v -0.097796 0.005490 0.182880
v -0.097796 -0.005490 0.182880
v -0.097556 0.005491 0.183012
v -0.097556 -0.005491 0.183012
v -0.097895 0.005488 0.182626
v -0.097556 0.005491 0.183012
v -0.097510 0.008031 0.182312
v -0.097796 0.005490 0.182880
v -0.097790 0.007970 0.182215
v -0.097895 0.005488 0.182626
v -0.097910 0.007828 0.181976
v 0.097937 0.013837 0.175230
v 0.097895 0.016069 0.173388
v 0.097889 0.018948 0.173091
v 0.097919 0.021509 0.174438
v 0.097977 0.022895 0.176980
v 0.098000 0.023000 0.178000
v 0.098000 0.018000 0.178000
v 0.098000 0.013000 0.178000
v 0.097937 -0.022163 0.175230
v 0.097895 -0.019931 0.173388
v 0.097889 -0.017052 0.173091
v 0.097919 -0.014491 0.174438
v 0.097977 -0.013105 0.176980
v 0.098000 -0.013000 0.178000
v 0.098000 -0.018000 0.178000
v 0.098000 -0.023000 0.178000
v 0.109462 0.009445 0.170500
v 0.109581 0.009587 0.178000
v 0.109869 0.000000 0.170500
v 0.110000 0.000000 0.178000
v 0.109462 -0.009445 0.170500
v 0.109581 -0.009587 0.178000
v 0.097900 0.020328 0.182425
v 0.097887 0.017487 0.182974
v 0.097946 0.022390 0.180394
v 0.097913 0.014817 0.181856
v 0.097967 0.013214 0.179446
v 0.098000 0.023000 0.178000
v 0.098000 0.018000 0.178000
v 0.098000 0.013000 0.178000
v 0.097900 -0.015672 0.182425
v 0.097887 -0.018513 0.182974
v 0.097946 -0.013610 0.180394
v 0.097913 -0.021183 0.181856
v 0.097967 -0.022786 0.179446
v 0.098000 -0.013000 0.178000
v 0.098000 -0.018000 0.178000
v 0.098000 -0.023000 0.178000
v 0.109427 -0.009403 0.185500
v 0.109581 -0.009587 0.178000
v 0.109830 0.000000 0.185500
v 0.110000 0.000000 0.178000
v 0.109427 0.009403 0.185500
v 0.109581 0.009587 0.178000
v 0.019500 0.098000 0.178000
v 0.019500 0.097921 0.174500
v 0.019500 0.097921 0.181502
v 0.019500 0.067928 0.175181
v 0.019500 0.068087 0.182179
v 0.012500 0.067928 0.175181
v 0.019500 0.067928 0.175181
v 0.012500 0.097921 0.174500
v 0.019500 0.097921 0.174500
v 0.012500 0.098000 0.178000
v 0.012500 0.097921 0.181502
v 0.012500 0.097921 0.174500
v 0.012500 0.068087 0.182179
v 0.012500 0.067928 0.175181
v -0.019500 0.098000 0.178000
v -0.019500 0.097921 0.181502
v -0.019500 0.097921 0.174500
v -0.019500 0.068087 0.182179
v -0.019500 0.067928 0.175181
v -0.012500 0.098000 0.178000
v -0.012500 0.097921 0.174500
v -0.012500 0.097921 0.181502
v -0.012500 0.067928 0.175181
v -0.012500 0.068087 0.182179
v -0.019500 0.067928 0.175181
v -0.012500 0.067928 0.175181
v -0.019500 0.097921 0.174500
v -0.012500 0.097921 0.174500
v -0.012500 0.068087 0.182179
v -0.019500 0.068087 0.182179
v -0.012500 0.097921 0.181502
v -0.019500 0.097921 0.181502
v 0.019500 0.068087 0.182179
v 0.012500 0.068087 0.182179
v 0.019500 0.097921 0.181502
v 0.012500 0.097921 0.181502
v -0.097913 0.008061 0.174170
v -0.097951 0.009561 0.175830
v -0.097793 0.008218 0.173940
v -0.097831 0.009810 0.175700
v -0.097513 0.008284 0.173847
v -0.097551 0.009911 0.175646
v -0.097600 0.010500 0.178000
v -0.097782 0.010456 0.178000
v -0.097924 0.010335 0.178000
v -0.098000 0.010100 0.178000
v -0.098000 -0.010100 0.178000
v -0.098000 0.010100 0.178000
v -0.097951 -0.009561 0.175830
v -0.097951 0.009561 0.175830
v -0.097913 -0.008062 0.174170
v -0.097913 0.008061 0.174170
v -0.097896 -0.006154 0.173424
v -0.097906 0.007477 0.173836
v -0.097895 -0.005403 0.173368
v -0.097895 0.005486 0.173369
v -0.097895 -0.005486 0.173369
v -0.097510 0.008031 0.182312
v -0.097515 0.008387 0.182082
v -0.097790 0.007970 0.182215
v -0.097828 0.009740 0.180428
v -0.097910 0.007828 0.181976
v -0.097948 0.009494 0.180291
v -0.098000 0.010100 0.178000
v -0.097924 0.010335 0.178000
v -0.097782 0.010456 0.178000
v -0.097553 0.009971 0.180238
v -0.097600 0.010500 0.178000
v -0.097513 -0.008285 0.173847
v -0.097522 -0.008853 0.174291
v -0.097793 -0.008218 0.173940
v -0.097831 -0.009810 0.175700
v -0.097913 -0.008062 0.174170
v -0.097951 -0.009561 0.175830
v -0.098000 -0.010100 0.178000
v -0.097924 -0.010335 0.178000
v -0.097782 -0.010456 0.178000
v -0.097560 -0.010113 0.176071
v -0.097600 -0.010500 0.178000
v -0.097910 -0.007828 0.181976
v -0.097948 -0.009494 0.180291
v -0.097790 -0.007970 0.182215
v -0.097828 -0.009740 0.180429
v -0.097510 -0.008030 0.182312
v -0.097548 -0.009839 0.180485
v -0.097600 -0.010500 0.178000
v -0.097782 -0.010456 0.178000
v -0.097924 -0.010335 0.178000
v -0.098000 -0.010100 0.178000
v 0.094622 0.018999 0.230089
v 0.094265 0.017524 0.213557
v 0.091938 0.037207 0.228488
v 0.091076 0.034329 0.212665
v 0.087514 0.053971 0.226269
v 0.086468 0.048392 0.211628
v 0.083935 0.056884 0.215888
v 0.082322 0.057596 0.211089
v 0.095274 0.000000 0.225817
v 0.095466 0.000000 0.211486
v 0.096326 0.011414 0.197400
v 0.097000 0.000000 0.197400
v 0.086463 0.043968 0.197400
v 0.091029 0.033507 0.197400
v 0.094322 0.022634 0.197400
v 0.108731 0.023210 0.283217
v 0.106632 0.023025 0.278596
v 0.109074 0.046758 0.284467
v 0.104725 0.045326 0.275638
v 0.109437 0.055020 0.285289
v 0.109933 0.058763 0.286191
v 0.108160 0.000000 0.281684
v 0.102961 0.000000 0.268326
v 0.100943 0.020225 0.263059
v 0.099038 0.000000 0.254436
v 0.096854 0.019937 0.246696
v 0.096464 0.000000 0.240201
v 0.073634 0.064057 0.198952
v 0.076762 0.061753 0.201916
v 0.075906 0.060392 0.197400
v 0.079842 0.059376 0.206071
v 0.079900 0.055000 0.197400
v 0.099147 0.039837 0.260795
v 0.103080 0.056789 0.273214
v 0.101554 0.056035 0.269847
v 0.108809 0.060790 0.284295
v 0.110200 0.061800 0.286657
v 0.110493 0.061800 0.287140
v 0.110279 0.059726 0.286781
v 0.110636 0.060000 0.287377
v 0.094629 0.039142 0.244628
v 0.092919 0.055777 0.247279
v 0.088210 0.056249 0.231544
v 0.104907 0.057954 0.277009
v 0.106940 0.059400 0.280935
v 0.098765 0.055415 0.263251
v 0.100271 0.055575 0.266872
v 0.071550 0.065496 0.197400
v -0.097000 -0.000000 0.200060
v -0.096737 0.007142 0.200406
v -0.096186 0.012537 0.197400
v -0.096138 0.012902 0.201707
v -0.093759 0.024864 0.197400
v -0.094883 0.020155 0.204674
v -0.092990 0.027601 0.209319
v -0.089759 0.036774 0.197400
v -0.090958 0.033699 0.214400
v -0.084253 0.048067 0.197400
v -0.088425 0.039874 0.220803
v -0.084508 0.047617 0.230805
v -0.077334 0.058553 0.197400
v -0.080775 0.053707 0.240383
v -0.077758 0.057989 0.217054
v -0.077758 0.057989 0.248160
v -0.077158 0.058785 0.210984
v -0.075784 0.060546 0.206313
v -0.073479 0.063323 0.201973
v -0.069851 0.067304 0.197984
v -0.069117 0.068058 0.197400
v -0.097000 -0.000000 0.197400
v 0.079900 0.055000 0.192400
v 0.079900 0.055000 0.197400
v 0.085935 0.044990 0.192400
v 0.086463 0.043968 0.197400
v 0.090723 0.034327 0.192400
v 0.091029 0.033507 0.197400
v 0.094193 0.023165 0.192400
v 0.094322 0.022634 0.197400
v 0.096296 0.011667 0.192400
v 0.096326 0.011414 0.197400
v 0.097000 0.000000 0.192400
v 0.097000 0.000000 0.197400
v 0.077953 0.060371 0.213219
v 0.079452 0.060000 0.217054
v 0.081069 0.059583 0.214932
v 0.080882 0.059777 0.216682
v 0.082290 0.058311 0.212784
v 0.082210 0.059109 0.216337
v 0.083259 0.058088 0.216064
v 0.071550 0.065496 0.197400
v 0.070587 0.066532 0.197613
v 0.073634 0.064057 0.198952
v 0.070147 0.066996 0.198040
v 0.074918 0.063698 0.201962
v 0.070081 0.067065 0.198178
v 0.068698 0.067455 0.200472
v 0.083935 0.056884 0.215888
v 0.082322 0.057596 0.211089
v 0.079337 0.060318 0.206895
v 0.079842 0.059376 0.206071
v 0.076762 0.061753 0.201916
v 0.066842 0.066699 0.202116
v 0.071772 0.063861 0.205242
v 0.074044 0.063903 0.204261
v 0.075114 0.061884 0.208581
v 0.078047 0.061204 0.208767
v 0.066757 0.066644 0.202168
v 0.048702 0.083888 0.192058
v 0.048353 0.083330 0.194536
v 0.055335 0.079668 0.192451
v 0.052444 0.081067 0.194279
v 0.059896 0.076066 0.194642
v 0.051400 0.079690 0.196329
v 0.058672 0.075267 0.196891
v 0.048688 0.078449 0.197114
v 0.053769 0.075721 0.197517
v 0.057351 0.073550 0.198123
v 0.064286 0.071119 0.198363
v 0.065682 0.071307 0.196081
v 0.068698 0.067455 0.200472
v 0.070081 0.067065 0.198178
v 0.066626 0.070498 0.195783
v 0.061932 0.074656 0.193805
v 0.057786 0.073270 0.198220
v 0.062515 0.069998 0.199735
v 0.066757 0.066644 0.202168
v 0.066842 0.066699 0.202116
v 0.047436 0.081782 0.196362
v 0.046191 0.079651 0.197057
v -0.001876 0.096982 0.191841
v -0.003490 0.096937 0.191841
v -0.000000 0.095570 0.195341
v -0.016660 0.094106 0.195367
v -0.011640 0.091348 0.196853
v -0.020305 0.089818 0.196880
v 0.002868 0.092043 0.196841
v 0.016660 0.094106 0.195367
v 0.001807 0.092070 0.196840
v -0.002868 0.092043 0.196841
v 0.010879 0.091442 0.196851
v 0.018807 0.090144 0.196874
v 0.032810 0.089758 0.195442
v 0.028785 0.087468 0.196921
v 0.029464 0.087242 0.196924
v -0.028785 0.087468 0.196921
v -0.032810 0.089758 0.195442
v -0.036298 0.084624 0.196970
v -0.047436 0.081782 0.196362
v -0.043535 0.081135 0.197031
v -0.046191 0.079651 0.197057
v 0.001876 0.096982 0.191841
v 0.003125 0.096950 0.191842
v 0.015038 0.095827 0.191860
v 0.034172 0.085506 0.196955
v 0.047436 0.081782 0.196362
v 0.048353 0.083330 0.194536
v 0.038002 0.089246 0.191969
v 0.048702 0.083888 0.192058
v -0.037222 0.089574 0.191964
v -0.026298 0.093367 0.191901
v -0.015001 0.095833 0.191860
v 0.043535 0.081135 0.197031
v 0.044164 0.080794 0.197037
v 0.046191 0.079651 0.197057
v 0.026723 0.093246 0.191903
v -0.048353 0.083330 0.194536
v -0.048702 0.083888 0.192058
v -0.069117 0.068058 0.197400
v -0.068482 0.068408 0.198641
v -0.064292 0.072633 0.194659
v -0.064448 0.072395 0.195649
v -0.060069 0.076163 0.193290
v -0.057546 0.077768 0.194393
v -0.052344 0.081665 0.192184
v -0.048353 0.083330 0.194536
v -0.048702 0.083888 0.192058
v -0.046191 0.079651 0.197057
v -0.047436 0.081782 0.196362
v -0.046820 0.079356 0.197064
v -0.056382 0.076765 0.196591
v -0.050056 0.077756 0.197180
v -0.056374 0.074164 0.197924
v -0.063092 0.072062 0.197939
v -0.067598 0.068438 0.199788
v -0.061356 0.070842 0.199274
v -0.066578 0.068157 0.200707
v -0.065554 0.067640 0.201331
v -0.088522 -0.039399 0.221244
v -0.088426 -0.039873 0.220802
v -0.085938 -0.044290 0.228102
v -0.084506 -0.047621 0.230810
v -0.081980 -0.051107 0.238463
v -0.080773 -0.053710 0.240388
v -0.078030 -0.056828 0.248854
v -0.077758 -0.057989 0.248160
v -0.096876 -0.000000 0.200756
v -0.097000 -0.000000 0.200060
v -0.096572 -0.007624 0.201193
v -0.096837 -0.005618 0.200215
v -0.095856 -0.013914 0.202812
v -0.096138 -0.012902 0.201707
v -0.094672 -0.020377 0.205688
v -0.095200 -0.018599 0.203910
v -0.092927 -0.027139 0.210067
v -0.093454 -0.025987 0.208170
v -0.090927 -0.033124 0.215174
v -0.091007 -0.033567 0.214276
v -0.088522 -0.039399 0.221244
v -0.088426 -0.039873 0.220802
v -0.077758 -0.057989 0.248160
v -0.077758 -0.057989 0.217054
v -0.075832 -0.059546 0.251237
v -0.075992 -0.059469 0.217054
v -0.073750 -0.060000 0.254602
v -0.073750 -0.060000 0.217054
v 0.096464 0.000000 0.240201
v 0.095243 -0.010599 0.230487
v 0.095274 0.000000 0.225817
v 0.095242 -0.005285 0.213858
v 0.095466 0.000000 0.211486
v 0.096261 -0.011953 0.197400
v 0.097000 0.000000 0.197400
v 0.101235 -0.014474 0.263443
v 0.106799 -0.019752 0.278867
v 0.099787 -0.034306 0.261582
v 0.105081 -0.042180 0.276173
v 0.102304 -0.056385 0.271525
v 0.103775 -0.057198 0.274688
v 0.102961 0.000000 0.268326
v 0.108160 0.000000 0.281684
v 0.108733 -0.023330 0.283224
v 0.109070 -0.046618 0.284457
v 0.109456 -0.055256 0.285326
v 0.109747 -0.057808 0.285864
v 0.097126 -0.053091 0.258439
v 0.094254 -0.041413 0.244298
v 0.096659 -0.022380 0.246506
v 0.093354 -0.029231 0.229309
v 0.093531 -0.022652 0.213339
v 0.081956 -0.057830 0.210206
v 0.084617 -0.052739 0.211292
v 0.083935 -0.056884 0.215888
v 0.089704 -0.046673 0.227304
v 0.088512 -0.056211 0.232629
v 0.093880 -0.055705 0.250160
v 0.098765 -0.055415 0.263251
v 0.100503 -0.055640 0.267420
v 0.110049 -0.059185 0.286392
v 0.110398 -0.059884 0.286980
v 0.105604 -0.058444 0.278390
v 0.107700 -0.059957 0.282328
v 0.085395 -0.046007 0.197400
v 0.090414 -0.035133 0.197400
v 0.089734 -0.039094 0.212332
v 0.094054 -0.023724 0.197400
v 0.099038 0.000000 0.254436
v 0.097581 -0.002503 0.247415
v 0.110636 -0.060000 0.287377
v 0.110493 -0.061800 0.287140
v 0.109045 -0.060947 0.284703
v 0.079075 -0.056180 0.197400
v 0.079568 -0.059588 0.205629
v 0.076186 -0.062189 0.201295
v 0.071549 -0.065496 0.197400
v 0.110200 -0.061800 0.286657
v -0.048702 -0.083888 0.192058
v -0.048353 -0.083330 0.194536
v -0.053742 -0.080751 0.192288
v -0.056234 -0.078666 0.194314
v -0.060092 -0.076144 0.193296
v -0.062858 -0.073737 0.195204
v -0.064207 -0.072708 0.194624
v -0.067863 -0.069275 0.197071
v -0.067796 -0.069374 0.196480
v -0.071059 -0.066027 0.199080
v -0.077465 -0.058380 0.212767
v -0.076598 -0.059512 0.208679
v -0.075559 -0.060111 0.211568
v -0.075362 -0.061071 0.205324
v -0.073598 -0.062349 0.206344
v -0.073013 -0.063859 0.201325
v -0.070713 -0.065367 0.202463
v -0.066393 -0.069364 0.199312
v -0.060066 -0.074302 0.197146
v -0.053234 -0.078663 0.196373
v -0.047436 -0.081782 0.196362
v -0.046191 -0.079651 0.197057
v -0.048687 -0.078449 0.197114
v -0.053670 -0.075784 0.197503
v -0.059890 -0.071869 0.198781
v -0.064527 -0.068462 0.200718
v -0.067940 -0.065627 0.203147
v -0.070403 -0.063379 0.205931
v -0.072460 -0.061350 0.209830
v -0.073496 -0.060271 0.213773
v -0.075992 -0.059469 0.217054
v -0.073750 -0.060000 0.217054
v -0.077758 -0.057989 0.217054
v -0.028785 -0.087468 0.196921
v -0.032810 -0.089758 0.195442
v -0.018807 -0.090144 0.196874
v -0.016661 -0.094106 0.195367
v -0.013495 -0.091092 0.196857
v -0.013159 -0.091141 0.196856
v 0.028785 -0.087468 0.196921
v 0.021052 -0.089646 0.196883
v 0.016660 -0.094106 0.195367
v 0.013158 -0.091141 0.196856
v -0.000000 -0.095570 0.195341
v 0.002868 -0.092043 0.196841
v 0.002483 -0.092054 0.196840
v 0.032810 -0.089758 0.195442
v 0.036298 -0.084624 0.196970
v 0.047436 -0.081782 0.196362
v 0.043535 -0.081135 0.197031
v 0.046191 -0.079651 0.197057
v -0.034172 -0.085506 0.196955
v -0.047436 -0.081782 0.196362
v -0.048353 -0.083330 0.194536
v -0.037124 -0.089615 0.191963
v -0.048702 -0.083888 0.192058
v 0.001807 -0.092070 0.196840
v -0.001807 -0.092070 0.196840
v -0.002884 -0.092042 0.196841
v -0.012397 -0.096205 0.191854
v 0.000373 -0.096999 0.191841
v 0.013192 -0.096099 0.191856
v 0.025843 -0.093494 0.191899
v 0.037561 -0.089433 0.191966
v 0.048353 -0.083330 0.194536
v 0.048702 -0.083888 0.192058
v -0.043535 -0.081135 0.197031
v -0.044228 -0.080759 0.197038
v -0.046191 -0.079651 0.197057
v -0.024952 -0.093736 0.191895
v -0.029311 -0.087293 0.196924
v 0.046191 -0.079651 0.197057
v 0.047436 -0.081782 0.196362
v 0.048687 -0.078449 0.197114
v 0.056672 -0.076581 0.196622
v 0.050192 -0.077682 0.197189
v 0.057351 -0.073550 0.198123
v 0.048702 -0.083888 0.192058
v 0.053518 -0.080900 0.192269
v 0.048353 -0.083330 0.194536
v 0.056216 -0.078678 0.194313
v 0.059357 -0.072232 0.198624
v 0.063458 -0.071777 0.198061
v 0.063578 -0.073138 0.195391
v 0.060988 -0.075429 0.193529
v 0.066555 -0.070565 0.195744
v 0.070081 -0.067065 0.198178
v 0.068895 -0.068263 0.197663
v 0.068700 -0.067455 0.200469
v 0.067291 -0.066965 0.201811
v 0.063732 -0.069079 0.200299
v 0.066757 -0.066644 0.202168
v 0.083935 -0.056884 0.215888
v 0.083205 -0.058157 0.216078
v 0.080993 -0.059103 0.209789
v 0.082113 -0.059177 0.216362
v 0.079021 -0.060583 0.210366
v 0.080799 -0.059802 0.216704
v 0.077257 -0.060692 0.211840
v 0.079452 -0.060000 0.217054
v 0.075241 -0.063100 0.205352
v 0.077326 -0.061871 0.204275
v 0.079568 -0.059588 0.205629
v 0.081956 -0.057830 0.210206
v 0.074819 -0.062058 0.208218
v 0.071597 -0.063962 0.205104
v 0.070669 -0.066067 0.201913
v 0.067291 -0.066965 0.201811
v 0.068700 -0.067455 0.200469
v 0.071062 -0.066025 0.197445
v 0.071549 -0.065496 0.197400
v 0.073001 -0.065093 0.200551
v 0.076186 -0.062189 0.201295
v 0.070081 -0.067065 0.198178
v 0.070333 -0.066800 0.197799
v 0.066757 -0.066644 0.202168
v -0.097895 -0.005488 0.182626
v -0.097895 0.005445 0.182626
v -0.097910 -0.007828 0.181976
v -0.097910 0.007828 0.181976
v -0.097948 -0.009494 0.180291
v -0.097948 0.009494 0.180291
v -0.098000 -0.010100 0.178000
v -0.098000 0.010100 0.178000
v -0.097895 0.005488 0.182626
v 0.019500 0.067928 0.175181
v 0.012500 0.067928 0.175181
v 0.019500 0.068087 0.182179
v 0.012500 0.068087 0.182179
v -0.012500 0.067928 0.175181
v -0.019500 0.067928 0.175181
v -0.012500 0.068087 0.182179
v -0.019500 0.068087 0.182179
v -0.012265 -0.000000 0.395180
v -0.011610 0.060000 0.394363
v -0.020573 -0.000000 0.387542
v -0.019813 0.060000 0.386821
v -0.027775 -0.000000 0.378855
v -0.026925 0.060000 0.378242
v -0.033740 -0.000000 0.369275
v -0.032816 0.060000 0.368783
v -0.038360 -0.000000 0.358980
v -0.037378 0.060000 0.358616
v 0.114457 0.000000 0.292102
v 0.115754 0.060000 0.297327
v 0.119174 0.000000 0.303323
v 0.119479 0.060000 0.307878
v 0.122210 0.000000 0.315112
v 0.121741 0.060000 0.318836
v 0.123501 0.000000 0.327216
v 0.122500 0.060000 0.330000
v 0.123019 0.000000 0.339379
v 0.121660 0.060000 0.341741
v 0.120775 0.000000 0.351343
v 0.119158 0.060000 0.353243
v 0.116816 0.000000 0.362855
v 0.115045 0.060000 0.364272
v 0.111227 0.000000 0.373668
v 0.109403 0.060000 0.374603
v 0.104125 0.000000 0.383555
v 0.102349 0.060000 0.384026
v 0.095662 0.000000 0.392305
v 0.094026 0.060000 0.392349
v 0.086018 0.000000 0.399732
v 0.084603 0.060000 0.399403
v 0.075396 0.000000 0.405679
v 0.074272 0.060000 0.405045
v 0.064023 0.000000 0.410019
v 0.063243 0.060000 0.409158
v 0.052141 0.000000 0.412660
v 0.051741 0.060000 0.411660
v 0.040000 -0.000000 0.413547
v 0.040000 0.060000 0.412500
v 0.028882 0.060000 0.411747
v 0.028741 -0.000000 0.412785
v 0.017687 -0.000000 0.410513
v 0.017967 0.060000 0.409503
v 0.007041 -0.000000 0.406771
v 0.007454 0.060000 0.405809
v -0.003005 -0.000000 0.401629
v -0.002466 0.060000 0.400731
v 0.108731 0.023210 0.283217
v 0.109074 0.046758 0.284467
v 0.109437 0.055020 0.285289
v 0.109933 0.058763 0.286191
v 0.110279 0.059726 0.286781
v 0.110636 0.060000 0.287377
v 0.108160 0.000000 0.281684
v -0.037892 0.060801 0.357186
v -0.037677 0.060266 0.357794
v -0.038138 0.061801 0.356470
v -0.037378 0.060000 0.358616
v -0.034725 0.061800 0.364962
v -0.032816 0.060000 0.368783
v -0.030393 0.061800 0.373024
v -0.026925 0.060000 0.378242
v -0.023487 0.061800 0.382684
v -0.019813 0.060000 0.386821
v -0.015267 0.061800 0.391252
v -0.011610 0.060000 0.394363
v -0.005901 0.061800 0.398552
v -0.002466 0.060000 0.400731
v 0.004415 0.061800 0.404431
v 0.007454 0.060000 0.405809
v 0.015469 0.061800 0.408769
v 0.017967 0.060000 0.409503
v 0.027031 0.061800 0.411474
v 0.028882 0.060000 0.411747
v 0.038862 0.061800 0.412492
v 0.040000 0.060000 0.412500
v 0.050716 0.061800 0.411801
v 0.051741 0.060000 0.411660
v 0.062348 0.061800 0.409416
v 0.063243 0.060000 0.409158
v 0.073517 0.061800 0.405385
v 0.074272 0.060000 0.405045
v 0.083992 0.061800 0.399792
v 0.084603 0.060000 0.399403
v 0.093555 0.061800 0.392754
v 0.094026 0.060000 0.392349
v 0.102009 0.061800 0.384416
v 0.102349 0.060000 0.384026
v 0.109179 0.061800 0.374951
v 0.109403 0.060000 0.374603
v 0.114915 0.061800 0.364554
v 0.115045 0.060000 0.364272
v 0.119100 0.061800 0.353441
v 0.119158 0.060000 0.353243
v 0.121645 0.061800 0.341843
v 0.121660 0.060000 0.341741
v 0.122500 0.061800 0.330000
v 0.122500 0.060000 0.330000
v 0.121732 0.061800 0.318768
v 0.121741 0.060000 0.318836
v 0.119442 0.061800 0.307745
v 0.119479 0.060000 0.307878
v 0.115672 0.061800 0.297137
v 0.115754 0.060000 0.297327
v 0.110493 0.061800 0.287140
v 0.110636 0.060000 0.287377
v 0.110150 0.061942 0.286687
v 0.110029 0.062000 0.286760
v 0.110443 0.061941 0.287171
v 0.110493 0.061800 0.287140
v 0.110200 0.061800 0.286657
v 0.110322 0.062000 0.287244
v 0.110200 0.061800 0.286657
v 0.108809 0.060790 0.284295
v 0.107503 0.061445 0.282434
v 0.106940 0.059400 0.280935
v 0.104696 0.060974 0.278352
v 0.104629 0.058712 0.276681
v 0.102106 0.060599 0.274828
v 0.102505 0.058643 0.273085
v 0.099764 0.060322 0.271813
v 0.100539 0.058733 0.270019
v 0.097669 0.060137 0.269236
v 0.098739 0.058944 0.267424
v 0.095808 0.060033 0.267032
v 0.094151 0.060000 0.265132
v 0.098547 0.056571 0.263340
v 0.097690 0.058225 0.263689
v 0.100271 0.055575 0.266872
v 0.100117 0.056812 0.267114
v 0.101554 0.056035 0.269847
v 0.101600 0.056407 0.270030
v 0.103080 0.056789 0.273214
v 0.096311 0.059423 0.264251
v 0.104907 0.057954 0.277009
v 0.109531 0.061818 0.285581
v 0.098765 0.055415 0.263251
v 0.098765 0.055415 0.263251
v 0.092919 0.055777 0.247279
v 0.098547 0.056571 0.263340
v 0.095509 0.057803 0.257203
v 0.097690 0.058225 0.263689
v 0.096311 0.059423 0.264251
v 0.079452 0.060000 0.217054
v 0.082330 0.060000 0.228228
v 0.086296 0.059707 0.236502
v 0.087890 0.060000 0.247749
v 0.093702 0.059483 0.257873
v 0.094151 0.060000 0.265132
v 0.088325 0.058257 0.235935
v 0.082210 0.059109 0.216337
v 0.080882 0.059777 0.216682
v 0.088210 0.056249 0.231544
v 0.083259 0.058088 0.216064
v 0.083935 0.056884 0.215888
v -0.088425 0.039874 0.220803
v -0.088521 0.039400 0.221246
v -0.084508 0.047617 0.230805
v -0.085938 0.044290 0.228102
v -0.080775 0.053707 0.240383
v -0.081976 0.051113 0.238473
v -0.077758 0.057989 0.248160
v -0.078030 0.056828 0.248854
v -0.097000 -0.000000 0.200060
v -0.096876 -0.000000 0.200756
v -0.096737 0.007142 0.200406
v -0.096717 0.005528 0.200907
v -0.096138 0.012902 0.201707
v -0.096138 0.011849 0.202154
v -0.094883 0.020155 0.204674
v -0.095111 0.018259 0.204608
v -0.092990 0.027601 0.209319
v -0.093548 0.024958 0.208497
v -0.090958 0.033699 0.214400
v -0.091345 0.031975 0.214101
v -0.090927 0.033125 0.215175
v -0.088521 0.039400 0.221246
v -0.088425 0.039874 0.220803
v -0.077758 0.057989 0.217054
v -0.077758 0.057989 0.248160
v -0.075992 0.059469 0.217054
v -0.075833 0.059546 0.251236
v -0.073750 0.060000 0.217054
v -0.073750 0.060000 0.254602
v -0.069117 0.068058 0.197400
v -0.069851 0.067304 0.197984
v -0.068482 0.068408 0.198641
v -0.072858 0.063918 0.202394
v -0.067598 0.068438 0.199788
v -0.071898 0.064337 0.203361
v -0.066578 0.068157 0.200707
v -0.070746 0.064422 0.204198
v -0.069124 0.064569 0.204331
v -0.071608 0.062208 0.207919
v -0.075992 0.059469 0.217054
v -0.073750 0.060000 0.217054
v -0.074949 0.059992 0.214360
v -0.073238 0.060544 0.212422
v -0.073522 0.061573 0.208798
v -0.077758 0.057989 0.217054
v -0.077250 0.058634 0.213296
v -0.076247 0.059434 0.214163
v -0.075806 0.060466 0.207562
v -0.074768 0.061191 0.208218
v -0.073479 0.063323 0.201973
v -0.075784 0.060546 0.206313
v -0.077158 0.058785 0.210984
v -0.065554 0.067640 0.201331
v 0.053769 0.075721 0.197517
v -0.056374 0.074164 0.197924
v 0.057351 0.073550 0.198123
v -0.061356 0.070842 0.199274
v 0.057786 0.073270 0.198220
v 0.062515 0.069998 0.199735
v -0.065554 0.067640 0.201331
v 0.066757 0.066644 0.202168
v -0.069124 0.064569 0.204331
v 0.071772 0.063861 0.205242
v -0.071608 0.062208 0.207919
v 0.075114 0.061884 0.208581
v -0.073238 0.060544 0.212422
v 0.077953 0.060371 0.213219
v -0.073750 0.060000 0.217054
v 0.079452 0.060000 0.217054
v 0.048688 0.078449 0.197114
v 0.046191 0.079651 0.197057
v 0.044655 0.079651 0.197057
v 0.042885 0.079651 0.197057
v 0.034032 0.079651 0.197057
v -0.032261 0.079651 0.197057
v -0.034032 0.079651 0.197057
v -0.042885 0.079651 0.197057
v -0.046191 0.079651 0.197057
v -0.046820 0.079356 0.197064
v -0.050056 0.077756 0.197180
v 0.044164 0.080794 0.197037
v 0.043535 0.081135 0.197031
v -0.043535 0.081135 0.197031
v -0.046191 0.079651 0.197057
v -0.042885 0.079651 0.197057
v -0.034032 0.079651 0.197057
v -0.032261 0.079651 0.197057
v 0.034032 0.079651 0.197057
v 0.042885 0.079651 0.197057
v 0.044655 0.079651 0.197057
v 0.046191 0.079651 0.197057
v -0.002868 0.092043 0.196841
v 0.002868 0.092043 0.196841
v 0.001807 0.092070 0.196840
v -0.043535 0.081135 0.197031
v 0.043535 0.081135 0.197031
v -0.036298 0.084624 0.196970
v 0.034172 0.085506 0.196955
v -0.028785 0.087468 0.196921
v 0.029464 0.087242 0.196924
v 0.028785 0.087468 0.196921
v -0.020305 0.089818 0.196880
v 0.018807 0.090144 0.196874
v -0.011640 0.091348 0.196853
v 0.010879 0.091442 0.196851
v -0.002868 0.092043 0.196841
v 0.002868 0.092043 0.196841
v -0.084533 -0.046239 0.231803
v -0.082223 -0.048591 0.237932
v -0.081861 -0.047090 0.232985
v -0.079837 -0.050021 0.244311
v -0.078649 -0.049640 0.241353
v -0.077420 -0.050500 0.250821
v -0.075324 -0.050500 0.250016
v -0.095762 -0.000000 0.203768
v -0.095354 -0.008756 0.204431
v -0.093344 -0.004660 0.203071
v -0.094427 -0.017246 0.206508
v -0.092730 -0.013820 0.204670
v -0.092924 -0.025610 0.210151
v -0.091524 -0.022510 0.207813
v -0.090927 -0.033124 0.215174
v -0.089766 -0.030433 0.212393
v -0.088522 -0.039399 0.221244
v -0.087516 -0.037320 0.218254
v -0.085938 -0.044290 0.228102
v -0.084851 -0.042936 0.225197
v -0.090927 0.033125 0.215175
v -0.092471 0.027569 0.211277
v -0.089766 0.030433 0.212393
v -0.093746 0.021491 0.208137
v -0.091524 0.022510 0.207813
v -0.094726 0.015004 0.205813
v -0.092730 0.013820 0.204670
v -0.095439 0.007588 0.204259
v -0.093344 0.004660 0.203071
v -0.079837 0.050021 0.244311
v -0.082223 0.048591 0.237932
v -0.078649 0.049640 0.241353
v -0.084533 0.046239 0.231803
v -0.081861 0.047090 0.232985
v -0.085938 0.044290 0.228102
v -0.084851 0.042936 0.225197
v -0.088521 0.039400 0.221246
v -0.087516 0.037320 0.218254
v -0.077420 0.050500 0.250821
v -0.075324 0.050500 0.250016
v -0.037677 -0.060266 0.357794
v -0.039301 -0.060852 0.353375
v -0.037892 -0.060801 0.357186
v -0.038460 -0.061488 0.355616
v -0.038138 -0.061800 0.356471
v -0.038265 -0.061704 0.356133
v -0.038205 -0.061804 0.356290
v -0.043945 -0.050500 0.341336
v -0.081980 -0.051107 0.238463
v -0.045158 -0.058143 0.337673
v -0.044438 -0.058310 0.339610
v -0.037378 -0.060000 0.358616
v -0.038360 -0.000000 0.358980
v -0.044075 -0.000000 0.343528
v -0.043284 -0.048500 0.343225
v -0.043342 -0.049392 0.343022
v -0.043535 -0.050098 0.342468
v -0.077420 -0.050500 0.250821
v -0.079837 -0.050021 0.244311
v -0.082223 -0.048591 0.237932
v -0.084533 -0.046239 0.231803
v -0.085938 -0.044290 0.228102
v -0.043779 -0.058516 0.341382
v -0.043004 -0.058814 0.343462
v -0.041843 -0.059356 0.346575
v -0.040575 -0.060053 0.349970
v -0.046284 -0.058035 0.334635
v -0.078030 -0.056828 0.248854
v -0.077011 -0.057696 0.251567
v -0.075625 -0.058035 0.255296
v -0.078030 -0.056828 0.248854
v -0.077758 -0.057989 0.248160
v -0.077011 -0.057696 0.251567
v -0.077310 -0.058166 0.250337
v -0.075625 -0.058035 0.255296
v -0.075064 -0.059427 0.255089
v -0.076948 -0.058810 0.250026
v -0.075832 -0.059546 0.251237
v -0.073750 -0.060000 0.254602
v -0.095762 -0.000000 0.203768
v -0.096876 -0.000000 0.200756
v -0.095354 -0.008756 0.204431
v -0.096572 -0.007624 0.201193
v -0.094427 -0.017246 0.206508
v -0.095856 -0.013914 0.202812
v -0.094672 -0.020377 0.205688
v -0.092924 -0.025610 0.210151
v -0.092927 -0.027139 0.210067
v -0.090927 -0.033124 0.215174
v -0.073750 -0.060000 0.254602
v -0.073750 -0.060000 0.217054
v 0.004430 -0.060000 0.253351
v -0.006007 -0.060000 0.259123
v -0.015528 -0.060000 0.266306
v -0.023942 -0.060000 0.274758
v -0.031083 -0.060000 0.284311
v -0.036807 -0.060000 0.294774
v -0.041002 -0.060000 0.305938
v -0.043583 -0.060000 0.317582
v -0.044498 -0.060000 0.329474
v -0.046060 -0.060000 0.329474
v 0.079452 -0.060000 0.217054
v 0.084845 -0.060000 0.237595
v 0.039095 -0.060000 0.245505
v 0.027208 -0.060000 0.246474
v 0.015576 -0.060000 0.249107
v 0.090890 -0.060000 0.256635
v 0.084479 -0.060000 0.258154
v 0.073921 -0.060000 0.252607
v 0.062687 -0.060000 0.248602
v 0.051001 -0.060000 0.246219
v 0.094151 -0.060000 0.265132
v -0.037677 -0.060266 0.357794
v -0.037892 -0.060801 0.357186
v -0.037378 -0.060000 0.358616
v -0.038138 -0.061800 0.356471
v -0.032816 -0.060000 0.368783
v -0.034725 -0.061800 0.364962
v -0.026925 -0.060000 0.378242
v -0.030393 -0.061800 0.373024
v -0.023487 -0.061800 0.382684
v 0.110493 -0.061800 0.287140
v 0.110636 -0.060000 0.287377
v 0.115672 -0.061800 0.297137
v 0.115754 -0.060000 0.297327
v 0.119442 -0.061800 0.307745
v 0.119479 -0.060000 0.307878
v 0.121732 -0.061800 0.318768
v 0.121741 -0.060000 0.318836
v 0.122500 -0.061800 0.330000
v 0.122500 -0.060000 0.330000
v 0.121645 -0.061800 0.341843
v 0.121660 -0.060000 0.341741
v 0.119100 -0.061800 0.353441
v 0.119158 -0.060000 0.353243
v 0.114915 -0.061800 0.364554
v 0.115045 -0.060000 0.364272
v 0.109179 -0.061800 0.374951
v 0.109403 -0.060000 0.374603
v 0.102009 -0.061800 0.384416
v 0.102349 -0.060000 0.384026
v 0.093555 -0.061800 0.392754
v 0.094026 -0.060000 0.392349
v 0.083992 -0.061800 0.399792
v 0.084603 -0.060000 0.399403
v 0.073517 -0.061800 0.405385
v 0.074272 -0.060000 0.405045
v 0.062348 -0.061800 0.409416
v 0.063243 -0.060000 0.409158
v 0.050716 -0.061800 0.411801
v 0.051741 -0.060000 0.411660
v 0.038862 -0.061800 0.412492
v 0.040000 -0.060000 0.412500
v 0.027031 -0.061800 0.411474
v 0.028882 -0.060000 0.411747
v 0.015469 -0.061800 0.408769
v 0.017967 -0.060000 0.409503
v 0.004415 -0.061800 0.404431
v 0.007454 -0.060000 0.405809
v -0.005901 -0.061800 0.398552
v -0.002466 -0.060000 0.400731
v -0.015267 -0.061800 0.391252
v -0.011610 -0.060000 0.394363
v -0.019813 -0.060000 0.386821
v -0.011610 -0.060000 0.394363
v -0.012265 -0.000000 0.395180
v -0.019813 -0.060000 0.386821
v -0.020573 -0.000000 0.387542
v -0.026925 -0.060000 0.378242
v -0.027775 -0.000000 0.378855
v -0.032816 -0.060000 0.368783
v -0.033740 -0.000000 0.369275
v -0.037378 -0.060000 0.358616
v -0.038360 -0.000000 0.358980
v -0.003005 -0.000000 0.401629
v -0.002466 -0.060000 0.400731
v 0.007041 -0.000000 0.406771
v 0.007454 -0.060000 0.405809
v 0.017687 -0.000000 0.410513
v 0.017967 -0.060000 0.409503
v 0.028741 -0.000000 0.412785
v 0.028882 -0.060000 0.411747
v 0.040000 -0.060000 0.412500
v 0.084603 -0.060000 0.399403
v 0.086018 0.000000 0.399732
v 0.074272 -0.060000 0.405045
v 0.075396 0.000000 0.405679
v 0.063243 -0.060000 0.409158
v 0.064023 0.000000 0.410019
v 0.051741 -0.060000 0.411660
v 0.052141 0.000000 0.412660
v 0.040000 -0.000000 0.413547
v 0.115045 -0.060000 0.364272
v 0.116816 0.000000 0.362855
v 0.109403 -0.060000 0.374603
v 0.111227 0.000000 0.373668
v 0.102349 -0.060000 0.384026
v 0.104125 0.000000 0.383555
v 0.094026 -0.060000 0.392349
v 0.095662 0.000000 0.392305
v 0.121660 -0.060000 0.341741
v 0.123019 0.000000 0.339379
v 0.119158 -0.060000 0.353243
v 0.120775 0.000000 0.351343
v 0.121741 -0.060000 0.318836
v 0.119479 -0.060000 0.307878
v 0.119174 0.000000 0.303323
v 0.115754 -0.060000 0.297327
v 0.114457 0.000000 0.292102
v 0.110636 -0.060000 0.287377
v 0.110398 -0.059884 0.286980
v 0.122500 -0.060000 0.330000
v 0.122210 0.000000 0.315112
v 0.123501 0.000000 0.327216
v 0.110049 -0.059185 0.286392
v 0.109747 -0.057808 0.285864
v 0.109456 -0.055256 0.285326
v 0.109070 -0.046618 0.284457
v 0.108733 -0.023330 0.283224
v 0.108160 0.000000 0.281684
v 0.079452 -0.060000 0.217054
v 0.080799 -0.059802 0.216704
v 0.084845 -0.060000 0.237595
v 0.082214 -0.059855 0.223002
v 0.088578 -0.059629 0.243622
v 0.084389 -0.058630 0.222446
v 0.090532 -0.058090 0.243028
v 0.088512 -0.056211 0.232629
v 0.093880 -0.055705 0.250160
v 0.083935 -0.056884 0.215888
v 0.083205 -0.058157 0.216078
v 0.082113 -0.059177 0.216362
v 0.094151 -0.060000 0.265132
v 0.096311 -0.059423 0.264251
v 0.098053 -0.057691 0.263541
v 0.098765 -0.055415 0.263251
v 0.090890 -0.060000 0.256635
v 0.110443 -0.061941 0.287171
v 0.110322 -0.062000 0.287244
v 0.110150 -0.061942 0.286687
v 0.110200 -0.061800 0.286657
v 0.110493 -0.061800 0.287140
v 0.110029 -0.062000 0.286760
v 0.096311 -0.059423 0.264251
v 0.098053 -0.057691 0.263541
v 0.096797 -0.059309 0.264855
v 0.098472 -0.057485 0.264220
v 0.099333 -0.058861 0.268258
v 0.100611 -0.056655 0.268052
v 0.101706 -0.058662 0.271809
v 0.102304 -0.056385 0.271525
v 0.103775 -0.057198 0.274688
v 0.095173 -0.060013 0.266296
v 0.097826 -0.060148 0.269425
v 0.100458 -0.060397 0.272691
v 0.104009 -0.058674 0.275601
v 0.103164 -0.060744 0.276242
v 0.105315 -0.061072 0.279227
v 0.107739 -0.061487 0.282791
v 0.107700 -0.059957 0.282328
v 0.105604 -0.058444 0.278390
v 0.098765 -0.055415 0.263251
v 0.100503 -0.055640 0.267420
v 0.109531 -0.061818 0.285581
v 0.109045 -0.060947 0.284703
v 0.110200 -0.061800 0.286657
v 0.094151 -0.060000 0.265132
v 0.066757 -0.066644 0.202168
v -0.064527 -0.068462 0.200718
v 0.063732 -0.069079 0.200299
v -0.059890 -0.071869 0.198781
v 0.059357 -0.072232 0.198624
v -0.053670 -0.075784 0.197503
v 0.057351 -0.073550 0.198123
v -0.048687 -0.078449 0.197114
v 0.050192 -0.077682 0.197189
v 0.048687 -0.078449 0.197114
v -0.067940 -0.065627 0.203147
v 0.071597 -0.063962 0.205104
v -0.070403 -0.063379 0.205931
v 0.074819 -0.062058 0.208218
v -0.072460 -0.061350 0.209830
v 0.077257 -0.060692 0.211840
v -0.073496 -0.060271 0.213773
v 0.079452 -0.060000 0.217054
v -0.073750 -0.060000 0.217054
v -0.046191 -0.079651 0.197057
v -0.044655 -0.079651 0.197057
v -0.042885 -0.079651 0.197057
v -0.034032 -0.079651 0.197057
v 0.032261 -0.079651 0.197057
v 0.034032 -0.079651 0.197057
v 0.042885 -0.079651 0.197057
v 0.046191 -0.079651 0.197057
v 0.001807 -0.092070 0.196840
v 0.002483 -0.092054 0.196840
v -0.002884 -0.092042 0.196841
v 0.002868 -0.092043 0.196841
v -0.013159 -0.091141 0.196856
v 0.013158 -0.091141 0.196856
v 0.021052 -0.089646 0.196883
v 0.028785 -0.087468 0.196921
v -0.028785 -0.087468 0.196921
v 0.036298 -0.084624 0.196970
v -0.029311 -0.087293 0.196924
v -0.034172 -0.085506 0.196955
v -0.043535 -0.081135 0.197031
v 0.043535 -0.081135 0.197031
v -0.044228 -0.080759 0.197038
v 0.046191 -0.079651 0.197057
v 0.042885 -0.079651 0.197057
v -0.018807 -0.090144 0.196874
v -0.013495 -0.091092 0.196857
v 0.034032 -0.079651 0.197057
v 0.032261 -0.079651 0.197057
v -0.034032 -0.079651 0.197057
v -0.042885 -0.079651 0.197057
v -0.044655 -0.079651 0.197057
v -0.046191 -0.079651 0.197057
v -0.001807 -0.092070 0.196840
v -0.041378 0.059600 0.347821
v -0.037378 0.060000 0.358616
v -0.040215 0.060268 0.350933
v -0.037677 0.060266 0.357794
v -0.039044 0.061029 0.354059
v -0.037892 0.060801 0.357186
v -0.038393 0.061554 0.355794
v -0.038269 0.061697 0.356121
v -0.042189 0.059184 0.345649
v -0.038360 -0.000000 0.358980
v -0.043244 0.058716 0.342819
v -0.043343 0.049393 0.343022
v -0.044356 0.058333 0.339832
v -0.045379 0.058106 0.337076
v -0.079837 0.050021 0.244311
v -0.077420 0.050500 0.250821
v -0.081976 0.051113 0.238473
v -0.043945 0.050500 0.341336
v -0.078030 0.056828 0.248854
v -0.076855 0.057771 0.251984
v -0.038205 0.061804 0.356290
v -0.038138 0.061801 0.356470
v -0.038161 0.061804 0.356409
v -0.085938 0.044290 0.228102
v -0.084533 0.046239 0.231803
v -0.082223 0.048591 0.237932
v -0.043535 0.050099 0.342465
v -0.046284 0.058035 0.334635
v -0.075625 0.058035 0.255296
v -0.043284 0.048500 0.343225
v -0.044075 -0.000000 0.343528
v -0.038138 0.061801 0.356470
v -0.034725 0.061800 0.364962
v -0.038128 0.061865 0.356466
v -0.031367 0.061941 0.371271
v -0.034586 0.062000 0.364789
v -0.030322 0.062000 0.372756
v 0.122500 0.061800 0.330000
v 0.121732 0.061800 0.318768
v 0.121505 0.061941 0.317612
v 0.119442 0.061800 0.307745
v 0.119515 0.062000 0.308771
v 0.117484 0.061941 0.301843
v 0.115688 0.062000 0.297679
v 0.110322 0.062000 0.287244
v 0.122351 0.061941 0.333864
v 0.121645 0.061800 0.341843
v 0.121152 0.062000 0.343695
v 0.119987 0.061941 0.349966
v 0.118380 0.062000 0.355097
v 0.114915 0.061800 0.364554
v 0.114507 0.061941 0.365289
v 0.109179 0.061800 0.374951
v 0.108144 0.062000 0.376148
v 0.102009 0.061800 0.384416
v 0.100889 0.062000 0.385370
v 0.095163 0.061941 0.391267
v 0.092396 0.062000 0.393466
v 0.083992 0.061800 0.399792
v 0.082053 0.061941 0.400909
v 0.073517 0.061800 0.405385
v 0.072409 0.062000 0.405650
v 0.062348 0.061800 0.409416
v 0.061322 0.062000 0.409490
v 0.051492 0.061941 0.411637
v 0.049801 0.062000 0.411714
v 0.038080 0.062000 0.412278
v -0.030393 0.061800 0.373024
v -0.023487 0.061800 0.382684
v -0.021870 0.061941 0.384486
v -0.015267 0.061800 0.391252
v -0.015299 0.062000 0.390954
v -0.006069 0.062000 0.398198
v -0.023405 0.062000 0.382470
v 0.019157 0.061941 0.409763
v 0.027031 0.061800 0.411474
v 0.026399 0.062000 0.411168
v 0.035231 0.061941 0.412303
v 0.014995 0.062000 0.408409
v 0.004415 0.061800 0.404431
v 0.003894 0.061941 0.404115
v -0.005901 0.061800 0.398552
v 0.121726 0.062000 0.320295
v 0.122275 0.062000 0.332016
v 0.110443 0.061941 0.287171
v 0.115672 0.061800 0.297137
v 0.110493 0.061800 0.287140
v 0.038862 0.061800 0.412492
v 0.050716 0.061800 0.411801
v -0.030222 0.062000 0.372920
v 0.119100 0.061800 0.353441
v 0.114014 0.062000 0.365988
v 0.093555 0.061800 0.392754
v 0.082838 0.062000 0.400272
v 0.015469 0.061800 0.408769
v 0.004098 0.062000 0.404056
v -0.038059 0.061963 0.356441
v -0.037950 0.062000 0.356402
v 0.026399 0.062000 0.411168
v 0.049801 0.062000 0.411714
v 0.014995 0.062000 0.408409
v 0.061322 0.062000 0.409490
v 0.004098 0.062000 0.404056
v 0.072409 0.062000 0.405650
v -0.006069 0.062000 0.398198
v 0.082838 0.062000 0.400272
v -0.015299 0.062000 0.390954
v 0.092396 0.062000 0.393466
v -0.023405 0.062000 0.382470
v 0.100889 0.062000 0.385370
v -0.030222 0.062000 0.372920
v 0.108144 0.062000 0.376148
v -0.030322 0.062000 0.372756
v 0.114014 0.062000 0.365988
v -0.034586 0.062000 0.364789
v -0.041038 0.062000 0.344407
v 0.121152 0.062000 0.343695
v -0.042269 0.062000 0.332572
v 0.122275 0.062000 0.332016
v -0.041780 0.062000 0.320684
v 0.121726 0.062000 0.320295
v -0.039583 0.062000 0.308990
v 0.119515 0.062000 0.308771
v -0.035722 0.062000 0.297735
v 0.115688 0.062000 0.297679
v -0.030278 0.062000 0.287154
v 0.110322 0.062000 0.287244
v -0.023367 0.062000 0.277469
v 0.110029 0.062000 0.286760
v 0.102249 0.062000 0.276150
v 0.109363 0.062000 0.285688
v -0.015130 0.062000 0.268882
v 0.093835 0.062000 0.267738
v -0.005742 0.062000 0.261572
v 0.084295 0.062000 0.260626
v 0.004602 0.062000 0.255691
v 0.073830 0.062000 0.254964
v 0.015686 0.062000 0.251364
v 0.062657 0.062000 0.250871
v 0.027278 0.062000 0.248680
v 0.051012 0.062000 0.248431
v 0.039136 0.062000 0.247695
v 0.118380 0.062000 0.355097
v -0.038114 0.062000 0.355941
v -0.038017 0.062000 0.356220
v -0.037950 0.062000 0.356402
v 0.038080 0.062000 0.412278
v 0.109363 0.062000 0.285688
v 0.110029 0.062000 0.286760
v 0.109477 0.061948 0.285615
v 0.110150 0.061942 0.286687
v 0.109531 0.061818 0.285581
v 0.110200 0.061800 0.286657
v 0.074176 0.060523 0.254196
v 0.062563 0.060000 0.248568
v 0.059009 0.060523 0.249050
v 0.050831 0.060000 0.246197
v 0.043136 0.060523 0.246908
v 0.038882 0.060000 0.245507
v 0.026955 0.060000 0.246513
v 0.063359 0.061818 0.250867
v 0.074402 0.061818 0.255006
v 0.084742 0.061818 0.260677
v 0.088075 0.060523 0.262155
v 0.094169 0.061818 0.267763
v 0.100191 0.060523 0.272630
v 0.102488 0.061818 0.276122
v 0.109531 0.061818 0.285581
v -0.044408 0.060000 0.333941
v -0.044037 0.060018 0.335690
v -0.044500 0.060000 0.330158
v -0.043354 0.060124 0.338713
v -0.042474 0.060523 0.340591
v -0.042703 0.060278 0.341386
v -0.041775 0.060549 0.344914
v -0.042975 0.060523 0.324582
v -0.043674 0.060000 0.318217
v -0.040397 0.060523 0.308775
v -0.041170 0.060000 0.306513
v -0.034836 0.060523 0.293755
v -0.037037 0.060000 0.295280
v -0.031359 0.060000 0.284743
v -0.041687 0.061818 0.318389
v -0.042508 0.061818 0.330154
v -0.042027 0.061818 0.338904
v -0.040620 0.061818 0.347553
v 0.097669 0.060137 0.269236
v 0.099764 0.060322 0.271813
v 0.102106 0.060599 0.274828
v 0.104696 0.060974 0.278352
v 0.095808 0.060033 0.267032
v 0.094151 0.060000 0.265132
v 0.084443 0.060000 0.258131
v 0.073842 0.060000 0.252573
v -0.040837 0.060855 0.348199
v -0.039706 0.061247 0.351852
v -0.038683 0.061631 0.354919
v -0.038303 0.061818 0.356004
v -0.039198 0.061818 0.306862
v -0.035090 0.061818 0.295808
v -0.029448 0.061818 0.285452
v -0.026499 0.060523 0.280079
v -0.022388 0.061818 0.276006
v -0.015695 0.060523 0.268256
v -0.014053 0.061818 0.267663
v -0.004613 0.061818 0.260593
v -0.024248 0.060000 0.275115
v -0.015849 0.060000 0.266588
v -0.002824 0.060523 0.258724
v -0.006329 0.060000 0.259333
v 0.004120 0.060000 0.253496
v 0.005737 0.061818 0.254942
v 0.011636 0.060523 0.251836
v 0.015290 0.060000 0.249194
v 0.016788 0.061818 0.250824
v 0.027148 0.060523 0.247848
v 0.028313 0.061818 0.248324
v 0.040077 0.061818 0.247492
v 0.051839 0.061818 0.248345
v 0.107503 0.061445 0.282434
v -0.073750 0.060000 0.254602
v -0.044408 0.060000 0.333941
v -0.044500 0.060000 0.330158
v -0.043674 0.060000 0.318217
v -0.041170 0.060000 0.306513
v -0.037037 0.060000 0.295280
v -0.031359 0.060000 0.284743
v -0.024248 0.060000 0.275115
v -0.015849 0.060000 0.266588
v -0.006329 0.060000 0.259333
v 0.004120 0.060000 0.253496
v -0.073750 0.060000 0.217054
v 0.015290 0.060000 0.249194
v 0.026955 0.060000 0.246513
v 0.038882 0.060000 0.245507
v 0.082330 0.060000 0.228228
v 0.079452 0.060000 0.217054
v 0.087890 0.060000 0.247749
v 0.050831 0.060000 0.246197
v 0.062563 0.060000 0.248568
v 0.073842 0.060000 0.252573
v 0.084443 0.060000 0.258131
v 0.094151 0.060000 0.265132
v -0.078030 0.056828 0.248854
v -0.077465 0.058046 0.249924
v -0.077758 0.057989 0.248160
v -0.077110 0.058685 0.249593
v -0.075833 0.059546 0.251236
v -0.075064 0.059427 0.255089
v -0.073750 0.060000 0.254602
v -0.076855 0.057771 0.251984
v -0.075625 0.058035 0.255296
v -0.090927 0.033125 0.215175
v -0.091345 0.031975 0.214101
v -0.092471 0.027569 0.211277
v -0.093548 0.024958 0.208497
v -0.093746 0.021491 0.208137
v -0.095111 0.018259 0.204608
v -0.094726 0.015004 0.205813
v -0.096138 0.011849 0.202154
v -0.095439 0.007588 0.204259
v -0.096717 0.005528 0.200907
v -0.095762 -0.000000 0.203768
v -0.096876 -0.000000 0.200756
v -0.075324 -0.050500 0.250016
v -0.077420 -0.050500 0.250821
v -0.040741 -0.050500 0.340106
v -0.043945 -0.050500 0.341336
v -0.040741 0.050500 0.340106
v -0.043945 0.050500 0.341336
v -0.075324 0.050500 0.250016
v -0.077420 0.050500 0.250821
v -0.092386 0.013546 0.205568
v -0.092730 0.013820 0.204670
v -0.092987 0.004567 0.204001
v -0.093344 0.004660 0.203071
v -0.092987 -0.004567 0.204001
v -0.093344 -0.004660 0.203071
v -0.092730 -0.013820 0.204670
v -0.040234 -0.049914 0.341427
v -0.040024 -0.048500 0.341973
v -0.040383 -0.046500 0.341040
v -0.040024 0.048500 0.341973
v -0.040383 0.046500 0.341040
v -0.040234 0.049914 0.341427
v -0.075324 0.049500 0.250016
v -0.075324 0.050500 0.250016
v -0.078583 0.048657 0.241524
v -0.078649 0.049640 0.241353
v -0.081732 0.046157 0.233322
v -0.081861 0.047090 0.232985
v -0.084662 0.042086 0.225688
v -0.084851 0.042936 0.225197
v -0.087274 0.036581 0.218883
v -0.087516 0.037320 0.218254
v -0.089480 0.029830 0.213138
v -0.089766 0.030433 0.212393
v -0.091203 0.022064 0.208648
v -0.091524 0.022510 0.207813
v -0.075324 -0.050500 0.250016
v -0.075324 -0.049500 0.250016
v -0.078649 -0.049640 0.241353
v -0.078583 -0.048657 0.241524
v -0.081861 -0.047090 0.232985
v -0.081732 -0.046157 0.233322
v -0.084851 -0.042936 0.225197
v -0.084662 -0.042086 0.225688
v -0.087516 -0.037320 0.218254
v -0.087274 -0.036581 0.218883
v -0.089766 -0.030433 0.212393
v -0.089480 -0.029830 0.213138
v -0.091524 -0.022510 0.207813
v -0.091203 -0.022064 0.208648
v -0.092386 -0.013546 0.205568
v -0.040741 0.050500 0.340106
v -0.041458 0.049500 0.338239
v -0.040920 0.049098 0.339639
v -0.040527 0.048000 0.340665
v -0.040741 -0.050500 0.340106
v -0.040527 -0.048000 0.340665
v -0.040920 -0.049098 0.339639
v -0.041458 -0.049500 0.338239
v -0.044075 -0.000000 0.343528
v -0.043284 0.048500 0.343225
v -0.043284 -0.048500 0.343225
v -0.040024 0.048500 0.341973
v -0.040024 -0.048500 0.341973
v -0.040741 -0.050500 0.340106
v -0.043535 -0.050098 0.342468
v -0.040234 -0.049914 0.341427
v -0.043342 -0.049392 0.343022
v -0.040024 -0.048500 0.341973
v -0.043284 -0.048500 0.343225
v -0.043945 -0.050500 0.341336
v -0.038149 -0.061943 0.356269
v -0.038017 -0.062000 0.356220
v -0.037950 -0.062000 0.356402
v -0.038034 -0.061979 0.356432
v -0.038101 -0.061921 0.356456
v -0.038138 -0.061800 0.356471
v -0.038205 -0.061804 0.356290
v -0.046284 -0.058035 0.334635
v -0.045723 -0.059427 0.334427
v -0.045158 -0.058143 0.337673
v -0.045524 -0.058807 0.336240
v -0.044562 -0.058611 0.339177
v -0.045271 -0.059275 0.336127
v -0.044414 -0.059125 0.339073
v -0.044907 -0.059652 0.335977
v -0.044140 -0.059573 0.338928
v -0.044485 -0.059899 0.335811
v -0.043782 -0.059907 0.338763
v -0.044047 -0.060017 0.335644
v -0.043382 -0.060118 0.338595
v -0.040575 -0.060053 0.349970
v -0.040870 -0.060004 0.349162
v -0.039301 -0.060852 0.353375
v -0.039646 -0.060839 0.352408
v -0.038460 -0.061488 0.355616
v -0.038609 -0.061663 0.355132
v -0.038308 -0.061815 0.355990
v -0.043779 -0.058516 0.341382
v -0.043004 -0.058814 0.343462
v -0.043340 -0.059105 0.342397
v -0.042306 -0.059199 0.345329
v -0.043175 -0.059606 0.342263
v -0.042081 -0.059754 0.345690
v -0.042903 -0.060016 0.342103
v -0.041909 -0.060218 0.345541
v -0.041783 -0.060546 0.344884
v -0.040832 -0.060857 0.348214
v -0.044408 -0.060000 0.333941
v -0.040805 -0.060500 0.349032
v -0.039689 -0.061253 0.351904
v -0.044438 -0.058310 0.339610
v -0.041843 -0.059356 0.346575
v -0.038265 -0.061704 0.356133
v -0.038303 -0.061818 0.356004
v -0.038293 -0.061817 0.356034
v -0.038205 -0.061804 0.356290
v -0.042730 -0.060271 0.341280
v -0.046060 -0.060000 0.329474
v -0.046531 -0.059960 0.329475
v -0.075064 -0.059427 0.255089
v -0.047906 -0.058991 0.329491
v -0.075625 -0.058035 0.255296
v -0.047980 -0.058837 0.329519
v -0.048014 -0.058600 0.329691
v -0.047712 -0.058701 0.330409
v -0.045723 -0.059427 0.334427
v -0.047865 -0.058522 0.330159
v -0.046284 -0.058035 0.334635
v -0.047930 -0.058500 0.330000
v -0.045671 -0.060000 0.330526
v -0.044408 -0.060000 0.333941
v -0.046775 -0.059713 0.330518
v -0.047529 -0.058991 0.330509
v -0.073750 -0.060000 0.254602
v -0.041991 -0.058991 0.329491
v -0.047906 -0.058991 0.329491
v -0.046531 -0.059960 0.329475
v -0.046060 -0.060000 0.329474
v -0.044498 -0.060000 0.329474
v -0.043270 -0.060422 0.329466
v -0.042529 -0.061647 0.329445
v -0.042506 -0.061818 0.329442
v -0.042462 -0.061927 0.329440
v -0.042361 -0.061993 0.329439
v -0.042307 -0.062000 0.329439
v -0.041939 -0.062000 0.329439
v -0.041590 -0.061818 0.317724
v -0.041433 -0.060523 0.313181
v -0.039018 -0.061818 0.306256
v -0.036551 -0.060523 0.297533
v -0.034842 -0.061818 0.295269
v -0.028694 -0.060523 0.283146
v -0.029148 -0.061818 0.284987
v -0.022050 -0.061818 0.275618
v -0.042529 -0.061647 0.329445
v -0.043270 -0.060422 0.329466
v -0.043583 -0.060000 0.317582
v -0.044498 -0.060000 0.329474
v -0.015528 -0.060000 0.266306
v -0.006007 -0.060000 0.259123
v -0.005382 -0.060523 0.260324
v 0.004430 -0.060000 0.253351
v 0.009168 -0.060523 0.252776
v 0.015576 -0.060000 0.249107
v 0.024917 -0.060523 0.248228
v 0.027208 -0.060000 0.246474
v 0.039095 -0.060000 0.245505
v 0.073141 -0.060523 0.253738
v 0.063549 -0.061818 0.250924
v 0.057537 -0.060523 0.248719
v 0.052074 -0.061818 0.248380
v 0.041251 -0.060523 0.246858
v 0.040354 -0.061818 0.247492
v 0.028626 -0.061818 0.248279
v 0.062687 -0.060000 0.248602
v 0.073921 -0.060000 0.252607
v 0.084479 -0.060000 0.258154
v 0.087458 -0.060523 0.261721
v 0.094151 -0.060000 0.265132
v 0.095173 -0.060013 0.266296
v 0.105315 -0.061072 0.279227
v 0.102514 -0.061818 0.276152
v 0.103164 -0.060744 0.276242
v 0.099930 -0.060523 0.272358
v 0.100458 -0.060397 0.272691
v 0.097826 -0.060148 0.269425
v -0.041002 -0.060000 0.305938
v -0.036807 -0.060000 0.294774
v -0.031083 -0.060000 0.284311
v -0.023942 -0.060000 0.274758
v -0.018168 -0.060523 0.270581
v -0.013693 -0.061818 0.267353
v -0.004247 -0.061818 0.260359
v 0.006098 -0.061818 0.254779
v 0.017130 -0.061818 0.250725
v 0.051001 -0.060000 0.246219
v 0.074546 -0.061818 0.255072
v 0.084842 -0.061818 0.260741
v 0.094228 -0.061818 0.267815
v 0.107739 -0.061487 0.282791
v 0.109531 -0.061818 0.285581
v -0.042506 -0.061818 0.329442
v 0.051492 -0.061941 0.411637
v 0.051944 -0.062000 0.411429
v 0.062348 -0.061800 0.409416
v 0.063662 -0.062000 0.408825
v 0.073517 -0.061800 0.405385
v 0.074876 -0.062000 0.404545
v 0.082053 -0.061941 0.400909
v 0.085348 -0.062000 0.398679
v 0.093555 -0.061800 0.392754
v 0.095163 -0.061941 0.391267
v 0.102009 -0.061800 0.384416
v 0.103197 -0.062000 0.382720
v 0.109179 -0.061800 0.374951
v 0.110193 -0.062000 0.372967
v 0.114507 -0.061941 0.365289
v 0.115697 -0.062000 0.362300
v 0.119987 -0.061941 0.349966
v 0.119590 -0.062000 0.350945
v 0.121790 -0.062000 0.339145
v 0.110493 -0.061800 0.287140
v 0.115672 -0.061800 0.297137
v 0.117484 -0.061941 0.301843
v 0.119442 -0.061800 0.307745
v 0.121505 -0.061941 0.317612
v 0.121732 -0.061800 0.318768
v 0.122251 -0.062000 0.327151
v 0.122351 -0.061941 0.333864
v 0.121645 -0.061800 0.341843
v 0.119100 -0.061800 0.353441
v 0.114915 -0.061800 0.364554
v 0.110443 -0.061941 0.287171
v 0.114586 -0.062000 0.295211
v 0.117950 -0.062000 0.303598
v 0.120961 -0.062000 0.315217
v -0.030222 -0.062000 0.372920
v -0.023232 -0.062000 0.382678
v -0.021870 -0.061941 0.384486
v -0.014897 -0.062000 0.391315
v -0.015267 -0.061800 0.391252
v -0.005901 -0.061800 0.398552
v -0.034545 -0.062000 0.364876
v -0.031367 -0.061941 0.371271
v -0.023487 -0.061800 0.382684
v -0.030393 -0.061800 0.373024
v -0.034725 -0.061800 0.364962
v -0.038101 -0.061921 0.356456
v -0.038138 -0.061800 0.356471
v 0.039972 -0.062000 0.412300
v 0.050716 -0.061800 0.411801
v 0.035231 -0.061941 0.412303
v 0.038862 -0.061800 0.412492
v 0.027031 -0.061800 0.411474
v 0.028001 -0.062000 0.411421
v 0.019157 -0.061941 0.409763
v 0.015469 -0.061800 0.408769
v 0.003894 -0.061941 0.404115
v 0.004415 -0.061800 0.404431
v 0.016285 -0.062000 0.408809
v 0.005074 -0.062000 0.404522
v -0.005394 -0.062000 0.398649
v -0.038034 -0.061979 0.356432
v -0.037950 -0.062000 0.356402
v 0.122500 -0.061800 0.330000
v 0.094856 -0.062000 0.391352
v 0.083992 -0.061800 0.399792
v 0.110322 -0.062000 0.287244
v -0.034545 -0.062000 0.364876
v 0.115697 -0.062000 0.362300
v -0.030222 -0.062000 0.372920
v 0.110193 -0.062000 0.372967
v -0.023232 -0.062000 0.382678
v 0.103197 -0.062000 0.382720
v -0.014897 -0.062000 0.391315
v 0.094856 -0.062000 0.391352
v -0.005394 -0.062000 0.398649
v 0.085348 -0.062000 0.398679
v 0.005074 -0.062000 0.404522
v 0.074876 -0.062000 0.404545
v 0.016285 -0.062000 0.408809
v 0.063662 -0.062000 0.408825
v 0.028001 -0.062000 0.411421
v 0.051944 -0.062000 0.411429
v 0.039972 -0.062000 0.412300
v -0.034660 -0.062000 0.295349
v 0.114586 -0.062000 0.295211
v -0.038826 -0.062000 0.306309
v 0.117950 -0.062000 0.303598
v -0.041392 -0.062000 0.317750
v 0.120961 -0.062000 0.315217
v -0.042307 -0.062000 0.329439
v 0.122251 -0.062000 0.327151
v -0.041939 -0.062000 0.329439
v 0.102363 -0.062000 0.276282
v -0.021898 -0.062000 0.275747
v 0.094098 -0.062000 0.267966
v -0.013561 -0.062000 0.267502
v 0.084734 -0.062000 0.260909
v -0.004138 -0.062000 0.260526
v 0.074463 -0.062000 0.255253
v 0.006182 -0.062000 0.254959
v 0.063493 -0.062000 0.251115
v 0.017187 -0.062000 0.250915
v 0.052046 -0.062000 0.248577
v 0.028656 -0.062000 0.248476
v 0.040354 -0.062000 0.247692
v -0.041939 -0.062000 0.330561
v 0.121790 -0.062000 0.339145
v -0.041799 -0.062000 0.339152
v -0.042307 -0.062000 0.330561
v 0.119590 -0.062000 0.350945
v -0.037950 -0.062000 0.356402
v -0.038017 -0.062000 0.356220
v -0.038110 -0.062000 0.355953
v -0.038114 -0.062000 0.355941
v -0.038115 -0.062000 0.355939
v -0.040396 -0.062000 0.347643
v -0.028979 -0.062000 0.285092
v 0.109363 -0.062000 0.285688
v 0.110029 -0.062000 0.286760
v 0.110322 -0.062000 0.287244
v 0.110150 -0.061942 0.286687
v 0.110029 -0.062000 0.286760
v 0.109363 -0.062000 0.285688
v 0.109420 -0.061988 0.285649
v 0.109498 -0.061921 0.285602
v 0.109531 -0.061818 0.285581
v 0.110200 -0.061800 0.286657
v -0.040234 0.049914 0.341427
v -0.043343 0.049393 0.343022
v -0.043535 0.050099 0.342465
v -0.043945 0.050500 0.341336
v -0.040741 0.050500 0.340106
v -0.040024 0.048500 0.341973
v -0.043284 0.048500 0.343225
v -0.038149 0.061943 0.356269
v -0.038205 0.061804 0.356290
v -0.038161 0.061804 0.356409
v -0.038128 0.061865 0.356466
v -0.038059 0.061963 0.356441
v -0.037950 0.062000 0.356402
v -0.038017 0.062000 0.356220
v -0.038138 0.061801 0.356470
v -0.044476 0.059898 0.335858
v -0.044899 0.059648 0.336025
v -0.043754 0.059908 0.338883
v -0.044110 0.059569 0.339048
v -0.042881 0.060019 0.342191
v -0.043150 0.059605 0.342351
v -0.041905 0.060217 0.345557
v -0.042077 0.059751 0.345706
v -0.040816 0.060495 0.348999
v -0.040883 0.059997 0.349129
v -0.039662 0.060832 0.352362
v -0.040215 0.060268 0.350933
v -0.039044 0.061029 0.354059
v -0.038393 0.061554 0.355794
v -0.038683 0.061631 0.354919
v -0.039706 0.061247 0.351852
v -0.040837 0.060855 0.348199
v -0.041775 0.060549 0.344914
v -0.042703 0.060278 0.341386
v -0.043354 0.060124 0.338713
v -0.044037 0.060018 0.335690
v -0.044408 0.060000 0.333941
v -0.045259 0.059270 0.336174
v -0.044379 0.059120 0.339192
v -0.043311 0.059104 0.342484
v -0.038303 0.061818 0.356004
v -0.038269 0.061697 0.356121
v -0.038217 0.061805 0.356255
v -0.038205 0.061804 0.356290
v -0.044766 0.058638 0.338577
v -0.045777 0.058892 0.335414
v -0.045723 0.059427 0.334427
v -0.046284 0.058035 0.334635
v -0.043244 0.058716 0.342819
v -0.044356 0.058333 0.339832
v -0.045379 0.058106 0.337076
v -0.042189 0.059184 0.345649
v -0.041378 0.059600 0.347821
v -0.044408 0.060000 0.333941
v -0.073750 0.060000 0.254602
v -0.045723 0.059427 0.334427
v -0.075064 0.059427 0.255089
v -0.046284 0.058035 0.334635
v -0.075625 0.058035 0.255296
v -0.038149 0.061943 0.356269
v -0.038017 0.062000 0.356220
v -0.038242 0.061948 0.355984
v -0.038303 0.061818 0.356004
v -0.038217 0.061805 0.356255
v -0.038205 0.061804 0.356290
v -0.038114 0.062000 0.355941
v -0.038775 0.061948 0.305679
v -0.041687 0.061818 0.318389
v -0.041780 0.062000 0.320684
v -0.042508 0.061818 0.330154
v -0.042269 0.062000 0.332572
v -0.041909 0.061948 0.339373
v -0.041038 0.062000 0.344407
v -0.038114 0.062000 0.355941
v -0.039583 0.062000 0.308990
v -0.035722 0.062000 0.297735
v -0.035090 0.061818 0.295808
v -0.030278 0.062000 0.287154
v -0.029448 0.061818 0.285452
v -0.022369 0.061948 0.276083
v -0.022388 0.061818 0.276006
v -0.014053 0.061818 0.267663
v 0.085794 0.061948 0.261444
v 0.074402 0.061818 0.255006
v 0.073830 0.062000 0.254964
v 0.063359 0.061818 0.250867
v 0.062657 0.062000 0.250871
v 0.054397 0.061948 0.248823
v 0.051012 0.062000 0.248431
v 0.039136 0.062000 0.247695
v 0.084295 0.062000 0.260626
v 0.093835 0.062000 0.267738
v 0.094169 0.061818 0.267763
v 0.102249 0.062000 0.276150
v 0.102488 0.061818 0.276122
v 0.109477 0.061948 0.285615
v 0.109531 0.061818 0.285581
v -0.042027 0.061818 0.338904
v -0.040620 0.061818 0.347553
v -0.038242 0.061948 0.355984
v -0.038303 0.061818 0.356004
v 0.004544 0.061948 0.255570
v -0.004613 0.061818 0.260593
v -0.005742 0.062000 0.261572
v -0.015130 0.062000 0.268882
v -0.023367 0.062000 0.277469
v 0.037431 0.061948 0.247596
v 0.028313 0.061818 0.248324
v 0.027278 0.062000 0.248680
v 0.016788 0.061818 0.250824
v 0.015686 0.062000 0.251364
v 0.004602 0.062000 0.255691
v 0.051839 0.061818 0.248345
v -0.039198 0.061818 0.306862
v 0.084742 0.061818 0.260677
v 0.005737 0.061818 0.254942
v 0.040077 0.061818 0.247492
v 0.109363 0.062000 0.285688
v -0.040383 -0.046500 0.341040
v -0.044117 -0.046500 0.342473
v -0.040527 -0.048000 0.340665
v -0.044261 -0.048000 0.342098
v -0.040920 -0.049098 0.339639
v -0.044654 -0.049098 0.341073
v -0.041458 -0.049500 0.338239
v -0.045192 -0.049500 0.339673
v -0.044117 0.046500 0.342473
v -0.044117 -0.046500 0.342473
v -0.040383 0.046500 0.341040
v -0.040383 -0.046500 0.341040
v -0.041458 0.049500 0.338239
v -0.045192 0.049500 0.339673
v -0.040920 0.049098 0.339639
v -0.044654 0.049098 0.341073
v -0.040527 0.048000 0.340665
v -0.044261 0.048000 0.342098
v -0.040383 0.046500 0.341040
v -0.044117 0.046500 0.342473
v -0.079058 0.049500 0.251449
v -0.045192 0.049500 0.339673
v -0.075324 0.049500 0.250016
v -0.041458 0.049500 0.338239
v -0.079058 0.049500 0.251449
v -0.075324 0.049500 0.250016
v -0.082317 0.048657 0.242958
v -0.078583 0.048657 0.241524
v -0.085466 0.046157 0.234755
v -0.081732 0.046157 0.233322
v -0.088396 0.042086 0.227122
v -0.084662 0.042086 0.225688
v -0.091009 0.036581 0.220316
v -0.087274 0.036581 0.218883
v -0.093214 0.029830 0.214571
v -0.089480 0.029830 0.213138
v -0.094937 0.022064 0.210082
v -0.091203 0.022064 0.208648
v -0.096120 0.013546 0.207001
v -0.092386 0.013546 0.205568
v -0.096721 0.004567 0.205434
v -0.092987 0.004567 0.204001
v -0.096721 -0.004567 0.205434
v -0.092987 -0.004567 0.204001
v -0.096120 -0.013546 0.207001
v -0.092386 -0.013546 0.205568
v -0.094937 -0.022064 0.210082
v -0.091203 -0.022064 0.208648
v -0.093214 -0.029830 0.214571
v -0.089480 -0.029830 0.213138
v -0.091009 -0.036581 0.220316
v -0.087274 -0.036581 0.218883
v -0.088396 -0.042086 0.227122
v -0.084662 -0.042086 0.225688
v -0.085466 -0.046157 0.234755
v -0.081732 -0.046157 0.233322
v -0.082317 -0.048657 0.242958
v -0.078583 -0.048657 0.241524
v -0.079058 -0.049500 0.251449
v -0.075324 -0.049500 0.250016
v -0.045192 -0.049500 0.339673
v -0.079058 -0.049500 0.251449
v -0.041458 -0.049500 0.338239
v -0.075324 -0.049500 0.250016
v -0.038303 -0.061818 0.356004
v -0.038242 -0.061948 0.355984
v -0.038149 -0.061943 0.356269
v -0.038114 -0.062000 0.355941
v -0.038110 -0.062000 0.355953
v -0.038114 -0.062000 0.355941
v -0.038205 -0.061804 0.356290
v -0.038293 -0.061817 0.356034
v -0.038017 -0.062000 0.356220
v -0.038115 -0.062000 0.355939
v -0.039689 -0.061253 0.351904
v -0.040832 -0.060857 0.348214
v -0.040591 -0.061818 0.347684
v -0.041783 -0.060546 0.344884
v -0.041997 -0.061818 0.339171
v -0.042044 -0.060523 0.343529
v -0.043037 -0.060635 0.330537
v -0.042730 -0.060271 0.341280
v -0.043382 -0.060118 0.338595
v -0.044327 -0.060007 0.330526
v -0.044047 -0.060017 0.335644
v -0.044408 -0.060000 0.333941
v -0.044498 -0.060000 0.330526
v -0.038308 -0.061815 0.355990
v -0.038609 -0.061663 0.355132
v -0.038303 -0.061818 0.356004
v -0.042506 -0.061818 0.330558
v -0.041997 -0.058702 0.329590
v -0.042000 -0.058531 0.329819
v -0.048014 -0.058600 0.329691
v -0.047980 -0.058837 0.329519
v -0.047906 -0.058991 0.329491
v -0.041991 -0.058991 0.329491
v -0.042000 -0.058500 0.330000
v -0.047930 -0.058500 0.330000
v -0.044408 -0.060000 0.333941
v -0.045671 -0.060000 0.330526
v -0.044498 -0.060000 0.330526
v -0.041991 -0.058991 0.330509
v -0.041939 -0.062000 0.330561
v -0.042307 -0.062000 0.330561
v -0.042419 -0.061965 0.330560
v -0.042495 -0.061871 0.330559
v -0.042506 -0.061818 0.330558
v -0.043037 -0.060635 0.330537
v -0.044327 -0.060007 0.330526
v -0.044498 -0.060000 0.330526
v -0.045671 -0.060000 0.330526
v -0.046775 -0.059713 0.330518
v -0.047529 -0.058991 0.330509
v -0.041998 -0.058598 0.330305
v -0.041994 -0.058851 0.330487
v -0.047712 -0.058701 0.330409
v -0.047865 -0.058522 0.330159
v -0.047930 -0.058500 0.330000
v -0.042000 -0.058500 0.330000
v -0.041991 -0.058991 0.330509
v -0.047529 -0.058991 0.330509
v -0.041939 -0.062000 0.329439
v -0.041939 -0.062000 0.330561
v -0.041991 -0.058991 0.329491
v -0.041991 -0.058991 0.330509
v -0.041997 -0.058702 0.329590
v -0.041994 -0.058851 0.330487
v -0.041998 -0.058598 0.330305
v -0.042000 -0.058500 0.330000
v -0.042000 -0.058531 0.329819
v 0.109498 -0.061921 0.285602
v 0.102363 -0.062000 0.276282
v 0.102514 -0.061818 0.276152
v 0.094098 -0.062000 0.267966
v 0.094228 -0.061818 0.267815
v 0.087060 -0.061948 0.262306
v 0.084842 -0.061818 0.260741
v 0.074546 -0.061818 0.255072
v -0.035885 -0.061948 0.297775
v -0.038826 -0.062000 0.306309
v -0.039018 -0.061818 0.306256
v -0.041392 -0.062000 0.317750
v -0.041590 -0.061818 0.317724
v -0.042462 -0.061927 0.329440
v -0.042506 -0.061818 0.329442
v -0.034842 -0.061818 0.295269
v -0.028091 -0.061948 0.283517
v -0.034660 -0.062000 0.295349
v -0.028979 -0.062000 0.285092
v -0.004973 -0.061948 0.260903
v -0.013561 -0.062000 0.267502
v -0.013693 -0.061818 0.267353
v -0.021898 -0.062000 0.275747
v -0.022050 -0.061818 0.275618
v -0.029148 -0.061818 0.284987
v 0.025065 -0.061948 0.248920
v 0.017187 -0.062000 0.250915
v 0.017130 -0.061818 0.250725
v 0.009453 -0.061948 0.253424
v 0.006098 -0.061818 0.254779
v -0.004247 -0.061818 0.260359
v 0.028626 -0.061818 0.248279
v 0.041258 -0.061948 0.247566
v 0.040354 -0.062000 0.247692
v 0.052046 -0.062000 0.248577
v 0.072869 -0.061948 0.254391
v 0.063493 -0.062000 0.251115
v 0.063549 -0.061818 0.250924
v 0.052074 -0.061818 0.248380
v 0.040354 -0.061818 0.247492
v 0.084734 -0.062000 0.260909
v 0.006182 -0.062000 0.254959
v 0.109420 -0.061988 0.285649
v 0.109531 -0.061818 0.285581
v -0.042361 -0.061993 0.329439
v -0.004138 -0.062000 0.260526
v 0.028656 -0.062000 0.248476
v 0.074463 -0.062000 0.255253
v 0.109363 -0.062000 0.285688
v -0.042307 -0.062000 0.329439
v -0.042495 -0.061871 0.330559
v -0.042419 -0.061965 0.330560
v -0.041997 -0.061818 0.339171
v -0.041342 -0.061948 0.343436
v -0.040591 -0.061818 0.347684
v -0.038242 -0.061948 0.355984
v -0.038303 -0.061818 0.356004
v -0.042307 -0.062000 0.330561
v -0.041799 -0.062000 0.339152
v -0.040396 -0.062000 0.347643
v -0.038115 -0.062000 0.355939
v -0.038114 -0.062000 0.355941
v -0.042506 -0.061818 0.330558
v -0.098740 0.003500 0.211338
v -0.099477 0.002832 0.209418
v -0.098002 0.002832 0.213259
v -0.099932 0.001082 0.208231
v -0.097547 0.001082 0.214446
v -0.099932 -0.001082 0.208231
v -0.097547 -0.001082 0.214446
v -0.099477 -0.002832 0.209418
v -0.098002 -0.002832 0.213259
v -0.098740 -0.003500 0.211338
v -0.049643 0.041000 0.339239
v -0.045909 0.041000 0.337805
v -0.048906 0.041668 0.341159
v -0.045172 0.041668 0.339726
v -0.048450 0.043418 0.342346
v -0.044716 0.043418 0.340913
v -0.048450 0.045582 0.342346
v -0.044716 0.045582 0.340913
v -0.048906 0.047332 0.341159
v -0.045172 0.047332 0.339726
v -0.049643 0.048000 0.339239
v -0.045909 0.048000 0.337805
v -0.049643 0.048000 0.339239
v -0.045909 0.048000 0.337805
v -0.050380 0.047332 0.337318
v -0.046646 0.047332 0.335885
v -0.050836 0.045582 0.336131
v -0.047102 0.045582 0.334698
v -0.050836 0.043418 0.336131
v -0.047102 0.043418 0.334698
v -0.050380 0.041668 0.337318
v -0.046646 0.041668 0.335885
v -0.049643 0.041000 0.339239
v -0.045909 0.041000 0.337805
v -0.066307 -0.048000 0.295827
v -0.062573 -0.048000 0.294394
v -0.065570 -0.047332 0.297748
v -0.061836 -0.047332 0.296315
v -0.065114 -0.045582 0.298935
v -0.061380 -0.045582 0.297502
v -0.065114 -0.043418 0.298935
v -0.061380 -0.043418 0.297502
v -0.065570 -0.041668 0.297748
v -0.061836 -0.041668 0.296315
v -0.066307 -0.041000 0.295827
v -0.062573 -0.041000 0.294394
v -0.066307 -0.041000 0.295827
v -0.062573 -0.041000 0.294394
v -0.067045 -0.041668 0.293907
v -0.063310 -0.041668 0.292473
v -0.067500 -0.043418 0.292720
v -0.063766 -0.043418 0.291286
v -0.067500 -0.045582 0.292720
v -0.063766 -0.045582 0.291286
v -0.067045 -0.047332 0.293907
v -0.063310 -0.047332 0.292473
v -0.066307 -0.048000 0.295827
v -0.062573 -0.048000 0.294394
v -0.066307 0.041000 0.295827
v -0.062573 0.041000 0.294394
v -0.065570 0.041668 0.297748
v -0.061836 0.041668 0.296315
v -0.065114 0.043418 0.298935
v -0.061380 0.043418 0.297502
v -0.065114 0.045582 0.298935
v -0.061380 0.045582 0.297502
v -0.065570 0.047332 0.297748
v -0.061836 0.047332 0.296315
v -0.066307 0.048000 0.295827
v -0.062573 0.048000 0.294394
v -0.066307 0.048000 0.295827
v -0.062573 0.048000 0.294394
v -0.067045 0.047332 0.293907
v -0.063310 0.047332 0.292473
v -0.067500 0.045582 0.292720
v -0.063766 0.045582 0.291286
v -0.067500 0.043418 0.292720
v -0.063766 0.043418 0.291286
v -0.067045 0.041668 0.293907
v -0.063310 0.041668 0.292473
v -0.066307 0.041000 0.295827
v -0.062573 0.041000 0.294394
v -0.098740 -0.003500 0.211338
v -0.095005 -0.003500 0.209905
v -0.098002 -0.002832 0.213259
v -0.094268 -0.002832 0.211825
v -0.097547 -0.001082 0.214446
v -0.093812 -0.001082 0.213012
v -0.097547 0.001082 0.214446
v -0.093812 0.001082 0.213012
v -0.098002 0.002832 0.213259
v -0.094268 0.002832 0.211825
v -0.098740 0.003500 0.211338
v -0.095005 0.003500 0.209905
v -0.098740 0.003500 0.211338
v -0.095005 0.003500 0.209905
v -0.099477 0.002832 0.209418
v -0.095743 0.002832 0.207984
v -0.099932 0.001082 0.208231
v -0.096198 0.001082 0.206797
v -0.099932 -0.001082 0.208231
v -0.096198 -0.001082 0.206797
v -0.099477 -0.002832 0.209418
v -0.095743 -0.002832 0.207984
v -0.098740 -0.003500 0.211338
v -0.095005 -0.003500 0.209905
v -0.082792 0.041000 0.252883
v -0.079058 0.041000 0.251449
v -0.082055 0.041668 0.254803
v -0.078321 0.041668 0.253370
v -0.081599 0.043418 0.255990
v -0.077865 0.043418 0.254557
v -0.081599 0.045582 0.255990
v -0.077865 0.045582 0.254557
v -0.082055 0.047332 0.254803
v -0.078321 0.047332 0.253370
v -0.082792 0.048000 0.252883
v -0.079058 0.048000 0.251449
v -0.082792 0.048000 0.252883
v -0.079058 0.048000 0.251449
v -0.083529 0.047332 0.250962
v -0.079795 0.047332 0.249529
v -0.083985 0.045582 0.249775
v -0.080251 0.045582 0.248342
v -0.083985 0.043418 0.249775
v -0.080251 0.043418 0.248342
v -0.083529 0.041668 0.250962
v -0.079795 0.041668 0.249529
v -0.082792 0.041000 0.252883
v -0.079058 0.041000 0.251449
v -0.049643 0.048000 0.339239
v -0.050380 0.047332 0.337318
v -0.048906 0.047332 0.341159
v -0.050836 0.045582 0.336131
v -0.048450 0.045582 0.342346
v -0.050836 0.043418 0.336131
v -0.048450 0.043418 0.342346
v -0.050380 0.041668 0.337318
v -0.048906 0.041668 0.341159
v -0.049643 0.041000 0.339239
v -0.066307 0.048000 0.295827
v -0.067045 0.047332 0.293907
v -0.065570 0.047332 0.297748
v -0.067500 0.045582 0.292720
v -0.065114 0.045582 0.298935
v -0.067500 0.043418 0.292720
v -0.065114 0.043418 0.298935
v -0.067045 0.041668 0.293907
v -0.065570 0.041668 0.297748
v -0.066307 0.041000 0.295827
v -0.082792 0.048000 0.252883
v -0.083529 0.047332 0.250962
v -0.082055 0.047332 0.254803
v -0.083985 0.045582 0.249775
v -0.081599 0.045582 0.255990
v -0.083985 0.043418 0.249775
v -0.081599 0.043418 0.255990
v -0.083529 0.041668 0.250962
v -0.082055 0.041668 0.254803
v -0.082792 0.041000 0.252883
v -0.066307 -0.041000 0.295827
v -0.067045 -0.041668 0.293907
v -0.065570 -0.041668 0.297748
v -0.067500 -0.043418 0.292720
v -0.065114 -0.043418 0.298935
v -0.067500 -0.045582 0.292720
v -0.065114 -0.045582 0.298935
v -0.067045 -0.047332 0.293907
v -0.065570 -0.047332 0.297748
v -0.066307 -0.048000 0.295827
v -0.082792 -0.048000 0.252883
v -0.079058 -0.048000 0.251449
v -0.082055 -0.047332 0.254803
v -0.078321 -0.047332 0.253370
v -0.081599 -0.045582 0.255990
v -0.077865 -0.045582 0.254557
v -0.081599 -0.043418 0.255990
v -0.077865 -0.043418 0.254557
v -0.082055 -0.041668 0.254803
v -0.078321 -0.041668 0.253370
v -0.082792 -0.041000 0.252883
v -0.079058 -0.041000 0.251449
v -0.082792 -0.041000 0.252883
v -0.083529 -0.041668 0.250962
v -0.082055 -0.041668 0.254803
v -0.083985 -0.043418 0.249775
v -0.081599 -0.043418 0.255990
v -0.083985 -0.045582 0.249775
v -0.081599 -0.045582 0.255990
v -0.083529 -0.047332 0.250962
v -0.082055 -0.047332 0.254803
v -0.082792 -0.048000 0.252883
v -0.082792 -0.041000 0.252883
v -0.079058 -0.041000 0.251449
v -0.083529 -0.041668 0.250962
v -0.079795 -0.041668 0.249529
v -0.083985 -0.043418 0.249775
v -0.080251 -0.043418 0.248342
v -0.083985 -0.045582 0.249775
v -0.080251 -0.045582 0.248342
v -0.083529 -0.047332 0.250962
v -0.079795 -0.047332 0.249529
v -0.082792 -0.048000 0.252883
v -0.079058 -0.048000 0.251449
v -0.061380 0.045582 0.297502
v -0.047102 0.045582 0.334698
v -0.061836 0.047332 0.296315
v -0.046646 0.047332 0.335885
v -0.062573 0.048000 0.294394
v -0.061380 -0.045582 0.297502
v -0.061836 -0.047332 0.296315
v -0.047102 -0.045582 0.334698
v -0.062573 -0.048000 0.294394
v -0.046646 -0.047332 0.335885
v -0.079795 -0.041668 0.249529
v -0.088396 -0.042086 0.227122
v -0.080251 -0.043418 0.248342
v -0.085466 -0.046157 0.234755
v -0.080251 -0.045582 0.248342
v -0.078321 -0.041668 0.253370
v -0.077865 -0.043418 0.254557
v -0.063766 -0.043418 0.291286
v -0.077865 -0.045582 0.254557
v -0.063766 -0.045582 0.291286
v -0.061836 -0.041668 0.296315
v -0.061380 -0.043418 0.297502
v -0.047102 -0.043418 0.334698
v -0.079795 0.047332 0.249529
v -0.082317 0.048657 0.242958
v -0.080251 0.045582 0.248342
v -0.085466 0.046157 0.234755
v -0.088396 0.042086 0.227122
v -0.078321 0.047332 0.253370
v -0.077865 0.045582 0.254557
v -0.063766 0.045582 0.291286
v -0.077865 0.043418 0.254557
v -0.063766 0.043418 0.291286
v -0.061836 0.041668 0.296315
v -0.047102 0.043418 0.334698
v -0.061380 0.043418 0.297502
v -0.044654 0.049098 0.341073
v -0.044716 0.045582 0.340913
v -0.044261 0.048000 0.342098
v -0.044117 0.046500 0.342473
v -0.044716 0.043418 0.340913
v -0.044117 -0.046500 0.342473
v -0.096120 0.013546 0.207001
v -0.096721 0.004567 0.205434
v -0.096198 0.001082 0.206797
v -0.096721 -0.004567 0.205434
v -0.096198 -0.001082 0.206797
v -0.096120 -0.013546 0.207001
v -0.095743 -0.002832 0.207984
v -0.046646 -0.041668 0.335885
v -0.045909 -0.041000 0.337805
v -0.062573 -0.041000 0.294394
v -0.078321 0.041668 0.253370
v -0.063310 0.041668 0.292473
v -0.079058 0.041000 0.251449
v -0.062573 0.041000 0.294394
v -0.046646 0.041668 0.335885
v -0.045909 0.041000 0.337805
v -0.063310 -0.041668 0.292473
v -0.079058 -0.041000 0.251449
v -0.045909 -0.048000 0.337805
v -0.045192 -0.049500 0.339673
v -0.045172 -0.047332 0.339726
v -0.044654 -0.049098 0.341073
v -0.044716 -0.045582 0.340913
v -0.095005 -0.003500 0.209905
v -0.094937 -0.022064 0.210082
v -0.094268 -0.002832 0.211825
v -0.093214 -0.029830 0.214571
v -0.093812 -0.001082 0.213012
v -0.095005 0.003500 0.209905
v -0.094268 0.002832 0.211825
v -0.094937 0.022064 0.210082
v -0.093812 0.001082 0.213012
v -0.093214 0.029830 0.214571
v -0.095743 0.002832 0.207984
v -0.045909 0.048000 0.337805
v -0.045172 0.047332 0.339726
v -0.045192 0.049500 0.339673
v -0.091009 0.036581 0.220316
v -0.045172 -0.041668 0.339726
v -0.044716 -0.043418 0.340913
v -0.079058 0.049500 0.251449
v -0.079058 0.048000 0.251449
v -0.063310 0.047332 0.292473
v -0.079058 -0.049500 0.251449
v -0.063310 -0.047332 0.292473
v -0.078321 -0.047332 0.253370
v -0.079058 -0.048000 0.251449
v -0.091009 -0.036581 0.220316
v -0.079795 0.041668 0.249529
v -0.080251 0.043418 0.248342
v -0.045172 0.041668 0.339726
v -0.044261 -0.048000 0.342098
v -0.082317 -0.048657 0.242958
v -0.079795 -0.047332 0.249529
v -0.049643 -0.048000 0.339239
v -0.045909 -0.048000 0.337805
v -0.048906 -0.047332 0.341159
v -0.045172 -0.047332 0.339726
v -0.048450 -0.045582 0.342346
v -0.044716 -0.045582 0.340913
v -0.048450 -0.043418 0.342346
v -0.044716 -0.043418 0.340913
v -0.048906 -0.041668 0.341159
v -0.045172 -0.041668 0.339726
v -0.049643 -0.041000 0.339239
v -0.045909 -0.041000 0.337805
v -0.049643 -0.041000 0.339239
v -0.045909 -0.041000 0.337805
v -0.050380 -0.041668 0.337318
v -0.046646 -0.041668 0.335885
v -0.050836 -0.043418 0.336131
v -0.047102 -0.043418 0.334698
v -0.050836 -0.045582 0.336131
v -0.047102 -0.045582 0.334698
v -0.050380 -0.047332 0.337318
v -0.046646 -0.047332 0.335885
v -0.049643 -0.048000 0.339239
v -0.045909 -0.048000 0.337805
v -0.049643 -0.041000 0.339239
v -0.050380 -0.041668 0.337318
v -0.048906 -0.041668 0.341159
v -0.050836 -0.043418 0.336131
v -0.048450 -0.043418 0.342346
v -0.050836 -0.045582 0.336131
v -0.048450 -0.045582 0.342346
v -0.050380 -0.047332 0.337318
v -0.048906 -0.047332 0.341159
v -0.049643 -0.048000 0.339239
v 0.020000 0.094846 0.174070
v 0.019086 0.095034 0.174066
v 0.019337 0.094987 0.174277
v 0.019575 0.094942 0.174504
v 0.019798 0.094900 0.174747
v 0.020000 0.094862 0.175000
v 0.020000 0.094821 0.182073
v 0.020000 0.094846 0.181000
v 0.019798 0.094883 0.181252
v 0.019523 0.094933 0.181548
v 0.019225 0.094987 0.181821
v 0.018908 0.095045 0.182067
v 0.020000 0.094846 0.181000
v 0.020000 0.097932 0.181000
v 0.019798 0.094883 0.181252
v 0.019777 0.097926 0.181277
v 0.019523 0.094933 0.181548
v 0.019534 0.097920 0.181537
v 0.019225 0.094987 0.181821
v 0.019274 0.097914 0.181779
v 0.018908 0.095045 0.182067
v 0.018997 0.097909 0.182002
v 0.018908 0.095045 0.182067
v 0.018997 0.097909 0.182002
v 0.012000 0.097909 0.182002
v 0.012000 0.067910 0.182683
v 0.020000 0.067910 0.182683
v 0.020000 0.094821 0.182073
v 0.012000 0.098000 0.178000
v 0.012000 0.097909 0.174000
v 0.012000 0.097909 0.182002
v 0.012000 0.067910 0.174681
v 0.012000 0.067910 0.182683
v 0.020000 0.067910 0.174681
v 0.012000 0.067910 0.174681
v 0.019086 0.095034 0.174066
v 0.012000 0.097909 0.174000
v 0.019001 0.097909 0.174000
v 0.020000 0.094846 0.174070
v 0.019086 0.095034 0.174066
v 0.019001 0.097909 0.174000
v 0.019337 0.094987 0.174277
v 0.019276 0.097914 0.174223
v 0.019575 0.094942 0.174504
v 0.019536 0.097920 0.174465
v 0.019798 0.094900 0.174747
v 0.019777 0.097926 0.174724
v 0.020000 0.094862 0.175000
v 0.020000 0.097932 0.175000
v 0.020000 0.098000 0.178000
v 0.020000 0.097932 0.181000
v 0.020000 0.097932 0.175000
v 0.020000 0.094846 0.181000
v 0.020000 0.094862 0.175000
v 0.020000 0.094821 0.182073
v 0.020000 0.094846 0.174070
v 0.020000 0.067910 0.182683
v 0.020000 0.067910 0.174681
v 0.013615 0.097959 0.179820
v 0.012000 0.098000 0.178000
v 0.013796 0.097954 0.180036
v 0.012000 0.097909 0.182002
v 0.013996 0.097949 0.180234
v 0.014263 0.097945 0.180447
v 0.013455 0.097964 0.179588
v 0.013317 0.097970 0.179343
v 0.013203 0.097975 0.179085
v 0.013115 0.097981 0.178822
v 0.013051 0.097988 0.178552
v 0.013013 0.097994 0.178277
v 0.013000 0.098000 0.177999
v 0.015518 0.097933 0.180963
v 0.015185 0.097934 0.180889
v 0.014861 0.097937 0.180777
v 0.014553 0.097940 0.180629
v 0.020000 0.097932 0.181000
v 0.016201 0.097932 0.180995
v 0.015859 0.097932 0.180998
v 0.015859 0.097932 0.180998
v 0.015518 0.097933 0.180963
v 0.012000 0.097909 0.182002
v 0.018997 0.097909 0.182002
v 0.019274 0.097914 0.181779
v 0.019534 0.097920 0.181537
v 0.019777 0.097926 0.181277
v 0.020000 0.097932 0.181000
v 0.020000 0.098000 0.178000
v 0.019000 0.098000 0.177999
v 0.018983 0.097993 0.178320
v 0.018932 0.097986 0.178636
v 0.018847 0.097979 0.178945
v 0.018730 0.097972 0.179244
v 0.018582 0.097965 0.179528
v 0.018409 0.097959 0.179789
v 0.018209 0.097954 0.180031
v 0.017985 0.097949 0.180251
v 0.017739 0.097945 0.180446
v 0.017474 0.097941 0.180614
v 0.017193 0.097938 0.180754
v 0.016872 0.097935 0.180872
v 0.016540 0.097933 0.180953
v 0.016201 0.097932 0.180995
v 0.015664 0.086068 0.181252
v 0.016336 0.086068 0.181252
v 0.015332 0.086066 0.181196
v 0.016668 0.086066 0.181196
v 0.015009 0.086064 0.181103
v 0.016991 0.086064 0.181103
v 0.014698 0.086061 0.180974
v 0.017302 0.086061 0.180974
v 0.014404 0.086058 0.180811
v 0.017596 0.086058 0.180811
v 0.014130 0.086053 0.180617
v 0.017871 0.086053 0.180617
v 0.013879 0.086048 0.180392
v 0.018121 0.086048 0.180392
v 0.013655 0.086043 0.180142
v 0.018346 0.086043 0.180142
v 0.013460 0.086036 0.179867
v 0.018540 0.086036 0.179867
v 0.013297 0.086030 0.179573
v 0.018703 0.086030 0.179573
v 0.013168 0.086023 0.179262
v 0.018832 0.086023 0.179262
v 0.013075 0.086015 0.178939
v 0.018925 0.086015 0.178939
v 0.013019 0.086008 0.178607
v 0.018981 0.086008 0.178607
v 0.013000 0.086000 0.178272
v 0.019000 0.086000 0.178272
v 0.013019 0.085993 0.177936
v 0.018981 0.085993 0.177936
v 0.013075 0.085985 0.177604
v 0.018925 0.085985 0.177604
v 0.013168 0.085978 0.177281
v 0.018832 0.085978 0.177281
v 0.013297 0.085970 0.176970
v 0.018703 0.085970 0.176970
v 0.013460 0.085964 0.176676
v 0.018540 0.085964 0.176676
v 0.013655 0.085958 0.176402
v 0.018346 0.085958 0.176402
v 0.013879 0.085952 0.176151
v 0.018121 0.085952 0.176151
v 0.014130 0.085947 0.175927
v 0.017871 0.085947 0.175927
v 0.014404 0.085942 0.175732
v 0.017596 0.085942 0.175732
v 0.014698 0.085939 0.175569
v 0.017302 0.085939 0.175569
v 0.015009 0.085936 0.175441
v 0.016991 0.085936 0.175441
v 0.015332 0.085934 0.175348
v 0.016668 0.085934 0.175348
v 0.015664 0.085932 0.175291
v 0.016336 0.085932 0.175291
v 0.016000 0.085932 0.175272
v 0.016000 0.086068 0.181271
v 0.012000 0.097909 0.174000
v 0.012000 0.098000 0.178000
v 0.013000 0.098000 0.177999
v 0.013019 0.097992 0.177664
v 0.013075 0.097985 0.177332
v 0.013168 0.097978 0.177009
v 0.013297 0.097971 0.176698
v 0.013460 0.097964 0.176404
v 0.013655 0.097958 0.176129
v 0.013879 0.097952 0.175879
v 0.014130 0.097947 0.175654
v 0.014404 0.097942 0.175460
v 0.014698 0.097939 0.175297
v 0.015009 0.097936 0.175168
v 0.015332 0.097934 0.175075
v 0.015664 0.097932 0.175019
v 0.016000 0.097932 0.175000
v 0.020000 0.097932 0.175000
v 0.019777 0.097926 0.174724
v 0.019536 0.097920 0.174465
v 0.019276 0.097914 0.174223
v 0.019001 0.097909 0.174000
v 0.016336 0.097932 0.175019
v 0.016668 0.097934 0.175075
v 0.016991 0.097936 0.175168
v 0.017302 0.097939 0.175297
v 0.017596 0.097942 0.175460
v 0.017871 0.097947 0.175654
v 0.018121 0.097952 0.175879
v 0.018346 0.097958 0.176129
v 0.018540 0.097964 0.176404
v 0.018703 0.097971 0.176698
v 0.018832 0.097978 0.177009
v 0.018925 0.097985 0.177332
v 0.018981 0.097992 0.177664
v 0.019000 0.098000 0.177999
v 0.020000 0.098000 0.178000
v 0.017474 0.097941 0.180614
v 0.017739 0.097945 0.180446
v 0.017596 0.086058 0.180811
v 0.017985 0.097949 0.180251
v 0.017871 0.086053 0.180617
v 0.018209 0.097954 0.180031
v 0.018121 0.086048 0.180392
v 0.018409 0.097959 0.179789
v 0.018346 0.086043 0.180142
v 0.018582 0.097965 0.179528
v 0.018540 0.086036 0.179867
v 0.018730 0.097972 0.179244
v 0.018703 0.086030 0.179573
v 0.018847 0.097979 0.178945
v 0.018832 0.086023 0.179262
v 0.018932 0.097986 0.178636
v 0.018925 0.086015 0.178939
v 0.018983 0.097993 0.178320
v 0.018981 0.086008 0.178607
v 0.019000 0.098000 0.177999
v 0.019000 0.086000 0.178272
v 0.015009 0.086064 0.181103
v 0.015185 0.097934 0.180889
v 0.015332 0.086066 0.181196
v 0.015518 0.097933 0.180963
v 0.015664 0.086068 0.181252
v 0.015859 0.097932 0.180998
v 0.016000 0.086068 0.181271
v 0.016201 0.097932 0.180995
v 0.016336 0.086068 0.181252
v 0.016540 0.097933 0.180953
v 0.016668 0.086066 0.181196
v 0.016872 0.097935 0.180872
v 0.016991 0.086064 0.181103
v 0.017193 0.097938 0.180754
v 0.017302 0.086061 0.180974
v 0.013051 0.097988 0.178552
v 0.013115 0.097981 0.178822
v 0.013075 0.086015 0.178939
v 0.013203 0.097975 0.179085
v 0.013168 0.086023 0.179262
v 0.013317 0.097970 0.179343
v 0.013297 0.086030 0.179573
v 0.013455 0.097964 0.179588
v 0.013460 0.086036 0.179867
v 0.013615 0.097959 0.179820
v 0.013655 0.086043 0.180142
v 0.013796 0.097954 0.180036
v 0.013879 0.086048 0.180392
v 0.013996 0.097949 0.180234
v 0.014130 0.086053 0.180617
v 0.014263 0.097945 0.180447
v 0.014404 0.086058 0.180811
v 0.014553 0.097940 0.180629
v 0.014698 0.086061 0.180974
v 0.014861 0.097937 0.180777
v 0.013013 0.097994 0.178277
v 0.013019 0.086008 0.178607
v 0.013000 0.086000 0.178272
v 0.013000 0.098000 0.177999
v 0.016000 0.085932 0.175272
v 0.015664 0.097932 0.175019
v 0.015664 0.085932 0.175291
v 0.015332 0.097934 0.175075
v 0.015332 0.085934 0.175348
v 0.015009 0.097936 0.175168
v 0.015009 0.085936 0.175441
v 0.014698 0.097939 0.175297
v 0.014698 0.085939 0.175569
v 0.014404 0.097942 0.175460
v 0.014404 0.085942 0.175732
v 0.014130 0.097947 0.175654
v 0.014130 0.085947 0.175927
v 0.013879 0.097952 0.175879
v 0.013879 0.085952 0.176151
v 0.013655 0.097958 0.176129
v 0.013655 0.085958 0.176402
v 0.013460 0.097964 0.176404
v 0.013460 0.085964 0.176676
v 0.013297 0.097971 0.176698
v 0.013297 0.085970 0.176970
v 0.013168 0.097978 0.177009
v 0.013168 0.085978 0.177281
v 0.013075 0.097985 0.177332
v 0.013075 0.085985 0.177604
v 0.013019 0.097992 0.177664
v 0.013019 0.085993 0.177936
v 0.013000 0.098000 0.177999
v 0.013000 0.086000 0.178272
v 0.016000 0.097932 0.175000
v 0.016336 0.085932 0.175291
v 0.016336 0.097932 0.175019
v 0.016668 0.085934 0.175348
v 0.016668 0.097934 0.175075
v 0.016991 0.085936 0.175441
v 0.016991 0.097936 0.175168
v 0.017302 0.085939 0.175569
v 0.017302 0.097939 0.175297
v 0.017596 0.085942 0.175732
v 0.017596 0.097942 0.175460
v 0.017871 0.085947 0.175927
v 0.017871 0.097947 0.175654
v 0.018121 0.085952 0.176151
v 0.018121 0.097952 0.175879
v 0.018346 0.085958 0.176402
v 0.018346 0.097958 0.176129
v 0.018540 0.085964 0.176676
v 0.018540 0.097964 0.176404
v 0.018703 0.085970 0.176970
v 0.018703 0.097971 0.176698
v 0.018832 0.085978 0.177281
v 0.018832 0.097978 0.177009
v 0.018925 0.085985 0.177604
v 0.018925 0.097985 0.177332
v 0.018981 0.085993 0.177936
v 0.018981 0.097992 0.177664
v 0.019000 0.086000 0.178272
v 0.019000 0.098000 0.177999
v 0.012000 0.067910 0.174681
v 0.020000 0.067910 0.174681
v 0.012000 0.067910 0.182683
v 0.020000 0.067910 0.182683
v 0.020000 -0.094821 0.182072
v 0.018908 -0.095045 0.182067
v 0.019017 -0.095025 0.181987
v 0.019287 -0.094976 0.181768
v 0.019542 -0.094929 0.181529
v 0.019780 -0.094886 0.181273
v 0.020000 -0.094846 0.181000
v 0.020000 -0.094846 0.174070
v 0.020000 -0.094862 0.175000
v 0.019722 -0.094914 0.174661
v 0.019416 -0.094972 0.174349
v 0.019085 -0.095034 0.174066
v 0.020000 -0.097932 0.181000
v 0.020000 -0.094846 0.181000
v 0.019777 -0.097926 0.181277
v 0.019780 -0.094886 0.181273
v 0.019534 -0.097920 0.181537
v 0.019542 -0.094929 0.181529
v 0.019274 -0.097914 0.181779
v 0.019287 -0.094976 0.181768
v 0.018997 -0.097909 0.182002
v 0.019017 -0.095025 0.181987
v 0.018908 -0.095045 0.182067
v 0.012000 -0.067910 0.182683
v 0.012000 -0.097909 0.182002
v 0.018908 -0.095045 0.182067
v 0.020000 -0.094821 0.182072
v 0.020000 -0.067910 0.182683
v 0.018997 -0.097909 0.182002
v 0.012000 -0.098000 0.178000
v 0.012000 -0.097909 0.182002
v 0.012000 -0.097909 0.174000
v 0.012000 -0.067910 0.182683
v 0.012000 -0.067910 0.174681
v 0.019085 -0.095034 0.174066
v 0.019000 -0.097909 0.174000
v 0.012000 -0.097909 0.174000
v 0.012000 -0.067910 0.174681
v 0.020000 -0.067910 0.174681
v 0.020000 -0.094846 0.174070
v 0.019000 -0.097909 0.174000
v 0.019085 -0.095034 0.174066
v 0.019276 -0.097914 0.174223
v 0.019416 -0.094972 0.174349
v 0.019536 -0.097920 0.174465
v 0.019777 -0.097926 0.174724
v 0.019722 -0.094914 0.174661
v 0.020000 -0.094862 0.175000
v 0.020000 -0.097932 0.175000
v 0.020000 -0.098000 0.178000
v 0.020000 -0.097932 0.175000
v 0.020000 -0.097932 0.181000
v 0.020000 -0.094862 0.175000
v 0.020000 -0.094846 0.181000
v 0.020000 -0.094846 0.174070
v 0.020000 -0.094821 0.182072
v 0.020000 -0.067910 0.174681
v 0.020000 -0.067910 0.182683
v 0.020000 -0.097932 0.181000
v 0.016142 -0.097932 0.180998
v 0.016482 -0.097933 0.180963
v 0.016816 -0.097934 0.180888
v 0.017139 -0.097937 0.180777
v 0.017447 -0.097940 0.180629
v 0.017737 -0.097945 0.180447
v 0.018004 -0.097949 0.180234
v 0.018204 -0.097954 0.180036
v 0.018385 -0.097959 0.179820
v 0.018545 -0.097964 0.179588
v 0.018683 -0.097970 0.179342
v 0.018797 -0.097975 0.179085
v 0.018885 -0.097981 0.178822
v 0.018949 -0.097988 0.178552
v 0.018987 -0.097994 0.178277
v 0.019000 -0.098000 0.177999
v 0.020000 -0.098000 0.178000
v 0.012000 -0.097909 0.182002
v 0.012000 -0.098000 0.178000
v 0.013000 -0.098000 0.177999
v 0.013017 -0.097993 0.178320
v 0.013068 -0.097986 0.178636
v 0.013153 -0.097979 0.178945
v 0.013270 -0.097972 0.179244
v 0.013418 -0.097965 0.179528
v 0.013592 -0.097959 0.179789
v 0.013792 -0.097954 0.180031
v 0.014016 -0.097949 0.180251
v 0.014261 -0.097945 0.180446
v 0.014526 -0.097941 0.180614
v 0.014807 -0.097938 0.180754
v 0.015128 -0.097935 0.180872
v 0.015460 -0.097933 0.180953
v 0.015800 -0.097932 0.180995
v 0.019777 -0.097926 0.181277
v 0.019534 -0.097920 0.181537
v 0.019274 -0.097914 0.181779
v 0.018997 -0.097909 0.182002
v 0.016336 -0.086068 0.181252
v 0.015664 -0.086068 0.181252
v 0.016668 -0.086066 0.181196
v 0.015333 -0.086066 0.181196
v 0.016991 -0.086064 0.181102
v 0.015009 -0.086064 0.181102
v 0.017302 -0.086061 0.180974
v 0.014698 -0.086061 0.180974
v 0.017596 -0.086058 0.180811
v 0.014404 -0.086058 0.180811
v 0.017871 -0.086053 0.180616
v 0.014130 -0.086053 0.180616
v 0.018121 -0.086048 0.180392
v 0.013879 -0.086048 0.180392
v 0.018346 -0.086043 0.180142
v 0.013655 -0.086043 0.180142
v 0.018540 -0.086036 0.179867
v 0.013460 -0.086036 0.179867
v 0.018703 -0.086030 0.179573
v 0.013297 -0.086030 0.179573
v 0.018832 -0.086023 0.179262
v 0.013168 -0.086023 0.179262
v 0.018925 -0.086015 0.178939
v 0.013075 -0.086015 0.178939
v 0.018981 -0.086008 0.178607
v 0.013019 -0.086008 0.178607
v 0.019000 -0.086000 0.178272
v 0.013000 -0.086000 0.178272
v 0.018981 -0.085993 0.177936
v 0.013019 -0.085993 0.177936
v 0.018925 -0.085985 0.177604
v 0.013075 -0.085985 0.177604
v 0.018832 -0.085978 0.177281
v 0.013168 -0.085978 0.177281
v 0.018703 -0.085970 0.176970
v 0.013297 -0.085970 0.176970
v 0.018540 -0.085964 0.176676
v 0.013460 -0.085964 0.176676
v 0.018346 -0.085958 0.176402
v 0.013655 -0.085958 0.176402
v 0.018121 -0.085952 0.176151
v 0.013879 -0.085952 0.176151
v 0.017871 -0.085947 0.175927
v 0.014130 -0.085947 0.175927
v 0.017596 -0.085942 0.175732
v 0.014404 -0.085942 0.175732
v 0.017302 -0.085939 0.175569
v 0.014698 -0.085939 0.175569
v 0.016991 -0.085936 0.175441
v 0.015009 -0.085936 0.175441
v 0.016668 -0.085934 0.175348
v 0.015333 -0.085934 0.175348
v 0.016336 -0.085932 0.175291
v 0.015664 -0.085932 0.175291
v 0.016000 -0.085932 0.175272
v 0.016000 -0.086068 0.181271
v 0.012000 -0.097909 0.174000
v 0.019000 -0.097909 0.174000
v 0.015009 -0.097936 0.175168
v 0.014698 -0.097939 0.175297
v 0.014404 -0.097942 0.175460
v 0.014130 -0.097947 0.175654
v 0.013879 -0.097952 0.175878
v 0.013655 -0.097958 0.176129
v 0.012000 -0.098000 0.178000
v 0.020000 -0.098000 0.178000
v 0.019000 -0.098000 0.177999
v 0.018981 -0.097992 0.177663
v 0.018925 -0.097985 0.177332
v 0.018832 -0.097978 0.177009
v 0.018703 -0.097971 0.176698
v 0.018540 -0.097964 0.176404
v 0.018346 -0.097958 0.176129
v 0.015664 -0.097932 0.175019
v 0.019777 -0.097926 0.174724
v 0.016000 -0.097932 0.175000
v 0.015333 -0.097934 0.175075
v 0.020000 -0.097932 0.175000
v 0.020000 -0.098000 0.178000
v 0.018346 -0.097958 0.176129
v 0.018121 -0.097952 0.175878
v 0.017871 -0.097947 0.175654
v 0.017596 -0.097942 0.175460
v 0.017302 -0.097939 0.175297
v 0.016991 -0.097936 0.175168
v 0.016668 -0.097934 0.175075
v 0.016336 -0.097932 0.175019
v 0.016000 -0.097932 0.175000
v 0.019777 -0.097926 0.174724
v 0.012000 -0.098000 0.178000
v 0.013655 -0.097958 0.176129
v 0.013460 -0.097964 0.176404
v 0.013297 -0.097971 0.176698
v 0.013168 -0.097978 0.177009
v 0.013075 -0.097985 0.177332
v 0.013019 -0.097992 0.177663
v 0.013000 -0.098000 0.177999
v 0.015664 -0.097932 0.175019
v 0.015333 -0.097934 0.175075
v 0.019000 -0.097909 0.174000
v 0.019276 -0.097914 0.174223
v 0.019536 -0.097920 0.174465
v 0.014526 -0.097941 0.180614
v 0.014261 -0.097945 0.180446
v 0.014404 -0.086058 0.180811
v 0.014016 -0.097949 0.180251
v 0.014130 -0.086053 0.180616
v 0.013792 -0.097954 0.180031
v 0.013879 -0.086048 0.180392
v 0.013592 -0.097959 0.179789
v 0.013655 -0.086043 0.180142
v 0.013418 -0.097965 0.179528
v 0.013460 -0.086036 0.179867
v 0.013270 -0.097972 0.179244
v 0.013297 -0.086030 0.179573
v 0.013153 -0.097979 0.178945
v 0.013168 -0.086023 0.179262
v 0.013068 -0.097986 0.178636
v 0.013075 -0.086015 0.178939
v 0.013017 -0.097993 0.178320
v 0.013019 -0.086008 0.178607
v 0.013000 -0.098000 0.177999
v 0.013000 -0.086000 0.178272
v 0.016991 -0.086064 0.181102
v 0.016816 -0.097934 0.180888
v 0.016668 -0.086066 0.181196
v 0.016482 -0.097933 0.180963
v 0.016336 -0.086068 0.181252
v 0.016142 -0.097932 0.180998
v 0.016000 -0.086068 0.181271
v 0.015800 -0.097932 0.180995
v 0.015664 -0.086068 0.181252
v 0.015460 -0.097933 0.180953
v 0.015333 -0.086066 0.181196
v 0.015128 -0.097935 0.180872
v 0.015009 -0.086064 0.181102
v 0.014807 -0.097938 0.180754
v 0.014698 -0.086061 0.180974
v 0.018949 -0.097988 0.178552
v 0.018885 -0.097981 0.178822
v 0.018925 -0.086015 0.178939
v 0.018797 -0.097975 0.179085
v 0.018832 -0.086023 0.179262
v 0.018683 -0.097970 0.179342
v 0.018703 -0.086030 0.179573
v 0.018545 -0.097964 0.179588
v 0.018540 -0.086036 0.179867
v 0.018385 -0.097959 0.179820
v 0.018346 -0.086043 0.180142
v 0.018204 -0.097954 0.180036
v 0.018121 -0.086048 0.180392
v 0.018004 -0.097949 0.180234
v 0.017871 -0.086053 0.180616
v 0.017737 -0.097945 0.180447
v 0.017596 -0.086058 0.180811
v 0.017447 -0.097940 0.180629
v 0.017302 -0.086061 0.180974
v 0.017139 -0.097937 0.180777
v 0.018987 -0.097994 0.178277
v 0.018981 -0.086008 0.178607
v 0.019000 -0.086000 0.178272
v 0.019000 -0.098000 0.177999
v 0.016000 -0.085932 0.175272
v 0.016336 -0.097932 0.175019
v 0.016336 -0.085932 0.175291
v 0.016668 -0.097934 0.175075
v 0.016668 -0.085934 0.175348
v 0.016991 -0.097936 0.175168
v 0.016991 -0.085936 0.175441
v 0.017302 -0.097939 0.175297
v 0.017302 -0.085939 0.175569
v 0.017596 -0.097942 0.175460
v 0.017596 -0.085942 0.175732
v 0.017871 -0.097947 0.175654
v 0.017871 -0.085947 0.175927
v 0.018121 -0.097952 0.175878
v 0.018121 -0.085952 0.176151
v 0.018346 -0.097958 0.176129
v 0.018346 -0.085958 0.176402
v 0.018540 -0.097964 0.176404
v 0.018540 -0.085964 0.176676
v 0.018703 -0.097971 0.176698
v 0.018703 -0.085970 0.176970
v 0.018832 -0.097978 0.177009
v 0.018832 -0.085978 0.177281
v 0.018925 -0.097985 0.177332
v 0.018925 -0.085985 0.177604
v 0.018981 -0.097992 0.177663
v 0.018981 -0.085993 0.177936
v 0.019000 -0.098000 0.177999
v 0.019000 -0.086000 0.178272
v 0.016000 -0.097932 0.175000
v 0.015664 -0.085932 0.175291
v 0.015664 -0.097932 0.175019
v 0.015333 -0.085934 0.175348
v 0.015333 -0.097934 0.175075
v 0.015009 -0.085936 0.175441
v 0.015009 -0.097936 0.175168
v 0.014698 -0.085939 0.175569
v 0.014698 -0.097939 0.175297
v 0.014404 -0.085942 0.175732
v 0.014404 -0.097942 0.175460
v 0.014130 -0.085947 0.175927
v 0.014130 -0.097947 0.175654
v 0.013879 -0.085952 0.176151
v 0.013879 -0.097952 0.175878
v 0.013655 -0.085958 0.176402
v 0.013655 -0.097958 0.176129
v 0.013460 -0.085964 0.176676
v 0.013460 -0.097964 0.176404
v 0.013297 -0.085970 0.176970
v 0.013297 -0.097971 0.176698
v 0.013168 -0.085978 0.177281
v 0.013168 -0.097978 0.177009
v 0.013075 -0.085985 0.177604
v 0.013075 -0.097985 0.177332
v 0.013019 -0.085993 0.177936
v 0.013019 -0.097992 0.177663
v 0.013000 -0.086000 0.178272
v 0.013000 -0.098000 0.177999
v 0.020000 -0.067910 0.174681
v 0.012000 -0.067910 0.174681
v 0.020000 -0.067910 0.182683
v 0.012000 -0.067910 0.182683
v -0.020000 -0.094821 0.182072
v -0.020000 -0.094846 0.181000
v -0.019798 -0.094883 0.181252
v -0.019523 -0.094933 0.181548
v -0.019226 -0.094987 0.181820
v -0.018908 -0.095045 0.182067
v -0.020000 -0.094846 0.174070
v -0.019085 -0.095034 0.174065
v -0.019337 -0.094987 0.174277
v -0.019575 -0.094942 0.174504
v -0.019798 -0.094900 0.174747
v -0.020000 -0.094862 0.175000
v -0.018908 -0.095045 0.182067
v -0.018997 -0.097909 0.182002
v -0.012000 -0.097909 0.182002
v -0.012000 -0.067910 0.182683
v -0.020000 -0.067910 0.182683
v -0.020000 -0.094821 0.182072
v -0.018997 -0.097909 0.182002
v -0.018908 -0.095045 0.182067
v -0.019274 -0.097914 0.181779
v -0.019226 -0.094987 0.181820
v -0.019534 -0.097920 0.181537
v -0.019523 -0.094933 0.181548
v -0.019777 -0.097926 0.181277
v -0.019798 -0.094883 0.181252
v -0.020000 -0.097932 0.181000
v -0.020000 -0.094846 0.181000
v -0.020000 -0.098000 0.178000
v -0.020000 -0.097932 0.181000
v -0.020000 -0.097932 0.175000
v -0.020000 -0.094846 0.181000
v -0.020000 -0.094862 0.175000
v -0.020000 -0.094821 0.182072
v -0.020000 -0.094846 0.174070
v -0.020000 -0.067910 0.182683
v -0.020000 -0.067910 0.174681
v -0.020000 -0.097932 0.175000
v -0.020000 -0.094862 0.175000
v -0.019777 -0.097926 0.174724
v -0.019798 -0.094900 0.174747
v -0.019536 -0.097920 0.174465
v -0.019575 -0.094942 0.174504
v -0.019276 -0.097914 0.174223
v -0.019337 -0.094987 0.174277
v -0.019000 -0.097909 0.174000
v -0.019085 -0.095034 0.174065
v -0.012000 -0.067910 0.174681
v -0.012000 -0.097909 0.174000
v -0.019085 -0.095034 0.174065
v -0.020000 -0.094846 0.174070
v -0.020000 -0.067910 0.174681
v -0.019000 -0.097909 0.174000
v -0.012000 -0.098000 0.178000
v -0.012000 -0.097909 0.174000
v -0.012000 -0.097909 0.182002
v -0.012000 -0.067910 0.174681
v -0.012000 -0.067910 0.182683
v -0.020000 -0.097932 0.181000
v -0.016200 -0.097932 0.180995
v -0.015858 -0.097932 0.180998
v -0.012000 -0.097909 0.182002
v -0.018997 -0.097909 0.182002
v -0.019274 -0.097914 0.181779
v -0.019534 -0.097920 0.181537
v -0.019777 -0.097926 0.181277
v -0.020000 -0.097932 0.181000
v -0.015858 -0.097932 0.180998
v -0.015518 -0.097933 0.180963
v -0.015184 -0.097935 0.180888
v -0.014861 -0.097937 0.180777
v -0.014553 -0.097940 0.180629
v -0.014263 -0.097945 0.180447
v -0.013996 -0.097949 0.180233
v -0.013796 -0.097954 0.180036
v -0.013615 -0.097959 0.179820
v -0.013455 -0.097964 0.179588
v -0.013317 -0.097970 0.179342
v -0.013203 -0.097975 0.179085
v -0.013115 -0.097981 0.178822
v -0.013051 -0.097988 0.178552
v -0.013013 -0.097994 0.178277
v -0.013000 -0.098000 0.177999
v -0.012000 -0.098000 0.178000
v -0.020000 -0.098000 0.178000
v -0.019000 -0.098000 0.177999
v -0.018983 -0.097993 0.178320
v -0.018932 -0.097986 0.178636
v -0.018847 -0.097979 0.178945
v -0.018730 -0.097972 0.179244
v -0.018582 -0.097965 0.179528
v -0.018408 -0.097959 0.179789
v -0.018208 -0.097954 0.180031
v -0.017984 -0.097949 0.180251
v -0.017739 -0.097945 0.180446
v -0.017474 -0.097941 0.180614
v -0.017193 -0.097938 0.180754
v -0.016872 -0.097935 0.180872
v -0.016540 -0.097933 0.180953
v -0.016200 -0.097932 0.180995
v -0.015664 -0.086068 0.181252
v -0.016336 -0.086068 0.181252
v -0.015332 -0.086066 0.181196
v -0.016668 -0.086066 0.181196
v -0.015009 -0.086064 0.181102
v -0.016991 -0.086064 0.181102
v -0.014698 -0.086061 0.180974
v -0.017302 -0.086061 0.180974
v -0.014404 -0.086058 0.180811
v -0.017596 -0.086058 0.180811
v -0.014130 -0.086053 0.180616
v -0.017870 -0.086053 0.180616
v -0.013879 -0.086048 0.180392
v -0.018121 -0.086048 0.180392
v -0.013655 -0.086043 0.180141
v -0.018346 -0.086043 0.180141
v -0.013460 -0.086036 0.179867
v -0.018540 -0.086036 0.179867
v -0.013297 -0.086030 0.179573
v -0.018703 -0.086030 0.179573
v -0.013168 -0.086023 0.179262
v -0.018832 -0.086023 0.179262
v -0.013075 -0.086015 0.178939
v -0.018925 -0.086015 0.178939
v -0.013019 -0.086008 0.178607
v -0.018981 -0.086008 0.178607
v -0.013000 -0.086000 0.178271
v -0.019000 -0.086000 0.178271
v -0.013019 -0.085992 0.177936
v -0.018981 -0.085992 0.177936
v -0.013075 -0.085985 0.177604
v -0.018925 -0.085985 0.177604
v -0.013168 -0.085978 0.177281
v -0.018832 -0.085978 0.177281
v -0.013297 -0.085970 0.176970
v -0.018703 -0.085970 0.176970
v -0.013460 -0.085964 0.176676
v -0.018540 -0.085964 0.176676
v -0.013655 -0.085958 0.176402
v -0.018346 -0.085958 0.176402
v -0.013879 -0.085952 0.176151
v -0.018121 -0.085952 0.176151
v -0.014130 -0.085947 0.175927
v -0.017870 -0.085947 0.175927
v -0.014404 -0.085942 0.175732
v -0.017596 -0.085942 0.175732
v -0.014698 -0.085939 0.175569
v -0.017302 -0.085939 0.175569
v -0.015009 -0.085936 0.175441
v -0.016991 -0.085936 0.175441
v -0.015332 -0.085934 0.175347
v -0.016668 -0.085934 0.175347
v -0.015664 -0.085932 0.175291
v -0.016336 -0.085932 0.175291
v -0.016000 -0.085932 0.175272
v -0.016000 -0.086068 0.181271
v -0.019777 -0.097926 0.174724
v -0.019536 -0.097920 0.174465
v -0.015664 -0.097932 0.175019
v -0.019276 -0.097914 0.174223
v -0.015332 -0.097934 0.175075
v -0.012000 -0.097909 0.174000
v -0.015009 -0.097936 0.175168
v -0.014698 -0.097939 0.175297
v -0.012000 -0.098000 0.178000
v -0.013655 -0.097957 0.176129
v -0.013879 -0.097952 0.175878
v -0.014130 -0.097947 0.175654
v -0.014404 -0.097942 0.175460
v -0.016000 -0.097932 0.175000
v -0.019000 -0.097909 0.174000
v -0.020000 -0.098000 0.178000
v -0.018346 -0.097957 0.176129
v -0.018540 -0.097964 0.176403
v -0.018703 -0.097971 0.176698
v -0.018832 -0.097978 0.177009
v -0.018925 -0.097985 0.177332
v -0.018981 -0.097992 0.177663
v -0.019000 -0.098000 0.177999
v -0.020000 -0.097932 0.175000
v -0.019777 -0.097926 0.174724
v -0.016000 -0.097932 0.175000
v -0.016336 -0.097932 0.175019
v -0.016668 -0.097934 0.175075
v -0.016991 -0.097936 0.175168
v -0.017302 -0.097939 0.175297
v -0.017596 -0.097942 0.175460
v -0.017870 -0.097947 0.175654
v -0.018121 -0.097952 0.175878
v -0.012000 -0.098000 0.178000
v -0.013000 -0.098000 0.177999
v -0.013019 -0.097992 0.177663
v -0.013075 -0.097985 0.177332
v -0.013168 -0.097978 0.177009
v -0.013297 -0.097971 0.176698
v -0.013460 -0.097964 0.176403
v -0.013655 -0.097957 0.176129
v -0.017474 -0.097941 0.180614
v -0.017739 -0.097945 0.180446
v -0.017596 -0.086058 0.180811
v -0.017984 -0.097949 0.180251
v -0.017870 -0.086053 0.180616
v -0.018208 -0.097954 0.180031
v -0.018121 -0.086048 0.180392
v -0.018408 -0.097959 0.179789
v -0.018346 -0.086043 0.180141
v -0.018582 -0.097965 0.179528
v -0.018540 -0.086036 0.179867
v -0.018730 -0.097972 0.179244
v -0.018703 -0.086030 0.179573
v -0.018847 -0.097979 0.178945
v -0.018832 -0.086023 0.179262
v -0.018932 -0.097986 0.178636
v -0.018925 -0.086015 0.178939
v -0.018983 -0.097993 0.178320
v -0.018981 -0.086008 0.178607
v -0.019000 -0.098000 0.177999
v -0.019000 -0.086000 0.178271
v -0.015009 -0.086064 0.181102
v -0.015184 -0.097935 0.180888
v -0.015332 -0.086066 0.181196
v -0.015518 -0.097933 0.180963
v -0.015664 -0.086068 0.181252
v -0.015858 -0.097932 0.180998
v -0.016000 -0.086068 0.181271
v -0.016200 -0.097932 0.180995
v -0.016336 -0.086068 0.181252
v -0.016540 -0.097933 0.180953
v -0.016668 -0.086066 0.181196
v -0.016872 -0.097935 0.180872
v -0.016991 -0.086064 0.181102
v -0.017193 -0.097938 0.180754
v -0.017302 -0.086061 0.180974
v -0.013051 -0.097988 0.178552
v -0.013115 -0.097981 0.178822
v -0.013075 -0.086015 0.178939
v -0.013203 -0.097975 0.179085
v -0.013168 -0.086023 0.179262
v -0.013317 -0.097970 0.179342
v -0.013297 -0.086030 0.179573
v -0.013455 -0.097964 0.179588
v -0.013460 -0.086036 0.179867
v -0.013615 -0.097959 0.179820
v -0.013655 -0.086043 0.180141
v -0.013796 -0.097954 0.180036
v -0.013879 -0.086048 0.180392
v -0.013996 -0.097949 0.180233
v -0.014130 -0.086053 0.180616
v -0.014263 -0.097945 0.180447
v -0.014404 -0.086058 0.180811
v -0.014553 -0.097940 0.180629
v -0.014698 -0.086061 0.180974
v -0.014861 -0.097937 0.180777
v -0.013013 -0.097994 0.178277
v -0.013019 -0.086008 0.178607
v -0.013000 -0.086000 0.178271
v -0.013000 -0.098000 0.177999
v -0.016000 -0.085932 0.175272
v -0.015664 -0.097932 0.175019
v -0.015664 -0.085932 0.175291
v -0.015332 -0.097934 0.175075
v -0.015332 -0.085934 0.175347
v -0.015009 -0.097936 0.175168
v -0.015009 -0.085936 0.175441
v -0.014698 -0.097939 0.175297
v -0.014698 -0.085939 0.175569
v -0.014404 -0.097942 0.175460
v -0.014404 -0.085942 0.175732
v -0.014130 -0.097947 0.175654
v -0.014130 -0.085947 0.175927
v -0.013879 -0.097952 0.175878
v -0.013879 -0.085952 0.176151
v -0.013655 -0.097957 0.176129
v -0.013655 -0.085958 0.176402
v -0.013460 -0.097964 0.176403
v -0.013460 -0.085964 0.176676
v -0.013297 -0.097971 0.176698
v -0.013297 -0.085970 0.176970
v -0.013168 -0.097978 0.177009
v -0.013168 -0.085978 0.177281
v -0.013075 -0.097985 0.177332
v -0.013075 -0.085985 0.177604
v -0.013019 -0.097992 0.177663
v -0.013019 -0.085992 0.177936
v -0.013000 -0.098000 0.177999
v -0.013000 -0.086000 0.178271
v -0.016000 -0.097932 0.175000
v -0.016336 -0.085932 0.175291
v -0.016336 -0.097932 0.175019
v -0.016668 -0.085934 0.175347
v -0.016668 -0.097934 0.175075
v -0.016991 -0.085936 0.175441
v -0.016991 -0.097936 0.175168
v -0.017302 -0.085939 0.175569
v -0.017302 -0.097939 0.175297
v -0.017596 -0.085942 0.175732
v -0.017596 -0.097942 0.175460
v -0.017870 -0.085947 0.175927
v -0.017870 -0.097947 0.175654
v -0.018121 -0.085952 0.176151
v -0.018121 -0.097952 0.175878
v -0.018346 -0.085958 0.176402
v -0.018346 -0.097957 0.176129
v -0.018540 -0.085964 0.176676
v -0.018540 -0.097964 0.176403
v -0.018703 -0.085970 0.176970
v -0.018703 -0.097971 0.176698
v -0.018832 -0.085978 0.177281
v -0.018832 -0.097978 0.177009
v -0.018925 -0.085985 0.177604
v -0.018925 -0.097985 0.177332
v -0.018981 -0.085992 0.177936
v -0.018981 -0.097992 0.177663
v -0.019000 -0.086000 0.178271
v -0.019000 -0.098000 0.177999
v -0.012000 -0.067910 0.174681
v -0.020000 -0.067910 0.174681
v -0.012000 -0.067910 0.182683
v -0.020000 -0.067910 0.182683
v -0.020000 0.094821 0.182072
v -0.018908 0.095045 0.182067
v -0.019017 0.095025 0.181987
v -0.019287 0.094976 0.181768
v -0.019542 0.094929 0.181529
v -0.019780 0.094886 0.181273
v -0.020000 0.094846 0.181000
v -0.020000 0.094846 0.174070
v -0.020000 0.094862 0.175000
v -0.019722 0.094914 0.174661
v -0.019416 0.094972 0.174349
v -0.019085 0.095034 0.174065
v -0.012000 0.067910 0.182683
v -0.012000 0.097909 0.182002
v -0.018908 0.095045 0.182067
v -0.020000 0.094821 0.182072
v -0.020000 0.067910 0.182683
v -0.018997 0.097909 0.182002
v -0.020000 0.097932 0.181000
v -0.020000 0.094846 0.181000
v -0.019777 0.097926 0.181277
v -0.019780 0.094886 0.181273
v -0.019534 0.097920 0.181537
v -0.019542 0.094929 0.181529
v -0.019274 0.097914 0.181779
v -0.019287 0.094976 0.181768
v -0.018997 0.097909 0.182002
v -0.019017 0.095025 0.181987
v -0.018908 0.095045 0.182067
v -0.020000 0.098000 0.178000
v -0.020000 0.097932 0.175000
v -0.020000 0.097932 0.181000
v -0.020000 0.094862 0.175000
v -0.020000 0.094846 0.181000
v -0.020000 0.094846 0.174070
v -0.020000 0.094821 0.182072
v -0.020000 0.067910 0.174681
v -0.020000 0.067910 0.182683
v -0.020000 0.094862 0.175000
v -0.020000 0.097932 0.175000
v -0.019722 0.094914 0.174661
v -0.019777 0.097926 0.174724
v -0.019416 0.094972 0.174349
v -0.019536 0.097920 0.174465
v -0.019085 0.095034 0.174065
v -0.019276 0.097914 0.174223
v -0.019000 0.097909 0.174000
v -0.019085 0.095034 0.174065
v -0.019000 0.097909 0.174000
v -0.012000 0.097909 0.174000
v -0.012000 0.067910 0.174681
v -0.020000 0.067910 0.174681
v -0.020000 0.094846 0.174070
v -0.012000 0.098000 0.178000
v -0.012000 0.097909 0.182002
v -0.012000 0.097909 0.174000
v -0.012000 0.067910 0.182683
v -0.012000 0.067910 0.174681
v -0.016142 0.097932 0.180998
v -0.019777 0.097926 0.181277
v -0.015800 0.097932 0.180995
v -0.019534 0.097920 0.181537
v -0.020000 0.097932 0.181000
v -0.016482 0.097933 0.180962
v -0.016816 0.097935 0.180888
v -0.017139 0.097937 0.180777
v -0.017447 0.097940 0.180629
v -0.017737 0.097945 0.180447
v -0.018004 0.097949 0.180233
v -0.018204 0.097954 0.180036
v -0.020000 0.098000 0.178000
v -0.012000 0.098000 0.178000
v -0.013000 0.098000 0.177999
v -0.013017 0.097993 0.178320
v -0.013068 0.097986 0.178636
v -0.013153 0.097979 0.178945
v -0.013270 0.097972 0.179244
v -0.013418 0.097965 0.179528
v -0.013592 0.097959 0.179789
v -0.013792 0.097954 0.180031
v -0.015461 0.097933 0.180953
v -0.019274 0.097914 0.181779
v -0.018997 0.097909 0.182002
v -0.015128 0.097935 0.180872
v -0.012000 0.097909 0.182002
v -0.014016 0.097949 0.180251
v -0.014261 0.097945 0.180446
v -0.014526 0.097941 0.180614
v -0.014807 0.097938 0.180754
v -0.018385 0.097959 0.179820
v -0.018546 0.097964 0.179588
v -0.018683 0.097970 0.179342
v -0.018797 0.097975 0.179085
v -0.018885 0.097981 0.178822
v -0.018949 0.097988 0.178552
v -0.018987 0.097994 0.178277
v -0.019000 0.098000 0.177999
v -0.016336 0.086068 0.181252
v -0.015664 0.086068 0.181252
v -0.016668 0.086066 0.181196
v -0.015333 0.086066 0.181196
v -0.016991 0.086064 0.181102
v -0.015009 0.086064 0.181102
v -0.017302 0.086061 0.180974
v -0.014698 0.086061 0.180974
v -0.017596 0.086058 0.180811
v -0.014404 0.086058 0.180811
v -0.017871 0.086053 0.180616
v -0.014130 0.086053 0.180616
v -0.018121 0.086048 0.180392
v -0.013879 0.086048 0.180392
v -0.018346 0.086043 0.180141
v -0.013655 0.086043 0.180141
v -0.018540 0.086036 0.179867
v -0.013460 0.086036 0.179867
v -0.018703 0.086030 0.179573
v -0.013297 0.086030 0.179573
v -0.018832 0.086023 0.179262
v -0.013168 0.086023 0.179262
v -0.018925 0.086015 0.178939
v -0.013075 0.086015 0.178939
v -0.018981 0.086008 0.178607
v -0.013019 0.086008 0.178607
v -0.019000 0.086000 0.178271
v -0.013000 0.086000 0.178271
v -0.018981 0.085992 0.177936
v -0.013019 0.085992 0.177936
v -0.018925 0.085985 0.177604
v -0.013075 0.085985 0.177604
v -0.018832 0.085978 0.177281
v -0.013168 0.085978 0.177281
v -0.018703 0.085970 0.176970
v -0.013297 0.085970 0.176970
v -0.018540 0.085964 0.176676
v -0.013460 0.085964 0.176676
v -0.018346 0.085958 0.176402
v -0.013655 0.085958 0.176402
v -0.018121 0.085952 0.176151
v -0.013879 0.085952 0.176151
v -0.017871 0.085947 0.175927
v -0.014130 0.085947 0.175927
v -0.017596 0.085942 0.175732
v -0.014404 0.085942 0.175732
v -0.017302 0.085939 0.175569
v -0.014698 0.085939 0.175569
v -0.016991 0.085936 0.175441
v -0.015009 0.085936 0.175441
v -0.016668 0.085934 0.175347
v -0.015333 0.085934 0.175347
v -0.016336 0.085932 0.175291
v -0.015664 0.085932 0.175291
v -0.016000 0.085932 0.175272
v -0.016000 0.086068 0.181271
v -0.020000 0.097932 0.175000
v -0.020000 0.098000 0.178000
v -0.019000 0.098000 0.177999
v -0.018981 0.097992 0.177663
v -0.018925 0.097985 0.177332
v -0.018832 0.097978 0.177009
v -0.018703 0.097971 0.176698
v -0.018540 0.097964 0.176403
v -0.018346 0.097957 0.176129
v -0.018121 0.097952 0.175878
v -0.017871 0.097947 0.175654
v -0.017596 0.097942 0.175460
v -0.017302 0.097939 0.175297
v -0.016991 0.097936 0.175168
v -0.016668 0.097934 0.175075
v -0.016336 0.097932 0.175019
v -0.016000 0.097932 0.175000
v -0.019777 0.097926 0.174724
v -0.012000 0.097909 0.174000
v -0.019000 0.097909 0.174000
v -0.019276 0.097914 0.174223
v -0.019536 0.097920 0.174465
v -0.015664 0.097932 0.175019
v -0.015333 0.097934 0.175075
v -0.015009 0.097936 0.175168
v -0.014698 0.097939 0.175297
v -0.014404 0.097942 0.175460
v -0.014130 0.097947 0.175654
v -0.013879 0.097952 0.175878
v -0.013655 0.097957 0.176129
v -0.013460 0.097964 0.176403
v -0.013297 0.097971 0.176698
v -0.013168 0.097978 0.177009
v -0.013075 0.097985 0.177332
v -0.013019 0.097992 0.177663
v -0.013000 0.098000 0.177999
v -0.012000 0.098000 0.178000
v -0.014526 0.097941 0.180614
v -0.014261 0.097945 0.180446
v -0.014404 0.086058 0.180811
v -0.014016 0.097949 0.180251
v -0.014130 0.086053 0.180616
v -0.013792 0.097954 0.180031
v -0.013879 0.086048 0.180392
v -0.013592 0.097959 0.179789
v -0.013655 0.086043 0.180141
v -0.013418 0.097965 0.179528
v -0.013460 0.086036 0.179867
v -0.013270 0.097972 0.179244
v -0.013297 0.086030 0.179573
v -0.013153 0.097979 0.178945
v -0.013168 0.086023 0.179262
v -0.013068 0.097986 0.178636
v -0.013075 0.086015 0.178939
v -0.013017 0.097993 0.178320
v -0.013019 0.086008 0.178607
v -0.013000 0.098000 0.177999
v -0.013000 0.086000 0.178271
v -0.016991 0.086064 0.181102
v -0.016816 0.097935 0.180888
v -0.016668 0.086066 0.181196
v -0.016482 0.097933 0.180962
v -0.016336 0.086068 0.181252
v -0.016142 0.097932 0.180998
v -0.016000 0.086068 0.181271
v -0.015800 0.097932 0.180995
v -0.015664 0.086068 0.181252
v -0.015461 0.097933 0.180953
v -0.015333 0.086066 0.181196
v -0.015128 0.097935 0.180872
v -0.015009 0.086064 0.181102
v -0.014807 0.097938 0.180754
v -0.014698 0.086061 0.180974
v -0.018949 0.097988 0.178552
v -0.018885 0.097981 0.178822
v -0.018925 0.086015 0.178939
v -0.018797 0.097975 0.179085
v -0.018832 0.086023 0.179262
v -0.018683 0.097970 0.179342
v -0.018703 0.086030 0.179573
v -0.018546 0.097964 0.179588
v -0.018540 0.086036 0.179867
v -0.018385 0.097959 0.179820
v -0.018346 0.086043 0.180141
v -0.018204 0.097954 0.180036
v -0.018121 0.086048 0.180392
v -0.018004 0.097949 0.180233
v -0.017871 0.086053 0.180616
v -0.017737 0.097945 0.180447
v -0.017596 0.086058 0.180811
v -0.017447 0.097940 0.180629
v -0.017302 0.086061 0.180974
v -0.017139 0.097937 0.180777
v -0.018987 0.097994 0.178277
v -0.018981 0.086008 0.178607
v -0.019000 0.086000 0.178271
v -0.019000 0.098000 0.177999
v -0.016000 0.085932 0.175272
v -0.016336 0.097932 0.175019
v -0.016336 0.085932 0.175291
v -0.016668 0.097934 0.175075
v -0.016668 0.085934 0.175347
v -0.016991 0.097936 0.175168
v -0.016991 0.085936 0.175441
v -0.017302 0.097939 0.175297
v -0.017302 0.085939 0.175569
v -0.017596 0.097942 0.175460
v -0.017596 0.085942 0.175732
v -0.017871 0.097947 0.175654
v -0.017871 0.085947 0.175927
v -0.018121 0.097952 0.175878
v -0.018121 0.085952 0.176151
v -0.018346 0.097957 0.176129
v -0.018346 0.085958 0.176402
v -0.018540 0.097964 0.176403
v -0.018540 0.085964 0.176676
v -0.018703 0.097971 0.176698
v -0.018703 0.085970 0.176970
v -0.018832 0.097978 0.177009
v -0.018832 0.085978 0.177281
v -0.018925 0.097985 0.177332
v -0.018925 0.085985 0.177604
v -0.018981 0.097992 0.177663
v -0.018981 0.085992 0.177936
v -0.019000 0.098000 0.177999
v -0.019000 0.086000 0.178271
v -0.016000 0.097932 0.175000
v -0.015664 0.085932 0.175291
v -0.015664 0.097932 0.175019
v -0.015333 0.085934 0.175347
v -0.015333 0.097934 0.175075
v -0.015009 0.085936 0.175441
v -0.015009 0.097936 0.175168
v -0.014698 0.085939 0.175569
v -0.014698 0.097939 0.175297
v -0.014404 0.085942 0.175732
v -0.014404 0.097942 0.175460
v -0.014130 0.085947 0.175927
v -0.014130 0.097947 0.175654
v -0.013879 0.085952 0.176151
v -0.013879 0.097952 0.175878
v -0.013655 0.085958 0.176402
v -0.013655 0.097957 0.176129
v -0.013460 0.085964 0.176676
v -0.013460 0.097964 0.176403
v -0.013297 0.085970 0.176970
v -0.013297 0.097971 0.176698
v -0.013168 0.085978 0.177281
v -0.013168 0.097978 0.177009
v -0.013075 0.085985 0.177604
v -0.013075 0.097985 0.177332
v -0.013019 0.085992 0.177936
v -0.013019 0.097992 0.177663
v -0.013000 0.086000 0.178271
v -0.013000 0.098000 0.177999
v -0.020000 0.067910 0.174681
v -0.012000 0.067910 0.174681
v -0.020000 0.067910 0.182683
v -0.012000 0.067910 0.182683
f -3304 -3305 -3307
f -3307 -3305 -3308
f -3307 -3308 -3310
f -3310 -3308 -3309
f -3310 -3309 -3311
f -1617 -1622 -1655
f -1655 -1622 -1653
f -1655 -1653 -1654
f -1654 -1653 -1652
f -1649 -1657 -1658
f -1658 -1657 -1656
f -1658 -1656 -1651
f -1615 -1609 -1613
f -1613 -1609 -1608
f -1613 -1608 -1607
f -1610 -1612 -1611
f -1611 -1612 -1613
f -1611 -1613 -1607
f -1716 -1715 -1717
f -1717 -1715 -1713
f -1717 -1713 -1714
f -1714 -1713 -1712
f -1714 -1712 -1711
f -1717 -1719 -1718
f -1718 -1719 -1720
f -1718 -1720 -1716
f -1709 -1723 -1710
f -1710 -1723 -1721
f -1710 -1721 -1708
f -1725 -1731 -1729
f -1729 -1731 -1730
f -1729 -1730 -1728
f -1728 -1730 -1724
f -1727 -1726 -1731
f -1731 -1726 -1733
f -1731 -1733 -1732
f -1681 -1680 -1683
f -1683 -1680 -1679
f -1683 -1679 -1678
f -1704 -1703 -1706
f -1706 -1703 -1702
f -1706 -1702 -1701
f -1687 -1686 -1695
f -1695 -1686 -1685
f -1695 -1685 -1684
f -1690 -1689 -1695
f -1695 -1689 -1688
f -1695 -1688 -1687
f -1693 -1692 -1695
f -1695 -1692 -1691
f -1695 -1691 -1690
f -1842 -1843 -1844
f -1844 -1843 -1845
f -1844 -1845 -1846
f -1846 -1845 -1847
f -1846 -1847 -1848
f -1848 -1847 -1849
f -1848 -1849 -1802
f -1802 -1849 -1839
f -1854 -1853 -1856
f -1856 -1853 -1852
f -1856 -1852 -1851
f -1397 -1399 -1398
f -1398 -1399 -1364
f -1398 -1364 -1365
f -1365 -1364 -1366
f -1365 -1366 -1343
f -1343 -1366 -1344
f -1343 -1344 -1342
f -1379 -1378 -1377
f -1377 -1378 -1394
f -1377 -1394 -1392
f -1392 -1394 -1393
f -1392 -1393 -1391
f -3049 -3050 -3051
f -3051 -3050 -3053
f -3051 -3053 -3052
f -3052 -3053 -3054
f -1360 -1361 -1362
f -1362 -1361 -1363
f -1362 -1363 -1321
f -1318 -1335 -1358
f -1358 -1335 -1336
f -1358 -1336 -1306
f -1359 -1307 -1358
f -1358 -1307 -1342
f -1358 -1342 -1318
f -1318 -1342 -1319
f -2411 -2412 -2473
f -2473 -2412 -2475
f -2473 -2475 -2474
f -2474 -2475 -2476
f -2474 -2476 -2441
f -2487 -2488 -2503
f -2503 -2488 -2501
f -2503 -2501 -2502
f -2491 -2482 -2495
f -2495 -2482 -2497
f -2495 -2497 -2496
f -2496 -2497 -2498
f -2500 -2498 -2499
f -2499 -2498 -2497
f -2499 -2497 -2479
f -2426 -2425 -2463
f -2463 -2425 -2461
f -2463 -2461 -2462
f -2462 -2461 -2460
f -2462 -2460 -2418
f -2418 -2460 -2458
f -2459 -2417 -2457
f -2457 -2417 -2455
f -2457 -2455 -2456
f -2456 -2455 -2454
f -2453 -2451 -2452
f -2452 -2451 -2450
f -2452 -2450 -2416
f -2455 -2453 -2454
f -2454 -2453 -2452
f -2454 -2452 -2416
f -2448 -2450 -2449
f -2449 -2450 -2451
f -2449 -2451 -2415
f -2446 -2448 -2447
f -2447 -2448 -2449
f -2447 -2449 -2415
f -2421 -2420 -2444
f -2444 -2420 -2446
f -2444 -2446 -2445
f -2445 -2446 -2447
f -2465 -2467 -2466
f -2466 -2467 -2468
f -2466 -2468 -2423
f -2433 -2421 -2431
f -2431 -2421 -2444
f -2431 -2444 -2442
f -2442 -2444 -2443
f -2467 -2426 -2469
f -2469 -2426 -2463
f -2469 -2463 -2471
f -2471 -2463 -2462
f -2473 -2474 -2472
f -2472 -2474 -2419
f -2464 -2466 -2424
f -2424 -2466 -2423
f -2424 -2423 -2422
f -2427 -2429 -2428
f -2428 -2429 -2430
f -2428 -2430 -2413
f -2429 -2414 -2434
f -2434 -2414 -2433
f -2434 -2433 -2432
f -2432 -2433 -2431
f -2432 -2431 -2442
f -2429 -2434 -2430
f -2430 -2434 -2432
f -2438 -2427 -2436
f -2436 -2427 -2428
f -2436 -2428 -2413
f -2440 -2438 -2439
f -2439 -2438 -2437
f -2439 -2437 -2435
f -2440 -2439 -2441
f -2441 -2439 -2474
f -2364 -2363 -2366
f -2366 -2363 -2394
f -2366 -2394 -2395
f -2395 -2394 -2396
f -2395 -2396 -2397
f -2397 -2396 -2398
f -2397 -2398 -2399
f -2399 -2398 -2400
f -2399 -2400 -2401
f -2401 -2400 -2402
f -2401 -2402 -2403
f -2403 -2402 -2404
f -2403 -2404 -2405
f -2405 -2404 -2406
f -2405 -2406 -2407
f -2407 -2406 -2408
f -2407 -2408 -2409
f -2409 -2408 -2410
f -2409 -2410 -2362
f -2382 -2383 -2384
f -2384 -2383 -2385
f -2384 -2385 -2386
f -2386 -2385 -2387
f -2386 -2387 -2388
f -2388 -2387 -2389
f -2388 -2389 -2390
f -2390 -2389 -2391
f -2390 -2391 -2392
f -2392 -2391 -2393
f -2392 -2393 -2366
f -2366 -2393 -2365
f -2366 -2365 -2364
f -2615 -2617 -2616
f -2616 -2617 -2624
f -2616 -2624 -2622
f -2622 -2624 -2623
f -2622 -2623 -2621
f -2626 -2628 -2627
f -2627 -2628 -2617
f -2627 -2617 -2615
f -2500 -2499 -2508
f -2508 -2499 -2507
f -2508 -2507 -2506
f -2506 -2507 -2505
f -2506 -2505 -2504
f -2504 -2505 -2503
f -2504 -2503 -2502
f -2655 -2656 -2657
f -2657 -2656 -2658
f -2657 -2658 -2659
f -2659 -2658 -2660
f -2659 -2660 -2661
f -2661 -2660 -2662
f -2661 -2662 -2663
f -2663 -2662 -2664
f -2663 -2664 -2654
f -2654 -2664 -2653
f -2654 -2653 -2652
f -2652 -2653 -2651
f -2652 -2651 -2650
f -2650 -2651 -2649
f -2650 -2649 -2648
f -2648 -2649 -2647
f -2648 -2647 -2646
f -2666 -2665 -2708
f -2708 -2665 -2710
f -2708 -2710 -2709
f -2709 -2710 -2711
f -2786 -2788 -2787
f -2787 -2788 -2777
f -2787 -2777 -2763
f -2763 -2777 -2764
f -2773 -2772 -2777
f -2777 -2772 -2781
f -2777 -2781 -2778
f -2778 -2781 -2779
f -2776 -2775 -2777
f -2777 -2775 -2774
f -2777 -2774 -2773
f -2778 -2766 -2777
f -2777 -2766 -2765
f -2777 -2765 -2764
f -2088 -2058 -2097
f -2097 -2058 -2095
f -2097 -2095 -2096
f -2096 -2095 -2094
f -2087 -2088 -2089
f -2089 -2088 -2097
f -2089 -2097 -2090
f -2090 -2097 -2098
f -2090 -2098 -2043
f -2105 -2104 -2110
f -2110 -2104 -2103
f -2110 -2103 -2102
f -2108 -2107 -2110
f -2110 -2107 -2106
f -2110 -2106 -2105
f -2102 -2101 -2110
f -2110 -2101 -2100
f -2110 -2100 -2099
f -2120 -2119 -2118
f -2118 -2119 -2117
f -2118 -2117 -2116
f -2020 -2018 -2019
f -2019 -2018 -2017
f -2019 -2017 -2009
f -2022 -2020 -2021
f -2021 -2020 -2019
f -2021 -2019 -2009
f -2022 -2021 -2023
f -2023 -2021 -2011
f -2023 -2011 -2012
f -2012 -2011 -1977
f -2018 -1980 -2016
f -2016 -1980 -2015
f -2016 -2015 -2024
f -2024 -2015 -2026
f -2024 -2026 -2025
f -2025 -2026 -2027
f -1981 -2002 -2001
f -2001 -2002 -2008
f -2001 -2008 -2006
f -2006 -2008 -2007
f -2006 -2007 -2005
f -1984 -1987 -1983
f -1983 -1987 -2003
f -1983 -2003 -2005
f -2005 -2003 -2004
f -2005 -2004 -2006
f -2006 -2004 -2000
f -2006 -2000 -2001
f -2001 -2000 -1999
f -2001 -1999 -1998
f -1998 -1997 -2001
f -2001 -1997 -1982
f -2001 -1982 -1981
f -1986 -1987 -1988
f -1988 -1987 -1989
f -1988 -1989 -1991
f -1991 -1989 -1990
f -1991 -1990 -1993
f -1993 -1990 -1995
f -1993 -1995 -1994
f -1994 -1995 -2042
f -1994 -2042 -2040
f -2040 -2042 -2041
f -2040 -2041 -2039
f -2035 -1979 -2033
f -2033 -1979 -2031
f -2033 -2031 -2032
f -2032 -2031 -2030
f -2014 -2013 -2028
f -2028 -2013 -2030
f -2028 -2030 -2029
f -2029 -2030 -2031
f -2039 -2037 -2038
f -2038 -2037 -2036
f -2038 -2036 -1978
f -1978 -2036 -2034
f -2015 -2014 -2026
f -2026 -2014 -2028
f -2026 -2028 -2027
f -2027 -2028 -2029
f -1961 -1962 -1963
f -1963 -1962 -1964
f -1963 -1964 -1965
f -1965 -1964 -1966
f -1965 -1966 -1967
f -1967 -1966 -1968
f -1967 -1968 -1969
f -1969 -1968 -1970
f -1969 -1970 -1971
f -1971 -1970 -1972
f -1971 -1972 -1973
f -1973 -1972 -1974
f -1973 -1974 -1975
f -1975 -1974 -1976
f -1975 -1976 -1933
f -1933 -1976 -1932
f -1933 -1932 -1931
f -1952 -1936 -1937
f -1937 -1936 -1935
f -1937 -1935 -1934
f -1929 -1928 -1933
f -1933 -1928 -1927
f -1933 -1927 -1935
f -1931 -1930 -1933
f -1933 -1930 -1929
f -1913 -1915 -1914
f -1914 -1915 -1910
f -1914 -1910 -1909
f -1911 -1915 -1912
f -1912 -1915 -1913
f -1882 -1881 -1898
f -1898 -1881 -1900
f -1898 -1900 -1899
f -1899 -1900 -1869
f -1899 -1869 -1878
f -1878 -1869 -1870
f -1878 -1870 -1871
f -1871 -1870 -1865
f -1871 -1865 -1866
f -1883 -1882 -1896
f -1896 -1882 -1898
f -1896 -1898 -1897
f -1897 -1898 -1899
f -1897 -1899 -1878
f -1907 -1906 -1908
f -1908 -1906 -1905
f -1908 -1905 -1904
f -1904 -1903 -1908
f -1908 -1903 -1902
f -1886 -1885 -1890
f -1890 -1885 -1892
f -1890 -1892 -1891
f -1891 -1892 -1893
f -1891 -1893 -1876
f -1876 -1893 -1895
f -1876 -1895 -1877
f -1877 -1895 -1897
f -1877 -1897 -1878
f -1885 -1884 -1892
f -1892 -1884 -1894
f -1892 -1894 -1893
f -1893 -1894 -1895
f -1884 -1883 -1894
f -1894 -1883 -1896
f -1894 -1896 -1895
f -1895 -1896 -1897
f -1867 -1864 -1876
f -1876 -1864 -1863
f -1876 -1863 -1891
f -1891 -1863 -1889
f -1891 -1889 -1890
f -1890 -1889 -1888
f -1890 -1888 -1887
f -1890 -1887 -1886
f -1886 -1887 -1875
f -1877 -1871 -1876
f -1876 -1871 -1866
f -1876 -1866 -1867
f -2334 -2314 -2336
f -2336 -2314 -2313
f -2336 -2313 -2312
f -2325 -2326 -2333
f -2333 -2326 -2331
f -2333 -2331 -2332
f -2332 -2331 -2330
f -2324 -2336 -2323
f -2323 -2336 -2312
f -2323 -2312 -2311
f -2310 -2309 -2331
f -2331 -2309 -2329
f -2331 -2329 -2330
f -2330 -2329 -2328
f -2332 -2338 -2333
f -2333 -2338 -2336
f -2333 -2336 -2325
f -2325 -2336 -2324
f -2171 -2170 -2174
f -2174 -2170 -2169
f -2174 -2169 -2168
f -2173 -2172 -2174
f -2174 -2172 -2171
f -2176 -2177 -2178
f -2178 -2177 -2179
f -2178 -2179 -2180
f -2180 -2179 -2181
f -2180 -2181 -2175
f -2186 -2185 -2184
f -2184 -2185 -2183
f -2184 -2183 -2182
f -2152 -2154 -2153
f -2153 -2154 -2133
f -2153 -2133 -2142
f -2142 -2133 -2144
f -2142 -2144 -2143
f -2143 -2144 -2145
f -2143 -2145 -2159
f -2159 -2145 -2161
f -2159 -2161 -2160
f -2160 -2161 -2162
f -2160 -2162 -2137
f -2137 -2162 -2166
f -2134 -2163 -2147
f -2147 -2163 -2161
f -2147 -2161 -2146
f -2146 -2161 -2145
f -2146 -2145 -2144
f -2135 -2151 -2136
f -2136 -2151 -2153
f -2136 -2153 -2140
f -2140 -2153 -2142
f -2140 -2142 -2141
f -2141 -2142 -2143
f -2141 -2143 -2157
f -2157 -2143 -2159
f -2157 -2159 -2158
f -2158 -2159 -2160
f -2158 -2160 -2137
f -2128 -2141 -2155
f -2155 -2141 -2157
f -2155 -2157 -2156
f -2156 -2157 -2158
f -2156 -2158 -2137
f -2161 -2163 -2162
f -2162 -2163 -2164
f -2162 -2164 -2166
f -2166 -2164 -2165
f -2166 -2165 -2167
f -2164 -2163 -2165
f -2165 -2163 -2134
f -2131 -2132 -2148
f -2148 -2132 -2150
f -2148 -2150 -2149
f -2149 -2150 -2151
f -2149 -2151 -2135
f -2135 -2136 -2138
f -2138 -2136 -2140
f -2138 -2140 -2139
f -2139 -2140 -2141
f -2139 -2141 -2128
f -2129 -2132 -2130
f -2130 -2132 -2131
f -2229 -2227 -2190
f -2190 -2227 -2189
f -2190 -2189 -2188
f -2192 -2191 -2194
f -2194 -2191 -2225
f -2194 -2225 -2224
f -2224 -2225 -2226
f -1671 -1673 -1672
f -1672 -1673 -1674
f -1654 -1656 -1655
f -1655 -1656 -1657
f -1616 -1615 -1614
f -1614 -1615 -1613
f -1614 -1613 -1612
f -1605 -1611 -1606
f -1606 -1611 -1607
f -1719 -1721 -1720
f -1720 -1721 -1722
f -1676 -1681 -1677
f -1677 -1681 -1682
f -1699 -1704 -1700
f -1700 -1704 -1705
f -1786 -1787 -1788
f -1788 -1787 -1789
f -1797 -1796 -1795
f -1795 -1796 -1794
f -1795 -1794 -1793
f -1793 -1794 -1792
f -1793 -1792 -1791
f -1791 -1792 -1790
f -1785 -1784 -1783
f -1783 -1784 -1782
f -1783 -1782 -1781
f -1781 -1782 -1780
f -1781 -1780 -1779
f -1779 -1780 -1778
f -1815 -1816 -1817
f -1817 -1816 -1844
f -1817 -1844 -1818
f -1818 -1844 -1846
f -1838 -1839 -1840
f -1840 -1839 -1849
f -1840 -1849 -1841
f -1841 -1849 -1847
f -1850 -1854 -1855
f -1855 -1854 -1856
f -1463 -1462 -1461
f -1461 -1462 -1460
f -1461 -1460 -1459
f -1459 -1460 -1458
f -1459 -1458 -1457
f -1457 -1458 -1456
f -1457 -1456 -1455
f -1455 -1456 -1454
f -3082 -3083 -3084
f -3084 -3083 -3085
f -3084 -3085 -3086
f -3086 -3085 -3087
f -3086 -3087 -3088
f -3088 -3087 -3089
f -3088 -3089 -3090
f -3090 -3089 -3091
f -3090 -3091 -3044
f -3044 -3091 -3045
f -3044 -3045 -3046
f -3046 -3045 -3047
f -3046 -3047 -3048
f -3048 -3047 -3049
f -3048 -3049 -3051
f -1464 -1465 -1466
f -1466 -1465 -1467
f -1466 -1467 -1468
f -1468 -1467 -1469
f -1468 -1469 -1470
f -1470 -1469 -1471
f -1470 -1471 -1472
f -1472 -1471 -1473
f -1434 -1435 -1436
f -1436 -1435 -1437
f -1436 -1437 -1438
f -1438 -1437 -1439
f -1438 -1439 -1440
f -1440 -1439 -1441
f -1440 -1441 -1442
f -1442 -1441 -1443
f -2985 -2986 -2987
f -2987 -2986 -2988
f -2987 -2988 -2989
f -2989 -2988 -2990
f -2989 -2990 -2991
f -2991 -2990 -2992
f -2991 -2992 -2993
f -2993 -2992 -2994
f -2993 -2994 -2995
f -2995 -2994 -2996
f -2995 -2996 -2997
f -2997 -2996 -2998
f -2997 -2998 -2999
f -2999 -2998 -3000
f -2999 -3000 -3001
f -3001 -3000 -3002
f -3001 -3002 -3003
f -3003 -3002 -3004
f -3003 -3004 -3005
f -3005 -3004 -3006
f -3005 -3006 -3007
f -3007 -3006 -3008
f -3007 -3008 -3009
f -3009 -3008 -3010
f -3009 -3010 -3011
f -3011 -3010 -3012
f -3011 -3012 -3013
f -3013 -3012 -3014
f -3013 -3014 -3015
f -3015 -3014 -3016
f -3015 -3016 -3017
f -3017 -3016 -3018
f -3017 -3018 -3019
f -3019 -3018 -3020
f -3019 -3020 -3021
f -3021 -3020 -3022
f -3021 -3022 -3023
f -3023 -3022 -3024
f -3023 -3024 -3025
f -3025 -3024 -3026
f -3025 -3026 -3027
f -3027 -3026 -3028
f -3027 -3028 -3029
f -3029 -3028 -3030
f -3029 -3030 -3031
f -3031 -3030 -3032
f -3031 -3032 -3033
f -3033 -3032 -3034
f -3033 -3034 -3035
f -3035 -3034 -3036
f -1395 -1397 -1396
f -1396 -1397 -1398
f -3081 -3080 -3079
f -3079 -3080 -3078
f -3079 -3078 -3077
f -3077 -3078 -3076
f -3077 -3076 -3075
f -3075 -3076 -3074
f -3075 -3074 -3073
f -3073 -3074 -3072
f -3073 -3072 -3071
f -3071 -3072 -3070
f -3071 -3070 -3069
f -3069 -3070 -3068
f -3069 -3068 -3067
f -3067 -3068 -3066
f -3067 -3066 -3065
f -3065 -3066 -3064
f -3065 -3064 -3063
f -3063 -3064 -3062
f -3063 -3062 -3061
f -3061 -3062 -3060
f -3061 -3060 -3059
f -3059 -3060 -3058
f -3059 -3058 -3057
f -3057 -3058 -3056
f -3057 -3056 -3055
f -3055 -3056 -3054
f -3055 -3054 -3053
f -1348 -1379 -1349
f -1349 -1379 -1350
f -1358 -1360 -1359
f -1359 -1360 -1362
f -1558 -1559 -1560
f -1560 -1559 -1561
f -1560 -1561 -1562
f -1562 -1561 -1563
f -1562 -1563 -1564
f -1564 -1563 -1565
f -1564 -1565 -1566
f -1566 -1565 -1567
f -1566 -1567 -1568
f -1568 -1567 -1569
f -1546 -1547 -1548
f -1548 -1547 -1549
f -1548 -1549 -1550
f -1550 -1549 -1551
f -1550 -1551 -1552
f -1552 -1551 -1553
f -1552 -1553 -1554
f -1554 -1553 -1555
f -1554 -1555 -1556
f -1556 -1555 -1557
f -1570 -1571 -1572
f -1572 -1571 -1573
f -1572 -1573 -1574
f -1574 -1573 -1575
f -1574 -1575 -1576
f -1576 -1575 -1577
f -1576 -1577 -1578
f -1578 -1577 -1579
f -1578 -1579 -1580
f -1580 -1579 -1581
f -1593 -1592 -1591
f -1591 -1592 -1590
f -1591 -1590 -1589
f -1589 -1590 -1588
f -1589 -1588 -1587
f -1587 -1588 -1586
f -1587 -1586 -1585
f -1585 -1586 -1584
f -1585 -1584 -1583
f -1583 -1584 -1582
f -1522 -1523 -1524
f -1524 -1523 -1525
f -1524 -1525 -1526
f -1526 -1525 -1527
f -1526 -1527 -1528
f -1528 -1527 -1529
f -1528 -1529 -1530
f -1530 -1529 -1531
f -1530 -1531 -1532
f -1532 -1531 -1533
f -1545 -1544 -1543
f -1543 -1544 -1542
f -1543 -1542 -1541
f -1541 -1542 -1540
f -1541 -1540 -1539
f -1539 -1540 -1538
f -1539 -1538 -1537
f -1537 -1538 -1536
f -1537 -1536 -1535
f -1535 -1536 -1534
f -1270 -1271 -1272
f -1272 -1271 -1273
f -1272 -1273 -1274
f -1274 -1273 -1275
f -1274 -1275 -1276
f -1276 -1275 -1277
f -1276 -1277 -1278
f -1278 -1277 -1279
f -1280 -1281 -1282
f -1282 -1281 -1283
f -1282 -1283 -1284
f -1284 -1283 -1285
f -1284 -1285 -1286
f -1286 -1285 -1287
f -1286 -1287 -1288
f -1288 -1287 -1289
f -1288 -1289 -1290
f -1290 -1289 -1291
f -1292 -1293 -1294
f -1294 -1293 -1295
f -1294 -1295 -1296
f -1296 -1295 -1297
f -1296 -1297 -1298
f -1298 -1297 -1299
f -1298 -1299 -1300
f -1300 -1299 -1301
f -1300 -1301 -1302
f -1302 -1301 -1303
f -1323 -1322 -1321
f -1321 -1322 -1362
f -1335 -1337 -1336
f -1336 -1337 -1338
f -2456 -2458 -2457
f -2457 -2458 -2459
f -2471 -2470 -2469
f -2469 -2470 -2468
f -2469 -2468 -2467
f -2439 -2435 -2474
f -2474 -2435 -2419
f -2458 -2460 -2459
f -2459 -2460 -2461
f -2619 -2620 -2621
f -2621 -2620 -2622
f -2626 -2625 -2636
f -2636 -2625 -2635
f -2636 -2635 -2634
f -2634 -2635 -2633
f -2634 -2633 -2632
f -2632 -2633 -2631
f -2632 -2631 -2630
f -2630 -2631 -2629
f -2630 -2629 -2645
f -2645 -2629 -2644
f -2645 -2644 -2643
f -2643 -2644 -2642
f -2643 -2642 -2641
f -2641 -2642 -2640
f -2641 -2640 -2639
f -2639 -2640 -2638
f -2639 -2638 -2646
f -2646 -2638 -2637
f -2646 -2637 -2648
f -2707 -2706 -2705
f -2705 -2706 -2704
f -2705 -2704 -2703
f -2703 -2704 -2702
f -2703 -2702 -2701
f -2701 -2702 -2700
f -2701 -2700 -2699
f -2699 -2700 -2698
f -2699 -2698 -2697
f -2697 -2698 -2696
f -2697 -2696 -2695
f -2695 -2696 -2694
f -2695 -2694 -2693
f -2693 -2694 -2692
f -2693 -2692 -2691
f -2691 -2692 -2690
f -2691 -2690 -2689
f -2689 -2690 -2688
f -2689 -2688 -2687
f -2687 -2688 -2686
f -2687 -2686 -2685
f -2685 -2686 -2684
f -2685 -2684 -2683
f -2683 -2684 -2682
f -2683 -2682 -2681
f -2681 -2682 -2680
f -2681 -2680 -2679
f -2679 -2680 -2678
f -2679 -2678 -2677
f -2677 -2678 -2676
f -2677 -2676 -2675
f -2675 -2676 -2674
f -2675 -2674 -2673
f -2673 -2674 -2672
f -2673 -2672 -2671
f -2671 -2672 -2670
f -2671 -2670 -2669
f -2669 -2670 -2668
f -2669 -2668 -2667
f -2667 -2668 -2666
f -2667 -2666 -2708
f -2710 -2712 -2711
f -2711 -2712 -2713
f -2712 -2714 -2713
f -2713 -2714 -2715
f -2783 -2784 -2785
f -2785 -2784 -2786
f -2785 -2786 -2787
f -2120 -2112 -2119
f -2119 -2112 -2113
f -2119 -2113 -2114
f -2114 -2113 -2115
f -2009 -2010 -2021
f -2021 -2010 -2011
f -2024 -2017 -2016
f -2016 -2017 -2018
f -2032 -2034 -2033
f -2033 -2034 -2035
f -2034 -2036 -2035
f -2035 -2036 -2037
f -1990 -1989 -1985
f -1985 -1989 -1987
f -1985 -1987 -1984
f -1991 -1993 -1992
f -1992 -1993 -1994
f -1937 -1951 -1952
f -1952 -1951 -1953
f -1952 -1953 -1954
f -1954 -1953 -1955
f -1954 -1955 -1956
f -1956 -1955 -1957
f -1956 -1957 -1958
f -1958 -1957 -1959
f -1881 -1880 -1900
f -1900 -1880 -1879
f -1900 -1879 -1869
f -1872 -1873 -1874
f -1874 -1873 -1875
f -1874 -1875 -1887
f -1869 -1868 -1870
f -1870 -1868 -1865
f -2340 -2339 -2338
f -2338 -2339 -2337
f -2338 -2337 -2336
f -2336 -2337 -2335
f -2336 -2335 -2334
f -2150 -2152 -2151
f -2151 -2152 -2153
f -2229 -2228 -2227
f -2227 -2228 -2226
f -2227 -2226 -2225
f -1707 -1719 -1717
f -1717 -1718 -1716
f -1681 -1683 -1682
f -1704 -1706 -1705
f -1693 -1695 -1694
f -1816 -1842 -1844
f -1379 -1377 -1350
f -2486 -2488 -2487
f -2481 -2491 -2495
f -2478 -2499 -2479
f -2096 -2098 -2097
f -2108 -2110 -2109
f -2003 -1987 -1986
f -1995 -2041 -2042
f -1871 -1877 -1878
f -2144 -2133 -2146
f -2192 -2194 -2193
f -2187 -2190 -2188
f -1671 -1668 -1667
f -1673 -1675 -1674
f -1614 -1604 -1616
f -1721 -1723 -1722
f -1731 -1732 -1730
f -1390 -1392 -1391
f -1337 -1339 -1338
f -1319 -1342 -1349
f -2475 -2477 -2476
f -2444 -2445 -2443
f -2465 -2466 -2464
f -2437 -2438 -2436
f -2626 -2627 -2625
f -2714 -2716 -2715
f -2782 -2784 -2783
f -2095 -2058 -2057
f -1997 -1998 -1996
f -2038 -2040 -2039
f -1935 -1936 -1933
f -1960 -1962 -1961
f -1905 -1906 -1901
f -2331 -2326 -2310
f -1696 -1698 -1697
f -1672 -1670 -1671
f -1671 -1670 -1669
f -1671 -1669 -1668
f -3337 -3353 -3325
f -3325 -3353 -3348
f -3325 -3348 -3333
f -3333 -3348 -3334
f -3333 -3334 -3332
f -3349 -3347 -3348
f -3348 -3347 -3346
f -3348 -3346 -3336
f -3362 -3361 -3377
f -3377 -3361 -3375
f -3377 -3375 -3376
f -3376 -3375 -3374
f -3376 -3374 -3373
f -3370 -3369 -3371
f -3371 -3369 -3368
f -3371 -3368 -3378
f -3378 -3368 -3367
f -3378 -3367 -3380
f -3363 -3370 -3372
f -3372 -3370 -3371
f -3372 -3371 -3376
f -3376 -3371 -3378
f -3376 -3378 -3377
f -3377 -3378 -3379
f -3377 -3379 -3381
f -3381 -3379 -3380
f -3381 -3380 -3382
f -3376 -3373 -3372
f -3372 -3373 -3366
f -3372 -3366 -3365
f -3365 -3364 -3372
f -3372 -3364 -3363
f -3393 -3392 -3403
f -3403 -3392 -3391
f -3403 -3391 -3384
f -3384 -3391 -3386
f -3384 -3386 -3385
f -3385 -3386 -3387
f -3397 -3395 -3396
f -3396 -3395 -3394
f -3396 -3394 -3386
f -3386 -3394 -3388
f -3386 -3388 -3387
f -3387 -3388 -3383
f -3390 -3389 -3396
f -3396 -3389 -3398
f -3396 -3398 -3397
f -3397 -3398 -3399
f -3392 -3390 -3391
f -3391 -3390 -3396
f -3391 -3396 -3386
f -1799 -1808 -1809
f -1809 -1808 -1807
f -1809 -1807 -1826
f -1803 -1809 -1828
f -1828 -1809 -1826
f -1828 -1826 -1827
f -1823 -1801 -1833
f -1833 -1801 -1832
f -1833 -1832 -1831
f -1831 -1832 -1830
f -1831 -1830 -1829
f -1829 -1830 -1828
f -1829 -1828 -1827
f -3040 -3039 -3043
f -3043 -3039 -3038
f -3043 -3038 -3080
f -3042 -3041 -3043
f -3043 -3041 -3040
f -3080 -3081 -3043
f -3043 -3081 -3037
f -2954 -2964 -2962
f -2962 -2964 -2963
f -2962 -2963 -2961
f -2961 -2963 -2967
f -2961 -2967 -2969
f -2969 -2967 -2968
f -2969 -2968 -2970
f -2957 -2965 -2967
f -2967 -2965 -2966
f -2967 -2966 -2968
f -2960 -2961 -2959
f -2959 -2961 -2969
f -2959 -2969 -2958
f -2958 -2969 -2971
f -2958 -2971 -2973
f -2973 -2971 -2972
f -2973 -2972 -2974
f -2981 -2984 -2982
f -2982 -2984 -2983
f -2982 -2983 -2979
f -2956 -2973 -2975
f -2975 -2973 -2974
f -2975 -2974 -2976
f -2938 -2937 -2941
f -2941 -2937 -2940
f -2941 -2940 -2945
f -2945 -2940 -2939
f -2945 -2939 -2947
f -2946 -2944 -2945
f -2945 -2944 -2943
f -2945 -2943 -2941
f -2941 -2943 -2950
f -2941 -2950 -2952
f -2952 -2950 -2951
f -2952 -2951 -2953
f -2944 -2942 -2943
f -2943 -2942 -2948
f -2943 -2948 -2950
f -2950 -2948 -2949
f -2950 -2949 -2951
f -1245 -1244 -1247
f -1247 -1244 -1243
f -1247 -1243 -1242
f -1241 -1240 -1239
f -1239 -1240 -1238
f -1239 -1238 -1237
f -1231 -1236 -1234
f -1234 -1236 -1235
f -1234 -1235 -1233
f -1261 -1260 -1263
f -1263 -1260 -1259
f -1263 -1259 -1258
f -1267 -1266 -1269
f -1269 -1266 -1265
f -1269 -1265 -1264
f -3737 -3729 -3730
f -3730 -3729 -3731
f -3730 -3731 -3732
f -3732 -3731 -3733
f -3732 -3733 -3734
f -3734 -3733 -3767
f -3734 -3767 -3769
f -3769 -3767 -3768
f -3769 -3768 -3770
f -3770 -3772 -3771
f -3771 -3772 -3773
f -3771 -3773 -3723
f -3724 -3726 -3725
f -3725 -3726 -3727
f -3725 -3727 -3722
f -3722 -3727 -3721
f -3722 -3721 -3720
f -3720 -3721 -3719
f -3720 -3719 -3718
f -3718 -3719 -3717
f -3718 -3717 -3716
f -3716 -3717 -3715
f -3716 -3715 -3714
f -3714 -3715 -3713
f -3714 -3713 -3712
f -1104 -1103 -1111
f -1111 -1103 -1102
f -1111 -1102 -1101
f -1107 -1106 -1111
f -1111 -1106 -1105
f -1111 -1105 -1104
f -1110 -1109 -1111
f -1111 -1109 -1108
f -1111 -1108 -1107
f -1096 -1095 -1111
f -1111 -1095 -1094
f -1111 -1094 -1093
f -1096 -1111 -1097
f -1097 -1111 -1098
f -1101 -1100 -1111
f -1111 -1100 -1099
f -1111 -1099 -1098
f -1093 -1092 -1111
f -1111 -1092 -1091
f -1111 -1091 -1090
f -1198 -1197 -1208
f -1208 -1197 -1196
f -1208 -1196 -1195
f -1195 -1206 -1208
f -1208 -1206 -1207
f -1208 -1207 -1209
f -1202 -1201 -1210
f -1210 -1201 -1200
f -1210 -1200 -1199
f -1205 -1204 -1210
f -1210 -1204 -1203
f -1210 -1203 -1202
f -1208 -1209 -1210
f -1210 -1209 -1211
f -1210 -1211 -1205
f -1167 -1166 -1165
f -1165 -1166 -1164
f -1165 -1164 -1163
f -1163 -1164 -1162
f -1163 -1162 -1161
f -1161 -1162 -1160
f -1161 -1160 -1159
f -1159 -1160 -1158
f -1159 -1158 -1157
f -1157 -1158 -1156
f -1157 -1156 -1155
f -1155 -1156 -1154
f -1155 -1154 -1153
f -1153 -1154 -1152
f -1153 -1152 -1151
f -1151 -1152 -1150
f -1151 -1150 -1149
f -1149 -1150 -1148
f -1149 -1148 -1147
f -1147 -1148 -1146
f -1147 -1146 -1145
f -1145 -1146 -1144
f -1145 -1144 -1143
f -1143 -1144 -1142
f -1143 -1142 -1141
f -1141 -1142 -1140
f -1141 -1140 -1139
f -1139 -1140 -1138
f -1139 -1138 -1137
f -1137 -1138 -1136
f -1137 -1136 -1135
f -1135 -1136 -1134
f -1135 -1134 -1133
f -1133 -1134 -1132
f -1133 -1132 -1131
f -1131 -1132 -1130
f -1131 -1130 -1129
f -1129 -1130 -1128
f -1129 -1128 -1127
f -1127 -1128 -1126
f -1127 -1126 -1125
f -1125 -1126 -1124
f -1125 -1124 -1123
f -1123 -1124 -1122
f -1123 -1122 -1121
f -1121 -1122 -1120
f -1121 -1120 -1119
f -1119 -1120 -1118
f -1119 -1118 -1117
f -1117 -1118 -1116
f -1117 -1116 -1115
f -1115 -1116 -1114
f -1115 -1114 -1113
f -3899 -3898 -3900
f -3900 -3898 -3897
f -3900 -3897 -3896
f -1187 -1186 -1191
f -1191 -1186 -1185
f -1191 -1185 -1184
f -1190 -1189 -1191
f -1191 -1189 -1188
f -1191 -1188 -1187
f -1171 -1170 -1184
f -1184 -1170 -1169
f -1184 -1169 -1168
f -1174 -1173 -1184
f -1184 -1173 -1172
f -1184 -1172 -1171
f -1178 -1177 -1183
f -1183 -1177 -1176
f -1183 -1176 -1175
f -1181 -1180 -1183
f -1183 -1180 -1179
f -1183 -1179 -1178
f -1037 -1036 -1038
f -1038 -1036 -1017
f -1038 -1017 -1018
f -1018 -1017 -1016
f -1018 -1016 -1015
f -3459 -3482 -3484
f -3484 -3482 -3483
f -3484 -3483 -3485
f -3485 -3483 -3447
f -3485 -3447 -3487
f -3487 -3447 -3449
f -3487 -3449 -3489
f -3489 -3449 -3464
f -3489 -3464 -3463
f -3463 -3464 -3465
f -3458 -3459 -3477
f -3477 -3459 -3484
f -3477 -3484 -3476
f -3476 -3484 -3486
f -3476 -3486 -3475
f -3475 -3486 -3488
f -3475 -3488 -3479
f -3479 -3488 -3480
f -3479 -3480 -3478
f -3470 -3472 -3471
f -3471 -3472 -3473
f -3471 -3473 -3466
f -3466 -3473 -3467
f -3466 -3467 -3465
f -3472 -3474 -3473
f -3473 -3474 -3468
f -3473 -3468 -3467
f -3470 -3471 -3469
f -3469 -3471 -3451
f -3445 -3454 -3471
f -3471 -3454 -3453
f -3471 -3453 -3452
f -3465 -3464 -3466
f -3466 -3464 -3457
f -3466 -3457 -3471
f -3471 -3457 -3456
f -3471 -3456 -3446
f -1078 -1077 -1094
f -1094 -1077 -1076
f -1094 -1076 -1075
f -1081 -1080 -1094
f -1094 -1080 -1079
f -1094 -1079 -1078
f -1084 -1083 -1094
f -1094 -1083 -1082
f -1094 -1082 -1081
f -1087 -1086 -1094
f -1094 -1086 -1085
f -1094 -1085 -1084
f -1095 -1089 -1094
f -1094 -1089 -1088
f -1094 -1088 -1087
f -3463 -3481 -3489
f -3489 -3481 -3488
f -3489 -3488 -3487
f -3487 -3488 -3486
f -3487 -3486 -3485
f -3485 -3486 -3484
f -3448 -3444 -3457
f -3457 -3444 -3443
f -3457 -3443 -3455
f -3442 -3462 -3460
f -3460 -3462 -3461
f -3460 -3461 -3459
f -3406 -3404 -3405
f -3405 -3404 -3403
f -3405 -3403 -3384
f -958 -959 -960
f -960 -959 -961
f -960 -961 -962
f -962 -961 -963
f -962 -963 -964
f -964 -963 -965
f -964 -965 -966
f -966 -965 -967
f -966 -967 -968
f -968 -967 -969
f -968 -969 -970
f -970 -969 -971
f -970 -971 -972
f -972 -971 -973
f -972 -973 -974
f -974 -973 -975
f -974 -975 -976
f -976 -975 -977
f -976 -977 -978
f -978 -977 -979
f -978 -979 -980
f -980 -979 -981
f -980 -981 -982
f -982 -981 -983
f -982 -983 -984
f -984 -983 -985
f -984 -985 -1014
f -1014 -985 -1013
f -1014 -1013 -1012
f -1012 -1013 -1011
f -1012 -1011 -1010
f -1010 -1011 -1009
f -1010 -1009 -1008
f -1008 -1009 -1007
f -1008 -1007 -1006
f -1006 -1007 -1005
f -1006 -1005 -1004
f -1004 -1005 -1003
f -1004 -1003 -1002
f -1002 -1003 -1001
f -1002 -1001 -1000
f -1000 -1001 -999
f -1000 -999 -998
f -998 -999 -997
f -998 -997 -996
f -996 -997 -995
f -996 -995 -994
f -994 -995 -993
f -994 -993 -992
f -992 -993 -991
f -992 -991 -990
f -990 -991 -989
f -990 -989 -988
f -988 -989 -987
f -988 -987 -986
f -3404 -3402 -3403
f -3403 -3402 -3401
f -3403 -3401 -3393
f -3618 -3617 -3622
f -3622 -3617 -3616
f -3622 -3616 -3615
f -3621 -3620 -3622
f -3622 -3620 -3619
f -3622 -3619 -3618
f -3569 -3568 -3567
f -3567 -3568 -3566
f -3567 -3566 -3565
f -3578 -3577 -3576
f -3576 -3577 -3575
f -3576 -3575 -3574
f -4100 -4099 -4101
f -4101 -4099 -4078
f -4101 -4078 -4095
f -4095 -4078 -4093
f -4095 -4093 -4094
f -4096 -4098 -4097
f -4097 -4098 -4092
f -4097 -4092 -4090
f -4090 -4092 -4091
f -4090 -4091 -4089
f -4087 -4086 -4088
f -4088 -4086 -4077
f -4088 -4077 -4083
f -4083 -4077 -4085
f -4083 -4085 -4084
f -3919 -3918 -3925
f -3925 -3918 -3943
f -3925 -3943 -3945
f -3922 -3921 -3925
f -3925 -3921 -3920
f -3925 -3920 -3919
f -3924 -3923 -3925
f -3925 -3923 -3922
f -4271 -4272 -4294
f -4294 -4272 -4273
f -4294 -4273 -4292
f -4292 -4273 -4275
f -4292 -4275 -4274
f -4274 -4275 -4276
f -4274 -4276 -4243
f -4243 -4276 -4278
f -4286 -4284 -4285
f -4285 -4284 -4283
f -4285 -4283 -4279
f -4279 -4283 -4280
f -4279 -4280 -4281
f -4281 -4280 -4282
f -4281 -4282 -4244
f -4244 -4282 -4277
f -4282 -4278 -4277
f -4277 -4278 -4276
f -4277 -4276 -4275
f -4290 -4249 -4288
f -4288 -4249 -4248
f -4288 -4248 -4286
f -2848 -2847 -2855
f -2855 -2847 -2846
f -2855 -2846 -2845
f -4247 -4246 -4285
f -4285 -4246 -4287
f -4285 -4287 -4286
f -4286 -4287 -4288
f -4291 -4290 -4289
f -4289 -4290 -4288
f -4289 -4288 -4287
f -4293 -4295 -4294
f -4294 -4295 -4296
f -4294 -4296 -4271
f -2865 -2864 -2866
f -2866 -2864 -2863
f -2866 -2863 -2862
f -4524 -4526 -4525
f -4525 -4526 -4527
f -4525 -4527 -4535
f -4535 -4527 -4475
f -4535 -4475 -4534
f -4547 -4546 -4549
f -4549 -4546 -4545
f -4549 -4545 -4582
f -4570 -4571 -4572
f -4572 -4571 -4573
f -4572 -4573 -4574
f -4574 -4573 -4575
f -4574 -4575 -4576
f -4576 -4575 -4577
f -4576 -4577 -4578
f -4578 -4577 -4579
f -4578 -4579 -4580
f -4580 -4579 -4581
f -4580 -4581 -4549
f -4549 -4581 -4548
f -4549 -4548 -4547
f -4490 -4491 -4483
f -4483 -4491 -4474
f -4483 -4474 -4473
f -4519 -4518 -4520
f -4520 -4518 -4521
f -4520 -4521 -4523
f -4523 -4521 -4522
f -4523 -4522 -4524
f -4513 -4512 -4514
f -4514 -4512 -4515
f -4514 -4515 -4517
f -4517 -4515 -4516
f -4517 -4516 -4518
f -4481 -4509 -4511
f -4511 -4509 -4510
f -4511 -4510 -4512
f -4471 -4485 -4483
f -4483 -4485 -4484
f -4483 -4484 -4482
f -4473 -4472 -4483
f -4483 -4472 -4471
f -4543 -4565 -4608
f -4608 -4565 -4566
f -4608 -4566 -4567
f -4609 -4607 -4608
f -4608 -4607 -4606
f -4608 -4606 -4543
f -2269 -2268 -2271
f -2271 -2268 -2267
f -2271 -2267 -2266
f -2295 -2296 -2293
f -2293 -2296 -2294
f -2293 -2294 -2292
f -2342 -2341 -2343
f -2343 -2341 -2289
f -2343 -2289 -2319
f -2322 -2318 -2345
f -2345 -2318 -2317
f -2345 -2317 -2316
f -2320 -2321 -2343
f -2343 -2321 -2345
f -2343 -2345 -2344
f -2344 -2345 -2346
f -2291 -2290 -2351
f -2351 -2290 -2353
f -2351 -2353 -2352
f -2352 -2353 -2354
f -2350 -2349 -2351
f -2351 -2349 -2293
f -2351 -2293 -2291
f -2291 -2293 -2292
f -2290 -2348 -2353
f -2353 -2348 -2355
f -2353 -2355 -2354
f -2354 -2355 -2315
f -2347 -2346 -2355
f -2355 -2346 -2345
f -2355 -2345 -2316
f -3348 -3353 -3349
f -3349 -3353 -3350
f -3334 -3348 -3335
f -3335 -3348 -3336
f -1805 -1807 -1806
f -1806 -1807 -1808
f -1831 -1825 -1833
f -1833 -1825 -1824
f -1833 -1824 -1823
f -1823 -1824 -1822
f -1823 -1822 -1821
f -1821 -1822 -1820
f -1821 -1820 -1819
f -3096 -3097 -3098
f -3098 -3097 -3099
f -2969 -2970 -2971
f -2971 -2970 -2972
f -2975 -2976 -2977
f -2977 -2976 -2978
f -1248 -1249 -1250
f -1250 -1249 -1251
f -1250 -1251 -1252
f -1252 -1251 -1253
f -1252 -1253 -1254
f -1254 -1253 -1255
f -1254 -1255 -1256
f -1256 -1255 -1257
f -1221 -1222 -1223
f -1223 -1222 -1224
f -1223 -1224 -1225
f -1225 -1224 -1226
f -1225 -1226 -1227
f -1227 -1226 -1228
f -1227 -1228 -1229
f -1229 -1228 -1230
f -3723 -3724 -3771
f -3771 -3724 -3725
f -1212 -1214 -1213
f -1213 -1214 -1215
f -1220 -1219 -1218
f -1218 -1219 -1217
f -1218 -1217 -1216
f -1216 -1217 -1215
f -1216 -1215 -1214
f -3905 -3907 -3902
f -3902 -3907 -3901
f -3902 -3901 -3900
f -3900 -3901 -3899
f -1174 -1184 -1175
f -1175 -1184 -1183
f -1036 -1035 -1034
f -1034 -1035 -1033
f -1034 -1033 -1032
f -1032 -1033 -1031
f -1032 -1031 -1030
f -1030 -1031 -1029
f -1030 -1029 -1028
f -1028 -1029 -1027
f -1028 -1027 -1026
f -1026 -1027 -1025
f -1026 -1025 -1024
f -1024 -1025 -1023
f -1024 -1023 -1022
f -1022 -1023 -1021
f -1022 -1021 -1020
f -1020 -1021 -1019
f -1020 -1019 -1053
f -1053 -1019 -1052
f -1053 -1052 -1051
f -1051 -1052 -1050
f -1051 -1050 -1049
f -1049 -1050 -1048
f -1049 -1048 -1047
f -1047 -1048 -1046
f -1047 -1046 -1045
f -1045 -1046 -1044
f -1045 -1044 -1043
f -1043 -1044 -1042
f -1043 -1042 -1041
f -1041 -1042 -1040
f -1041 -1040 -1039
f -1039 -1040 -1074
f -1039 -1074 -1072
f -1072 -1074 -1073
f -1072 -1073 -1071
f -1072 -1071 -1070
f -1070 -1071 -1069
f -1070 -1069 -1068
f -1068 -1069 -1067
f -1068 -1067 -1066
f -1066 -1067 -1065
f -1066 -1065 -1064
f -1064 -1065 -1063
f -1064 -1063 -1062
f -1062 -1063 -1061
f -1062 -1061 -1060
f -1060 -1061 -1059
f -1060 -1059 -1058
f -1058 -1059 -1057
f -1058 -1057 -1056
f -1056 -1057 -1055
f -1056 -1055 -1054
f -3450 -3451 -3452
f -3452 -3451 -3471
f -3447 -3448 -3449
f -3449 -3448 -3457
f -3449 -3457 -3464
f -3419 -3418 -3417
f -3417 -3418 -3416
f -3417 -3416 -3415
f -3415 -3416 -3414
f -3415 -3414 -3413
f -3413 -3414 -3412
f -3413 -3412 -3411
f -3411 -3412 -3410
f -3411 -3410 -3409
f -3409 -3410 -3408
f -3406 -3405 -3407
f -3407 -3405 -3384
f -3407 -3384 -3385
f -3603 -3604 -3605
f -3605 -3604 -3606
f -3600 -3599 -3598
f -3598 -3599 -3597
f -3598 -3597 -3596
f -3595 -3598 -3594
f -3594 -3598 -3596
f -3594 -3596 -3593
f -953 -954 -955
f -955 -954 -956
f -3543 -3544 -3545
f -3545 -3544 -3546
f -3579 -3580 -3581
f -3581 -3580 -3582
f -3570 -3571 -3572
f -3572 -3571 -3573
f -4107 -4108 -4109
f -4109 -4108 -4110
f -4109 -4110 -4111
f -4111 -4110 -4112
f -4111 -4112 -4113
f -4113 -4112 -4114
f -4113 -4114 -4115
f -4115 -4114 -4116
f -4115 -4116 -4117
f -4117 -4116 -4118
f -4117 -4118 -4119
f -4119 -4118 -4120
f -4074 -4073 -4072
f -4072 -4073 -4071
f -4072 -4071 -4070
f -4070 -4071 -4069
f -4070 -4069 -4068
f -4068 -4069 -4067
f -4068 -4067 -4066
f -4066 -4067 -4065
f -4066 -4065 -4064
f -4072 -4045 -4074
f -4074 -4045 -4046
f -4055 -4054 -4053
f -4053 -4054 -4052
f -4053 -4052 -4051
f -4051 -4052 -4050
f -4051 -4050 -4049
f -4049 -4050 -4048
f -4049 -4048 -4047
f -4047 -4048 -4046
f -4047 -4046 -4045
f -4094 -4096 -4095
f -4095 -4096 -4097
f -4076 -4075 -4103
f -4103 -4075 -4105
f -4103 -4105 -4104
f -4100 -4101 -4102
f -4102 -4101 -4103
f -4102 -4103 -4104
f -4079 -4081 -4080
f -4080 -4081 -4082
f -4087 -4088 -4089
f -4089 -4088 -4090
f -4081 -4083 -4082
f -4082 -4083 -4084
f -3992 -3991 -3990
f -3990 -3991 -3989
f -3990 -3989 -3988
f -3988 -3989 -3987
f -3988 -3987 -3986
f -3986 -3987 -3985
f -3986 -3985 -3984
f -3984 -3985 -3983
f -3984 -3983 -3982
f -3982 -3983 -3981
f -3982 -3981 -3980
f -3980 -3981 -3979
f -3980 -3979 -3978
f -3993 -3994 -3995
f -3995 -3994 -3996
f -3959 -3960 -3961
f -3961 -3960 -3962
f -4281 -4247 -4279
f -4279 -4247 -4285
f -4532 -4533 -4534
f -4534 -4533 -4535
f -4481 -4511 -4482
f -4482 -4511 -4483
f -4549 -4582 -4584
f -4584 -4582 -4583
f -4584 -4583 -4585
f -4564 -4584 -4586
f -4586 -4584 -4585
f -4586 -4585 -4587
f -4608 -4567 -4568
f -4568 -4567 -4570
f -4568 -4570 -4569
f -4569 -4570 -4572
f -2269 -2271 -2270
f -2270 -2271 -2273
f -2270 -2273 -2274
f -2361 -2360 -2359
f -2359 -2360 -2358
f -2359 -2358 -2357
f -2357 -2358 -2356
f -2367 -2369 -2368
f -2368 -2369 -2370
f -2369 -2371 -2370
f -2370 -2371 -2372
f -3378 -3380 -3379
f -3362 -3377 -3381
f -1799 -1809 -1803
f -1803 -1828 -1830
f -2957 -2967 -2963
f -2980 -2984 -2981
f -2958 -2973 -2956
f -1245 -1247 -1246
f -1232 -1234 -1233
f -1261 -1263 -1262
f -1267 -1269 -1268
f -1112 -1166 -1167
f -3895 -3900 -3896
f -1181 -1183 -1182
f -3445 -3471 -3446
f -3456 -3457 -3455
f -4280 -4278 -4282
f -4290 -4291 -4245
f -4293 -4294 -4292
f -2321 -2322 -2345
f -2320 -2343 -2319
f -2295 -2293 -2349
f -3398 -3400 -3399
f -1822 -1798 -1820
f -2960 -2962 -2961
f -2958 -2960 -2959
f -2976 -2955 -2978
f -2941 -2952 -2938
f -2945 -2947 -2946
f -2937 -2938 -2936
f -3770 -3771 -3769
f -3772 -3774 -3773
f -3726 -3728 -3727
f -1036 -1037 -1035
f -3488 -3481 -3480
f -3458 -3460 -3459
f -957 -959 -958
f -4109 -4106 -4107
f -4055 -4056 -4054
f -4526 -4528 -4527
f -4524 -4525 -4523
f -4518 -4519 -4517
f -4512 -4513 -4511
f -4608 -4610 -4609
f -2343 -2344 -2342
f -2351 -2352 -2350
f -2355 -2316 -2315
f -2355 -2348 -2347
f -1192 -1194 -1193
f -2379 -2380 -2378
f -4167 -4172 -4168
f -4429 -4427 -4426
f -3336 -3328 -3335
f -3335 -3328 -3327
f -3335 -3327 -3326
f -1664 -1666 -1665
f -1665 -1666 -1624
f -1665 -1624 -1618
f -1660 -1662 -1661
f -1661 -1662 -1663
f -1661 -1663 -1626
f -1635 -1634 -1641
f -1641 -1634 -1633
f -1641 -1633 -1620
f -1620 -1640 -1641
f -1641 -1640 -1639
f -1641 -1639 -1635
f -1633 -1634 -1632
f -1632 -1634 -1628
f -1632 -1628 -1629
f -1661 -1626 -1631
f -1631 -1626 -1619
f -1631 -1619 -1630
f -3174 -3175 -3176
f -3176 -3175 -3177
f -3176 -3177 -3178
f -3178 -3177 -3185
f -3178 -3185 -3183
f -3183 -3185 -3184
f -3183 -3184 -3182
f -3163 -3162 -3183
f -3183 -3162 -3178
f -3162 -3161 -3178
f -3178 -3161 -3160
f -3178 -3160 -3176
f -3140 -3141 -3144
f -3144 -3141 -3150
f -3144 -3150 -3152
f -3152 -3150 -3151
f -3152 -3151 -3153
f -3134 -3143 -3142
f -3142 -3143 -3148
f -3142 -3148 -3150
f -3150 -3148 -3149
f -3150 -3149 -3151
f -3238 -3237 -3249
f -3249 -3237 -3236
f -3249 -3236 -3247
f -3247 -3236 -3252
f -3247 -3252 -3254
f -3254 -3252 -3253
f -3254 -3253 -3265
f -3265 -3253 -3267
f -3265 -3267 -3266
f -3266 -3267 -3261
f -3266 -3261 -3260
f -3229 -3238 -3250
f -3250 -3238 -3249
f -3250 -3249 -3248
f -3248 -3249 -3247
f -3248 -3247 -3246
f -3246 -3247 -3254
f -3246 -3254 -3245
f -3245 -3254 -3255
f -3245 -3255 -3244
f -3244 -3255 -3243
f -3237 -3235 -3236
f -3236 -3235 -3251
f -3236 -3251 -3252
f -3252 -3251 -3273
f -3252 -3273 -3253
f -3253 -3273 -3233
f -3253 -3233 -3267
f -3267 -3233 -3234
f -3267 -3234 -3261
f -3258 -3257 -3262
f -3262 -3257 -3256
f -3262 -3256 -3242
f -3243 -3255 -3263
f -3263 -3255 -3265
f -3263 -3265 -3264
f -3264 -3265 -3266
f -3264 -3266 -3259
f -3259 -3266 -3260
f -3263 -3264 -3262
f -3262 -3264 -3258
f -3270 -3272 -3271
f -3271 -3272 -3273
f -3271 -3273 -3251
f -3272 -3274 -3273
f -3273 -3274 -3233
f -3230 -3239 -3241
f -3241 -3239 -3240
f -3241 -3240 -3262
f -3232 -3231 -3241
f -3241 -3231 -3230
f -3250 -3228 -3229
f -3229 -3228 -3227
f -3229 -3227 -3226
f -3116 -3111 -3113
f -3113 -3111 -3110
f -3113 -3110 -3115
f -3117 -3116 -3118
f -3118 -3116 -3113
f -3118 -3113 -3124
f -3124 -3113 -3123
f -3124 -3123 -3128
f -3128 -3123 -3130
f -3128 -3130 -3129
f -3129 -3130 -3131
f -3129 -3127 -3128
f -3128 -3127 -3126
f -3128 -3126 -3124
f -3124 -3126 -3120
f -3124 -3120 -3119
f -3115 -3114 -3113
f -3113 -3114 -3112
f -3113 -3112 -3123
f -3123 -3112 -3122
f -3123 -3122 -3130
f -3130 -3122 -3121
f -3130 -3121 -3132
f -3150 -3141 -3142
f -3142 -3141 -3137
f -3142 -3137 -3136
f -3136 -3137 -3138
f -3138 -3137 -3139
f -3139 -3137 -3141
f -3139 -3141 -3140
f -3152 -3145 -3144
f -3144 -3145 -3146
f -3144 -3146 -3140
f -3683 -3684 -3685
f -3685 -3684 -3686
f -3685 -3686 -3687
f -3687 -3686 -3688
f -3687 -3688 -3689
f -3689 -3688 -3691
f -3689 -3691 -3690
f -3690 -3691 -3692
f -3697 -3696 -3699
f -3699 -3696 -3695
f -3699 -3695 -3694
f -695 -697 -696
f -696 -697 -717
f -696 -717 -715
f -715 -717 -716
f -715 -716 -714
f -637 -638 -639
f -639 -638 -640
f -639 -640 -641
f -641 -640 -642
f -641 -642 -643
f -643 -642 -644
f -643 -644 -645
f -645 -644 -646
f -645 -646 -647
f -647 -646 -648
f -647 -648 -649
f -649 -648 -650
f -649 -650 -651
f -651 -650 -652
f -651 -652 -653
f -653 -652 -654
f -653 -654 -655
f -655 -654 -656
f -655 -656 -657
f -657 -656 -658
f -657 -658 -659
f -659 -658 -660
f -659 -660 -661
f -661 -660 -662
f -661 -662 -663
f -663 -662 -664
f -663 -664 -693
f -693 -664 -692
f -693 -692 -691
f -691 -692 -690
f -691 -690 -689
f -689 -690 -688
f -689 -688 -687
f -687 -688 -686
f -687 -686 -685
f -685 -686 -684
f -685 -684 -683
f -683 -684 -682
f -683 -682 -681
f -681 -682 -680
f -681 -680 -679
f -679 -680 -678
f -679 -678 -677
f -677 -678 -676
f -677 -676 -675
f -675 -676 -674
f -675 -674 -673
f -673 -674 -672
f -673 -672 -671
f -671 -672 -670
f -671 -670 -669
f -669 -670 -668
f -669 -668 -667
f -667 -668 -666
f -667 -666 -665
f -944 -943 -945
f -945 -943 -942
f -945 -942 -941
f -949 -948 -952
f -952 -948 -947
f -952 -947 -946
f -951 -950 -952
f -952 -950 -949
f -3610 -3609 -3614
f -3614 -3609 -3608
f -3614 -3608 -3607
f -3613 -3612 -3614
f -3614 -3612 -3611
f -3614 -3611 -3610
f -762 -761 -766
f -766 -761 -760
f -766 -760 -759
f -765 -764 -766
f -766 -764 -763
f -766 -763 -762
f -923 -922 -921
f -921 -922 -920
f -921 -920 -919
f -916 -915 -918
f -918 -915 -914
f -918 -914 -913
f -770 -769 -778
f -778 -769 -768
f -778 -768 -767
f -905 -904 -906
f -906 -904 -907
f -906 -907 -909
f -909 -907 -908
f -909 -908 -910
f -773 -772 -778
f -778 -772 -771
f -778 -771 -770
f -776 -775 -778
f -778 -775 -774
f -778 -774 -773
f -926 -929 -927
f -927 -929 -928
f -927 -928 -924
f -756 -755 -758
f -758 -755 -754
f -758 -754 -767
f -889 -888 -894
f -894 -888 -887
f -894 -887 -886
f -892 -891 -894
f -894 -891 -890
f -894 -890 -889
f -786 -785 -790
f -790 -785 -784
f -790 -784 -783
f -789 -788 -790
f -790 -788 -787
f -790 -787 -786
f -860 -893 -876
f -876 -893 -894
f -876 -894 -859
f -880 -879 -894
f -894 -879 -878
f -894 -878 -877
f -883 -882 -894
f -894 -882 -881
f -894 -881 -880
f -886 -885 -894
f -894 -885 -884
f -894 -884 -883
f -875 -874 -876
f -876 -874 -873
f -876 -873 -872
f -859 -858 -876
f -876 -858 -857
f -876 -857 -856
f -860 -876 -861
f -861 -876 -862
f -865 -864 -876
f -876 -864 -863
f -876 -863 -862
f -868 -867 -876
f -876 -867 -866
f -876 -866 -865
f -871 -870 -876
f -876 -870 -869
f -876 -869 -868
f -794 -793 -799
f -799 -793 -792
f -799 -792 -791
f -797 -796 -799
f -799 -796 -795
f -799 -795 -794
f -855 -854 -853
f -853 -854 -852
f -853 -852 -851
f -851 -852 -850
f -851 -850 -849
f -849 -850 -848
f -849 -848 -847
f -847 -848 -846
f -847 -846 -845
f -845 -846 -844
f -845 -844 -843
f -843 -844 -842
f -843 -842 -841
f -841 -842 -840
f -841 -840 -839
f -839 -840 -838
f -839 -838 -837
f -837 -838 -836
f -837 -836 -835
f -835 -836 -834
f -835 -834 -833
f -833 -834 -832
f -833 -832 -831
f -831 -832 -830
f -831 -830 -829
f -829 -830 -828
f -829 -828 -827
f -827 -828 -826
f -827 -826 -825
f -825 -826 -824
f -825 -824 -823
f -823 -824 -822
f -823 -822 -821
f -821 -822 -820
f -821 -820 -819
f -819 -820 -818
f -819 -818 -817
f -817 -818 -816
f -817 -816 -815
f -815 -816 -814
f -815 -814 -813
f -813 -814 -812
f -813 -812 -811
f -811 -812 -810
f -811 -810 -809
f -809 -810 -808
f -809 -808 -807
f -807 -808 -806
f -807 -806 -805
f -805 -806 -804
f -805 -804 -803
f -803 -804 -802
f -803 -802 -801
f -4043 -4042 -4044
f -4044 -4042 -4027
f -4044 -4027 -4026
f -4026 -4027 -4025
f -4026 -4025 -4024
f -2575 -2576 -2581
f -2581 -2576 -2583
f -2581 -2583 -2582
f -2582 -2583 -2584
f -2582 -2584 -2567
f -2584 -2583 -2585
f -2585 -2583 -2576
f -2585 -2576 -2562
f -2578 -2577 -2579
f -2579 -2577 -2573
f -2579 -2573 -2574
f -2574 -2573 -2572
f -2567 -2566 -2582
f -2582 -2566 -2580
f -2582 -2580 -2581
f -2581 -2580 -2579
f -2581 -2579 -2575
f -2575 -2579 -2574
f -2572 -2573 -2571
f -2571 -2573 -2569
f -2571 -2569 -2570
f -2570 -2569 -2565
f -2593 -2594 -2600
f -2600 -2594 -2602
f -2600 -2602 -2601
f -2601 -2602 -2603
f -2601 -2603 -2598
f -2598 -2603 -2597
f -2588 -2591 -2589
f -2589 -2591 -2590
f -2589 -2590 -2586
f -2597 -2603 -2607
f -2607 -2603 -2605
f -2607 -2605 -2606
f -2606 -2605 -2604
f -2606 -2604 -2592
f -2592 -2604 -2596
f -2594 -2595 -2602
f -2602 -2595 -2604
f -2602 -2604 -2603
f -2603 -2604 -2605
f -2619 -2618 -2620
f -2620 -2618 -2614
f -2620 -2614 -2613
f -2612 -2611 -2620
f -2620 -2611 -2610
f -2620 -2610 -2609
f -4008 -4007 -4009
f -4009 -4007 -4010
f -4009 -4010 -4012
f -4012 -4010 -4011
f -4012 -4011 -4013
f -4002 -4001 -4000
f -4000 -4001 -3999
f -4000 -3999 -3998
f -3964 -3963 -3965
f -3965 -3963 -3966
f -3965 -3966 -3968
f -3968 -3966 -3967
f -3968 -3967 -3969
f -3958 -3957 -3956
f -3956 -3957 -3955
f -3956 -3955 -3954
f -2569 -2564 -2565
f -2565 -2564 -2563
f -2720 -2719 -2726
f -2726 -2719 -2718
f -2726 -2718 -2725
f -2720 -2726 -2721
f -2721 -2726 -2722
f -2721 -2722 -2717
f -4180 -4174 -4205
f -4205 -4174 -4232
f -4205 -4232 -4204
f -4204 -4232 -4234
f -4204 -4234 -4203
f -4203 -4234 -4236
f -4205 -4202 -4180
f -4180 -4202 -4200
f -4180 -4200 -4198
f -4198 -4200 -4199
f -4198 -4199 -4197
f -4197 -4199 -4196
f -4197 -4196 -4195
f -4195 -4196 -4194
f -4195 -4194 -4193
f -4193 -4194 -4192
f -4193 -4192 -4191
f -4185 -4186 -4187
f -4187 -4186 -4188
f -4187 -4188 -4191
f -4191 -4188 -4189
f -4191 -4189 -4193
f -4193 -4189 -4190
f -4193 -4190 -4195
f -4195 -4190 -4179
f -4195 -4179 -4197
f -4236 -4234 -4235
f -4235 -4234 -4233
f -4235 -4233 -4178
f -4467 -4494 -4493
f -4493 -4494 -4538
f -4493 -4538 -4492
f -4492 -4538 -4536
f -2068 -2066 -2067
f -2067 -2066 -2065
f -2067 -2065 -2059
f -2059 -2060 -2061
f -2061 -2060 -2062
f -2061 -2062 -2063
f -2063 -2062 -2064
f -2063 -2064 -2045
f -2047 -2067 -2046
f -2046 -2067 -2061
f -2046 -2061 -2063
f -2049 -2070 -2075
f -2075 -2070 -2077
f -2075 -2077 -2076
f -2076 -2077 -2048
f -2074 -2072 -2073
f -2073 -2072 -2071
f -2073 -2071 -2080
f -2080 -2071 -2050
f -2080 -2050 -2082
f -2078 -2049 -2073
f -2073 -2049 -2075
f -2073 -2075 -2074
f -2074 -2075 -2076
f -2047 -2048 -2067
f -2067 -2048 -2077
f -2067 -2077 -2068
f -2068 -2077 -2069
f -2081 -2079 -2080
f -2080 -2079 -2078
f -2080 -2078 -2073
f -4498 -4499 -4497
f -4497 -4499 -4496
f -4497 -4496 -4495
f -4499 -4500 -4501
f -4501 -4500 -4502
f -4501 -4502 -4503
f -4503 -4502 -4504
f -4503 -4504 -4505
f -4505 -4504 -4506
f -4505 -4506 -4507
f -4507 -4506 -4508
f -4507 -4508 -4478
f -4478 -4508 -4470
f -4478 -4470 -4476
f -4476 -4477 -4478
f -4478 -4477 -4479
f -4478 -4479 -4488
f -4488 -4479 -4480
f -4488 -4480 -4468
f -4469 -4489 -4487
f -4487 -4489 -4488
f -4487 -4488 -4486
f -4486 -4488 -4468
f -1919 -1918 -1922
f -1922 -1918 -1917
f -1922 -1917 -1916
f -1921 -1920 -1922
f -1922 -1920 -1919
f -4550 -4558 -4561
f -4561 -4558 -4557
f -4561 -4557 -4556
f -4562 -4560 -4561
f -4561 -4560 -4559
f -4561 -4559 -4551
f -4554 -4553 -4555
f -4555 -4553 -4552
f -4555 -4552 -4592
f -4604 -4602 -4603
f -4603 -4602 -4601
f -4603 -4601 -4544
f -4605 -4613 -4615
f -4615 -4613 -4614
f -4615 -4614 -4616
f -4601 -4602 -4600
f -4600 -4602 -4595
f -4600 -4595 -4594
f -4594 -4595 -4596
f -4597 -4599 -4598
f -4598 -4599 -4589
f -4598 -4589 -4588
f -4588 -4589 -4590
f -4781 -4780 -4779
f -4779 -4780 -4778
f -4779 -4778 -4777
f -4790 -4789 -4788
f -4788 -4789 -4787
f -4788 -4787 -4786
f -4795 -4796 -4798
f -4798 -4796 -4797
f -4798 -4797 -4799
f -4799 -4800 -4802
f -4802 -4800 -4801
f -4802 -4801 -4803
f -4808 -4806 -4807
f -4807 -4806 -4805
f -4807 -4805 -4794
f -4793 -4821 -4819
f -4819 -4821 -4820
f -4819 -4820 -4818
f -4802 -4803 -4818
f -4818 -4803 -4804
f -4818 -4804 -4816
f -4810 -4811 -4812
f -4812 -4811 -4813
f -4812 -4813 -4814
f -4814 -4813 -4815
f -4814 -4815 -4809
f -4882 -4881 -4887
f -4887 -4881 -4880
f -4887 -4880 -4894
f -4885 -4884 -4887
f -4887 -4884 -4883
f -4887 -4883 -4882
f -4911 -4910 -4913
f -4913 -4910 -4909
f -4913 -4909 -4908
f -1662 -1664 -1663
f -1663 -1664 -1665
f -1628 -1634 -1627
f -1627 -1634 -1635
f -3270 -3271 -3269
f -3269 -3271 -3251
f -3269 -3251 -3235
f -3109 -3117 -3119
f -3119 -3117 -3118
f -3119 -3118 -3124
f -3133 -3134 -3135
f -3135 -3134 -3142
f -3135 -3142 -3136
f -3707 -3709 -3708
f -3708 -3709 -3710
f -3708 -3710 -3643
f -3707 -3706 -3705
f -3705 -3706 -3704
f -3705 -3704 -3703
f -3703 -3704 -3702
f -3703 -3702 -3701
f -3701 -3702 -3700
f -3701 -3700 -3699
f -3699 -3700 -3698
f -3699 -3698 -3697
f -3699 -3694 -3693
f -3693 -3694 -3692
f -3693 -3692 -3691
f -632 -633 -634
f -634 -633 -635
f -715 -714 -713
f -713 -714 -712
f -713 -712 -711
f -711 -712 -710
f -711 -710 -709
f -709 -710 -708
f -709 -708 -707
f -707 -708 -706
f -707 -706 -705
f -705 -706 -704
f -705 -704 -703
f -703 -704 -702
f -703 -702 -701
f -701 -702 -700
f -701 -700 -699
f -699 -700 -698
f -699 -698 -732
f -732 -698 -731
f -732 -731 -730
f -730 -731 -729
f -730 -729 -728
f -728 -729 -727
f -728 -727 -726
f -726 -727 -725
f -726 -725 -724
f -724 -725 -723
f -724 -723 -722
f -722 -723 -721
f -722 -721 -720
f -720 -721 -719
f -720 -719 -718
f -718 -719 -753
f -718 -753 -751
f -751 -753 -752
f -751 -752 -750
f -751 -750 -749
f -749 -750 -748
f -749 -748 -747
f -747 -748 -746
f -747 -746 -745
f -745 -746 -744
f -745 -744 -743
f -743 -744 -742
f -743 -742 -741
f -741 -742 -740
f -741 -740 -739
f -739 -740 -738
f -739 -738 -737
f -737 -738 -736
f -737 -736 -735
f -735 -736 -734
f -735 -734 -733
f -3601 -3602 -3603
f -3603 -3602 -3604
f -940 -939 -938
f -938 -939 -937
f -938 -937 -936
f -936 -937 -935
f -936 -935 -934
f -934 -935 -933
f -934 -933 -932
f -932 -933 -931
f -932 -931 -930
f -909 -910 -911
f -911 -910 -912
f -895 -897 -896
f -896 -897 -898
f -903 -902 -901
f -901 -902 -900
f -901 -900 -899
f -899 -900 -898
f -899 -898 -897
f -3581 -3582 -3583
f -3583 -3582 -3584
f -3585 -3586 -3588
f -3588 -3586 -3590
f -3588 -3590 -3589
f -3589 -3590 -3591
f -4060 -4059 -4061
f -4061 -4059 -4028
f -4061 -4028 -4029
f -4029 -4028 -4030
f -4029 -4030 -4031
f -4031 -4030 -4032
f -4031 -4032 -4033
f -4033 -4032 -4034
f -4033 -4034 -4035
f -4035 -4034 -4036
f -4035 -4036 -4037
f -4037 -4036 -4038
f -4037 -4038 -4039
f -4039 -4038 -4040
f -4039 -4040 -4041
f -4041 -4040 -4042
f -4041 -4042 -4043
f -4059 -4058 -4057
f -4057 -4058 -4056
f -4057 -4056 -4055
f -4021 -4020 -4019
f -4019 -4020 -4018
f -4019 -4018 -4017
f -4017 -4018 -4016
f -4017 -4016 -4015
f -4015 -4016 -4014
f -4015 -4014 -4013
f -4013 -4014 -4012
f -2579 -2580 -2578
f -2578 -2580 -2566
f -2577 -2568 -2573
f -2573 -2568 -2569
f -4003 -4004 -4005
f -4005 -4004 -4006
f -3968 -3969 -3970
f -3970 -3969 -3971
f -3970 -3971 -3972
f -3972 -3971 -3973
f -3972 -3973 -3974
f -3974 -3973 -3975
f -3974 -3975 -3976
f -3976 -3975 -3977
f -3949 -3950 -3951
f -3951 -3950 -3952
f -4199 -4200 -4201
f -4201 -4200 -4202
f -4536 -4538 -4537
f -4537 -4538 -4539
f -4538 -4494 -4495
f -4495 -4494 -4497
f -4488 -4489 -4490
f -4490 -4489 -4491
f -4463 -4464 -4465
f -4465 -4464 -4466
f -1938 -1940 -1939
f -1939 -1940 -1941
f -4584 -4564 -4563
f -4563 -4564 -4562
f -4563 -4562 -4561
f -4554 -4555 -4556
f -4556 -4555 -4561
f -4603 -4605 -4604
f -4604 -4605 -4615
f -4593 -4592 -4591
f -4591 -4592 -4590
f -4591 -4590 -4589
f -4595 -4597 -4596
f -4596 -4597 -4598
f -4782 -4783 -4784
f -4784 -4783 -4785
f -4794 -4795 -4807
f -4807 -4795 -4798
f -4761 -4762 -4763
f -4763 -4762 -4764
f -4816 -4817 -4818
f -4818 -4817 -4819
f -4807 -4814 -4808
f -4808 -4814 -4809
f -4810 -4812 -4791
f -4791 -4812 -4792
f -4911 -4913 -4912
f -4912 -4913 -4915
f -4913 -4914 -4915
f -4915 -4914 -4929
f -799 -798 -797
f -797 -798 -779
f -1623 -1666 -1664
f -3265 -3255 -3254
f -694 -697 -695
f -916 -918 -917
f -776 -778 -777
f -925 -929 -926
f -756 -758 -757
f -893 -892 -894
f -871 -876 -872
f -800 -854 -855
f -2587 -2591 -2588
f -2595 -2596 -2604
f -2612 -2620 -2613
f -3997 -4000 -3998
f -3953 -3958 -3956
f -4233 -4234 -4232
f -4204 -4202 -4205
f -2059 -2061 -2067
f -2080 -2082 -2081
f -4550 -4561 -4551
f -4593 -4555 -4592
f -4885 -4887 -4886
f -4892 -4887 -4894
f -1639 -1640 -1638
f -3160 -3161 -3159
f -3262 -3242 -3241
f -3264 -3259 -3258
f -3233 -3274 -3234
f -3268 -3270 -3269
f -3225 -3230 -3231
f -3126 -3127 -3125
f -3130 -3132 -3131
f -3145 -3147 -3146
f -3709 -3711 -3710
f -3707 -3708 -3706
f -636 -638 -637
f -3586 -3587 -3590
f -3590 -3592 -3591
f -4059 -4060 -4058
f -2598 -2599 -2601
f -2606 -2608 -2607
f -4186 -4173 -4188
f -4538 -4540 -4539
f -2044 -2063 -2045
f -2077 -2070 -2069
f -4498 -4500 -4499
f -1940 -1942 -1941
f -4799 -4802 -4798
f -4914 -4924 -4929
f -780 -782 -781
f -4765 -4769 -4770
f -4823 -4828 -4824
f -1660 -1661 -1659
f -1659 -1661 -1631
f -1659 -1631 -1629
f -1629 -1631 -1630
f -1629 -1630 -1632
f -1642 -1643 -1650
f -1650 -1643 -1644
f -1650 -1644 -1648
f -1625 -1621 -1647
f -1647 -1621 -1646
f -1647 -1646 -1645
f -1645 -1646 -1644
f -1645 -1644 -1643
f -1647 -1636 -1625
f -1625 -1636 -1638
f -1625 -1638 -1640
f -1649 -1658 -1650
f -1650 -1658 -1651
f -1650 -1651 -1642
f -3341 -3343 -3342
f -3342 -3343 -3344
f -3342 -3344 -3324
f -3324 -3344 -3331
f -3324 -3331 -3323
f -6 -7 -8
f -8 -7 -9
f -8 -9 -10
f -10 -9 -11
f -10 -11 -12
f -12 -11 -13
f -12 -13 -14
f -14 -13 -15
f -14 -15 -16
f -16 -15 -17
f -16 -17 -18
f -18 -17 -19
f -18 -19 -20
f -20 -19 -21
f -20 -21 -22
f -22 -21 -23
f -22 -23 -24
f -24 -23 -25
f -24 -25 -26
f -26 -25 -27
f -26 -27 -28
f -28 -27 -29
f -28 -29 -30
f -30 -29 -31
f -30 -31 -32
f -32 -31 -33
f -32 -33 -62
f -62 -33 -61
f -62 -61 -60
f -60 -61 -59
f -60 -59 -58
f -58 -59 -57
f -58 -57 -56
f -56 -57 -55
f -56 -55 -54
f -54 -55 -53
f -54 -53 -52
f -52 -53 -51
f -52 -51 -50
f -50 -51 -49
f -50 -49 -48
f -48 -49 -47
f -48 -47 -46
f -46 -47 -45
f -46 -45 -44
f -44 -45 -43
f -44 -43 -42
f -42 -43 -41
f -42 -41 -40
f -40 -41 -39
f -40 -39 -38
f -38 -39 -37
f -38 -37 -36
f -36 -37 -35
f -36 -35 -34
f -3311 -3312 -3310
f -3310 -3312 -3317
f -3310 -3317 -3319
f -3319 -3317 -3318
f -3319 -3318 -3320
f -64 -66 -65
f -65 -66 -86
f -65 -86 -84
f -84 -86 -85
f -84 -85 -83
f -3306 -3307 -3321
f -3321 -3307 -3319
f -3321 -3319 -3320
f -3314 -3316 -3315
f -3315 -3316 -3317
f -3315 -3317 -3312
f -3356 -3351 -3358
f -3358 -3351 -3352
f -3358 -3352 -3353
f -3353 -3352 -3354
f -3353 -3354 -3350
f -3345 -3355 -3357
f -3357 -3355 -3356
f -3357 -3356 -3358
f -3329 -3330 -3357
f -3357 -3330 -3344
f -3357 -3344 -3345
f -3345 -3344 -3343
f -3329 -3357 -3359
f -3359 -3357 -3358
f -3359 -3358 -3360
f -3360 -3358 -3339
f -3202 -3201 -3205
f -3205 -3201 -3206
f -3205 -3206 -3221
f -3221 -3206 -3219
f -3221 -3219 -3220
f -3220 -3219 -3218
f -3220 -3222 -3221
f -3221 -3222 -3223
f -3221 -3223 -3205
f -3205 -3223 -3204
f -3205 -3204 -3203
f -3201 -3200 -3206
f -3206 -3200 -3207
f -3206 -3207 -3219
f -3219 -3207 -3217
f -3219 -3217 -3218
f -3218 -3217 -3216
f -3193 -3194 -3195
f -3195 -3194 -3212
f -3195 -3212 -3196
f -3196 -3212 -3210
f -3196 -3210 -3197
f -3197 -3210 -3208
f -3197 -3208 -3198
f -3198 -3208 -3207
f -3198 -3207 -3199
f -3199 -3207 -3200
f -3163 -3183 -3164
f -3164 -3183 -3181
f -3164 -3181 -3165
f -3165 -3181 -3188
f -3165 -3188 -3155
f -3155 -3188 -3190
f -3155 -3190 -3170
f -3170 -3190 -3171
f -3170 -3171 -3169
f -3182 -3180 -3181
f -3181 -3180 -3179
f -3181 -3179 -3168
f -3166 -3186 -3188
f -3188 -3186 -3187
f -3188 -3187 -3189
f -3191 -3154 -3190
f -3190 -3154 -3173
f -3190 -3173 -3172
f -3172 -3173 -3158
f -3172 -3158 -3157
f -1804 -1805 -1814
f -1814 -1805 -1806
f -1814 -1806 -1800
f -1800 -1813 -1814
f -1814 -1813 -1812
f -1814 -1812 -1804
f -1835 -1837 -1836
f -1836 -1837 -1838
f -1836 -1838 -1810
f -1835 -1836 -1834
f -1834 -1836 -1811
f -1834 -1811 -1812
f -3216 -3217 -3215
f -3215 -3217 -3209
f -226 -225 -228
f -228 -225 -224
f -228 -224 -229
f -228 -229 -230
f -230 -229 -232
f -230 -232 -231
f -231 -232 -251
f -215 -214 -213
f -213 -214 -212
f -213 -212 -211
f -211 -212 -210
f -211 -210 -209
f -209 -210 -208
f -209 -208 -207
f -207 -208 -206
f -207 -206 -205
f -205 -206 -204
f -205 -204 -203
f -203 -204 -202
f -203 -202 -201
f -201 -202 -200
f -201 -200 -199
f -199 -200 -198
f -199 -198 -197
f -197 -198 -196
f -197 -196 -195
f -195 -196 -194
f -195 -194 -193
f -193 -194 -192
f -193 -192 -191
f -191 -192 -190
f -191 -190 -189
f -189 -190 -188
f -189 -188 -187
f -187 -188 -186
f -187 -186 -185
f -185 -186 -184
f -185 -184 -183
f -183 -184 -182
f -183 -182 -181
f -181 -182 -180
f -181 -180 -179
f -179 -180 -178
f -179 -178 -177
f -177 -178 -176
f -177 -176 -175
f -175 -176 -174
f -175 -174 -173
f -173 -174 -172
f -173 -172 -171
f -171 -172 -170
f -171 -170 -169
f -169 -170 -168
f -169 -168 -167
f -167 -168 -166
f -167 -166 -165
f -165 -166 -164
f -165 -164 -163
f -163 -164 -162
f -163 -162 -161
f -3104 -3106 -3105
f -3105 -3106 -3107
f -3105 -3107 -3100
f -251 -252 -253
f -253 -252 -254
f -253 -254 -250
f -250 -254 -249
f -250 -249 -248
f -259 -258 -257
f -257 -258 -256
f -257 -256 -255
f -263 -262 -265
f -265 -262 -261
f -265 -261 -260
f -238 -237 -241
f -241 -237 -236
f -241 -236 -235
f -240 -239 -241
f -241 -239 -238
f -246 -245 -250
f -250 -245 -244
f -250 -244 -243
f -248 -247 -250
f -250 -247 -246
f -219 -218 -242
f -242 -218 -217
f -242 -217 -216
f -222 -221 -242
f -242 -221 -220
f -242 -220 -219
f -1315 -1395 -1317
f -1317 -1395 -1396
f -1317 -1396 -1323
f -1341 -1384 -1382
f -1382 -1384 -1383
f -1382 -1383 -1381
f -304 -303 -305
f -305 -303 -302
f -305 -302 -301
f -1384 -1348 -1340
f -1340 -1348 -1310
f -1340 -1310 -1388
f -297 -300 -298
f -298 -300 -299
f -298 -299 -295
f -309 -308 -312
f -312 -308 -307
f -312 -307 -306
f -311 -310 -312
f -312 -310 -309
f -1356 -1355 -1357
f -1357 -1355 -1324
f -1357 -1324 -1329
f -1315 -1317 -1369
f -1369 -1317 -1371
f -1369 -1371 -1370
f -1373 -1374 -1375
f -1375 -1374 -1376
f -1375 -1376 -1317
f -1317 -1376 -1316
f -1317 -1316 -1371
f -1391 -1313 -1314
f -1314 -1313 -1380
f -1314 -1380 -1312
f -1312 -1380 -1381
f -2918 -2916 -2917
f -2917 -2916 -2915
f -2917 -2915 -2914
f -138 -142 -141
f -141 -142 -143
f -141 -143 -137
f -137 -136 -141
f -141 -136 -135
f -141 -135 -134
f -138 -141 -139
f -139 -141 -140
f -2904 -2905 -2903
f -2903 -2905 -2886
f -2903 -2886 -2888
f -2888 -2886 -2885
f -2888 -2885 -2884
f -130 -129 -141
f -141 -129 -128
f -141 -128 -127
f -133 -132 -141
f -141 -132 -131
f -141 -131 -130
f -126 -125 -141
f -141 -125 -124
f -141 -124 -123
f -2895 -2893 -2894
f -2894 -2893 -2892
f -2894 -2892 -2887
f -2887 -2892 -2901
f -2887 -2901 -2903
f -2903 -2901 -2902
f -2903 -2902 -2904
f -2893 -2897 -2892
f -2892 -2897 -2899
f -2892 -2899 -2901
f -2901 -2899 -2900
f -2901 -2900 -2902
f -146 -145 -159
f -159 -145 -144
f -159 -144 -143
f -149 -148 -159
f -159 -148 -147
f -159 -147 -146
f -2895 -2894 -2896
f -2896 -2894 -2889
f -2896 -2889 -2890
f -2890 -2889 -2888
f -2890 -2888 -2884
f -152 -151 -159
f -159 -151 -150
f -159 -150 -149
f -155 -154 -159
f -159 -154 -153
f -159 -153 -152
f -158 -157 -159
f -159 -157 -156
f -159 -156 -155
f -438 -437 -442
f -442 -437 -436
f -442 -436 -435
f -441 -440 -442
f -442 -440 -439
f -442 -439 -438
f -451 -450 -452
f -452 -450 -449
f -452 -449 -448
f -445 -444 -452
f -452 -444 -443
f -452 -443 -459
f -448 -447 -452
f -452 -447 -446
f -452 -446 -445
f -397 -396 -398
f -398 -396 -377
f -398 -377 -378
f -378 -377 -376
f -378 -376 -375
f -3675 -3673 -3674
f -3674 -3673 -3672
f -3674 -3672 -3670
f -3670 -3672 -3671
f -3670 -3671 -3669
f -3664 -3663 -3665
f -3665 -3663 -3659
f -3665 -3659 -3658
f -3669 -3667 -3668
f -3668 -3667 -3666
f -3668 -3666 -3662
f -3662 -3666 -3648
f -3662 -3648 -3647
f -3644 -3660 -3662
f -3662 -3660 -3661
f -3662 -3661 -3663
f -3647 -3646 -3662
f -3662 -3646 -3645
f -3662 -3645 -3644
f -318 -319 -320
f -320 -319 -321
f -320 -321 -322
f -322 -321 -323
f -322 -323 -324
f -324 -323 -325
f -324 -325 -326
f -326 -325 -327
f -326 -327 -328
f -328 -327 -329
f -328 -329 -330
f -330 -329 -331
f -330 -331 -332
f -332 -331 -333
f -332 -333 -334
f -334 -333 -335
f -334 -335 -336
f -336 -335 -337
f -336 -337 -338
f -338 -337 -339
f -338 -339 -340
f -340 -339 -341
f -340 -341 -342
f -342 -341 -343
f -342 -343 -344
f -344 -343 -345
f -344 -345 -374
f -374 -345 -373
f -374 -373 -372
f -372 -373 -371
f -372 -371 -370
f -370 -371 -369
f -370 -369 -368
f -368 -369 -367
f -368 -367 -366
f -366 -367 -365
f -366 -365 -364
f -364 -365 -363
f -364 -363 -362
f -362 -363 -361
f -362 -361 -360
f -360 -361 -359
f -360 -359 -358
f -358 -359 -357
f -358 -357 -356
f -356 -357 -355
f -356 -355 -354
f -354 -355 -353
f -354 -353 -352
f -352 -353 -351
f -352 -351 -350
f -350 -351 -349
f -350 -349 -348
f -348 -349 -347
f -348 -347 -346
f -1357 -1329 -1327
f -1327 -1329 -1328
f -1327 -1328 -1326
f -1334 -1333 -1332
f -1332 -1333 -1331
f -1332 -1331 -1330
f -1330 -1331 -1349
f -1330 -1349 -1326
f -1326 -1349 -1325
f -1326 -1325 -1327
f -1309 -1320 -1345
f -1345 -1320 -1344
f -1345 -1344 -1346
f -3753 -3751 -3752
f -3752 -3751 -3750
f -3752 -3750 -3748
f -3748 -3750 -3749
f -3748 -3749 -3747
f -3743 -3741 -3742
f -3742 -3741 -3740
f -3742 -3740 -3739
f -3739 -3740 -3738
f -3739 -3738 -3737
f -3737 -3738 -3736
f -3737 -3736 -3735
f -1348 -1349 -1310
f -1310 -1349 -1331
f -1325 -1349 -1320
f -1320 -1349 -1342
f -1320 -1342 -1344
f -531 -530 -529
f -529 -530 -528
f -529 -528 -527
f -527 -528 -526
f -527 -526 -525
f -525 -526 -524
f -525 -524 -523
f -523 -524 -522
f -523 -522 -521
f -521 -522 -520
f -521 -520 -519
f -519 -520 -518
f -519 -518 -517
f -517 -518 -516
f -517 -516 -515
f -515 -516 -514
f -515 -514 -513
f -513 -514 -512
f -513 -512 -511
f -511 -512 -510
f -511 -510 -509
f -509 -510 -508
f -509 -508 -507
f -507 -508 -506
f -507 -506 -505
f -505 -506 -504
f -505 -504 -503
f -503 -504 -502
f -503 -502 -501
f -501 -502 -500
f -501 -500 -499
f -499 -500 -498
f -499 -498 -497
f -497 -498 -496
f -497 -496 -495
f -495 -496 -494
f -495 -494 -493
f -493 -494 -492
f -493 -492 -491
f -491 -492 -490
f -491 -490 -489
f -489 -490 -488
f -489 -488 -487
f -487 -488 -486
f -487 -486 -485
f -485 -486 -484
f -485 -484 -483
f -483 -484 -482
f -483 -482 -481
f -481 -482 -480
f -481 -480 -479
f -479 -480 -478
f -479 -478 -477
f -538 -537 -565
f -565 -537 -536
f -565 -536 -535
f -541 -540 -565
f -565 -540 -539
f -565 -539 -538
f -544 -543 -565
f -565 -543 -542
f -565 -542 -541
f -535 -534 -565
f -565 -534 -533
f -565 -533 -532
f -551 -550 -570
f -570 -550 -549
f -570 -549 -548
f -554 -553 -570
f -570 -553 -552
f -570 -552 -551
f -557 -556 -570
f -570 -556 -555
f -570 -555 -554
f -560 -559 -570
f -570 -559 -558
f -570 -558 -557
f -563 -562 -570
f -570 -562 -561
f -570 -561 -560
f -566 -565 -570
f -570 -565 -564
f -570 -564 -563
f -569 -568 -570
f -570 -568 -567
f -570 -567 -566
f -547 -546 -565
f -565 -546 -545
f -565 -545 -544
f -578 -577 -576
f -576 -577 -575
f -576 -575 -574
f -581 -584 -582
f -582 -584 -583
f -582 -583 -579
f -3857 -3858 -3859
f -3859 -3858 -3860
f -3859 -3860 -3861
f -3861 -3860 -3862
f -3861 -3862 -3856
f -462 -475 -473
f -473 -475 -474
f -473 -474 -472
f -469 -471 -470
f -470 -471 -472
f -470 -472 -461
f -465 -464 -470
f -470 -464 -463
f -470 -463 -468
f -467 -466 -470
f -470 -466 -465
f -459 -458 -460
f -460 -458 -457
f -460 -457 -456
f -456 -455 -460
f -460 -455 -454
f -460 -454 -453
f -3881 -3880 -3882
f -3882 -3880 -3884
f -3882 -3884 -3883
f -3883 -3884 -3885
f -3891 -3890 -3894
f -3894 -3890 -3889
f -3894 -3889 -3888
f -3893 -3892 -3894
f -3894 -3892 -3891
f -3903 -3904 -3905
f -3905 -3904 -3906
f -3905 -3906 -3907
f -3907 -3906 -3908
f -3907 -3908 -3909
f -3909 -3908 -3910
f -3909 -3910 -3912
f -3912 -3910 -3911
f -3912 -3911 -3913
f -3500 -3502 -3501
f -3501 -3502 -3507
f -3501 -3507 -3509
f -3509 -3507 -3508
f -3509 -3508 -3510
f -3506 -3507 -3505
f -3505 -3507 -3503
f -3505 -3503 -3504
f -3511 -3513 -3512
f -3512 -3513 -3518
f -3512 -3518 -3520
f -3520 -3518 -3519
f -3520 -3519 -3521
f -623 -622 -625
f -625 -622 -621
f -625 -621 -620
f -3517 -3518 -3516
f -3516 -3518 -3514
f -3516 -3514 -3515
f -617 -616 -619
f -619 -616 -615
f -619 -615 -614
f -629 -628 -631
f -631 -628 -627
f -631 -627 -626
f -3495 -3496 -3494
f -3494 -3496 -3492
f -3494 -3492 -3493
f -3495 -3497 -3496
f -3496 -3497 -3498
f -3496 -3498 -3490
f -3438 -3436 -3437
f -3437 -3436 -3435
f -3437 -3435 -3434
f -3434 -3435 -3433
f -3434 -3433 -3432
f -3432 -3433 -3431
f -3432 -3431 -3430
f -3424 -3423 -3429
f -3429 -3423 -3422
f -3429 -3422 -3421
f -3425 -3429 -3427
f -3427 -3429 -3428
f -3427 -3428 -3426
f -3636 -3642 -3640
f -3640 -3642 -3641
f -3640 -3641 -3639
f -3649 -3650 -3651
f -3651 -3650 -3652
f -3651 -3652 -3653
f -3653 -3652 -3655
f -3653 -3655 -3654
f -3654 -3655 -3656
f -3559 -3558 -3557
f -3557 -3558 -3556
f -3557 -3556 -3555
f -3564 -3563 -3562
f -3562 -3563 -3561
f -3562 -3561 -3560
f -3538 -3539 -3537
f -3537 -3539 -3535
f -3537 -3535 -3536
f -3538 -3540 -3539
f -3539 -3540 -3541
f -3539 -3541 -3533
f -2483 -2494 -2492
f -2492 -2494 -2493
f -2492 -2493 -2491
f -2480 -2489 -2491
f -2491 -2489 -2490
f -2491 -2490 -2492
f -4133 -4124 -4135
f -4135 -4124 -4126
f -4135 -4126 -4127
f -4127 -4126 -4125
f -4127 -4125 -4121
f -4129 -4128 -4136
f -4136 -4128 -4134
f -4136 -4134 -4135
f -4135 -4134 -4133
f -2485 -2484 -2492
f -2492 -2484 -2483
f -4130 -4129 -4138
f -4138 -4129 -4136
f -4138 -4136 -4137
f -4137 -4136 -4135
f -4137 -4135 -4127
f -4142 -4145 -4143
f -4143 -4145 -4144
f -4143 -4144 -4140
f -4127 -4122 -4137
f -4137 -4122 -4139
f -4137 -4139 -4138
f -4138 -4139 -4131
f -4138 -4131 -4130
f -4155 -4154 -4162
f -4162 -4154 -4160
f -4162 -4160 -4161
f -4161 -4160 -4159
f -4161 -4159 -4152
f -4152 -4159 -4147
f -4152 -4147 -4150
f -4161 -4152 -4153
f -4153 -4152 -4151
f -4153 -4151 -4148
f -4162 -4161 -4163
f -4163 -4161 -4153
f -4163 -4153 -4149
f -4149 -4153 -4148
f -4149 -4148 -4146
f -4149 -4165 -4163
f -4163 -4165 -4164
f -4163 -4164 -4162
f -4162 -4164 -4155
f -2382 -2380 -2381
f -2381 -2380 -2379
f -2381 -2379 -2377
f -2377 -2379 -2376
f -2377 -2376 -2375
f -2375 -2376 -2374
f -2375 -2374 -2373
f -2373 -2374 -2372
f -2373 -2372 -2371
f -2522 -2523 -2525
f -2525 -2523 -2524
f -2525 -2524 -2526
f -2526 -2517 -2528
f -2528 -2517 -2516
f -2528 -2516 -2530
f -2513 -2512 -2520
f -2520 -2512 -2511
f -2520 -2511 -2510
f -2518 -2515 -2520
f -2520 -2515 -2514
f -2520 -2514 -2513
f -3947 -3945 -3946
f -3946 -3945 -3944
f -3946 -3944 -3933
f -3933 -3944 -3932
f -3933 -3932 -3931
f -2552 -2553 -2554
f -2554 -2553 -2555
f -2554 -2555 -2556
f -2556 -2555 -2557
f -2556 -2557 -2558
f -2558 -2557 -2559
f -2558 -2559 -2560
f -2560 -2559 -2561
f -2560 -2561 -2551
f -2551 -2561 -2550
f -2551 -2550 -2549
f -2549 -2550 -2548
f -2549 -2548 -2547
f -2547 -2548 -2546
f -2547 -2546 -2545
f -2545 -2546 -2544
f -2545 -2544 -2543
f -3930 -3929 -3933
f -3933 -3929 -3928
f -3933 -3928 -3927
f -3939 -3937 -3938
f -3938 -3937 -3936
f -3938 -3936 -3935
f -2537 -2536 -2554
f -2554 -2536 -2535
f -2554 -2535 -2552
f -2540 -2539 -2554
f -2554 -2539 -2538
f -2554 -2538 -2537
f -2542 -2541 -2554
f -2554 -2541 -2540
f -4317 -4318 -4316
f -4316 -4318 -4315
f -4316 -4315 -4314
f -4314 -4315 -4313
f -4314 -4313 -4312
f -4312 -4313 -4311
f -4312 -4311 -4310
f -4310 -4311 -4309
f -4310 -4309 -4308
f -4308 -4309 -4307
f -4308 -4307 -4306
f -4271 -4296 -4297
f -4297 -4296 -4303
f -4297 -4303 -4301
f -4301 -4303 -4302
f -4301 -4302 -4300
f -4300 -4302 -4266
f -4300 -4266 -4267
f -4267 -4298 -4300
f -4300 -4298 -4299
f -4300 -4299 -4301
f -4301 -4299 -4242
f -4301 -4242 -4297
f -4353 -4352 -4351
f -4351 -4352 -4350
f -4351 -4350 -4349
f -4349 -4350 -4348
f -4349 -4348 -4347
f -4347 -4348 -4346
f -4347 -4346 -4345
f -4337 -4336 -4335
f -4335 -4336 -4334
f -4335 -4334 -4333
f -4333 -4334 -4332
f -4333 -4332 -4331
f -4331 -4332 -4330
f -4331 -4330 -4329
f -4329 -4330 -4328
f -4329 -4328 -4327
f -4327 -4328 -4326
f -4327 -4326 -4325
f -4325 -4326 -4324
f -4325 -4324 -4323
f -4323 -4324 -4322
f -4323 -4322 -4321
f -4321 -4322 -4320
f -4321 -4320 -4319
f -4319 -4320 -4318
f -4319 -4318 -4317
f -4342 -4341 -4340
f -4340 -4341 -4339
f -4340 -4339 -4338
f -2725 -2724 -2738
f -2738 -2724 -2723
f -2738 -2723 -2737
f -2725 -2738 -2726
f -2726 -2738 -2727
f -4371 -4370 -4372
f -4372 -4370 -4363
f -4372 -4363 -4362
f -4362 -4363 -4361
f -4362 -4361 -4360
f -4360 -4361 -4359
f -4360 -4359 -4358
f -2746 -2744 -2745
f -2745 -2744 -2743
f -2745 -2743 -2742
f -2742 -2743 -2741
f -2742 -2741 -2740
f -2732 -2731 -2739
f -2739 -2731 -2730
f -2739 -2730 -2729
f -2735 -2734 -2739
f -2739 -2734 -2733
f -2739 -2733 -2732
f -2738 -2737 -2739
f -2739 -2737 -2736
f -2739 -2736 -2735
f -4390 -4389 -4398
f -4398 -4389 -4396
f -4398 -4396 -4397
f -4397 -4396 -4395
f -4397 -4395 -4384
f -4384 -4395 -4385
f -4384 -4385 -4386
f -4386 -4385 -4387
f -4386 -4387 -4380
f -2757 -2751 -2752
f -2752 -2751 -2753
f -2752 -2753 -2755
f -2755 -2753 -2754
f -2755 -2754 -2756
f -2752 -2755 -2757
f -2757 -2755 -2756
f -2757 -2756 -2758
f -4383 -4382 -4384
f -4384 -4382 -4381
f -4384 -4381 -4399
f -2780 -2761 -2762
f -2762 -2761 -2760
f -2762 -2760 -2759
f -4397 -4399 -4398
f -4398 -4399 -4391
f -4398 -4391 -4390
f -4389 -4388 -4396
f -4396 -4388 -4394
f -4396 -4394 -4395
f -4395 -4394 -4393
f -4395 -4393 -4387
f -4415 -4414 -4423
f -4423 -4414 -4421
f -4423 -4421 -4422
f -4422 -4421 -4420
f -4422 -4420 -4409
f -4409 -4420 -4407
f -4409 -4407 -4408
f -4408 -4407 -4406
f -4402 -4405 -4403
f -4403 -4405 -4404
f -4403 -4404 -4400
f -4408 -4410 -4409
f -4409 -4410 -4411
f -4409 -4411 -4424
f -4406 -4407 -4418
f -4418 -4407 -4420
f -4418 -4420 -4419
f -4419 -4420 -4421
f -4419 -4421 -4413
f -4413 -4421 -4414
f -4422 -4424 -4423
f -4423 -4424 -4416
f -4423 -4416 -4415
f -4220 -4219 -4221
f -4221 -4219 -4215
f -4221 -4215 -4214
f -4214 -4215 -4177
f -4214 -4177 -4212
f -4220 -4218 -4219
f -4219 -4218 -4217
f -4219 -4217 -4215
f -4216 -4175 -4224
f -4224 -4175 -4226
f -4224 -4226 -4225
f -4225 -4226 -4227
f -4225 -4227 -4229
f -4229 -4227 -4228
f -4229 -4228 -4230
f -2762 -2779 -2780
f -2780 -2779 -2781
f -2780 -2781 -2771
f -2770 -2769 -2780
f -2780 -2769 -2768
f -2780 -2768 -2767
f -4207 -4209 -4208
f -4208 -4209 -4210
f -4208 -4210 -4181
f -4207 -4208 -4206
f -4206 -4208 -4183
f -4212 -4210 -4211
f -4211 -4210 -4209
f -4211 -4209 -4176
f -4214 -4212 -4213
f -4213 -4212 -4211
f -4213 -4211 -4176
f -2790 -2799 -2797
f -2797 -2799 -2798
f -2797 -2798 -2796
f -4169 -4172 -4170
f -4170 -4172 -4171
f -4170 -4171 -4166
f -4263 -4270 -4264
f -4264 -4270 -4265
f -4264 -4265 -4259
f -4241 -4269 -4270
f -4270 -4269 -4268
f -4270 -4268 -4265
f -2829 -2830 -2831
f -2831 -2830 -2832
f -2831 -2832 -2833
f -2833 -2832 -2834
f -2833 -2834 -2835
f -2835 -2834 -2837
f -2835 -2837 -2836
f -2836 -2837 -2838
f -2851 -2850 -2855
f -2855 -2850 -2849
f -2855 -2849 -2848
f -2854 -2853 -2855
f -2855 -2853 -2852
f -2855 -2852 -2851
f -2858 -2857 -2866
f -2866 -2857 -2856
f -2866 -2856 -2881
f -2861 -2860 -2866
f -2866 -2860 -2859
f -2866 -2859 -2858
f -4236 -4235 -4237
f -4237 -4235 -4231
f -4237 -4231 -4230
f -4230 -4231 -4229
f -4256 -4240 -4261
f -4261 -4240 -4262
f -4261 -4262 -4260
f -4260 -4262 -4264
f -4260 -4264 -4259
f -2878 -2879 -2877
f -2877 -2879 -2876
f -2877 -2876 -2875
f -2875 -2876 -2874
f -2875 -2874 -2873
f -2873 -2874 -2872
f -2873 -2872 -2871
f -2871 -2872 -2870
f -2871 -2870 -2869
f -2869 -2870 -2868
f -2869 -2868 -2867
f -4256 -4257 -4255
f -4255 -4257 -4251
f -4255 -4251 -4252
f -4256 -4261 -4257
f -4257 -4261 -4258
f -4257 -4258 -4250
f -2903 -2888 -2887
f -2887 -2888 -2889
f -2887 -2889 -2894
f -2051 -2052 -2082
f -2082 -2052 -2084
f -2082 -2084 -2083
f -2083 -2084 -2085
f -2052 -2053 -2084
f -2084 -2053 -2054
f -2084 -2054 -2086
f -2086 -2054 -2055
f -2057 -2056 -2095
f -2095 -2056 -2093
f -2095 -2093 -2094
f -2094 -2093 -2092
f -2092 -2093 -2091
f -2091 -2093 -2054
f -2091 -2054 -2053
f -4457 -4458 -4459
f -4459 -4458 -4460
f -4459 -4460 -4461
f -4461 -4460 -4462
f -4461 -4462 -4453
f -4435 -4434 -4437
f -4437 -4434 -4457
f -4437 -4457 -4459
f -4456 -4455 -4454
f -4454 -4455 -4461
f -4454 -4461 -4453
f -4439 -4446 -4440
f -4440 -4446 -4441
f -4440 -4441 -4432
f -4438 -4448 -4446
f -4446 -4448 -4447
f -4446 -4447 -4445
f -4445 -4443 -4444
f -4444 -4443 -4442
f -4444 -4442 -4437
f -4437 -4442 -4436
f -4437 -4436 -4435
f -4427 -4429 -4430
f -4430 -4429 -4431
f -4430 -4431 -4428
f -4626 -4625 -4632
f -4632 -4625 -4624
f -4632 -4624 -4630
f -4636 -4637 -4638
f -4638 -4637 -4639
f -4638 -4639 -4648
f -4648 -4639 -4647
f -4648 -4647 -4646
f -4646 -4647 -4645
f -4646 -4645 -4644
f -4644 -4645 -4643
f -4644 -4643 -4642
f -4642 -4643 -4641
f -4642 -4641 -4640
f -4640 -4641 -4651
f -4640 -4651 -4653
f -4653 -4651 -4652
f -4653 -4652 -4654
f -4653 -4654 -4656
f -4656 -4654 -4655
f -4656 -4655 -4657
f -4620 -4663 -4665
f -4665 -4663 -4664
f -4665 -4664 -4666
f -4666 -4664 -4658
f -4666 -4658 -4659
f -4659 -4658 -4657
f -4623 -4622 -4678
f -4678 -4622 -4621
f -4678 -4621 -4681
f -1924 -1923 -1926
f -1926 -1923 -1958
f -1926 -1958 -1959
f -4676 -4675 -4674
f -4674 -4675 -4673
f -4674 -4673 -4672
f -4672 -4673 -4677
f -4672 -4677 -4679
f -4679 -4677 -4678
f -4679 -4678 -4681
f -4667 -4668 -4669
f -4669 -4668 -4670
f -4669 -4670 -4671
f -4671 -4670 -4675
f -4671 -4675 -4676
f -1941 -1942 -1943
f -1943 -1942 -1944
f -1943 -1944 -1945
f -1945 -1944 -1946
f -1945 -1946 -1947
f -1947 -1946 -1948
f -1947 -1948 -1949
f -1949 -1948 -1950
f -1949 -1950 -1926
f -1926 -1950 -1925
f -1926 -1925 -1924
f -2275 -2274 -2277
f -2277 -2274 -2273
f -2277 -2273 -2272
f -4734 -4735 -4733
f -4733 -4735 -4732
f -4733 -4732 -4730
f -4730 -4732 -4731
f -4730 -4731 -4729
f -4688 -4745 -4743
f -4743 -4745 -4744
f -4743 -4744 -4742
f -4742 -4744 -4741
f -4742 -4741 -4740
f -4740 -4741 -4739
f -4740 -4739 -4738
f -4738 -4739 -4737
f -4738 -4737 -4736
f -4736 -4737 -4735
f -4736 -4735 -4734
f -2265 -2258 -2264
f -2264 -2258 -2257
f -2264 -2257 -2260
f -2261 -2263 -2262
f -2262 -2263 -2264
f -2262 -2264 -2260
f -4719 -4720 -4722
f -4722 -4720 -4721
f -4722 -4721 -4723
f -4715 -4717 -4716
f -4716 -4717 -4718
f -4716 -4718 -4691
f -4723 -4693 -4727
f -4727 -4693 -4692
f -4727 -4692 -4725
f -4690 -4699 -4716
f -4716 -4699 -4698
f -4716 -4698 -4697
f -2299 -2300 -2298
f -2298 -2300 -2296
f -2298 -2296 -2295
f -2304 -2303 -2305
f -2305 -2303 -2300
f -2305 -2300 -2301
f -2301 -2300 -2299
f -4712 -4714 -4713
f -4713 -4714 -4696
f -4713 -4696 -4689
f -4689 -4696 -4694
f -2301 -2302 -2305
f -2305 -2302 -2307
f -2305 -2307 -2306
f -2306 -2307 -2308
f -2281 -2280 -2288
f -2288 -2280 -2279
f -2288 -2279 -2278
f -2284 -2283 -2288
f -2288 -2283 -2282
f -2288 -2282 -2281
f -2287 -2286 -2288
f -2288 -2286 -2285
f -2288 -2285 -2284
f -2294 -2296 -2297
f -2297 -2296 -2300
f -2297 -2300 -2303
f -4682 -4683 -4681
f -4681 -4683 -4680
f -4681 -4680 -4679
f -2302 -2327 -2307
f -2307 -2327 -2329
f -2307 -2329 -2308
f -2308 -2329 -2309
f -4757 -4755 -4756
f -4756 -4755 -4754
f -4756 -4754 -4700
f -4747 -4748 -4750
f -4750 -4748 -4749
f -4750 -4749 -4751
f -4769 -4768 -4771
f -4771 -4768 -4767
f -4771 -4767 -4766
f -4776 -4775 -4774
f -4774 -4775 -4773
f -4774 -4773 -4772
f -4830 -4838 -4831
f -4831 -4838 -4832
f -4831 -4832 -4829
f -4830 -4836 -4838
f -4838 -4836 -4837
f -4838 -4837 -4839
f -4839 -4840 -4842
f -4842 -4840 -4841
f -4842 -4841 -4843
f -4825 -4828 -4826
f -4826 -4828 -4827
f -4826 -4827 -4822
f -4854 -4855 -4856
f -4856 -4855 -4857
f -4856 -4857 -4858
f -4858 -4857 -4859
f -4858 -4859 -4853
f -4842 -4843 -4844
f -4844 -4843 -4845
f -4844 -4845 -4847
f -4847 -4845 -4846
f -4847 -4846 -4848
f -4852 -4850 -4851
f -4851 -4850 -4849
f -4851 -4849 -4835
f -4835 -4834 -4851
f -4851 -4834 -4833
f -2196 -2195 -2230
f -2230 -2195 -2232
f -2230 -2232 -2231
f -2231 -2232 -2233
f -4892 -4894 -4893
f -4893 -4894 -4895
f -4893 -4895 -4879
f -4879 -4895 -4878
f -4879 -4878 -4877
f -4875 -4874 -4879
f -4879 -4874 -4873
f -4879 -4873 -4872
f -4877 -4876 -4879
f -4879 -4876 -4875
f -2193 -2194 -2223
f -2223 -2194 -2222
f -2223 -2222 -2221
f -2221 -2222 -2220
f -2221 -2220 -2219
f -2219 -2220 -2218
f -2219 -2218 -2217
f -2217 -2218 -2216
f -2217 -2216 -2215
f -2215 -2216 -2214
f -2215 -2214 -2213
f -2213 -2214 -2212
f -2213 -2212 -2211
f -2211 -2212 -2210
f -2211 -2210 -2236
f -2236 -2210 -2235
f -2236 -2235 -2234
f -2234 -2235 -2233
f -2234 -2233 -2232
f -4889 -4902 -4900
f -4900 -4902 -4901
f -4900 -4901 -4899
f -4907 -4906 -4905
f -4905 -4906 -4904
f -4905 -4904 -4903
f -4918 -4917 -4922
f -4922 -4917 -4916
f -4922 -4916 -4921
f -4920 -4919 -4922
f -4922 -4919 -4918
f -4921 -4928 -4923
f -4923 -4928 -4929
f -4923 -4929 -4926
f -4926 -4929 -4924
f -4926 -4924 -4925
f -2187 -2208 -2190
f -2190 -2208 -2209
f -4938 -4937 -4936
f -4936 -4937 -4935
f -4936 -4935 -4934
f -4934 -4935 -4933
f -4934 -4933 -4932
f -3302 -3301 -3300
f -3300 -3301 -3299
f -3300 -3299 -3298
f -3298 -3299 -3297
f -3298 -3297 -3296
f -3296 -3297 -3295
f -3281 -3282 -3283
f -3283 -3282 -3284
f -3283 -3284 -3285
f -3285 -3284 -3286
f -3285 -3286 -3287
f -3287 -3286 -3288
f -3287 -3288 -3289
f -3289 -3288 -3290
f -3289 -3290 -3291
f -3291 -3290 -3292
f -3291 -3292 -3293
f -3293 -3292 -3294
f -3275 -3276 -3277
f -3277 -3276 -3278
f -3277 -3278 -3279
f -3279 -3278 -3280
f -1636 -1637 -1638
f -1638 -1637 -1639
f -84 -83 -82
f -82 -83 -81
f -82 -81 -80
f -80 -81 -79
f -80 -79 -78
f -78 -79 -77
f -78 -77 -76
f -76 -77 -75
f -76 -75 -74
f -74 -75 -73
f -74 -73 -72
f -72 -73 -71
f -72 -71 -70
f -70 -71 -69
f -70 -69 -68
f -68 -69 -67
f -68 -67 -101
f -101 -67 -100
f -101 -100 -99
f -99 -100 -98
f -99 -98 -97
f -97 -98 -96
f -97 -96 -95
f -95 -96 -94
f -95 -94 -93
f -93 -94 -92
f -93 -92 -91
f -91 -92 -90
f -91 -90 -89
f -89 -90 -88
f -89 -88 -87
f -87 -88 -122
f -87 -122 -120
f -120 -122 -121
f -120 -121 -119
f -3337 -3338 -3353
f -3353 -3338 -3339
f -3353 -3339 -3358
f -1734 -1735 -1736
f -1736 -1735 -1737
f -1 -2 -3
f -3 -2 -4
f -1738 -1739 -1740
f -1740 -1739 -1741
f -1740 -1741 -1742
f -1742 -1741 -1743
f -1742 -1743 -1744
f -1744 -1743 -1745
f -1744 -1745 -1746
f -1746 -1745 -1747
f -1746 -1747 -1748
f -1748 -1747 -1749
f -1748 -1749 -1750
f -1750 -1749 -1751
f -1750 -1751 -1752
f -1752 -1751 -1753
f -1752 -1753 -1754
f -1754 -1753 -1755
f -1754 -1755 -1756
f -1756 -1755 -1757
f -1756 -1757 -1758
f -1758 -1757 -1759
f -1758 -1759 -1760
f -1760 -1759 -1761
f -1760 -1761 -1762
f -1762 -1761 -1763
f -1762 -1763 -1764
f -1764 -1763 -1765
f -1764 -1765 -1766
f -1766 -1765 -1767
f -1766 -1767 -1768
f -1768 -1767 -1769
f -1768 -1769 -1770
f -1770 -1769 -1771
f -1770 -1771 -1772
f -1772 -1771 -1773
f -3214 -3213 -3212
f -3212 -3213 -3211
f -3212 -3211 -3210
f -3210 -3211 -3209
f -3210 -3209 -3208
f -3208 -3209 -3217
f -3208 -3217 -3207
f -3166 -3188 -3167
f -3167 -3188 -3181
f -3167 -3181 -3168
f -3188 -3189 -3190
f -3190 -3189 -3191
f -1774 -1775 -1776
f -1776 -1775 -1777
f -3214 -3212 -3192
f -3192 -3212 -3194
f -1862 -1861 -1860
f -1860 -1861 -1859
f -1860 -1859 -1858
f -1858 -1859 -1857
f -226 -228 -227
f -227 -228 -233
f -1444 -1445 -1446
f -1446 -1445 -1447
f -1446 -1447 -1448
f -1448 -1447 -1449
f -1448 -1449 -1450
f -1450 -1449 -1451
f -1450 -1451 -1452
f -1452 -1451 -1453
f -3092 -3093 -3094
f -3094 -3093 -3095
f -1474 -1475 -1476
f -1476 -1475 -1477
f -1476 -1477 -1478
f -1478 -1477 -1479
f -1478 -1479 -1480
f -1480 -1479 -1481
f -1480 -1481 -1482
f -1482 -1481 -1483
f -1482 -1483 -1484
f -1484 -1483 -1485
f -3101 -3102 -3103
f -3103 -3102 -3104
f -3103 -3104 -3105
f -1433 -1432 -1431
f -1431 -1432 -1430
f -1431 -1430 -1429
f -1429 -1430 -1428
f -1429 -1428 -1427
f -1427 -1428 -1426
f -1427 -1426 -1425
f -1425 -1426 -1424
f -1425 -1424 -1423
f -1423 -1424 -1422
f -1412 -1413 -1414
f -1414 -1413 -1415
f -1414 -1415 -1416
f -1416 -1415 -1417
f -1416 -1417 -1418
f -1418 -1417 -1419
f -1418 -1419 -1420
f -1420 -1419 -1421
f -228 -241 -233
f -233 -241 -234
f -250 -243 -242
f -242 -243 -223
f -242 -223 -222
f -283 -282 -281
f -281 -282 -280
f -281 -280 -279
f -279 -280 -278
f -279 -278 -277
f -277 -278 -276
f -277 -276 -275
f -1400 -1401 -1402
f -1402 -1401 -1403
f -1402 -1403 -1404
f -1404 -1403 -1405
f -1404 -1405 -1406
f -1406 -1405 -1407
f -1406 -1407 -1408
f -1408 -1407 -1409
f -1408 -1409 -1410
f -1410 -1409 -1411
f -274 -273 -272
f -272 -273 -271
f -272 -271 -270
f -270 -271 -269
f -270 -269 -268
f -268 -269 -267
f -268 -267 -266
f -294 -293 -292
f -292 -293 -291
f -292 -291 -290
f -290 -291 -289
f -290 -289 -288
f -288 -289 -287
f -288 -287 -286
f -286 -287 -285
f -286 -285 -284
f -1311 -1304 -1305
f -1305 -1304 -1385
f -1305 -1385 -1386
f -1386 -1385 -1387
f -1386 -1387 -1388
f -1388 -1387 -1389
f -1388 -1389 -1340
f -1374 -1372 -1308
f -1308 -1372 -1320
f -1308 -1320 -1309
f -1345 -1346 -1347
f -1347 -1346 -1367
f -1347 -1367 -1368
f -1368 -1367 -1369
f -1368 -1369 -1370
f -313 -314 -315
f -315 -314 -316
f -1355 -1354 -1353
f -1353 -1354 -1352
f -1353 -1352 -1351
f -1351 -1352 -1333
f -1351 -1333 -1334
f -120 -119 -118
f -118 -119 -117
f -118 -117 -116
f -116 -117 -115
f -116 -115 -114
f -114 -115 -113
f -114 -113 -112
f -112 -113 -111
f -112 -111 -110
f -110 -111 -109
f -110 -109 -108
f -108 -109 -107
f -108 -107 -106
f -106 -107 -105
f -106 -105 -104
f -104 -105 -103
f -104 -103 -102
f -1338 -1339 -1314
f -1314 -1339 -1390
f -1314 -1390 -1391
f -1594 -1595 -1596
f -1596 -1595 -1597
f -1596 -1597 -1598
f -1598 -1597 -1599
f -1598 -1599 -1600
f -1600 -1599 -1601
f -1600 -1601 -1602
f -1602 -1601 -1603
f -1498 -1499 -1500
f -1500 -1499 -1501
f -1500 -1501 -1502
f -1502 -1501 -1503
f -1502 -1503 -1504
f -1504 -1503 -1505
f -1504 -1505 -1506
f -1506 -1505 -1507
f -1506 -1507 -1508
f -1508 -1507 -1509
f -1510 -1511 -1512
f -1512 -1511 -1513
f -1512 -1513 -1514
f -1514 -1513 -1515
f -1514 -1515 -1516
f -1516 -1515 -1517
f -1516 -1517 -1518
f -1518 -1517 -1519
f -1518 -1519 -1520
f -1520 -1519 -1521
f -1497 -1496 -1495
f -1495 -1496 -1494
f -1495 -1494 -1493
f -1493 -1494 -1492
f -1493 -1492 -1491
f -1491 -1492 -1490
f -1491 -1490 -1489
f -1489 -1490 -1488
f -1489 -1488 -1487
f -1487 -1488 -1486
f -2928 -2929 -2930
f -2930 -2929 -2931
f -2930 -2931 -2932
f -2932 -2931 -2933
f -2932 -2933 -2934
f -2934 -2933 -2935
f -2927 -2926 -2925
f -2925 -2926 -2924
f -2925 -2924 -2923
f -2923 -2924 -2922
f -2923 -2922 -2921
f -2921 -2922 -2920
f -2921 -2920 -2919
f -2919 -2920 -2918
f -2919 -2918 -2917
f -2912 -2911 -2910
f -2910 -2911 -2909
f -2910 -2909 -2908
f -2908 -2909 -2907
f -2883 -2900 -2898
f -2898 -2900 -2899
f -2898 -2899 -2897
f -2896 -2890 -2891
f -2891 -2890 -2884
f -434 -433 -432
f -432 -433 -431
f -432 -431 -430
f -430 -431 -429
f -430 -429 -428
f -428 -429 -427
f -428 -427 -426
f -426 -427 -425
f -426 -425 -424
f -424 -425 -423
f -424 -423 -422
f -422 -423 -421
f -422 -421 -420
f -420 -421 -419
f -420 -419 -418
f -418 -419 -417
f -418 -417 -416
f -416 -417 -415
f -416 -415 -414
f -432 -399 -434
f -434 -399 -400
f -396 -395 -394
f -394 -395 -393
f -394 -393 -392
f -392 -393 -391
f -392 -391 -390
f -390 -391 -389
f -390 -389 -388
f -388 -389 -387
f -388 -387 -386
f -386 -387 -385
f -386 -385 -384
f -384 -385 -383
f -384 -383 -382
f -382 -383 -381
f -382 -381 -380
f -380 -381 -379
f -380 -379 -413
f -413 -379 -412
f -413 -412 -411
f -411 -412 -410
f -411 -410 -409
f -409 -410 -408
f -409 -408 -407
f -407 -408 -406
f -407 -406 -405
f -405 -406 -404
f -405 -404 -403
f -403 -404 -402
f -403 -402 -401
f -401 -402 -400
f -401 -400 -399
f -3684 -3683 -3682
f -3682 -3683 -3681
f -3682 -3681 -3680
f -3680 -3681 -3679
f -3680 -3679 -3678
f -3678 -3679 -3677
f -3678 -3677 -3676
f -3676 -3677 -3675
f -3676 -3675 -3674
f -3766 -3765 -3764
f -3764 -3765 -3763
f -3764 -3763 -3762
f -3762 -3763 -3761
f -3762 -3761 -3760
f -3760 -3761 -3759
f -3760 -3759 -3758
f -3758 -3759 -3757
f -3758 -3757 -3756
f -3756 -3757 -3755
f -3756 -3755 -3754
f -3754 -3755 -3753
f -3754 -3753 -3752
f -3775 -3776 -3777
f -3777 -3776 -3778
f -3777 -3778 -3779
f -3779 -3778 -3780
f -3779 -3780 -3781
f -3781 -3780 -3782
f -1305 -1314 -1311
f -1311 -1314 -1312
f -3789 -3788 -3787
f -3787 -3788 -3786
f -3787 -3786 -3785
f -3785 -3786 -3805
f -3785 -3805 -3803
f -3803 -3805 -3804
f -3803 -3804 -3802
f -3748 -3747 -3746
f -3746 -3747 -3745
f -3746 -3745 -3744
f -3744 -3745 -3743
f -3744 -3743 -3742
f -3840 -3839 -3838
f -3838 -3839 -3837
f -3838 -3837 -3836
f -3836 -3837 -3835
f -3836 -3835 -3834
f -3834 -3835 -3833
f -3834 -3833 -3832
f -3832 -3833 -3831
f -3832 -3831 -3830
f -3830 -3831 -3829
f -3830 -3829 -3828
f -3828 -3829 -3827
f -3828 -3827 -3826
f -3826 -3827 -3825
f -3826 -3825 -3824
f -3824 -3825 -3823
f -3824 -3823 -3822
f -3822 -3823 -3821
f -3822 -3821 -3820
f -3820 -3821 -3819
f -3820 -3819 -3818
f -3818 -3819 -3817
f -3818 -3817 -3816
f -3816 -3817 -3815
f -3816 -3815 -3814
f -3814 -3815 -3813
f -3814 -3813 -3812
f -3812 -3813 -3811
f -3812 -3811 -3810
f -3810 -3811 -3809
f -3810 -3809 -3808
f -3808 -3809 -3807
f -3808 -3807 -3806
f -3806 -3807 -3783
f -3803 -3802 -3801
f -3801 -3802 -3800
f -3801 -3800 -3799
f -3799 -3800 -3798
f -3799 -3798 -3797
f -3797 -3798 -3796
f -3797 -3796 -3795
f -3795 -3796 -3794
f -3795 -3794 -3793
f -3793 -3794 -3792
f -3793 -3792 -3791
f -3791 -3792 -3790
f -3791 -3790 -3838
f -3838 -3790 -3840
f -3841 -3842 -3843
f -3843 -3842 -3844
f -3850 -3848 -3849
f -3849 -3848 -3847
f -3849 -3847 -3845
f -3864 -3865 -3866
f -3866 -3865 -3867
f -3866 -3867 -3868
f -3868 -3867 -3869
f -3853 -3852 -3851
f -3851 -3852 -3850
f -3851 -3850 -3849
f -3878 -3877 -3876
f -3876 -3877 -3875
f -3876 -3875 -3874
f -3874 -3875 -3873
f -3874 -3873 -3872
f -3894 -3888 -3887
f -3887 -3888 -3908
f -3887 -3908 -3906
f -3912 -3913 -3914
f -3914 -3913 -3915
f -3914 -3915 -3916
f -3916 -3915 -3917
f -3527 -3525 -3526
f -3526 -3525 -3524
f -3526 -3524 -3522
f -3526 -3528 -3527
f -3527 -3528 -3529
f -3528 -3530 -3529
f -3529 -3530 -3531
f -604 -605 -606
f -606 -605 -607
f -606 -607 -608
f -608 -607 -609
f -608 -609 -610
f -610 -609 -611
f -610 -611 -612
f -612 -611 -613
f -603 -602 -601
f -601 -602 -600
f -601 -600 -599
f -599 -600 -598
f -599 -598 -597
f -597 -598 -596
f -597 -596 -595
f -3490 -3491 -3496
f -3496 -3491 -3492
f -585 -586 -587
f -587 -586 -588
f -587 -588 -589
f -589 -588 -590
f -589 -590 -591
f -591 -590 -592
f -591 -592 -593
f -593 -592 -594
f -3420 -3441 -3439
f -3439 -3441 -3440
f -3439 -3440 -3438
f -3428 -3429 -3430
f -3430 -3429 -3432
f -3623 -3624 -3625
f -3625 -3624 -3626
f -3625 -3626 -3627
f -3627 -3626 -3628
f -3635 -3634 -3633
f -3633 -3634 -3632
f -3633 -3632 -3631
f -3631 -3632 -3630
f -3637 -3638 -3639
f -3639 -3638 -3640
f -3655 -3657 -3656
f -3656 -3657 -3658
f -3547 -3548 -3549
f -3549 -3548 -3550
f -3551 -3552 -3553
f -3553 -3552 -3554
f -3533 -3534 -3539
f -3539 -3534 -3535
f -4133 -4134 -4132
f -4132 -4134 -4128
f -4123 -4125 -4124
f -4124 -4125 -4126
f -4159 -4160 -4158
f -4158 -4160 -4154
f -4155 -4164 -4156
f -4156 -4164 -4157
f -4062 -4064 -4063
f -4063 -4064 -4065
f -4022 -4024 -4023
f -4023 -4024 -4025
f -2534 -2533 -2532
f -2532 -2533 -2531
f -2532 -2531 -2530
f -2530 -2531 -2529
f -2530 -2529 -2528
f -2525 -2526 -2527
f -2527 -2526 -2528
f -2518 -2520 -2519
f -2519 -2520 -2521
f -2520 -2522 -2521
f -2521 -2522 -2525
f -3938 -3940 -3939
f -3939 -3940 -3941
f -3940 -3942 -3941
f -3941 -3942 -3943
f -3942 -3944 -3943
f -3943 -3944 -3945
f -4354 -4355 -4356
f -4356 -4355 -4357
f -4304 -4336 -4305
f -4305 -4336 -4337
f -4373 -4375 -4374
f -4374 -4375 -4376
f -4375 -4377 -4376
f -4376 -4377 -4378
f -4378 -4377 -4379
f -4379 -4377 -4364
f -4379 -4364 -4365
f -4365 -4364 -4366
f -4365 -4366 -4367
f -4367 -4366 -4368
f -4367 -4368 -4369
f -4369 -4368 -4370
f -4369 -4370 -4371
f -2749 -2748 -2747
f -2747 -2748 -2746
f -2747 -2746 -2745
f -4393 -4394 -4392
f -4392 -4394 -4388
f -4418 -4419 -4417
f -4417 -4419 -4413
f -4225 -4223 -4224
f -4224 -4223 -4222
f -4224 -4222 -4216
f -4216 -4222 -4217
f -4216 -4217 -4218
f -2797 -2796 -2795
f -2795 -2796 -2794
f -2795 -2794 -2793
f -2793 -2794 -2792
f -2793 -2792 -2791
f -2791 -2792 -2808
f -2791 -2808 -2806
f -2806 -2808 -2807
f -2806 -2807 -2805
f -4181 -4182 -4208
f -4208 -4182 -4183
f -2821 -2820 -2819
f -2819 -2820 -2818
f -2819 -2818 -2817
f -2817 -2818 -2816
f -2817 -2816 -2815
f -2815 -2816 -2814
f -2815 -2814 -2813
f -2813 -2814 -2812
f -2813 -2812 -2811
f -2811 -2812 -2810
f -2811 -2810 -2809
f -2809 -2810 -2828
f -2809 -2828 -2826
f -2826 -2828 -2827
f -2826 -2827 -2825
f -2819 -2800 -2821
f -2821 -2800 -2801
f -2822 -2824 -2823
f -2823 -2824 -2825
f -2800 -2802 -2801
f -2801 -2802 -2803
f -2802 -2804 -2803
f -2803 -2804 -2805
f -2837 -2839 -2838
f -2838 -2839 -2840
f -4269 -4298 -4268
f -4268 -4298 -4267
f -2879 -2880 -2881
f -2881 -2880 -2882
f -2881 -2882 -2866
f -4239 -4253 -4254
f -4254 -4253 -4252
f -4254 -4252 -4238
f -4533 -4532 -4531
f -4531 -4532 -4530
f -4531 -4530 -4529
f -4539 -4540 -4541
f -4541 -4540 -4542
f -2054 -2093 -2055
f -2055 -2093 -2056
f -4456 -4449 -4455
f -4455 -4449 -4450
f -4455 -4450 -4451
f -4451 -4450 -4452
f -4630 -4631 -4632
f -4632 -4631 -4633
f -4632 -4633 -4634
f -4634 -4633 -4636
f -4634 -4636 -4635
f -4635 -4636 -4638
f -4629 -4628 -4627
f -4627 -4628 -4626
f -4627 -4626 -4632
f -4649 -4650 -4651
f -4651 -4650 -4652
f -4664 -4663 -4662
f -4662 -4663 -4661
f -4662 -4661 -4660
f -4660 -4661 -4667
f -4660 -4667 -4669
f -4609 -4610 -4611
f -4611 -4610 -4612
f -4615 -4616 -4617
f -4617 -4616 -4618
f -2288 -2278 -2277
f -2277 -2278 -2276
f -2277 -2276 -2275
f -4744 -4745 -4746
f -4746 -4745 -4747
f -4746 -4747 -4750
f -4717 -4719 -4718
f -4718 -4719 -4722
f -2259 -2261 -2260
f -2260 -2261 -2262
f -4725 -4726 -4727
f -4727 -4726 -4728
f -4727 -4728 -4729
f -4729 -4728 -4730
f -2245 -2246 -2247
f -2247 -2246 -2248
f -2247 -2248 -2249
f -2249 -2248 -2250
f -2249 -2250 -2251
f -2251 -2250 -2252
f -2251 -2252 -2253
f -2253 -2252 -2254
f -2253 -2254 -2255
f -2255 -2254 -2256
f -4722 -4723 -4724
f -4724 -4723 -4727
f -4700 -4701 -4756
f -4756 -4701 -4702
f -4756 -4702 -4703
f -4703 -4702 -4704
f -4703 -4704 -4705
f -4705 -4704 -4706
f -4705 -4706 -4707
f -4707 -4706 -4708
f -4707 -4708 -4709
f -4709 -4708 -4710
f -4709 -4710 -4711
f -4711 -4710 -4712
f -4711 -4712 -4713
f -4694 -4696 -4695
f -4695 -4696 -4697
f -4686 -4685 -4684
f -4684 -4685 -4683
f -4684 -4683 -4682
f -4760 -4759 -4758
f -4758 -4759 -4757
f -4758 -4757 -4756
f -4750 -4751 -4752
f -4752 -4751 -4753
f -4860 -4861 -4862
f -4862 -4861 -4863
f -4864 -4865 -4866
f -4866 -4865 -4867
f -4868 -4869 -4870
f -4870 -4869 -4871
f -4847 -4848 -4856
f -4856 -4848 -4854
f -4851 -4858 -4852
f -4852 -4858 -4853
f -2111 -2127 -2125
f -2125 -2127 -2126
f -2125 -2126 -2124
f -2125 -2124 -2123
f -2123 -2124 -2122
f -2123 -2122 -2121
f -2121 -2116 -2123
f -2123 -2116 -2117
f -4900 -4899 -4898
f -4898 -4899 -4897
f -4898 -4897 -4896
f -4896 -4897 -4895
f -4896 -4895 -4894
f -2237 -2238 -2239
f -2239 -2238 -2240
f -2241 -2242 -2243
f -2243 -2242 -2244
f -4890 -4892 -4891
f -4891 -4892 -4893
f -2209 -2208 -2207
f -2207 -2208 -2206
f -2207 -2206 -2205
f -2205 -2206 -2204
f -2205 -2204 -2203
f -2203 -2204 -2202
f -2203 -2202 -2201
f -2201 -2202 -2200
f -2201 -2200 -2199
f -2199 -2200 -2198
f -2199 -2198 -2197
f -2197 -2198 -2196
f -2197 -2196 -2230
f -4928 -4930 -4929
f -4929 -4930 -4931
f -4930 -4937 -4931
f -4931 -4937 -4938
f -3303 -3305 -3304
f -1649 -1650 -1648
f -1645 -1636 -1647
f -63 -66 -64
f -3304 -3307 -3306
f -3181 -3183 -3182
f -3156 -3172 -3157
f -160 -214 -215
f -263 -265 -264
f -241 -235 -234
f -1348 -1384 -1341
f -296 -300 -297
f -133 -141 -134
f -126 -141 -127
f -1321 -1317 -1323
f -476 -530 -531
f -580 -584 -581
f -3861 -3857 -3859
f -469 -470 -468
f -623 -625 -624
f -617 -619 -618
f -629 -631 -630
f -3424 -3429 -3425
f -2480 -2491 -2481
f -4141 -4145 -4142
f -4151 -4152 -4150
f -4164 -4165 -4157
f -3930 -3933 -3931
f -3926 -3933 -3927
f -4344 -4352 -4353
f -4343 -4347 -4345
f -2728 -2739 -2729
f -4387 -4385 -4395
f -4383 -4384 -4386
f -4397 -4384 -4399
f -4401 -4405 -4402
f -4409 -4424 -4422
f -2770 -2780 -2771
f -4168 -4172 -4169
f -4241 -4270 -4263
f -2861 -2866 -2862
f -4231 -4235 -4178
f -4261 -4260 -4258
f -4263 -4264 -4262
f -4438 -4446 -4439
f -4425 -4430 -4428
f -2263 -2265 -2264
f -4690 -4716 -4691
f -2328 -2329 -2327
f -4769 -4771 -4770
f -4824 -4828 -4825
f -3311 -3313 -3312
f -3307 -3310 -3319
f -3320 -3322 -3321
f -3316 -3318 -3317
f -3341 -3342 -3340
f -3330 -3331 -3344
f -5 -7 -6
f -3205 -3203 -3202
f -3190 -3172 -3171
f -1812 -1813 -1834
f -3222 -3224 -3223
f -1837 -1839 -1838
f -1810 -1811 -1836
f -3106 -3108 -3107
f -232 -252 -251
f -1380 -1382 -1381
f -1374 -1373 -1372
f -317 -319 -318
f -1355 -1356 -1354
f -2917 -2914 -2913
f -142 -159 -143
f -2904 -2906 -2905
f -396 -397 -395
f -3668 -3670 -3669
f -3657 -3665 -3658
f -3663 -3664 -3662
f -3735 -3729 -3737
f -3839 -3784 -3837
f -3858 -3854 -3860
f -3855 -3861 -3856
f -3853 -3846 -3852
f -471 -473 -472
f -3878 -3871 -3877
f -3882 -3883 -3881
f -3865 -3863 -3867
f -3872 -3870 -3874
f -459 -460 -452
f -3884 -3886 -3885
f -3880 -3879 -3884
f -3506 -3508 -3507
f -3502 -3503 -3507
f -3513 -3514 -3518
f -3517 -3519 -3518
f -3524 -3525 -3523
f -3497 -3499 -3498
f -3437 -3439 -3438
f -3633 -3629 -3635
f -3540 -3542 -3541
f -3530 -3532 -3531
f -4121 -4122 -4127
f -2381 -2383 -2382
f -2532 -2509 -2534
f -3946 -3948 -3947
f -3938 -3935 -3934
f -4295 -4303 -4296
f -2753 -2751 -2750
f -4410 -4412 -4411
f -4213 -4221 -4214
f -4226 -4228 -4227
f -2824 -2826 -2825
f -4182 -4184 -4183
f -2790 -2797 -2789
f -2804 -2806 -2805
f -2839 -2841 -2840
f -2878 -2880 -2879
f -4252 -4253 -4255
f -4250 -4251 -4257
f -2082 -2083 -2081
f -2084 -2086 -2085
f -2051 -2082 -2050
f -4444 -4446 -4445
f -4432 -4433 -4440
f -4631 -4619 -4633
f -4657 -4658 -4656
f -4696 -4716 -4697
f -2305 -2306 -2304
f -4701 -4687 -4702
f -4839 -4842 -4838
f -4889 -4900 -4888
f -4921 -4923 -4922
f -4925 -4927 -4926
f -571 -573 -572
f -2842 -2844 -2843
