mtllib T.mtl
usemtl AXIS
v 0.479088 -0.021180 0.739300
v 0.478722 -0.021122 0.739296
v 0.480000 -0.021161 0.739296
v 0.478725 -0.021085 0.739285
v 0.480000 -0.021124 0.739285
v 0.478727 -0.021050 0.739266
v 0.480000 -0.021089 0.739266
v 0.478729 -0.021020 0.739241
v 0.480000 -0.021059 0.739241
v 0.478730 -0.020995 0.739211
v 0.480000 -0.021034 0.739211
v 0.478731 -0.020977 0.739176
v 0.480000 -0.021015 0.739176
v 0.478732 -0.020966 0.739139
v 0.480000 -0.021004 0.739139
v 0.479084 -0.020980 0.739100
v 0.480000 -0.021000 0.739100
v 0.479084 0.020980 0.739100
v 0.478732 0.020966 0.739139
v 0.480000 0.021004 0.739139
v 0.478731 0.020977 0.739176
v 0.480000 0.021015 0.739176
v 0.478730 0.020995 0.739211
v 0.480000 0.021034 0.739211
v 0.478729 0.021020 0.739241
v 0.480000 0.021059 0.739241
v 0.478727 0.021050 0.739266
v 0.480000 0.021089 0.739266
v 0.478725 0.021085 0.739285
v 0.480000 0.021124 0.739285
v 0.478722 0.021122 0.739296
v 0.480000 0.021161 0.739296
v 0.479088 0.021180 0.739300
v 0.480000 0.021200 0.739300
v 0.478178 0.021122 0.739300
v 0.477449 0.021007 0.739296
v 0.477454 0.020970 0.739285
v 0.477458 0.020935 0.739266
v 0.477462 0.020905 0.739241
v 0.477465 0.020880 0.739211
v 0.477467 0.020862 0.739176
v 0.477468 0.020851 0.739139
v 0.477271 0.021024 0.739300
v 0.476186 0.020814 0.739296
v 0.476192 0.020778 0.739285
v 0.476199 0.020744 0.739266
v 0.476204 0.020714 0.739241
v 0.476209 0.020689 0.739211
v 0.476212 0.020671 0.739176
v 0.476214 0.020660 0.739139
v 0.475473 0.020711 0.739300
v 0.474936 0.020546 0.739296
v 0.474945 0.020510 0.739285
v 0.474953 0.020476 0.739266
v 0.474960 0.020447 0.739241
v 0.474966 0.020423 0.739211
v 0.474971 0.020405 0.739176
v 0.474973 0.020394 0.739139
v 0.474587 0.020497 0.739300
v 0.473705 0.020203 0.739296
v 0.473716 0.020167 0.739285
v 0.473726 0.020134 0.739266
v 0.473735 0.020105 0.739241
v 0.473742 0.020081 0.739211
v 0.473748 0.020064 0.739176
v 0.473751 0.020053 0.739139
v 0.472845 0.019956 0.739300
v 0.472496 0.019786 0.739296
v 0.472510 0.019751 0.739285
v 0.472522 0.019719 0.739266
v 0.472533 0.019690 0.739241
v 0.472541 0.019667 0.739211
v 0.472548 0.019650 0.739176
v 0.472552 0.019639 0.739139
v 0.471993 0.019630 0.739300
v 0.471315 0.019297 0.739296
v 0.471331 0.019263 0.739285
v 0.471345 0.019231 0.739266
v 0.471357 0.019203 0.739241
v 0.471367 0.019181 0.739211
v 0.471375 0.019164 0.739176
v 0.471380 0.019153 0.739139
v 0.471155 0.019267 0.739300
v 0.470166 0.018737 0.739296
v 0.470183 0.018704 0.739285
v 0.470199 0.018673 0.739266
v 0.470214 0.018646 0.739241
v 0.470225 0.018624 0.739211
v 0.470234 0.018608 0.739176
v 0.470239 0.018598 0.739139
v 0.469532 0.018435 0.739300
v 0.469053 0.018109 0.739296
v 0.469072 0.018077 0.739285
v 0.469090 0.018048 0.739266
v 0.469106 0.018021 0.739241
v 0.469118 0.018000 0.739211
v 0.469128 0.017984 0.739176
v 0.469134 0.017975 0.739139
v 0.468749 0.017968 0.739300
v 0.467979 0.017415 0.739296
v 0.468001 0.017384 0.739285
v 0.468020 0.017356 0.739266
v 0.468037 0.017331 0.739241
v 0.468051 0.017310 0.739211
v 0.468062 0.017295 0.739176
v 0.468068 0.017286 0.739139
v 0.467246 0.016934 0.739300
v 0.466950 0.016658 0.739296
v 0.466973 0.016628 0.739285
v 0.466994 0.016601 0.739266
v 0.467013 0.016577 0.739241
v 0.467028 0.016557 0.739211
v 0.467040 0.016543 0.739176
v 0.467047 0.016534 0.739139
v 0.466529 0.016370 0.739300
v 0.465968 0.015839 0.739296
v 0.465993 0.015811 0.739285
v 0.466015 0.015785 0.739266
v 0.466036 0.015763 0.739241
v 0.466052 0.015744 0.739211
v 0.466064 0.015730 0.739176
v 0.466072 0.015722 0.739139
v 0.465837 0.015775 0.739300
v 0.465037 0.014963 0.739296
v 0.465063 0.014937 0.739285
v 0.465088 0.014912 0.739266
v 0.465109 0.014891 0.739241
v 0.465127 0.014873 0.739211
v 0.465140 0.014860 0.739176
v 0.465148 0.014852 0.739139
v 0.465813 0.015483 0.739100
v 0.465151 0.014849 0.739100
v 0.464533 0.014499 0.739300
v 0.464161 0.014032 0.739296
v 0.464189 0.014007 0.739285
v 0.464215 0.013985 0.739266
v 0.464237 0.013964 0.739241
v 0.464256 0.013948 0.739211
v 0.464270 0.013936 0.739176
v 0.464278 0.013928 0.739139
v 0.463924 0.013820 0.739300
v 0.463342 0.013050 0.739296
v 0.463372 0.013027 0.739285
v 0.463399 0.013006 0.739266
v 0.463423 0.012987 0.739241
v 0.463443 0.012972 0.739211
v 0.463457 0.012961 0.739176
v 0.463466 0.012954 0.739139
v 0.462795 0.012387 0.739300
v 0.462585 0.012021 0.739296
v 0.462616 0.012000 0.739285
v 0.462644 0.011980 0.739266
v 0.462669 0.011963 0.739241
v 0.462690 0.011948 0.739211
v 0.462705 0.011938 0.739176
v 0.462714 0.011932 0.739139
v 0.462278 0.011636 0.739300
v 0.461891 0.010947 0.739296
v 0.461923 0.010928 0.739285
v 0.461953 0.010910 0.739266
v 0.461978 0.010894 0.739241
v 0.462000 0.010882 0.739211
v 0.462016 0.010872 0.739176
v 0.462025 0.010866 0.739139
v 0.461794 0.010862 0.739300
v 0.461263 0.009834 0.739296
v 0.461296 0.009817 0.739285
v 0.461327 0.009801 0.739266
v 0.461354 0.009786 0.739241
v 0.461376 0.009775 0.739211
v 0.461392 0.009766 0.739176
v 0.461402 0.009761 0.739139
v 0.460928 0.009257 0.739300
v 0.460703 0.008685 0.739296
v 0.460738 0.008669 0.739285
v 0.460769 0.008655 0.739266
v 0.460797 0.008643 0.739241
v 0.460819 0.008632 0.739211
v 0.460836 0.008625 0.739176
v 0.460847 0.008620 0.739139
v 0.460547 0.008428 0.739300
v 0.460214 0.007504 0.739296
v 0.460249 0.007490 0.739285
v 0.460282 0.007478 0.739266
v 0.460310 0.007467 0.739241
v 0.460333 0.007459 0.739211
v 0.460350 0.007452 0.739176
v 0.460361 0.007448 0.739139
v 0.459895 0.006724 0.739300
v 0.459797 0.006295 0.739296
v 0.459833 0.006284 0.739285
v 0.459866 0.006274 0.739266
v 0.459895 0.006265 0.739241
v 0.459919 0.006258 0.739211
v 0.459936 0.006252 0.739176
v 0.459947 0.006249 0.739139
v 0.459624 0.005853 0.739300
v 0.459454 0.005064 0.739296
v 0.459490 0.005055 0.739285
v 0.459524 0.005047 0.739266
v 0.459553 0.005040 0.739241
v 0.459577 0.005034 0.739211
v 0.459595 0.005029 0.739176
v 0.459606 0.005027 0.739139
v 0.459391 0.004971 0.739300
v 0.459186 0.003814 0.739296
v 0.459223 0.003808 0.739285
v 0.459257 0.003801 0.739266
v 0.459286 0.003796 0.739241
v 0.459311 0.003791 0.739211
v 0.459329 0.003788 0.739176
v 0.459340 0.003786 0.739139
v 0.459040 0.003181 0.739300
v 0.458993 0.002551 0.739296
v 0.459031 0.002546 0.739285
v 0.459065 0.002542 0.739266
v 0.459095 0.002538 0.739241
v 0.459120 0.002535 0.739211
v 0.459138 0.002533 0.739176
v 0.459149 0.002532 0.739139
v 0.458923 0.002276 0.739300
v 0.458878 0.001278 0.739296
v 0.458915 0.001275 0.739285
v 0.458950 0.001273 0.739266
v 0.458980 0.001271 0.739241
v 0.459005 0.001270 0.739211
v 0.459023 0.001269 0.739176
v 0.459034 0.001268 0.739139
v 0.458805 0.000456 0.739300
v 0.458839 0.000000 0.739296
v 0.458877 0.000000 0.739285
v 0.458911 0.000000 0.739266
v 0.458941 0.000000 0.739241
v 0.458966 0.000000 0.739211
v 0.458985 0.000000 0.739176
v 0.458996 0.000000 0.739139
v 0.459020 0.000916 0.739100
v 0.459000 0.000000 0.739100
v 0.458805 -0.000456 0.739300
v 0.458878 -0.001278 0.739296
v 0.458915 -0.001275 0.739285
v 0.458950 -0.001273 0.739266
v 0.458980 -0.001271 0.739241
v 0.459005 -0.001270 0.739211
v 0.459023 -0.001269 0.739176
v 0.459034 -0.001268 0.739139
v 0.458844 -0.001368 0.739300
v 0.458993 -0.002551 0.739296
v 0.459031 -0.002546 0.739285
v 0.459065 -0.002542 0.739266
v 0.459095 -0.002538 0.739241
v 0.459120 -0.002535 0.739211
v 0.459138 -0.002533 0.739176
v 0.459149 -0.002532 0.739139
v 0.459040 -0.003181 0.739300
v 0.459186 -0.003814 0.739296
v 0.459223 -0.003808 0.739285
v 0.459257 -0.003801 0.739266
v 0.459286 -0.003796 0.739241
v 0.459311 -0.003791 0.739211
v 0.459329 -0.003788 0.739176
v 0.459340 -0.003786 0.739139
v 0.459196 -0.004080 0.739300
v 0.459454 -0.005064 0.739296
v 0.459490 -0.005055 0.739285
v 0.459524 -0.005047 0.739266
v 0.459553 -0.005040 0.739241
v 0.459577 -0.005034 0.739211
v 0.459595 -0.005029 0.739176
v 0.459606 -0.005027 0.739139
v 0.459624 -0.005853 0.739300
v 0.459797 -0.006295 0.739296
v 0.459833 -0.006284 0.739285
v 0.459866 -0.006274 0.739266
v 0.459895 -0.006265 0.739241
v 0.459919 -0.006258 0.739211
v 0.459936 -0.006252 0.739176
v 0.459947 -0.006249 0.739139
v 0.459895 -0.006724 0.739300
v 0.460214 -0.007504 0.739296
v 0.460249 -0.007490 0.739285
v 0.460282 -0.007478 0.739266
v 0.460310 -0.007467 0.739241
v 0.460333 -0.007459 0.739211
v 0.460350 -0.007452 0.739176
v 0.460361 -0.007448 0.739139
v 0.460203 -0.007583 0.739300
v 0.460703 -0.008685 0.739296
v 0.460738 -0.008669 0.739285
v 0.460769 -0.008655 0.739266
v 0.460797 -0.008643 0.739241
v 0.460819 -0.008632 0.739211
v 0.460836 -0.008625 0.739176
v 0.460847 -0.008620 0.739139
v 0.460928 -0.009257 0.739300
v 0.461263 -0.009834 0.739296
v 0.461296 -0.009817 0.739285
v 0.461327 -0.009800 0.739266
v 0.461354 -0.009786 0.739241
v 0.461376 -0.009775 0.739211
v 0.461392 -0.009766 0.739176
v 0.461402 -0.009761 0.739139
v 0.461344 -0.010069 0.739300
v 0.461891 -0.010947 0.739296
v 0.461923 -0.010928 0.739285
v 0.461953 -0.010910 0.739266
v 0.461978 -0.010894 0.739241
v 0.462000 -0.010882 0.739211
v 0.462016 -0.010872 0.739176
v 0.462025 -0.010866 0.739139
v 0.462278 -0.011636 0.739300
v 0.462585 -0.012021 0.739296
v 0.462616 -0.012000 0.739285
v 0.462644 -0.011980 0.739266
v 0.462669 -0.011963 0.739241
v 0.462690 -0.011948 0.739211
v 0.462705 -0.011938 0.739176
v 0.462714 -0.011932 0.739139
v 0.462795 -0.012387 0.739300
v 0.463342 -0.013050 0.739296
v 0.463372 -0.013027 0.739285
v 0.463399 -0.013006 0.739266
v 0.463423 -0.012987 0.739241
v 0.463443 -0.012972 0.739211
v 0.463457 -0.012961 0.739176
v 0.463466 -0.012954 0.739139
v 0.463344 -0.013116 0.739300
v 0.464161 -0.014032 0.739296
v 0.464189 -0.014007 0.739285
v 0.464215 -0.013985 0.739266
v 0.464237 -0.013964 0.739241
v 0.464256 -0.013948 0.739211
v 0.464270 -0.013936 0.739176
v 0.464278 -0.013928 0.739139
v 0.464533 -0.014499 0.739300
v 0.465037 -0.014963 0.739296
v 0.465063 -0.014937 0.739285
v 0.465088 -0.014912 0.739266
v 0.465109 -0.014891 0.739241
v 0.465127 -0.014873 0.739211
v 0.465140 -0.014860 0.739176
v 0.465148 -0.014852 0.739139
v 0.464517 -0.014187 0.739100
v 0.465151 -0.014849 0.739100
v 0.465171 -0.015151 0.739300
v 0.465968 -0.015839 0.739296
v 0.465993 -0.015811 0.739285
v 0.466015 -0.015785 0.739266
v 0.466036 -0.015763 0.739241
v 0.466052 -0.015744 0.739211
v 0.466064 -0.015730 0.739176
v 0.466072 -0.015722 0.739139
v 0.466529 -0.016370 0.739300
v 0.466950 -0.016658 0.739296
v 0.466973 -0.016628 0.739285
v 0.466994 -0.016601 0.739266
v 0.467013 -0.016577 0.739241
v 0.467028 -0.016557 0.739211
v 0.467040 -0.016543 0.739176
v 0.467047 -0.016534 0.739139
v 0.467246 -0.016934 0.739300
v 0.467979 -0.017415 0.739296
v 0.468001 -0.017384 0.739285
v 0.468020 -0.017356 0.739266
v 0.468037 -0.017331 0.739241
v 0.468051 -0.017310 0.739211
v 0.468062 -0.017295 0.739176
v 0.468068 -0.017286 0.739139
v 0.467986 -0.017467 0.739300
v 0.469053 -0.018109 0.739296
v 0.469072 -0.018077 0.739285
v 0.469090 -0.018048 0.739266
v 0.469106 -0.018021 0.739241
v 0.469118 -0.018000 0.739211
v 0.469128 -0.017984 0.739176
v 0.469134 -0.017975 0.739139
v 0.469532 -0.018435 0.739300
v 0.470166 -0.018737 0.739296
v 0.470183 -0.018704 0.739285
v 0.470199 -0.018673 0.739266
v 0.470214 -0.018646 0.739241
v 0.470225 -0.018624 0.739211
v 0.470234 -0.018608 0.739176
v 0.470239 -0.018598 0.739139
v 0.470335 -0.018869 0.739300
v 0.471315 -0.019297 0.739296
v 0.471331 -0.019263 0.739285
v 0.471345 -0.019231 0.739266
v 0.471357 -0.019203 0.739241
v 0.471367 -0.019181 0.739211
v 0.471375 -0.019164 0.739176
v 0.471380 -0.019153 0.739139
v 0.471993 -0.019630 0.739300
v 0.472496 -0.019786 0.739296
v 0.472510 -0.019751 0.739285
v 0.472522 -0.019718 0.739266
v 0.472533 -0.019690 0.739241
v 0.472541 -0.019667 0.739211
v 0.472548 -0.019650 0.739176
v 0.472552 -0.019639 0.739139
v 0.472845 -0.019956 0.739300
v 0.473705 -0.020203 0.739296
v 0.473716 -0.020167 0.739285
v 0.473726 -0.020134 0.739266
v 0.473735 -0.020105 0.739241
v 0.473742 -0.020081 0.739211
v 0.473748 -0.020064 0.739176
v 0.473751 -0.020053 0.739139
v 0.473710 -0.020245 0.739300
v 0.474936 -0.020546 0.739296
v 0.474945 -0.020510 0.739285
v 0.474953 -0.020476 0.739266
v 0.474960 -0.020447 0.739241
v 0.474966 -0.020423 0.739211
v 0.474971 -0.020405 0.739176
v 0.474973 -0.020394 0.739139
v 0.475473 -0.020711 0.739300
v 0.476186 -0.020814 0.739296
v 0.476192 -0.020778 0.739285
v 0.476199 -0.020743 0.739266
v 0.476204 -0.020714 0.739241
v 0.476209 -0.020689 0.739211
v 0.476212 -0.020671 0.739176
v 0.476214 -0.020660 0.739139
v 0.476369 -0.020887 0.739300
v 0.477449 -0.021007 0.739296
v 0.477454 -0.020969 0.739285
v 0.477458 -0.020935 0.739266
v 0.477462 -0.020905 0.739241
v 0.477465 -0.020880 0.739211
v 0.477467 -0.020862 0.739176
v 0.477468 -0.020851 0.739139
v 0.478178 -0.021122 0.739300
v 0.478170 0.020920 0.739100
v 0.477259 0.020820 0.739100
v 0.476369 0.020887 0.739300
v 0.476353 0.020681 0.739100
v 0.475455 0.020502 0.739100
v 0.474565 0.020284 0.739100
v 0.473710 0.020245 0.739300
v 0.473685 0.020028 0.739100
v 0.472818 0.019733 0.739100
v 0.471964 0.019402 0.739100
v 0.471125 0.019033 0.739100
v 0.470335 0.018869 0.739300
v 0.470303 0.018627 0.739100
v 0.469500 0.018187 0.739100
v 0.468717 0.017711 0.739100
v 0.467986 0.017467 0.739300
v 0.467955 0.017202 0.739100
v 0.467216 0.016660 0.739100
v 0.466501 0.016087 0.739100
v 0.465171 0.015151 0.739300
v 0.464517 0.014187 0.739100
v 0.463913 0.013499 0.739100
v 0.463344 0.013116 0.739300
v 0.463340 0.012784 0.739100
v 0.462798 0.012045 0.739100
v 0.462289 0.011283 0.739100
v 0.461813 0.010500 0.739100
v 0.461344 0.010069 0.739300
v 0.461373 0.009697 0.739100
v 0.460968 0.008875 0.739100
v 0.460599 0.008036 0.739100
v 0.460203 0.007583 0.739300
v 0.460266 0.007182 0.739100
v 0.459972 0.006315 0.739100
v 0.459716 0.005435 0.739100
v 0.459498 0.004545 0.739100
v 0.459196 0.004080 0.739300
v 0.459319 0.003647 0.739100
v 0.459180 0.002741 0.739100
v 0.459080 0.001830 0.739100
v 0.458844 0.001368 0.739300
v 0.459020 -0.000916 0.739100
v 0.459080 -0.001830 0.739100
v 0.458923 -0.002276 0.739300
v 0.459180 -0.002741 0.739100
v 0.459319 -0.003647 0.739100
v 0.459498 -0.004545 0.739100
v 0.459391 -0.004971 0.739300
v 0.459716 -0.005435 0.739100
v 0.459972 -0.006315 0.739100
v 0.460266 -0.007182 0.739100
v 0.460599 -0.008036 0.739100
v 0.460547 -0.008428 0.739300
v 0.460968 -0.008875 0.739100
v 0.461373 -0.009697 0.739100
v 0.461813 -0.010500 0.739100
v 0.461794 -0.010862 0.739300
v 0.462289 -0.011283 0.739100
v 0.462798 -0.012045 0.739100
v 0.463340 -0.012784 0.739100
v 0.463913 -0.013499 0.739100
v 0.463924 -0.013820 0.739300
v 0.465837 -0.015775 0.739300
v 0.465813 -0.015483 0.739100
v 0.466501 -0.016087 0.739100
v 0.467216 -0.016660 0.739100
v 0.467955 -0.017202 0.739100
v 0.468717 -0.017711 0.739100
v 0.468749 -0.017968 0.739300
v 0.469500 -0.018187 0.739100
v 0.470303 -0.018627 0.739100
v 0.471155 -0.019267 0.739300
v 0.471125 -0.019033 0.739100
v 0.471964 -0.019402 0.739100
v 0.472818 -0.019733 0.739100
v 0.473685 -0.020028 0.739100
v 0.474565 -0.020284 0.739100
v 0.474587 -0.020497 0.739300
v 0.475455 -0.020502 0.739100
v 0.476353 -0.020681 0.739100
v 0.477271 -0.021024 0.739300
v 0.477259 -0.020820 0.739100
v 0.478170 -0.020920 0.739100
v 0.480000 -0.021200 0.739300
v 0.480000 0.021000 0.739100
v 0.462240 0.001487 0.739300
v 0.462324 0.001594 0.735115
v 0.462426 0.001710 0.739300
v 0.462539 0.001822 0.735115
v 0.462636 0.001910 0.739300
v 0.462781 0.002023 0.735115
v 0.462869 0.002084 0.739300
v 0.463046 0.002191 0.735115
v 0.463120 0.002230 0.739300
v 0.463330 0.002324 0.735115
v 0.463386 0.002346 0.739300
v 0.463628 0.002421 0.735115
v 0.463667 0.002431 0.739300
v 0.463937 0.002480 0.735115
v 0.463956 0.002483 0.739300
v 0.464250 0.002500 0.735115
v 0.464250 0.002500 0.739300
v 0.462645 -0.001917 0.739300
v 0.462539 -0.001822 0.735115
v 0.462434 -0.001718 0.739300
v 0.462324 -0.001594 0.735115
v 0.462247 -0.001496 0.739300
v 0.462139 -0.001340 0.735115
v 0.462087 -0.001253 0.739300
v 0.461988 -0.001064 0.735115
v 0.461956 -0.000994 0.739300
v 0.461872 -0.000773 0.735115
v 0.461856 -0.000721 0.739300
v 0.461794 -0.000468 0.735115
v 0.461789 -0.000439 0.739300
v 0.461755 -0.000157 0.735115
v 0.461755 -0.000151 0.739300
v 0.461755 0.000157 0.735115
v 0.461754 0.000140 0.739300
v 0.461794 0.000468 0.735115
v 0.461787 0.000428 0.739300
v 0.461872 0.000773 0.735115
v 0.461853 0.000711 0.739300
v 0.461988 0.001064 0.735115
v 0.461952 0.000984 0.739300
v 0.462139 0.001340 0.735115
v 0.462081 0.001244 0.739300
v 0.463396 -0.002350 0.739300
v 0.463046 -0.002191 0.735115
v 0.463129 -0.002235 0.739300
v 0.462781 -0.002023 0.735115
v 0.462878 -0.002090 0.739300
v 0.463330 -0.002324 0.735115
v 0.463674 -0.002433 0.739300
v 0.463628 -0.002421 0.735115
v 0.463960 -0.002483 0.739300
v 0.463937 -0.002480 0.735115
v 0.464250 -0.002500 0.739300
v 0.464250 -0.002500 0.735115
v 0.480912 0.021180 0.739300
v 0.481278 0.021122 0.739296
v 0.480000 0.021161 0.739296
v 0.481275 0.021085 0.739285
v 0.480000 0.021124 0.739285
v 0.481273 0.021050 0.739266
v 0.480000 0.021089 0.739266
v 0.481271 0.021020 0.739241
v 0.480000 0.021059 0.739241
v 0.481270 0.020995 0.739211
v 0.480000 0.021034 0.739211
v 0.481269 0.020977 0.739176
v 0.480000 0.021015 0.739176
v 0.481268 0.020966 0.739139
v 0.480000 0.021004 0.739139
v 0.480916 0.020980 0.739100
v 0.480000 0.021000 0.739100
v 0.480916 -0.020980 0.739100
v 0.481268 -0.020966 0.739139
v 0.480000 -0.021004 0.739139
v 0.481269 -0.020977 0.739176
v 0.480000 -0.021015 0.739176
v 0.481270 -0.020995 0.739211
v 0.480000 -0.021034 0.739211
v 0.481271 -0.021020 0.739241
v 0.480000 -0.021059 0.739241
v 0.481273 -0.021050 0.739266
v 0.480000 -0.021089 0.739266
v 0.481275 -0.021085 0.739285
v 0.480000 -0.021124 0.739285
v 0.481278 -0.021122 0.739296
v 0.480000 -0.021161 0.739296
v 0.480912 -0.021180 0.739300
v 0.480000 -0.021200 0.739300
v 0.481822 -0.021122 0.739300
v 0.482551 -0.021007 0.739296
v 0.482546 -0.020969 0.739285
v 0.482542 -0.020935 0.739266
v 0.482538 -0.020905 0.739241
v 0.482535 -0.020880 0.739211
v 0.482533 -0.020862 0.739176
v 0.482532 -0.020851 0.739139
v 0.482729 -0.021024 0.739300
v 0.483814 -0.020814 0.739296
v 0.483808 -0.020778 0.739285
v 0.483801 -0.020743 0.739266
v 0.483796 -0.020714 0.739241
v 0.483791 -0.020689 0.739211
v 0.483788 -0.020671 0.739176
v 0.483786 -0.020660 0.739139
v 0.484527 -0.020711 0.739300
v 0.485064 -0.020546 0.739296
v 0.485055 -0.020510 0.739285
v 0.485047 -0.020476 0.739266
v 0.485040 -0.020447 0.739241
v 0.485034 -0.020423 0.739211
v 0.485029 -0.020405 0.739176
v 0.485027 -0.020394 0.739139
v 0.485413 -0.020497 0.739300
v 0.486295 -0.020203 0.739296
v 0.486284 -0.020167 0.739285
v 0.486274 -0.020134 0.739266
v 0.486265 -0.020105 0.739241
v 0.486258 -0.020081 0.739211
v 0.486252 -0.020064 0.739176
v 0.486249 -0.020053 0.739139
v 0.487155 -0.019956 0.739300
v 0.487504 -0.019786 0.739296
v 0.487490 -0.019751 0.739285
v 0.487478 -0.019718 0.739266
v 0.487467 -0.019690 0.739241
v 0.487459 -0.019667 0.739211
v 0.487452 -0.019650 0.739176
v 0.487448 -0.019639 0.739139
v 0.488007 -0.019630 0.739300
v 0.488685 -0.019297 0.739296
v 0.488669 -0.019263 0.739285
v 0.488655 -0.019231 0.739266
v 0.488643 -0.019203 0.739241
v 0.488633 -0.019181 0.739211
v 0.488625 -0.019164 0.739176
v 0.488620 -0.019153 0.739139
v 0.488845 -0.019267 0.739300
v 0.489834 -0.018737 0.739296
v 0.489817 -0.018704 0.739285
v 0.489801 -0.018673 0.739266
v 0.489786 -0.018646 0.739241
v 0.489775 -0.018624 0.739211
v 0.489766 -0.018608 0.739176
v 0.489761 -0.018598 0.739139
v 0.490468 -0.018435 0.739300
v 0.490947 -0.018109 0.739296
v 0.490928 -0.018077 0.739285
v 0.490910 -0.018048 0.739266
v 0.490894 -0.018021 0.739241
v 0.490882 -0.018000 0.739211
v 0.490872 -0.017984 0.739176
v 0.490866 -0.017975 0.739139
v 0.491251 -0.017968 0.739300
v 0.492021 -0.017415 0.739296
v 0.491999 -0.017384 0.739285
v 0.491980 -0.017356 0.739266
v 0.491963 -0.017331 0.739241
v 0.491949 -0.017310 0.739211
v 0.491938 -0.017295 0.739176
v 0.491932 -0.017286 0.739139
v 0.492754 -0.016934 0.739300
v 0.493050 -0.016658 0.739296
v 0.493027 -0.016628 0.739285
v 0.493006 -0.016601 0.739266
v 0.492987 -0.016577 0.739241
v 0.492972 -0.016557 0.739211
v 0.492960 -0.016543 0.739176
v 0.492953 -0.016534 0.739139
v 0.493471 -0.016370 0.739300
v 0.494032 -0.015839 0.739296
v 0.494007 -0.015811 0.739285
v 0.493985 -0.015785 0.739266
v 0.493964 -0.015763 0.739241
v 0.493948 -0.015744 0.739211
v 0.493936 -0.015730 0.739176
v 0.493928 -0.015722 0.739139
v 0.494163 -0.015775 0.739300
v 0.494963 -0.014963 0.739296
v 0.494937 -0.014937 0.739285
v 0.494912 -0.014912 0.739266
v 0.494891 -0.014891 0.739241
v 0.494873 -0.014873 0.739211
v 0.494860 -0.014860 0.739176
v 0.494852 -0.014852 0.739139
v 0.494187 -0.015483 0.739100
v 0.494849 -0.014849 0.739100
v 0.495467 -0.014499 0.739300
v 0.495839 -0.014032 0.739296
v 0.495811 -0.014007 0.739285
v 0.495785 -0.013985 0.739266
v 0.495763 -0.013964 0.739241
v 0.495744 -0.013948 0.739211
v 0.495730 -0.013936 0.739176
v 0.495722 -0.013928 0.739139
v 0.496076 -0.013820 0.739300
v 0.496658 -0.013050 0.739296
v 0.496628 -0.013027 0.739285
v 0.496601 -0.013006 0.739266
v 0.496577 -0.012987 0.739241
v 0.496557 -0.012972 0.739211
v 0.496543 -0.012961 0.739176
v 0.496534 -0.012954 0.739139
v 0.497205 -0.012387 0.739300
v 0.497415 -0.012021 0.739296
v 0.497384 -0.012000 0.739285
v 0.497356 -0.011980 0.739266
v 0.497331 -0.011963 0.739241
v 0.497310 -0.011948 0.739211
v 0.497295 -0.011938 0.739176
v 0.497286 -0.011932 0.739139
v 0.497722 -0.011636 0.739300
v 0.498109 -0.010947 0.739296
v 0.498077 -0.010928 0.739285
v 0.498047 -0.010910 0.739266
v 0.498022 -0.010894 0.739241
v 0.498000 -0.010882 0.739211
v 0.497984 -0.010872 0.739176
v 0.497975 -0.010866 0.739139
v 0.498206 -0.010862 0.739300
v 0.498737 -0.009834 0.739296
v 0.498704 -0.009817 0.739285
v 0.498673 -0.009800 0.739266
v 0.498646 -0.009786 0.739241
v 0.498624 -0.009775 0.739211
v 0.498608 -0.009766 0.739176
v 0.498598 -0.009761 0.739139
v 0.499072 -0.009257 0.739300
v 0.499297 -0.008685 0.739296
v 0.499262 -0.008669 0.739285
v 0.499231 -0.008655 0.739266
v 0.499203 -0.008643 0.739241
v 0.499181 -0.008632 0.739211
v 0.499164 -0.008625 0.739176
v 0.499153 -0.008620 0.739139
v 0.499453 -0.008428 0.739300
v 0.499786 -0.007504 0.739296
v 0.499751 -0.007490 0.739285
v 0.499718 -0.007478 0.739266
v 0.499690 -0.007467 0.739241
v 0.499667 -0.007459 0.739211
v 0.499650 -0.007452 0.739176
v 0.499639 -0.007448 0.739139
v 0.500105 -0.006724 0.739300
v 0.500203 -0.006295 0.739296
v 0.500167 -0.006284 0.739285
v 0.500134 -0.006274 0.739266
v 0.500105 -0.006265 0.739241
v 0.500081 -0.006258 0.739211
v 0.500064 -0.006252 0.739176
v 0.500053 -0.006249 0.739139
v 0.500376 -0.005853 0.739300
v 0.500546 -0.005064 0.739296
v 0.500510 -0.005055 0.739285
v 0.500476 -0.005047 0.739266
v 0.500447 -0.005040 0.739241
v 0.500423 -0.005034 0.739211
v 0.500405 -0.005029 0.739176
v 0.500394 -0.005027 0.739139
v 0.500609 -0.004971 0.739300
v 0.500814 -0.003814 0.739296
v 0.500777 -0.003808 0.739285
v 0.500743 -0.003801 0.739266
v 0.500714 -0.003796 0.739241
v 0.500689 -0.003791 0.739211
v 0.500671 -0.003788 0.739176
v 0.500660 -0.003786 0.739139
v 0.500960 -0.003181 0.739300
v 0.501007 -0.002551 0.739296
v 0.500969 -0.002546 0.739285
v 0.500935 -0.002542 0.739266
v 0.500905 -0.002538 0.739241
v 0.500880 -0.002535 0.739211
v 0.500862 -0.002533 0.739176
v 0.500851 -0.002532 0.739139
v 0.501077 -0.002276 0.739300
v 0.501122 -0.001278 0.739296
v 0.501085 -0.001275 0.739285
v 0.501050 -0.001273 0.739266
v 0.501020 -0.001271 0.739241
v 0.500995 -0.001270 0.739211
v 0.500977 -0.001269 0.739176
v 0.500966 -0.001268 0.739139
v 0.501195 -0.000456 0.739300
v 0.501161 0.000000 0.739296
v 0.501123 0.000000 0.739285
v 0.501089 0.000000 0.739266
v 0.501059 0.000000 0.739241
v 0.501034 0.000000 0.739211
v 0.501015 0.000000 0.739176
v 0.501004 0.000000 0.739139
v 0.500980 -0.000916 0.739100
v 0.501000 0.000000 0.739100
v 0.501195 0.000456 0.739300
v 0.501122 0.001278 0.739296
v 0.501085 0.001275 0.739285
v 0.501050 0.001273 0.739266
v 0.501020 0.001271 0.739241
v 0.500995 0.001270 0.739211
v 0.500977 0.001269 0.739176
v 0.500966 0.001268 0.739139
v 0.501156 0.001368 0.739300
v 0.501007 0.002551 0.739296
v 0.500969 0.002546 0.739285
v 0.500935 0.002542 0.739266
v 0.500905 0.002538 0.739241
v 0.500880 0.002535 0.739211
v 0.500862 0.002533 0.739176
v 0.500851 0.002532 0.739139
v 0.500960 0.003181 0.739300
v 0.500814 0.003814 0.739296
v 0.500777 0.003808 0.739285
v 0.500743 0.003801 0.739266
v 0.500714 0.003796 0.739241
v 0.500689 0.003791 0.739211
v 0.500671 0.003788 0.739176
v 0.500660 0.003786 0.739139
v 0.500804 0.004080 0.739300
v 0.500546 0.005064 0.739296
v 0.500510 0.005055 0.739285
v 0.500476 0.005047 0.739266
v 0.500447 0.005040 0.739241
v 0.500423 0.005034 0.739211
v 0.500405 0.005029 0.739176
v 0.500394 0.005027 0.739139
v 0.500376 0.005853 0.739300
v 0.500203 0.006295 0.739296
v 0.500167 0.006284 0.739285
v 0.500134 0.006274 0.739266
v 0.500105 0.006265 0.739241
v 0.500081 0.006258 0.739211
v 0.500064 0.006252 0.739176
v 0.500053 0.006249 0.739139
v 0.500105 0.006724 0.739300
v 0.499786 0.007504 0.739296
v 0.499751 0.007490 0.739285
v 0.499718 0.007478 0.739266
v 0.499690 0.007467 0.739241
v 0.499667 0.007459 0.739211
v 0.499650 0.007452 0.739176
v 0.499639 0.007448 0.739139
v 0.499797 0.007583 0.739300
v 0.499297 0.008685 0.739296
v 0.499262 0.008669 0.739285
v 0.499231 0.008655 0.739266
v 0.499203 0.008643 0.739241
v 0.499181 0.008632 0.739211
v 0.499164 0.008625 0.739176
v 0.499153 0.008620 0.739139
v 0.499072 0.009257 0.739300
v 0.498737 0.009834 0.739296
v 0.498704 0.009817 0.739285
v 0.498673 0.009801 0.739266
v 0.498646 0.009786 0.739241
v 0.498624 0.009775 0.739211
v 0.498608 0.009766 0.739176
v 0.498598 0.009761 0.739139
v 0.498656 0.010069 0.739300
v 0.498109 0.010947 0.739296
v 0.498077 0.010928 0.739285
v 0.498047 0.010910 0.739266
v 0.498022 0.010894 0.739241
v 0.498000 0.010882 0.739211
v 0.497984 0.010872 0.739176
v 0.497975 0.010866 0.739139
v 0.497722 0.011636 0.739300
v 0.497415 0.012021 0.739296
v 0.497384 0.012000 0.739285
v 0.497356 0.011980 0.739266
v 0.497331 0.011963 0.739241
v 0.497310 0.011948 0.739211
v 0.497295 0.011938 0.739176
v 0.497286 0.011932 0.739139
v 0.497205 0.012387 0.739300
v 0.496658 0.013050 0.739296
v 0.496628 0.013027 0.739285
v 0.496601 0.013006 0.739266
v 0.496577 0.012987 0.739241
v 0.496557 0.012972 0.739211
v 0.496543 0.012961 0.739176
v 0.496534 0.012954 0.739139
v 0.496656 0.013116 0.739300
v 0.495839 0.014032 0.739296
v 0.495811 0.014007 0.739285
v 0.495785 0.013985 0.739266
v 0.495763 0.013964 0.739241
v 0.495744 0.013948 0.739211
v 0.495730 0.013936 0.739176
v 0.495722 0.013928 0.739139
v 0.495467 0.014499 0.739300
v 0.494963 0.014963 0.739296
v 0.494937 0.014937 0.739285
v 0.494912 0.014912 0.739266
v 0.494891 0.014891 0.739241
v 0.494873 0.014873 0.739211
v 0.494860 0.014860 0.739176
v 0.494852 0.014852 0.739139
v 0.495483 0.014187 0.739100
v 0.494849 0.014849 0.739100
v 0.494829 0.015151 0.739300
v 0.494032 0.015839 0.739296
v 0.494007 0.015811 0.739285
v 0.493985 0.015785 0.739266
v 0.493964 0.015763 0.739241
v 0.493948 0.015744 0.739211
v 0.493936 0.015730 0.739176
v 0.493928 0.015722 0.739139
v 0.493471 0.016370 0.739300
v 0.493050 0.016658 0.739296
v 0.493027 0.016628 0.739285
v 0.493006 0.016601 0.739266
v 0.492987 0.016577 0.739241
v 0.492972 0.016557 0.739211
v 0.492960 0.016543 0.739176
v 0.492953 0.016534 0.739139
v 0.492754 0.016934 0.739300
v 0.492021 0.017415 0.739296
v 0.491999 0.017384 0.739285
v 0.491980 0.017356 0.739266
v 0.491963 0.017331 0.739241
v 0.491949 0.017310 0.739211
v 0.491938 0.017295 0.739176
v 0.491932 0.017286 0.739139
v 0.492014 0.017467 0.739300
v 0.490947 0.018109 0.739296
v 0.490928 0.018077 0.739285
v 0.490910 0.018048 0.739266
v 0.490894 0.018021 0.739241
v 0.490882 0.018000 0.739211
v 0.490872 0.017984 0.739176
v 0.490866 0.017975 0.739139
v 0.490468 0.018435 0.739300
v 0.489834 0.018737 0.739296
v 0.489817 0.018704 0.739285
v 0.489801 0.018673 0.739266
v 0.489786 0.018646 0.739241
v 0.489775 0.018624 0.739211
v 0.489766 0.018608 0.739176
v 0.489761 0.018598 0.739139
v 0.489665 0.018869 0.739300
v 0.488685 0.019297 0.739296
v 0.488669 0.019263 0.739285
v 0.488655 0.019231 0.739266
v 0.488643 0.019203 0.739241
v 0.488633 0.019181 0.739211
v 0.488625 0.019164 0.739176
v 0.488620 0.019153 0.739139
v 0.488007 0.019630 0.739300
v 0.487504 0.019786 0.739296
v 0.487490 0.019751 0.739285
v 0.487478 0.019719 0.739266
v 0.487467 0.019690 0.739241
v 0.487459 0.019667 0.739211
v 0.487452 0.019650 0.739176
v 0.487448 0.019639 0.739139
v 0.487155 0.019956 0.739300
v 0.486295 0.020203 0.739296
v 0.486284 0.020167 0.739285
v 0.486274 0.020134 0.739266
v 0.486265 0.020105 0.739241
v 0.486258 0.020081 0.739211
v 0.486252 0.020064 0.739176
v 0.486249 0.020053 0.739139
v 0.486290 0.020245 0.739300
v 0.485064 0.020546 0.739296
v 0.485055 0.020510 0.739285
v 0.485047 0.020476 0.739266
v 0.485040 0.020447 0.739241
v 0.485034 0.020423 0.739211
v 0.485029 0.020405 0.739176
v 0.485027 0.020394 0.739139
v 0.484527 0.020711 0.739300
v 0.483814 0.020814 0.739296
v 0.483808 0.020778 0.739285
v 0.483801 0.020744 0.739266
v 0.483796 0.020714 0.739241
v 0.483791 0.020689 0.739211
v 0.483788 0.020671 0.739176
v 0.483786 0.020660 0.739139
v 0.483631 0.020887 0.739300
v 0.482551 0.021007 0.739296
v 0.482546 0.020970 0.739285
v 0.482542 0.020935 0.739266
v 0.482538 0.020905 0.739241
v 0.482535 0.020880 0.739211
v 0.482533 0.020862 0.739176
v 0.482532 0.020851 0.739139
v 0.481822 0.021122 0.739300
v 0.481830 -0.020920 0.739100
v 0.482741 -0.020820 0.739100
v 0.483631 -0.020887 0.739300
v 0.483647 -0.020681 0.739100
v 0.484545 -0.020502 0.739100
v 0.485435 -0.020284 0.739100
v 0.486290 -0.020245 0.739300
v 0.486315 -0.020028 0.739100
v 0.487182 -0.019733 0.739100
v 0.488036 -0.019402 0.739100
v 0.488875 -0.019033 0.739100
v 0.489665 -0.018869 0.739300
v 0.489697 -0.018627 0.739100
v 0.490500 -0.018187 0.739100
v 0.491283 -0.017711 0.739100
v 0.492014 -0.017467 0.739300
v 0.492045 -0.017202 0.739100
v 0.492784 -0.016660 0.739100
v 0.493499 -0.016087 0.739100
v 0.494829 -0.015151 0.739300
v 0.495483 -0.014187 0.739100
v 0.496087 -0.013499 0.739100
v 0.496656 -0.013116 0.739300
v 0.496660 -0.012784 0.739100
v 0.497202 -0.012045 0.739100
v 0.497711 -0.011283 0.739100
v 0.498187 -0.010500 0.739100
v 0.498656 -0.010069 0.739300
v 0.498627 -0.009697 0.739100
v 0.499032 -0.008875 0.739100
v 0.499401 -0.008036 0.739100
v 0.499797 -0.007583 0.739300
v 0.499734 -0.007182 0.739100
v 0.500028 -0.006315 0.739100
v 0.500284 -0.005435 0.739100
v 0.500502 -0.004545 0.739100
v 0.500804 -0.004080 0.739300
v 0.500681 -0.003647 0.739100
v 0.500820 -0.002741 0.739100
v 0.500920 -0.001830 0.739100
v 0.501156 -0.001368 0.739300
v 0.500980 0.000916 0.739100
v 0.500920 0.001830 0.739100
v 0.501077 0.002276 0.739300
v 0.500820 0.002741 0.739100
v 0.500681 0.003647 0.739100
v 0.500502 0.004545 0.739100
v 0.500609 0.004971 0.739300
v 0.500284 0.005435 0.739100
v 0.500028 0.006315 0.739100
v 0.499734 0.007182 0.739100
v 0.499401 0.008036 0.739100
v 0.499453 0.008428 0.739300
v 0.499032 0.008875 0.739100
v 0.498627 0.009697 0.739100
v 0.498187 0.010500 0.739100
v 0.498206 0.010862 0.739300
v 0.497711 0.011283 0.739100
v 0.497202 0.012045 0.739100
v 0.496660 0.012784 0.739100
v 0.496087 0.013499 0.739100
v 0.496076 0.013820 0.739300
v 0.494163 0.015775 0.739300
v 0.494187 0.015483 0.739100
v 0.493499 0.016087 0.739100
v 0.492784 0.016660 0.739100
v 0.492045 0.017202 0.739100
v 0.491283 0.017711 0.739100
v 0.491251 0.017968 0.739300
v 0.490500 0.018187 0.739100
v 0.489697 0.018627 0.739100
v 0.488845 0.019267 0.739300
v 0.488875 0.019033 0.739100
v 0.488036 0.019402 0.739100
v 0.487182 0.019733 0.739100
v 0.486315 0.020028 0.739100
v 0.485435 0.020284 0.739100
v 0.485413 0.020497 0.739300
v 0.484545 0.020502 0.739100
v 0.483647 0.020681 0.739100
v 0.482729 0.021024 0.739300
v 0.482741 0.020820 0.739100
v 0.481830 0.020920 0.739100
v 0.480000 0.021200 0.739300
v 0.480000 -0.021000 0.739100
v 0.478804 0.017476 0.739300
v 0.478909 0.017544 0.735700
v 0.479031 0.017613 0.739300
v 0.479163 0.017676 0.735700
v 0.479275 0.017721 0.739300
v 0.479433 0.017772 0.735700
v 0.479530 0.017797 0.739300
v 0.479714 0.017830 0.735700
v 0.479792 0.017840 0.739300
v 0.480000 0.017850 0.735700
v 0.480000 0.017850 0.739300
v 0.478552 0.014229 0.739300
v 0.478465 0.014317 0.735700
v 0.478372 0.014424 0.739300
v 0.478284 0.014539 0.735700
v 0.478217 0.014641 0.739300
v 0.478135 0.014784 0.735700
v 0.478091 0.014875 0.739300
v 0.478021 0.015047 0.735700
v 0.477996 0.015123 0.739300
v 0.477944 0.015323 0.735700
v 0.477933 0.015382 0.739300
v 0.477905 0.015607 0.735700
v 0.477903 0.015646 0.739300
v 0.477905 0.015893 0.735700
v 0.477906 0.015912 0.739300
v 0.477944 0.016177 0.735700
v 0.477944 0.016176 0.739300
v 0.478021 0.016453 0.735700
v 0.478014 0.016432 0.739300
v 0.478135 0.016716 0.735700
v 0.478116 0.016678 0.739300
v 0.478284 0.016961 0.735700
v 0.478248 0.016909 0.739300
v 0.478465 0.017183 0.735700
v 0.478409 0.017121 0.739300
v 0.478675 0.017379 0.735700
v 0.478595 0.017311 0.739300
v 0.479220 0.013800 0.739300
v 0.478909 0.013956 0.735700
v 0.478980 0.013914 0.739300
v 0.478675 0.014121 0.735700
v 0.478756 0.014058 0.739300
v 0.479163 0.013824 0.735700
v 0.479473 0.013717 0.739300
v 0.479433 0.013728 0.735700
v 0.479734 0.013667 0.739300
v 0.479714 0.013670 0.735700
v 0.480000 0.013650 0.739300
v 0.480000 0.013650 0.735700
v 0.482095 0.015607 0.739300
v 0.482056 0.015323 0.735700
v 0.482056 0.015323 0.739300
v 0.481979 0.015047 0.735700
v 0.481979 0.015047 0.739300
v 0.481865 0.014784 0.735700
v 0.481865 0.014784 0.739300
v 0.481716 0.014539 0.735700
v 0.481716 0.014539 0.739300
v 0.481535 0.014317 0.735700
v 0.481535 0.014317 0.739300
v 0.481325 0.014121 0.735700
v 0.481325 0.014121 0.739300
v 0.481091 0.013956 0.735700
v 0.481091 0.013956 0.739300
v 0.480837 0.013824 0.735700
v 0.480837 0.013824 0.739300
v 0.480567 0.013728 0.735700
v 0.480567 0.013728 0.739300
v 0.480286 0.013670 0.735700
v 0.480286 0.013670 0.739300
v 0.480000 0.013650 0.735700
v 0.480000 0.013650 0.739300
v 0.482095 0.015607 0.735700
v 0.482095 0.015893 0.739300
v 0.482095 0.015893 0.735700
v 0.482056 0.016177 0.739300
v 0.482056 0.016177 0.735700
v 0.481979 0.016453 0.739300
v 0.481979 0.016453 0.735700
v 0.481865 0.016716 0.739300
v 0.481865 0.016716 0.735700
v 0.481716 0.016961 0.739300
v 0.481716 0.016961 0.735700
v 0.481535 0.017183 0.739300
v 0.481535 0.017183 0.735700
v 0.481325 0.017379 0.739300
v 0.481325 0.017379 0.735700
v 0.481091 0.017544 0.739300
v 0.481091 0.017544 0.735700
v 0.480837 0.017676 0.739300
v 0.480837 0.017676 0.735700
v 0.480567 0.017772 0.739300
v 0.480567 0.017772 0.735700
v 0.480286 0.017830 0.739300
v 0.480286 0.017830 0.735700
v 0.480000 0.017850 0.739300
v 0.480000 0.017850 0.735700
v 0.478850 0.008368 0.738850
v 0.478298 0.008008 0.739300
v 0.478282 0.008270 0.738850
v 0.477743 0.007869 0.739300
v 0.477721 0.008133 0.738850
v 0.478861 0.008107 0.739300
v 0.479424 0.008427 0.738850
v 0.479429 0.008167 0.739300
v 0.480000 0.008446 0.738850
v 0.480000 0.008187 0.739300
v 0.478861 -0.008107 0.739300
v 0.478282 -0.008270 0.738850
v 0.478298 -0.008008 0.739300
v 0.477721 -0.008133 0.738850
v 0.477743 -0.007869 0.739300
v 0.478850 -0.008368 0.738850
v 0.479429 -0.008167 0.739300
v 0.479424 -0.008427 0.738850
v 0.480000 -0.008187 0.739300
v 0.480000 -0.008446 0.738850
v 0.476670 -0.007479 0.739300
v 0.476114 -0.007499 0.738850
v 0.476157 -0.007228 0.739300
v 0.475611 -0.007217 0.738850
v 0.475662 -0.006943 0.739300
v 0.476635 -0.007747 0.738850
v 0.477200 -0.007693 0.739300
v 0.477171 -0.007959 0.738850
v 0.474738 -0.006271 0.739300
v 0.474235 -0.006173 0.738850
v 0.474313 -0.005889 0.739300
v 0.473827 -0.005765 0.738850
v 0.473916 -0.005478 0.739300
v 0.474670 -0.006552 0.738850
v 0.475188 -0.006623 0.739300
v 0.475129 -0.006900 0.738850
v 0.473213 -0.004578 0.739300
v 0.472783 -0.004389 0.738850
v 0.472910 -0.004093 0.739300
v 0.472501 -0.003886 0.738850
v 0.472642 -0.003589 0.739300
v 0.473100 -0.004871 0.738850
v 0.473549 -0.005040 0.739300
v 0.473448 -0.005330 0.738850
v 0.471730 -0.001718 0.738850
v 0.472057 -0.001981 0.739300
v 0.471867 -0.002279 0.738850
v 0.472214 -0.002530 0.739300
v 0.472041 -0.002829 0.738850
v 0.472410 -0.003067 0.739300
v 0.472253 -0.003365 0.738850
v 0.471867 0.002279 0.738850
v 0.472041 0.002829 0.738850
v 0.472214 0.002530 0.739300
v 0.472253 0.003365 0.738850
v 0.472410 0.003067 0.739300
v 0.472501 0.003886 0.738850
v 0.472642 0.003589 0.739300
v 0.472783 0.004389 0.738850
v 0.472910 0.004093 0.739300
v 0.473100 0.004871 0.738850
v 0.473213 0.004578 0.739300
v 0.474313 0.005889 0.739300
v 0.473916 0.005478 0.739300
v 0.473827 0.005765 0.738850
v 0.473549 0.005040 0.739300
v 0.473448 0.005330 0.738850
v 0.474235 0.006173 0.738850
v 0.474670 0.006552 0.738850
v 0.474738 0.006271 0.739300
v 0.475129 0.006900 0.738850
v 0.475188 0.006623 0.739300
v 0.475611 0.007217 0.738850
v 0.475662 0.006943 0.739300
v 0.476114 0.007499 0.738850
v 0.476157 0.007228 0.739300
v 0.477200 0.007693 0.739300
v 0.477171 0.007959 0.738850
v 0.476670 0.007479 0.739300
v 0.476635 0.007747 0.738850
v 0.471938 -0.001422 0.739300
v 0.471632 -0.001150 0.738850
v 0.471573 -0.000576 0.738850
v 0.471858 -0.000856 0.739300
v 0.471554 0.000000 0.738850
v 0.471818 -0.000286 0.739300
v 0.471573 0.000576 0.738850
v 0.471632 0.001150 0.738850
v 0.471858 0.000856 0.739300
v 0.471818 0.000286 0.739300
v 0.471730 0.001718 0.738850
v 0.471938 0.001422 0.739300
v 0.472057 0.001981 0.739300
v 0.481150 -0.008368 0.738850
v 0.481702 -0.008008 0.739300
v 0.481718 -0.008270 0.738850
v 0.482257 -0.007869 0.739300
v 0.482279 -0.008133 0.738850
v 0.481139 -0.008107 0.739300
v 0.480576 -0.008427 0.738850
v 0.480571 -0.008167 0.739300
v 0.480000 -0.008446 0.738850
v 0.480000 -0.008187 0.739300
v 0.481139 0.008107 0.739300
v 0.481718 0.008270 0.738850
v 0.481702 0.008008 0.739300
v 0.482279 0.008133 0.738850
v 0.482257 0.007869 0.739300
v 0.481150 0.008368 0.738850
v 0.480571 0.008167 0.739300
v 0.480576 0.008427 0.738850
v 0.480000 0.008187 0.739300
v 0.480000 0.008446 0.738850
v 0.483330 0.007479 0.739300
v 0.483886 0.007499 0.738850
v 0.483843 0.007228 0.739300
v 0.484389 0.007217 0.738850
v 0.484338 0.006943 0.739300
v 0.483365 0.007747 0.738850
v 0.482800 0.007693 0.739300
v 0.482829 0.007959 0.738850
v 0.485262 0.006271 0.739300
v 0.485765 0.006173 0.738850
v 0.485687 0.005889 0.739300
v 0.486173 0.005765 0.738850
v 0.486084 0.005478 0.739300
v 0.485330 0.006552 0.738850
v 0.484812 0.006623 0.739300
v 0.484871 0.006900 0.738850
v 0.486787 0.004578 0.739300
v 0.487217 0.004389 0.738850
v 0.487090 0.004093 0.739300
v 0.487499 0.003886 0.738850
v 0.487358 0.003589 0.739300
v 0.486900 0.004871 0.738850
v 0.486451 0.005040 0.739300
v 0.486552 0.005330 0.738850
v 0.488270 0.001718 0.738850
v 0.487943 0.001981 0.739300
v 0.488133 0.002279 0.738850
v 0.487786 0.002530 0.739300
v 0.487959 0.002829 0.738850
v 0.487590 0.003067 0.739300
v 0.487747 0.003365 0.738850
v 0.488133 -0.002279 0.738850
v 0.487959 -0.002829 0.738850
v 0.487786 -0.002530 0.739300
v 0.487747 -0.003365 0.738850
v 0.487590 -0.003067 0.739300
v 0.487499 -0.003886 0.738850
v 0.487358 -0.003589 0.739300
v 0.487217 -0.004389 0.738850
v 0.487090 -0.004093 0.739300
v 0.486900 -0.004871 0.738850
v 0.486787 -0.004578 0.739300
v 0.485687 -0.005889 0.739300
v 0.486084 -0.005478 0.739300
v 0.486173 -0.005765 0.738850
v 0.486451 -0.005040 0.739300
v 0.486552 -0.005330 0.738850
v 0.485765 -0.006173 0.738850
v 0.485330 -0.006552 0.738850
v 0.485262 -0.006271 0.739300
v 0.484871 -0.006900 0.738850
v 0.484812 -0.006623 0.739300
v 0.484389 -0.007217 0.738850
v 0.484338 -0.006943 0.739300
v 0.483886 -0.007499 0.738850
v 0.483843 -0.007228 0.739300
v 0.482800 -0.007693 0.739300
v 0.482829 -0.007959 0.738850
v 0.483330 -0.007479 0.739300
v 0.483365 -0.007747 0.738850
v 0.488062 0.001422 0.739300
v 0.488368 0.001150 0.738850
v 0.488427 0.000576 0.738850
v 0.488142 0.000856 0.739300
v 0.488446 0.000000 0.738850
v 0.488182 0.000286 0.739300
v 0.488427 -0.000576 0.738850
v 0.488368 -0.001150 0.738850
v 0.488142 -0.000856 0.739300
v 0.488182 -0.000286 0.739300
v 0.488270 -0.001718 0.738850
v 0.488062 -0.001422 0.739300
v 0.487943 -0.001981 0.739300
v 0.489941 0.012863 0.739300
v 0.490046 0.012931 0.735700
v 0.490168 0.013000 0.739300
v 0.490300 0.013063 0.735700
v 0.490412 0.013108 0.739300
v 0.490570 0.013159 0.735700
v 0.490667 0.013184 0.739300
v 0.490851 0.013217 0.735700
v 0.490929 0.013227 0.739300
v 0.491137 0.013237 0.735700
v 0.491137 0.013237 0.739300
v 0.489689 0.009616 0.739300
v 0.489602 0.009704 0.735700
v 0.489509 0.009811 0.739300
v 0.489421 0.009926 0.735700
v 0.489354 0.010028 0.739300
v 0.489272 0.010171 0.735700
v 0.489228 0.010262 0.739300
v 0.489158 0.010434 0.735700
v 0.489133 0.010510 0.739300
v 0.489081 0.010710 0.735700
v 0.489069 0.010769 0.739300
v 0.489042 0.010994 0.735700
v 0.489040 0.011033 0.739300
v 0.489042 0.011280 0.735700
v 0.489043 0.011299 0.739300
v 0.489081 0.011564 0.735700
v 0.489081 0.011562 0.739300
v 0.489158 0.011840 0.735700
v 0.489151 0.011819 0.739300
v 0.489272 0.012103 0.735700
v 0.489253 0.012065 0.739300
v 0.489421 0.012348 0.735700
v 0.489385 0.012295 0.739300
v 0.489602 0.012570 0.735700
v 0.489546 0.012508 0.739300
v 0.489812 0.012766 0.735700
v 0.489732 0.012698 0.739300
v 0.490357 0.009187 0.739300
v 0.490046 0.009343 0.735700
v 0.490117 0.009301 0.739300
v 0.489812 0.009508 0.735700
v 0.489893 0.009445 0.739300
v 0.490300 0.009211 0.735700
v 0.490610 0.009104 0.739300
v 0.490570 0.009115 0.735700
v 0.490871 0.009054 0.739300
v 0.490851 0.009056 0.735700
v 0.491137 0.009037 0.739300
v 0.491137 0.009037 0.735700
v 0.493232 0.010994 0.739300
v 0.493193 0.010710 0.735700
v 0.493193 0.010710 0.739300
v 0.493116 0.010434 0.735700
v 0.493116 0.010434 0.739300
v 0.493001 0.010171 0.735700
v 0.493001 0.010171 0.739300
v 0.492853 0.009926 0.735700
v 0.492853 0.009926 0.739300
v 0.492672 0.009704 0.735700
v 0.492672 0.009704 0.739300
v 0.492462 0.009508 0.735700
v 0.492462 0.009508 0.739300
v 0.492228 0.009343 0.735700
v 0.492228 0.009343 0.739300
v 0.491974 0.009211 0.735700
v 0.491974 0.009211 0.739300
v 0.491703 0.009115 0.735700
v 0.491703 0.009115 0.739300
v 0.491423 0.009056 0.735700
v 0.491423 0.009056 0.739300
v 0.491137 0.009037 0.735700
v 0.491137 0.009037 0.739300
v 0.493232 0.010994 0.735700
v 0.493232 0.011280 0.739300
v 0.493232 0.011280 0.735700
v 0.493193 0.011564 0.739300
v 0.493193 0.011564 0.735700
v 0.493116 0.011840 0.739300
v 0.493116 0.011840 0.735700
v 0.493001 0.012103 0.739300
v 0.493001 0.012103 0.735700
v 0.492853 0.012348 0.739300
v 0.492853 0.012348 0.735700
v 0.492672 0.012570 0.739300
v 0.492672 0.012570 0.735700
v 0.492462 0.012766 0.739300
v 0.492462 0.012766 0.735700
v 0.492228 0.012931 0.739300
v 0.492228 0.012931 0.735700
v 0.491974 0.013063 0.739300
v 0.491974 0.013063 0.735700
v 0.491703 0.013159 0.739300
v 0.491703 0.013159 0.735700
v 0.491423 0.013217 0.739300
v 0.491423 0.013217 0.735700
v 0.491137 0.013237 0.739300
v 0.491137 0.013237 0.735700
v 0.467667 -0.009411 0.739300
v 0.467772 -0.009343 0.735700
v 0.467895 -0.009274 0.739300
v 0.468026 -0.009211 0.735700
v 0.468138 -0.009166 0.739300
v 0.468297 -0.009115 0.735700
v 0.468393 -0.009090 0.739300
v 0.468577 -0.009056 0.735700
v 0.468655 -0.009047 0.739300
v 0.468863 -0.009037 0.735700
v 0.468863 -0.009037 0.739300
v 0.467415 -0.012658 0.739300
v 0.467328 -0.012570 0.735700
v 0.467235 -0.012463 0.739300
v 0.467147 -0.012348 0.735700
v 0.467080 -0.012246 0.739300
v 0.466999 -0.012103 0.735700
v 0.466954 -0.012012 0.739300
v 0.466884 -0.011840 0.735700
v 0.466859 -0.011764 0.739300
v 0.466807 -0.011564 0.735700
v 0.466796 -0.011505 0.739300
v 0.466768 -0.011280 0.735700
v 0.466766 -0.011241 0.739300
v 0.466768 -0.010994 0.735700
v 0.466769 -0.010975 0.739300
v 0.466807 -0.010710 0.735700
v 0.466807 -0.010711 0.739300
v 0.466884 -0.010434 0.735700
v 0.466877 -0.010455 0.739300
v 0.466999 -0.010171 0.735700
v 0.466979 -0.010209 0.739300
v 0.467147 -0.009926 0.735700
v 0.467112 -0.009978 0.739300
v 0.467328 -0.009704 0.735700
v 0.467272 -0.009766 0.739300
v 0.467538 -0.009508 0.735700
v 0.467458 -0.009576 0.739300
v 0.468083 -0.013087 0.739300
v 0.467772 -0.012931 0.735700
v 0.467843 -0.012973 0.739300
v 0.467538 -0.012766 0.735700
v 0.467619 -0.012829 0.739300
v 0.468026 -0.013063 0.735700
v 0.468336 -0.013170 0.739300
v 0.468297 -0.013159 0.735700
v 0.468598 -0.013220 0.739300
v 0.468577 -0.013217 0.735700
v 0.468863 -0.013237 0.739300
v 0.468863 -0.013237 0.735700
v 0.470958 -0.011280 0.739300
v 0.470919 -0.011564 0.735700
v 0.470919 -0.011564 0.739300
v 0.470842 -0.011840 0.735700
v 0.470842 -0.011840 0.739300
v 0.470728 -0.012103 0.735700
v 0.470728 -0.012103 0.739300
v 0.470579 -0.012348 0.735700
v 0.470579 -0.012348 0.739300
v 0.470398 -0.012570 0.735700
v 0.470398 -0.012570 0.739300
v 0.470188 -0.012766 0.735700
v 0.470188 -0.012766 0.739300
v 0.469954 -0.012931 0.735700
v 0.469954 -0.012931 0.739300
v 0.469700 -0.013063 0.735700
v 0.469700 -0.013063 0.739300
v 0.469430 -0.013159 0.735700
v 0.469430 -0.013159 0.739300
v 0.469149 -0.013217 0.735700
v 0.469149 -0.013217 0.739300
v 0.468863 -0.013237 0.735700
v 0.468863 -0.013237 0.739300
v 0.470958 -0.011280 0.735700
v 0.470958 -0.010994 0.739300
v 0.470958 -0.010994 0.735700
v 0.470919 -0.010710 0.739300
v 0.470919 -0.010710 0.735700
v 0.470842 -0.010434 0.739300
v 0.470842 -0.010434 0.735700
v 0.470728 -0.010171 0.739300
v 0.470728 -0.010171 0.735700
v 0.470579 -0.009926 0.739300
v 0.470579 -0.009926 0.735700
v 0.470398 -0.009704 0.739300
v 0.470398 -0.009704 0.735700
v 0.470188 -0.009508 0.739300
v 0.470188 -0.009508 0.735700
v 0.469954 -0.009343 0.739300
v 0.469954 -0.009343 0.735700
v 0.469700 -0.009211 0.739300
v 0.469700 -0.009211 0.735700
v 0.469430 -0.009115 0.739300
v 0.469430 -0.009115 0.735700
v 0.469149 -0.009056 0.739300
v 0.469149 -0.009056 0.735700
v 0.468863 -0.009037 0.739300
v 0.468863 -0.009037 0.735700
v 0.494554 0.001726 0.739300
v 0.494659 0.001794 0.735700
v 0.494781 0.001863 0.739300
v 0.494913 0.001926 0.735700
v 0.495025 0.001971 0.739300
v 0.495183 0.002022 0.735700
v 0.495280 0.002047 0.739300
v 0.495464 0.002080 0.735700
v 0.495542 0.002090 0.739300
v 0.495750 0.002100 0.735700
v 0.495750 0.002100 0.739300
v 0.494302 -0.001521 0.739300
v 0.494215 -0.001433 0.735700
v 0.494122 -0.001326 0.739300
v 0.494034 -0.001211 0.735700
v 0.493967 -0.001109 0.739300
v 0.493885 -0.000966 0.735700
v 0.493841 -0.000875 0.739300
v 0.493771 -0.000703 0.735700
v 0.493746 -0.000627 0.739300
v 0.493694 -0.000427 0.735700
v 0.493683 -0.000368 0.739300
v 0.493655 -0.000143 0.735700
v 0.493653 -0.000104 0.739300
v 0.493655 0.000143 0.735700
v 0.493656 0.000162 0.739300
v 0.493694 0.000427 0.735700
v 0.493694 0.000425 0.739300
v 0.493771 0.000703 0.735700
v 0.493764 0.000682 0.739300
v 0.493885 0.000966 0.735700
v 0.493866 0.000928 0.739300
v 0.494034 0.001211 0.735700
v 0.493998 0.001158 0.739300
v 0.494215 0.001433 0.735700
v 0.494159 0.001371 0.739300
v 0.494425 0.001629 0.735700
v 0.494345 0.001561 0.739300
v 0.494970 -0.001950 0.739300
v 0.494659 -0.001794 0.735700
v 0.494730 -0.001836 0.739300
v 0.494425 -0.001629 0.735700
v 0.494506 -0.001692 0.739300
v 0.494913 -0.001926 0.735700
v 0.495223 -0.002033 0.739300
v 0.495183 -0.002022 0.735700
v 0.495484 -0.002083 0.739300
v 0.495464 -0.002080 0.735700
v 0.495750 -0.002100 0.739300
v 0.495750 -0.002100 0.735700
v 0.497845 -0.000143 0.739300
v 0.497806 -0.000427 0.735700
v 0.497806 -0.000427 0.739300
v 0.497729 -0.000703 0.735700
v 0.497729 -0.000703 0.739300
v 0.497615 -0.000966 0.735700
v 0.497615 -0.000966 0.739300
v 0.497466 -0.001211 0.735700
v 0.497466 -0.001211 0.739300
v 0.497285 -0.001433 0.735700
v 0.497285 -0.001433 0.739300
v 0.497075 -0.001629 0.735700
v 0.497075 -0.001629 0.739300
v 0.496841 -0.001794 0.735700
v 0.496841 -0.001794 0.739300
v 0.496587 -0.001926 0.735700
v 0.496587 -0.001926 0.739300
v 0.496317 -0.002022 0.735700
v 0.496317 -0.002022 0.739300
v 0.496036 -0.002080 0.735700
v 0.496036 -0.002080 0.739300
v 0.495750 -0.002100 0.735700
v 0.495750 -0.002100 0.739300
v 0.497845 -0.000143 0.735700
v 0.497845 0.000143 0.739300
v 0.497845 0.000143 0.735700
v 0.497806 0.000427 0.739300
v 0.497806 0.000427 0.735700
v 0.497729 0.000703 0.739300
v 0.497729 0.000703 0.735700
v 0.497615 0.000966 0.739300
v 0.497615 0.000966 0.735700
v 0.497466 0.001211 0.739300
v 0.497466 0.001211 0.735700
v 0.497285 0.001433 0.739300
v 0.497285 0.001433 0.735700
v 0.497075 0.001629 0.739300
v 0.497075 0.001629 0.735700
v 0.496841 0.001794 0.739300
v 0.496841 0.001794 0.735700
v 0.496587 0.001926 0.739300
v 0.496587 0.001926 0.735700
v 0.496317 0.002022 0.739300
v 0.496317 0.002022 0.735700
v 0.496036 0.002080 0.739300
v 0.496036 0.002080 0.735700
v 0.495750 0.002100 0.739300
v 0.495750 0.002100 0.735700
v 0.489941 -0.009411 0.739300
v 0.490046 -0.009343 0.735700
v 0.490168 -0.009274 0.739300
v 0.490300 -0.009211 0.735700
v 0.490412 -0.009166 0.739300
v 0.490570 -0.009115 0.735700
v 0.490667 -0.009090 0.739300
v 0.490851 -0.009056 0.735700
v 0.490929 -0.009047 0.739300
v 0.491137 -0.009037 0.735700
v 0.491137 -0.009037 0.739300
v 0.489689 -0.012658 0.739300
v 0.489602 -0.012570 0.735700
v 0.489509 -0.012463 0.739300
v 0.489421 -0.012348 0.735700
v 0.489354 -0.012246 0.739300
v 0.489272 -0.012103 0.735700
v 0.489228 -0.012012 0.739300
v 0.489158 -0.011840 0.735700
v 0.489133 -0.011764 0.739300
v 0.489081 -0.011564 0.735700
v 0.489069 -0.011505 0.739300
v 0.489042 -0.011280 0.735700
v 0.489040 -0.011241 0.739300
v 0.489042 -0.010994 0.735700
v 0.489043 -0.010975 0.739300
v 0.489081 -0.010710 0.735700
v 0.489081 -0.010711 0.739300
v 0.489158 -0.010434 0.735700
v 0.489151 -0.010455 0.739300
v 0.489272 -0.010171 0.735700
v 0.489253 -0.010209 0.739300
v 0.489421 -0.009926 0.735700
v 0.489385 -0.009978 0.739300
v 0.489602 -0.009704 0.735700
v 0.489546 -0.009766 0.739300
v 0.489812 -0.009508 0.735700
v 0.489732 -0.009576 0.739300
v 0.490357 -0.013087 0.739300
v 0.490046 -0.012931 0.735700
v 0.490117 -0.012973 0.739300
v 0.489812 -0.012766 0.735700
v 0.489893 -0.012829 0.739300
v 0.490300 -0.013063 0.735700
v 0.490610 -0.013170 0.739300
v 0.490570 -0.013159 0.735700
v 0.490871 -0.013220 0.739300
v 0.490851 -0.013217 0.735700
v 0.491137 -0.013237 0.739300
v 0.491137 -0.013237 0.735700
v 0.493232 -0.011280 0.739300
v 0.493193 -0.011564 0.735700
v 0.493193 -0.011564 0.739300
v 0.493116 -0.011840 0.735700
v 0.493116 -0.011840 0.739300
v 0.493001 -0.012103 0.735700
v 0.493001 -0.012103 0.739300
v 0.492853 -0.012348 0.735700
v 0.492853 -0.012348 0.739300
v 0.492672 -0.012570 0.735700
v 0.492672 -0.012570 0.739300
v 0.492462 -0.012766 0.735700
v 0.492462 -0.012766 0.739300
v 0.492228 -0.012931 0.735700
v 0.492228 -0.012931 0.739300
v 0.491974 -0.013063 0.735700
v 0.491974 -0.013063 0.739300
v 0.491703 -0.013159 0.735700
v 0.491703 -0.013159 0.739300
v 0.491423 -0.013217 0.735700
v 0.491423 -0.013217 0.739300
v 0.491137 -0.013237 0.735700
v 0.491137 -0.013237 0.739300
v 0.493232 -0.011280 0.735700
v 0.493232 -0.010994 0.739300
v 0.493232 -0.010994 0.735700
v 0.493193 -0.010710 0.739300
v 0.493193 -0.010710 0.735700
v 0.493116 -0.010434 0.739300
v 0.493116 -0.010434 0.735700
v 0.493001 -0.010171 0.739300
v 0.493001 -0.010171 0.735700
v 0.492853 -0.009926 0.739300
v 0.492853 -0.009926 0.735700
v 0.492672 -0.009704 0.739300
v 0.492672 -0.009704 0.735700
v 0.492462 -0.009508 0.739300
v 0.492462 -0.009508 0.735700
v 0.492228 -0.009343 0.739300
v 0.492228 -0.009343 0.735700
v 0.491974 -0.009211 0.739300
v 0.491974 -0.009211 0.735700
v 0.491703 -0.009115 0.739300
v 0.491703 -0.009115 0.735700
v 0.491423 -0.009056 0.739300
v 0.491423 -0.009056 0.735700
v 0.491137 -0.009037 0.739300
v 0.491137 -0.009037 0.735700
v 0.478804 -0.014024 0.739300
v 0.478909 -0.013956 0.735700
v 0.479031 -0.013887 0.739300
v 0.479163 -0.013824 0.735700
v 0.479275 -0.013779 0.739300
v 0.479433 -0.013728 0.735700
v 0.479530 -0.013703 0.739300
v 0.479714 -0.013670 0.735700
v 0.479792 -0.013660 0.739300
v 0.480000 -0.013650 0.735700
v 0.480000 -0.013650 0.739300
v 0.478552 -0.017271 0.739300
v 0.478465 -0.017183 0.735700
v 0.478372 -0.017076 0.739300
v 0.478284 -0.016961 0.735700
v 0.478217 -0.016860 0.739300
v 0.478135 -0.016716 0.735700
v 0.478091 -0.016625 0.739300
v 0.478021 -0.016453 0.735700
v 0.477996 -0.016377 0.739300
v 0.477944 -0.016177 0.735700
v 0.477933 -0.016118 0.739300
v 0.477905 -0.015893 0.735700
v 0.477903 -0.015854 0.739300
v 0.477905 -0.015607 0.735700
v 0.477906 -0.015588 0.739300
v 0.477944 -0.015323 0.735700
v 0.477944 -0.015325 0.739300
v 0.478021 -0.015047 0.735700
v 0.478014 -0.015068 0.739300
v 0.478135 -0.014784 0.735700
v 0.478116 -0.014822 0.739300
v 0.478284 -0.014539 0.735700
v 0.478248 -0.014592 0.739300
v 0.478465 -0.014317 0.735700
v 0.478409 -0.014379 0.739300
v 0.478675 -0.014121 0.735700
v 0.478595 -0.014189 0.739300
v 0.479220 -0.017700 0.739300
v 0.478909 -0.017544 0.735700
v 0.478980 -0.017586 0.739300
v 0.478675 -0.017379 0.735700
v 0.478756 -0.017442 0.739300
v 0.479163 -0.017676 0.735700
v 0.479473 -0.017783 0.739300
v 0.479433 -0.017772 0.735700
v 0.479734 -0.017833 0.739300
v 0.479714 -0.017830 0.735700
v 0.480000 -0.017850 0.739300
v 0.480000 -0.017850 0.735700
v 0.482095 -0.015893 0.739300
v 0.482056 -0.016177 0.735700
v 0.482056 -0.016177 0.739300
v 0.481979 -0.016453 0.735700
v 0.481979 -0.016453 0.739300
v 0.481865 -0.016716 0.735700
v 0.481865 -0.016716 0.739300
v 0.481716 -0.016961 0.735700
v 0.481716 -0.016961 0.739300
v 0.481535 -0.017183 0.735700
v 0.481535 -0.017183 0.739300
v 0.481325 -0.017379 0.735700
v 0.481325 -0.017379 0.739300
v 0.481091 -0.017544 0.735700
v 0.481091 -0.017544 0.739300
v 0.480837 -0.017676 0.735700
v 0.480837 -0.017676 0.739300
v 0.480567 -0.017772 0.735700
v 0.480567 -0.017772 0.739300
v 0.480286 -0.017830 0.735700
v 0.480286 -0.017830 0.739300
v 0.480000 -0.017850 0.735700
v 0.480000 -0.017850 0.739300
v 0.482095 -0.015893 0.735700
v 0.482095 -0.015607 0.739300
v 0.482095 -0.015607 0.735700
v 0.482056 -0.015323 0.739300
v 0.482056 -0.015323 0.735700
v 0.481979 -0.015047 0.739300
v 0.481979 -0.015047 0.735700
v 0.481865 -0.014784 0.739300
v 0.481865 -0.014784 0.735700
v 0.481716 -0.014539 0.739300
v 0.481716 -0.014539 0.735700
v 0.481535 -0.014317 0.739300
v 0.481535 -0.014317 0.735700
v 0.481325 -0.014121 0.739300
v 0.481325 -0.014121 0.735700
v 0.481091 -0.013956 0.739300
v 0.481091 -0.013956 0.735700
v 0.480837 -0.013824 0.739300
v 0.480837 -0.013824 0.735700
v 0.480567 -0.013728 0.739300
v 0.480567 -0.013728 0.735700
v 0.480286 -0.013670 0.739300
v 0.480286 -0.013670 0.735700
v 0.480000 -0.013650 0.739300
v 0.480000 -0.013650 0.735700
v 0.467667 0.012863 0.739300
v 0.467772 0.012931 0.735700
v 0.467895 0.013000 0.739300
v 0.468026 0.013063 0.735700
v 0.468138 0.013108 0.739300
v 0.468297 0.013159 0.735700
v 0.468393 0.013184 0.739300
v 0.468577 0.013217 0.735700
v 0.468655 0.013227 0.739300
v 0.468863 0.013237 0.735700
v 0.468863 0.013237 0.739300
v 0.467415 0.009616 0.739300
v 0.467328 0.009704 0.735700
v 0.467235 0.009811 0.739300
v 0.467147 0.009926 0.735700
v 0.467080 0.010028 0.739300
v 0.466999 0.010171 0.735700
v 0.466954 0.010262 0.739300
v 0.466884 0.010434 0.735700
v 0.466859 0.010510 0.739300
v 0.466807 0.010710 0.735700
v 0.466796 0.010769 0.739300
v 0.466768 0.010994 0.735700
v 0.466766 0.011033 0.739300
v 0.466768 0.011280 0.735700
v 0.466769 0.011299 0.739300
v 0.466807 0.011564 0.735700
v 0.466807 0.011562 0.739300
v 0.466884 0.011840 0.735700
v 0.466877 0.011819 0.739300
v 0.466999 0.012103 0.735700
v 0.466979 0.012065 0.739300
v 0.467147 0.012348 0.735700
v 0.467112 0.012295 0.739300
v 0.467328 0.012570 0.735700
v 0.467272 0.012508 0.739300
v 0.467538 0.012766 0.735700
v 0.467458 0.012698 0.739300
v 0.468083 0.009187 0.739300
v 0.467772 0.009343 0.735700
v 0.467843 0.009301 0.739300
v 0.467538 0.009508 0.735700
v 0.467619 0.009445 0.739300
v 0.468026 0.009211 0.735700
v 0.468336 0.009104 0.739300
v 0.468297 0.009115 0.735700
v 0.468598 0.009054 0.739300
v 0.468577 0.009056 0.735700
v 0.468863 0.009037 0.739300
v 0.468863 0.009037 0.735700
v 0.470958 0.010994 0.739300
v 0.470919 0.010710 0.735700
v 0.470919 0.010710 0.739300
v 0.470842 0.010434 0.735700
v 0.470842 0.010434 0.739300
v 0.470728 0.010171 0.735700
v 0.470728 0.010171 0.739300
v 0.470579 0.009926 0.735700
v 0.470579 0.009926 0.739300
v 0.470398 0.009704 0.735700
v 0.470398 0.009704 0.739300
v 0.470188 0.009508 0.735700
v 0.470188 0.009508 0.739300
v 0.469954 0.009343 0.735700
v 0.469954 0.009343 0.739300
v 0.469700 0.009211 0.735700
v 0.469700 0.009211 0.739300
v 0.469430 0.009115 0.735700
v 0.469430 0.009115 0.739300
v 0.469149 0.009056 0.735700
v 0.469149 0.009056 0.739300
v 0.468863 0.009037 0.735700
v 0.468863 0.009037 0.739300
v 0.470958 0.010994 0.735700
v 0.470958 0.011280 0.739300
v 0.470958 0.011280 0.735700
v 0.470919 0.011564 0.739300
v 0.470919 0.011564 0.735700
v 0.470842 0.011840 0.739300
v 0.470842 0.011840 0.735700
v 0.470728 0.012103 0.739300
v 0.470728 0.012103 0.735700
v 0.470579 0.012348 0.739300
v 0.470579 0.012348 0.735700
v 0.470398 0.012570 0.739300
v 0.470398 0.012570 0.735700
v 0.470188 0.012766 0.739300
v 0.470188 0.012766 0.735700
v 0.469954 0.012931 0.739300
v 0.469954 0.012931 0.735700
v 0.469700 0.013063 0.739300
v 0.469700 0.013063 0.735700
v 0.469430 0.013159 0.739300
v 0.469430 0.013159 0.735700
v 0.469149 0.013217 0.739300
v 0.469149 0.013217 0.735700
v 0.468863 0.013237 0.739300
v 0.468863 0.013237 0.735700
v 0.462716 0.002222 0.735000
v 0.462995 0.002391 0.735000
v 0.463046 0.002191 0.735115
v 0.463293 0.002525 0.735000
v 0.463330 0.002324 0.735115
v 0.463604 0.002622 0.735000
v 0.463628 0.002421 0.735115
v 0.463925 0.002680 0.735000
v 0.463937 0.002480 0.735115
v 0.464250 0.002700 0.735000
v 0.464250 0.002500 0.735115
v 0.463330 -0.002324 0.735115
v 0.462995 -0.002391 0.735000
v 0.463046 -0.002191 0.735115
v 0.462716 -0.002222 0.735000
v 0.462781 -0.002023 0.735115
v 0.463293 -0.002525 0.735000
v 0.463628 -0.002421 0.735115
v 0.463604 -0.002622 0.735000
v 0.463937 -0.002480 0.735115
v 0.463925 -0.002680 0.735000
v 0.464250 -0.002500 0.735115
v 0.464250 -0.002700 0.735000
v 0.462324 -0.001594 0.735115
v 0.462028 -0.001534 0.735000
v 0.462139 -0.001340 0.735115
v 0.461859 -0.001255 0.735000
v 0.461988 -0.001064 0.735115
v 0.462229 -0.001790 0.735000
v 0.462539 -0.001822 0.735115
v 0.462460 -0.002021 0.735000
v 0.461628 -0.000646 0.735000
v 0.461872 -0.000773 0.735115
v 0.461725 -0.000957 0.735000
v 0.462139 0.001340 0.735115
v 0.461988 0.001064 0.735115
v 0.461859 0.001255 0.735000
v 0.461872 0.000773 0.735115
v 0.461725 0.000957 0.735000
v 0.462028 0.001534 0.735000
v 0.462229 0.001790 0.735000
v 0.462324 0.001594 0.735115
v 0.462460 0.002021 0.735000
v 0.462539 0.001822 0.735115
v 0.462781 0.002023 0.735115
v 0.461570 -0.000325 0.735000
v 0.461794 -0.000468 0.735115
v 0.461550 0.000000 0.735000
v 0.461755 -0.000157 0.735115
v 0.461570 0.000325 0.735000
v 0.461628 0.000646 0.735000
v 0.461794 0.000468 0.735115
v 0.461755 0.000157 0.735115
v 0.476353 -0.020681 0.736000
v 0.476479 -0.019688 0.735000
v 0.477259 -0.020820 0.736000
v 0.477353 -0.019824 0.735000
v 0.478170 -0.020920 0.736000
v 0.478232 -0.019922 0.735000
v 0.479084 -0.020980 0.736000
v 0.479115 -0.019980 0.735000
v 0.480000 -0.021000 0.736000
v 0.480000 -0.020000 0.735000
v 0.476479 0.019688 0.735000
v 0.476353 0.020681 0.736000
v 0.477353 0.019824 0.735000
v 0.477259 0.020820 0.736000
v 0.478232 0.019922 0.735000
v 0.478170 0.020920 0.736000
v 0.479115 0.019980 0.735000
v 0.479084 0.020980 0.736000
v 0.480000 0.020000 0.735000
v 0.480000 0.021000 0.736000
v 0.473067 0.018760 0.735000
v 0.472818 0.019733 0.736000
v 0.473904 0.019048 0.735000
v 0.473685 0.020028 0.736000
v 0.474752 0.019299 0.735000
v 0.474565 0.020284 0.736000
v 0.475611 0.019513 0.735000
v 0.475455 0.020502 0.736000
v 0.470645 0.017677 0.735000
v 0.470303 0.018627 0.736000
v 0.471436 0.018074 0.735000
v 0.471125 0.019033 0.736000
v 0.472244 0.018435 0.735000
v 0.471964 0.019402 0.736000
v 0.467679 0.015754 0.735000
v 0.467216 0.016660 0.736000
v 0.468388 0.016284 0.735000
v 0.467955 0.017202 0.736000
v 0.469120 0.016781 0.735000
v 0.468717 0.017711 0.736000
v 0.469873 0.017246 0.735000
v 0.469500 0.018187 0.736000
v 0.465702 0.013985 0.735000
v 0.465151 0.014849 0.736000
v 0.466335 0.014604 0.735000
v 0.465813 0.015483 0.736000
v 0.466994 0.015194 0.735000
v 0.466501 0.016087 0.736000
v 0.463463 0.011249 0.735000
v 0.462798 0.012045 0.736000
v 0.463977 0.011969 0.735000
v 0.463340 0.012784 0.736000
v 0.464522 0.012667 0.735000
v 0.463913 0.013499 0.736000
v 0.465098 0.013339 0.735000
v 0.464517 0.014187 0.736000
v 0.462289 0.011283 0.736000
v 0.462982 0.010507 0.735000
v 0.461813 0.010500 0.736000
v 0.462534 0.009743 0.735000
v 0.461373 0.009697 0.736000
v 0.462120 0.008961 0.735000
v 0.460968 0.008875 0.736000
v 0.461741 0.008162 0.735000
v 0.460599 0.008036 0.736000
v 0.461398 0.007346 0.735000
v 0.460266 0.007182 0.736000
v 0.461091 0.006516 0.735000
v 0.459972 0.006315 0.736000
v 0.460822 0.005673 0.735000
v 0.459716 0.005435 0.736000
v 0.462534 -0.009743 0.735000
v 0.461813 -0.010500 0.736000
v 0.462120 -0.008961 0.735000
v 0.461373 -0.009697 0.736000
v 0.461741 -0.008162 0.735000
v 0.460968 -0.008875 0.736000
v 0.461398 -0.007346 0.735000
v 0.460599 -0.008036 0.736000
v 0.461091 -0.006516 0.735000
v 0.460266 -0.007182 0.736000
v 0.459972 -0.006315 0.736000
v 0.462289 -0.011283 0.736000
v 0.462982 -0.010507 0.735000
v 0.462798 -0.012045 0.736000
v 0.463463 -0.011249 0.735000
v 0.463977 -0.011969 0.735000
v 0.466335 -0.014604 0.735000
v 0.465813 -0.015483 0.736000
v 0.465702 -0.013985 0.735000
v 0.465151 -0.014849 0.736000
v 0.465098 -0.013339 0.735000
v 0.464517 -0.014187 0.736000
v 0.464522 -0.012667 0.735000
v 0.463913 -0.013499 0.736000
v 0.463340 -0.012784 0.736000
v 0.466501 -0.016087 0.736000
v 0.466994 -0.015194 0.735000
v 0.467216 -0.016660 0.736000
v 0.467679 -0.015754 0.735000
v 0.468388 -0.016284 0.735000
v 0.471436 -0.018074 0.735000
v 0.471125 -0.019033 0.736000
v 0.470645 -0.017677 0.735000
v 0.470303 -0.018627 0.736000
v 0.469873 -0.017246 0.735000
v 0.469500 -0.018187 0.736000
v 0.469120 -0.016781 0.735000
v 0.468717 -0.017711 0.736000
v 0.467955 -0.017202 0.736000
v 0.471964 -0.019402 0.736000
v 0.472244 -0.018435 0.735000
v 0.472818 -0.019733 0.736000
v 0.473067 -0.018760 0.735000
v 0.473904 -0.019048 0.735000
v 0.475611 -0.019513 0.735000
v 0.475455 -0.020502 0.736000
v 0.474752 -0.019299 0.735000
v 0.474565 -0.020284 0.736000
v 0.473685 -0.020028 0.736000
v 0.460589 0.004819 0.735000
v 0.459498 0.004545 0.736000
v 0.460395 0.003956 0.735000
v 0.459319 0.003647 0.736000
v 0.460239 0.003085 0.735000
v 0.460122 0.002208 0.735000
v 0.459180 0.002741 0.736000
v 0.460044 0.001326 0.735000
v 0.459020 0.000916 0.736000
v 0.459080 0.001830 0.736000
v 0.460005 0.000442 0.735000
v 0.459000 0.000000 0.736000
v 0.460044 -0.001326 0.735000
v 0.459080 -0.001830 0.736000
v 0.459020 -0.000916 0.736000
v 0.460005 -0.000442 0.735000
v 0.460122 -0.002208 0.735000
v 0.459180 -0.002741 0.736000
v 0.460239 -0.003085 0.735000
v 0.459319 -0.003647 0.736000
v 0.460589 -0.004819 0.735000
v 0.459716 -0.005435 0.736000
v 0.459498 -0.004545 0.736000
v 0.460395 -0.003956 0.735000
v 0.460822 -0.005673 0.735000
v 0.483647 0.020681 0.736000
v 0.483521 0.019688 0.735000
v 0.482741 0.020820 0.736000
v 0.482647 0.019824 0.735000
v 0.481830 0.020920 0.736000
v 0.481768 0.019922 0.735000
v 0.480916 0.020980 0.736000
v 0.480885 0.019980 0.735000
v 0.480000 0.021000 0.736000
v 0.480000 0.020000 0.735000
v 0.483521 -0.019688 0.735000
v 0.483647 -0.020681 0.736000
v 0.482647 -0.019824 0.735000
v 0.482741 -0.020820 0.736000
v 0.481768 -0.019922 0.735000
v 0.481830 -0.020920 0.736000
v 0.480885 -0.019980 0.735000
v 0.480916 -0.020980 0.736000
v 0.480000 -0.020000 0.735000
v 0.480000 -0.021000 0.736000
v 0.486933 -0.018760 0.735000
v 0.487182 -0.019733 0.736000
v 0.486096 -0.019048 0.735000
v 0.486315 -0.020028 0.736000
v 0.485248 -0.019299 0.735000
v 0.485435 -0.020284 0.736000
v 0.484389 -0.019513 0.735000
v 0.484545 -0.020502 0.736000
v 0.489355 -0.017677 0.735000
v 0.489697 -0.018627 0.736000
v 0.488564 -0.018074 0.735000
v 0.488875 -0.019033 0.736000
v 0.487756 -0.018435 0.735000
v 0.488036 -0.019402 0.736000
v 0.492321 -0.015754 0.735000
v 0.492784 -0.016660 0.736000
v 0.491612 -0.016284 0.735000
v 0.492045 -0.017202 0.736000
v 0.490880 -0.016781 0.735000
v 0.491283 -0.017711 0.736000
v 0.490127 -0.017246 0.735000
v 0.490500 -0.018187 0.736000
v 0.494298 -0.013985 0.735000
v 0.494849 -0.014849 0.736000
v 0.493665 -0.014604 0.735000
v 0.494187 -0.015483 0.736000
v 0.493006 -0.015194 0.735000
v 0.493499 -0.016087 0.736000
v 0.496537 -0.011249 0.735000
v 0.497202 -0.012045 0.736000
v 0.496023 -0.011969 0.735000
v 0.496660 -0.012784 0.736000
v 0.495478 -0.012667 0.735000
v 0.496087 -0.013499 0.736000
v 0.494902 -0.013339 0.735000
v 0.495483 -0.014187 0.736000
v 0.497711 -0.011283 0.736000
v 0.497018 -0.010507 0.735000
v 0.498187 -0.010500 0.736000
v 0.497466 -0.009743 0.735000
v 0.498627 -0.009697 0.736000
v 0.497880 -0.008961 0.735000
v 0.499032 -0.008875 0.736000
v 0.498259 -0.008162 0.735000
v 0.499401 -0.008036 0.736000
v 0.498602 -0.007346 0.735000
v 0.499734 -0.007182 0.736000
v 0.498909 -0.006516 0.735000
v 0.500028 -0.006315 0.736000
v 0.499178 -0.005673 0.735000
v 0.500284 -0.005435 0.736000
v 0.497466 0.009743 0.735000
v 0.498187 0.010500 0.736000
v 0.497880 0.008961 0.735000
v 0.498627 0.009697 0.736000
v 0.498259 0.008162 0.735000
v 0.499032 0.008875 0.736000
v 0.498602 0.007346 0.735000
v 0.499401 0.008036 0.736000
v 0.498909 0.006516 0.735000
v 0.499734 0.007182 0.736000
v 0.500028 0.006315 0.736000
v 0.497711 0.011283 0.736000
v 0.497018 0.010507 0.735000
v 0.497202 0.012045 0.736000
v 0.496537 0.011249 0.735000
v 0.496023 0.011969 0.735000
v 0.493665 0.014604 0.735000
v 0.494187 0.015483 0.736000
v 0.494298 0.013985 0.735000
v 0.494849 0.014849 0.736000
v 0.494902 0.013339 0.735000
v 0.495483 0.014187 0.736000
v 0.495478 0.012667 0.735000
v 0.496087 0.013499 0.736000
v 0.496660 0.012784 0.736000
v 0.493499 0.016087 0.736000
v 0.493006 0.015194 0.735000
v 0.492784 0.016660 0.736000
v 0.492321 0.015754 0.735000
v 0.491612 0.016284 0.735000
v 0.488564 0.018074 0.735000
v 0.488875 0.019033 0.736000
v 0.489355 0.017677 0.735000
v 0.489697 0.018627 0.736000
v 0.490127 0.017246 0.735000
v 0.490500 0.018187 0.736000
v 0.490880 0.016781 0.735000
v 0.491283 0.017711 0.736000
v 0.492045 0.017202 0.736000
v 0.488036 0.019402 0.736000
v 0.487756 0.018435 0.735000
v 0.487182 0.019733 0.736000
v 0.486933 0.018760 0.735000
v 0.486096 0.019048 0.735000
v 0.484389 0.019513 0.735000
v 0.484545 0.020502 0.736000
v 0.485248 0.019299 0.735000
v 0.485435 0.020284 0.736000
v 0.486315 0.020028 0.736000
v 0.499411 -0.004819 0.735000
v 0.500502 -0.004545 0.736000
v 0.499605 -0.003956 0.735000
v 0.500681 -0.003647 0.736000
v 0.499761 -0.003085 0.735000
v 0.499878 -0.002208 0.735000
v 0.500820 -0.002741 0.736000
v 0.499956 -0.001326 0.735000
v 0.500980 -0.000916 0.736000
v 0.500920 -0.001830 0.736000
v 0.499995 -0.000442 0.735000
v 0.501000 0.000000 0.736000
v 0.499956 0.001326 0.735000
v 0.500920 0.001830 0.736000
v 0.500980 0.000916 0.736000
v 0.499995 0.000442 0.735000
v 0.499878 0.002208 0.735000
v 0.500820 0.002741 0.736000
v 0.499761 0.003085 0.735000
v 0.500681 0.003647 0.736000
v 0.499411 0.004819 0.735000
v 0.500284 0.005435 0.736000
v 0.500502 0.004545 0.736000
v 0.499605 0.003956 0.735000
v 0.499178 0.005673 0.735000
v 0.482893 -0.008522 0.735000
v 0.482329 -0.008693 0.735000
v 0.482205 -0.007690 0.736000
v 0.481756 -0.008827 0.735000
v 0.481663 -0.007825 0.736000
v 0.481175 -0.008923 0.735000
v 0.481113 -0.007922 0.736000
v 0.480589 -0.008981 0.735000
v 0.480558 -0.007981 0.736000
v 0.480000 -0.009000 0.735000
v 0.480000 -0.008000 0.736000
v 0.481663 0.007825 0.736000
v 0.482329 0.008693 0.735000
v 0.482205 0.007690 0.736000
v 0.482893 0.008522 0.735000
v 0.482736 0.007518 0.736000
v 0.481756 0.008827 0.735000
v 0.481113 0.007922 0.736000
v 0.481175 0.008923 0.735000
v 0.480558 0.007981 0.736000
v 0.480589 0.008981 0.735000
v 0.480000 0.008000 0.736000
v 0.480000 0.009000 0.735000
v 0.483981 0.008072 0.735000
v 0.483254 0.007308 0.736000
v 0.483444 0.008315 0.735000
v 0.485000 0.007483 0.735000
v 0.485479 0.007140 0.735000
v 0.484702 0.006472 0.736000
v 0.485934 0.006767 0.735000
v 0.485142 0.006128 0.736000
v 0.486364 0.006364 0.735000
v 0.485557 0.005755 0.736000
v 0.486767 0.005934 0.735000
v 0.485945 0.005353 0.736000
v 0.487140 0.005479 0.735000
v 0.486304 0.004925 0.736000
v 0.486928 0.004000 0.736000
v 0.488072 0.003981 0.735000
v 0.487190 0.003507 0.736000
v 0.488315 0.003444 0.735000
v 0.487417 0.002997 0.736000
v 0.487794 0.004500 0.735000
v 0.486632 0.004474 0.736000
v 0.487483 0.005000 0.735000
v 0.488981 0.000589 0.735000
v 0.487956 0.000836 0.736000
v 0.488923 0.001175 0.735000
v 0.487878 0.001389 0.736000
v 0.488827 0.001756 0.735000
v 0.487762 0.001935 0.736000
v 0.488693 0.002329 0.735000
v 0.487608 0.002472 0.736000
v 0.488522 0.002893 0.735000
v 0.488923 -0.001175 0.735000
v 0.488827 -0.001756 0.735000
v 0.487878 -0.001389 0.736000
v 0.488693 -0.002329 0.735000
v 0.487762 -0.001935 0.736000
v 0.488522 -0.002893 0.735000
v 0.487608 -0.002472 0.736000
v 0.488315 -0.003444 0.735000
v 0.487417 -0.002997 0.736000
v 0.488072 -0.003981 0.735000
v 0.487190 -0.003507 0.736000
v 0.486632 -0.004474 0.736000
v 0.487140 -0.005479 0.735000
v 0.486304 -0.004925 0.736000
v 0.486767 -0.005934 0.735000
v 0.485945 -0.005353 0.736000
v 0.487483 -0.005000 0.735000
v 0.486928 -0.004000 0.736000
v 0.487794 -0.004500 0.735000
v 0.485000 -0.007483 0.735000
v 0.484702 -0.006472 0.736000
v 0.485479 -0.007140 0.735000
v 0.485142 -0.006128 0.736000
v 0.485934 -0.006767 0.735000
v 0.485557 -0.005755 0.736000
v 0.486364 -0.006364 0.735000
v 0.482736 -0.007518 0.736000
v 0.483254 -0.007308 0.736000
v 0.483444 -0.008315 0.735000
v 0.484500 0.007794 0.735000
v 0.483756 0.007064 0.736000
v 0.484239 0.006784 0.736000
v 0.489000 0.000000 0.735000
v 0.487995 0.000279 0.736000
v 0.488981 -0.000589 0.735000
v 0.487995 -0.000279 0.736000
v 0.487956 -0.000836 0.736000
v 0.484500 -0.007794 0.735000
v 0.483756 -0.007064 0.736000
v 0.484239 -0.006784 0.736000
v 0.483981 -0.008072 0.735000
v 0.477107 0.008522 0.735000
v 0.477671 0.008693 0.735000
v 0.477795 0.007690 0.736000
v 0.478244 0.008827 0.735000
v 0.478337 0.007825 0.736000
v 0.478825 0.008923 0.735000
v 0.478887 0.007922 0.736000
v 0.479411 0.008981 0.735000
v 0.479442 0.007981 0.736000
v 0.480000 0.009000 0.735000
v 0.480000 0.008000 0.736000
v 0.478337 -0.007825 0.736000
v 0.477671 -0.008693 0.735000
v 0.477795 -0.007690 0.736000
v 0.477107 -0.008522 0.735000
v 0.477264 -0.007518 0.736000
v 0.478244 -0.008827 0.735000
v 0.478887 -0.007922 0.736000
v 0.478825 -0.008923 0.735000
v 0.479442 -0.007981 0.736000
v 0.479411 -0.008981 0.735000
v 0.480000 -0.008000 0.736000
v 0.480000 -0.009000 0.735000
v 0.476019 -0.008072 0.735000
v 0.476746 -0.007308 0.736000
v 0.476556 -0.008315 0.735000
v 0.475000 -0.007483 0.735000
v 0.474521 -0.007140 0.735000
v 0.475298 -0.006472 0.736000
v 0.474066 -0.006767 0.735000
v 0.474858 -0.006128 0.736000
v 0.473636 -0.006364 0.735000
v 0.474443 -0.005755 0.736000
v 0.473233 -0.005934 0.735000
v 0.474055 -0.005353 0.736000
v 0.472860 -0.005479 0.735000
v 0.473696 -0.004925 0.736000
v 0.473072 -0.004000 0.736000
v 0.471928 -0.003981 0.735000
v 0.472810 -0.003507 0.736000
v 0.471685 -0.003444 0.735000
v 0.472583 -0.002997 0.736000
v 0.472206 -0.004500 0.735000
v 0.473368 -0.004474 0.736000
v 0.472517 -0.005000 0.735000
v 0.471019 -0.000589 0.735000
v 0.472044 -0.000836 0.736000
v 0.471077 -0.001175 0.735000
v 0.472122 -0.001389 0.736000
v 0.471173 -0.001756 0.735000
v 0.472238 -0.001935 0.736000
v 0.471307 -0.002329 0.735000
v 0.472392 -0.002472 0.736000
v 0.471478 -0.002893 0.735000
v 0.471077 0.001175 0.735000
v 0.471173 0.001756 0.735000
v 0.472122 0.001389 0.736000
v 0.471307 0.002329 0.735000
v 0.472238 0.001935 0.736000
v 0.471478 0.002893 0.735000
v 0.472392 0.002472 0.736000
v 0.471685 0.003444 0.735000
v 0.472583 0.002997 0.736000
v 0.471928 0.003981 0.735000
v 0.472810 0.003507 0.736000
v 0.473368 0.004474 0.736000
v 0.472860 0.005479 0.735000
v 0.473696 0.004925 0.736000
v 0.473233 0.005934 0.735000
v 0.474055 0.005353 0.736000
v 0.472517 0.005000 0.735000
v 0.473072 0.004000 0.736000
v 0.472206 0.004500 0.735000
v 0.475000 0.007483 0.735000
v 0.475298 0.006472 0.736000
v 0.474521 0.007140 0.735000
v 0.474858 0.006128 0.736000
v 0.474066 0.006767 0.735000
v 0.474443 0.005755 0.736000
v 0.473636 0.006364 0.735000
v 0.477264 0.007518 0.736000
v 0.476746 0.007308 0.736000
v 0.476556 0.008315 0.735000
v 0.475500 -0.007794 0.735000
v 0.476244 -0.007064 0.736000
v 0.475761 -0.006784 0.736000
v 0.471000 0.000000 0.735000
v 0.472005 -0.000279 0.736000
v 0.471019 0.000589 0.735000
v 0.472005 0.000279 0.736000
v 0.472044 0.000836 0.736000
v 0.475500 0.007794 0.735000
v 0.476244 0.007064 0.736000
v 0.475761 0.006784 0.736000
v 0.476019 0.008072 0.735000
v 0.479042 0.018381 0.735000
v 0.479354 0.018475 0.735000
v 0.479433 0.017772 0.735700
v 0.479675 0.018531 0.735000
v 0.479714 0.017830 0.735700
v 0.480000 0.018550 0.735000
v 0.480000 0.017850 0.735700
v 0.479042 0.013119 0.735000
v 0.479433 0.013728 0.735700
v 0.479354 0.013026 0.735000
v 0.479714 0.013670 0.735700
v 0.479675 0.012969 0.735000
v 0.480000 0.013650 0.735700
v 0.480000 0.012950 0.735000
v 0.478743 0.013248 0.735000
v 0.478461 0.013411 0.735000
v 0.478909 0.013956 0.735700
v 0.478200 0.013605 0.735000
v 0.478675 0.014121 0.735700
v 0.477963 0.013829 0.735000
v 0.478465 0.014317 0.735700
v 0.477429 0.014641 0.735000
v 0.478135 0.014784 0.735700
v 0.477575 0.014350 0.735000
v 0.478284 0.014539 0.735700
v 0.477754 0.014078 0.735000
v 0.477318 0.014947 0.735000
v 0.478021 0.015047 0.735700
v 0.477243 0.015264 0.735000
v 0.477944 0.015323 0.735700
v 0.477205 0.015587 0.735000
v 0.477905 0.015607 0.735700
v 0.477205 0.015913 0.735000
v 0.477905 0.015893 0.735700
v 0.477429 0.016859 0.735000
v 0.478021 0.016453 0.735700
v 0.477318 0.016553 0.735000
v 0.477944 0.016177 0.735700
v 0.477243 0.016236 0.735000
v 0.477575 0.017150 0.735000
v 0.478135 0.016716 0.735700
v 0.477754 0.017422 0.735000
v 0.478284 0.016961 0.735700
v 0.477963 0.017671 0.735000
v 0.478465 0.017183 0.735700
v 0.478200 0.017895 0.735000
v 0.478675 0.017379 0.735700
v 0.478743 0.018252 0.735000
v 0.478909 0.017544 0.735700
v 0.478461 0.018089 0.735000
v 0.479163 0.013824 0.735700
v 0.479163 0.017676 0.735700
v 0.480958 0.013119 0.735000
v 0.480646 0.013026 0.735000
v 0.480567 0.013728 0.735700
v 0.480325 0.012969 0.735000
v 0.480286 0.013670 0.735700
v 0.480000 0.012950 0.735000
v 0.480000 0.013650 0.735700
v 0.480958 0.018381 0.735000
v 0.480567 0.017772 0.735700
v 0.480646 0.018475 0.735000
v 0.480286 0.017830 0.735700
v 0.480325 0.018531 0.735000
v 0.480000 0.017850 0.735700
v 0.480000 0.018550 0.735000
v 0.481257 0.018252 0.735000
v 0.481539 0.018089 0.735000
v 0.481091 0.017544 0.735700
v 0.481800 0.017895 0.735000
v 0.481325 0.017379 0.735700
v 0.482037 0.017671 0.735000
v 0.481535 0.017183 0.735700
v 0.482571 0.016859 0.735000
v 0.481865 0.016716 0.735700
v 0.482425 0.017150 0.735000
v 0.481716 0.016961 0.735700
v 0.482246 0.017422 0.735000
v 0.482682 0.016553 0.735000
v 0.481979 0.016453 0.735700
v 0.482757 0.016236 0.735000
v 0.482056 0.016177 0.735700
v 0.482795 0.015913 0.735000
v 0.482095 0.015893 0.735700
v 0.482795 0.015587 0.735000
v 0.482095 0.015607 0.735700
v 0.482571 0.014641 0.735000
v 0.481979 0.015047 0.735700
v 0.482682 0.014947 0.735000
v 0.482056 0.015323 0.735700
v 0.482757 0.015264 0.735000
v 0.482425 0.014350 0.735000
v 0.481865 0.014784 0.735700
v 0.482246 0.014078 0.735000
v 0.481716 0.014539 0.735700
v 0.482037 0.013829 0.735000
v 0.481535 0.014317 0.735700
v 0.481800 0.013605 0.735000
v 0.481325 0.014121 0.735700
v 0.481257 0.013248 0.735000
v 0.481091 0.013956 0.735700
v 0.481539 0.013411 0.735000
v 0.480837 0.017676 0.735700
v 0.480837 0.013824 0.735700
v 0.494792 0.002631 0.735000
v 0.495104 0.002725 0.735000
v 0.495183 0.002022 0.735700
v 0.495425 0.002781 0.735000
v 0.495464 0.002080 0.735700
v 0.495750 0.002800 0.735000
v 0.495750 0.002100 0.735700
v 0.494792 -0.002631 0.735000
v 0.495183 -0.002022 0.735700
v 0.495104 -0.002725 0.735000
v 0.495464 -0.002080 0.735700
v 0.495425 -0.002781 0.735000
v 0.495750 -0.002100 0.735700
v 0.495750 -0.002800 0.735000
v 0.494493 -0.002502 0.735000
v 0.494211 -0.002339 0.735000
v 0.494659 -0.001794 0.735700
v 0.493950 -0.002145 0.735000
v 0.494425 -0.001629 0.735700
v 0.493713 -0.001921 0.735000
v 0.494215 -0.001433 0.735700
v 0.493179 -0.001109 0.735000
v 0.493885 -0.000966 0.735700
v 0.493325 -0.001400 0.735000
v 0.494034 -0.001211 0.735700
v 0.493504 -0.001672 0.735000
v 0.493068 -0.000803 0.735000
v 0.493771 -0.000703 0.735700
v 0.492993 -0.000486 0.735000
v 0.493694 -0.000427 0.735700
v 0.492955 -0.000163 0.735000
v 0.493655 -0.000143 0.735700
v 0.492955 0.000163 0.735000
v 0.493655 0.000143 0.735700
v 0.493179 0.001109 0.735000
v 0.493771 0.000703 0.735700
v 0.493068 0.000803 0.735000
v 0.493694 0.000427 0.735700
v 0.492993 0.000486 0.735000
v 0.493325 0.001400 0.735000
v 0.493885 0.000966 0.735700
v 0.493504 0.001672 0.735000
v 0.494034 0.001211 0.735700
v 0.493713 0.001921 0.735000
v 0.494215 0.001433 0.735700
v 0.493950 0.002145 0.735000
v 0.494425 0.001629 0.735700
v 0.494493 0.002502 0.735000
v 0.494659 0.001794 0.735700
v 0.494211 0.002339 0.735000
v 0.494913 -0.001926 0.735700
v 0.494913 0.001926 0.735700
v 0.496708 -0.002631 0.735000
v 0.496396 -0.002725 0.735000
v 0.496317 -0.002022 0.735700
v 0.496075 -0.002781 0.735000
v 0.496036 -0.002080 0.735700
v 0.495750 -0.002800 0.735000
v 0.495750 -0.002100 0.735700
v 0.496708 0.002631 0.735000
v 0.496317 0.002022 0.735700
v 0.496396 0.002725 0.735000
v 0.496036 0.002080 0.735700
v 0.496075 0.002781 0.735000
v 0.495750 0.002100 0.735700
v 0.495750 0.002800 0.735000
v 0.497007 0.002502 0.735000
v 0.497289 0.002339 0.735000
v 0.496841 0.001794 0.735700
v 0.497550 0.002145 0.735000
v 0.497075 0.001629 0.735700
v 0.497787 0.001921 0.735000
v 0.497285 0.001433 0.735700
v 0.498321 0.001109 0.735000
v 0.497615 0.000966 0.735700
v 0.498175 0.001400 0.735000
v 0.497466 0.001211 0.735700
v 0.497996 0.001672 0.735000
v 0.498432 0.000803 0.735000
v 0.497729 0.000703 0.735700
v 0.498507 0.000486 0.735000
v 0.497806 0.000427 0.735700
v 0.498545 0.000163 0.735000
v 0.497845 0.000143 0.735700
v 0.498545 -0.000163 0.735000
v 0.497845 -0.000143 0.735700
v 0.498321 -0.001109 0.735000
v 0.497729 -0.000703 0.735700
v 0.498432 -0.000803 0.735000
v 0.497806 -0.000427 0.735700
v 0.498507 -0.000486 0.735000
v 0.498175 -0.001400 0.735000
v 0.497615 -0.000966 0.735700
v 0.497996 -0.001672 0.735000
v 0.497466 -0.001211 0.735700
v 0.497787 -0.001921 0.735000
v 0.497285 -0.001433 0.735700
v 0.497550 -0.002145 0.735000
v 0.497075 -0.001629 0.735700
v 0.497007 -0.002502 0.735000
v 0.496841 -0.001794 0.735700
v 0.497289 -0.002339 0.735000
v 0.496587 0.001926 0.735700
v 0.496587 -0.001926 0.735700
v 0.479042 -0.013119 0.735000
v 0.479354 -0.013026 0.735000
v 0.479433 -0.013728 0.735700
v 0.479675 -0.012969 0.735000
v 0.479714 -0.013670 0.735700
v 0.480000 -0.012950 0.735000
v 0.480000 -0.013650 0.735700
v 0.479042 -0.018381 0.735000
v 0.479433 -0.017772 0.735700
v 0.479354 -0.018475 0.735000
v 0.479714 -0.017830 0.735700
v 0.479675 -0.018531 0.735000
v 0.480000 -0.017850 0.735700
v 0.480000 -0.018550 0.735000
v 0.478743 -0.018252 0.735000
v 0.478461 -0.018089 0.735000
v 0.478909 -0.017544 0.735700
v 0.478200 -0.017895 0.735000
v 0.478675 -0.017379 0.735700
v 0.477963 -0.017671 0.735000
v 0.478465 -0.017183 0.735700
v 0.477429 -0.016859 0.735000
v 0.478135 -0.016716 0.735700
v 0.477575 -0.017150 0.735000
v 0.478284 -0.016961 0.735700
v 0.477754 -0.017422 0.735000
v 0.477318 -0.016553 0.735000
v 0.478021 -0.016453 0.735700
v 0.477243 -0.016236 0.735000
v 0.477944 -0.016177 0.735700
v 0.477205 -0.015913 0.735000
v 0.477905 -0.015893 0.735700
v 0.477205 -0.015587 0.735000
v 0.477905 -0.015607 0.735700
v 0.477429 -0.014641 0.735000
v 0.478021 -0.015047 0.735700
v 0.477318 -0.014947 0.735000
v 0.477944 -0.015323 0.735700
v 0.477243 -0.015264 0.735000
v 0.477575 -0.014350 0.735000
v 0.478135 -0.014784 0.735700
v 0.477754 -0.014078 0.735000
v 0.478284 -0.014539 0.735700
v 0.477963 -0.013829 0.735000
v 0.478465 -0.014317 0.735700
v 0.478200 -0.013605 0.735000
v 0.478675 -0.014121 0.735700
v 0.478743 -0.013248 0.735000
v 0.478909 -0.013956 0.735700
v 0.478461 -0.013411 0.735000
v 0.479163 -0.017676 0.735700
v 0.479163 -0.013824 0.735700
v 0.480958 -0.018381 0.735000
v 0.480646 -0.018475 0.735000
v 0.480567 -0.017772 0.735700
v 0.480325 -0.018531 0.735000
v 0.480286 -0.017830 0.735700
v 0.480000 -0.018550 0.735000
v 0.480000 -0.017850 0.735700
v 0.480958 -0.013119 0.735000
v 0.480567 -0.013728 0.735700
v 0.480646 -0.013026 0.735000
v 0.480286 -0.013670 0.735700
v 0.480325 -0.012969 0.735000
v 0.480000 -0.013650 0.735700
v 0.480000 -0.012950 0.735000
v 0.481257 -0.013248 0.735000
v 0.481539 -0.013411 0.735000
v 0.481091 -0.013956 0.735700
v 0.481800 -0.013605 0.735000
v 0.481325 -0.014121 0.735700
v 0.482037 -0.013829 0.735000
v 0.481535 -0.014317 0.735700
v 0.482571 -0.014641 0.735000
v 0.481865 -0.014784 0.735700
v 0.482425 -0.014350 0.735000
v 0.481716 -0.014539 0.735700
v 0.482246 -0.014078 0.735000
v 0.482682 -0.014947 0.735000
v 0.481979 -0.015047 0.735700
v 0.482757 -0.015264 0.735000
v 0.482056 -0.015323 0.735700
v 0.482795 -0.015587 0.735000
v 0.482095 -0.015607 0.735700
v 0.482795 -0.015913 0.735000
v 0.482095 -0.015893 0.735700
v 0.482571 -0.016859 0.735000
v 0.481979 -0.016453 0.735700
v 0.482682 -0.016553 0.735000
v 0.482056 -0.016177 0.735700
v 0.482757 -0.016236 0.735000
v 0.482425 -0.017150 0.735000
v 0.481865 -0.016716 0.735700
v 0.482246 -0.017422 0.735000
v 0.481716 -0.016961 0.735700
v 0.482037 -0.017671 0.735000
v 0.481535 -0.017183 0.735700
v 0.481800 -0.017895 0.735000
v 0.481325 -0.017379 0.735700
v 0.481257 -0.018252 0.735000
v 0.481091 -0.017544 0.735700
v 0.481539 -0.018089 0.735000
v 0.480837 -0.013824 0.735700
v 0.480837 -0.017676 0.735700
v 0.467905 -0.008506 0.735000
v 0.468217 -0.008412 0.735000
v 0.468297 -0.009115 0.735700
v 0.468538 -0.008356 0.735000
v 0.468577 -0.009056 0.735700
v 0.468863 -0.008337 0.735000
v 0.468863 -0.009037 0.735700
v 0.467905 -0.013768 0.735000
v 0.468297 -0.013159 0.735700
v 0.468217 -0.013862 0.735000
v 0.468577 -0.013217 0.735700
v 0.468538 -0.013918 0.735000
v 0.468863 -0.013237 0.735700
v 0.468863 -0.013937 0.735000
v 0.467606 -0.013639 0.735000
v 0.467324 -0.013476 0.735000
v 0.467772 -0.012931 0.735700
v 0.467063 -0.013282 0.735000
v 0.467538 -0.012766 0.735700
v 0.466826 -0.013058 0.735000
v 0.467328 -0.012570 0.735700
v 0.466292 -0.012246 0.735000
v 0.466999 -0.012103 0.735700
v 0.466438 -0.012537 0.735000
v 0.467147 -0.012348 0.735700
v 0.466617 -0.012809 0.735000
v 0.466181 -0.011940 0.735000
v 0.466884 -0.011840 0.735700
v 0.466106 -0.011623 0.735000
v 0.466807 -0.011564 0.735700
v 0.466068 -0.011300 0.735000
v 0.466768 -0.011280 0.735700
v 0.466068 -0.010974 0.735000
v 0.466768 -0.010994 0.735700
v 0.466292 -0.010028 0.735000
v 0.466884 -0.010434 0.735700
v 0.466181 -0.010334 0.735000
v 0.466807 -0.010710 0.735700
v 0.466106 -0.010651 0.735000
v 0.466438 -0.009737 0.735000
v 0.466999 -0.010171 0.735700
v 0.466617 -0.009465 0.735000
v 0.467147 -0.009926 0.735700
v 0.466826 -0.009215 0.735000
v 0.467328 -0.009704 0.735700
v 0.467063 -0.008992 0.735000
v 0.467538 -0.009508 0.735700
v 0.467606 -0.008635 0.735000
v 0.467772 -0.009343 0.735700
v 0.467324 -0.008798 0.735000
v 0.468026 -0.013063 0.735700
v 0.468026 -0.009211 0.735700
v 0.469821 -0.013768 0.735000
v 0.469509 -0.013862 0.735000
v 0.469430 -0.013159 0.735700
v 0.469188 -0.013918 0.735000
v 0.469149 -0.013217 0.735700
v 0.468863 -0.013937 0.735000
v 0.468863 -0.013237 0.735700
v 0.469821 -0.008506 0.735000
v 0.469430 -0.009115 0.735700
v 0.469509 -0.008412 0.735000
v 0.469149 -0.009056 0.735700
v 0.469188 -0.008356 0.735000
v 0.468863 -0.009037 0.735700
v 0.468863 -0.008337 0.735000
v 0.470120 -0.008635 0.735000
v 0.470402 -0.008798 0.735000
v 0.469954 -0.009343 0.735700
v 0.470663 -0.008992 0.735000
v 0.470188 -0.009508 0.735700
v 0.470900 -0.009215 0.735000
v 0.470398 -0.009704 0.735700
v 0.471434 -0.010028 0.735000
v 0.470728 -0.010171 0.735700
v 0.471288 -0.009737 0.735000
v 0.470579 -0.009926 0.735700
v 0.471109 -0.009465 0.735000
v 0.471545 -0.010334 0.735000
v 0.470842 -0.010434 0.735700
v 0.471621 -0.010651 0.735000
v 0.470919 -0.010710 0.735700
v 0.471658 -0.010974 0.735000
v 0.470958 -0.010994 0.735700
v 0.471658 -0.011300 0.735000
v 0.470958 -0.011280 0.735700
v 0.471434 -0.012246 0.735000
v 0.470842 -0.011840 0.735700
v 0.471545 -0.011940 0.735000
v 0.470919 -0.011564 0.735700
v 0.471621 -0.011623 0.735000
v 0.471288 -0.012537 0.735000
v 0.470728 -0.012103 0.735700
v 0.471109 -0.012809 0.735000
v 0.470579 -0.012348 0.735700
v 0.470900 -0.013058 0.735000
v 0.470398 -0.012570 0.735700
v 0.470663 -0.013282 0.735000
v 0.470188 -0.012766 0.735700
v 0.470120 -0.013639 0.735000
v 0.469954 -0.012931 0.735700
v 0.470402 -0.013476 0.735000
v 0.469700 -0.009211 0.735700
v 0.469700 -0.013063 0.735700
v 0.490179 -0.008506 0.735000
v 0.490491 -0.008412 0.735000
v 0.490570 -0.009115 0.735700
v 0.490812 -0.008356 0.735000
v 0.490851 -0.009056 0.735700
v 0.491137 -0.008337 0.735000
v 0.491137 -0.009037 0.735700
v 0.490179 -0.013768 0.735000
v 0.490570 -0.013159 0.735700
v 0.490491 -0.013862 0.735000
v 0.490851 -0.013217 0.735700
v 0.490812 -0.013918 0.735000
v 0.491137 -0.013237 0.735700
v 0.491137 -0.013937 0.735000
v 0.489880 -0.013639 0.735000
v 0.489598 -0.013476 0.735000
v 0.490046 -0.012931 0.735700
v 0.489337 -0.013282 0.735000
v 0.489812 -0.012766 0.735700
v 0.489100 -0.013058 0.735000
v 0.489602 -0.012570 0.735700
v 0.488566 -0.012246 0.735000
v 0.489272 -0.012103 0.735700
v 0.488712 -0.012537 0.735000
v 0.489421 -0.012348 0.735700
v 0.488891 -0.012809 0.735000
v 0.488455 -0.011940 0.735000
v 0.489158 -0.011840 0.735700
v 0.488379 -0.011623 0.735000
v 0.489081 -0.011564 0.735700
v 0.488342 -0.011300 0.735000
v 0.489042 -0.011280 0.735700
v 0.488342 -0.010974 0.735000
v 0.489042 -0.010994 0.735700
v 0.488566 -0.010028 0.735000
v 0.489158 -0.010434 0.735700
v 0.488455 -0.010334 0.735000
v 0.489081 -0.010710 0.735700
v 0.488379 -0.010651 0.735000
v 0.488712 -0.009737 0.735000
v 0.489272 -0.010171 0.735700
v 0.488891 -0.009465 0.735000
v 0.489421 -0.009926 0.735700
v 0.489100 -0.009215 0.735000
v 0.489602 -0.009704 0.735700
v 0.489337 -0.008992 0.735000
v 0.489812 -0.009508 0.735700
v 0.489880 -0.008635 0.735000
v 0.490046 -0.009343 0.735700
v 0.489598 -0.008798 0.735000
v 0.490300 -0.013063 0.735700
v 0.490300 -0.009211 0.735700
v 0.492095 -0.013768 0.735000
v 0.491783 -0.013862 0.735000
v 0.491703 -0.013159 0.735700
v 0.491462 -0.013918 0.735000
v 0.491423 -0.013217 0.735700
v 0.491137 -0.013937 0.735000
v 0.491137 -0.013237 0.735700
v 0.492095 -0.008506 0.735000
v 0.491703 -0.009115 0.735700
v 0.491783 -0.008412 0.735000
v 0.491423 -0.009056 0.735700
v 0.491462 -0.008356 0.735000
v 0.491137 -0.009037 0.735700
v 0.491137 -0.008337 0.735000
v 0.492394 -0.008635 0.735000
v 0.492676 -0.008798 0.735000
v 0.492228 -0.009343 0.735700
v 0.492937 -0.008992 0.735000
v 0.492462 -0.009508 0.735700
v 0.493174 -0.009215 0.735000
v 0.492672 -0.009704 0.735700
v 0.493708 -0.010028 0.735000
v 0.493001 -0.010171 0.735700
v 0.493562 -0.009737 0.735000
v 0.492853 -0.009926 0.735700
v 0.493383 -0.009465 0.735000
v 0.493819 -0.010334 0.735000
v 0.493116 -0.010434 0.735700
v 0.493894 -0.010651 0.735000
v 0.493193 -0.010710 0.735700
v 0.493932 -0.010974 0.735000
v 0.493232 -0.010994 0.735700
v 0.493932 -0.011300 0.735000
v 0.493232 -0.011280 0.735700
v 0.493708 -0.012246 0.735000
v 0.493116 -0.011840 0.735700
v 0.493819 -0.011940 0.735000
v 0.493193 -0.011564 0.735700
v 0.493894 -0.011623 0.735000
v 0.493562 -0.012537 0.735000
v 0.493001 -0.012103 0.735700
v 0.493383 -0.012809 0.735000
v 0.492853 -0.012348 0.735700
v 0.493174 -0.013058 0.735000
v 0.492672 -0.012570 0.735700
v 0.492937 -0.013282 0.735000
v 0.492462 -0.012766 0.735700
v 0.492394 -0.013639 0.735000
v 0.492228 -0.012931 0.735700
v 0.492676 -0.013476 0.735000
v 0.491974 -0.009211 0.735700
v 0.491974 -0.013063 0.735700
v 0.490179 0.013768 0.735000
v 0.490491 0.013862 0.735000
v 0.490570 0.013159 0.735700
v 0.490812 0.013918 0.735000
v 0.490851 0.013217 0.735700
v 0.491137 0.013937 0.735000
v 0.491137 0.013237 0.735700
v 0.490179 0.008506 0.735000
v 0.490570 0.009115 0.735700
v 0.490491 0.008412 0.735000
v 0.490851 0.009056 0.735700
v 0.490812 0.008356 0.735000
v 0.491137 0.009037 0.735700
v 0.491137 0.008337 0.735000
v 0.489880 0.008635 0.735000
v 0.489598 0.008798 0.735000
v 0.490046 0.009343 0.735700
v 0.489337 0.008992 0.735000
v 0.489812 0.009508 0.735700
v 0.489100 0.009215 0.735000
v 0.489602 0.009704 0.735700
v 0.488566 0.010028 0.735000
v 0.489272 0.010171 0.735700
v 0.488712 0.009737 0.735000
v 0.489421 0.009926 0.735700
v 0.488891 0.009465 0.735000
v 0.488455 0.010334 0.735000
v 0.489158 0.010434 0.735700
v 0.488379 0.010651 0.735000
v 0.489081 0.010710 0.735700
v 0.488342 0.010974 0.735000
v 0.489042 0.010994 0.735700
v 0.488342 0.011300 0.735000
v 0.489042 0.011280 0.735700
v 0.488566 0.012246 0.735000
v 0.489158 0.011840 0.735700
v 0.488455 0.011940 0.735000
v 0.489081 0.011564 0.735700
v 0.488379 0.011623 0.735000
v 0.488712 0.012537 0.735000
v 0.489272 0.012103 0.735700
v 0.488891 0.012809 0.735000
v 0.489421 0.012348 0.735700
v 0.489100 0.013058 0.735000
v 0.489602 0.012570 0.735700
v 0.489337 0.013282 0.735000
v 0.489812 0.012766 0.735700
v 0.489880 0.013639 0.735000
v 0.490046 0.012931 0.735700
v 0.489598 0.013476 0.735000
v 0.490300 0.009211 0.735700
v 0.490300 0.013063 0.735700
v 0.492095 0.008506 0.735000
v 0.491783 0.008412 0.735000
v 0.491703 0.009115 0.735700
v 0.491462 0.008356 0.735000
v 0.491423 0.009056 0.735700
v 0.491137 0.008337 0.735000
v 0.491137 0.009037 0.735700
v 0.492095 0.013768 0.735000
v 0.491703 0.013159 0.735700
v 0.491783 0.013862 0.735000
v 0.491423 0.013217 0.735700
v 0.491462 0.013918 0.735000
v 0.491137 0.013237 0.735700
v 0.491137 0.013937 0.735000
v 0.492394 0.013639 0.735000
v 0.492676 0.013476 0.735000
v 0.492228 0.012931 0.735700
v 0.492937 0.013282 0.735000
v 0.492462 0.012766 0.735700
v 0.493174 0.013058 0.735000
v 0.492672 0.012570 0.735700
v 0.493708 0.012246 0.735000
v 0.493001 0.012103 0.735700
v 0.493562 0.012537 0.735000
v 0.492853 0.012348 0.735700
v 0.493383 0.012809 0.735000
v 0.493819 0.011940 0.735000
v 0.493116 0.011840 0.735700
v 0.493894 0.011623 0.735000
v 0.493193 0.011564 0.735700
v 0.493932 0.011300 0.735000
v 0.493232 0.011280 0.735700
v 0.493932 0.010974 0.735000
v 0.493232 0.010994 0.735700
v 0.493708 0.010028 0.735000
v 0.493116 0.010434 0.735700
v 0.493819 0.010334 0.735000
v 0.493193 0.010710 0.735700
v 0.493894 0.010651 0.735000
v 0.493562 0.009737 0.735000
v 0.493001 0.010171 0.735700
v 0.493383 0.009465 0.735000
v 0.492853 0.009926 0.735700
v 0.493174 0.009215 0.735000
v 0.492672 0.009704 0.735700
v 0.492937 0.008992 0.735000
v 0.492462 0.009508 0.735700
v 0.492394 0.008635 0.735000
v 0.492228 0.009343 0.735700
v 0.492676 0.008798 0.735000
v 0.491974 0.013063 0.735700
v 0.491974 0.009211 0.735700
v 0.467905 0.013768 0.735000
v 0.468217 0.013862 0.735000
v 0.468297 0.013159 0.735700
v 0.468538 0.013918 0.735000
v 0.468577 0.013217 0.735700
v 0.468863 0.013937 0.735000
v 0.468863 0.013237 0.735700
v 0.467905 0.008506 0.735000
v 0.468297 0.009115 0.735700
v 0.468217 0.008412 0.735000
v 0.468577 0.009056 0.735700
v 0.468538 0.008356 0.735000
v 0.468863 0.009037 0.735700
v 0.468863 0.008337 0.735000
v 0.467606 0.008635 0.735000
v 0.467324 0.008798 0.735000
v 0.467772 0.009343 0.735700
v 0.467063 0.008992 0.735000
v 0.467538 0.009508 0.735700
v 0.466826 0.009215 0.735000
v 0.467328 0.009704 0.735700
v 0.466292 0.010028 0.735000
v 0.466999 0.010171 0.735700
v 0.466438 0.009737 0.735000
v 0.467147 0.009926 0.735700
v 0.466617 0.009465 0.735000
v 0.466181 0.010334 0.735000
v 0.466884 0.010434 0.735700
v 0.466106 0.010651 0.735000
v 0.466807 0.010710 0.735700
v 0.466068 0.010974 0.735000
v 0.466768 0.010994 0.735700
v 0.466068 0.011300 0.735000
v 0.466768 0.011280 0.735700
v 0.466292 0.012246 0.735000
v 0.466884 0.011840 0.735700
v 0.466181 0.011940 0.735000
v 0.466807 0.011564 0.735700
v 0.466106 0.011623 0.735000
v 0.466438 0.012537 0.735000
v 0.466999 0.012103 0.735700
v 0.466617 0.012809 0.735000
v 0.467147 0.012348 0.735700
v 0.466826 0.013058 0.735000
v 0.467328 0.012570 0.735700
v 0.467063 0.013282 0.735000
v 0.467538 0.012766 0.735700
v 0.467606 0.013639 0.735000
v 0.467772 0.012931 0.735700
v 0.467324 0.013476 0.735000
v 0.468026 0.009211 0.735700
v 0.468026 0.013063 0.735700
v 0.469821 0.008506 0.735000
v 0.469509 0.008412 0.735000
v 0.469430 0.009115 0.735700
v 0.469188 0.008356 0.735000
v 0.469149 0.009056 0.735700
v 0.468863 0.008337 0.735000
v 0.468863 0.009037 0.735700
v 0.469821 0.013768 0.735000
v 0.469430 0.013159 0.735700
v 0.469509 0.013862 0.735000
v 0.469149 0.013217 0.735700
v 0.469188 0.013918 0.735000
v 0.468863 0.013237 0.735700
v 0.468863 0.013937 0.735000
v 0.470120 0.013639 0.735000
v 0.470402 0.013476 0.735000
v 0.469954 0.012931 0.735700
v 0.470663 0.013282 0.735000
v 0.470188 0.012766 0.735700
v 0.470900 0.013058 0.735000
v 0.470398 0.012570 0.735700
v 0.471434 0.012246 0.735000
v 0.470728 0.012103 0.735700
v 0.471288 0.012537 0.735000
v 0.470579 0.012348 0.735700
v 0.471109 0.012809 0.735000
v 0.471545 0.011940 0.735000
v 0.470842 0.011840 0.735700
v 0.471621 0.011623 0.735000
v 0.470919 0.011564 0.735700
v 0.471658 0.011300 0.735000
v 0.470958 0.011280 0.735700
v 0.471658 0.010974 0.735000
v 0.470958 0.010994 0.735700
v 0.471434 0.010028 0.735000
v 0.470842 0.010434 0.735700
v 0.471545 0.010334 0.735000
v 0.470919 0.010710 0.735700
v 0.471621 0.010651 0.735000
v 0.471288 0.009737 0.735000
v 0.470728 0.010171 0.735700
v 0.471109 0.009465 0.735000
v 0.470579 0.009926 0.735700
v 0.470900 0.009215 0.735000
v 0.470398 0.009704 0.735700
v 0.470663 0.008992 0.735000
v 0.470188 0.009508 0.735700
v 0.470120 0.008635 0.735000
v 0.469954 0.009343 0.735700
v 0.470402 0.008798 0.735000
v 0.469700 0.013063 0.735700
v 0.469700 0.009211 0.735700
v 0.480000 -0.021000 0.736000
v 0.480000 -0.021000 0.739100
v 0.479084 -0.020980 0.736000
v 0.479084 -0.020980 0.739100
v 0.478170 -0.020920 0.736000
v 0.478170 -0.020920 0.739100
v 0.477259 -0.020820 0.736000
v 0.477259 -0.020820 0.739100
v 0.476353 -0.020681 0.736000
v 0.476353 -0.020681 0.739100
v 0.475455 -0.020502 0.736000
v 0.475455 -0.020502 0.739100
v 0.474565 -0.020284 0.736000
v 0.474565 -0.020284 0.739100
v 0.473685 -0.020028 0.736000
v 0.473685 -0.020028 0.739100
v 0.472818 -0.019733 0.736000
v 0.472818 -0.019733 0.739100
v 0.471964 -0.019402 0.736000
v 0.471964 -0.019402 0.739100
v 0.471125 -0.019033 0.736000
v 0.471125 -0.019033 0.739100
v 0.470303 -0.018627 0.736000
v 0.470303 -0.018627 0.739100
v 0.469500 -0.018187 0.736000
v 0.469500 -0.018187 0.739100
v 0.468717 -0.017711 0.736000
v 0.468717 -0.017711 0.739100
v 0.467955 -0.017202 0.736000
v 0.467955 -0.017202 0.739100
v 0.467216 -0.016660 0.736000
v 0.467216 -0.016660 0.739100
v 0.466501 -0.016087 0.736000
v 0.466501 -0.016087 0.739100
v 0.465813 -0.015483 0.736000
v 0.465813 -0.015483 0.739100
v 0.465151 -0.014849 0.736000
v 0.465151 -0.014849 0.739100
v 0.464517 -0.014187 0.736000
v 0.464517 -0.014187 0.739100
v 0.463913 -0.013499 0.736000
v 0.463913 -0.013499 0.739100
v 0.463340 -0.012784 0.736000
v 0.463340 -0.012784 0.739100
v 0.462798 -0.012045 0.736000
v 0.462798 -0.012045 0.739100
v 0.462289 -0.011283 0.736000
v 0.462289 -0.011283 0.739100
v 0.461813 -0.010500 0.736000
v 0.461813 -0.010500 0.739100
v 0.461373 -0.009697 0.736000
v 0.461373 -0.009697 0.739100
v 0.460968 -0.008875 0.736000
v 0.460968 -0.008875 0.739100
v 0.460599 -0.008036 0.736000
v 0.460599 -0.008036 0.739100
v 0.460266 -0.007182 0.736000
v 0.460266 -0.007182 0.739100
v 0.459972 -0.006315 0.736000
v 0.459972 -0.006315 0.739100
v 0.459716 -0.005435 0.736000
v 0.459716 -0.005435 0.739100
v 0.459498 -0.004545 0.736000
v 0.459498 -0.004545 0.739100
v 0.459319 -0.003647 0.736000
v 0.459319 -0.003647 0.739100
v 0.459180 -0.002741 0.736000
v 0.459180 -0.002741 0.739100
v 0.459080 -0.001830 0.736000
v 0.459080 -0.001830 0.739100
v 0.459020 -0.000916 0.736000
v 0.459020 -0.000916 0.739100
v 0.459000 0.000000 0.736000
v 0.459000 0.000000 0.739100
v 0.459020 0.000916 0.736000
v 0.459020 0.000916 0.739100
v 0.459080 0.001830 0.736000
v 0.459080 0.001830 0.739100
v 0.459180 0.002741 0.736000
v 0.459180 0.002741 0.739100
v 0.459319 0.003647 0.736000
v 0.459319 0.003647 0.739100
v 0.459498 0.004545 0.736000
v 0.459498 0.004545 0.739100
v 0.459716 0.005435 0.736000
v 0.459716 0.005435 0.739100
v 0.459972 0.006315 0.736000
v 0.459972 0.006315 0.739100
v 0.460266 0.007182 0.736000
v 0.460266 0.007182 0.739100
v 0.460599 0.008036 0.736000
v 0.460599 0.008036 0.739100
v 0.460968 0.008875 0.736000
v 0.460968 0.008875 0.739100
v 0.461373 0.009697 0.736000
v 0.461373 0.009697 0.739100
v 0.461813 0.010500 0.736000
v 0.461813 0.010500 0.739100
v 0.462289 0.011283 0.736000
v 0.462289 0.011283 0.739100
v 0.462798 0.012045 0.736000
v 0.462798 0.012045 0.739100
v 0.463340 0.012784 0.736000
v 0.463340 0.012784 0.739100
v 0.463913 0.013499 0.736000
v 0.463913 0.013499 0.739100
v 0.464517 0.014187 0.736000
v 0.464517 0.014187 0.739100
v 0.465151 0.014849 0.736000
v 0.465151 0.014849 0.739100
v 0.465813 0.015483 0.736000
v 0.465813 0.015483 0.739100
v 0.466501 0.016087 0.736000
v 0.466501 0.016087 0.739100
v 0.467216 0.016660 0.736000
v 0.467216 0.016660 0.739100
v 0.467955 0.017202 0.736000
v 0.467955 0.017202 0.739100
v 0.468717 0.017711 0.736000
v 0.468717 0.017711 0.739100
v 0.469500 0.018187 0.736000
v 0.469500 0.018187 0.739100
v 0.470303 0.018627 0.736000
v 0.470303 0.018627 0.739100
v 0.471125 0.019033 0.736000
v 0.471125 0.019033 0.739100
v 0.471964 0.019402 0.736000
v 0.471964 0.019402 0.739100
v 0.472818 0.019733 0.736000
v 0.472818 0.019733 0.739100
v 0.473685 0.020028 0.736000
v 0.473685 0.020028 0.739100
v 0.474565 0.020284 0.736000
v 0.474565 0.020284 0.739100
v 0.475455 0.020502 0.736000
v 0.475455 0.020502 0.739100
v 0.476353 0.020681 0.736000
v 0.476353 0.020681 0.739100
v 0.477259 0.020820 0.736000
v 0.477259 0.020820 0.739100
v 0.478170 0.020920 0.736000
v 0.478170 0.020920 0.739100
v 0.479084 0.020980 0.736000
v 0.479084 0.020980 0.739100
v 0.480000 0.021000 0.736000
v 0.480000 0.021000 0.739100
v 0.480000 0.021000 0.736000
v 0.480000 0.021000 0.739100
v 0.480916 0.020980 0.736000
v 0.480916 0.020980 0.739100
v 0.481830 0.020920 0.736000
v 0.481830 0.020920 0.739100
v 0.482741 0.020820 0.736000
v 0.482741 0.020820 0.739100
v 0.483647 0.020681 0.736000
v 0.483647 0.020681 0.739100
v 0.484545 0.020502 0.736000
v 0.484545 0.020502 0.739100
v 0.485435 0.020284 0.736000
v 0.485435 0.020284 0.739100
v 0.486315 0.020028 0.736000
v 0.486315 0.020028 0.739100
v 0.487182 0.019733 0.736000
v 0.487182 0.019733 0.739100
v 0.488036 0.019402 0.736000
v 0.488036 0.019402 0.739100
v 0.488875 0.019033 0.736000
v 0.488875 0.019033 0.739100
v 0.489697 0.018627 0.736000
v 0.489697 0.018627 0.739100
v 0.490500 0.018187 0.736000
v 0.490500 0.018187 0.739100
v 0.491283 0.017711 0.736000
v 0.491283 0.017711 0.739100
v 0.492045 0.017202 0.736000
v 0.492045 0.017202 0.739100
v 0.492784 0.016660 0.736000
v 0.492784 0.016660 0.739100
v 0.493499 0.016087 0.736000
v 0.493499 0.016087 0.739100
v 0.494187 0.015483 0.736000
v 0.494187 0.015483 0.739100
v 0.494849 0.014849 0.736000
v 0.494849 0.014849 0.739100
v 0.495483 0.014187 0.736000
v 0.495483 0.014187 0.739100
v 0.496087 0.013499 0.736000
v 0.496087 0.013499 0.739100
v 0.496660 0.012784 0.736000
v 0.496660 0.012784 0.739100
v 0.497202 0.012045 0.736000
v 0.497202 0.012045 0.739100
v 0.497711 0.011283 0.736000
v 0.497711 0.011283 0.739100
v 0.498187 0.010500 0.736000
v 0.498187 0.010500 0.739100
v 0.498627 0.009697 0.736000
v 0.498627 0.009697 0.739100
v 0.499032 0.008875 0.736000
v 0.499032 0.008875 0.739100
v 0.499401 0.008036 0.736000
v 0.499401 0.008036 0.739100
v 0.499734 0.007182 0.736000
v 0.499734 0.007182 0.739100
v 0.500028 0.006315 0.736000
v 0.500028 0.006315 0.739100
v 0.500284 0.005435 0.736000
v 0.500284 0.005435 0.739100
v 0.500502 0.004545 0.736000
v 0.500502 0.004545 0.739100
v 0.500681 0.003647 0.736000
v 0.500681 0.003647 0.739100
v 0.500820 0.002741 0.736000
v 0.500820 0.002741 0.739100
v 0.500920 0.001830 0.736000
v 0.500920 0.001830 0.739100
v 0.500980 0.000916 0.736000
v 0.500980 0.000916 0.739100
v 0.501000 0.000000 0.736000
v 0.501000 0.000000 0.739100
v 0.500980 -0.000916 0.736000
v 0.500980 -0.000916 0.739100
v 0.500920 -0.001830 0.736000
v 0.500920 -0.001830 0.739100
v 0.500820 -0.002741 0.736000
v 0.500820 -0.002741 0.739100
v 0.500681 -0.003647 0.736000
v 0.500681 -0.003647 0.739100
v 0.500502 -0.004545 0.736000
v 0.500502 -0.004545 0.739100
v 0.500284 -0.005435 0.736000
v 0.500284 -0.005435 0.739100
v 0.500028 -0.006315 0.736000
v 0.500028 -0.006315 0.739100
v 0.499734 -0.007182 0.736000
v 0.499734 -0.007182 0.739100
v 0.499401 -0.008036 0.736000
v 0.499401 -0.008036 0.739100
v 0.499032 -0.008875 0.736000
v 0.499032 -0.008875 0.739100
v 0.498627 -0.009697 0.736000
v 0.498627 -0.009697 0.739100
v 0.498187 -0.010500 0.736000
v 0.498187 -0.010500 0.739100
v 0.497711 -0.011283 0.736000
v 0.497711 -0.011283 0.739100
v 0.497202 -0.012045 0.736000
v 0.497202 -0.012045 0.739100
v 0.496660 -0.012784 0.736000
v 0.496660 -0.012784 0.739100
v 0.496087 -0.013499 0.736000
v 0.496087 -0.013499 0.739100
v 0.495483 -0.014187 0.736000
v 0.495483 -0.014187 0.739100
v 0.494849 -0.014849 0.736000
v 0.494849 -0.014849 0.739100
v 0.494187 -0.015483 0.736000
v 0.494187 -0.015483 0.739100
v 0.493499 -0.016087 0.736000
v 0.493499 -0.016087 0.739100
v 0.492784 -0.016660 0.736000
v 0.492784 -0.016660 0.739100
v 0.492045 -0.017202 0.736000
v 0.492045 -0.017202 0.739100
v 0.491283 -0.017711 0.736000
v 0.491283 -0.017711 0.739100
v 0.490500 -0.018187 0.736000
v 0.490500 -0.018187 0.739100
v 0.489697 -0.018627 0.736000
v 0.489697 -0.018627 0.739100
v 0.488875 -0.019033 0.736000
v 0.488875 -0.019033 0.739100
v 0.488036 -0.019402 0.736000
v 0.488036 -0.019402 0.739100
v 0.487182 -0.019733 0.736000
v 0.487182 -0.019733 0.739100
v 0.486315 -0.020028 0.736000
v 0.486315 -0.020028 0.739100
v 0.485435 -0.020284 0.736000
v 0.485435 -0.020284 0.739100
v 0.484545 -0.020502 0.736000
v 0.484545 -0.020502 0.739100
v 0.483647 -0.020681 0.736000
v 0.483647 -0.020681 0.739100
v 0.482741 -0.020820 0.736000
v 0.482741 -0.020820 0.739100
v 0.481830 -0.020920 0.736000
v 0.481830 -0.020920 0.739100
v 0.480916 -0.020980 0.736000
v 0.480916 -0.020980 0.739100
v 0.480000 -0.021000 0.736000
v 0.480000 -0.021000 0.739100
v 0.481127 -0.008021 0.738250
v 0.480565 -0.008080 0.738250
v 0.480777 -0.008139 0.738257
v 0.480000 -0.008100 0.738250
v 0.480000 -0.008178 0.738258
v 0.481150 0.008368 0.738850
v 0.480806 0.008440 0.738781
v 0.481604 0.008325 0.738781
v 0.480808 0.008457 0.738707
v 0.481608 0.008342 0.738707
v 0.480808 0.008461 0.738631
v 0.481609 0.008346 0.738631
v 0.480807 0.008450 0.738556
v 0.481607 0.008335 0.738556
v 0.480805 0.008426 0.738484
v 0.481602 0.008311 0.738484
v 0.480801 0.008388 0.738418
v 0.481595 0.008274 0.738418
v 0.480796 0.008338 0.738360
v 0.481585 0.008225 0.738360
v 0.480790 0.008279 0.738313
v 0.481574 0.008166 0.738313
v 0.480784 0.008211 0.738279
v 0.481561 0.008100 0.738279
v 0.480777 0.008139 0.738257
v 0.481547 0.008028 0.738257
v 0.481718 0.008270 0.738850
v 0.482389 0.008135 0.738781
v 0.482394 0.008152 0.738707
v 0.482395 0.008155 0.738631
v 0.482392 0.008145 0.738556
v 0.482385 0.008121 0.738484
v 0.482374 0.008085 0.738418
v 0.482360 0.008037 0.738360
v 0.482343 0.007979 0.738313
v 0.482324 0.007915 0.738279
v 0.482303 0.007845 0.738257
v 0.482829 0.007959 0.738850
v 0.483151 0.007871 0.738781
v 0.483158 0.007887 0.738707
v 0.483159 0.007891 0.738631
v 0.483155 0.007881 0.738556
v 0.483146 0.007858 0.738484
v 0.483132 0.007822 0.738418
v 0.483113 0.007776 0.738360
v 0.483091 0.007721 0.738313
v 0.483066 0.007658 0.738279
v 0.483039 0.007590 0.738257
v 0.483365 0.007747 0.738850
v 0.483885 0.007536 0.738781
v 0.483893 0.007551 0.738707
v 0.483895 0.007555 0.738631
v 0.483890 0.007545 0.738556
v 0.483878 0.007523 0.738484
v 0.483861 0.007489 0.738418
v 0.483838 0.007445 0.738360
v 0.483811 0.007392 0.738313
v 0.483780 0.007332 0.738279
v 0.483746 0.007267 0.738257
v 0.483886 0.007499 0.738850
v 0.484584 0.007132 0.738781
v 0.484593 0.007147 0.738707
v 0.484595 0.007150 0.738631
v 0.484589 0.007141 0.738556
v 0.484576 0.007120 0.738484
v 0.484555 0.007088 0.738418
v 0.484528 0.007046 0.738360
v 0.484496 0.006996 0.738313
v 0.484460 0.006939 0.738279
v 0.484420 0.006878 0.738257
v 0.484871 0.006900 0.738850
v 0.485241 0.006664 0.738781
v 0.485252 0.006678 0.738707
v 0.485254 0.006681 0.738631
v 0.485247 0.006673 0.738556
v 0.485232 0.006653 0.738484
v 0.485208 0.006623 0.738418
v 0.485178 0.006584 0.738360
v 0.485141 0.006537 0.738313
v 0.485099 0.006484 0.738279
v 0.485054 0.006427 0.738257
v 0.485330 0.006552 0.738850
v 0.485850 0.006136 0.738781
v 0.485863 0.006149 0.738707
v 0.485865 0.006151 0.738631
v 0.485858 0.006144 0.738556
v 0.485841 0.006126 0.738484
v 0.485814 0.006098 0.738418
v 0.485780 0.006062 0.738360
v 0.485739 0.006019 0.738313
v 0.485692 0.005970 0.738279
v 0.485642 0.005917 0.738257
v 0.486173 0.005765 0.738850
v 0.486407 0.005552 0.738781
v 0.486421 0.005564 0.738707
v 0.486424 0.005566 0.738631
v 0.486415 0.005559 0.738556
v 0.486397 0.005543 0.738484
v 0.486368 0.005518 0.738418
v 0.486330 0.005485 0.738360
v 0.486285 0.005446 0.738313
v 0.486234 0.005402 0.738279
v 0.486179 0.005354 0.738257
v 0.486552 0.005330 0.738850
v 0.486906 0.004918 0.738781
v 0.486921 0.004928 0.738707
v 0.486924 0.004930 0.738631
v 0.486915 0.004924 0.738556
v 0.486894 0.004910 0.738484
v 0.486863 0.004887 0.738418
v 0.486823 0.004859 0.738360
v 0.486774 0.004824 0.738313
v 0.486719 0.004785 0.738279
v 0.486660 0.004742 0.738257
v 0.486900 0.004871 0.738850
v 0.487342 0.004239 0.738781
v 0.487358 0.004248 0.738707
v 0.487361 0.004250 0.738631
v 0.487351 0.004244 0.738556
v 0.487330 0.004232 0.738484
v 0.487297 0.004213 0.738418
v 0.487254 0.004188 0.738360
v 0.487202 0.004158 0.738313
v 0.487144 0.004124 0.738279
v 0.487080 0.004088 0.738257
v 0.486715 0.004529 0.738250
v 0.487015 0.004050 0.738250
v 0.487499 0.003886 0.738850
v 0.487712 0.003522 0.738781
v 0.487728 0.003529 0.738707
v 0.487731 0.003531 0.738631
v 0.487722 0.003526 0.738556
v 0.487699 0.003516 0.738484
v 0.487664 0.003500 0.738418
v 0.487619 0.003480 0.738360
v 0.487565 0.003455 0.738313
v 0.487503 0.003427 0.738279
v 0.487437 0.003396 0.738257
v 0.487747 0.003365 0.738850
v 0.488012 0.002773 0.738781
v 0.488029 0.002779 0.738707
v 0.488032 0.002780 0.738631
v 0.488022 0.002776 0.738556
v 0.487998 0.002768 0.738484
v 0.487962 0.002756 0.738418
v 0.487915 0.002740 0.738360
v 0.487859 0.002720 0.738313
v 0.487795 0.002698 0.738279
v 0.487726 0.002674 0.738257
v 0.488133 0.002279 0.738850
v 0.488239 0.001999 0.738781
v 0.488256 0.002003 0.738707
v 0.488260 0.002004 0.738631
v 0.488249 0.002001 0.738556
v 0.488225 0.001995 0.738484
v 0.488188 0.001986 0.738418
v 0.488140 0.001975 0.738360
v 0.488082 0.001961 0.738313
v 0.488016 0.001945 0.738279
v 0.487945 0.001928 0.738257
v 0.488270 0.001718 0.738850
v 0.488392 0.001207 0.738781
v 0.488409 0.001209 0.738707
v 0.488413 0.001210 0.738631
v 0.488402 0.001208 0.738556
v 0.488378 0.001205 0.738484
v 0.488340 0.001199 0.738418
v 0.488291 0.001192 0.738360
v 0.488232 0.001184 0.738313
v 0.488165 0.001174 0.738279
v 0.488092 0.001164 0.738257
v 0.488368 0.001150 0.738850
v 0.488468 0.000403 0.738781
v 0.488486 0.000404 0.738707
v 0.488490 0.000404 0.738631
v 0.488479 0.000404 0.738556
v 0.488454 0.000403 0.738484
v 0.488416 0.000401 0.738418
v 0.488367 0.000399 0.738360
v 0.488307 0.000396 0.738313
v 0.488239 0.000392 0.738279
v 0.488166 0.000389 0.738257
v 0.488446 0.000000 0.738850
v 0.488468 -0.000403 0.738781
v 0.488486 -0.000404 0.738707
v 0.488490 -0.000404 0.738631
v 0.488479 -0.000404 0.738556
v 0.488454 -0.000403 0.738484
v 0.488416 -0.000401 0.738418
v 0.488367 -0.000399 0.738360
v 0.488307 -0.000396 0.738313
v 0.488239 -0.000392 0.738279
v 0.488166 -0.000389 0.738257
v 0.488427 -0.000576 0.738850
v 0.488392 -0.001207 0.738781
v 0.488409 -0.001209 0.738707
v 0.488413 -0.001210 0.738631
v 0.488402 -0.001208 0.738556
v 0.488378 -0.001205 0.738484
v 0.488340 -0.001199 0.738418
v 0.488291 -0.001192 0.738360
v 0.488232 -0.001184 0.738313
v 0.488165 -0.001174 0.738279
v 0.488092 -0.001164 0.738257
v 0.488270 -0.001718 0.738850
v 0.488239 -0.001999 0.738781
v 0.488256 -0.002003 0.738707
v 0.488260 -0.002004 0.738631
v 0.488249 -0.002001 0.738556
v 0.488225 -0.001995 0.738484
v 0.488188 -0.001986 0.738418
v 0.488140 -0.001975 0.738360
v 0.488082 -0.001961 0.738313
v 0.488016 -0.001945 0.738279
v 0.487945 -0.001927 0.738257
v 0.488133 -0.002279 0.738850
v 0.488012 -0.002773 0.738781
v 0.488029 -0.002779 0.738707
v 0.488032 -0.002780 0.738631
v 0.488022 -0.002776 0.738556
v 0.487998 -0.002768 0.738484
v 0.487962 -0.002756 0.738418
v 0.487915 -0.002740 0.738360
v 0.487859 -0.002720 0.738313
v 0.487795 -0.002698 0.738279
v 0.487726 -0.002674 0.738257
v 0.487959 -0.002829 0.738850
v 0.487712 -0.003522 0.738781
v 0.487728 -0.003529 0.738707
v 0.487731 -0.003531 0.738631
v 0.487722 -0.003526 0.738556
v 0.487699 -0.003516 0.738484
v 0.487664 -0.003500 0.738418
v 0.487619 -0.003480 0.738360
v 0.487565 -0.003455 0.738313
v 0.487503 -0.003427 0.738279
v 0.487437 -0.003396 0.738257
v 0.487499 -0.003886 0.738850
v 0.487342 -0.004239 0.738781
v 0.487358 -0.004248 0.738707
v 0.487361 -0.004250 0.738631
v 0.487351 -0.004244 0.738556
v 0.487330 -0.004232 0.738484
v 0.487297 -0.004213 0.738418
v 0.487254 -0.004188 0.738360
v 0.487202 -0.004158 0.738313
v 0.487144 -0.004124 0.738279
v 0.487080 -0.004088 0.738257
v 0.487280 -0.003551 0.738250
v 0.487015 -0.004050 0.738250
v 0.487217 -0.004389 0.738850
v 0.486906 -0.004918 0.738781
v 0.486921 -0.004928 0.738707
v 0.486924 -0.004930 0.738631
v 0.486915 -0.004924 0.738556
v 0.486894 -0.004910 0.738484
v 0.486863 -0.004887 0.738418
v 0.486823 -0.004859 0.738360
v 0.486774 -0.004824 0.738313
v 0.486719 -0.004785 0.738279
v 0.486660 -0.004742 0.738257
v 0.486552 -0.005330 0.738850
v 0.486407 -0.005552 0.738781
v 0.486421 -0.005564 0.738707
v 0.486424 -0.005566 0.738631
v 0.486415 -0.005559 0.738556
v 0.486397 -0.005543 0.738484
v 0.486368 -0.005518 0.738418
v 0.486330 -0.005485 0.738360
v 0.486285 -0.005446 0.738313
v 0.486234 -0.005402 0.738279
v 0.486179 -0.005354 0.738257
v 0.486173 -0.005765 0.738850
v 0.485850 -0.006136 0.738781
v 0.485863 -0.006149 0.738707
v 0.485865 -0.006151 0.738631
v 0.485858 -0.006144 0.738556
v 0.485841 -0.006126 0.738484
v 0.485814 -0.006098 0.738418
v 0.485780 -0.006062 0.738360
v 0.485739 -0.006019 0.738313
v 0.485692 -0.005970 0.738279
v 0.485642 -0.005917 0.738257
v 0.485765 -0.006173 0.738850
v 0.485241 -0.006664 0.738781
v 0.485252 -0.006678 0.738707
v 0.485254 -0.006681 0.738631
v 0.485247 -0.006673 0.738556
v 0.485232 -0.006653 0.738484
v 0.485208 -0.006623 0.738418
v 0.485178 -0.006584 0.738360
v 0.485141 -0.006537 0.738313
v 0.485099 -0.006484 0.738279
v 0.485054 -0.006427 0.738257
v 0.484871 -0.006900 0.738850
v 0.484584 -0.007132 0.738781
v 0.484593 -0.007147 0.738707
v 0.484595 -0.007150 0.738631
v 0.484589 -0.007141 0.738556
v 0.484576 -0.007120 0.738484
v 0.484555 -0.007088 0.738418
v 0.484528 -0.007046 0.738360
v 0.484496 -0.006996 0.738313
v 0.484460 -0.006939 0.738279
v 0.484420 -0.006878 0.738257
v 0.484389 -0.007217 0.738850
v 0.483885 -0.007536 0.738781
v 0.483893 -0.007551 0.738707
v 0.483895 -0.007555 0.738631
v 0.483890 -0.007545 0.738556
v 0.483878 -0.007523 0.738484
v 0.483861 -0.007489 0.738418
v 0.483838 -0.007445 0.738360
v 0.483811 -0.007392 0.738313
v 0.483780 -0.007332 0.738279
v 0.483746 -0.007267 0.738257
v 0.483365 -0.007747 0.738850
v 0.483151 -0.007871 0.738781
v 0.483158 -0.007887 0.738707
v 0.483159 -0.007891 0.738631
v 0.483155 -0.007881 0.738556
v 0.483146 -0.007858 0.738484
v 0.483132 -0.007822 0.738418
v 0.483113 -0.007776 0.738360
v 0.483091 -0.007721 0.738313
v 0.483066 -0.007658 0.738279
v 0.483039 -0.007590 0.738257
v 0.482829 -0.007959 0.738850
v 0.482389 -0.008135 0.738781
v 0.482394 -0.008152 0.738707
v 0.482395 -0.008155 0.738631
v 0.482392 -0.008145 0.738556
v 0.482385 -0.008121 0.738484
v 0.482374 -0.008085 0.738418
v 0.482360 -0.008037 0.738360
v 0.482343 -0.007979 0.738313
v 0.482324 -0.007915 0.738279
v 0.482303 -0.007845 0.738257
v 0.482279 -0.008133 0.738850
v 0.481604 -0.008325 0.738781
v 0.481608 -0.008342 0.738707
v 0.481609 -0.008346 0.738631
v 0.481607 -0.008335 0.738556
v 0.481602 -0.008311 0.738484
v 0.481595 -0.008274 0.738418
v 0.481585 -0.008225 0.738360
v 0.481574 -0.008166 0.738313
v 0.481561 -0.008100 0.738279
v 0.481547 -0.008028 0.738257
v 0.481150 -0.008368 0.738850
v 0.480806 -0.008440 0.738781
v 0.480808 -0.008457 0.738707
v 0.480808 -0.008461 0.738631
v 0.480807 -0.008450 0.738556
v 0.480805 -0.008426 0.738484
v 0.480801 -0.008388 0.738418
v 0.480796 -0.008338 0.738360
v 0.480790 -0.008279 0.738313
v 0.480784 -0.008211 0.738279
v 0.480000 -0.008500 0.738650
v 0.480000 -0.008494 0.738719
v 0.480000 -0.008492 0.738572
v 0.480000 0.008500 0.738650
v 0.480000 0.008492 0.738572
v 0.480000 0.008494 0.738719
v 0.480576 0.008427 0.738850
v 0.480000 0.008476 0.738787
v 0.480565 0.008080 0.738250
v 0.481127 0.008021 0.738250
v 0.480000 0.008178 0.738258
v 0.481684 0.007923 0.738250
v 0.482279 0.008133 0.738850
v 0.482233 0.007786 0.738250
v 0.482770 0.007612 0.738250
v 0.483295 0.007400 0.738250
v 0.483803 0.007152 0.738250
v 0.484389 0.007217 0.738850
v 0.484292 0.006869 0.738250
v 0.484761 0.006553 0.738250
v 0.485207 0.006205 0.738250
v 0.485765 0.006173 0.738850
v 0.485627 0.005827 0.738250
v 0.486019 0.005420 0.738250
v 0.486383 0.004987 0.738250
v 0.487217 0.004389 0.738850
v 0.487280 0.003551 0.738250
v 0.487510 0.003034 0.738250
v 0.487959 0.002829 0.738850
v 0.487704 0.002503 0.738250
v 0.487859 0.001960 0.738250
v 0.487977 0.001407 0.738250
v 0.488056 0.000847 0.738250
v 0.488427 0.000576 0.738850
v 0.488095 0.000283 0.738250
v 0.488095 -0.000283 0.738250
v 0.488056 -0.000847 0.738250
v 0.488368 -0.001150 0.738850
v 0.487977 -0.001407 0.738250
v 0.487859 -0.001960 0.738250
v 0.487704 -0.002503 0.738250
v 0.487510 -0.003034 0.738250
v 0.487747 -0.003365 0.738850
v 0.486900 -0.004871 0.738850
v 0.486715 -0.004529 0.738250
v 0.486383 -0.004987 0.738250
v 0.486019 -0.005420 0.738250
v 0.485627 -0.005827 0.738250
v 0.485207 -0.006205 0.738250
v 0.485330 -0.006552 0.738850
v 0.484761 -0.006553 0.738250
v 0.484292 -0.006869 0.738250
v 0.483886 -0.007499 0.738850
v 0.483803 -0.007152 0.738250
v 0.483295 -0.007400 0.738250
v 0.482770 -0.007612 0.738250
v 0.482233 -0.007786 0.738250
v 0.481718 -0.008270 0.738850
v 0.481684 -0.007923 0.738250
v 0.480000 -0.008476 0.738787
v 0.480576 -0.008427 0.738850
v 0.480000 -0.008253 0.738280
v 0.480000 -0.008322 0.738317
v 0.480000 -0.008383 0.738367
v 0.480000 -0.008433 0.738428
v 0.480000 -0.008470 0.738497
v 0.480000 -0.008446 0.738850
v 0.480000 0.008100 0.738250
v 0.480000 0.008253 0.738280
v 0.480000 0.008322 0.738317
v 0.480000 0.008383 0.738367
v 0.480000 0.008433 0.738428
v 0.480000 0.008470 0.738497
v 0.480000 0.008446 0.738850
v 0.487995 0.000279 0.736000
v 0.487956 0.000836 0.738250
v 0.487956 0.000836 0.736000
v 0.487878 0.001389 0.738250
v 0.487878 0.001389 0.736000
v 0.487762 0.001935 0.738250
v 0.487762 0.001935 0.736000
v 0.487608 0.002472 0.738250
v 0.487608 0.002472 0.736000
v 0.487417 0.002997 0.738250
v 0.487417 0.002997 0.736000
v 0.487190 0.003507 0.738250
v 0.487190 0.003507 0.736000
v 0.486928 0.004000 0.738250
v 0.486928 0.004000 0.736000
v 0.486632 0.004474 0.738250
v 0.486632 0.004474 0.736000
v 0.486304 0.004925 0.738250
v 0.486304 0.004925 0.736000
v 0.485945 0.005353 0.738250
v 0.485945 0.005353 0.736000
v 0.485557 0.005755 0.738250
v 0.485557 0.005755 0.736000
v 0.485142 0.006128 0.738250
v 0.485142 0.006128 0.736000
v 0.484702 0.006472 0.738250
v 0.484702 0.006472 0.736000
v 0.484239 0.006784 0.738250
v 0.484239 0.006784 0.736000
v 0.483756 0.007064 0.738250
v 0.483756 0.007064 0.736000
v 0.483254 0.007308 0.738250
v 0.483254 0.007308 0.736000
v 0.482736 0.007518 0.738250
v 0.482736 0.007518 0.736000
v 0.482205 0.007690 0.738250
v 0.482205 0.007690 0.736000
v 0.481663 0.007825 0.738250
v 0.481663 0.007825 0.736000
v 0.481113 0.007922 0.738250
v 0.481113 0.007922 0.736000
v 0.480558 0.007981 0.738250
v 0.480558 0.007981 0.736000
v 0.480000 0.008000 0.738250
v 0.480000 0.008000 0.736000
v 0.487995 0.000279 0.738250
v 0.487995 -0.000279 0.736000
v 0.487995 -0.000279 0.738250
v 0.487956 -0.000836 0.736000
v 0.487956 -0.000836 0.738250
v 0.487878 -0.001389 0.736000
v 0.487878 -0.001389 0.738250
v 0.487762 -0.001935 0.736000
v 0.487762 -0.001935 0.738250
v 0.487608 -0.002472 0.736000
v 0.487608 -0.002472 0.738250
v 0.487417 -0.002997 0.736000
v 0.487417 -0.002997 0.738250
v 0.487190 -0.003507 0.736000
v 0.487190 -0.003507 0.738250
v 0.486928 -0.004000 0.736000
v 0.486928 -0.004000 0.738250
v 0.486632 -0.004474 0.736000
v 0.486632 -0.004474 0.738250
v 0.486304 -0.004925 0.736000
v 0.486304 -0.004925 0.738250
v 0.485945 -0.005353 0.736000
v 0.485945 -0.005353 0.738250
v 0.485557 -0.005755 0.736000
v 0.485557 -0.005755 0.738250
v 0.485142 -0.006128 0.736000
v 0.485142 -0.006128 0.738250
v 0.484702 -0.006472 0.736000
v 0.484702 -0.006472 0.738250
v 0.484239 -0.006784 0.736000
v 0.484239 -0.006784 0.738250
v 0.483756 -0.007064 0.736000
v 0.483756 -0.007064 0.738250
v 0.483254 -0.007308 0.736000
v 0.483254 -0.007308 0.738250
v 0.482736 -0.007518 0.736000
v 0.482736 -0.007518 0.738250
v 0.482205 -0.007690 0.736000
v 0.482205 -0.007690 0.738250
v 0.481663 -0.007825 0.736000
v 0.481663 -0.007825 0.738250
v 0.481113 -0.007922 0.736000
v 0.481113 -0.007922 0.738250
v 0.480558 -0.007981 0.736000
v 0.480558 -0.007981 0.738250
v 0.480000 -0.008000 0.736000
v 0.480000 -0.008000 0.738250
v 0.472005 -0.000279 0.736000
v 0.472044 -0.000836 0.738250
v 0.472044 -0.000836 0.736000
v 0.472122 -0.001389 0.738250
v 0.472122 -0.001389 0.736000
v 0.472238 -0.001935 0.738250
v 0.472238 -0.001935 0.736000
v 0.472392 -0.002472 0.738250
v 0.472392 -0.002472 0.736000
v 0.472583 -0.002997 0.738250
v 0.472583 -0.002997 0.736000
v 0.472810 -0.003507 0.738250
v 0.472810 -0.003507 0.736000
v 0.473072 -0.004000 0.738250
v 0.473072 -0.004000 0.736000
v 0.473368 -0.004474 0.738250
v 0.473368 -0.004474 0.736000
v 0.473696 -0.004925 0.738250
v 0.473696 -0.004925 0.736000
v 0.474055 -0.005353 0.738250
v 0.474055 -0.005353 0.736000
v 0.474443 -0.005755 0.738250
v 0.474443 -0.005755 0.736000
v 0.474858 -0.006128 0.738250
v 0.474858 -0.006128 0.736000
v 0.475298 -0.006472 0.738250
v 0.475298 -0.006472 0.736000
v 0.475761 -0.006784 0.738250
v 0.475761 -0.006784 0.736000
v 0.476244 -0.007064 0.738250
v 0.476244 -0.007064 0.736000
v 0.476746 -0.007308 0.738250
v 0.476746 -0.007308 0.736000
v 0.477264 -0.007518 0.738250
v 0.477264 -0.007518 0.736000
v 0.477795 -0.007690 0.738250
v 0.477795 -0.007690 0.736000
v 0.478337 -0.007825 0.738250
v 0.478337 -0.007825 0.736000
v 0.478887 -0.007922 0.738250
v 0.478887 -0.007922 0.736000
v 0.479442 -0.007981 0.738250
v 0.479442 -0.007981 0.736000
v 0.480000 -0.008000 0.738250
v 0.480000 -0.008000 0.736000
v 0.472005 -0.000279 0.738250
v 0.472005 0.000279 0.736000
v 0.472005 0.000279 0.738250
v 0.472044 0.000836 0.736000
v 0.472044 0.000836 0.738250
v 0.472122 0.001389 0.736000
v 0.472122 0.001389 0.738250
v 0.472238 0.001935 0.736000
v 0.472238 0.001935 0.738250
v 0.472392 0.002472 0.736000
v 0.472392 0.002472 0.738250
v 0.472583 0.002997 0.736000
v 0.472583 0.002997 0.738250
v 0.472810 0.003507 0.736000
v 0.472810 0.003507 0.738250
v 0.473072 0.004000 0.736000
v 0.473072 0.004000 0.738250
v 0.473368 0.004474 0.736000
v 0.473368 0.004474 0.738250
v 0.473696 0.004925 0.736000
v 0.473696 0.004925 0.738250
v 0.474055 0.005353 0.736000
v 0.474055 0.005353 0.738250
v 0.474443 0.005755 0.736000
v 0.474443 0.005755 0.738250
v 0.474858 0.006128 0.736000
v 0.474858 0.006128 0.738250
v 0.475298 0.006472 0.736000
v 0.475298 0.006472 0.738250
v 0.475761 0.006784 0.736000
v 0.475761 0.006784 0.738250
v 0.476244 0.007064 0.736000
v 0.476244 0.007064 0.738250
v 0.476746 0.007308 0.736000
v 0.476746 0.007308 0.738250
v 0.477264 0.007518 0.736000
v 0.477264 0.007518 0.738250
v 0.477795 0.007690 0.736000
v 0.477795 0.007690 0.738250
v 0.478337 0.007825 0.736000
v 0.478337 0.007825 0.738250
v 0.478887 0.007922 0.736000
v 0.478887 0.007922 0.738250
v 0.479442 0.007981 0.736000
v 0.479442 0.007981 0.738250
v 0.480000 0.008000 0.736000
v 0.480000 0.008000 0.738250
v 0.479442 -0.007981 0.738250
v 0.478887 -0.007922 0.738250
v 0.478337 -0.007825 0.738250
v 0.477795 -0.007690 0.738250
v 0.477264 -0.007518 0.738250
v 0.476746 -0.007308 0.738250
v 0.476244 -0.007064 0.738250
v 0.475761 -0.006784 0.738250
v 0.475298 -0.006472 0.738250
v 0.474858 -0.006128 0.738250
v 0.474443 -0.005755 0.738250
v 0.474055 -0.005353 0.738250
v 0.473696 -0.004925 0.738250
v 0.473368 -0.004474 0.738250
v 0.473072 -0.004000 0.738250
v 0.472810 -0.003507 0.738250
v 0.472583 -0.002997 0.738250
v 0.472392 -0.002472 0.738250
v 0.472238 -0.001935 0.738250
v 0.472122 -0.001389 0.738250
v 0.472044 -0.000836 0.738250
v 0.472005 -0.000279 0.738250
v 0.472005 0.000279 0.738250
v 0.472044 0.000836 0.738250
v 0.472122 0.001389 0.738250
v 0.472238 0.001935 0.738250
v 0.472392 0.002472 0.738250
v 0.472583 0.002997 0.738250
v 0.472810 0.003507 0.738250
v 0.473072 0.004000 0.738250
v 0.473368 0.004474 0.738250
v 0.473696 0.004925 0.738250
v 0.474055 0.005353 0.738250
v 0.474443 0.005755 0.738250
v 0.474858 0.006128 0.738250
v 0.475298 0.006472 0.738250
v 0.475761 0.006784 0.738250
v 0.476244 0.007064 0.738250
v 0.476746 0.007308 0.738250
v 0.477264 0.007518 0.738250
v 0.477795 0.007690 0.738250
v 0.478337 0.007825 0.738250
v 0.478887 0.007922 0.738250
v 0.479442 0.007981 0.738250
v 0.480000 0.008000 0.738250
v 0.480558 0.007981 0.738250
v 0.481113 0.007922 0.738250
v 0.481663 0.007825 0.738250
v 0.482205 0.007690 0.738250
v 0.482736 0.007518 0.738250
v 0.483254 0.007308 0.738250
v 0.483756 0.007064 0.738250
v 0.484239 0.006784 0.738250
v 0.484702 0.006472 0.738250
v 0.485142 0.006128 0.738250
v 0.485557 0.005755 0.738250
v 0.485945 0.005353 0.738250
v 0.486304 0.004925 0.738250
v 0.486632 0.004474 0.738250
v 0.486928 0.004000 0.738250
v 0.487190 0.003507 0.738250
v 0.487417 0.002997 0.738250
v 0.487608 0.002472 0.738250
v 0.487762 0.001935 0.738250
v 0.487878 0.001389 0.738250
v 0.487956 0.000836 0.738250
v 0.487995 0.000279 0.738250
v 0.487995 -0.000279 0.738250
v 0.487956 -0.000836 0.738250
v 0.487878 -0.001389 0.738250
v 0.487762 -0.001935 0.738250
v 0.487608 -0.002472 0.738250
v 0.487417 -0.002997 0.738250
v 0.487190 -0.003507 0.738250
v 0.486928 -0.004000 0.738250
v 0.486632 -0.004474 0.738250
v 0.486304 -0.004925 0.738250
v 0.485945 -0.005353 0.738250
v 0.485557 -0.005755 0.738250
v 0.485142 -0.006128 0.738250
v 0.484702 -0.006472 0.738250
v 0.484239 -0.006784 0.738250
v 0.483756 -0.007064 0.738250
v 0.483254 -0.007308 0.738250
v 0.482736 -0.007518 0.738250
v 0.482205 -0.007690 0.738250
v 0.481663 -0.007825 0.738250
v 0.481113 -0.007922 0.738250
v 0.480558 -0.007981 0.738250
v 0.480000 -0.008000 0.738250
v 0.480565 -0.008080 0.738250
v 0.481127 -0.008021 0.738250
v 0.481684 -0.007923 0.738250
v 0.482233 -0.007786 0.738250
v 0.482770 -0.007612 0.738250
v 0.483295 -0.007400 0.738250
v 0.483803 -0.007152 0.738250
v 0.484292 -0.006869 0.738250
v 0.484761 -0.006553 0.738250
v 0.485207 -0.006205 0.738250
v 0.485627 -0.005827 0.738250
v 0.486019 -0.005420 0.738250
v 0.486383 -0.004987 0.738250
v 0.486715 -0.004529 0.738250
v 0.487015 -0.004050 0.738250
v 0.487280 -0.003551 0.738250
v 0.487510 -0.003034 0.738250
v 0.487704 -0.002503 0.738250
v 0.487859 -0.001960 0.738250
v 0.487977 -0.001407 0.738250
v 0.488056 -0.000847 0.738250
v 0.488095 -0.000283 0.738250
v 0.488095 0.000283 0.738250
v 0.488056 0.000847 0.738250
v 0.487977 0.001407 0.738250
v 0.487859 0.001960 0.738250
v 0.487704 0.002503 0.738250
v 0.487510 0.003034 0.738250
v 0.487280 0.003551 0.738250
v 0.487015 0.004050 0.738250
v 0.486715 0.004529 0.738250
v 0.486383 0.004987 0.738250
v 0.486019 0.005420 0.738250
v 0.485627 0.005827 0.738250
v 0.485207 0.006205 0.738250
v 0.484761 0.006553 0.738250
v 0.484292 0.006869 0.738250
v 0.483803 0.007152 0.738250
v 0.483295 0.007400 0.738250
v 0.482770 0.007612 0.738250
v 0.482233 0.007786 0.738250
v 0.481684 0.007923 0.738250
v 0.481127 0.008021 0.738250
v 0.480565 0.008080 0.738250
v 0.480000 0.008100 0.738250
v 0.479435 0.008080 0.738250
v 0.478873 0.008021 0.738250
v 0.478316 0.007923 0.738250
v 0.477767 0.007786 0.738250
v 0.477230 0.007612 0.738250
v 0.476705 0.007400 0.738250
v 0.476197 0.007152 0.738250
v 0.475708 0.006869 0.738250
v 0.475239 0.006553 0.738250
v 0.474793 0.006205 0.738250
v 0.474373 0.005827 0.738250
v 0.473981 0.005420 0.738250
v 0.473617 0.004987 0.738250
v 0.473285 0.004529 0.738250
v 0.472985 0.004050 0.738250
v 0.472720 0.003551 0.738250
v 0.472490 0.003034 0.738250
v 0.472296 0.002503 0.738250
v 0.472141 0.001960 0.738250
v 0.472023 0.001407 0.738250
v 0.471944 0.000847 0.738250
v 0.471905 0.000283 0.738250
v 0.471905 -0.000283 0.738250
v 0.471944 -0.000847 0.738250
v 0.472023 -0.001407 0.738250
v 0.472141 -0.001960 0.738250
v 0.472296 -0.002503 0.738250
v 0.472490 -0.003034 0.738250
v 0.472720 -0.003551 0.738250
v 0.472985 -0.004050 0.738250
v 0.473285 -0.004529 0.738250
v 0.473617 -0.004987 0.738250
v 0.473981 -0.005420 0.738250
v 0.474373 -0.005827 0.738250
v 0.474793 -0.006205 0.738250
v 0.475239 -0.006553 0.738250
v 0.475708 -0.006869 0.738250
v 0.476197 -0.007152 0.738250
v 0.476705 -0.007400 0.738250
v 0.477230 -0.007612 0.738250
v 0.477767 -0.007786 0.738250
v 0.478316 -0.007923 0.738250
v 0.478873 -0.008021 0.738250
v 0.479435 -0.008080 0.738250
v 0.480000 -0.008100 0.738250
v 0.478873 0.008021 0.738250
v 0.479435 0.008080 0.738250
v 0.479223 0.008139 0.738257
v 0.480000 0.008100 0.738250
v 0.480000 0.008178 0.738258
v 0.478850 -0.008368 0.738850
v 0.479194 -0.008440 0.738781
v 0.478396 -0.008325 0.738781
v 0.479192 -0.008457 0.738707
v 0.478392 -0.008342 0.738707
v 0.479192 -0.008461 0.738631
v 0.478391 -0.008346 0.738631
v 0.479193 -0.008450 0.738556
v 0.478393 -0.008335 0.738556
v 0.479195 -0.008426 0.738484
v 0.478398 -0.008311 0.738484
v 0.479199 -0.008388 0.738418
v 0.478405 -0.008274 0.738418
v 0.479204 -0.008338 0.738360
v 0.478415 -0.008225 0.738360
v 0.479210 -0.008279 0.738313
v 0.478426 -0.008166 0.738313
v 0.479216 -0.008211 0.738279
v 0.478439 -0.008100 0.738279
v 0.479223 -0.008139 0.738257
v 0.478453 -0.008028 0.738257
v 0.478282 -0.008270 0.738850
v 0.477611 -0.008135 0.738781
v 0.477606 -0.008152 0.738707
v 0.477605 -0.008155 0.738631
v 0.477608 -0.008145 0.738556
v 0.477615 -0.008121 0.738484
v 0.477626 -0.008085 0.738418
v 0.477640 -0.008037 0.738360
v 0.477657 -0.007979 0.738313
v 0.477676 -0.007915 0.738279
v 0.477697 -0.007845 0.738257
v 0.477171 -0.007959 0.738850
v 0.476849 -0.007871 0.738781
v 0.476842 -0.007887 0.738707
v 0.476841 -0.007891 0.738631
v 0.476845 -0.007881 0.738556
v 0.476854 -0.007858 0.738484
v 0.476868 -0.007822 0.738418
v 0.476887 -0.007776 0.738360
v 0.476909 -0.007721 0.738313
v 0.476934 -0.007658 0.738279
v 0.476961 -0.007590 0.738257
v 0.476635 -0.007747 0.738850
v 0.476115 -0.007536 0.738781
v 0.476107 -0.007551 0.738707
v 0.476105 -0.007555 0.738631
v 0.476110 -0.007545 0.738556
v 0.476122 -0.007523 0.738484
v 0.476139 -0.007489 0.738418
v 0.476162 -0.007445 0.738360
v 0.476189 -0.007392 0.738313
v 0.476220 -0.007332 0.738279
v 0.476254 -0.007267 0.738257
v 0.476114 -0.007499 0.738850
v 0.475416 -0.007132 0.738781
v 0.475407 -0.007147 0.738707
v 0.475405 -0.007150 0.738631
v 0.475411 -0.007141 0.738556
v 0.475424 -0.007120 0.738484
v 0.475445 -0.007088 0.738418
v 0.475472 -0.007046 0.738360
v 0.475504 -0.006996 0.738313
v 0.475540 -0.006939 0.738279
v 0.475580 -0.006878 0.738257
v 0.475129 -0.006900 0.738850
v 0.474759 -0.006664 0.738781
v 0.474748 -0.006678 0.738707
v 0.474746 -0.006681 0.738631
v 0.474753 -0.006673 0.738556
v 0.474768 -0.006653 0.738484
v 0.474792 -0.006623 0.738418
v 0.474822 -0.006584 0.738360
v 0.474859 -0.006537 0.738313
v 0.474901 -0.006484 0.738279
v 0.474946 -0.006427 0.738257
v 0.474670 -0.006552 0.738850
v 0.474150 -0.006136 0.738781
v 0.474137 -0.006149 0.738707
v 0.474135 -0.006151 0.738631
v 0.474142 -0.006144 0.738556
v 0.474159 -0.006126 0.738484
v 0.474186 -0.006098 0.738418
v 0.474220 -0.006062 0.738360
v 0.474261 -0.006019 0.738313
v 0.474308 -0.005970 0.738279
v 0.474358 -0.005917 0.738257
v 0.473827 -0.005765 0.738850
v 0.473593 -0.005552 0.738781
v 0.473579 -0.005564 0.738707
v 0.473576 -0.005566 0.738631
v 0.473585 -0.005559 0.738556
v 0.473603 -0.005543 0.738484
v 0.473632 -0.005518 0.738418
v 0.473670 -0.005485 0.738360
v 0.473715 -0.005446 0.738313
v 0.473766 -0.005402 0.738279
v 0.473821 -0.005354 0.738257
v 0.473448 -0.005330 0.738850
v 0.473094 -0.004918 0.738781
v 0.473079 -0.004928 0.738707
v 0.473076 -0.004930 0.738631
v 0.473085 -0.004924 0.738556
v 0.473106 -0.004910 0.738484
v 0.473137 -0.004887 0.738418
v 0.473177 -0.004859 0.738360
v 0.473226 -0.004824 0.738313
v 0.473281 -0.004785 0.738279
v 0.473340 -0.004742 0.738257
v 0.473100 -0.004871 0.738850
v 0.472658 -0.004239 0.738781
v 0.472642 -0.004248 0.738707
v 0.472639 -0.004250 0.738631
v 0.472649 -0.004244 0.738556
v 0.472670 -0.004232 0.738484
v 0.472703 -0.004213 0.738418
v 0.472746 -0.004188 0.738360
v 0.472798 -0.004158 0.738313
v 0.472856 -0.004124 0.738279
v 0.472920 -0.004088 0.738257
v 0.473285 -0.004529 0.738250
v 0.472985 -0.004050 0.738250
v 0.472501 -0.003886 0.738850
v 0.472288 -0.003522 0.738781
v 0.472272 -0.003529 0.738707
v 0.472269 -0.003531 0.738631
v 0.472278 -0.003526 0.738556
v 0.472301 -0.003516 0.738484
v 0.472336 -0.003500 0.738418
v 0.472381 -0.003480 0.738360
v 0.472435 -0.003455 0.738313
v 0.472497 -0.003427 0.738279
v 0.472563 -0.003396 0.738257
v 0.472253 -0.003365 0.738850
v 0.471988 -0.002773 0.738781
v 0.471971 -0.002779 0.738707
v 0.471968 -0.002780 0.738631
v 0.471978 -0.002776 0.738556
v 0.472002 -0.002768 0.738484
v 0.472038 -0.002756 0.738418
v 0.472085 -0.002740 0.738360
v 0.472141 -0.002720 0.738313
v 0.472205 -0.002698 0.738279
v 0.472274 -0.002674 0.738257
v 0.471867 -0.002279 0.738850
v 0.471761 -0.001999 0.738781
v 0.471744 -0.002003 0.738707
v 0.471740 -0.002004 0.738631
v 0.471751 -0.002001 0.738556
v 0.471775 -0.001995 0.738484
v 0.471812 -0.001986 0.738418
v 0.471860 -0.001975 0.738360
v 0.471918 -0.001961 0.738313
v 0.471984 -0.001945 0.738279
v 0.472055 -0.001927 0.738257
v 0.471730 -0.001718 0.738850
v 0.471608 -0.001207 0.738781
v 0.471591 -0.001209 0.738707
v 0.471587 -0.001210 0.738631
v 0.471598 -0.001208 0.738556
v 0.471622 -0.001205 0.738484
v 0.471660 -0.001199 0.738418
v 0.471709 -0.001192 0.738360
v 0.471768 -0.001184 0.738313
v 0.471835 -0.001174 0.738279
v 0.471908 -0.001164 0.738257
v 0.471632 -0.001150 0.738850
v 0.471532 -0.000403 0.738781
v 0.471514 -0.000404 0.738707
v 0.471510 -0.000404 0.738631
v 0.471521 -0.000404 0.738556
v 0.471546 -0.000403 0.738484
v 0.471584 -0.000401 0.738418
v 0.471633 -0.000399 0.738360
v 0.471693 -0.000396 0.738313
v 0.471761 -0.000392 0.738279
v 0.471834 -0.000389 0.738257
v 0.471554 0.000000 0.738850
v 0.471532 0.000403 0.738781
v 0.471514 0.000404 0.738707
v 0.471510 0.000404 0.738631
v 0.471521 0.000404 0.738556
v 0.471546 0.000403 0.738484
v 0.471584 0.000401 0.738418
v 0.471633 0.000399 0.738360
v 0.471693 0.000396 0.738313
v 0.471761 0.000392 0.738279
v 0.471834 0.000389 0.738257
v 0.471573 0.000576 0.738850
v 0.471608 0.001207 0.738781
v 0.471591 0.001209 0.738707
v 0.471587 0.001210 0.738631
v 0.471598 0.001208 0.738556
v 0.471622 0.001205 0.738484
v 0.471660 0.001199 0.738418
v 0.471709 0.001192 0.738360
v 0.471768 0.001184 0.738313
v 0.471835 0.001174 0.738279
v 0.471908 0.001164 0.738257
v 0.471730 0.001718 0.738850
v 0.471761 0.001999 0.738781
v 0.471744 0.002003 0.738707
v 0.471740 0.002004 0.738631
v 0.471751 0.002001 0.738556
v 0.471775 0.001995 0.738484
v 0.471812 0.001986 0.738418
v 0.471860 0.001975 0.738360
v 0.471918 0.001961 0.738313
v 0.471984 0.001945 0.738279
v 0.472055 0.001928 0.738257
v 0.471867 0.002279 0.738850
v 0.471988 0.002773 0.738781
v 0.471971 0.002779 0.738707
v 0.471968 0.002780 0.738631
v 0.471978 0.002776 0.738556
v 0.472002 0.002768 0.738484
v 0.472038 0.002756 0.738418
v 0.472085 0.002740 0.738360
v 0.472141 0.002720 0.738313
v 0.472205 0.002698 0.738279
v 0.472274 0.002674 0.738257
v 0.472041 0.002829 0.738850
v 0.472288 0.003522 0.738781
v 0.472272 0.003529 0.738707
v 0.472269 0.003531 0.738631
v 0.472278 0.003526 0.738556
v 0.472301 0.003516 0.738484
v 0.472336 0.003500 0.738418
v 0.472381 0.003480 0.738360
v 0.472435 0.003455 0.738313
v 0.472497 0.003427 0.738279
v 0.472563 0.003396 0.738257
v 0.472501 0.003886 0.738850
v 0.472658 0.004239 0.738781
v 0.472642 0.004248 0.738707
v 0.472639 0.004250 0.738631
v 0.472649 0.004244 0.738556
v 0.472670 0.004232 0.738484
v 0.472703 0.004213 0.738418
v 0.472746 0.004188 0.738360
v 0.472798 0.004158 0.738313
v 0.472856 0.004124 0.738279
v 0.472920 0.004088 0.738257
v 0.472720 0.003551 0.738250
v 0.472985 0.004050 0.738250
v 0.472783 0.004389 0.738850
v 0.473094 0.004918 0.738781
v 0.473079 0.004928 0.738707
v 0.473076 0.004930 0.738631
v 0.473085 0.004924 0.738556
v 0.473106 0.004910 0.738484
v 0.473137 0.004887 0.738418
v 0.473177 0.004859 0.738360
v 0.473226 0.004824 0.738313
v 0.473281 0.004785 0.738279
v 0.473340 0.004742 0.738257
v 0.473448 0.005330 0.738850
v 0.473593 0.005552 0.738781
v 0.473579 0.005564 0.738707
v 0.473576 0.005566 0.738631
v 0.473585 0.005559 0.738556
v 0.473603 0.005543 0.738484
v 0.473632 0.005518 0.738418
v 0.473670 0.005485 0.738360
v 0.473715 0.005446 0.738313
v 0.473766 0.005402 0.738279
v 0.473821 0.005354 0.738257
v 0.473827 0.005765 0.738850
v 0.474150 0.006136 0.738781
v 0.474137 0.006149 0.738707
v 0.474135 0.006151 0.738631
v 0.474142 0.006144 0.738556
v 0.474159 0.006126 0.738484
v 0.474186 0.006098 0.738418
v 0.474220 0.006062 0.738360
v 0.474261 0.006019 0.738313
v 0.474308 0.005970 0.738279
v 0.474358 0.005917 0.738257
v 0.474235 0.006173 0.738850
v 0.474759 0.006664 0.738781
v 0.474748 0.006678 0.738707
v 0.474746 0.006681 0.738631
v 0.474753 0.006673 0.738556
v 0.474768 0.006653 0.738484
v 0.474792 0.006623 0.738418
v 0.474822 0.006584 0.738360
v 0.474859 0.006537 0.738313
v 0.474901 0.006484 0.738279
v 0.474946 0.006427 0.738257
v 0.475129 0.006900 0.738850
v 0.475416 0.007132 0.738781
v 0.475407 0.007147 0.738707
v 0.475405 0.007150 0.738631
v 0.475411 0.007141 0.738556
v 0.475424 0.007120 0.738484
v 0.475445 0.007088 0.738418
v 0.475472 0.007046 0.738360
v 0.475504 0.006996 0.738313
v 0.475540 0.006939 0.738279
v 0.475580 0.006878 0.738257
v 0.475611 0.007217 0.738850
v 0.476115 0.007536 0.738781
v 0.476107 0.007551 0.738707
v 0.476105 0.007555 0.738631
v 0.476110 0.007545 0.738556
v 0.476122 0.007523 0.738484
v 0.476139 0.007489 0.738418
v 0.476162 0.007445 0.738360
v 0.476189 0.007392 0.738313
v 0.476220 0.007332 0.738279
v 0.476254 0.007267 0.738257
v 0.476635 0.007747 0.738850
v 0.476849 0.007871 0.738781
v 0.476842 0.007887 0.738707
v 0.476841 0.007891 0.738631
v 0.476845 0.007881 0.738556
v 0.476854 0.007858 0.738484
v 0.476868 0.007822 0.738418
v 0.476887 0.007776 0.738360
v 0.476909 0.007721 0.738313
v 0.476934 0.007658 0.738279
v 0.476961 0.007590 0.738257
v 0.477171 0.007959 0.738850
v 0.477611 0.008135 0.738781
v 0.477606 0.008152 0.738707
v 0.477605 0.008155 0.738631
v 0.477608 0.008145 0.738556
v 0.477615 0.008121 0.738484
v 0.477626 0.008085 0.738418
v 0.477640 0.008037 0.738360
v 0.477657 0.007979 0.738313
v 0.477676 0.007915 0.738279
v 0.477697 0.007845 0.738257
v 0.477721 0.008133 0.738850
v 0.478396 0.008325 0.738781
v 0.478392 0.008342 0.738707
v 0.478391 0.008346 0.738631
v 0.478393 0.008335 0.738556
v 0.478398 0.008311 0.738484
v 0.478405 0.008274 0.738418
v 0.478415 0.008225 0.738360
v 0.478426 0.008166 0.738313
v 0.478439 0.008100 0.738279
v 0.478453 0.008028 0.738257
v 0.478850 0.008368 0.738850
v 0.479194 0.008440 0.738781
v 0.479192 0.008457 0.738707
v 0.479192 0.008461 0.738631
v 0.479193 0.008450 0.738556
v 0.479195 0.008426 0.738484
v 0.479199 0.008388 0.738418
v 0.479204 0.008338 0.738360
v 0.479210 0.008279 0.738313
v 0.479216 0.008211 0.738279
v 0.480000 0.008500 0.738650
v 0.480000 0.008494 0.738719
v 0.480000 0.008492 0.738572
v 0.480000 -0.008500 0.738650
v 0.480000 -0.008492 0.738572
v 0.480000 -0.008494 0.738719
v 0.479424 -0.008427 0.738850
v 0.480000 -0.008476 0.738787
v 0.479435 -0.008080 0.738250
v 0.478873 -0.008021 0.738250
v 0.480000 -0.008178 0.738258
v 0.478316 -0.007923 0.738250
v 0.477721 -0.008133 0.738850
v 0.477767 -0.007786 0.738250
v 0.477230 -0.007612 0.738250
v 0.476705 -0.007400 0.738250
v 0.476197 -0.007152 0.738250
v 0.475611 -0.007217 0.738850
v 0.475708 -0.006869 0.738250
v 0.475239 -0.006553 0.738250
v 0.474793 -0.006205 0.738250
v 0.474235 -0.006173 0.738850
v 0.474373 -0.005827 0.738250
v 0.473981 -0.005420 0.738250
v 0.473617 -0.004987 0.738250
v 0.472783 -0.004389 0.738850
v 0.472720 -0.003551 0.738250
v 0.472490 -0.003034 0.738250
v 0.472041 -0.002829 0.738850
v 0.472296 -0.002503 0.738250
v 0.472141 -0.001960 0.738250
v 0.472023 -0.001407 0.738250
v 0.471944 -0.000847 0.738250
v 0.471573 -0.000576 0.738850
v 0.471905 -0.000283 0.738250
v 0.471905 0.000283 0.738250
v 0.471944 0.000847 0.738250
v 0.471632 0.001150 0.738850
v 0.472023 0.001407 0.738250
v 0.472141 0.001960 0.738250
v 0.472296 0.002503 0.738250
v 0.472490 0.003034 0.738250
v 0.472253 0.003365 0.738850
v 0.473100 0.004871 0.738850
v 0.473285 0.004529 0.738250
v 0.473617 0.004987 0.738250
v 0.473981 0.005420 0.738250
v 0.474373 0.005827 0.738250
v 0.474793 0.006205 0.738250
v 0.474670 0.006552 0.738850
v 0.475239 0.006553 0.738250
v 0.475708 0.006869 0.738250
v 0.476114 0.007499 0.738850
v 0.476197 0.007152 0.738250
v 0.476705 0.007400 0.738250
v 0.477230 0.007612 0.738250
v 0.477767 0.007786 0.738250
v 0.478282 0.008270 0.738850
v 0.478316 0.007923 0.738250
v 0.480000 0.008476 0.738787
v 0.479424 0.008427 0.738850
v 0.480000 0.008253 0.738280
v 0.480000 0.008322 0.738317
v 0.480000 0.008383 0.738367
v 0.480000 0.008433 0.738428
v 0.480000 0.008470 0.738497
v 0.480000 0.008446 0.738850
v 0.480000 -0.008100 0.738250
v 0.480000 -0.008253 0.738280
v 0.480000 -0.008322 0.738317
v 0.480000 -0.008383 0.738367
v 0.480000 -0.008433 0.738428
v 0.480000 -0.008470 0.738497
v 0.480000 -0.008446 0.738850
v 0.469188 0.008356 0.735000
v 0.469509 0.008412 0.735000
v 0.469821 0.008506 0.735000
v 0.470120 0.008635 0.735000
v 0.470402 0.008798 0.735000
v 0.470663 0.008992 0.735000
v 0.470900 0.009215 0.735000
v 0.471109 0.009465 0.735000
v 0.471288 0.009737 0.735000
v 0.471434 0.010028 0.735000
v 0.471545 0.010334 0.735000
v 0.471621 0.010651 0.735000
v 0.471658 0.010974 0.735000
v 0.471658 0.011300 0.735000
v 0.471621 0.011623 0.735000
v 0.471545 0.011940 0.735000
v 0.471434 0.012246 0.735000
v 0.471288 0.012537 0.735000
v 0.471109 0.012809 0.735000
v 0.470900 0.013058 0.735000
v 0.470663 0.013282 0.735000
v 0.470402 0.013476 0.735000
v 0.470120 0.013639 0.735000
v 0.469821 0.013768 0.735000
v 0.469509 0.013862 0.735000
v 0.469188 0.013918 0.735000
v 0.468863 0.013937 0.735000
v 0.468538 0.013918 0.735000
v 0.468217 0.013862 0.735000
v 0.467905 0.013768 0.735000
v 0.467606 0.013639 0.735000
v 0.467324 0.013476 0.735000
v 0.467063 0.013282 0.735000
v 0.466826 0.013058 0.735000
v 0.466617 0.012809 0.735000
v 0.466438 0.012537 0.735000
v 0.466292 0.012246 0.735000
v 0.466181 0.011940 0.735000
v 0.466106 0.011623 0.735000
v 0.466068 0.011300 0.735000
v 0.466068 0.010974 0.735000
v 0.466106 0.010651 0.735000
v 0.466181 0.010334 0.735000
v 0.466292 0.010028 0.735000
v 0.466438 0.009737 0.735000
v 0.466617 0.009465 0.735000
v 0.466826 0.009215 0.735000
v 0.467063 0.008992 0.735000
v 0.467324 0.008798 0.735000
v 0.467606 0.008635 0.735000
v 0.467905 0.008506 0.735000
v 0.468217 0.008412 0.735000
v 0.468538 0.008356 0.735000
v 0.468863 0.008337 0.735000
v 0.491462 0.008356 0.735000
v 0.491783 0.008412 0.735000
v 0.492095 0.008506 0.735000
v 0.492394 0.008635 0.735000
v 0.492676 0.008798 0.735000
v 0.492937 0.008992 0.735000
v 0.493174 0.009215 0.735000
v 0.493383 0.009465 0.735000
v 0.493562 0.009737 0.735000
v 0.493708 0.010028 0.735000
v 0.493819 0.010334 0.735000
v 0.493894 0.010651 0.735000
v 0.493932 0.010974 0.735000
v 0.493932 0.011300 0.735000
v 0.493894 0.011623 0.735000
v 0.493819 0.011940 0.735000
v 0.493708 0.012246 0.735000
v 0.493562 0.012537 0.735000
v 0.493383 0.012809 0.735000
v 0.493174 0.013058 0.735000
v 0.492937 0.013282 0.735000
v 0.492676 0.013476 0.735000
v 0.492394 0.013639 0.735000
v 0.492095 0.013768 0.735000
v 0.491783 0.013862 0.735000
v 0.491462 0.013918 0.735000
v 0.491137 0.013937 0.735000
v 0.490812 0.013918 0.735000
v 0.490491 0.013862 0.735000
v 0.490179 0.013768 0.735000
v 0.489880 0.013639 0.735000
v 0.489598 0.013476 0.735000
v 0.489337 0.013282 0.735000
v 0.489100 0.013058 0.735000
v 0.488891 0.012809 0.735000
v 0.488712 0.012537 0.735000
v 0.488566 0.012246 0.735000
v 0.488455 0.011940 0.735000
v 0.488379 0.011623 0.735000
v 0.488342 0.011300 0.735000
v 0.488342 0.010974 0.735000
v 0.488379 0.010651 0.735000
v 0.488455 0.010334 0.735000
v 0.488566 0.010028 0.735000
v 0.488712 0.009737 0.735000
v 0.488891 0.009465 0.735000
v 0.489100 0.009215 0.735000
v 0.489337 0.008992 0.735000
v 0.489598 0.008798 0.735000
v 0.489880 0.008635 0.735000
v 0.490179 0.008506 0.735000
v 0.490491 0.008412 0.735000
v 0.490812 0.008356 0.735000
v 0.491137 0.008337 0.735000
v 0.491462 -0.013918 0.735000
v 0.491783 -0.013862 0.735000
v 0.492095 -0.013768 0.735000
v 0.492394 -0.013639 0.735000
v 0.492676 -0.013476 0.735000
v 0.492937 -0.013282 0.735000
v 0.493174 -0.013058 0.735000
v 0.493383 -0.012809 0.735000
v 0.493562 -0.012537 0.735000
v 0.493708 -0.012246 0.735000
v 0.493819 -0.011940 0.735000
v 0.493894 -0.011623 0.735000
v 0.493932 -0.011300 0.735000
v 0.493932 -0.010974 0.735000
v 0.493894 -0.010651 0.735000
v 0.493819 -0.010334 0.735000
v 0.493708 -0.010028 0.735000
v 0.493562 -0.009737 0.735000
v 0.493383 -0.009465 0.735000
v 0.493174 -0.009215 0.735000
v 0.492937 -0.008992 0.735000
v 0.492676 -0.008798 0.735000
v 0.492394 -0.008635 0.735000
v 0.492095 -0.008506 0.735000
v 0.491783 -0.008412 0.735000
v 0.491462 -0.008356 0.735000
v 0.491137 -0.008337 0.735000
v 0.490812 -0.008356 0.735000
v 0.490491 -0.008412 0.735000
v 0.490179 -0.008506 0.735000
v 0.489880 -0.008635 0.735000
v 0.489598 -0.008798 0.735000
v 0.489337 -0.008992 0.735000
v 0.489100 -0.009215 0.735000
v 0.488891 -0.009465 0.735000
v 0.488712 -0.009737 0.735000
v 0.488566 -0.010028 0.735000
v 0.488455 -0.010334 0.735000
v 0.488379 -0.010651 0.735000
v 0.488342 -0.010974 0.735000
v 0.488342 -0.011300 0.735000
v 0.488379 -0.011623 0.735000
v 0.488455 -0.011940 0.735000
v 0.488566 -0.012246 0.735000
v 0.488712 -0.012537 0.735000
v 0.488891 -0.012809 0.735000
v 0.489100 -0.013058 0.735000
v 0.489337 -0.013282 0.735000
v 0.489598 -0.013476 0.735000
v 0.489880 -0.013639 0.735000
v 0.490179 -0.013768 0.735000
v 0.490491 -0.013862 0.735000
v 0.490812 -0.013918 0.735000
v 0.491137 -0.013937 0.735000
v 0.469188 -0.013918 0.735000
v 0.469509 -0.013862 0.735000
v 0.469821 -0.013768 0.735000
v 0.470120 -0.013639 0.735000
v 0.470402 -0.013476 0.735000
v 0.470663 -0.013282 0.735000
v 0.470900 -0.013058 0.735000
v 0.471109 -0.012809 0.735000
v 0.471288 -0.012537 0.735000
v 0.471434 -0.012246 0.735000
v 0.471545 -0.011940 0.735000
v 0.471621 -0.011623 0.735000
v 0.471658 -0.011300 0.735000
v 0.471658 -0.010974 0.735000
v 0.471621 -0.010651 0.735000
v 0.471545 -0.010334 0.735000
v 0.471434 -0.010028 0.735000
v 0.471288 -0.009737 0.735000
v 0.471109 -0.009465 0.735000
v 0.470900 -0.009215 0.735000
v 0.470663 -0.008992 0.735000
v 0.470402 -0.008798 0.735000
v 0.470120 -0.008635 0.735000
v 0.469821 -0.008506 0.735000
v 0.469509 -0.008412 0.735000
v 0.469188 -0.008356 0.735000
v 0.468863 -0.008337 0.735000
v 0.468538 -0.008356 0.735000
v 0.468217 -0.008412 0.735000
v 0.467905 -0.008506 0.735000
v 0.467606 -0.008635 0.735000
v 0.467324 -0.008798 0.735000
v 0.467063 -0.008992 0.735000
v 0.466826 -0.009215 0.735000
v 0.466617 -0.009465 0.735000
v 0.466438 -0.009737 0.735000
v 0.466292 -0.010028 0.735000
v 0.466181 -0.010334 0.735000
v 0.466106 -0.010651 0.735000
v 0.466068 -0.010974 0.735000
v 0.466068 -0.011300 0.735000
v 0.466106 -0.011623 0.735000
v 0.466181 -0.011940 0.735000
v 0.466292 -0.012246 0.735000
v 0.466438 -0.012537 0.735000
v 0.466617 -0.012809 0.735000
v 0.466826 -0.013058 0.735000
v 0.467063 -0.013282 0.735000
v 0.467324 -0.013476 0.735000
v 0.467606 -0.013639 0.735000
v 0.467905 -0.013768 0.735000
v 0.468217 -0.013862 0.735000
v 0.468538 -0.013918 0.735000
v 0.468863 -0.013937 0.735000
v 0.480325 -0.018531 0.735000
v 0.480646 -0.018475 0.735000
v 0.480958 -0.018381 0.735000
v 0.481257 -0.018252 0.735000
v 0.481539 -0.018089 0.735000
v 0.481800 -0.017895 0.735000
v 0.482037 -0.017671 0.735000
v 0.482246 -0.017422 0.735000
v 0.482425 -0.017150 0.735000
v 0.482571 -0.016859 0.735000
v 0.482682 -0.016553 0.735000
v 0.482757 -0.016236 0.735000
v 0.482795 -0.015913 0.735000
v 0.482795 -0.015587 0.735000
v 0.482757 -0.015264 0.735000
v 0.482682 -0.014947 0.735000
v 0.482571 -0.014641 0.735000
v 0.482425 -0.014350 0.735000
v 0.482246 -0.014078 0.735000
v 0.482037 -0.013829 0.735000
v 0.481800 -0.013605 0.735000
v 0.481539 -0.013411 0.735000
v 0.481257 -0.013248 0.735000
v 0.480958 -0.013119 0.735000
v 0.480646 -0.013026 0.735000
v 0.480325 -0.012969 0.735000
v 0.480000 -0.012950 0.735000
v 0.479675 -0.012969 0.735000
v 0.479354 -0.013026 0.735000
v 0.479042 -0.013119 0.735000
v 0.478743 -0.013248 0.735000
v 0.478461 -0.013411 0.735000
v 0.478200 -0.013605 0.735000
v 0.477963 -0.013829 0.735000
v 0.477754 -0.014078 0.735000
v 0.477575 -0.014350 0.735000
v 0.477429 -0.014641 0.735000
v 0.477318 -0.014947 0.735000
v 0.477243 -0.015264 0.735000
v 0.477205 -0.015587 0.735000
v 0.477205 -0.015913 0.735000
v 0.477243 -0.016236 0.735000
v 0.477318 -0.016553 0.735000
v 0.477429 -0.016859 0.735000
v 0.477575 -0.017150 0.735000
v 0.477754 -0.017422 0.735000
v 0.477963 -0.017671 0.735000
v 0.478200 -0.017895 0.735000
v 0.478461 -0.018089 0.735000
v 0.478743 -0.018252 0.735000
v 0.479042 -0.018381 0.735000
v 0.479354 -0.018475 0.735000
v 0.479675 -0.018531 0.735000
v 0.480000 -0.018550 0.735000
v 0.496075 -0.002781 0.735000
v 0.496396 -0.002725 0.735000
v 0.496708 -0.002631 0.735000
v 0.497007 -0.002502 0.735000
v 0.497289 -0.002339 0.735000
v 0.497550 -0.002145 0.735000
v 0.497787 -0.001921 0.735000
v 0.497996 -0.001672 0.735000
v 0.498175 -0.001400 0.735000
v 0.498321 -0.001109 0.735000
v 0.498432 -0.000803 0.735000
v 0.498507 -0.000486 0.735000
v 0.498545 -0.000163 0.735000
v 0.498545 0.000163 0.735000
v 0.498507 0.000486 0.735000
v 0.498432 0.000803 0.735000
v 0.498321 0.001109 0.735000
v 0.498175 0.001400 0.735000
v 0.497996 0.001672 0.735000
v 0.497787 0.001921 0.735000
v 0.497550 0.002145 0.735000
v 0.497289 0.002339 0.735000
v 0.497007 0.002502 0.735000
v 0.496708 0.002631 0.735000
v 0.496396 0.002725 0.735000
v 0.496075 0.002781 0.735000
v 0.495750 0.002800 0.735000
v 0.495425 0.002781 0.735000
v 0.495104 0.002725 0.735000
v 0.494792 0.002631 0.735000
v 0.494493 0.002502 0.735000
v 0.494211 0.002339 0.735000
v 0.493950 0.002145 0.735000
v 0.493713 0.001921 0.735000
v 0.493504 0.001672 0.735000
v 0.493325 0.001400 0.735000
v 0.493179 0.001109 0.735000
v 0.493068 0.000803 0.735000
v 0.492993 0.000486 0.735000
v 0.492955 0.000163 0.735000
v 0.492955 -0.000163 0.735000
v 0.492993 -0.000486 0.735000
v 0.493068 -0.000803 0.735000
v 0.493179 -0.001109 0.735000
v 0.493325 -0.001400 0.735000
v 0.493504 -0.001672 0.735000
v 0.493713 -0.001921 0.735000
v 0.493950 -0.002145 0.735000
v 0.494211 -0.002339 0.735000
v 0.494493 -0.002502 0.735000
v 0.494792 -0.002631 0.735000
v 0.495104 -0.002725 0.735000
v 0.495425 -0.002781 0.735000
v 0.495750 -0.002800 0.735000
v 0.480325 0.012969 0.735000
v 0.480646 0.013026 0.735000
v 0.480958 0.013119 0.735000
v 0.481257 0.013248 0.735000
v 0.481539 0.013411 0.735000
v 0.481800 0.013605 0.735000
v 0.482037 0.013829 0.735000
v 0.482246 0.014078 0.735000
v 0.482425 0.014350 0.735000
v 0.482571 0.014641 0.735000
v 0.482682 0.014947 0.735000
v 0.482757 0.015264 0.735000
v 0.482795 0.015587 0.735000
v 0.482795 0.015913 0.735000
v 0.482757 0.016236 0.735000
v 0.482682 0.016553 0.735000
v 0.482571 0.016859 0.735000
v 0.482425 0.017150 0.735000
v 0.482246 0.017422 0.735000
v 0.482037 0.017671 0.735000
v 0.481800 0.017895 0.735000
v 0.481539 0.018089 0.735000
v 0.481257 0.018252 0.735000
v 0.480958 0.018381 0.735000
v 0.480646 0.018475 0.735000
v 0.480325 0.018531 0.735000
v 0.480000 0.018550 0.735000
v 0.479675 0.018531 0.735000
v 0.479354 0.018475 0.735000
v 0.479042 0.018381 0.735000
v 0.478743 0.018252 0.735000
v 0.478461 0.018089 0.735000
v 0.478200 0.017895 0.735000
v 0.477963 0.017671 0.735000
v 0.477754 0.017422 0.735000
v 0.477575 0.017150 0.735000
v 0.477429 0.016859 0.735000
v 0.477318 0.016553 0.735000
v 0.477243 0.016236 0.735000
v 0.477205 0.015913 0.735000
v 0.477205 0.015587 0.735000
v 0.477243 0.015264 0.735000
v 0.477318 0.014947 0.735000
v 0.477429 0.014641 0.735000
v 0.477575 0.014350 0.735000
v 0.477754 0.014078 0.735000
v 0.477963 0.013829 0.735000
v 0.478200 0.013605 0.735000
v 0.478461 0.013411 0.735000
v 0.478743 0.013248 0.735000
v 0.479042 0.013119 0.735000
v 0.479354 0.013026 0.735000
v 0.479675 0.012969 0.735000
v 0.480000 0.012950 0.735000
v 0.479411 0.008981 0.735000
v 0.478825 0.008923 0.735000
v 0.478244 0.008827 0.735000
v 0.477671 0.008693 0.735000
v 0.477107 0.008522 0.735000
v 0.476556 0.008315 0.735000
v 0.476019 0.008072 0.735000
v 0.475500 0.007794 0.735000
v 0.475000 0.007483 0.735000
v 0.474521 0.007140 0.735000
v 0.474066 0.006767 0.735000
v 0.473636 0.006364 0.735000
v 0.473233 0.005934 0.735000
v 0.472860 0.005479 0.735000
v 0.472517 0.005000 0.735000
v 0.472206 0.004500 0.735000
v 0.471928 0.003981 0.735000
v 0.471685 0.003444 0.735000
v 0.471478 0.002893 0.735000
v 0.471307 0.002329 0.735000
v 0.471173 0.001756 0.735000
v 0.471077 0.001175 0.735000
v 0.471019 0.000589 0.735000
v 0.471000 0.000000 0.735000
v 0.471019 -0.000589 0.735000
v 0.471077 -0.001175 0.735000
v 0.471173 -0.001756 0.735000
v 0.471307 -0.002329 0.735000
v 0.471478 -0.002893 0.735000
v 0.471685 -0.003444 0.735000
v 0.471928 -0.003981 0.735000
v 0.472206 -0.004500 0.735000
v 0.472517 -0.005000 0.735000
v 0.472860 -0.005479 0.735000
v 0.473233 -0.005934 0.735000
v 0.473636 -0.006364 0.735000
v 0.474066 -0.006767 0.735000
v 0.474521 -0.007140 0.735000
v 0.475000 -0.007483 0.735000
v 0.475500 -0.007794 0.735000
v 0.476019 -0.008072 0.735000
v 0.476556 -0.008315 0.735000
v 0.477107 -0.008522 0.735000
v 0.477671 -0.008693 0.735000
v 0.478244 -0.008827 0.735000
v 0.478825 -0.008923 0.735000
v 0.479411 -0.008981 0.735000
v 0.480000 -0.009000 0.735000
v 0.480589 -0.008981 0.735000
v 0.481175 -0.008923 0.735000
v 0.481756 -0.008827 0.735000
v 0.482329 -0.008693 0.735000
v 0.482893 -0.008522 0.735000
v 0.483444 -0.008315 0.735000
v 0.483981 -0.008072 0.735000
v 0.484500 -0.007794 0.735000
v 0.485000 -0.007483 0.735000
v 0.485479 -0.007140 0.735000
v 0.485934 -0.006767 0.735000
v 0.486364 -0.006364 0.735000
v 0.486767 -0.005934 0.735000
v 0.487140 -0.005479 0.735000
v 0.487483 -0.005000 0.735000
v 0.487794 -0.004500 0.735000
v 0.488072 -0.003981 0.735000
v 0.488315 -0.003444 0.735000
v 0.488522 -0.002893 0.735000
v 0.488693 -0.002329 0.735000
v 0.488827 -0.001756 0.735000
v 0.488923 -0.001175 0.735000
v 0.488981 -0.000589 0.735000
v 0.489000 0.000000 0.735000
v 0.488981 0.000589 0.735000
v 0.488923 0.001175 0.735000
v 0.488827 0.001756 0.735000
v 0.488693 0.002329 0.735000
v 0.488522 0.002893 0.735000
v 0.488315 0.003444 0.735000
v 0.488072 0.003981 0.735000
v 0.487794 0.004500 0.735000
v 0.487483 0.005000 0.735000
v 0.487140 0.005479 0.735000
v 0.486767 0.005934 0.735000
v 0.486364 0.006364 0.735000
v 0.485934 0.006767 0.735000
v 0.485479 0.007140 0.735000
v 0.485000 0.007483 0.735000
v 0.484500 0.007794 0.735000
v 0.483981 0.008072 0.735000
v 0.483444 0.008315 0.735000
v 0.482893 0.008522 0.735000
v 0.482329 0.008693 0.735000
v 0.481756 0.008827 0.735000
v 0.481175 0.008923 0.735000
v 0.480589 0.008981 0.735000
v 0.480000 0.009000 0.735000
v 0.464575 -0.002680 0.735000
v 0.464896 -0.002622 0.735000
v 0.465207 -0.002525 0.735000
v 0.465505 -0.002391 0.735000
v 0.465784 -0.002222 0.735000
v 0.466040 -0.002021 0.735000
v 0.466271 -0.001790 0.735000
v 0.466472 -0.001534 0.735000
v 0.466641 -0.001255 0.735000
v 0.466775 -0.000957 0.735000
v 0.466872 -0.000646 0.735000
v 0.466930 -0.000325 0.735000
v 0.466950 0.000000 0.735000
v 0.466930 0.000325 0.735000
v 0.466872 0.000646 0.735000
v 0.466775 0.000957 0.735000
v 0.466641 0.001255 0.735000
v 0.466472 0.001534 0.735000
v 0.466271 0.001790 0.735000
v 0.466040 0.002021 0.735000
v 0.465784 0.002222 0.735000
v 0.465505 0.002391 0.735000
v 0.465207 0.002525 0.735000
v 0.464896 0.002622 0.735000
v 0.464575 0.002680 0.735000
v 0.464250 0.002700 0.735000
v 0.463925 0.002680 0.735000
v 0.463604 0.002622 0.735000
v 0.463293 0.002525 0.735000
v 0.462995 0.002391 0.735000
v 0.462716 0.002222 0.735000
v 0.462460 0.002021 0.735000
v 0.462229 0.001790 0.735000
v 0.462028 0.001534 0.735000
v 0.461859 0.001255 0.735000
v 0.461725 0.000957 0.735000
v 0.461628 0.000646 0.735000
v 0.461570 0.000325 0.735000
v 0.461550 0.000000 0.735000
v 0.461570 -0.000325 0.735000
v 0.461628 -0.000646 0.735000
v 0.461725 -0.000957 0.735000
v 0.461859 -0.001255 0.735000
v 0.462028 -0.001534 0.735000
v 0.462229 -0.001790 0.735000
v 0.462460 -0.002021 0.735000
v 0.462716 -0.002222 0.735000
v 0.462995 -0.002391 0.735000
v 0.463293 -0.002525 0.735000
v 0.463604 -0.002622 0.735000
v 0.463925 -0.002680 0.735000
v 0.464250 -0.002700 0.735000
v 0.480885 0.019980 0.735000
v 0.481768 0.019922 0.735000
v 0.482647 0.019824 0.735000
v 0.483521 0.019688 0.735000
v 0.484389 0.019513 0.735000
v 0.485248 0.019299 0.735000
v 0.486096 0.019048 0.735000
v 0.486933 0.018760 0.735000
v 0.487756 0.018435 0.735000
v 0.488564 0.018074 0.735000
v 0.489355 0.017677 0.735000
v 0.490127 0.017246 0.735000
v 0.490880 0.016781 0.735000
v 0.491612 0.016284 0.735000
v 0.492321 0.015754 0.735000
v 0.493006 0.015194 0.735000
v 0.493665 0.014604 0.735000
v 0.494298 0.013985 0.735000
v 0.494902 0.013339 0.735000
v 0.495478 0.012667 0.735000
v 0.496023 0.011969 0.735000
v 0.496537 0.011249 0.735000
v 0.497018 0.010507 0.735000
v 0.497466 0.009743 0.735000
v 0.497880 0.008961 0.735000
v 0.498259 0.008162 0.735000
v 0.498602 0.007346 0.735000
v 0.498909 0.006516 0.735000
v 0.499178 0.005673 0.735000
v 0.499411 0.004819 0.735000
v 0.499605 0.003956 0.735000
v 0.499761 0.003085 0.735000
v 0.499878 0.002208 0.735000
v 0.499956 0.001326 0.735000
v 0.499995 0.000442 0.735000
v 0.499995 -0.000442 0.735000
v 0.499956 -0.001326 0.735000
v 0.499878 -0.002208 0.735000
v 0.499761 -0.003085 0.735000
v 0.499605 -0.003956 0.735000
v 0.499411 -0.004819 0.735000
v 0.499178 -0.005673 0.735000
v 0.498909 -0.006516 0.735000
v 0.498602 -0.007346 0.735000
v 0.498259 -0.008162 0.735000
v 0.497880 -0.008961 0.735000
v 0.497466 -0.009743 0.735000
v 0.497018 -0.010507 0.735000
v 0.496537 -0.011249 0.735000
v 0.496023 -0.011969 0.735000
v 0.495478 -0.012667 0.735000
v 0.494902 -0.013339 0.735000
v 0.494298 -0.013985 0.735000
v 0.493665 -0.014604 0.735000
v 0.493006 -0.015194 0.735000
v 0.492321 -0.015754 0.735000
v 0.491612 -0.016284 0.735000
v 0.490880 -0.016781 0.735000
v 0.490127 -0.017246 0.735000
v 0.489355 -0.017677 0.735000
v 0.488564 -0.018074 0.735000
v 0.487756 -0.018435 0.735000
v 0.486933 -0.018760 0.735000
v 0.486096 -0.019048 0.735000
v 0.485248 -0.019299 0.735000
v 0.484389 -0.019513 0.735000
v 0.483521 -0.019688 0.735000
v 0.482647 -0.019824 0.735000
v 0.481768 -0.019922 0.735000
v 0.480885 -0.019980 0.735000
v 0.480000 -0.020000 0.735000
v 0.479115 -0.019980 0.735000
v 0.478232 -0.019922 0.735000
v 0.477353 -0.019824 0.735000
v 0.476479 -0.019688 0.735000
v 0.475611 -0.019513 0.735000
v 0.474752 -0.019299 0.735000
v 0.473904 -0.019048 0.735000
v 0.473067 -0.018760 0.735000
v 0.472244 -0.018435 0.735000
v 0.471436 -0.018074 0.735000
v 0.470645 -0.017677 0.735000
v 0.469873 -0.017246 0.735000
v 0.469120 -0.016781 0.735000
v 0.468388 -0.016284 0.735000
v 0.467679 -0.015754 0.735000
v 0.466994 -0.015194 0.735000
v 0.466335 -0.014604 0.735000
v 0.465702 -0.013985 0.735000
v 0.465098 -0.013339 0.735000
v 0.464522 -0.012667 0.735000
v 0.463977 -0.011969 0.735000
v 0.463463 -0.011249 0.735000
v 0.462982 -0.010507 0.735000
v 0.462534 -0.009743 0.735000
v 0.462120 -0.008961 0.735000
v 0.461741 -0.008162 0.735000
v 0.461398 -0.007346 0.735000
v 0.461091 -0.006516 0.735000
v 0.460822 -0.005673 0.735000
v 0.460589 -0.004819 0.735000
v 0.460395 -0.003956 0.735000
v 0.460239 -0.003085 0.735000
v 0.460122 -0.002208 0.735000
v 0.460044 -0.001326 0.735000
v 0.460005 -0.000442 0.735000
v 0.460005 0.000442 0.735000
v 0.460044 0.001326 0.735000
v 0.460122 0.002208 0.735000
v 0.460239 0.003085 0.735000
v 0.460395 0.003956 0.735000
v 0.460589 0.004819 0.735000
v 0.460822 0.005673 0.735000
v 0.461091 0.006516 0.735000
v 0.461398 0.007346 0.735000
v 0.461741 0.008162 0.735000
v 0.462120 0.008961 0.735000
v 0.462534 0.009743 0.735000
v 0.462982 0.010507 0.735000
v 0.463463 0.011249 0.735000
v 0.463977 0.011969 0.735000
v 0.464522 0.012667 0.735000
v 0.465098 0.013339 0.735000
v 0.465702 0.013985 0.735000
v 0.466335 0.014604 0.735000
v 0.466994 0.015194 0.735000
v 0.467679 0.015754 0.735000
v 0.468388 0.016284 0.735000
v 0.469120 0.016781 0.735000
v 0.469873 0.017246 0.735000
v 0.470645 0.017677 0.735000
v 0.471436 0.018074 0.735000
v 0.472244 0.018435 0.735000
v 0.473067 0.018760 0.735000
v 0.473904 0.019048 0.735000
v 0.474752 0.019299 0.735000
v 0.475611 0.019513 0.735000
v 0.476479 0.019688 0.735000
v 0.477353 0.019824 0.735000
v 0.478232 0.019922 0.735000
v 0.479115 0.019980 0.735000
v 0.480000 0.020000 0.735000
v 0.465784 -0.002222 0.735000
v 0.465505 -0.002391 0.735000
v 0.465454 -0.002191 0.735115
v 0.465207 -0.002525 0.735000
v 0.465170 -0.002324 0.735115
v 0.464896 -0.002622 0.735000
v 0.464872 -0.002421 0.735115
v 0.464575 -0.002680 0.735000
v 0.464563 -0.002480 0.735115
v 0.464250 -0.002700 0.735000
v 0.464250 -0.002500 0.735115
v 0.465170 0.002324 0.735115
v 0.465505 0.002391 0.735000
v 0.465454 0.002191 0.735115
v 0.465784 0.002222 0.735000
v 0.465719 0.002023 0.735115
v 0.465207 0.002525 0.735000
v 0.464872 0.002421 0.735115
v 0.464896 0.002622 0.735000
v 0.464563 0.002480 0.735115
v 0.464575 0.002680 0.735000
v 0.464250 0.002500 0.735115
v 0.464250 0.002700 0.735000
v 0.466176 0.001594 0.735115
v 0.466472 0.001534 0.735000
v 0.466361 0.001340 0.735115
v 0.466641 0.001255 0.735000
v 0.466512 0.001064 0.735115
v 0.466271 0.001790 0.735000
v 0.465961 0.001822 0.735115
v 0.466040 0.002021 0.735000
v 0.466872 0.000646 0.735000
v 0.466628 0.000773 0.735115
v 0.466775 0.000957 0.735000
v 0.466361 -0.001340 0.735115
v 0.466512 -0.001064 0.735115
v 0.466641 -0.001255 0.735000
v 0.466628 -0.000773 0.735115
v 0.466775 -0.000957 0.735000
v 0.466472 -0.001534 0.735000
v 0.466271 -0.001790 0.735000
v 0.466176 -0.001594 0.735115
v 0.466040 -0.002021 0.735000
v 0.465961 -0.001822 0.735115
v 0.465719 -0.002023 0.735115
v 0.466930 0.000325 0.735000
v 0.466706 0.000468 0.735115
v 0.466950 0.000000 0.735000
v 0.466745 0.000157 0.735115
v 0.466930 -0.000325 0.735000
v 0.466872 -0.000646 0.735000
v 0.466706 -0.000468 0.735115
v 0.466745 -0.000157 0.735115
v 0.469149 0.009056 0.739300
v 0.469430 0.009115 0.739300
v 0.469700 0.009211 0.739300
v 0.469954 0.009343 0.739300
v 0.470188 0.009508 0.739300
v 0.470398 0.009704 0.739300
v 0.470579 0.009926 0.739300
v 0.470728 0.010171 0.739300
v 0.470842 0.010434 0.739300
v 0.470919 0.010710 0.739300
v 0.470958 0.010994 0.739300
v 0.470958 0.011280 0.739300
v 0.470919 0.011564 0.739300
v 0.470842 0.011840 0.739300
v 0.470728 0.012103 0.739300
v 0.470579 0.012348 0.739300
v 0.470398 0.012570 0.739300
v 0.470188 0.012766 0.739300
v 0.469954 0.012931 0.739300
v 0.469700 0.013063 0.739300
v 0.469430 0.013159 0.739300
v 0.469149 0.013217 0.739300
v 0.468863 0.013237 0.739300
v 0.468655 0.013227 0.739300
v 0.468393 0.013184 0.739300
v 0.468138 0.013108 0.739300
v 0.467895 0.013000 0.739300
v 0.467667 0.012863 0.739300
v 0.467458 0.012698 0.739300
v 0.467272 0.012508 0.739300
v 0.467112 0.012295 0.739300
v 0.466979 0.012065 0.739300
v 0.466877 0.011819 0.739300
v 0.466807 0.011562 0.739300
v 0.466769 0.011299 0.739300
v 0.466766 0.011033 0.739300
v 0.466796 0.010769 0.739300
v 0.466859 0.010510 0.739300
v 0.466954 0.010262 0.739300
v 0.467080 0.010028 0.739300
v 0.467235 0.009811 0.739300
v 0.467415 0.009616 0.739300
v 0.467619 0.009445 0.739300
v 0.467843 0.009301 0.739300
v 0.468083 0.009187 0.739300
v 0.468336 0.009104 0.739300
v 0.468598 0.009054 0.739300
v 0.468863 0.009037 0.739300
v 0.480286 -0.017830 0.739300
v 0.480567 -0.017772 0.739300
v 0.480837 -0.017676 0.739300
v 0.481091 -0.017544 0.739300
v 0.481325 -0.017379 0.739300
v 0.481535 -0.017183 0.739300
v 0.481716 -0.016961 0.739300
v 0.481865 -0.016716 0.739300
v 0.481979 -0.016453 0.739300
v 0.482056 -0.016177 0.739300
v 0.482095 -0.015893 0.739300
v 0.482095 -0.015607 0.739300
v 0.482056 -0.015323 0.739300
v 0.481979 -0.015047 0.739300
v 0.481865 -0.014784 0.739300
v 0.481716 -0.014539 0.739300
v 0.481535 -0.014317 0.739300
v 0.481325 -0.014121 0.739300
v 0.481091 -0.013956 0.739300
v 0.480837 -0.013824 0.739300
v 0.480567 -0.013728 0.739300
v 0.480286 -0.013670 0.739300
v 0.480000 -0.013650 0.739300
v 0.479792 -0.013660 0.739300
v 0.479530 -0.013703 0.739300
v 0.479275 -0.013779 0.739300
v 0.479031 -0.013887 0.739300
v 0.478804 -0.014024 0.739300
v 0.478595 -0.014189 0.739300
v 0.478409 -0.014379 0.739300
v 0.478248 -0.014592 0.739300
v 0.478116 -0.014822 0.739300
v 0.478014 -0.015068 0.739300
v 0.477944 -0.015325 0.739300
v 0.477906 -0.015588 0.739300
v 0.477903 -0.015854 0.739300
v 0.477933 -0.016118 0.739300
v 0.477996 -0.016377 0.739300
v 0.478091 -0.016625 0.739300
v 0.478217 -0.016860 0.739300
v 0.478372 -0.017076 0.739300
v 0.478552 -0.017271 0.739300
v 0.478756 -0.017442 0.739300
v 0.478980 -0.017586 0.739300
v 0.479220 -0.017700 0.739300
v 0.479473 -0.017783 0.739300
v 0.479734 -0.017833 0.739300
v 0.480000 -0.017850 0.739300
v 0.491423 -0.013217 0.739300
v 0.491703 -0.013159 0.739300
v 0.491974 -0.013063 0.739300
v 0.492228 -0.012931 0.739300
v 0.492462 -0.012766 0.739300
v 0.492672 -0.012570 0.739300
v 0.492853 -0.012348 0.739300
v 0.493001 -0.012103 0.739300
v 0.493116 -0.011840 0.739300
v 0.493193 -0.011564 0.739300
v 0.493232 -0.011280 0.739300
v 0.493232 -0.010994 0.739300
v 0.493193 -0.010710 0.739300
v 0.493116 -0.010434 0.739300
v 0.493001 -0.010171 0.739300
v 0.492853 -0.009926 0.739300
v 0.492672 -0.009704 0.739300
v 0.492462 -0.009508 0.739300
v 0.492228 -0.009343 0.739300
v 0.491974 -0.009211 0.739300
v 0.491703 -0.009115 0.739300
v 0.491423 -0.009056 0.739300
v 0.491137 -0.009037 0.739300
v 0.490929 -0.009047 0.739300
v 0.490667 -0.009090 0.739300
v 0.490412 -0.009166 0.739300
v 0.490168 -0.009274 0.739300
v 0.489941 -0.009411 0.739300
v 0.489732 -0.009576 0.739300
v 0.489546 -0.009766 0.739300
v 0.489385 -0.009978 0.739300
v 0.489253 -0.010209 0.739300
v 0.489151 -0.010455 0.739300
v 0.489081 -0.010711 0.739300
v 0.489043 -0.010975 0.739300
v 0.489040 -0.011241 0.739300
v 0.489069 -0.011505 0.739300
v 0.489133 -0.011764 0.739300
v 0.489228 -0.012012 0.739300
v 0.489354 -0.012246 0.739300
v 0.489509 -0.012463 0.739300
v 0.489689 -0.012658 0.739300
v 0.489893 -0.012829 0.739300
v 0.490117 -0.012973 0.739300
v 0.490357 -0.013087 0.739300
v 0.490610 -0.013170 0.739300
v 0.490871 -0.013220 0.739300
v 0.491137 -0.013237 0.739300
v 0.496036 -0.002080 0.739300
v 0.496317 -0.002022 0.739300
v 0.496587 -0.001926 0.739300
v 0.496841 -0.001794 0.739300
v 0.497075 -0.001629 0.739300
v 0.497285 -0.001433 0.739300
v 0.497466 -0.001211 0.739300
v 0.497615 -0.000966 0.739300
v 0.497729 -0.000703 0.739300
v 0.497806 -0.000427 0.739300
v 0.497845 -0.000143 0.739300
v 0.497845 0.000143 0.739300
v 0.497806 0.000427 0.739300
v 0.497729 0.000703 0.739300
v 0.497615 0.000966 0.739300
v 0.497466 0.001211 0.739300
v 0.497285 0.001433 0.739300
v 0.497075 0.001629 0.739300
v 0.496841 0.001794 0.739300
v 0.496587 0.001926 0.739300
v 0.496317 0.002022 0.739300
v 0.496036 0.002080 0.739300
v 0.495750 0.002100 0.739300
v 0.495542 0.002090 0.739300
v 0.495280 0.002047 0.739300
v 0.495025 0.001971 0.739300
v 0.494781 0.001863 0.739300
v 0.494554 0.001726 0.739300
v 0.494345 0.001561 0.739300
v 0.494159 0.001371 0.739300
v 0.493998 0.001158 0.739300
v 0.493866 0.000928 0.739300
v 0.493764 0.000682 0.739300
v 0.493694 0.000425 0.739300
v 0.493656 0.000162 0.739300
v 0.493653 -0.000104 0.739300
v 0.493683 -0.000368 0.739300
v 0.493746 -0.000627 0.739300
v 0.493841 -0.000875 0.739300
v 0.493967 -0.001109 0.739300
v 0.494122 -0.001326 0.739300
v 0.494302 -0.001521 0.739300
v 0.494506 -0.001692 0.739300
v 0.494730 -0.001836 0.739300
v 0.494970 -0.001950 0.739300
v 0.495223 -0.002033 0.739300
v 0.495484 -0.002083 0.739300
v 0.495750 -0.002100 0.739300
v 0.463956 0.002483 0.739300
v 0.463667 0.002431 0.739300
v 0.463386 0.002346 0.739300
v 0.463120 0.002230 0.739300
v 0.462869 0.002084 0.739300
v 0.462636 0.001910 0.739300
v 0.462426 0.001710 0.739300
v 0.462240 0.001487 0.739300
v 0.462081 0.001244 0.739300
v 0.461952 0.000984 0.739300
v 0.461853 0.000711 0.739300
v 0.461787 0.000428 0.739300
v 0.461754 0.000140 0.739300
v 0.461755 -0.000151 0.739300
v 0.461789 -0.000439 0.739300
v 0.461856 -0.000721 0.739300
v 0.461956 -0.000994 0.739300
v 0.462087 -0.001253 0.739300
v 0.462247 -0.001496 0.739300
v 0.462434 -0.001718 0.739300
v 0.462645 -0.001917 0.739300
v 0.462878 -0.002090 0.739300
v 0.463129 -0.002235 0.739300
v 0.463396 -0.002350 0.739300
v 0.463674 -0.002433 0.739300
v 0.463960 -0.002483 0.739300
v 0.464250 -0.002500 0.739300
v 0.464563 -0.002480 0.739300
v 0.464872 -0.002421 0.739300
v 0.465170 -0.002324 0.739300
v 0.465454 -0.002191 0.739300
v 0.465719 -0.002023 0.739300
v 0.465961 -0.001822 0.739300
v 0.466176 -0.001594 0.739300
v 0.466361 -0.001340 0.739300
v 0.466512 -0.001064 0.739300
v 0.466628 -0.000773 0.739300
v 0.466706 -0.000468 0.739300
v 0.466745 -0.000157 0.739300
v 0.466745 0.000157 0.739300
v 0.466706 0.000468 0.739300
v 0.466628 0.000773 0.739300
v 0.466512 0.001064 0.739300
v 0.466361 0.001340 0.739300
v 0.466176 0.001594 0.739300
v 0.465961 0.001822 0.739300
v 0.465719 0.002023 0.739300
v 0.465454 0.002191 0.739300
v 0.465170 0.002324 0.739300
v 0.464872 0.002421 0.739300
v 0.464563 0.002480 0.739300
v 0.464250 0.002500 0.739300
v 0.469149 -0.013217 0.739300
v 0.469430 -0.013159 0.739300
v 0.469700 -0.013063 0.739300
v 0.469954 -0.012931 0.739300
v 0.470188 -0.012766 0.739300
v 0.470398 -0.012570 0.739300
v 0.470579 -0.012348 0.739300
v 0.470728 -0.012103 0.739300
v 0.470842 -0.011840 0.739300
v 0.470919 -0.011564 0.739300
v 0.470958 -0.011280 0.739300
v 0.470958 -0.010994 0.739300
v 0.470919 -0.010710 0.739300
v 0.470842 -0.010434 0.739300
v 0.470728 -0.010171 0.739300
v 0.470579 -0.009926 0.739300
v 0.470398 -0.009704 0.739300
v 0.470188 -0.009508 0.739300
v 0.469954 -0.009343 0.739300
v 0.469700 -0.009211 0.739300
v 0.469430 -0.009115 0.739300
v 0.469149 -0.009056 0.739300
v 0.468863 -0.009037 0.739300
v 0.468655 -0.009047 0.739300
v 0.468393 -0.009090 0.739300
v 0.468138 -0.009166 0.739300
v 0.467895 -0.009274 0.739300
v 0.467667 -0.009411 0.739300
v 0.467458 -0.009576 0.739300
v 0.467272 -0.009766 0.739300
v 0.467112 -0.009978 0.739300
v 0.466979 -0.010209 0.739300
v 0.466877 -0.010455 0.739300
v 0.466807 -0.010711 0.739300
v 0.466769 -0.010975 0.739300
v 0.466766 -0.011241 0.739300
v 0.466796 -0.011505 0.739300
v 0.466859 -0.011764 0.739300
v 0.466954 -0.012012 0.739300
v 0.467080 -0.012246 0.739300
v 0.467235 -0.012463 0.739300
v 0.467415 -0.012658 0.739300
v 0.467619 -0.012829 0.739300
v 0.467843 -0.012973 0.739300
v 0.468083 -0.013087 0.739300
v 0.468336 -0.013170 0.739300
v 0.468598 -0.013220 0.739300
v 0.468863 -0.013237 0.739300
v 0.491423 0.009056 0.739300
v 0.491703 0.009115 0.739300
v 0.491974 0.009211 0.739300
v 0.492228 0.009343 0.739300
v 0.492462 0.009508 0.739300
v 0.492672 0.009704 0.739300
v 0.492853 0.009926 0.739300
v 0.493001 0.010171 0.739300
v 0.493116 0.010434 0.739300
v 0.493193 0.010710 0.739300
v 0.493232 0.010994 0.739300
v 0.493232 0.011280 0.739300
v 0.493193 0.011564 0.739300
v 0.493116 0.011840 0.739300
v 0.493001 0.012103 0.739300
v 0.492853 0.012348 0.739300
v 0.492672 0.012570 0.739300
v 0.492462 0.012766 0.739300
v 0.492228 0.012931 0.739300
v 0.491974 0.013063 0.739300
v 0.491703 0.013159 0.739300
v 0.491423 0.013217 0.739300
v 0.491137 0.013237 0.739300
v 0.490929 0.013227 0.739300
v 0.490667 0.013184 0.739300
v 0.490412 0.013108 0.739300
v 0.490168 0.013000 0.739300
v 0.489941 0.012863 0.739300
v 0.489732 0.012698 0.739300
v 0.489546 0.012508 0.739300
v 0.489385 0.012295 0.739300
v 0.489253 0.012065 0.739300
v 0.489151 0.011819 0.739300
v 0.489081 0.011562 0.739300
v 0.489043 0.011299 0.739300
v 0.489040 0.011033 0.739300
v 0.489069 0.010769 0.739300
v 0.489133 0.010510 0.739300
v 0.489228 0.010262 0.739300
v 0.489354 0.010028 0.739300
v 0.489509 0.009811 0.739300
v 0.489689 0.009616 0.739300
v 0.489893 0.009445 0.739300
v 0.490117 0.009301 0.739300
v 0.490357 0.009187 0.739300
v 0.490610 0.009104 0.739300
v 0.490871 0.009054 0.739300
v 0.491137 0.009037 0.739300
v 0.480571 -0.008167 0.739300
v 0.481139 -0.008107 0.739300
v 0.481702 -0.008008 0.739300
v 0.482257 -0.007869 0.739300
v 0.482800 -0.007693 0.739300
v 0.483330 -0.007479 0.739300
v 0.483843 -0.007228 0.739300
v 0.484338 -0.006943 0.739300
v 0.484812 -0.006623 0.739300
v 0.485262 -0.006271 0.739300
v 0.485687 -0.005889 0.739300
v 0.486084 -0.005478 0.739300
v 0.486451 -0.005040 0.739300
v 0.486787 -0.004578 0.739300
v 0.487090 -0.004093 0.739300
v 0.487358 -0.003589 0.739300
v 0.487590 -0.003067 0.739300
v 0.487786 -0.002530 0.739300
v 0.487943 -0.001981 0.739300
v 0.488062 -0.001422 0.739300
v 0.488142 -0.000856 0.739300
v 0.488182 -0.000286 0.739300
v 0.488182 0.000286 0.739300
v 0.488142 0.000856 0.739300
v 0.488062 0.001422 0.739300
v 0.487943 0.001981 0.739300
v 0.487786 0.002530 0.739300
v 0.487590 0.003067 0.739300
v 0.487358 0.003589 0.739300
v 0.487090 0.004093 0.739300
v 0.486787 0.004578 0.739300
v 0.486451 0.005040 0.739300
v 0.486084 0.005478 0.739300
v 0.485687 0.005889 0.739300
v 0.485262 0.006271 0.739300
v 0.484812 0.006623 0.739300
v 0.484338 0.006943 0.739300
v 0.483843 0.007228 0.739300
v 0.483330 0.007479 0.739300
v 0.482800 0.007693 0.739300
v 0.482257 0.007869 0.739300
v 0.481702 0.008008 0.739300
v 0.481139 0.008107 0.739300
v 0.480571 0.008167 0.739300
v 0.480000 0.008187 0.739300
v 0.479429 0.008167 0.739300
v 0.478861 0.008107 0.739300
v 0.478298 0.008008 0.739300
v 0.477743 0.007869 0.739300
v 0.477200 0.007693 0.739300
v 0.476670 0.007479 0.739300
v 0.476157 0.007228 0.739300
v 0.475662 0.006943 0.739300
v 0.475188 0.006623 0.739300
v 0.474738 0.006271 0.739300
v 0.474313 0.005889 0.739300
v 0.473916 0.005478 0.739300
v 0.473549 0.005040 0.739300
v 0.473213 0.004578 0.739300
v 0.472910 0.004093 0.739300
v 0.472642 0.003589 0.739300
v 0.472410 0.003067 0.739300
v 0.472214 0.002530 0.739300
v 0.472057 0.001981 0.739300
v 0.471938 0.001422 0.739300
v 0.471858 0.000856 0.739300
v 0.471818 0.000286 0.739300
v 0.471818 -0.000286 0.739300
v 0.471858 -0.000856 0.739300
v 0.471938 -0.001422 0.739300
v 0.472057 -0.001981 0.739300
v 0.472214 -0.002530 0.739300
v 0.472410 -0.003067 0.739300
v 0.472642 -0.003589 0.739300
v 0.472910 -0.004093 0.739300
v 0.473213 -0.004578 0.739300
v 0.473549 -0.005040 0.739300
v 0.473916 -0.005478 0.739300
v 0.474313 -0.005889 0.739300
v 0.474738 -0.006271 0.739300
v 0.475188 -0.006623 0.739300
v 0.475662 -0.006943 0.739300
v 0.476157 -0.007228 0.739300
v 0.476670 -0.007479 0.739300
v 0.477200 -0.007693 0.739300
v 0.477743 -0.007869 0.739300
v 0.478298 -0.008008 0.739300
v 0.478861 -0.008107 0.739300
v 0.479429 -0.008167 0.739300
v 0.480000 -0.008187 0.739300
v 0.480286 0.013670 0.739300
v 0.480567 0.013728 0.739300
v 0.480837 0.013824 0.739300
v 0.481091 0.013956 0.739300
v 0.481325 0.014121 0.739300
v 0.481535 0.014317 0.739300
v 0.481716 0.014539 0.739300
v 0.481865 0.014784 0.739300
v 0.481979 0.015047 0.739300
v 0.482056 0.015323 0.739300
v 0.482095 0.015607 0.739300
v 0.482095 0.015893 0.739300
v 0.482056 0.016177 0.739300
v 0.481979 0.016453 0.739300
v 0.481865 0.016716 0.739300
v 0.481716 0.016961 0.739300
v 0.481535 0.017183 0.739300
v 0.481325 0.017379 0.739300
v 0.481091 0.017544 0.739300
v 0.480837 0.017676 0.739300
v 0.480567 0.017772 0.739300
v 0.480286 0.017830 0.739300
v 0.480000 0.017850 0.739300
v 0.479792 0.017840 0.739300
v 0.479530 0.017797 0.739300
v 0.479275 0.017721 0.739300
v 0.479031 0.017613 0.739300
v 0.478804 0.017476 0.739300
v 0.478595 0.017311 0.739300
v 0.478409 0.017121 0.739300
v 0.478248 0.016909 0.739300
v 0.478116 0.016678 0.739300
v 0.478014 0.016432 0.739300
v 0.477944 0.016176 0.739300
v 0.477906 0.015912 0.739300
v 0.477903 0.015646 0.739300
v 0.477933 0.015382 0.739300
v 0.477996 0.015123 0.739300
v 0.478091 0.014875 0.739300
v 0.478217 0.014641 0.739300
v 0.478372 0.014424 0.739300
v 0.478552 0.014229 0.739300
v 0.478756 0.014058 0.739300
v 0.478980 0.013914 0.739300
v 0.479220 0.013800 0.739300
v 0.479473 0.013717 0.739300
v 0.479734 0.013667 0.739300
v 0.480000 0.013650 0.739300
v 0.480912 0.021180 0.739300
v 0.481822 0.021122 0.739300
v 0.482729 0.021024 0.739300
v 0.483631 0.020887 0.739300
v 0.484527 0.020711 0.739300
v 0.485413 0.020497 0.739300
v 0.486290 0.020245 0.739300
v 0.487155 0.019956 0.739300
v 0.488007 0.019630 0.739300
v 0.488845 0.019267 0.739300
v 0.489665 0.018869 0.739300
v 0.490468 0.018435 0.739300
v 0.491251 0.017968 0.739300
v 0.492014 0.017467 0.739300
v 0.492754 0.016934 0.739300
v 0.493471 0.016370 0.739300
v 0.494163 0.015775 0.739300
v 0.494829 0.015151 0.739300
v 0.495467 0.014499 0.739300
v 0.496076 0.013820 0.739300
v 0.496656 0.013116 0.739300
v 0.497205 0.012387 0.739300
v 0.497722 0.011636 0.739300
v 0.498206 0.010862 0.739300
v 0.498656 0.010069 0.739300
v 0.499072 0.009257 0.739300
v 0.499453 0.008428 0.739300
v 0.499797 0.007583 0.739300
v 0.500105 0.006724 0.739300
v 0.500376 0.005853 0.739300
v 0.500609 0.004971 0.739300
v 0.500804 0.004080 0.739300
v 0.500960 0.003181 0.739300
v 0.501077 0.002276 0.739300
v 0.501156 0.001368 0.739300
v 0.501195 0.000456 0.739300
v 0.501195 -0.000456 0.739300
v 0.501156 -0.001368 0.739300
v 0.501077 -0.002276 0.739300
v 0.500960 -0.003181 0.739300
v 0.500804 -0.004080 0.739300
v 0.500609 -0.004971 0.739300
v 0.500376 -0.005853 0.739300
v 0.500105 -0.006724 0.739300
v 0.499797 -0.007583 0.739300
v 0.499453 -0.008428 0.739300
v 0.499072 -0.009257 0.739300
v 0.498656 -0.010069 0.739300
v 0.498206 -0.010862 0.739300
v 0.497722 -0.011636 0.739300
v 0.497205 -0.012387 0.739300
v 0.496656 -0.013116 0.739300
v 0.496076 -0.013820 0.739300
v 0.495467 -0.014499 0.739300
v 0.494829 -0.015151 0.739300
v 0.494163 -0.015775 0.739300
v 0.493471 -0.016370 0.739300
v 0.492754 -0.016934 0.739300
v 0.492014 -0.017467 0.739300
v 0.491251 -0.017968 0.739300
v 0.490468 -0.018435 0.739300
v 0.489665 -0.018869 0.739300
v 0.488845 -0.019267 0.739300
v 0.488007 -0.019630 0.739300
v 0.487155 -0.019956 0.739300
v 0.486290 -0.020245 0.739300
v 0.485413 -0.020497 0.739300
v 0.484527 -0.020711 0.739300
v 0.483631 -0.020887 0.739300
v 0.482729 -0.021024 0.739300
v 0.481822 -0.021122 0.739300
v 0.480912 -0.021180 0.739300
v 0.480000 -0.021200 0.739300
v 0.479088 -0.021180 0.739300
v 0.478178 -0.021122 0.739300
v 0.477271 -0.021024 0.739300
v 0.476369 -0.020887 0.739300
v 0.475473 -0.020711 0.739300
v 0.474587 -0.020497 0.739300
v 0.473710 -0.020245 0.739300
v 0.472845 -0.019956 0.739300
v 0.471993 -0.019630 0.739300
v 0.471155 -0.019267 0.739300
v 0.470335 -0.018869 0.739300
v 0.469532 -0.018435 0.739300
v 0.468749 -0.017968 0.739300
v 0.467986 -0.017467 0.739300
v 0.467246 -0.016934 0.739300
v 0.466529 -0.016370 0.739300
v 0.465837 -0.015775 0.739300
v 0.465171 -0.015151 0.739300
v 0.464533 -0.014499 0.739300
v 0.463924 -0.013820 0.739300
v 0.463344 -0.013116 0.739300
v 0.462795 -0.012387 0.739300
v 0.462278 -0.011636 0.739300
v 0.461794 -0.010862 0.739300
v 0.461344 -0.010069 0.739300
v 0.460928 -0.009257 0.739300
v 0.460547 -0.008428 0.739300
v 0.460203 -0.007583 0.739300
v 0.459895 -0.006724 0.739300
v 0.459624 -0.005853 0.739300
v 0.459391 -0.004971 0.739300
v 0.459196 -0.004080 0.739300
v 0.459040 -0.003181 0.739300
v 0.458923 -0.002276 0.739300
v 0.458844 -0.001368 0.739300
v 0.458805 -0.000456 0.739300
v 0.458805 0.000456 0.739300
v 0.458844 0.001368 0.739300
v 0.458923 0.002276 0.739300
v 0.459040 0.003181 0.739300
v 0.459196 0.004080 0.739300
v 0.459391 0.004971 0.739300
v 0.459624 0.005853 0.739300
v 0.459895 0.006724 0.739300
v 0.460203 0.007583 0.739300
v 0.460547 0.008428 0.739300
v 0.460928 0.009257 0.739300
v 0.461344 0.010069 0.739300
v 0.461794 0.010862 0.739300
v 0.462278 0.011636 0.739300
v 0.462795 0.012387 0.739300
v 0.463344 0.013116 0.739300
v 0.463924 0.013820 0.739300
v 0.464533 0.014499 0.739300
v 0.465171 0.015151 0.739300
v 0.465837 0.015775 0.739300
v 0.466529 0.016370 0.739300
v 0.467246 0.016934 0.739300
v 0.467986 0.017467 0.739300
v 0.468749 0.017968 0.739300
v 0.469532 0.018435 0.739300
v 0.470335 0.018869 0.739300
v 0.471155 0.019267 0.739300
v 0.471993 0.019630 0.739300
v 0.472845 0.019956 0.739300
v 0.473710 0.020245 0.739300
v 0.474587 0.020497 0.739300
v 0.475473 0.020711 0.739300
v 0.476369 0.020887 0.739300
v 0.477271 0.021024 0.739300
v 0.478178 0.021122 0.739300
v 0.479088 0.021180 0.739300
v 0.480000 0.021200 0.739300
v 0.466745 -0.000157 0.739300
v 0.466706 -0.000468 0.735115
v 0.466706 -0.000468 0.739300
v 0.466628 -0.000773 0.735115
v 0.466628 -0.000773 0.739300
v 0.466512 -0.001064 0.735115
v 0.466512 -0.001064 0.739300
v 0.466361 -0.001340 0.735115
v 0.466361 -0.001340 0.739300
v 0.466176 -0.001594 0.735115
v 0.466176 -0.001594 0.739300
v 0.465961 -0.001822 0.735115
v 0.465961 -0.001822 0.739300
v 0.465719 -0.002023 0.735115
v 0.465719 -0.002023 0.739300
v 0.465454 -0.002191 0.735115
v 0.465454 -0.002191 0.739300
v 0.465170 -0.002324 0.735115
v 0.465170 -0.002324 0.739300
v 0.464872 -0.002421 0.735115
v 0.464872 -0.002421 0.739300
v 0.464563 -0.002480 0.735115
v 0.464563 -0.002480 0.739300
v 0.464250 -0.002500 0.735115
v 0.464250 -0.002500 0.739300
v 0.466745 -0.000157 0.735115
v 0.466745 0.000157 0.739300
v 0.466745 0.000157 0.735115
v 0.466706 0.000468 0.739300
v 0.466706 0.000468 0.735115
v 0.466628 0.000773 0.739300
v 0.466628 0.000773 0.735115
v 0.466512 0.001064 0.739300
v 0.466512 0.001064 0.735115
v 0.466361 0.001340 0.739300
v 0.466361 0.001340 0.735115
v 0.466176 0.001594 0.739300
v 0.466176 0.001594 0.735115
v 0.465961 0.001822 0.739300
v 0.465961 0.001822 0.735115
v 0.465719 0.002023 0.739300
v 0.465719 0.002023 0.735115
v 0.465454 0.002191 0.739300
v 0.465454 0.002191 0.735115
v 0.465170 0.002324 0.739300
v 0.465170 0.002324 0.735115
v 0.464872 0.002421 0.739300
v 0.464872 0.002421 0.735115
v 0.464563 0.002480 0.739300
v 0.464563 0.002480 0.735115
v 0.464250 0.002500 0.739300
v 0.464250 0.002500 0.735115
f -2056 -2057 -2102
f -2102 -2057 -2101
f -2102 -2101 -2100
f -2100 -2101 -2099
f -2100 -2099 -2098
f -2098 -2099 -2097
f -2098 -2097 -2096
f -2096 -2097 -2095
f -2096 -2095 -2094
f -2094 -2095 -2093
f -2094 -2093 -2092
f -2092 -2093 -2091
f -2092 -2091 -2090
f -2090 -2091 -2089
f -2090 -2089 -2088
f -2088 -2089 -2087
f -2088 -2087 -2086
f -2086 -2087 -2085
f -2086 -2085 -2084
f -2084 -2085 -2083
f -2084 -2083 -2082
f -3061 -3025 -3068
f -3068 -3025 -3067
f -3068 -3067 -3066
f -3066 -3067 -3065
f -3066 -3065 -3064
f -3064 -3065 -3063
f -3064 -3063 -3062
f -3580 -3579 -3581
f -3581 -3579 -3545
f -3581 -3545 -3588
f -3588 -3545 -3587
f -3588 -3587 -3586
f -3586 -3587 -3585
f -3586 -3585 -3584
f -3883 -3884 -3885
f -3885 -3884 -3886
f -3885 -3886 -3895
f -3895 -3886 -3894
f -3895 -3894 -3893
f -3893 -3894 -3892
f -3893 -3892 -3891
f -3891 -3892 -3890
f -3891 -3890 -3889
f -3889 -3890 -3888
f -3889 -3888 -3896
f -3896 -3888 -3887
f -3896 -3887 -3898
f -3874 -3873 -3882
f -3882 -3873 -3884
f -3882 -3884 -3883
f -3869 -3870 -3871
f -3871 -3870 -3872
f -3871 -3872 -3881
f -3881 -3872 -3880
f -3881 -3880 -3879
f -3879 -3880 -3878
f -3879 -3878 -3877
f -3877 -3878 -3876
f -3877 -3876 -3875
f -3875 -3876 -3874
f -3875 -3874 -3882
f -3864 -3863 -3868
f -3868 -3863 -3870
f -3868 -3870 -3869
f -3975 -3976 -3977
f -3977 -3976 -3978
f -3977 -3978 -3979
f -3979 -3978 -3980
f -3979 -3980 -3981
f -3981 -3980 -3982
f -3981 -3982 -3867
f -3867 -3982 -3866
f -3867 -3866 -3865
f -3865 -3866 -3864
f -3865 -3864 -3868
f -3088 -3087 -3093
f -3093 -3087 -3092
f -3093 -3092 -3091
f -3091 -3092 -3090
f -3091 -3090 -3089
f -3089 -3090 -3094
f -3089 -3094 -3095
f -3095 -3094 -3096
f -3095 -3096 -3097
f -3097 -3096 -3098
f -3097 -3098 -3099
f -3126 -3125 -3127
f -3127 -3125 -3076
f -3127 -3076 -3080
f -3080 -3076 -3079
f -3080 -3079 -3078
f -3078 -3079 -3081
f -3078 -3081 -3082
f -3082 -3081 -3083
f -3082 -3083 -3084
f -3084 -3083 -3085
f -3084 -3085 -3086
f -3086 -3085 -3087
f -3086 -3087 -3088
f -3561 -3556 -3555
f -3555 -3556 -3554
f -3555 -3554 -3553
f -3553 -3554 -3552
f -3553 -3552 -3551
f -3551 -3552 -3550
f -3551 -3550 -3549
f -3549 -3550 -3546
f -3549 -3546 -3547
f -3547 -3546 -3548
f -3547 -3548 -3544
f -3544 -3548 -3595
f -3544 -3595 -3593
f -3593 -3595 -3594
f -3593 -3594 -3592
f -3574 -3569 -3568
f -3568 -3569 -3567
f -3568 -3567 -3566
f -3566 -3567 -3565
f -3566 -3565 -3564
f -3564 -3565 -3563
f -3564 -3563 -3562
f -3562 -3563 -3557
f -3562 -3557 -3558
f -3558 -3557 -3559
f -3558 -3559 -3560
f -3560 -3559 -3561
f -3560 -3561 -3555
f -3574 -3573 -3572
f -3572 -3573 -3571
f -3572 -3571 -3570
f -3570 -3571 -3575
f -3570 -3575 -3576
f -3576 -3575 -3577
f -3576 -3577 -3578
f -3578 -3577 -3579
f -3578 -3579 -3580
f -1056 -1055 -869
f -869 -1055 -1054
f -869 -1054 -1053
f -1053 -1052 -870
f -870 -1052 -1051
f -870 -1051 -1050
f -1048 -871 -1049
f -1049 -871 -1050
f -1314 -1313 -856
f -856 -1313 -1061
f -856 -1061 -857
f -857 -1061 -863
f -857 -863 -862
f -866 -865 -1060
f -1060 -865 -864
f -1060 -864 -863
f -867 -1060 -868
f -868 -1060 -1059
f -868 -1059 -1058
f -868 -1058 -869
f -869 -1058 -1057
f -869 -1057 -1056
f -1327 -1326 -855
f -855 -1326 -1325
f -855 -1325 -1324
f -855 -1324 -856
f -856 -1324 -1323
f -856 -1323 -1322
f -1322 -1321 -856
f -856 -1321 -1320
f -856 -1320 -1319
f -1319 -1318 -856
f -856 -1318 -1317
f -856 -1317 -1316
f -1312 -1311 -1061
f -1061 -1311 -1310
f -1061 -1310 -1309
f -1309 -1308 -1061
f -1061 -1308 -1307
f -1061 -1307 -1306
f -1306 -1305 -1061
f -1061 -1305 -1304
f -1061 -1304 -1062
f -1062 -1304 -1063
f -1066 -1065 -1304
f -1304 -1065 -1064
f -1304 -1064 -1063
f -1069 -1068 -1304
f -1304 -1068 -1067
f -1304 -1067 -1066
f -1072 -1071 -1304
f -1304 -1071 -1070
f -1304 -1070 -1069
f -1316 -1315 -856
f -856 -1315 -1314
f -1329 -854 -1330
f -1330 -854 -853
f -1330 -853 -852
f -1329 -1328 -854
f -854 -1328 -1327
f -854 -1327 -855
f -4958 -4959 -4960
f -4960 -4959 -4961
f -4960 -4961 -4962
f -4962 -4961 -4963
f -4962 -4963 -4964
f -4964 -4963 -4965
f -4964 -4965 -4966
f -4966 -4965 -4967
f -4966 -4967 -4968
f -4968 -4967 -4969
f -4968 -4969 -4970
f -4970 -4969 -4971
f -4970 -4971 -4972
f -4972 -4971 -4973
f -4972 -4973 -4974
f -4974 -4973 -4975
f -4974 -4975 -4976
f -4976 -4975 -4977
f -4976 -4977 -4978
f -4978 -4977 -4979
f -4978 -4979 -5002
f -5002 -4979 -5001
f -5002 -5001 -5000
f -5000 -5001 -4999
f -5000 -4999 -4998
f -4998 -4999 -4997
f -4998 -4997 -4996
f -4996 -4997 -4995
f -4996 -4995 -4994
f -4994 -4995 -4993
f -4994 -4993 -4992
f -4992 -4993 -4991
f -4992 -4991 -4990
f -4990 -4991 -4989
f -4990 -4989 -4988
f -4988 -4989 -4987
f -4988 -4987 -4986
f -4986 -4987 -4985
f -4986 -4985 -4984
f -4984 -4985 -4983
f -4984 -4983 -4982
f -4716 -4718 -4717
f -4717 -4718 -4695
f -5567 -5569 -5144
f -5144 -5569 -5145
f -5144 -5145 -5152
f -5152 -5145 -5153
f -5152 -5153 -5160
f -5160 -5153 -5161
f -5160 -5161 -5168
f -5168 -5161 -5169
f -5168 -5169 -5176
f -5176 -5169 -5177
f -5176 -5177 -5184
f -5184 -5177 -5185
f -5184 -5185 -5192
f -5192 -5185 -5193
f -5192 -5193 -5200
f -5200 -5193 -5201
f -5200 -5201 -5208
f -5208 -5201 -5209
f -5208 -5209 -5216
f -5216 -5209 -5217
f -5216 -5217 -5224
f -5224 -5217 -5225
f -5224 -5225 -5234
f -5234 -5225 -5235
f -5234 -5235 -5242
f -5242 -5235 -5243
f -5242 -5243 -5250
f -5250 -5243 -5251
f -5250 -5251 -5258
f -5258 -5251 -5259
f -5258 -5259 -5266
f -5266 -5259 -5267
f -5236 -5076 -5243
f -5243 -5076 -5244
f -5243 -5244 -5251
f -5251 -5244 -5252
f -5251 -5252 -5259
f -5259 -5252 -5260
f -5259 -5260 -5267
f -5267 -5260 -5081
f -5561 -5563 -5141
f -5141 -5563 -5142
f -5141 -5142 -5149
f -5149 -5142 -5150
f -5149 -5150 -5157
f -5157 -5150 -5158
f -5157 -5158 -5165
f -5165 -5158 -5166
f -5165 -5166 -5173
f -5173 -5166 -5174
f -5173 -5174 -5181
f -5181 -5174 -5182
f -5181 -5182 -5189
f -5189 -5182 -5190
f -5189 -5190 -5197
f -5197 -5190 -5198
f -5197 -5198 -5205
f -5205 -5198 -5206
f -5205 -5206 -5213
f -5213 -5206 -5214
f -5213 -5214 -5221
f -5221 -5214 -5222
f -5221 -5222 -5231
f -5231 -5222 -5232
f -5231 -5232 -5239
f -5239 -5232 -5240
f -5239 -5240 -5247
f -5247 -5240 -5248
f -5247 -5248 -5255
f -5255 -5248 -5256
f -5255 -5256 -5263
f -5263 -5256 -5264
f -5559 -5561 -5140
f -5140 -5561 -5141
f -5140 -5141 -5148
f -5148 -5141 -5149
f -5148 -5149 -5156
f -5156 -5149 -5157
f -5156 -5157 -5164
f -5164 -5157 -5165
f -5164 -5165 -5172
f -5172 -5165 -5173
f -5172 -5173 -5180
f -5180 -5173 -5181
f -5180 -5181 -5188
f -5188 -5181 -5189
f -5188 -5189 -5196
f -5196 -5189 -5197
f -5196 -5197 -5204
f -5204 -5197 -5205
f -5204 -5205 -5212
f -5212 -5205 -5213
f -5212 -5213 -5220
f -5220 -5213 -5221
f -5220 -5221 -5230
f -5230 -5221 -5231
f -5230 -5231 -5238
f -5238 -5231 -5239
f -5238 -5239 -5246
f -5246 -5239 -5247
f -5246 -5247 -5254
f -5254 -5247 -5255
f -5254 -5255 -5262
f -5262 -5255 -5263
f -5565 -5567 -5143
f -5143 -5567 -5144
f -5143 -5144 -5151
f -5151 -5144 -5152
f -5151 -5152 -5159
f -5159 -5152 -5160
f -5159 -5160 -5167
f -5167 -5160 -5168
f -5167 -5168 -5175
f -5175 -5168 -5176
f -5175 -5176 -5183
f -5183 -5176 -5184
f -5183 -5184 -5191
f -5191 -5184 -5192
f -5191 -5192 -5199
f -5199 -5192 -5200
f -5199 -5200 -5207
f -5207 -5200 -5208
f -5207 -5208 -5215
f -5215 -5208 -5216
f -5215 -5216 -5223
f -5223 -5216 -5224
f -5223 -5224 -5233
f -5233 -5224 -5234
f -5233 -5234 -5241
f -5241 -5234 -5242
f -5241 -5242 -5249
f -5249 -5242 -5250
f -5249 -5250 -5257
f -5257 -5250 -5258
f -5257 -5258 -5265
f -5265 -5258 -5266
f -5563 -5565 -5142
f -5142 -5565 -5143
f -5142 -5143 -5150
f -5150 -5143 -5151
f -5150 -5151 -5158
f -5158 -5151 -5159
f -5158 -5159 -5166
f -5166 -5159 -5167
f -5166 -5167 -5174
f -5174 -5167 -5175
f -5174 -5175 -5182
f -5182 -5175 -5183
f -5182 -5183 -5190
f -5190 -5183 -5191
f -5190 -5191 -5198
f -5198 -5191 -5199
f -5198 -5199 -5206
f -5206 -5199 -5207
f -5206 -5207 -5214
f -5214 -5207 -5215
f -5214 -5215 -5222
f -5222 -5215 -5223
f -5222 -5223 -5232
f -5232 -5223 -5233
f -5232 -5233 -5240
f -5240 -5233 -5241
f -5240 -5241 -5248
f -5248 -5241 -5249
f -5248 -5249 -5256
f -5256 -5249 -5257
f -5256 -5257 -5264
f -5264 -5257 -5265
f -5557 -5559 -5139
f -5139 -5559 -5140
f -5139 -5140 -5147
f -5147 -5140 -5148
f -5147 -5148 -5155
f -5155 -5148 -5156
f -5155 -5156 -5163
f -5163 -5156 -5164
f -5163 -5164 -5171
f -5171 -5164 -5172
f -5171 -5172 -5179
f -5179 -5172 -5180
f -5179 -5180 -5187
f -5187 -5180 -5188
f -5187 -5188 -5195
f -5195 -5188 -5196
f -5195 -5196 -5203
f -5203 -5196 -5204
f -5203 -5204 -5211
f -5211 -5204 -5212
f -5211 -5212 -5219
f -5219 -5212 -5220
f -5219 -5220 -5229
f -5229 -5220 -5230
f -5229 -5230 -5237
f -5237 -5230 -5238
f -5237 -5238 -5245
f -5245 -5238 -5246
f -5245 -5246 -5253
f -5253 -5246 -5254
f -5253 -5254 -5261
f -5261 -5254 -5262
f -5194 -5069 -5201
f -5201 -5069 -5202
f -5201 -5202 -5209
f -5209 -5202 -5210
f -5209 -5210 -5217
f -5217 -5210 -5218
f -5217 -5218 -5225
f -5225 -5218 -5075
f -5225 -5075 -5226
f -5080 -5079 -5253
f -5253 -5079 -5078
f -5253 -5078 -5245
f -5245 -5078 -5077
f -5245 -5077 -5237
f -5237 -5077 -5228
f -5237 -5228 -5229
f -5229 -5228 -5227
f -5229 -5227 -5074
f -5243 -5235 -5236
f -5236 -5235 -5226
f -5201 -5193 -5194
f -5194 -5193 -5186
f -5154 -5060 -5161
f -5161 -5060 -5162
f -5161 -5162 -5169
f -5169 -5162 -5170
f -5169 -5170 -5177
f -5177 -5170 -5178
f -5177 -5178 -5185
f -5185 -5178 -5066
f -5185 -5066 -5186
f -367 -368 -177
f -177 -368 -369
f -177 -369 -176
f -176 -369 -370
f -176 -370 -371
f -371 -372 -175
f -175 -372 -373
f -175 -373 -374
f -360 -361 -181
f -181 -361 -362
f -181 -362 -363
f -354 -355 -236
f -236 -355 -356
f -236 -356 -357
f -236 -358 -181
f -181 -358 -359
f -181 -359 -360
f -180 -181 -179
f -179 -181 -364
f -179 -364 -178
f -178 -364 -365
f -178 -365 -177
f -177 -365 -366
f -177 -366 -367
f -5161 -5153 -5154
f -5154 -5153 -5146
f -351 -236 -350
f -350 -236 -237
f -350 -237 -238
f -351 -352 -236
f -236 -352 -353
f -236 -353 -354
f -238 -239 -350
f -350 -239 -240
f -350 -240 -241
f -241 -242 -350
f -350 -242 -243
f -350 -243 -244
f -244 -245 -350
f -350 -245 -246
f -5569 -5138 -5145
f -5145 -5138 -5057
f -5145 -5057 -5146
f -230 -231 -197
f -197 -231 -232
f -197 -232 -196
f -196 -232 -233
f -196 -233 -234
f -192 -193 -235
f -235 -193 -194
f -235 -194 -195
f -195 -196 -235
f -235 -196 -234
f -184 -185 -235
f -235 -185 -186
f -235 -186 -187
f -187 -188 -235
f -235 -188 -189
f -235 -189 -190
f -190 -191 -235
f -235 -191 -192
f -183 -235 -182
f -182 -235 -236
f -182 -236 -181
f -225 -226 -198
f -198 -226 -227
f -198 -227 -197
f -197 -227 -228
f -197 -228 -229
f -862 -861 -857
f -857 -861 -860
f -857 -860 -859
f -3048 -3047 -3046
f -3046 -3047 -3045
f -3046 -3045 -3044
f -3044 -3045 -3043
f -3044 -3043 -3042
f -3042 -3043 -3037
f -3042 -3037 -3038
f -2771 -2770 -2769
f -2769 -2770 -2768
f -2769 -2768 -2767
f -2767 -2768 -2766
f -2767 -2766 -2765
f -2765 -2766 -2764
f -2765 -2764 -2763
f -2763 -2764 -2762
f -2763 -2762 -2761
f -2761 -2762 -2760
f -2761 -2760 -2759
f -2759 -2760 -2758
f -2759 -2758 -2757
f -2757 -2758 -2756
f -2757 -2756 -2755
f -2755 -2756 -2754
f -2755 -2754 -2753
f -2753 -2754 -2752
f -2753 -2752 -2751
f -2751 -2752 -2750
f -2751 -2750 -2749
f -2749 -2750 -2748
f -2749 -2748 -2747
f -2747 -2748 -2746
f -2747 -2746 -2745
f -2745 -2746 -2744
f -2745 -2744 -2743
f -2743 -2744 -2742
f -2743 -2742 -2741
f -2741 -2742 -2740
f -2741 -2740 -2739
f -2739 -2740 -2738
f -2739 -2738 -2737
f -2737 -2738 -2736
f -2737 -2736 -2735
f -2735 -2736 -2734
f -2735 -2734 -2733
f -2733 -2734 -2732
f -2733 -2732 -2731
f -2731 -2732 -2730
f -2731 -2730 -2729
f -2729 -2730 -2728
f -2729 -2728 -2727
f -2727 -2728 -2726
f -3125 -3124 -3123
f -3123 -3124 -3122
f -3123 -3122 -3121
f -852 -851 -1330
f -1330 -851 -850
f -1330 -850 -1331
f -4766 -4768 -4767
f -4767 -4768 -4731
f -4767 -4731 -4732
f -4732 -4731 -4733
f -4732 -4733 -4734
f -4734 -4733 -4735
f -4734 -4735 -4736
f -4736 -4735 -4737
f -4736 -4737 -4738
f -4738 -4737 -4739
f -4738 -4739 -4740
f -4740 -4739 -4741
f -4740 -4741 -4742
f -4742 -4741 -4743
f -4742 -4743 -4744
f -4744 -4743 -4745
f -4744 -4745 -4746
f -4746 -4745 -4747
f -4746 -4747 -4748
f -4695 -4694 -4693
f -4693 -4694 -4692
f -4693 -4692 -4691
f -4691 -4692 -4690
f -4691 -4690 -4689
f -4689 -4690 -4688
f -4689 -4688 -4687
f -4687 -4688 -4686
f -4687 -4686 -4685
f -4685 -4686 -4684
f -4685 -4684 -4683
f -4683 -4684 -4682
f -4683 -4682 -4681
f -4681 -4682 -4680
f -4681 -4680 -4679
f -4679 -4680 -4678
f -4679 -4678 -4677
f -4677 -4678 -4676
f -4677 -4676 -4675
f -4675 -4676 -4674
f -4675 -4674 -4673
f -4673 -4674 -4672
f -4673 -4672 -4671
f -4758 -4760 -4759
f -4759 -4760 -4761
f -4760 -4762 -4761
f -4761 -4762 -4763
f -4762 -4764 -4763
f -4763 -4764 -4765
f -4764 -4766 -4765
f -4765 -4766 -4767
f -5229 -5074 -5219
f -5219 -5074 -5073
f -5219 -5073 -5211
f -5211 -5073 -5072
f -5211 -5072 -5071
f -5211 -5071 -5203
f -5203 -5071 -5070
f -5203 -5070 -5195
f -5195 -5070 -5068
f -5195 -5068 -5187
f -5187 -5068 -5067
f -5187 -5067 -5065
f -5187 -5065 -5179
f -5179 -5065 -5064
f -5179 -5064 -5171
f -5171 -5064 -5063
f -5171 -5063 -5062
f -5059 -5058 -5147
f -5147 -5058 -5056
f -5147 -5056 -5139
f -5139 -5056 -5055
f -5139 -5055 -5557
f -5557 -5055 -5555
f -5147 -5155 -5059
f -5059 -5155 -5061
f -5155 -5163 -5061
f -5061 -5163 -5062
f -3896 -3898 -3897
f -3568 -3573 -3574
f -870 -869 -1053
f -863 -1061 -1060
f -866 -1060 -867
f -1072 -1304 -1073
f -1312 -1061 -1313
f -371 -175 -176
f -358 -236 -357
f -364 -181 -363
f -5570 -5138 -5569
f -184 -235 -183
f -230 -197 -229
f -858 -857 -859
f -3059 -3025 -3061
f -3591 -3593 -3592
f -3125 -3126 -3124
f -871 -870 -1050
f -4957 -4959 -4958
f -4695 -4718 -4694
f -5253 -5261 -5080
f -5225 -5226 -5235
f -5185 -5186 -5193
f -5163 -5171 -5062
f -5145 -5146 -5153
f -3061 -3060 -3059
f -3059 -3060 -3058
f -3059 -3058 -3057
f -3057 -3058 -3056
f -3057 -3056 -3055
f -3055 -3056 -3050
f -3055 -3050 -3051
f -3051 -3050 -3052
f -3051 -3052 -3053
f -3053 -3052 -3054
f -3053 -3054 -3048
f -3048 -3054 -3049
f -3048 -3049 -3047
f -3041 -3040 -3039
f -3039 -3040 -3038
f -3039 -3038 -3037
f -2449 -2450 -2460
f -2460 -2450 -2461
f -2460 -2461 -2471
f -2471 -2461 -2472
f -2471 -2472 -2482
f -2482 -2472 -2483
f -2482 -2483 -2493
f -2493 -2483 -2494
f -2493 -2494 -2506
f -2506 -2494 -2507
f -2506 -2507 -2517
f -2517 -2507 -2518
f -2517 -2518 -2528
f -2528 -2518 -2529
f -2528 -2529 -2539
f -2539 -2529 -2540
f -2539 -2540 -2550
f -2550 -2540 -2551
f -2550 -2551 -2561
f -2561 -2551 -2562
f -2561 -2562 -2572
f -2572 -2562 -2573
f -2572 -2573 -2583
f -2583 -2573 -2584
f -2583 -2584 -2594
f -2594 -2584 -2595
f -2594 -2595 -2608
f -2608 -2595 -2610
f -2608 -2610 -2609
f -2609 -2610 -2611
f -2448 -2449 -2459
f -2459 -2449 -2460
f -2459 -2460 -2470
f -2470 -2460 -2471
f -2470 -2471 -2481
f -2481 -2471 -2482
f -2481 -2482 -2492
f -2492 -2482 -2493
f -2492 -2493 -2505
f -2505 -2493 -2506
f -2505 -2506 -2516
f -2516 -2506 -2517
f -2516 -2517 -2527
f -2527 -2517 -2528
f -2527 -2528 -2538
f -2538 -2528 -2539
f -2538 -2539 -2549
f -2549 -2539 -2550
f -2549 -2550 -2560
f -2560 -2550 -2561
f -2560 -2561 -2571
f -2571 -2561 -2572
f -2571 -2572 -2582
f -2582 -2572 -2583
f -2582 -2583 -2593
f -2593 -2583 -2594
f -2593 -2594 -2606
f -2606 -2594 -2608
f -2606 -2608 -2607
f -2607 -2608 -2609
f -2451 -2452 -2462
f -2462 -2452 -2463
f -2462 -2463 -2473
f -2473 -2463 -2474
f -2473 -2474 -2484
f -2484 -2474 -2485
f -2484 -2485 -2495
f -2495 -2485 -2496
f -2495 -2496 -2508
f -2508 -2496 -2509
f -2508 -2509 -2519
f -2519 -2509 -2520
f -2519 -2520 -2530
f -2530 -2520 -2531
f -2530 -2531 -2541
f -2541 -2531 -2542
f -2541 -2542 -2552
f -2552 -2542 -2553
f -2552 -2553 -2563
f -2563 -2553 -2564
f -2563 -2564 -2574
f -2574 -2564 -2575
f -2574 -2575 -2585
f -2585 -2575 -2586
f -2585 -2586 -2596
f -2596 -2586 -2597
f -2596 -2597 -2612
f -2612 -2597 -2614
f -2612 -2614 -2613
f -2613 -2614 -2615
f -2450 -2451 -2461
f -2461 -2451 -2462
f -2461 -2462 -2472
f -2472 -2462 -2473
f -2472 -2473 -2483
f -2483 -2473 -2484
f -2483 -2484 -2494
f -2494 -2484 -2495
f -2494 -2495 -2507
f -2507 -2495 -2508
f -2507 -2508 -2518
f -2518 -2508 -2519
f -2518 -2519 -2529
f -2529 -2519 -2530
f -2529 -2530 -2540
f -2540 -2530 -2541
f -2540 -2541 -2551
f -2551 -2541 -2552
f -2551 -2552 -2562
f -2562 -2552 -2563
f -2562 -2563 -2573
f -2573 -2563 -2574
f -2573 -2574 -2584
f -2584 -2574 -2585
f -2584 -2585 -2595
f -2595 -2585 -2596
f -2595 -2596 -2610
f -2610 -2596 -2612
f -2610 -2612 -2611
f -2611 -2612 -2613
f -2452 -2453 -2463
f -2463 -2453 -2464
f -2463 -2464 -2474
f -2474 -2464 -2475
f -2474 -2475 -2485
f -2485 -2475 -2486
f -2485 -2486 -2496
f -2496 -2486 -2497
f -2496 -2497 -2509
f -2509 -2497 -2510
f -2509 -2510 -2520
f -2520 -2510 -2521
f -2520 -2521 -2531
f -2531 -2521 -2532
f -2531 -2532 -2542
f -2542 -2532 -2543
f -2542 -2543 -2553
f -2553 -2543 -2554
f -2553 -2554 -2564
f -2564 -2554 -2565
f -2564 -2565 -2575
f -2575 -2565 -2576
f -2575 -2576 -2586
f -2586 -2576 -2587
f -2586 -2587 -2597
f -2597 -2587 -2598
f -2597 -2598 -2614
f -2614 -2598 -2616
f -2614 -2616 -2615
f -2615 -2616 -2617
f -2453 -2454 -2464
f -2464 -2454 -2465
f -2464 -2465 -2475
f -2475 -2465 -2476
f -2475 -2476 -2486
f -2486 -2476 -2487
f -2486 -2487 -2497
f -2497 -2487 -2498
f -2497 -2498 -2510
f -2510 -2498 -2511
f -2510 -2511 -2521
f -2521 -2511 -2522
f -2521 -2522 -2532
f -2532 -2522 -2533
f -2532 -2533 -2543
f -2543 -2533 -2544
f -2543 -2544 -2554
f -2554 -2544 -2555
f -2554 -2555 -2565
f -2565 -2555 -2566
f -2565 -2566 -2576
f -2576 -2566 -2577
f -2576 -2577 -2587
f -2587 -2577 -2588
f -2587 -2588 -2598
f -2598 -2588 -2599
f -2598 -2599 -2616
f -2616 -2599 -2618
f -2616 -2618 -2617
f -2617 -2618 -2619
f -2454 -2455 -2465
f -2465 -2455 -2466
f -2465 -2466 -2476
f -2476 -2466 -2477
f -2476 -2477 -2487
f -2487 -2477 -2488
f -2487 -2488 -2498
f -2498 -2488 -2499
f -2498 -2499 -2511
f -2511 -2499 -2512
f -2511 -2512 -2522
f -2522 -2512 -2523
f -2522 -2523 -2533
f -2533 -2523 -2534
f -2533 -2534 -2544
f -2544 -2534 -2545
f -2544 -2545 -2555
f -2555 -2545 -2556
f -2555 -2556 -2566
f -2566 -2556 -2567
f -2566 -2567 -2577
f -2577 -2567 -2578
f -2577 -2578 -2588
f -2588 -2578 -2589
f -2588 -2589 -2599
f -2599 -2589 -2600
f -2599 -2600 -2618
f -2618 -2600 -2620
f -2618 -2620 -2619
f -2619 -2620 -2621
f -2590 -2256 -2600
f -2600 -2256 -2601
f -2600 -2601 -2620
f -2620 -2601 -2622
f -2620 -2622 -2621
f -2621 -2622 -2262
f -2447 -2448 -2458
f -2458 -2448 -2459
f -2458 -2459 -2469
f -2469 -2459 -2470
f -2469 -2470 -2480
f -2480 -2470 -2481
f -2480 -2481 -2491
f -2491 -2481 -2492
f -2491 -2492 -2504
f -2504 -2492 -2505
f -2504 -2505 -2515
f -2515 -2505 -2516
f -2515 -2516 -2526
f -2526 -2516 -2527
f -2526 -2527 -2537
f -2537 -2527 -2538
f -2537 -2538 -2548
f -2548 -2538 -2549
f -2548 -2549 -2559
f -2559 -2549 -2560
f -2559 -2560 -2570
f -2570 -2560 -2571
f -2570 -2571 -2581
f -2581 -2571 -2582
f -2581 -2582 -2592
f -2592 -2582 -2593
f -2592 -2593 -2604
f -2604 -2593 -2606
f -2604 -2606 -2605
f -2605 -2606 -2607
f -2446 -2447 -2457
f -2457 -2447 -2458
f -2457 -2458 -2468
f -2468 -2458 -2469
f -2468 -2469 -2479
f -2479 -2469 -2480
f -2479 -2480 -2490
f -2490 -2480 -2491
f -2490 -2491 -2503
f -2503 -2491 -2504
f -2503 -2504 -2514
f -2514 -2504 -2515
f -2514 -2515 -2525
f -2525 -2515 -2526
f -2525 -2526 -2536
f -2536 -2526 -2537
f -2536 -2537 -2547
f -2547 -2537 -2548
f -2547 -2548 -2558
f -2558 -2548 -2559
f -2558 -2559 -2569
f -2569 -2559 -2570
f -2569 -2570 -2580
f -2580 -2570 -2581
f -2580 -2581 -2591
f -2591 -2581 -2592
f -2591 -2592 -2602
f -2602 -2592 -2604
f -2602 -2604 -2603
f -2603 -2604 -2605
f -2600 -2589 -2590
f -2590 -2589 -2579
f -2589 -2578 -2579
f -2579 -2578 -2568
f -2535 -2247 -2545
f -2545 -2247 -2546
f -2545 -2546 -2556
f -2556 -2546 -2557
f -2556 -2557 -2567
f -2567 -2557 -2251
f -2567 -2251 -2568
f -2445 -2235 -2455
f -2455 -2235 -2456
f -2455 -2456 -2466
f -2466 -2456 -2467
f -2466 -2467 -2477
f -2477 -2467 -2478
f -2477 -2478 -2488
f -2488 -2478 -2240
f -2488 -2240 -2489
f -2248 -2246 -2536
f -2536 -2246 -2245
f -2536 -2245 -2525
f -2525 -2245 -2244
f -2525 -2244 -2514
f -2514 -2244 -2502
f -2514 -2502 -2503
f -2503 -2502 -2501
f -2503 -2501 -2242
f -2488 -2489 -2499
f -2499 -2489 -2500
f -2499 -2500 -2512
f -2512 -2500 -2243
f -2512 -2243 -2513
f -2512 -2513 -2523
f -2523 -2513 -2524
f -2523 -2524 -2534
f -2534 -2524 -2535
f -2534 -2535 -2545
f -2194 -2193 -2192
f -2192 -2193 -2191
f -2192 -2191 -2190
f -2190 -2191 -2189
f -2190 -2189 -2188
f -2188 -2189 -2187
f -2188 -2187 -2186
f -2186 -2187 -2185
f -2186 -2185 -2184
f -2184 -2185 -2183
f -2184 -2183 -2182
f -2182 -2183 -2181
f -2182 -2181 -2180
f -2180 -2181 -2179
f -2180 -2179 -2178
f -2178 -2179 -2177
f -2178 -2177 -2176
f -2176 -2177 -2175
f -2176 -2175 -2174
f -2174 -2175 -2173
f -2174 -2173 -2172
f -2172 -2173 -2171
f -2172 -2171 -2170
f -2170 -2171 -2169
f -2170 -2169 -2168
f -2168 -2169 -2167
f -2168 -2167 -2166
f -2166 -2167 -2165
f -2166 -2165 -2164
f -2164 -2165 -2163
f -2164 -2163 -2162
f -2162 -2163 -2161
f -2162 -2161 -2160
f -2160 -2161 -2159
f -2160 -2159 -2158
f -2158 -2159 -2157
f -2158 -2157 -2156
f -2156 -2157 -2155
f -2156 -2155 -2154
f -2154 -2155 -2153
f -2154 -2153 -2152
f -3811 -3810 -3809
f -3809 -3810 -3808
f -3809 -3808 -3807
f -3807 -3808 -3806
f -3807 -3806 -3805
f -3805 -3806 -3804
f -3805 -3804 -3803
f -3803 -3804 -3802
f -3803 -3802 -3801
f -3801 -3802 -3793
f -3801 -3793 -3794
f -3794 -3793 -3795
f -3794 -3795 -3800
f -3800 -3795 -3799
f -3800 -3799 -3798
f -3798 -3799 -3797
f -3798 -3797 -3796
f -3796 -3797 -3784
f -3796 -3784 -3785
f -3785 -3784 -3786
f -3785 -3786 -3787
f -3787 -3786 -3788
f -3787 -3788 -3789
f -3789 -3788 -3790
f -3789 -3790 -3791
f -3791 -3790 -3792
f -3791 -3792 -3750
f -3750 -3792 -3751
f -3811 -3752 -3754
f -3754 -3752 -3753
f -3754 -3753 -3814
f -3814 -3753 -3813
f -3814 -3813 -3812
f -3812 -3813 -3822
f -3812 -3822 -3823
f -3823 -3822 -3824
f -3823 -3824 -3825
f -3825 -3824 -3826
f -3825 -3826 -3821
f -3821 -3826 -3820
f -3821 -3820 -3819
f -3819 -3820 -3818
f -3819 -3818 -3817
f -3851 -3847 -3848
f -3848 -3847 -3850
f -3848 -3850 -3849
f -3849 -3850 -3846
f -3849 -3846 -3845
f -3845 -3846 -3844
f -3845 -3844 -3843
f -3843 -3844 -3839
f -3843 -3839 -3840
f -3840 -3839 -3842
f -3840 -3842 -3841
f -3841 -3842 -3838
f -3841 -3838 -3901
f -3901 -3838 -3903
f -3901 -3903 -3902
f -3902 -3903 -3904
f -3897 -3898 -3899
f -3899 -3898 -3900
f -3899 -3900 -3911
f -3911 -3900 -3910
f -3911 -3910 -3909
f -3909 -3910 -3908
f -3909 -3908 -3907
f -3907 -3908 -3906
f -3907 -3906 -3905
f -3905 -3906 -3904
f -3905 -3904 -3903
f -3112 -3111 -3113
f -3113 -3111 -3077
f -3113 -3077 -3120
f -3120 -3077 -3119
f -3120 -3119 -3118
f -3118 -3119 -3117
f -3118 -3117 -3116
f -3116 -3117 -3115
f -3116 -3115 -3114
f -3101 -3100 -3106
f -3106 -3100 -3105
f -3106 -3105 -3104
f -3104 -3105 -3103
f -3104 -3103 -3102
f -3102 -3103 -3107
f -3102 -3107 -3108
f -3108 -3107 -3109
f -3108 -3109 -3110
f -3110 -3109 -3111
f -3110 -3111 -3112
f -3476 -3475 -3477
f -3477 -3475 -3441
f -3477 -3441 -3484
f -3484 -3441 -3483
f -3484 -3483 -3482
f -3482 -3483 -3481
f -3482 -3481 -3480
f -3480 -3481 -3479
f -3480 -3479 -3478
f -3465 -3464 -3470
f -3470 -3464 -3469
f -3470 -3469 -3468
f -3468 -3469 -3467
f -3468 -3467 -3466
f -3466 -3467 -3471
f -3466 -3471 -3472
f -3472 -3471 -3473
f -3472 -3473 -3474
f -3474 -3473 -3475
f -3474 -3475 -3476
f -3504 -3503 -3509
f -3509 -3503 -3508
f -3509 -3508 -3507
f -3507 -3508 -3506
f -3507 -3506 -3505
f -3505 -3506 -3510
f -3505 -3510 -3511
f -3542 -3541 -3543
f -3543 -3541 -3492
f -3543 -3492 -3496
f -3496 -3492 -3495
f -3496 -3495 -3494
f -3494 -3495 -3497
f -3494 -3497 -3498
f -3498 -3497 -3499
f -3498 -3499 -3500
f -3500 -3499 -3501
f -3500 -3501 -3502
f -3502 -3501 -3503
f -3502 -3503 -3504
f -1100 -1099 -849
f -849 -1099 -1098
f -849 -1098 -1097
f -1332 -1331 -1095
f -1095 -1331 -849
f -1095 -849 -1096
f -1096 -849 -1097
f -1113 -845 -1114
f -1114 -845 -844
f -1114 -844 -843
f -840 -839 -1114
f -1114 -839 -838
f -1114 -838 -837
f -843 -842 -1114
f -1114 -842 -841
f -1114 -841 -840
f -1113 -1112 -845
f -845 -1112 -1111
f -845 -1111 -846
f -846 -1111 -1110
f -846 -1110 -1109
f -1107 -1106 -848
f -848 -1106 -1105
f -848 -1105 -849
f -849 -1105 -1104
f -849 -1104 -1103
f -1292 -1291 -948
f -948 -1291 -1290
f -948 -1290 -1088
f -1088 -1290 -1343
f -1088 -1343 -1342
f -1333 -1095 -1334
f -1334 -1095 -1094
f -1334 -1094 -1093
f -1296 -1295 -948
f -948 -1295 -1294
f -948 -1294 -1293
f -1090 -1089 -1337
f -1337 -1089 -1088
f -1337 -1088 -1338
f -1338 -1088 -1339
f -1342 -1341 -1088
f -1088 -1341 -1340
f -1088 -1340 -1339
f -928 -927 -1303
f -1303 -927 -926
f -1303 -926 -925
f -931 -930 -1303
f -1303 -930 -929
f -1303 -929 -928
f -934 -933 -1303
f -1303 -933 -932
f -1303 -932 -931
f -1296 -948 -1297
f -1297 -948 -947
f -1297 -947 -1298
f -1298 -947 -946
f -1298 -946 -945
f -942 -1303 -943
f -943 -1303 -1302
f -943 -1302 -1301
f -937 -936 -1303
f -1303 -936 -935
f -1303 -935 -934
f -940 -939 -1303
f -1303 -939 -938
f -1303 -938 -937
f -940 -1303 -941
f -941 -1303 -942
f -4755 -4757 -4756
f -4756 -4757 -4726
f -4756 -4726 -4727
f -4727 -4726 -4728
f -4727 -4728 -4729
f -4729 -4728 -4730
f -4729 -4730 -4725
f -4725 -4730 -4724
f -4725 -4724 -4723
f -4723 -4724 -4722
f -4723 -4722 -4721
f -4721 -4722 -4720
f -4721 -4720 -4719
f -1947 -1894 -1948
f -1948 -1894 -1893
f -1948 -1893 -1949
f -1949 -1893 -1892
f -1949 -1892 -1950
f -1950 -1892 -1891
f -1950 -1891 -1951
f -1951 -1891 -1890
f -1951 -1890 -1952
f -1952 -1890 -1889
f -1952 -1889 -1953
f -1953 -1889 -1888
f -1953 -1888 -1954
f -1954 -1888 -1887
f -1954 -1887 -1955
f -1955 -1887 -1886
f -1955 -1886 -1956
f -1956 -1886 -1885
f -1956 -1885 -1957
f -1957 -1885 -1884
f -1957 -1884 -1958
f -1958 -1884 -1883
f -1958 -1883 -1959
f -1959 -1883 -1882
f -1959 -1882 -1960
f -1960 -1882 -1881
f -1960 -1881 -1961
f -1961 -1881 -1880
f -1961 -1880 -1962
f -1962 -1880 -1879
f -1962 -1879 -1963
f -1963 -1879 -1878
f -1963 -1878 -1964
f -1964 -1878 -1877
f -1964 -1877 -1965
f -1894 -1946 -1895
f -1895 -1946 -1945
f -1895 -1945 -1896
f -1896 -1945 -1944
f -1896 -1944 -1897
f -4777 -4776 -4779
f -4779 -4776 -4778
f -4779 -4778 -4780
f -4780 -4778 -4781
f -4780 -4781 -4817
f -4817 -4781 -4816
f -4817 -4816 -4815
f -4815 -4816 -4814
f -4815 -4814 -4813
f -4813 -4814 -4812
f -4813 -4812 -4811
f -4811 -4812 -4821
f -4811 -4821 -4822
f -4822 -4821 -4823
f -4822 -4823 -4824
f -4824 -4823 -4825
f -4824 -4825 -4820
f -4820 -4825 -4819
f -4820 -4819 -4818
f -4818 -4819 -4829
f -4818 -4829 -4830
f -4830 -4829 -4831
f -4830 -4831 -4832
f -4832 -4831 -4833
f -4832 -4833 -4828
f -4828 -4833 -4827
f -4828 -4827 -4826
f -4826 -4827 -4837
f -4826 -4837 -4838
f -4838 -4837 -4839
f -4838 -4839 -4840
f -4840 -4839 -4841
f -4840 -4841 -4836
f -4836 -4841 -4835
f -4836 -4835 -4834
f -4834 -4835 -4847
f -4834 -4847 -4848
f -4848 -4847 -4849
f -4848 -4849 -4850
f -4850 -4849 -4851
f -4850 -4851 -4846
f -4846 -4851 -4845
f -4846 -4845 -4844
f -5266 -5267 -5274
f -5274 -5267 -5275
f -5274 -5275 -5282
f -5282 -5275 -5283
f -5282 -5283 -5290
f -5290 -5283 -5291
f -5290 -5291 -5298
f -5298 -5291 -5299
f -5298 -5299 -5306
f -5306 -5299 -5307
f -5306 -5307 -5314
f -5314 -5307 -5315
f -5314 -5315 -5322
f -5322 -5315 -5323
f -5322 -5323 -5330
f -5330 -5323 -5331
f -5330 -5331 -5340
f -5340 -5331 -5341
f -5261 -5262 -5269
f -5269 -5262 -5270
f -5269 -5270 -5277
f -5277 -5270 -5278
f -5277 -5278 -5285
f -5285 -5278 -5286
f -5285 -5286 -5293
f -5293 -5286 -5294
f -5293 -5294 -5301
f -5301 -5294 -5302
f -5301 -5302 -5309
f -5309 -5302 -5310
f -5309 -5310 -5317
f -5317 -5310 -5318
f -5317 -5318 -5325
f -5325 -5318 -5326
f -5325 -5326 -5335
f -5335 -5326 -5336
f -5263 -5264 -5271
f -5271 -5264 -5272
f -5271 -5272 -5279
f -5279 -5272 -5280
f -5279 -5280 -5287
f -5287 -5280 -5288
f -5287 -5288 -5295
f -5295 -5288 -5296
f -5295 -5296 -5303
f -5303 -5296 -5304
f -5303 -5304 -5311
f -5311 -5304 -5312
f -5311 -5312 -5319
f -5319 -5312 -5320
f -5319 -5320 -5327
f -5327 -5320 -5328
f -5327 -5328 -5337
f -5337 -5328 -5338
f -5262 -5263 -5270
f -5270 -5263 -5271
f -5270 -5271 -5278
f -5278 -5271 -5279
f -5278 -5279 -5286
f -5286 -5279 -5287
f -5286 -5287 -5294
f -5294 -5287 -5295
f -5294 -5295 -5302
f -5302 -5295 -5303
f -5302 -5303 -5310
f -5310 -5303 -5311
f -5310 -5311 -5318
f -5318 -5311 -5319
f -5318 -5319 -5326
f -5326 -5319 -5327
f -5326 -5327 -5336
f -5336 -5327 -5337
f -5265 -5266 -5273
f -5273 -5266 -5274
f -5273 -5274 -5281
f -5281 -5274 -5282
f -5281 -5282 -5289
f -5289 -5282 -5290
f -5289 -5290 -5297
f -5297 -5290 -5298
f -5297 -5298 -5305
f -5305 -5298 -5306
f -5305 -5306 -5313
f -5313 -5306 -5314
f -5313 -5314 -5321
f -5321 -5314 -5322
f -5321 -5322 -5329
f -5329 -5322 -5330
f -5329 -5330 -5339
f -5339 -5330 -5340
f -5264 -5265 -5272
f -5272 -5265 -5273
f -5272 -5273 -5280
f -5280 -5273 -5281
f -5280 -5281 -5288
f -5288 -5281 -5289
f -5288 -5289 -5296
f -5296 -5289 -5297
f -5296 -5297 -5304
f -5304 -5297 -5305
f -5304 -5305 -5312
f -5312 -5305 -5313
f -5312 -5313 -5320
f -5320 -5313 -5321
f -5320 -5321 -5328
f -5328 -5321 -5329
f -5328 -5329 -5338
f -5338 -5329 -5339
f -5300 -5090 -5307
f -5307 -5090 -5308
f -5307 -5308 -5315
f -5315 -5308 -5316
f -5315 -5316 -5323
f -5323 -5316 -5094
f -5323 -5094 -5324
f -5341 -5331 -5332
f -5332 -5331 -5324
f -5267 -5268 -5275
f -5275 -5268 -5276
f -5275 -5276 -5283
f -5283 -5276 -5085
f -5283 -5085 -5284
f -503 -504 -175
f -175 -504 -505
f -175 -505 -506
f -507 -508 -175
f -175 -508 -509
f -175 -509 -510
f -499 -500 -374
f -374 -500 -501
f -374 -501 -175
f -175 -501 -502
f -175 -502 -503
f -499 -374 -498
f -498 -374 -375
f -498 -375 -376
f -376 -377 -498
f -498 -377 -378
f -498 -378 -379
f -379 -380 -498
f -498 -380 -381
f -498 -381 -382
f -382 -383 -498
f -498 -383 -384
f -498 -384 -337
f -5307 -5299 -5300
f -5300 -5299 -5292
f -5299 -5291 -5292
f -5292 -5291 -5284
f -345 -346 -314
f -314 -346 -347
f -314 -347 -348
f -296 -297 -349
f -349 -297 -298
f -349 -298 -299
f -299 -300 -349
f -349 -300 -301
f -349 -301 -302
f -302 -303 -349
f -349 -303 -304
f -349 -304 -305
f -310 -311 -349
f -349 -311 -312
f -349 -312 -313
f -313 -314 -349
f -349 -314 -348
f -305 -306 -349
f -349 -306 -307
f -349 -307 -308
f -308 -309 -349
f -349 -309 -310
f -342 -343 -314
f -314 -343 -344
f -314 -344 -345
f -338 -339 -314
f -314 -339 -340
f -314 -340 -341
f -498 -337 -314
f -314 -337 -338
f -517 -518 -175
f -175 -518 -519
f -175 -519 -520
f -170 -171 -521
f -521 -171 -172
f -521 -172 -173
f -173 -174 -521
f -521 -174 -175
f -521 -175 -520
f -163 -164 -521
f -521 -164 -165
f -521 -165 -166
f -166 -167 -521
f -521 -167 -168
f -521 -168 -169
f -510 -511 -175
f -175 -511 -512
f -175 -512 -513
f -513 -514 -175
f -175 -514 -515
f -175 -515 -516
f -2259 -2257 -2602
f -2602 -2257 -2255
f -2602 -2255 -2591
f -2591 -2255 -2254
f -2591 -2254 -2580
f -2580 -2254 -2253
f -2580 -2253 -2569
f -2569 -2253 -2252
f -2569 -2252 -2250
f -2602 -2603 -2259
f -2259 -2603 -2260
f -2700 -2701 -2702
f -2702 -2701 -2703
f -2702 -2703 -2704
f -2704 -2703 -2705
f -2704 -2705 -2706
f -2706 -2705 -2707
f -2706 -2707 -2708
f -2708 -2707 -2709
f -2708 -2709 -2710
f -2710 -2709 -2711
f -2710 -2711 -2712
f -2712 -2711 -2713
f -2712 -2713 -2714
f -2714 -2713 -2715
f -2714 -2715 -2716
f -2716 -2715 -2717
f -2716 -2717 -2718
f -2718 -2717 -2719
f -2718 -2719 -2720
f -2720 -2719 -2721
f -2720 -2721 -2722
f -2722 -2721 -2723
f -2722 -2723 -2724
f -2724 -2723 -2725
f -2724 -2725 -2726
f -2726 -2725 -2727
f -2241 -2239 -2479
f -2479 -2239 -2238
f -2479 -2238 -2468
f -2468 -2238 -2237
f -2468 -2237 -2457
f -2457 -2237 -2236
f -2457 -2236 -2446
f -2446 -2236 -2234
f -2479 -2490 -2241
f -2241 -2490 -2242
f -2569 -2250 -2558
f -2558 -2250 -2249
f -2558 -2249 -2547
f -2547 -2249 -2248
f -2547 -2248 -2536
f -3098 -3100 -3099
f -3099 -3100 -3101
f -3073 -3072 -3071
f -3071 -3072 -3070
f -3071 -3070 -3069
f -3464 -3463 -3462
f -3462 -3463 -3461
f -3462 -3461 -3460
f -3541 -3540 -3539
f -3539 -3540 -3538
f -3539 -3538 -3537
f -4497 -4496 -4495
f -4495 -4496 -4494
f -4495 -4494 -4493
f -4493 -4494 -4492
f -4493 -4492 -4491
f -4491 -4492 -4490
f -4491 -4490 -4489
f -4489 -4490 -4488
f -4489 -4488 -4487
f -4487 -4488 -4486
f -4487 -4486 -4485
f -4485 -4486 -4484
f -4485 -4484 -4483
f -4483 -4484 -4482
f -4483 -4482 -4481
f -4481 -4482 -4480
f -4481 -4480 -4479
f -4479 -4480 -4478
f -4479 -4478 -4477
f -4477 -4478 -4476
f -4477 -4476 -4475
f -4570 -4572 -4571
f -4571 -4572 -4535
f -4571 -4535 -4536
f -4536 -4535 -4537
f -4536 -4537 -4538
f -4538 -4537 -4539
f -4538 -4539 -4540
f -4540 -4539 -4541
f -4540 -4541 -4542
f -4542 -4541 -4543
f -4542 -4543 -4544
f -4544 -4543 -4545
f -4544 -4545 -4546
f -4546 -4545 -4547
f -4546 -4547 -4548
f -4570 -4569 -4568
f -4568 -4569 -4567
f -4568 -4567 -4566
f -4566 -4567 -4565
f -4566 -4565 -4564
f -4564 -4565 -4563
f -4564 -4563 -4562
f -1103 -1102 -849
f -849 -1102 -1101
f -849 -1101 -1100
f -846 -1108 -847
f -847 -1108 -1107
f -847 -1107 -848
f -1090 -1337 -1091
f -1091 -1337 -1336
f -1091 -1336 -1092
f -1092 -1336 -1335
f -1092 -1335 -1093
f -1093 -1335 -1334
f -1301 -1300 -943
f -943 -1300 -1299
f -943 -1299 -944
f -944 -1299 -1298
f -944 -1298 -945
f -4697 -4698 -4699
f -4699 -4698 -4700
f -4699 -4700 -4701
f -4701 -4700 -4702
f -4701 -4702 -4703
f -4703 -4702 -4704
f -4703 -4704 -4705
f -4705 -4704 -4706
f -4705 -4706 -4707
f -4707 -4706 -4708
f -4707 -4708 -4709
f -4709 -4708 -4710
f -4709 -4710 -4711
f -4711 -4710 -4712
f -4711 -4712 -4713
f -4713 -4712 -4714
f -4713 -4714 -4715
f -4715 -4714 -4716
f -4715 -4716 -4717
f -4748 -4749 -4750
f -4750 -4749 -4751
f -4750 -4751 -4752
f -4752 -4751 -4753
f -4752 -4753 -4754
f -4754 -4753 -4755
f -4754 -4755 -4756
f -5093 -5317 -5095
f -5095 -5317 -5325
f -5095 -5325 -5096
f -5096 -5325 -5335
f -5096 -5335 -5333
f -5317 -5092 -5309
f -5309 -5092 -5091
f -5309 -5091 -5301
f -5301 -5091 -5089
f -5301 -5089 -5293
f -5293 -5089 -5088
f -5293 -5088 -5087
f -5293 -5087 -5285
f -5285 -5087 -5086
f -5285 -5086 -5277
f -5277 -5086 -5084
f -5277 -5084 -5083
f -5277 -5083 -5269
f -5269 -5083 -5082
f -5269 -5082 -5261
f -5261 -5082 -5080
f -3035 -3040 -3041
f -2149 -2193 -2194
f -1332 -1095 -1333
f -1292 -948 -1293
f -1894 -1947 -1946
f -507 -175 -506
f -342 -314 -341
f -170 -521 -169
f -517 -175 -516
f -2567 -2568 -2578
f -2490 -2503 -2242
f -3809 -3752 -3811
f -3464 -3465 -3463
f -3541 -3542 -3540
f -4497 -4498 -4496
f -4570 -4571 -4569
f -846 -1109 -1108
f -850 -849 -1331
f -4696 -4698 -4697
f -4747 -4749 -4748
f -5323 -5324 -5331
f -5317 -5093 -5092
f -5267 -5081 -5268
f -5283 -5284 -5291
f -3041 -3036 -3035
f -3035 -3036 -3034
f -3035 -3034 -3033
f -3033 -3034 -3032
f -3033 -3032 -3031
f -3031 -3032 -3030
f -3031 -3030 -3029
f -3029 -3030 -3026
f -3029 -3026 -3027
f -3027 -3026 -3028
f -3027 -3028 -3024
f -3024 -3028 -3075
f -3024 -3075 -3073
f -3073 -3075 -3074
f -3073 -3074 -3072
f -3664 -3665 -3666
f -3666 -3665 -3667
f -3666 -3667 -3668
f -3668 -3667 -3669
f -3668 -3669 -3649
f -3649 -3669 -3651
f -3649 -3651 -3650
f -3650 -3651 -3648
f -3650 -3648 -3661
f -3661 -3648 -3660
f -3661 -3660 -3742
f -3632 -3631 -3633
f -3633 -3631 -3597
f -3633 -3597 -3640
f -3640 -3597 -3639
f -3640 -3639 -3638
f -3638 -3639 -3637
f -3638 -3637 -3636
f -3636 -3637 -3635
f -3636 -3635 -3634
f -3621 -3620 -3626
f -3626 -3620 -3625
f -3626 -3625 -3624
f -3624 -3625 -3623
f -3624 -3623 -3622
f -3622 -3623 -3627
f -3622 -3627 -3628
f -3628 -3627 -3629
f -3628 -3629 -3630
f -3630 -3629 -3631
f -3630 -3631 -3632
f -3608 -3607 -3613
f -3613 -3607 -3612
f -3613 -3612 -3611
f -3611 -3612 -3610
f -3611 -3610 -3609
f -3609 -3610 -3614
f -3609 -3614 -3615
f -3615 -3614 -3616
f -3615 -3616 -3617
f -3617 -3616 -3618
f -3617 -3618 -3619
f -3619 -3618 -3620
f -3619 -3620 -3621
f -3646 -3645 -3647
f -3647 -3645 -3596
f -3647 -3596 -3600
f -3600 -3596 -3599
f -3600 -3599 -3598
f -3598 -3599 -3601
f -3598 -3601 -3602
f -3602 -3601 -3603
f -3602 -3603 -3604
f -3604 -3603 -3605
f -3604 -3605 -3606
f -3606 -3605 -3607
f -3606 -3607 -3608
f -3741 -3740 -3742
f -3742 -3740 -3662
f -3742 -3662 -3661
f -1036 -1035 -733
f -733 -1035 -1034
f -733 -1034 -734
f -734 -1034 -735
f -1039 -1038 -732
f -732 -1038 -1037
f -732 -1037 -1036
f -1044 -1043 -731
f -731 -1043 -1042
f -731 -1042 -732
f -732 -1042 -1041
f -732 -1041 -1040
f -1046 -1045 -730
f -730 -1045 -1044
f -730 -1044 -731
f -871 -1048 -730
f -730 -1048 -1047
f -730 -1047 -1046
f -1827 -1826 -1828
f -1828 -1826 -1472
f -1828 -1472 -1482
f -1482 -1472 -1483
f -1482 -1483 -1493
f -1493 -1483 -1494
f -1493 -1494 -1504
f -1504 -1494 -1505
f -1504 -1505 -1515
f -1515 -1505 -1516
f -1515 -1516 -1526
f -1526 -1516 -1527
f -1526 -1527 -1537
f -1537 -1527 -1538
f -1537 -1538 -1548
f -1548 -1538 -1549
f -1414 -1491 -1481
f -1481 -1491 -1480
f -1481 -1480 -1411
f -1411 -1480 -1412
f -1411 -1412 -1405
f -1826 -1410 -1472
f -1472 -1410 -1473
f -1472 -1473 -1483
f -1483 -1473 -1484
f -1483 -1484 -1494
f -1494 -1484 -1495
f -1494 -1495 -1505
f -1505 -1495 -1506
f -1505 -1506 -1516
f -1516 -1506 -1517
f -1516 -1517 -1527
f -1527 -1517 -1528
f -1527 -1528 -1538
f -1538 -1528 -1539
f -1538 -1539 -1549
f -1549 -1539 -1550
f -1410 -1409 -1473
f -1473 -1409 -1474
f -1473 -1474 -1484
f -1484 -1474 -1485
f -1484 -1485 -1495
f -1495 -1485 -1496
f -1495 -1496 -1506
f -1506 -1496 -1507
f -1506 -1507 -1517
f -1517 -1507 -1518
f -1517 -1518 -1528
f -1528 -1518 -1529
f -1528 -1529 -1539
f -1539 -1529 -1540
f -1539 -1540 -1550
f -1550 -1540 -1551
f -1409 -1408 -1474
f -1474 -1408 -1475
f -1474 -1475 -1485
f -1485 -1475 -1486
f -1485 -1486 -1496
f -1496 -1486 -1497
f -1496 -1497 -1507
f -1507 -1497 -1508
f -1507 -1508 -1518
f -1518 -1508 -1519
f -1518 -1519 -1529
f -1529 -1519 -1530
f -1529 -1530 -1540
f -1540 -1530 -1541
f -1540 -1541 -1551
f -1551 -1541 -1552
f -1471 -1470 -1479
f -1479 -1470 -1480
f -1479 -1480 -1490
f -1490 -1480 -1491
f -1490 -1491 -1501
f -1501 -1491 -1502
f -1501 -1502 -1512
f -1512 -1502 -1513
f -1512 -1513 -1523
f -1523 -1513 -1524
f -1523 -1524 -1534
f -1534 -1524 -1535
f -1534 -1535 -1545
f -1545 -1535 -1546
f -1545 -1546 -1556
f -1556 -1546 -1557
f -1407 -1406 -1476
f -1476 -1406 -1477
f -1476 -1477 -1487
f -1487 -1477 -1488
f -1487 -1488 -1498
f -1498 -1488 -1499
f -1498 -1499 -1509
f -1509 -1499 -1510
f -1509 -1510 -1520
f -1520 -1510 -1521
f -1520 -1521 -1531
f -1531 -1521 -1532
f -1531 -1532 -1542
f -1542 -1532 -1543
f -1542 -1543 -1553
f -1553 -1543 -1554
f -1556 -1555 -1545
f -1545 -1555 -1544
f -1545 -1544 -1534
f -1534 -1544 -1533
f -1534 -1533 -1523
f -1523 -1533 -1522
f -1523 -1522 -1512
f -1512 -1522 -1511
f -1512 -1511 -1501
f -1501 -1511 -1500
f -1501 -1500 -1490
f -1490 -1500 -1489
f -1490 -1489 -1479
f -1479 -1489 -1478
f -1479 -1478 -1471
f -1471 -1478 -1469
f -1406 -1469 -1477
f -1477 -1469 -1478
f -1477 -1478 -1488
f -1488 -1478 -1489
f -1488 -1489 -1499
f -1499 -1489 -1500
f -1499 -1500 -1510
f -1510 -1500 -1511
f -1510 -1511 -1521
f -1521 -1511 -1522
f -1521 -1522 -1532
f -1532 -1522 -1533
f -1532 -1533 -1543
f -1543 -1533 -1544
f -1543 -1544 -1554
f -1554 -1544 -1555
f -1408 -1407 -1475
f -1475 -1407 -1476
f -1475 -1476 -1486
f -1486 -1476 -1487
f -1486 -1487 -1497
f -1497 -1487 -1498
f -1497 -1498 -1508
f -1508 -1498 -1509
f -1508 -1509 -1519
f -1519 -1509 -1520
f -1519 -1520 -1530
f -1530 -1520 -1531
f -1530 -1531 -1541
f -1541 -1531 -1542
f -1541 -1542 -1552
f -1552 -1542 -1553
f -1491 -1492 -1502
f -1502 -1492 -1503
f -1502 -1503 -1513
f -1513 -1503 -1514
f -1513 -1514 -1524
f -1524 -1514 -1419
f -1524 -1419 -1525
f -4892 -4886 -4885
f -4885 -4886 -4884
f -4885 -4884 -4883
f -4883 -4884 -4882
f -4883 -4882 -4881
f -4881 -4882 -4880
f -4881 -4880 -4879
f -4879 -4880 -4875
f -4879 -4875 -4876
f -4876 -4875 -4877
f -4876 -4877 -4878
f -4878 -4877 -4950
f -4878 -4950 -4951
f -4951 -4950 -4952
f -4951 -4952 -4953
f -4953 -4952 -4954
f -4953 -4954 -4949
f -4949 -4954 -4948
f -4949 -4948 -4947
f -4947 -4948 -4946
f -4947 -4946 -4945
f -1524 -1525 -1535
f -1535 -1525 -1536
f -1535 -1536 -1546
f -1546 -1536 -1422
f -1546 -1422 -1547
f -5039 -5041 -5040
f -5040 -5041 -5010
f -5040 -5010 -5011
f -5011 -5010 -5012
f -5011 -5012 -5013
f -5013 -5012 -5014
f -5013 -5014 -5009
f -5009 -5014 -5008
f -5009 -5008 -5007
f -5007 -5008 -5006
f -5007 -5006 -5005
f -5005 -5006 -5004
f -5005 -5004 -5003
f -218 -219 -54
f -54 -219 -220
f -54 -220 -221
f -54 -221 -53
f -53 -221 -222
f -53 -222 -223
f -214 -215 -55
f -55 -215 -216
f -55 -216 -54
f -54 -216 -217
f -54 -217 -218
f -55 -56 -212
f -212 -56 -57
f -212 -57 -58
f -212 -213 -55
f -55 -213 -214
f -223 -224 -53
f -53 -224 -225
f -53 -225 -198
f -5054 -5570 -5568
f -5568 -5570 -5569
f -5568 -5569 -5567
f -6091 -6092 -6099
f -6099 -6092 -5707
f -6099 -5707 -6100
f -6085 -6086 -6093
f -6093 -6086 -6094
f -6093 -6094 -6101
f -6101 -6094 -6102
f -6101 -6102 -6124
f -6124 -6102 -6122
f -6124 -6122 -6123
f -6123 -6122 -6121
f -6087 -6088 -6095
f -6095 -6088 -6096
f -6095 -6096 -6103
f -6103 -6096 -6104
f -6103 -6104 -6120
f -6120 -6104 -6118
f -6120 -6118 -6119
f -6119 -6118 -6117
f -6086 -6087 -6094
f -6094 -6087 -6095
f -6094 -6095 -6102
f -6102 -6095 -6103
f -6102 -6103 -6122
f -6122 -6103 -6120
f -6122 -6120 -6121
f -6121 -6120 -6119
f -6089 -6090 -6097
f -6097 -6090 -6098
f -6097 -6098 -6105
f -6105 -6098 -6106
f -6105 -6106 -6116
f -6116 -6106 -6114
f -6116 -6114 -6115
f -6115 -6114 -6113
f -6088 -6089 -6096
f -6096 -6089 -6097
f -6096 -6097 -6104
f -6104 -6097 -6105
f -6104 -6105 -6118
f -6118 -6105 -6116
f -6118 -6116 -6117
f -6117 -6116 -6115
f -6090 -6091 -6098
f -6098 -6091 -6099
f -6098 -6099 -6106
f -6106 -6099 -6107
f -6106 -6107 -6114
f -6114 -6107 -6112
f -6114 -6112 -6113
f -6113 -6112 -6111
f -6099 -6100 -6107
f -6107 -6100 -6108
f -6107 -6108 -6112
f -6112 -6108 -6110
f -6112 -6110 -6111
f -6111 -6110 -6109
f -6123 -6125 -6124
f -6124 -6125 -5709
f -6124 -5709 -6101
f -6101 -5709 -5708
f -6101 -5708 -5706
f -2774 -2775 -2776
f -2776 -2775 -2777
f -2776 -2777 -2778
f -2778 -2777 -2779
f -2778 -2779 -2780
f -2780 -2779 -2781
f -2780 -2781 -2782
f -2782 -2781 -2783
f -2782 -2783 -2784
f -2784 -2783 -2785
f -2784 -2785 -2786
f -2786 -2785 -2787
f -2770 -2771 -2772
f -2772 -2771 -2773
f -2150 -2152 -2151
f -2151 -2152 -2153
f -3641 -3643 -3642
f -3642 -3643 -3644
f -3643 -3645 -3644
f -3644 -3645 -3646
f -3589 -3591 -3590
f -3590 -3591 -3592
f -3582 -3584 -3583
f -3583 -3584 -3585
f -3815 -3817 -3816
f -3816 -3817 -3818
f -3740 -3739 -3738
f -3738 -3739 -3737
f -3738 -3737 -3736
f -3736 -3737 -3735
f -3736 -3735 -3734
f -3734 -3735 -3733
f -3734 -3733 -3732
f -3973 -3974 -3975
f -3975 -3974 -3976
f -1416 -1415 -1493
f -1493 -1415 -1413
f -1493 -1413 -1482
f -1482 -1413 -1830
f -1482 -1830 -1828
f -1828 -1830 -1829
f -1828 -1829 -1827
f -1493 -1504 -1416
f -1416 -1504 -1417
f -1421 -1420 -1526
f -1526 -1420 -1418
f -1526 -1418 -1515
f -1515 -1418 -1417
f -1515 -1417 -1504
f -4108 -4109 -4110
f -4110 -4109 -4111
f -4110 -4111 -4112
f -4112 -4111 -4113
f -4112 -4113 -4114
f -4114 -4113 -4115
f -4114 -4115 -4116
f -4116 -4115 -4117
f -4116 -4117 -4100
f -4100 -4117 -4101
f -4100 -4101 -4102
f -4102 -4101 -4103
f -4980 -4982 -4981
f -4981 -4982 -4983
f -4955 -4957 -4956
f -4956 -4957 -4958
f -5050 -5052 -5051
f -5051 -5052 -5015
f -5051 -5015 -5016
f -5016 -5015 -5017
f -5016 -5017 -5018
f -5018 -5017 -5019
f -5018 -5019 -5020
f -5020 -5019 -5021
f -5020 -5021 -5022
f -5022 -5021 -5023
f -5022 -5023 -5024
f -5024 -5023 -5025
f -5024 -5025 -5026
f -5026 -5025 -5027
f -5026 -5027 -5028
f -5028 -5027 -5029
f -5028 -5029 -5030
f -5030 -5029 -5031
f -5030 -5031 -5032
f -5032 -5031 -5033
f -5032 -5033 -5034
f -5034 -5033 -5035
f -5034 -5035 -5036
f -5036 -5035 -5037
f -5036 -5037 -5038
f -5038 -5037 -5039
f -5038 -5039 -5040
f -1548 -1423 -1537
f -1537 -1423 -1421
f -1537 -1421 -1526
f -5043 -5044 -5045
f -5045 -5044 -5046
f -5045 -5046 -5047
f -5047 -5046 -5048
f -5047 -5048 -5049
f -5049 -5048 -5050
f -5049 -5050 -5051
f -1978 -1977 -1864
f -1864 -1977 -1865
f -1977 -1976 -1865
f -1865 -1976 -1866
f -1976 -1975 -1866
f -1866 -1975 -1867
f -1975 -1974 -1867
f -1867 -1974 -1868
f -4842 -4844 -4843
f -4843 -4844 -4845
f -1974 -1973 -1868
f -1868 -1973 -1869
f -1973 -1972 -1869
f -1869 -1972 -1870
f -1972 -1971 -1870
f -1870 -1971 -1871
f -1971 -1970 -1871
f -1871 -1970 -1872
f -1970 -1969 -1872
f -1872 -1969 -1873
f -1969 -1968 -1873
f -1873 -1968 -1874
f -1968 -1967 -1874
f -1874 -1967 -1875
f -1967 -1966 -1875
f -1875 -1966 -1876
f -1966 -1965 -1876
f -1876 -1965 -1877
f -2011 -2013 -2012
f -2012 -2013 -2014
f -2035 -2034 -2033
f -2033 -2034 -2032
f -2033 -2032 -2031
f -2031 -2032 -2030
f -2031 -2030 -2029
f -2029 -2030 -2028
f -2029 -2028 -2027
f -2027 -2028 -2026
f -2027 -2026 -2025
f -2025 -2026 -2024
f -2025 -2024 -2023
f -2023 -2024 -2022
f -2023 -2022 -2021
f -2021 -2022 -2020
f -2021 -2020 -2019
f -2019 -2020 -2018
f -2019 -2018 -2017
f -2017 -2018 -2016
f -2017 -2016 -2015
f -2015 -2016 -2014
f -2015 -2014 -2013
f -5568 -5567 -5566
f -5566 -5567 -5565
f -5566 -5565 -5564
f -5564 -5565 -5563
f -5564 -5563 -5562
f -5562 -5563 -5561
f -5562 -5561 -5560
f -5560 -5561 -5559
f -5560 -5559 -5558
f -5558 -5559 -5557
f -5558 -5557 -5556
f -5556 -5557 -5555
f -5556 -5555 -5554
f -6101 -5706 -6093
f -6093 -5706 -5705
f -6093 -5705 -6085
f -6085 -5705 -5704
f -2201 -2260 -2258
f -735 -1034 -736
f -733 -732 -1036
f -1039 -732 -1040
f -1491 -1414 -1492
f -1470 -1412 -1480
f -59 -212 -58
f -6084 -6092 -6091
f -5625 -6125 -6123
f -3740 -3741 -3739
f -4892 -4887 -4886
f -1546 -1547 -1557
f -1548 -1424 -1423
f -5042 -5044 -5043
f -2035 -2036 -2034
f -1073 -1304 -1020
f -199 -350 -246
f -2260 -2603 -2258
f -2258 -2603 -2605
f -2258 -2605 -2200
f -2200 -2605 -2607
f -2200 -2607 -2199
f -2199 -2607 -2609
f -2199 -2609 -2198
f -2198 -2609 -2611
f -2198 -2611 -2197
f -2197 -2611 -2613
f -2197 -2613 -2196
f -2196 -2613 -2615
f -2196 -2615 -2264
f -2264 -2615 -2617
f -2264 -2617 -2265
f -2265 -2617 -2619
f -2265 -2619 -2263
f -2263 -2619 -2621
f -2263 -2621 -2261
f -2261 -2621 -2262
f -2261 -2262 -2195
f -2950 -2945 -2944
f -2944 -2945 -2943
f -2944 -2943 -2942
f -2942 -2943 -2941
f -2942 -2941 -2940
f -2940 -2941 -2939
f -2940 -2939 -2938
f -2938 -2939 -2933
f -2938 -2933 -2934
f -2934 -2933 -2935
f -2934 -2935 -2936
f -2936 -2935 -2937
f -2936 -2937 -2931
f -2956 -2955 -2957
f -2957 -2955 -2921
f -2957 -2921 -2964
f -2964 -2921 -2963
f -2964 -2963 -2962
f -2962 -2963 -2961
f -2962 -2961 -2960
f -2960 -2961 -2959
f -2960 -2959 -2958
f -2950 -2949 -2948
f -2948 -2949 -2947
f -2948 -2947 -2946
f -2946 -2947 -2951
f -2946 -2951 -2952
f -2952 -2951 -2953
f -2952 -2953 -2954
f -2954 -2953 -2955
f -2954 -2955 -2956
f -3009 -3008 -3007
f -3007 -3008 -3006
f -3007 -3006 -3005
f -3005 -3006 -3004
f -3005 -3004 -3003
f -3003 -3004 -2998
f -3003 -2998 -2999
f -2999 -2998 -3000
f -2999 -3000 -3001
f -3001 -3000 -3002
f -3001 -3002 -2996
f -2996 -3002 -2997
f -2996 -2997 -2995
f -2989 -2984 -2983
f -2983 -2984 -2982
f -2983 -2982 -2981
f -2981 -2982 -2980
f -2981 -2980 -2979
f -2979 -2980 -2978
f -2979 -2978 -2977
f -2977 -2978 -2974
f -2977 -2974 -2975
f -2975 -2974 -2976
f -2975 -2976 -2972
f -2972 -2976 -3023
f -2972 -3023 -3021
f -3021 -3023 -3022
f -3021 -3022 -3020
f -2996 -2995 -2994
f -2994 -2995 -2993
f -2994 -2993 -2992
f -2992 -2993 -2991
f -2992 -2991 -2990
f -2990 -2991 -2985
f -2990 -2985 -2986
f -2986 -2985 -2987
f -2986 -2987 -2988
f -2988 -2987 -2989
f -2988 -2989 -2983
f -3009 -2973 -3016
f -3016 -2973 -3015
f -3016 -3015 -3014
f -3014 -3015 -3013
f -3014 -3013 -3012
f -3012 -3013 -3011
f -3012 -3011 -3010
f -3688 -3687 -3686
f -3686 -3687 -3685
f -3686 -3685 -3684
f -3684 -3685 -3683
f -3684 -3683 -3682
f -3682 -3683 -3681
f -3682 -3681 -3680
f -3680 -3681 -3679
f -3680 -3679 -3678
f -3678 -3679 -3670
f -3678 -3670 -3671
f -3671 -3670 -3672
f -3671 -3672 -3677
f -3677 -3672 -3676
f -3677 -3676 -3675
f -3675 -3676 -3674
f -3675 -3674 -3673
f -3673 -3674 -3663
f -3673 -3663 -3664
f -3664 -3663 -3665
f -4102 -4103 -4104
f -4104 -4103 -4105
f -4104 -4105 -4106
f -4106 -4105 -4107
f -4106 -4107 -4094
f -4094 -4107 -4095
f -4094 -4095 -4096
f -4096 -4095 -4097
f -4096 -4097 -4098
f -4098 -4097 -4099
f -4098 -4099 -4086
f -4086 -4099 -4087
f -4086 -4087 -4088
f -4088 -4087 -4089
f -4088 -4089 -4090
f -4090 -4089 -4091
f -4090 -4091 -4092
f -4092 -4091 -4093
f -4092 -4093 -4080
f -4080 -4093 -4081
f -4080 -4081 -4082
f -4082 -4081 -4083
f -4082 -4083 -4084
f -4084 -4083 -4085
f -4084 -4085 -4072
f -4072 -4085 -4073
f -4072 -4073 -4074
f -4074 -4073 -4075
f -4074 -4075 -4076
f -4076 -4075 -4077
f -4076 -4077 -4078
f -4078 -4077 -4079
f -4078 -4079 -4071
f -4071 -4079 -4070
f -4071 -4070 -4069
f -4069 -4070 -4068
f -4069 -4068 -4067
f -4067 -4068 -4066
f -4067 -4066 -4065
f -4065 -4066 -4064
f -4065 -4064 -4063
f -4063 -4064 -4062
f -4063 -4062 -4061
f -4061 -4062 -4060
f -4061 -4060 -4059
f -4059 -4060 -4058
f -4059 -4058 -4057
f -4057 -4058 -4007
f -4057 -4007 -4006
f -4006 -4007 -4005
f -4006 -4005 -4004
f -4004 -4005 -4003
f -4004 -4003 -4001
f -4001 -4003 -4002
f -4001 -4002 -3998
f -3998 -4002 -4000
f -3998 -4000 -3999
f -3999 -4000 -3997
f -3999 -3997 -3996
f -739 -738 -1034
f -1034 -738 -737
f -1034 -737 -736
f -742 -741 -1034
f -1034 -741 -740
f -1034 -740 -739
f -746 -745 -1033
f -1033 -745 -744
f -1033 -744 -1034
f -1034 -744 -743
f -1034 -743 -742
f -4265 -4267 -4266
f -4266 -4267 -4236
f -4266 -4236 -4237
f -4237 -4236 -4238
f -4237 -4238 -4239
f -4239 -4238 -4240
f -4239 -4240 -4235
f -4235 -4240 -4234
f -4235 -4234 -4233
f -4233 -4234 -4232
f -4233 -4232 -4231
f -4231 -4232 -4230
f -4231 -4230 -4229
f -4182 -4183 -4184
f -4184 -4183 -4185
f -4184 -4185 -4186
f -4186 -4185 -4187
f -4186 -4187 -4188
f -4188 -4187 -4189
f -4188 -4189 -4190
f -4190 -4189 -4191
f -4190 -4191 -4192
f -4192 -4191 -4193
f -4192 -4193 -4194
f -4194 -4193 -4195
f -4194 -4195 -4196
f -4196 -4195 -4197
f -4196 -4197 -4198
f -4198 -4197 -4199
f -4198 -4199 -4200
f -4200 -4199 -4201
f -4200 -4201 -4202
f -4202 -4201 -4203
f -4202 -4203 -4204
f -4204 -4203 -4205
f -4204 -4205 -4228
f -4228 -4205 -4227
f -4228 -4227 -4226
f -4226 -4227 -4225
f -4226 -4225 -4224
f -4224 -4225 -4223
f -4224 -4223 -4222
f -4222 -4223 -4221
f -4222 -4221 -4220
f -4220 -4221 -4219
f -4220 -4219 -4218
f -4218 -4219 -4217
f -4218 -4217 -4216
f -4216 -4217 -4215
f -4216 -4215 -4214
f -4214 -4215 -4213
f -4214 -4213 -4212
f -4212 -4213 -4211
f -4212 -4211 -4210
f -4210 -4211 -4209
f -4210 -4209 -4208
f -4208 -4209 -4207
f -4208 -4207 -4206
f -1347 -1346 -996
f -996 -1346 -1345
f -996 -1345 -1344
f -1349 -996 -1350
f -1350 -996 -911
f -1350 -911 -910
f -1347 -996 -1348
f -1348 -996 -1349
f -1397 -1396 -996
f -996 -1396 -1395
f -996 -1395 -1394
f -1368 -1367 -746
f -746 -1367 -1366
f -746 -1366 -1365
f -1365 -1364 -746
f -746 -1364 -1363
f -746 -1363 -1362
f -1394 -1393 -996
f -996 -1393 -1392
f -996 -1392 -1391
f -1375 -1374 -746
f -746 -1374 -1373
f -746 -1373 -1372
f -1361 -1360 -747
f -747 -1360 -1359
f -747 -1359 -1358
f -1372 -1371 -746
f -746 -1371 -1370
f -746 -1370 -1369
f -1362 -1361 -746
f -746 -1361 -747
f -1379 -1378 -1033
f -1033 -1378 -1377
f -1033 -1377 -1376
f -1376 -1375 -1033
f -1033 -1375 -746
f -1303 -925 -1385
f -1385 -925 -924
f -1385 -924 -1019
f -1382 -1381 -1033
f -1033 -1381 -1380
f -1033 -1380 -1379
f -1387 -1002 -1388
f -1388 -1002 -1001
f -1388 -1001 -1000
f -1031 -1030 -1384
f -1384 -1030 -1029
f -1384 -1029 -1028
f -1032 -1384 -1033
f -1033 -1384 -1383
f -1033 -1383 -1382
f -1014 -1013 -1385
f -1385 -1013 -1012
f -1385 -1012 -1011
f -1017 -1016 -1385
f -1385 -1016 -1015
f -1385 -1015 -1014
f -1019 -1018 -1385
f -1385 -1018 -1017
f -1391 -1390 -996
f -996 -1390 -997
f -1023 -1022 -1384
f -1384 -1022 -1021
f -1384 -1021 -1020
f -1026 -1025 -1384
f -1384 -1025 -1024
f -1384 -1024 -1023
f -1028 -1027 -1384
f -1384 -1027 -1026
f -1006 -1005 -1385
f -1385 -1005 -1004
f -1385 -1004 -1003
f -1009 -1008 -1385
f -1385 -1008 -1007
f -1385 -1007 -1006
f -1011 -1010 -1385
f -1385 -1010 -1009
f -1387 -1386 -1002
f -1002 -1386 -1385
f -1002 -1385 -1003
f -4145 -4144 -4146
f -4146 -4144 -4141
f -4146 -4141 -4140
f -1303 -1385 -1304
f -1304 -1385 -1384
f -1304 -1384 -1020
f -4128 -4131 -4129
f -4129 -4131 -4130
f -4129 -4130 -4143
f -4143 -4130 -4142
f -4143 -4142 -4144
f -1555 -1556 -1566
f -1566 -1556 -1567
f -1566 -1567 -1577
f -1577 -1567 -1578
f -1577 -1578 -1590
f -1590 -1578 -1591
f -1590 -1591 -1601
f -1601 -1591 -1602
f -1601 -1602 -1612
f -1612 -1602 -1613
f -1612 -1613 -1623
f -1623 -1613 -1624
f -1623 -1624 -1634
f -1634 -1624 -1635
f -1634 -1635 -1645
f -1645 -1635 -1646
f -1556 -1557 -1567
f -1567 -1557 -1568
f -1567 -1568 -1578
f -1578 -1568 -1579
f -1578 -1579 -1591
f -1591 -1579 -1592
f -1591 -1592 -1602
f -1602 -1592 -1603
f -1602 -1603 -1613
f -1613 -1603 -1614
f -1613 -1614 -1624
f -1624 -1614 -1625
f -1624 -1625 -1635
f -1635 -1625 -1636
f -1635 -1636 -1646
f -1646 -1636 -1647
f -1554 -1555 -1565
f -1565 -1555 -1566
f -1565 -1566 -1576
f -1576 -1566 -1577
f -1576 -1577 -1589
f -1589 -1577 -1590
f -1589 -1590 -1600
f -1600 -1590 -1601
f -1600 -1601 -1611
f -1611 -1601 -1612
f -1611 -1612 -1622
f -1622 -1612 -1623
f -1622 -1623 -1633
f -1633 -1623 -1634
f -1633 -1634 -1644
f -1644 -1634 -1645
f -1553 -1554 -1564
f -1564 -1554 -1565
f -1564 -1565 -1575
f -1575 -1565 -1576
f -1575 -1576 -1588
f -1588 -1576 -1589
f -1588 -1589 -1599
f -1599 -1589 -1600
f -1599 -1600 -1610
f -1610 -1600 -1611
f -1610 -1611 -1621
f -1621 -1611 -1622
f -1621 -1622 -1632
f -1632 -1622 -1633
f -1632 -1633 -1643
f -1643 -1633 -1644
f -1552 -1553 -1563
f -1563 -1553 -1564
f -1563 -1564 -1574
f -1574 -1564 -1575
f -1574 -1575 -1587
f -1587 -1575 -1588
f -1587 -1588 -1598
f -1598 -1588 -1599
f -1598 -1599 -1609
f -1609 -1599 -1610
f -1609 -1610 -1620
f -1620 -1610 -1621
f -1620 -1621 -1631
f -1631 -1621 -1632
f -1631 -1632 -1642
f -1642 -1632 -1643
f -1551 -1552 -1562
f -1562 -1552 -1563
f -1562 -1563 -1573
f -1573 -1563 -1574
f -1573 -1574 -1586
f -1586 -1574 -1587
f -1586 -1587 -1597
f -1597 -1587 -1598
f -1597 -1598 -1608
f -1608 -1598 -1609
f -1608 -1609 -1619
f -1619 -1609 -1620
f -1619 -1620 -1630
f -1630 -1620 -1631
f -1630 -1631 -1641
f -1641 -1631 -1642
f -1593 -1429 -1603
f -1603 -1429 -1604
f -1603 -1604 -1614
f -1614 -1604 -1615
f -1614 -1615 -1625
f -1625 -1615 -1626
f -1625 -1626 -1636
f -1636 -1626 -1434
f -1636 -1434 -1637
f -1550 -1551 -1561
f -1561 -1551 -1562
f -1561 -1562 -1572
f -1572 -1562 -1573
f -1572 -1573 -1585
f -1585 -1573 -1586
f -1585 -1586 -1596
f -1596 -1586 -1597
f -1596 -1597 -1607
f -1607 -1597 -1608
f -1607 -1608 -1618
f -1618 -1608 -1619
f -1618 -1619 -1629
f -1629 -1619 -1630
f -1629 -1630 -1640
f -1640 -1630 -1641
f -1549 -1550 -1560
f -1560 -1550 -1561
f -1560 -1561 -1571
f -1571 -1561 -1572
f -1571 -1572 -1584
f -1584 -1572 -1585
f -1584 -1585 -1595
f -1595 -1585 -1596
f -1595 -1596 -1606
f -1606 -1596 -1607
f -1606 -1607 -1617
f -1617 -1607 -1618
f -1617 -1618 -1628
f -1628 -1618 -1629
f -1628 -1629 -1639
f -1639 -1629 -1640
f -4887 -4892 -4890
f -4890 -4892 -4891
f -4890 -4891 -4889
f -1548 -1549 -1559
f -1559 -1549 -1560
f -1559 -1560 -1570
f -1570 -1560 -1571
f -1570 -1571 -1583
f -1583 -1571 -1584
f -1583 -1584 -1594
f -1594 -1584 -1595
f -1594 -1595 -1605
f -1605 -1595 -1606
f -1605 -1606 -1616
f -1616 -1606 -1617
f -1616 -1617 -1627
f -1627 -1617 -1628
f -1627 -1628 -1638
f -1638 -1628 -1639
f -4865 -4868 -4866
f -4866 -4868 -4867
f -4866 -4867 -4863
f -4863 -4867 -4864
f -4863 -4864 -4862
f -4862 -4864 -4903
f -4862 -4903 -4901
f -4901 -4903 -4902
f -4901 -4902 -4900
f -1433 -1432 -1616
f -1616 -1432 -1431
f -1616 -1431 -1605
f -1605 -1431 -1430
f -1605 -1430 -1594
f -1594 -1430 -1582
f -1594 -1582 -1583
f -1583 -1582 -1581
f -1583 -1581 -1427
f -1603 -1592 -1593
f -1593 -1592 -1580
f -1557 -1558 -1568
f -1568 -1558 -1569
f -1568 -1569 -1579
f -1579 -1569 -1428
f -1579 -1428 -1580
f -1855 -1988 -1856
f -1856 -1988 -1987
f -1856 -1987 -1986
f -83 -84 -472
f -472 -84 -85
f -472 -85 -86
f -473 -77 -472
f -472 -77 -78
f -472 -78 -79
f -86 -87 -472
f -472 -87 -88
f -472 -88 -89
f -473 -474 -77
f -77 -474 -475
f -77 -475 -476
f -79 -80 -472
f -472 -80 -81
f -472 -81 -82
f -59 -60 -212
f -212 -60 -61
f -212 -61 -62
f -67 -68 -212
f -212 -68 -69
f -212 -69 -211
f -211 -69 -70
f -211 -70 -71
f -62 -63 -212
f -212 -63 -64
f -212 -64 -65
f -65 -66 -212
f -212 -66 -67
f -887 -886 -756
f -756 -886 -885
f -756 -885 -757
f -757 -885 -758
f -761 -760 -885
f -885 -760 -759
f -885 -759 -758
f -764 -763 -885
f -885 -763 -762
f -885 -762 -761
f -892 -891 -754
f -754 -891 -890
f -754 -890 -755
f -755 -890 -889
f -755 -889 -756
f -756 -889 -888
f -756 -888 -887
f -897 -896 -753
f -753 -896 -895
f -753 -895 -894
f -900 -899 -753
f -753 -899 -898
f -753 -898 -897
f -655 -656 -71
f -71 -656 -657
f -71 -657 -211
f -211 -657 -658
f -211 -658 -659
f -630 -631 -445
f -445 -631 -632
f -445 -632 -633
f -5912 -5913 -5920
f -5920 -5913 -5921
f -5920 -5921 -5928
f -5928 -5921 -5929
f -5928 -5929 -5936
f -5936 -5929 -5937
f -5936 -5937 -5944
f -5944 -5937 -5945
f -5944 -5945 -5952
f -5952 -5945 -5953
f -5952 -5953 -5960
f -5960 -5953 -5961
f -5960 -5961 -5968
f -5968 -5961 -5969
f -5968 -5969 -5976
f -5976 -5969 -5977
f -5976 -5977 -5984
f -5984 -5977 -5985
f -5984 -5985 -5992
f -5992 -5985 -5993
f -5992 -5993 -6000
f -6000 -5993 -6001
f -6000 -6001 -6008
f -6008 -6001 -6009
f -6008 -6009 -6018
f -6018 -6009 -6019
f -6018 -6019 -6026
f -6026 -6019 -6027
f -6026 -6027 -6034
f -6034 -6027 -6035
f -6034 -6035 -6042
f -6042 -6035 -6043
f -6042 -6043 -6050
f -6050 -6043 -6051
f -6050 -6051 -6058
f -6058 -6051 -6059
f -6058 -6059 -6066
f -6066 -6059 -6067
f -6066 -6067 -6074
f -6074 -6067 -6075
f -6074 -6075 -6082
f -6082 -6075 -6083
f -6082 -6083 -6090
f -6090 -6083 -6091
f -5911 -5912 -5919
f -5919 -5912 -5920
f -5919 -5920 -5927
f -5927 -5920 -5928
f -5927 -5928 -5935
f -5935 -5928 -5936
f -5935 -5936 -5943
f -5943 -5936 -5944
f -5943 -5944 -5951
f -5951 -5944 -5952
f -5951 -5952 -5959
f -5959 -5952 -5960
f -5959 -5960 -5967
f -5967 -5960 -5968
f -5967 -5968 -5975
f -5975 -5968 -5976
f -5975 -5976 -5983
f -5983 -5976 -5984
f -5983 -5984 -5991
f -5991 -5984 -5992
f -5991 -5992 -5999
f -5999 -5992 -6000
f -5999 -6000 -6007
f -6007 -6000 -6008
f -6007 -6008 -6017
f -6017 -6008 -6018
f -6017 -6018 -6025
f -6025 -6018 -6026
f -6025 -6026 -6033
f -6033 -6026 -6034
f -6033 -6034 -6041
f -6041 -6034 -6042
f -6041 -6042 -6049
f -6049 -6042 -6050
f -6049 -6050 -6057
f -6057 -6050 -6058
f -6057 -6058 -6065
f -6065 -6058 -6066
f -6065 -6066 -6073
f -6073 -6066 -6074
f -6073 -6074 -6081
f -6081 -6074 -6082
f -6081 -6082 -6089
f -6089 -6082 -6090
f -5910 -5911 -5918
f -5918 -5911 -5919
f -5918 -5919 -5926
f -5926 -5919 -5927
f -5926 -5927 -5934
f -5934 -5927 -5935
f -5934 -5935 -5942
f -5942 -5935 -5943
f -5942 -5943 -5950
f -5950 -5943 -5951
f -5950 -5951 -5958
f -5958 -5951 -5959
f -5958 -5959 -5966
f -5966 -5959 -5967
f -5966 -5967 -5974
f -5974 -5967 -5975
f -5974 -5975 -5982
f -5982 -5975 -5983
f -5982 -5983 -5990
f -5990 -5983 -5991
f -5990 -5991 -5998
f -5998 -5991 -5999
f -5998 -5999 -6006
f -6006 -5999 -6007
f -6006 -6007 -6016
f -6016 -6007 -6017
f -6016 -6017 -6024
f -6024 -6017 -6025
f -6024 -6025 -6032
f -6032 -6025 -6033
f -6032 -6033 -6040
f -6040 -6033 -6041
f -6040 -6041 -6048
f -6048 -6041 -6049
f -6048 -6049 -6056
f -6056 -6049 -6057
f -6056 -6057 -6064
f -6064 -6057 -6065
f -6064 -6065 -6072
f -6072 -6065 -6073
f -6072 -6073 -6080
f -6080 -6073 -6081
f -6080 -6081 -6088
f -6088 -6081 -6089
f -633 -634 -445
f -445 -634 -635
f -445 -635 -636
f -659 -660 -211
f -211 -660 -661
f -211 -661 -662
f -5908 -5909 -5916
f -5916 -5909 -5917
f -5916 -5917 -5924
f -5924 -5917 -5925
f -5924 -5925 -5932
f -5932 -5925 -5933
f -5932 -5933 -5940
f -5940 -5933 -5941
f -5940 -5941 -5948
f -5948 -5941 -5949
f -5948 -5949 -5956
f -5956 -5949 -5957
f -5956 -5957 -5964
f -5964 -5957 -5965
f -5964 -5965 -5972
f -5972 -5965 -5973
f -5972 -5973 -5980
f -5980 -5973 -5981
f -5980 -5981 -5988
f -5988 -5981 -5989
f -5988 -5989 -5996
f -5996 -5989 -5997
f -5996 -5997 -6004
f -6004 -5997 -6005
f -6004 -6005 -6014
f -6014 -6005 -6015
f -6014 -6015 -6022
f -6022 -6015 -6023
f -6022 -6023 -6030
f -6030 -6023 -6031
f -6030 -6031 -6038
f -6038 -6031 -6039
f -6038 -6039 -6046
f -6046 -6039 -6047
f -6046 -6047 -6054
f -6054 -6047 -6055
f -6054 -6055 -6062
f -6062 -6055 -6063
f -6062 -6063 -6070
f -6070 -6063 -6071
f -6070 -6071 -6078
f -6078 -6071 -6079
f -6078 -6079 -6086
f -6086 -6079 -6087
f -5909 -5910 -5917
f -5917 -5910 -5918
f -5917 -5918 -5925
f -5925 -5918 -5926
f -5925 -5926 -5933
f -5933 -5926 -5934
f -5933 -5934 -5941
f -5941 -5934 -5942
f -5941 -5942 -5949
f -5949 -5942 -5950
f -5949 -5950 -5957
f -5957 -5950 -5958
f -5957 -5958 -5965
f -5965 -5958 -5966
f -5965 -5966 -5973
f -5973 -5966 -5974
f -5973 -5974 -5981
f -5981 -5974 -5982
f -5981 -5982 -5989
f -5989 -5982 -5990
f -5989 -5990 -5997
f -5997 -5990 -5998
f -5997 -5998 -6005
f -6005 -5998 -6006
f -6005 -6006 -6015
f -6015 -6006 -6016
f -6015 -6016 -6023
f -6023 -6016 -6024
f -6023 -6024 -6031
f -6031 -6024 -6032
f -6031 -6032 -6039
f -6039 -6032 -6040
f -6039 -6040 -6047
f -6047 -6040 -6048
f -6047 -6048 -6055
f -6055 -6048 -6056
f -6055 -6056 -6063
f -6063 -6056 -6064
f -6063 -6064 -6071
f -6071 -6064 -6072
f -6071 -6072 -6079
f -6079 -6072 -6080
f -6079 -6080 -6087
f -6087 -6080 -6088
f -636 -637 -445
f -445 -637 -638
f -445 -638 -639
f -5907 -5908 -5915
f -5915 -5908 -5916
f -5915 -5916 -5923
f -5923 -5916 -5924
f -5923 -5924 -5931
f -5931 -5924 -5932
f -5931 -5932 -5939
f -5939 -5932 -5940
f -5939 -5940 -5947
f -5947 -5940 -5948
f -5947 -5948 -5955
f -5955 -5948 -5956
f -5955 -5956 -5963
f -5963 -5956 -5964
f -5963 -5964 -5971
f -5971 -5964 -5972
f -5971 -5972 -5979
f -5979 -5972 -5980
f -5979 -5980 -5987
f -5987 -5980 -5988
f -5987 -5988 -5995
f -5995 -5988 -5996
f -5995 -5996 -6003
f -6003 -5996 -6004
f -6003 -6004 -6013
f -6013 -6004 -6014
f -6013 -6014 -6021
f -6021 -6014 -6022
f -6021 -6022 -6029
f -6029 -6022 -6030
f -6029 -6030 -6037
f -6037 -6030 -6038
f -6037 -6038 -6045
f -6045 -6038 -6046
f -6045 -6046 -6053
f -6053 -6046 -6054
f -6053 -6054 -6061
f -6061 -6054 -6062
f -6061 -6062 -6069
f -6069 -6062 -6070
f -6069 -6070 -6077
f -6077 -6070 -6078
f -6077 -6078 -6085
f -6085 -6078 -6086
f -202 -203 -665
f -665 -203 -204
f -665 -204 -205
f -205 -206 -665
f -665 -206 -207
f -665 -207 -208
f -208 -209 -665
f -665 -209 -210
f -665 -210 -211
f -349 -350 -665
f -665 -350 -199
f -665 -199 -200
f -200 -201 -665
f -665 -201 -202
f -662 -663 -211
f -211 -663 -664
f -211 -664 -665
f -5930 -5673 -5937
f -5937 -5673 -5938
f -5937 -5938 -5945
f -5945 -5938 -5946
f -5945 -5946 -5953
f -5953 -5946 -5954
f -5953 -5954 -5961
f -5961 -5954 -5678
f -5961 -5678 -5962
f -271 -666 -270
f -270 -666 -667
f -270 -667 -668
f -271 -272 -666
f -666 -272 -273
f -666 -273 -274
f -274 -275 -666
f -666 -275 -276
f -666 -276 -277
f -277 -278 -666
f -666 -278 -279
f -666 -279 -280
f -280 -281 -666
f -666 -281 -282
f -666 -282 -283
f -283 -284 -666
f -666 -284 -285
f -666 -285 -286
f -286 -287 -666
f -666 -287 -288
f -666 -288 -289
f -289 -290 -666
f -666 -290 -291
f -666 -291 -292
f -5961 -5962 -5969
f -5969 -5962 -5970
f -5969 -5970 -5977
f -5977 -5970 -5682
f -5977 -5682 -5978
f -668 -669 -270
f -270 -669 -670
f -270 -670 -671
f -665 -666 -349
f -349 -666 -296
f -292 -293 -666
f -666 -293 -294
f -666 -294 -295
f -5937 -5929 -5930
f -5930 -5929 -5922
f -643 -644 -71
f -71 -644 -645
f -71 -645 -646
f -643 -71 -642
f -642 -71 -72
f -642 -72 -73
f -73 -74 -642
f -642 -74 -75
f -642 -75 -76
f -76 -77 -642
f -642 -77 -641
f -671 -672 -270
f -270 -672 -673
f -270 -673 -674
f -650 -651 -71
f -71 -651 -652
f -71 -652 -653
f -653 -654 -71
f -71 -654 -655
f -646 -647 -71
f -71 -647 -648
f -71 -648 -649
f -674 -675 -270
f -270 -675 -676
f -270 -676 -629
f -5977 -5978 -5985
f -5985 -5978 -5986
f -5985 -5986 -5993
f -5993 -5986 -5994
f -5993 -5994 -6001
f -6001 -5994 -5687
f -6001 -5687 -6002
f -6001 -6002 -6009
f -6009 -6002 -6010
f -6009 -6010 -6019
f -6019 -6010 -5690
f -6019 -5690 -6020
f -5695 -5693 -6037
f -6037 -5693 -5692
f -6037 -5692 -6029
f -6029 -5692 -5691
f -6029 -5691 -6021
f -6021 -5691 -6012
f -6021 -6012 -6013
f -6013 -6012 -6011
f -6013 -6011 -5689
f -5913 -5914 -5921
f -5921 -5914 -5669
f -5921 -5669 -5922
f -682 -681 -684
f -684 -681 -683
f -684 -683 -698
f -698 -683 -697
f -698 -697 -696
f -696 -697 -702
f -696 -702 -703
f -703 -702 -704
f -703 -704 -705
f -705 -704 -706
f -705 -706 -701
f -701 -706 -700
f -701 -700 -699
f -699 -700 -714
f -699 -714 -715
f -715 -714 -716
f -715 -716 -717
f -717 -716 -718
f -717 -718 -713
f -713 -718 -712
f -713 -712 -711
f -711 -712 -710
f -711 -710 -709
f -709 -710 -708
f -709 -708 -707
f -6019 -6020 -6027
f -6027 -6020 -6028
f -6027 -6028 -6035
f -6035 -6028 -6036
f -6035 -6036 -6043
f -6043 -6036 -5694
f -6043 -5694 -6044
f -6052 -5698 -6059
f -6059 -5698 -6060
f -6059 -6060 -6067
f -6067 -6060 -6068
f -6067 -6068 -6075
f -6075 -6068 -6076
f -6075 -6076 -6083
f -6083 -6076 -5703
f -6083 -5703 -6084
f -6059 -6051 -6052
f -6052 -6051 -6044
f -482 -483 -641
f -641 -483 -484
f -641 -484 -433
f -77 -476 -641
f -641 -476 -477
f -641 -477 -478
f -478 -479 -641
f -641 -479 -480
f -641 -480 -481
f -442 -443 -641
f -641 -443 -444
f -641 -444 -445
f -639 -640 -445
f -445 -640 -641
f -434 -435 -641
f -641 -435 -436
f -641 -436 -437
f -437 -438 -641
f -641 -438 -439
f -641 -439 -440
f -440 -441 -641
f -641 -441 -442
f -2786 -2787 -2788
f -2788 -2787 -2789
f -2788 -2789 -2790
f -2790 -2789 -2791
f -2790 -2791 -2792
f -2792 -2791 -2793
f -2792 -2793 -2794
f -2794 -2793 -2795
f -2794 -2795 -2796
f -2796 -2795 -2797
f -2796 -2797 -2798
f -2798 -2797 -2799
f -2798 -2799 -2800
f -2800 -2799 -2801
f -2800 -2801 -2802
f -2802 -2801 -2803
f -2802 -2803 -2804
f -2804 -2803 -2805
f -2804 -2805 -2806
f -2806 -2805 -2807
f -2806 -2807 -2808
f -2808 -2807 -2809
f -2808 -2809 -2810
f -2810 -2809 -2811
f -2810 -2811 -2812
f -2812 -2811 -2813
f -2812 -2813 -2814
f -2814 -2813 -2815
f -2814 -2815 -2816
f -2816 -2815 -2817
f -2816 -2817 -2818
f -2818 -2817 -2819
f -2818 -2819 -2820
f -2820 -2819 -2821
f -2820 -2821 -2822
f -2822 -2821 -2823
f -2822 -2823 -2824
f -2824 -2823 -2825
f -2824 -2825 -2826
f -2826 -2825 -2827
f -2826 -2827 -2828
f -2828 -2827 -2829
f -2828 -2829 -2830
f -2830 -2829 -2831
f -2830 -2831 -2832
f -2832 -2831 -2833
f -2832 -2833 -2834
f -2834 -2833 -2835
f -2834 -2835 -2836
f -2836 -2835 -2837
f -2836 -2837 -2838
f -2838 -2837 -2839
f -2838 -2839 -2840
f -2840 -2839 -2841
f -2840 -2841 -2842
f -2842 -2841 -2843
f -2842 -2843 -2844
f -2844 -2843 -2845
f -2844 -2845 -2846
f -2846 -2845 -2847
f -2969 -2968 -2967
f -2967 -2968 -2966
f -2967 -2966 -2965
f -3017 -3019 -3018
f -3018 -3019 -3020
f -2055 -2054 -2053
f -2053 -2054 -2052
f -2053 -2052 -2051
f -2051 -2052 -2050
f -2051 -2050 -2049
f -2049 -2050 -2048
f -2049 -2048 -2047
f -2047 -2048 -2046
f -2047 -2046 -2045
f -2045 -2046 -2044
f -2045 -2044 -2043
f -2043 -2044 -2042
f -2043 -2042 -2041
f -2041 -2042 -2040
f -2041 -2040 -2039
f -2039 -2040 -2038
f -2039 -2038 -2037
f -2037 -2038 -2036
f -2037 -2036 -2035
f -3686 -3652 -3688
f -3688 -3652 -3654
f -3652 -3653 -3654
f -3654 -3653 -3656
f -4276 -4278 -4277
f -4277 -4278 -4241
f -4277 -4241 -4242
f -4242 -4241 -4243
f -4242 -4243 -4244
f -4244 -4243 -4245
f -4244 -4245 -4246
f -4246 -4245 -4247
f -4246 -4247 -4248
f -4248 -4247 -4249
f -4248 -4249 -4250
f -4250 -4249 -4251
f -4250 -4251 -4252
f -4252 -4251 -4253
f -4252 -4253 -4254
f -4254 -4253 -4255
f -4254 -4255 -4256
f -4256 -4255 -4257
f -4256 -4257 -4258
f -4258 -4257 -4259
f -4258 -4259 -4260
f -4260 -4259 -4261
f -4260 -4261 -4262
f -4262 -4261 -4263
f -4262 -4263 -4264
f -4264 -4263 -4265
f -4264 -4265 -4266
f -4276 -4275 -4274
f -4274 -4275 -4273
f -4274 -4273 -4272
f -4272 -4273 -4271
f -4272 -4271 -4270
f -4270 -4271 -4269
f -4270 -4269 -4268
f -4170 -4172 -4171
f -4171 -4172 -4173
f -1350 -909 -1351
f -1351 -909 -908
f -1351 -908 -907
f -4172 -4174 -4173
f -4173 -4174 -4175
f -4136 -4180 -4178
f -4178 -4180 -4179
f -4178 -4179 -4177
f -1355 -905 -1356
f -1356 -905 -904
f -1356 -904 -1357
f -1357 -904 -752
f -1357 -752 -751
f -1351 -907 -1352
f -1352 -907 -906
f -1352 -906 -1353
f -1353 -906 -905
f -1353 -905 -1354
f -1354 -905 -1355
f -750 -749 -1358
f -1358 -749 -748
f -1358 -748 -747
f -750 -1358 -751
f -751 -1358 -1357
f -4178 -4177 -4176
f -4176 -4177 -4175
f -4176 -4175 -4174
f -4146 -4140 -4139
f -4139 -4140 -4138
f -4139 -4138 -4137
f -4137 -4138 -4180
f -4137 -4180 -4136
f -1388 -1000 -1389
f -1389 -1000 -999
f -1389 -999 -998
f -1389 -998 -1390
f -1390 -998 -997
f -4901 -4900 -4899
f -4899 -4900 -4898
f -4899 -4898 -4897
f -4897 -4898 -4896
f -4897 -4896 -4895
f -4895 -4896 -4894
f -4895 -4894 -4893
f -4893 -4894 -4888
f -4893 -4888 -4889
f -4889 -4888 -4890
f -1636 -1637 -1647
f -1647 -1637 -1648
f -1638 -1435 -1627
f -1627 -1435 -1433
f -1627 -1433 -1616
f -1548 -1559 -1424
f -1424 -1559 -1425
f -1425 -1559 -1426
f -1426 -1559 -1570
f -1426 -1570 -1427
f -1427 -1570 -1583
f -1984 -1983 -1859
f -1859 -1983 -1982
f -1859 -1982 -1860
f -1860 -1982 -1981
f -1860 -1981 -1861
f -1861 -1981 -1980
f -1861 -1980 -1862
f -1862 -1980 -1979
f -1862 -1979 -1863
f -1863 -1979 -1978
f -1863 -1978 -1864
f -1856 -1986 -1857
f -1857 -1986 -1985
f -1857 -1985 -1858
f -1858 -1985 -1984
f -1858 -1984 -1859
f -5622 -5624 -5623
f -5623 -5624 -5583
f -5623 -5583 -5584
f -5584 -5583 -5585
f -5584 -5585 -5586
f -5586 -5585 -5587
f -5586 -5587 -5588
f -5588 -5587 -5589
f -5588 -5589 -5590
f -5590 -5589 -5591
f -5590 -5591 -5592
f -5609 -5610 -5611
f -5611 -5610 -5612
f -5611 -5612 -5613
f -5613 -5612 -5614
f -5613 -5614 -5615
f -5615 -5614 -5616
f -5615 -5616 -5617
f -5617 -5616 -5618
f -5617 -5618 -5619
f -5619 -5618 -5620
f -5619 -5620 -5621
f -5621 -5620 -5622
f -5621 -5622 -5623
f -2 -3 -4
f -4 -3 -5
f -4 -5 -6
f -6 -5 -7
f -6 -7 -8
f -8 -7 -9
f -8 -9 -10
f -10 -9 -11
f -10 -11 -12
f -12 -11 -13
f -12 -13 -14
f -14 -13 -15
f -14 -15 -16
f -16 -15 -17
f -16 -17 -18
f -18 -17 -19
f -18 -19 -20
f -20 -19 -21
f -20 -21 -22
f -22 -21 -23
f -22 -23 -24
f -24 -23 -25
f -24 -25 -26
f -894 -893 -753
f -753 -893 -892
f -753 -892 -754
f -903 -902 -753
f -753 -902 -901
f -753 -901 -900
f -752 -904 -753
f -753 -904 -903
f -630 -445 -629
f -629 -445 -270
f -5688 -5686 -5995
f -5995 -5686 -5685
f -5995 -5685 -5987
f -5987 -5685 -5684
f -5987 -5684 -5979
f -5979 -5684 -5683
f -5979 -5683 -5971
f -5971 -5683 -5681
f -5971 -5681 -5680
f -5679 -5677 -5955
f -5955 -5677 -5676
f -5955 -5676 -5947
f -5947 -5676 -5675
f -5947 -5675 -5939
f -5939 -5675 -5674
f -5939 -5674 -5931
f -5931 -5674 -5672
f -5931 -5672 -5671
f -5955 -5963 -5679
f -5679 -5963 -5680
f -5931 -5671 -5923
f -5923 -5671 -5670
f -5923 -5670 -5915
f -5915 -5670 -5906
f -5915 -5906 -5907
f -5907 -5906 -5905
f -5995 -6003 -5688
f -5688 -6003 -5689
f -6085 -5704 -6077
f -6077 -5704 -5702
f -6077 -5702 -5701
f -6037 -6045 -5695
f -5695 -6045 -5696
f -6045 -6053 -5696
f -5696 -6053 -5697
f -6053 -6061 -5697
f -5697 -6061 -5699
f -5699 -6061 -5700
f -5700 -6061 -6069
f -5700 -6069 -5701
f -5701 -6069 -6077
f -2944 -2949 -2950
f -1397 -996 -1344
f -1368 -746 -1369
f -1031 -1384 -1032
f -4131 -4128 -4133
f -4868 -4865 -4870
f -1547 -1558 -1557
f -83 -472 -82
f -764 -885 -765
f -296 -666 -295
f -650 -71 -649
f -482 -641 -481
f -434 -641 -433
f -3019 -3021 -3020
f -3007 -2973 -3009
f -2055 -2056 -2054
f -4276 -4277 -4275
f -1350 -910 -909
f -4181 -4183 -4182
f -4144 -4145 -4143
f -1638 -1436 -1435
f -1579 -1580 -1592
f -1988 -1855 -1854
f -5608 -5610 -5609
f -1 -3 -2
f -5921 -5922 -5929
f -5963 -5971 -5680
f -6003 -6013 -5689
f -6043 -6044 -6051
f -6083 -6084 -6091
f -2937 -2932 -2931
f -2931 -2932 -2930
f -2931 -2930 -2929
f -2929 -2930 -2928
f -2929 -2928 -2927
f -2927 -2928 -2926
f -2927 -2926 -2925
f -2925 -2926 -2922
f -2925 -2922 -2923
f -2923 -2922 -2924
f -2923 -2924 -2920
f -2920 -2924 -2971
f -2920 -2971 -2969
f -2969 -2971 -2970
f -2969 -2970 -2968
f -2276 -2277 -2287
f -2287 -2277 -2288
f -2287 -2288 -2298
f -2298 -2288 -2299
f -2298 -2299 -2309
f -2309 -2299 -2310
f -2309 -2310 -2320
f -2320 -2310 -2321
f -2320 -2321 -2331
f -2331 -2321 -2332
f -2331 -2332 -2342
f -2342 -2332 -2343
f -2342 -2343 -2353
f -2353 -2343 -2354
f -2353 -2354 -2364
f -2364 -2354 -2365
f -2364 -2365 -2375
f -2375 -2365 -2376
f -2375 -2376 -2388
f -2388 -2376 -2389
f -2388 -2389 -2399
f -2399 -2389 -2400
f -2399 -2400 -2410
f -2410 -2400 -2411
f -2410 -2411 -2421
f -2421 -2411 -2422
f -2421 -2422 -2432
f -2432 -2422 -2433
f -2432 -2433 -2443
f -2443 -2433 -2444
f -2443 -2444 -2454
f -2454 -2444 -2455
f -2455 -2444 -2445
f -2445 -2444 -2434
f -2272 -2273 -2283
f -2283 -2273 -2284
f -2283 -2284 -2294
f -2294 -2284 -2295
f -2294 -2295 -2305
f -2305 -2295 -2306
f -2305 -2306 -2316
f -2316 -2306 -2317
f -2316 -2317 -2327
f -2327 -2317 -2328
f -2327 -2328 -2338
f -2338 -2328 -2339
f -2338 -2339 -2349
f -2349 -2339 -2350
f -2349 -2350 -2360
f -2360 -2350 -2361
f -2360 -2361 -2371
f -2371 -2361 -2372
f -2371 -2372 -2384
f -2384 -2372 -2385
f -2384 -2385 -2395
f -2395 -2385 -2396
f -2395 -2396 -2406
f -2406 -2396 -2407
f -2406 -2407 -2417
f -2417 -2407 -2418
f -2417 -2418 -2428
f -2428 -2418 -2429
f -2428 -2429 -2439
f -2439 -2429 -2440
f -2439 -2440 -2450
f -2450 -2440 -2451
f -2271 -2272 -2282
f -2282 -2272 -2283
f -2282 -2283 -2293
f -2293 -2283 -2294
f -2293 -2294 -2304
f -2304 -2294 -2305
f -2304 -2305 -2315
f -2315 -2305 -2316
f -2315 -2316 -2326
f -2326 -2316 -2327
f -2326 -2327 -2337
f -2337 -2327 -2338
f -2337 -2338 -2348
f -2348 -2338 -2349
f -2348 -2349 -2359
f -2359 -2349 -2360
f -2359 -2360 -2370
f -2370 -2360 -2371
f -2370 -2371 -2383
f -2383 -2371 -2384
f -2383 -2384 -2394
f -2394 -2384 -2395
f -2394 -2395 -2405
f -2405 -2395 -2406
f -2405 -2406 -2416
f -2416 -2406 -2417
f -2416 -2417 -2427
f -2427 -2417 -2428
f -2427 -2428 -2438
f -2438 -2428 -2439
f -2438 -2439 -2449
f -2449 -2439 -2450
f -2274 -2275 -2285
f -2285 -2275 -2286
f -2285 -2286 -2296
f -2296 -2286 -2297
f -2296 -2297 -2307
f -2307 -2297 -2308
f -2307 -2308 -2318
f -2318 -2308 -2319
f -2318 -2319 -2329
f -2329 -2319 -2330
f -2329 -2330 -2340
f -2340 -2330 -2341
f -2340 -2341 -2351
f -2351 -2341 -2352
f -2351 -2352 -2362
f -2362 -2352 -2363
f -2362 -2363 -2373
f -2373 -2363 -2374
f -2373 -2374 -2386
f -2386 -2374 -2387
f -2386 -2387 -2397
f -2397 -2387 -2398
f -2397 -2398 -2408
f -2408 -2398 -2409
f -2408 -2409 -2419
f -2419 -2409 -2420
f -2419 -2420 -2430
f -2430 -2420 -2431
f -2430 -2431 -2441
f -2441 -2431 -2442
f -2441 -2442 -2452
f -2452 -2442 -2453
f -2273 -2274 -2284
f -2284 -2274 -2285
f -2284 -2285 -2295
f -2295 -2285 -2296
f -2295 -2296 -2306
f -2306 -2296 -2307
f -2306 -2307 -2317
f -2317 -2307 -2318
f -2317 -2318 -2328
f -2328 -2318 -2329
f -2328 -2329 -2339
f -2339 -2329 -2340
f -2339 -2340 -2350
f -2350 -2340 -2351
f -2350 -2351 -2361
f -2361 -2351 -2362
f -2361 -2362 -2372
f -2372 -2362 -2373
f -2372 -2373 -2385
f -2385 -2373 -2386
f -2385 -2386 -2396
f -2396 -2386 -2397
f -2396 -2397 -2407
f -2407 -2397 -2408
f -2407 -2408 -2418
f -2418 -2408 -2419
f -2418 -2419 -2429
f -2429 -2419 -2430
f -2429 -2430 -2440
f -2440 -2430 -2441
f -2440 -2441 -2451
f -2451 -2441 -2452
f -2269 -2270 -2280
f -2280 -2270 -2281
f -2280 -2281 -2291
f -2291 -2281 -2292
f -2291 -2292 -2302
f -2302 -2292 -2303
f -2302 -2303 -2313
f -2313 -2303 -2314
f -2313 -2314 -2324
f -2324 -2314 -2325
f -2324 -2325 -2335
f -2335 -2325 -2336
f -2335 -2336 -2346
f -2346 -2336 -2347
f -2346 -2347 -2357
f -2357 -2347 -2358
f -2357 -2358 -2368
f -2368 -2358 -2369
f -2368 -2369 -2381
f -2381 -2369 -2382
f -2381 -2382 -2392
f -2392 -2382 -2393
f -2392 -2393 -2403
f -2403 -2393 -2404
f -2403 -2404 -2414
f -2414 -2404 -2415
f -2414 -2415 -2425
f -2425 -2415 -2426
f -2425 -2426 -2436
f -2436 -2426 -2437
f -2436 -2437 -2447
f -2447 -2437 -2448
f -2270 -2271 -2281
f -2281 -2271 -2282
f -2281 -2282 -2292
f -2292 -2282 -2293
f -2292 -2293 -2303
f -2303 -2293 -2304
f -2303 -2304 -2314
f -2314 -2304 -2315
f -2314 -2315 -2325
f -2325 -2315 -2326
f -2325 -2326 -2336
f -2336 -2326 -2337
f -2336 -2337 -2347
f -2347 -2337 -2348
f -2347 -2348 -2358
f -2358 -2348 -2359
f -2358 -2359 -2369
f -2369 -2359 -2370
f -2369 -2370 -2382
f -2382 -2370 -2383
f -2382 -2383 -2393
f -2393 -2383 -2394
f -2393 -2394 -2404
f -2404 -2394 -2405
f -2404 -2405 -2415
f -2415 -2405 -2416
f -2415 -2416 -2426
f -2426 -2416 -2427
f -2426 -2427 -2437
f -2437 -2427 -2438
f -2437 -2438 -2448
f -2448 -2438 -2449
f -2625 -2269 -2279
f -2279 -2269 -2280
f -2279 -2280 -2290
f -2290 -2280 -2291
f -2290 -2291 -2301
f -2301 -2291 -2302
f -2301 -2302 -2312
f -2312 -2302 -2313
f -2312 -2313 -2323
f -2323 -2313 -2324
f -2323 -2324 -2334
f -2334 -2324 -2335
f -2334 -2335 -2345
f -2345 -2335 -2346
f -2345 -2346 -2356
f -2356 -2346 -2357
f -2356 -2357 -2367
f -2367 -2357 -2368
f -2367 -2368 -2380
f -2380 -2368 -2381
f -2380 -2381 -2391
f -2391 -2381 -2392
f -2391 -2392 -2402
f -2402 -2392 -2403
f -2402 -2403 -2413
f -2413 -2403 -2414
f -2413 -2414 -2424
f -2424 -2414 -2425
f -2424 -2425 -2435
f -2435 -2425 -2436
f -2435 -2436 -2446
f -2446 -2436 -2447
f -2390 -2226 -2400
f -2400 -2226 -2401
f -2400 -2401 -2411
f -2411 -2401 -2412
f -2411 -2412 -2422
f -2422 -2412 -2423
f -2422 -2423 -2433
f -2433 -2423 -2231
f -2433 -2231 -2434
f -2333 -2219 -2343
f -2343 -2219 -2344
f -2343 -2344 -2354
f -2354 -2344 -2355
f -2354 -2355 -2365
f -2365 -2355 -2366
f -2365 -2366 -2376
f -2376 -2366 -2225
f -2376 -2225 -2377
f -2343 -2332 -2333
f -2333 -2332 -2322
f -2278 -2211 -2288
f -2288 -2211 -2289
f -2288 -2289 -2299
f -2299 -2289 -2300
f -2299 -2300 -2310
f -2310 -2300 -2311
f -2310 -2311 -2321
f -2321 -2311 -2216
f -2321 -2216 -2322
f -2230 -2229 -2413
f -2413 -2229 -2228
f -2413 -2228 -2402
f -2402 -2228 -2227
f -2402 -2227 -2391
f -2391 -2227 -2379
f -2391 -2379 -2380
f -2380 -2379 -2378
f -2380 -2378 -2224
f -2400 -2389 -2390
f -2390 -2389 -2377
f -2288 -2277 -2278
f -2278 -2277 -2208
f -3836 -3835 -3837
f -3837 -3835 -3757
f -3837 -3757 -3756
f -3783 -3782 -3781
f -3781 -3782 -3780
f -3781 -3780 -3779
f -3779 -3780 -3778
f -3779 -3778 -3777
f -3777 -3778 -3776
f -3777 -3776 -3775
f -3775 -3776 -3774
f -3775 -3774 -3773
f -3773 -3774 -3765
f -3773 -3765 -3766
f -3766 -3765 -3767
f -3766 -3767 -3772
f -3772 -3767 -3771
f -3772 -3771 -3770
f -3770 -3771 -3769
f -3770 -3769 -3768
f -3768 -3769 -3758
f -3768 -3758 -3759
f -3759 -3758 -3760
f -3759 -3760 -3761
f -3761 -3760 -3762
f -3761 -3762 -3763
f -3763 -3762 -3764
f -3763 -3764 -3744
f -3744 -3764 -3746
f -3744 -3746 -3745
f -3745 -3746 -3743
f -3745 -3743 -3756
f -3756 -3743 -3755
f -3756 -3755 -3837
f -3847 -3851 -3852
f -3852 -3851 -3854
f -3852 -3854 -3855
f -3855 -3854 -3853
f -3855 -3853 -3857
f -3857 -3853 -3856
f -3857 -3856 -3858
f -3858 -3856 -3859
f -3858 -3859 -3860
f -3860 -3859 -3861
f -3860 -3861 -3862
f -3862 -3861 -3912
f -3862 -3912 -3913
f -3913 -3912 -3914
f -3913 -3914 -3915
f -3915 -3914 -3916
f -3915 -3916 -3917
f -3917 -3916 -3918
f -3917 -3918 -3919
f -3919 -3918 -3920
f -3919 -3920 -3921
f -3921 -3920 -3922
f -3921 -3922 -3923
f -3164 -3163 -3165
f -3165 -3163 -3129
f -3165 -3129 -3172
f -3172 -3129 -3171
f -3172 -3171 -3170
f -3170 -3171 -3169
f -3170 -3169 -3168
f -3168 -3169 -3167
f -3168 -3167 -3166
f -3230 -3229 -3231
f -3231 -3229 -3180
f -3231 -3180 -3184
f -3184 -3180 -3183
f -3184 -3183 -3182
f -3182 -3183 -3185
f -3182 -3185 -3186
f -3186 -3185 -3187
f -3186 -3187 -3188
f -3188 -3187 -3189
f -3188 -3189 -3190
f -3452 -3451 -3457
f -3457 -3451 -3456
f -3457 -3456 -3455
f -3455 -3456 -3454
f -3455 -3454 -3453
f -3453 -3454 -3458
f -3453 -3458 -3459
f -3459 -3458 -3460
f -3459 -3460 -3461
f -3529 -3528 -3527
f -3527 -3528 -3526
f -3527 -3526 -3525
f -3525 -3526 -3524
f -3525 -3524 -3523
f -3523 -3524 -3518
f -3523 -3518 -3519
f -3519 -3518 -3520
f -3519 -3520 -3521
f -3521 -3520 -3522
f -3521 -3522 -3516
f -3516 -3522 -3517
f -3516 -3517 -3515
f -3529 -3493 -3536
f -3536 -3493 -3535
f -3536 -3535 -3534
f -3534 -3535 -3533
f -3534 -3533 -3532
f -3532 -3533 -3531
f -3532 -3531 -3530
f -3490 -3489 -3491
f -3491 -3489 -3440
f -3491 -3440 -3444
f -3444 -3440 -3443
f -3444 -3443 -3442
f -3442 -3443 -3445
f -3442 -3445 -3446
f -3446 -3445 -3447
f -3446 -3447 -3448
f -3448 -3447 -3449
f -3448 -3449 -3450
f -3450 -3449 -3451
f -3450 -3451 -3452
f -949 -1256 -950
f -950 -1256 -1255
f -950 -1255 -951
f -951 -1255 -1254
f -951 -1254 -952
f -952 -1254 -1253
f -952 -1253 -953
f -1088 -1087 -948
f -948 -1087 -1256
f -948 -1256 -949
f -4559 -4561 -4560
f -4560 -4561 -4530
f -4560 -4530 -4531
f -4531 -4530 -4532
f -4531 -4532 -4533
f -4533 -4532 -4534
f -4533 -4534 -4529
f -4529 -4534 -4528
f -4529 -4528 -4527
f -4527 -4528 -4526
f -4527 -4526 -4525
f -4525 -4526 -4524
f -4525 -4524 -4523
f -1266 -1265 -1087
f -1087 -1265 -1264
f -1087 -1264 -1263
f -1270 -1269 -1087
f -1087 -1269 -1268
f -1087 -1268 -1267
f -1086 -1085 -1270
f -1270 -1085 -1084
f -1270 -1084 -1083
f -1259 -1258 -1087
f -1087 -1258 -1257
f -1087 -1257 -1256
f -1263 -1262 -1087
f -1087 -1262 -1261
f -1087 -1261 -1260
f -4498 -4499 -4522
f -4522 -4499 -4521
f -4522 -4521 -4520
f -4520 -4521 -4519
f -4520 -4519 -4518
f -4518 -4519 -4517
f -4518 -4517 -4516
f -4516 -4517 -4515
f -4516 -4515 -4514
f -4514 -4515 -4513
f -4514 -4513 -4512
f -4512 -4513 -4511
f -4512 -4511 -4510
f -4510 -4511 -4509
f -4510 -4509 -4508
f -4508 -4509 -4507
f -4508 -4507 -4506
f -4506 -4507 -4505
f -4506 -4505 -4504
f -4504 -4505 -4503
f -4504 -4503 -4502
f -4502 -4503 -4501
f -4502 -4501 -4500
f -837 -836 -1114
f -1114 -836 -1115
f -1117 -1116 -828
f -828 -1116 -1115
f -828 -1115 -836
f -1120 -1119 -827
f -827 -1119 -1118
f -827 -1118 -828
f -828 -1118 -1117
f -1899 -1898 -1900
f -1900 -1898 -1943
f -1900 -1943 -1901
f -1901 -1943 -1942
f -1901 -1942 -1941
f -4798 -4797 -4799
f -4799 -4797 -4794
f -4799 -4794 -4793
f -4799 -4793 -4792
f -4792 -4793 -4791
f -4792 -4791 -4790
f -4790 -4791 -4789
f -4790 -4789 -4788
f -4788 -4789 -4787
f -4788 -4787 -4786
f -4786 -4787 -4782
f -4786 -4782 -4783
f -4783 -4782 -4784
f -4783 -4784 -4785
f -4785 -4784 -4857
f -4785 -4857 -4858
f -4858 -4857 -4859
f -4858 -4859 -4860
f -4860 -4859 -4861
f -4860 -4861 -4856
f -4856 -4861 -4855
f -4856 -4855 -4854
f -4776 -4777 -4772
f -4772 -4777 -4775
f -4772 -4775 -4773
f -4773 -4775 -4774
f -4773 -4774 -4770
f -4770 -4774 -4771
f -4770 -4771 -4769
f -4769 -4771 -4810
f -4769 -4810 -4808
f -4808 -4810 -4809
f -4808 -4809 -4807
f -5097 -5349 -5342
f -5342 -5349 -5341
f -5342 -5341 -5332
f -5101 -5365 -5358
f -5358 -5365 -5357
f -5358 -5357 -5350
f -5350 -5357 -5349
f -5350 -5349 -5097
f -5340 -5341 -5348
f -5348 -5341 -5349
f -5348 -5349 -5356
f -5356 -5349 -5357
f -5356 -5357 -5364
f -5364 -5357 -5365
f -5364 -5365 -5372
f -5372 -5365 -5373
f -5372 -5373 -5380
f -5380 -5373 -5381
f -5380 -5381 -5388
f -5388 -5381 -5389
f -5388 -5389 -5396
f -5396 -5389 -5397
f -5396 -5397 -5404
f -5404 -5397 -5405
f -5338 -5339 -5346
f -5346 -5339 -5347
f -5346 -5347 -5354
f -5354 -5347 -5355
f -5354 -5355 -5362
f -5362 -5355 -5363
f -5362 -5363 -5370
f -5370 -5363 -5371
f -5370 -5371 -5378
f -5378 -5371 -5379
f -5378 -5379 -5386
f -5386 -5379 -5387
f -5386 -5387 -5394
f -5394 -5387 -5395
f -5394 -5395 -5402
f -5402 -5395 -5403
f -5339 -5340 -5347
f -5347 -5340 -5348
f -5347 -5348 -5355
f -5355 -5348 -5356
f -5355 -5356 -5363
f -5363 -5356 -5364
f -5363 -5364 -5371
f -5371 -5364 -5372
f -5371 -5372 -5379
f -5379 -5372 -5380
f -5379 -5380 -5387
f -5387 -5380 -5388
f -5387 -5388 -5395
f -5395 -5388 -5396
f -5395 -5396 -5403
f -5403 -5396 -5404
f -5337 -5338 -5345
f -5345 -5338 -5346
f -5345 -5346 -5353
f -5353 -5346 -5354
f -5353 -5354 -5361
f -5361 -5354 -5362
f -5361 -5362 -5369
f -5369 -5362 -5370
f -5369 -5370 -5377
f -5377 -5370 -5378
f -5377 -5378 -5385
f -5385 -5378 -5386
f -5385 -5386 -5393
f -5393 -5386 -5394
f -5393 -5394 -5401
f -5401 -5394 -5402
f -5336 -5337 -5344
f -5344 -5337 -5345
f -5344 -5345 -5352
f -5352 -5345 -5353
f -5352 -5353 -5360
f -5360 -5353 -5361
f -5360 -5361 -5368
f -5368 -5361 -5369
f -5368 -5369 -5376
f -5376 -5369 -5377
f -5376 -5377 -5384
f -5384 -5377 -5385
f -5384 -5385 -5392
f -5392 -5385 -5393
f -5392 -5393 -5400
f -5400 -5393 -5401
f -5335 -5336 -5343
f -5343 -5336 -5344
f -5343 -5344 -5351
f -5351 -5344 -5352
f -5351 -5352 -5359
f -5359 -5352 -5360
f -5359 -5360 -5367
f -5367 -5360 -5368
f -5367 -5368 -5375
f -5375 -5368 -5376
f -5375 -5376 -5383
f -5383 -5376 -5384
f -5383 -5384 -5391
f -5391 -5384 -5392
f -5391 -5392 -5399
f -5399 -5392 -5400
f -5365 -5366 -5373
f -5373 -5366 -5374
f -5373 -5374 -5381
f -5381 -5374 -5382
f -5381 -5382 -5389
f -5389 -5382 -5106
f -5389 -5106 -5390
f -5389 -5390 -5397
f -5397 -5390 -5398
f -5397 -5398 -5405
f -5405 -5398 -5110
f -832 -831 -828
f -828 -831 -830
f -828 -830 -829
f -836 -835 -828
f -828 -835 -834
f -828 -834 -833
f -560 -561 -497
f -497 -561 -562
f -497 -562 -563
f -557 -558 -497
f -497 -558 -559
f -497 -559 -560
f -563 -564 -497
f -497 -564 -565
f -553 -554 -497
f -497 -554 -555
f -497 -555 -556
f -550 -551 -497
f -497 -551 -552
f -497 -552 -553
f -522 -162 -521
f -521 -162 -163
f -2678 -2679 -2680
f -2680 -2679 -2681
f -2680 -2681 -2682
f -2682 -2681 -2683
f -2682 -2683 -2684
f -2684 -2683 -2685
f -2684 -2685 -2686
f -2686 -2685 -2687
f -2686 -2687 -2688
f -2688 -2687 -2689
f -2688 -2689 -2690
f -2690 -2689 -2691
f -2690 -2691 -2692
f -2692 -2691 -2693
f -2692 -2693 -2694
f -2694 -2693 -2695
f -2694 -2695 -2696
f -2696 -2695 -2697
f -2696 -2697 -2698
f -2698 -2697 -2699
f -2698 -2699 -2700
f -2700 -2699 -2701
f -2626 -2625 -2627
f -2627 -2625 -2279
f -2627 -2279 -2210
f -2210 -2279 -2290
f -2210 -2290 -2212
f -2212 -2290 -2213
f -2446 -2233 -2435
f -2435 -2233 -2232
f -2435 -2232 -2424
f -2424 -2232 -2230
f -2424 -2230 -2413
f -2380 -2224 -2367
f -2367 -2224 -2223
f -2367 -2223 -2356
f -2356 -2223 -2222
f -2356 -2222 -2221
f -2218 -2217 -2323
f -2323 -2217 -2215
f -2323 -2215 -2312
f -2312 -2215 -2214
f -2312 -2214 -2301
f -2301 -2214 -2213
f -2301 -2213 -2290
f -2323 -2334 -2218
f -2218 -2334 -2220
f -2334 -2345 -2220
f -2220 -2345 -2221
f -2149 -2148 -2147
f -2147 -2148 -2146
f -2147 -2146 -2145
f -2145 -2146 -2144
f -2145 -2144 -2143
f -2143 -2144 -2142
f -2143 -2142 -2141
f -2141 -2142 -2140
f -2141 -2140 -2139
f -2139 -2140 -2138
f -2139 -2138 -2137
f -2137 -2138 -2136
f -2137 -2136 -2135
f -2135 -2136 -2134
f -2135 -2134 -2133
f -2133 -2134 -2132
f -2133 -2132 -2131
f -2131 -2132 -2130
f -2131 -2130 -2129
f -2129 -2130 -2128
f -2129 -2128 -2127
f -2127 -2128 -2126
f -2127 -2126 -2125
f -2125 -2126 -2124
f -2125 -2124 -2123
f -2123 -2124 -2122
f -2123 -2122 -2121
f -2121 -2122 -2120
f -2121 -2120 -2119
f -2119 -2120 -2118
f -2119 -2118 -2117
f -2117 -2118 -2116
f -2117 -2116 -2115
f -2115 -2116 -2114
f -2115 -2114 -2113
f -2113 -2114 -2112
f -2113 -2112 -2111
f -2111 -2112 -2110
f -2111 -2110 -2109
f -2109 -2110 -2108
f -2109 -2108 -2107
f -2107 -2108 -2106
f -2107 -2106 -2105
f -3781 -3747 -3783
f -3783 -3747 -3749
f -3830 -3831 -3832
f -3832 -3831 -3833
f -3832 -3833 -3834
f -3834 -3833 -3835
f -3834 -3835 -3836
f -3747 -3748 -3749
f -3749 -3748 -3751
f -3225 -3227 -3226
f -3226 -3227 -3228
f -3227 -3229 -3228
f -3228 -3229 -3230
f -3156 -3155 -3154
f -3154 -3155 -3159
f -3154 -3159 -3160
f -3160 -3159 -3161
f -3160 -3161 -3162
f -3162 -3161 -3163
f -3162 -3163 -3164
f -3510 -3512 -3511
f -3511 -3512 -3513
f -3512 -3514 -3513
f -3513 -3514 -3515
f -3489 -3488 -3487
f -3487 -3488 -3486
f -3487 -3486 -3485
f -1270 -1083 -1271
f -1271 -1083 -1082
f -1271 -1082 -1272
f -1272 -1082 -1081
f -1272 -1081 -1273
f -1273 -1081 -1080
f -4559 -4558 -4557
f -4557 -4558 -4556
f -4557 -4556 -4555
f -4555 -4556 -4554
f -4555 -4554 -4553
f -4553 -4554 -4552
f -4553 -4552 -4551
f -4551 -4552 -4550
f -4551 -4550 -4549
f -4549 -4550 -4548
f -4549 -4548 -4547
f -4391 -4390 -4389
f -4389 -4390 -4388
f -4389 -4388 -4387
f -4387 -4388 -4386
f -4387 -4386 -4385
f -4385 -4386 -4384
f -4385 -4384 -4383
f -4383 -4384 -4382
f -4383 -4382 -4381
f -4381 -4382 -4380
f -4381 -4380 -4379
f -4379 -4380 -4378
f -4379 -4378 -4377
f -4464 -4466 -4465
f -4465 -4466 -4467
f -4467 -4468 -4469
f -4469 -4468 -4470
f -4469 -4470 -4471
f -4471 -4470 -4472
f -4471 -4472 -4473
f -4473 -4472 -4474
f -4473 -4474 -4437
f -4473 -4437 -4438
f -4438 -4437 -4439
f -4438 -4439 -4440
f -4440 -4439 -4441
f -4440 -4441 -4442
f -1123 -1122 -825
f -825 -1122 -1121
f -825 -1121 -826
f -826 -1121 -1120
f -826 -1120 -827
f -4808 -4807 -4806
f -4806 -4807 -4805
f -4806 -4805 -4804
f -4804 -4805 -4803
f -4804 -4803 -4802
f -4802 -4803 -4801
f -4802 -4801 -4800
f -4800 -4801 -4795
f -4800 -4795 -4796
f -4796 -4795 -4797
f -4796 -4797 -4798
f -1944 -1943 -1897
f -1897 -1943 -1898
f -1901 -1941 -1902
f -1902 -1941 -1940
f -1902 -1940 -1903
f -1903 -1940 -1939
f -1903 -1939 -1938
f -1903 -1938 -1904
f -1904 -1938 -1937
f -1904 -1937 -1905
f -1905 -1937 -1936
f -1905 -1936 -1906
f -1906 -1936 -1935
f -1906 -1935 -1907
f -1907 -1935 -1934
f -1907 -1934 -1908
f -1908 -1934 -1933
f -1908 -1933 -1909
f -1909 -1933 -1932
f -1909 -1932 -1910
f -1910 -1932 -1931
f -1910 -1931 -1911
f -1911 -1931 -1930
f -1911 -1930 -1912
f -1912 -1930 -1929
f -1912 -1929 -1913
f -1913 -1929 -1928
f -1913 -1928 -1914
f -1914 -1928 -1927
f -1914 -1927 -1915
f -1915 -1927 -1926
f -1915 -1926 -1916
f -1916 -1926 -1925
f -1916 -1925 -1917
f -1917 -1925 -1924
f -1917 -1924 -1918
f -1918 -1924 -1923
f -1918 -1923 -1919
f -1919 -1923 -1922
f -1919 -1922 -1920
f -5333 -5335 -5334
f -5334 -5335 -5343
f -5334 -5343 -5098
f -5098 -5343 -5351
f -5098 -5351 -5099
f -5099 -5351 -5359
f -5099 -5359 -5100
f -5100 -5359 -5102
f -5359 -5367 -5102
f -5102 -5367 -5103
f -497 -498 -315
f -315 -498 -314
f -5399 -5108 -5391
f -5391 -5108 -5107
f -5391 -5107 -5383
f -5383 -5107 -5105
f -5383 -5105 -5104
f -5367 -5375 -5103
f -5103 -5375 -5104
f -1266 -1087 -1267
f -1270 -1087 -1086
f -1259 -1087 -1260
f -5365 -5101 -5366
f -832 -828 -833
f -557 -497 -556
f -2433 -2434 -2444
f -2446 -2234 -2233
f -2345 -2356 -2221
f -2321 -2322 -2332
f -2376 -2377 -2389
f -2149 -2194 -2148
f -3829 -3831 -3830
f -3748 -3750 -3751
f -3514 -3516 -3515
f -3489 -3490 -3488
f -3527 -3493 -3529
f -4497 -4499 -4498
f -4559 -4560 -4558
f -4391 -4392 -4390
f -4466 -4468 -4467
f -5375 -5383 -5104
f -5399 -5109 -5108
f -2275 -2276 -2286
f -2286 -2276 -2287
f -2286 -2287 -2297
f -2297 -2287 -2298
f -2297 -2298 -2308
f -2308 -2298 -2309
f -2308 -2309 -2319
f -2319 -2309 -2320
f -2319 -2320 -2330
f -2330 -2320 -2331
f -2330 -2331 -2341
f -2341 -2331 -2342
f -2341 -2342 -2352
f -2352 -2342 -2353
f -2352 -2353 -2363
f -2363 -2353 -2364
f -2363 -2364 -2374
f -2374 -2364 -2375
f -2374 -2375 -2387
f -2387 -2375 -2388
f -2387 -2388 -2398
f -2398 -2388 -2399
f -2398 -2399 -2409
f -2409 -2399 -2410
f -2409 -2410 -2420
f -2420 -2410 -2421
f -2420 -2421 -2431
f -2431 -2421 -2432
f -2431 -2432 -2442
f -2442 -2432 -2443
f -2442 -2443 -2453
f -2453 -2443 -2454
f -3216 -3215 -3217
f -3217 -3215 -3181
f -3217 -3181 -3224
f -3224 -3181 -3223
f -3224 -3223 -3222
f -3222 -3223 -3221
f -3222 -3221 -3220
f -3220 -3221 -3219
f -3220 -3219 -3218
f -3205 -3204 -3210
f -3210 -3204 -3209
f -3210 -3209 -3208
f -3208 -3209 -3207
f -3208 -3207 -3206
f -3206 -3207 -3211
f -3206 -3211 -3212
f -3212 -3211 -3213
f -3212 -3213 -3214
f -3214 -3213 -3215
f -3214 -3215 -3216
f -3192 -3191 -3197
f -3197 -3191 -3196
f -3197 -3196 -3195
f -3195 -3196 -3194
f -3195 -3194 -3193
f -3193 -3194 -3198
f -3193 -3198 -3199
f -3199 -3198 -3200
f -3199 -3200 -3201
f -3201 -3200 -3202
f -3201 -3202 -3203
f -3203 -3202 -3204
f -3203 -3204 -3205
f -3158 -3153 -3152
f -3152 -3153 -3151
f -3152 -3151 -3150
f -3150 -3151 -3149
f -3150 -3149 -3148
f -3148 -3149 -3147
f -3148 -3147 -3146
f -3146 -3147 -3141
f -3146 -3141 -3142
f -3142 -3141 -3143
f -3142 -3143 -3144
f -3144 -3143 -3145
f -3144 -3145 -3139
f -3139 -3145 -3140
f -3139 -3140 -3138
f -3155 -3156 -3157
f -3157 -3156 -3158
f -3157 -3158 -3152
f -3139 -3138 -3137
f -3137 -3138 -3136
f -3137 -3136 -3135
f -3135 -3136 -3134
f -3135 -3134 -3133
f -3133 -3134 -3130
f -3133 -3130 -3131
f -3131 -3130 -3132
f -3131 -3132 -3128
f -3128 -3132 -3179
f -3128 -3179 -3177
f -3177 -3179 -3178
f -3177 -3178 -3176
f -3372 -3371 -3373
f -3373 -3371 -3337
f -3373 -3337 -3380
f -3380 -3337 -3379
f -3380 -3379 -3378
f -3378 -3379 -3377
f -3378 -3377 -3376
f -3361 -3360 -3366
f -3366 -3360 -3365
f -3366 -3365 -3364
f -3364 -3365 -3363
f -3364 -3363 -3362
f -3362 -3363 -3367
f -3362 -3367 -3368
f -3368 -3367 -3369
f -3368 -3369 -3370
f -3370 -3369 -3371
f -3370 -3371 -3372
f -3348 -3347 -3353
f -3353 -3347 -3352
f -3353 -3352 -3351
f -3351 -3352 -3350
f -3351 -3350 -3349
f -3349 -3350 -3354
f -3349 -3354 -3355
f -3355 -3354 -3356
f -3355 -3356 -3357
f -3357 -3356 -3358
f -3357 -3358 -3359
f -3359 -3358 -3360
f -3359 -3360 -3361
f -3386 -3385 -3387
f -3387 -3385 -3336
f -3387 -3336 -3340
f -3340 -3336 -3339
f -3340 -3339 -3338
f -3338 -3339 -3341
f -3338 -3341 -3342
f -3342 -3341 -3343
f -3342 -3343 -3344
f -3344 -3343 -3345
f -3344 -3345 -3346
f -3346 -3345 -3347
f -3346 -3347 -3348
f -1239 -1238 -1168
f -1168 -1238 -1237
f -1168 -1237 -1236
f -821 -819 -822
f -822 -819 -1277
f -822 -1277 -823
f -823 -1277 -1276
f -823 -1276 -824
f -824 -1276 -1074
f -824 -1074 -1127
f -1280 -1279 -819
f -819 -1279 -1278
f -819 -1278 -1277
f -957 -956 -1250
f -1250 -956 -955
f -1250 -955 -954
f -960 -959 -1250
f -1250 -959 -958
f -1250 -958 -957
f -1243 -1242 -1168
f -1168 -1242 -1241
f -1168 -1241 -1240
f -963 -962 -1250
f -1250 -962 -961
f -1250 -961 -960
f -966 -965 -1250
f -1250 -965 -964
f -1250 -964 -963
f -969 -968 -1250
f -1250 -968 -967
f -1250 -967 -966
f -971 -970 -1250
f -1250 -970 -969
f -1253 -1252 -953
f -953 -1252 -1251
f -953 -1251 -1250
f -1248 -1247 -1168
f -1168 -1247 -1246
f -1168 -1246 -1245
f -1245 -1244 -1168
f -1168 -1244 -1243
f -1276 -1275 -1080
f -1080 -1275 -1274
f -1080 -1274 -1273
f -1077 -1076 -1276
f -1276 -1076 -1075
f -1276 -1075 -1074
f -1080 -1079 -1276
f -1276 -1079 -1078
f -1276 -1078 -1077
f -1159 -1158 -1249
f -1249 -1158 -1157
f -1249 -1157 -1156
f -1162 -1161 -1249
f -1249 -1161 -1160
f -1249 -1160 -1159
f -1165 -1164 -1249
f -1249 -1164 -1163
f -1249 -1163 -1162
f -1168 -1167 -1249
f -1249 -1167 -1166
f -1249 -1166 -1165
f -4392 -4393 -4394
f -4394 -4393 -4395
f -4394 -4395 -4396
f -4396 -4395 -4397
f -4396 -4397 -4398
f -4398 -4397 -4399
f -4398 -4399 -4400
f -4400 -4399 -4401
f -4400 -4401 -4424
f -4424 -4401 -4423
f -4424 -4423 -4422
f -4422 -4423 -4421
f -4422 -4421 -4420
f -4420 -4421 -4419
f -4420 -4419 -4418
f -4418 -4419 -4417
f -4418 -4417 -4416
f -4416 -4417 -4415
f -4416 -4415 -4414
f -4414 -4415 -4413
f -4414 -4413 -4412
f -4412 -4413 -4411
f -4412 -4411 -4410
f -4410 -4411 -4409
f -4410 -4409 -4408
f -4408 -4409 -4407
f -4408 -4407 -4406
f -4406 -4407 -4405
f -4406 -4405 -4404
f -4404 -4405 -4403
f -4404 -4403 -4402
f -4461 -4463 -4462
f -4462 -4463 -4432
f -4462 -4432 -4433
f -4433 -4432 -4434
f -4433 -4434 -4435
f -4435 -4434 -4436
f -4435 -4436 -4431
f -4431 -4436 -4430
f -4431 -4430 -4429
f -4429 -4430 -4428
f -4429 -4428 -4427
f -4427 -4428 -4426
f -4427 -4426 -4425
f -4282 -4283 -4284
f -4284 -4283 -4285
f -4284 -4285 -4286
f -4286 -4285 -4287
f -4286 -4287 -4288
f -4288 -4287 -4289
f -4288 -4289 -4290
f -4290 -4289 -4291
f -4290 -4291 -4292
f -4292 -4291 -4293
f -4292 -4293 -4294
f -4294 -4293 -4295
f -4294 -4295 -4296
f -4296 -4295 -4297
f -4296 -4297 -4298
f -4298 -4297 -4299
f -4298 -4299 -4300
f -4300 -4299 -4301
f -4300 -4301 -4302
f -4302 -4301 -4303
f -4302 -4303 -4326
f -4326 -4303 -4325
f -4326 -4325 -4324
f -4324 -4325 -4323
f -4324 -4323 -4322
f -4322 -4323 -4321
f -4322 -4321 -4320
f -4320 -4321 -4319
f -4320 -4319 -4318
f -4318 -4319 -4317
f -4318 -4317 -4316
f -4316 -4317 -4315
f -4316 -4315 -4314
f -4314 -4315 -4313
f -4314 -4313 -4312
f -4312 -4313 -4311
f -4312 -4311 -4310
f -4310 -4311 -4309
f -4310 -4309 -4308
f -4308 -4309 -4307
f -4308 -4307 -4306
f -1178 -1177 -803
f -803 -1177 -1176
f -803 -1176 -804
f -804 -1176 -1175
f -804 -1175 -1174
f -1236 -817 -1168
f -1168 -817 -816
f -1168 -816 -1169
f -1169 -816 -810
f -1169 -810 -805
f -805 -810 -809
f -805 -809 -808
f -1181 -1180 -802
f -802 -1180 -1179
f -802 -1179 -803
f -803 -1179 -1178
f -1173 -1172 -804
f -804 -1172 -1171
f -804 -1171 -805
f -805 -1171 -1170
f -805 -1170 -1169
f -1289 -1288 -817
f -817 -1288 -1287
f -817 -1287 -1286
f -1285 -1284 -817
f -817 -1284 -1283
f -817 -1283 -818
f -818 -1283 -1282
f -818 -1282 -1281
f -5404 -5405 -5412
f -5412 -5405 -5413
f -5412 -5413 -5420
f -5420 -5413 -5421
f -5420 -5421 -5428
f -5428 -5421 -5429
f -5428 -5429 -5436
f -5436 -5429 -5437
f -5436 -5437 -5446
f -5446 -5437 -5447
f -5446 -5447 -5454
f -5454 -5447 -5455
f -5454 -5455 -5462
f -5462 -5455 -5463
f -5462 -5463 -5470
f -5470 -5463 -5471
f -5470 -5471 -5478
f -5478 -5471 -5479
f -5478 -5479 -5486
f -5486 -5479 -5487
f -5486 -5487 -5494
f -5494 -5487 -5495
f -5494 -5495 -5502
f -5502 -5495 -5503
f -5502 -5503 -5510
f -5510 -5503 -5511
f -5510 -5511 -5518
f -5518 -5511 -5519
f -5518 -5519 -5526
f -5526 -5519 -5527
f -5526 -5527 -5534
f -5534 -5527 -5535
f -5534 -5535 -5542
f -5542 -5535 -5540
f -5399 -5400 -5407
f -5407 -5400 -5408
f -5407 -5408 -5415
f -5415 -5408 -5416
f -5415 -5416 -5423
f -5423 -5416 -5424
f -5423 -5424 -5431
f -5431 -5424 -5432
f -5431 -5432 -5441
f -5441 -5432 -5442
f -5441 -5442 -5449
f -5449 -5442 -5450
f -5449 -5450 -5457
f -5457 -5450 -5458
f -5457 -5458 -5465
f -5465 -5458 -5466
f -5465 -5466 -5473
f -5473 -5466 -5474
f -5473 -5474 -5481
f -5481 -5474 -5482
f -5481 -5482 -5489
f -5489 -5482 -5490
f -5489 -5490 -5497
f -5497 -5490 -5498
f -5497 -5498 -5505
f -5505 -5498 -5506
f -5505 -5506 -5513
f -5513 -5506 -5514
f -5513 -5514 -5521
f -5521 -5514 -5522
f -5521 -5522 -5529
f -5529 -5522 -5530
f -5529 -5530 -5552
f -5552 -5530 -5550
f -5400 -5401 -5408
f -5408 -5401 -5409
f -5408 -5409 -5416
f -5416 -5409 -5417
f -5416 -5417 -5424
f -5424 -5417 -5425
f -5424 -5425 -5432
f -5432 -5425 -5433
f -5432 -5433 -5442
f -5442 -5433 -5443
f -5442 -5443 -5450
f -5450 -5443 -5451
f -5450 -5451 -5458
f -5458 -5451 -5459
f -5458 -5459 -5466
f -5466 -5459 -5467
f -5466 -5467 -5474
f -5474 -5467 -5475
f -5474 -5475 -5482
f -5482 -5475 -5483
f -5482 -5483 -5490
f -5490 -5483 -5491
f -5490 -5491 -5498
f -5498 -5491 -5499
f -5498 -5499 -5506
f -5506 -5499 -5507
f -5506 -5507 -5514
f -5514 -5507 -5515
f -5514 -5515 -5522
f -5522 -5515 -5523
f -5522 -5523 -5530
f -5530 -5523 -5531
f -5530 -5531 -5550
f -5550 -5531 -5548
f -5401 -5402 -5409
f -5409 -5402 -5410
f -5409 -5410 -5417
f -5417 -5410 -5418
f -5417 -5418 -5425
f -5425 -5418 -5426
f -5425 -5426 -5433
f -5433 -5426 -5434
f -5433 -5434 -5443
f -5443 -5434 -5444
f -5443 -5444 -5451
f -5451 -5444 -5452
f -5451 -5452 -5459
f -5459 -5452 -5460
f -5459 -5460 -5467
f -5467 -5460 -5468
f -5467 -5468 -5475
f -5475 -5468 -5476
f -5475 -5476 -5483
f -5483 -5476 -5484
f -5483 -5484 -5491
f -5491 -5484 -5492
f -5491 -5492 -5499
f -5499 -5492 -5500
f -5499 -5500 -5507
f -5507 -5500 -5508
f -5507 -5508 -5515
f -5515 -5508 -5516
f -5515 -5516 -5523
f -5523 -5516 -5524
f -5523 -5524 -5531
f -5531 -5524 -5532
f -5531 -5532 -5548
f -5548 -5532 -5546
f -5402 -5403 -5410
f -5410 -5403 -5411
f -5410 -5411 -5418
f -5418 -5411 -5419
f -5418 -5419 -5426
f -5426 -5419 -5427
f -5426 -5427 -5434
f -5434 -5427 -5435
f -5434 -5435 -5444
f -5444 -5435 -5445
f -5444 -5445 -5452
f -5452 -5445 -5453
f -5452 -5453 -5460
f -5460 -5453 -5461
f -5460 -5461 -5468
f -5468 -5461 -5469
f -5468 -5469 -5476
f -5476 -5469 -5477
f -5476 -5477 -5484
f -5484 -5477 -5485
f -5484 -5485 -5492
f -5492 -5485 -5493
f -5492 -5493 -5500
f -5500 -5493 -5501
f -5500 -5501 -5508
f -5508 -5501 -5509
f -5508 -5509 -5516
f -5516 -5509 -5517
f -5516 -5517 -5524
f -5524 -5517 -5525
f -5524 -5525 -5532
f -5532 -5525 -5533
f -5532 -5533 -5546
f -5546 -5533 -5544
f -5403 -5404 -5411
f -5411 -5404 -5412
f -5411 -5412 -5419
f -5419 -5412 -5420
f -5419 -5420 -5427
f -5427 -5420 -5428
f -5427 -5428 -5435
f -5435 -5428 -5436
f -5435 -5436 -5445
f -5445 -5436 -5446
f -5445 -5446 -5453
f -5453 -5446 -5454
f -5453 -5454 -5461
f -5461 -5454 -5462
f -5461 -5462 -5469
f -5469 -5462 -5470
f -5469 -5470 -5477
f -5477 -5470 -5478
f -5477 -5478 -5485
f -5485 -5478 -5486
f -5485 -5486 -5493
f -5493 -5486 -5494
f -5493 -5494 -5501
f -5501 -5494 -5502
f -5501 -5502 -5509
f -5509 -5502 -5510
f -5509 -5510 -5517
f -5517 -5510 -5518
f -5517 -5518 -5525
f -5525 -5518 -5526
f -5525 -5526 -5533
f -5533 -5526 -5534
f -5533 -5534 -5544
f -5544 -5534 -5542
f -5504 -5131 -5511
f -5511 -5131 -5512
f -5511 -5512 -5519
f -5519 -5512 -5520
f -5519 -5520 -5527
f -5527 -5520 -5135
f -5527 -5135 -5528
f -5511 -5503 -5504
f -5504 -5503 -5496
f -5527 -5528 -5535
f -5535 -5528 -5536
f -5535 -5536 -5540
f -5540 -5536 -5538
f -151 -152 -150
f -150 -152 -153
f -150 -153 -154
f -154 -155 -150
f -150 -155 -156
f -150 -156 -157
f -157 -158 -150
f -150 -158 -159
f -150 -159 -160
f -138 -139 -129
f -129 -139 -140
f -129 -140 -141
f -135 -136 -129
f -129 -136 -137
f -129 -137 -138
f -131 -132 -129
f -129 -132 -133
f -129 -133 -134
f -160 -161 -150
f -150 -161 -162
f -150 -162 -522
f -5422 -5115 -5429
f -5429 -5115 -5430
f -5429 -5430 -5437
f -5437 -5430 -5438
f -5437 -5438 -5447
f -5447 -5438 -5118
f -5447 -5118 -5448
f -5405 -5406 -5413
f -5413 -5406 -5414
f -5413 -5414 -5421
f -5421 -5414 -5422
f -5421 -5422 -5429
f -5464 -5122 -5471
f -5471 -5122 -5472
f -5471 -5472 -5479
f -5479 -5472 -5480
f -5479 -5480 -5487
f -5487 -5480 -5126
f -5487 -5126 -5488
f -5503 -5495 -5496
f -5496 -5495 -5488
f -5123 -5121 -5465
f -5465 -5121 -5120
f -5465 -5120 -5457
f -5457 -5120 -5119
f -5457 -5119 -5449
f -5449 -5119 -5440
f -5449 -5440 -5441
f -5441 -5440 -5439
f -5441 -5439 -5117
f -5471 -5463 -5464
f -5464 -5463 -5456
f -5463 -5455 -5456
f -5456 -5455 -5448
f -815 -814 -816
f -816 -814 -813
f -816 -813 -812
f -812 -811 -816
f -816 -811 -810
f -808 -807 -805
f -805 -807 -806
f -538 -539 -617
f -617 -539 -540
f -617 -540 -541
f -541 -542 -617
f -617 -542 -543
f -617 -543 -544
f -544 -545 -617
f -617 -545 -616
f -145 -146 -617
f -617 -146 -533
f -617 -533 -534
f -534 -535 -617
f -617 -535 -536
f -617 -536 -537
f -613 -614 -545
f -545 -614 -615
f -545 -615 -616
f -610 -611 -545
f -545 -611 -612
f -545 -612 -613
f -608 -609 -545
f -545 -609 -610
f -490 -491 -569
f -569 -491 -492
f -569 -492 -493
f -493 -494 -569
f -569 -494 -495
f -569 -495 -496
f -496 -497 -569
f -569 -497 -568
f -149 -150 -569
f -569 -150 -485
f -569 -485 -486
f -486 -487 -569
f -569 -487 -488
f -569 -488 -489
f -565 -566 -497
f -497 -566 -567
f -497 -567 -568
f -569 -570 -149
f -149 -570 -571
f -149 -571 -148
f -148 -571 -572
f -148 -572 -573
f -148 -574 -147
f -147 -574 -575
f -147 -575 -576
f -524 -525 -150
f -150 -525 -526
f -150 -526 -527
f -522 -523 -150
f -150 -523 -524
f -547 -315 -546
f -546 -315 -316
f -546 -316 -317
f -317 -318 -546
f -546 -318 -319
f -546 -319 -320
f -320 -321 -546
f -546 -321 -322
f -546 -322 -323
f -323 -324 -546
f -546 -324 -325
f -546 -325 -326
f -326 -327 -546
f -546 -327 -328
f -546 -328 -329
f -329 -330 -546
f -546 -330 -331
f -546 -331 -332
f -332 -333 -546
f -546 -333 -334
f -546 -334 -335
f -547 -548 -315
f -315 -548 -549
f -315 -549 -497
f -497 -549 -550
f -527 -528 -150
f -150 -528 -529
f -150 -529 -530
f -530 -531 -150
f -150 -531 -532
f -150 -532 -485
f -141 -142 -129
f -129 -142 -618
f -129 -618 -619
f -144 -617 -143
f -143 -617 -618
f -143 -618 -142
f -619 -620 -129
f -129 -620 -621
f -129 -621 -128
f -128 -621 -622
f -128 -622 -623
f -623 -624 -128
f -128 -624 -625
f -128 -625 -127
f -127 -625 -626
f -127 -626 -627
f -577 -578 -147
f -147 -578 -579
f -147 -579 -146
f -146 -579 -580
f -146 -580 -533
f -2679 -2678 -2677
f -2677 -2678 -2676
f -2677 -2676 -2675
f -2675 -2676 -2674
f -2675 -2674 -2673
f -2673 -2674 -2672
f -2673 -2672 -2671
f -2671 -2672 -2670
f -2671 -2670 -2669
f -2669 -2670 -2668
f -2669 -2668 -2667
f -2667 -2668 -2666
f -2667 -2666 -2665
f -2665 -2666 -2664
f -2665 -2664 -2663
f -2663 -2664 -2662
f -2663 -2662 -2661
f -2661 -2662 -2660
f -2661 -2660 -2659
f -2659 -2660 -2658
f -2659 -2658 -2657
f -2657 -2658 -2656
f -2657 -2656 -2655
f -2655 -2656 -2654
f -2655 -2654 -2653
f -2653 -2654 -2652
f -2653 -2652 -2651
f -2651 -2652 -2650
f -2651 -2650 -2649
f -2649 -2650 -2648
f -2649 -2648 -2647
f -2647 -2648 -2646
f -2647 -2646 -2645
f -2645 -2646 -2644
f -2645 -2644 -2643
f -2643 -2644 -2642
f -2643 -2642 -2641
f -2641 -2642 -2640
f -2641 -2640 -2639
f -2639 -2640 -2638
f -2639 -2638 -2637
f -2637 -2638 -2636
f -2637 -2636 -2635
f -2635 -2636 -2634
f -2635 -2634 -2633
f -2633 -2634 -2632
f -2633 -2632 -2631
f -2631 -2632 -2630
f -3177 -3176 -3175
f -3175 -3176 -3174
f -3175 -3174 -3173
f -3189 -3191 -3190
f -3190 -3191 -3192
f -3383 -3385 -3384
f -3384 -3385 -3386
f -4461 -4460 -4459
f -4459 -4460 -4458
f -4459 -4458 -4457
f -4457 -4458 -4456
f -4457 -4456 -4455
f -4455 -4456 -4454
f -4455 -4454 -4453
f -4453 -4454 -4452
f -4453 -4452 -4451
f -4451 -4452 -4450
f -4451 -4450 -4449
f -4449 -4450 -4448
f -4449 -4448 -4447
f -4447 -4448 -4446
f -4447 -4446 -4445
f -4445 -4446 -4444
f -4445 -4444 -4443
f -4443 -4444 -4442
f -4443 -4442 -4441
f -1125 -1124 -824
f -824 -1124 -1123
f -824 -1123 -825
f -1125 -824 -1126
f -1126 -824 -1127
f -1281 -1280 -818
f -818 -1280 -819
f -5137 -5136 -5529
f -5529 -5136 -5134
f -5529 -5134 -5521
f -5521 -5134 -5133
f -5521 -5133 -5513
f -5513 -5133 -5132
f -5513 -5132 -5505
f -5505 -5132 -5130
f -5505 -5130 -5129
f -5529 -5552 -5137
f -5137 -5552 -5553
f -5128 -5127 -5489
f -5489 -5127 -5125
f -5489 -5125 -5481
f -5481 -5125 -5124
f -5481 -5124 -5473
f -5473 -5124 -5123
f -5473 -5123 -5465
f -5489 -5497 -5128
f -5128 -5497 -5129
f -5109 -5399 -5111
f -5111 -5399 -5407
f -5111 -5407 -5112
f -5112 -5407 -5415
f -5112 -5415 -5113
f -5113 -5415 -5423
f -5113 -5423 -5114
f -5114 -5423 -5116
f -5423 -5431 -5116
f -5116 -5431 -5117
f -1239 -1168 -1240
f -953 -1250 -954
f -1248 -1168 -1249
f -1173 -804 -1174
f -1289 -817 -1236
f -1285 -817 -1286
f -135 -129 -134
f -131 -129 -130
f -538 -617 -537
f -490 -569 -489
f -574 -148 -573
f -336 -546 -335
f -145 -617 -144
f -628 -127 -627
f -577 -147 -576
f -4391 -4393 -4392
f -4461 -4462 -4460
f -4281 -4283 -4282
f -5497 -5505 -5129
f -5431 -5441 -5117
f -5405 -5110 -5406
f -5487 -5488 -5495
f -5447 -5448 -5455
f -820 -819 -821
f -3965 -3966 -3967
f -3967 -3966 -3968
f -3967 -3968 -3969
f -3969 -3968 -3970
f -3969 -3970 -3971
f -3971 -3970 -3972
f -3971 -3972 -3955
f -3955 -3972 -3956
f -3955 -3956 -3957
f -3957 -3956 -3958
f -3957 -3958 -3959
f -3959 -3958 -3960
f -3959 -3960 -3961
f -3961 -3960 -3962
f -3961 -3962 -3949
f -3949 -3962 -3950
f -3949 -3950 -3951
f -3951 -3950 -3952
f -3951 -3952 -3953
f -3953 -3952 -3954
f -3953 -3954 -3941
f -3941 -3954 -3942
f -3941 -3942 -3943
f -3943 -3942 -3944
f -3943 -3944 -3945
f -3945 -3944 -3946
f -3945 -3946 -3947
f -3947 -3946 -3948
f -3947 -3948 -3935
f -3935 -3948 -3936
f -3935 -3936 -3937
f -3937 -3936 -3938
f -3937 -3938 -3939
f -3939 -3938 -3940
f -3939 -3940 -3927
f -3927 -3940 -3928
f -3927 -3928 -3929
f -3929 -3928 -3930
f -3929 -3930 -3931
f -3931 -3930 -3932
f -3931 -3932 -3933
f -3933 -3932 -3934
f -3933 -3934 -3926
f -3926 -3934 -3925
f -3926 -3925 -3924
f -3924 -3925 -3923
f -3924 -3923 -3922
f -3721 -3722 -3723
f -3723 -3722 -3724
f -3723 -3724 -3725
f -3725 -3724 -3726
f -3725 -3726 -3731
f -3731 -3726 -3730
f -3731 -3730 -3729
f -3729 -3730 -3728
f -3729 -3728 -3727
f -3727 -3728 -3717
f -3727 -3717 -3718
f -3718 -3717 -3719
f -3718 -3719 -3658
f -3658 -3719 -3659
f -3658 -3659 -3657
f -3657 -3659 -3716
f -3657 -3716 -3714
f -3714 -3716 -3715
f -3714 -3715 -3713
f -3424 -3423 -3425
f -3425 -3423 -3389
f -3425 -3389 -3432
f -3432 -3389 -3431
f -3432 -3431 -3430
f -3430 -3431 -3429
f -3430 -3429 -3428
f -3428 -3429 -3427
f -3428 -3427 -3426
f -3418 -3413 -3412
f -3412 -3413 -3411
f -3412 -3411 -3410
f -3410 -3411 -3409
f -3410 -3409 -3408
f -3408 -3409 -3407
f -3408 -3407 -3406
f -3406 -3407 -3401
f -3406 -3401 -3402
f -3402 -3401 -3403
f -3402 -3403 -3404
f -3404 -3403 -3405
f -3404 -3405 -3399
f -3399 -3405 -3400
f -3399 -3400 -3398
f -3399 -3398 -3397
f -3397 -3398 -3396
f -3397 -3396 -3395
f -3395 -3396 -3394
f -3395 -3394 -3393
f -3393 -3394 -3390
f -3393 -3390 -3391
f -3391 -3390 -3392
f -3391 -3392 -3388
f -3388 -3392 -3439
f -3388 -3439 -3437
f -3437 -3439 -3438
f -3437 -3438 -3436
f -3418 -3417 -3416
f -3416 -3417 -3415
f -3416 -3415 -3414
f -3414 -3415 -3419
f -3414 -3419 -3420
f -3420 -3419 -3421
f -3420 -3421 -3422
f -3422 -3421 -3423
f -3422 -3423 -3424
f -1461 -1463 -1806
f -1806 -1463 -1462
f -1806 -1462 -1805
f -1805 -1462 -1460
f -1805 -1460 -1458
f -1465 -1464 -1824
f -1824 -1464 -1466
f -1824 -1466 -1822
f -1822 -1466 -1468
f -1822 -1468 -1820
f -1820 -1468 -1467
f -1820 -1467 -1818
f -1818 -1467 -1399
f -1818 -1399 -1816
f -1816 -1399 -1400
f -1816 -1400 -1814
f -1814 -1400 -1401
f -1814 -1401 -1812
f -1812 -1401 -1402
f -1812 -1402 -1810
f -1810 -1402 -1403
f -1810 -1403 -1808
f -1808 -1403 -1461
f -1808 -1461 -1806
f -4363 -4365 -4364
f -4364 -4365 -4334
f -4364 -4334 -4335
f -4335 -4334 -4336
f -4335 -4336 -4337
f -4337 -4336 -4338
f -4337 -4338 -4333
f -4333 -4338 -4332
f -4333 -4332 -4331
f -4331 -4332 -4330
f -4331 -4330 -4329
f -4329 -4330 -4328
f -4329 -4328 -4327
f -1135 -1134 -799
f -799 -1134 -1133
f -799 -1133 -800
f -800 -1133 -1132
f -800 -1132 -1131
f -800 -1131 -801
f -801 -1131 -1130
f -801 -1130 -1129
f -1129 -1128 -801
f -801 -1128 -1181
f -801 -1181 -802
f -797 -1140 -798
f -798 -1140 -1139
f -798 -1139 -799
f -799 -1139 -1138
f -799 -1138 -1137
f -1137 -1136 -799
f -799 -1136 -1135
f -4009 -4010 -4011
f -4011 -4010 -4012
f -4011 -4012 -4127
f -4127 -4012 -4126
f -4127 -4126 -4125
f -4125 -4126 -4124
f -4125 -4124 -4123
f -4123 -4124 -4122
f -4123 -4122 -4121
f -4121 -4122 -4120
f -4121 -4120 -4119
f -4119 -4120 -4118
f -4924 -4926 -4925
f -4925 -4926 -4921
f -4936 -4937 -4938
f -4938 -4937 -4939
f -4938 -4939 -4944
f -4944 -4939 -4943
f -4944 -4943 -4942
f -4942 -4943 -4941
f -4942 -4941 -4940
f -4940 -4941 -4927
f -4940 -4927 -4928
f -4928 -4927 -4929
f -4928 -4929 -4934
f -4934 -4929 -4933
f -4934 -4933 -4932
f -4932 -4933 -4931
f -4932 -4931 -4930
f -4930 -4931 -4919
f -4930 -4919 -4920
f -4920 -4919 -4921
f -4920 -4921 -4926
f -1454 -1770 -1760
f -1760 -1770 -1759
f -1760 -1759 -1749
f -1749 -1759 -1748
f -1749 -1748 -1450
f -1740 -1741 -1751
f -1751 -1741 -1752
f -1751 -1752 -1762
f -1762 -1752 -1763
f -1762 -1763 -1773
f -1773 -1763 -1774
f -1773 -1774 -1784
f -1784 -1774 -1785
f -1784 -1785 -1795
f -1795 -1785 -1796
f -1795 -1796 -1807
f -1807 -1796 -1809
f -1807 -1809 -1808
f -1808 -1809 -1810
f -1739 -1740 -1750
f -1750 -1740 -1751
f -1750 -1751 -1761
f -1761 -1751 -1762
f -1761 -1762 -1772
f -1772 -1762 -1773
f -1772 -1773 -1783
f -1783 -1773 -1784
f -1783 -1784 -1794
f -1794 -1784 -1795
f -1794 -1795 -1805
f -1805 -1795 -1807
f -1805 -1807 -1806
f -1806 -1807 -1808
f -1742 -1743 -1753
f -1753 -1743 -1754
f -1753 -1754 -1764
f -1764 -1754 -1765
f -1764 -1765 -1775
f -1775 -1765 -1776
f -1775 -1776 -1786
f -1786 -1776 -1787
f -1786 -1787 -1797
f -1797 -1787 -1798
f -1797 -1798 -1811
f -1811 -1798 -1813
f -1811 -1813 -1812
f -1812 -1813 -1814
f -1741 -1742 -1752
f -1752 -1742 -1753
f -1752 -1753 -1763
f -1763 -1753 -1764
f -1763 -1764 -1774
f -1774 -1764 -1775
f -1774 -1775 -1785
f -1785 -1775 -1786
f -1785 -1786 -1796
f -1796 -1786 -1797
f -1796 -1797 -1809
f -1809 -1797 -1811
f -1809 -1811 -1810
f -1810 -1811 -1812
f -1743 -1744 -1754
f -1754 -1744 -1755
f -1754 -1755 -1765
f -1765 -1755 -1766
f -1765 -1766 -1776
f -1776 -1766 -1777
f -1776 -1777 -1787
f -1787 -1777 -1788
f -1787 -1788 -1798
f -1798 -1788 -1799
f -1798 -1799 -1813
f -1813 -1799 -1815
f -1813 -1815 -1814
f -1814 -1815 -1816
f -1744 -1745 -1755
f -1755 -1745 -1756
f -1755 -1756 -1766
f -1766 -1756 -1767
f -1766 -1767 -1777
f -1777 -1767 -1778
f -1777 -1778 -1788
f -1788 -1778 -1789
f -1788 -1789 -1799
f -1799 -1789 -1800
f -1799 -1800 -1815
f -1815 -1800 -1817
f -1815 -1817 -1816
f -1816 -1817 -1818
f -1745 -1746 -1756
f -1756 -1746 -1757
f -1756 -1757 -1767
f -1767 -1757 -1768
f -1767 -1768 -1778
f -1778 -1768 -1779
f -1778 -1779 -1789
f -1789 -1779 -1790
f -1789 -1790 -1800
f -1800 -1790 -1801
f -1800 -1801 -1817
f -1817 -1801 -1819
f -1817 -1819 -1818
f -1818 -1819 -1820
f -1746 -1747 -1757
f -1757 -1747 -1758
f -1757 -1758 -1768
f -1768 -1758 -1769
f -1768 -1769 -1779
f -1779 -1769 -1780
f -1779 -1780 -1790
f -1790 -1780 -1791
f -1790 -1791 -1801
f -1801 -1791 -1802
f -1801 -1802 -1819
f -1819 -1802 -1821
f -1819 -1821 -1820
f -1820 -1821 -1822
f -1747 -1748 -1758
f -1758 -1748 -1759
f -1758 -1759 -1769
f -1769 -1759 -1770
f -1769 -1770 -1780
f -1780 -1770 -1781
f -1780 -1781 -1791
f -1791 -1781 -1792
f -1791 -1792 -1802
f -1802 -1792 -1803
f -1802 -1803 -1821
f -1821 -1803 -1823
f -1821 -1823 -1822
f -1822 -1823 -1824
f -1770 -1771 -1781
f -1781 -1771 -1782
f -1781 -1782 -1792
f -1792 -1782 -1793
f -1792 -1793 -1803
f -1803 -1793 -1459
f -1803 -1459 -1804
f -1803 -1804 -1823
f -1823 -1804 -1825
f -1823 -1825 -1824
f -1824 -1825 -1465
f -5053 -5553 -5551
f -5551 -5553 -5552
f -5551 -5552 -5550
f -120 -121 -123
f -123 -121 -122
f -5629 -5717 -5710
f -5710 -5717 -6141
f -5710 -6141 -6142
f -6142 -6141 -6140
f -6142 -6140 -5626
f -6128 -6130 -6129
f -6129 -6130 -6131
f -6129 -6131 -5711
f -5711 -6131 -5712
f -5711 -5712 -5719
f -5719 -5712 -5720
f -5719 -5720 -5727
f -5727 -5720 -5728
f -6132 -6134 -6133
f -6133 -6134 -6135
f -6133 -6135 -5713
f -5713 -6135 -5714
f -5713 -5714 -5721
f -5721 -5714 -5722
f -5721 -5722 -5729
f -5729 -5722 -5730
f -6130 -6132 -6131
f -6131 -6132 -6133
f -6131 -6133 -5712
f -5712 -6133 -5713
f -5712 -5713 -5720
f -5720 -5713 -5721
f -5720 -5721 -5728
f -5728 -5721 -5729
f -6134 -6136 -6135
f -6135 -6136 -6137
f -6135 -6137 -5714
f -5714 -6137 -5715
f -5714 -5715 -5722
f -5722 -5715 -5723
f -5722 -5723 -5730
f -5730 -5723 -5731
f -6136 -6138 -6137
f -6137 -6138 -6139
f -6137 -6139 -5715
f -5715 -6139 -5716
f -5715 -5716 -5723
f -5723 -5716 -5724
f -5723 -5724 -5731
f -5731 -5724 -5732
f -6138 -6140 -6139
f -6139 -6140 -6141
f -6139 -6141 -5716
f -5716 -6141 -5717
f -5716 -5717 -5724
f -5724 -5717 -5725
f -5724 -5725 -5732
f -5732 -5725 -5733
f -5632 -5733 -5726
f -5726 -5733 -5725
f -5726 -5725 -5718
f -5718 -5725 -5717
f -5718 -5717 -5629
f -582 -126 -581
f -581 -126 -127
f -581 -127 -628
f -587 -588 -125
f -125 -588 -589
f -125 -589 -124
f -124 -589 -590
f -124 -590 -591
f -583 -584 -126
f -126 -584 -585
f -126 -585 -125
f -125 -585 -586
f -125 -586 -587
f -591 -592 -124
f -124 -592 -593
f -124 -593 -123
f -2919 -2918 -2917
f -2917 -2918 -2916
f -2917 -2916 -2915
f -2915 -2916 -2914
f -2915 -2914 -2913
f -2913 -2914 -2912
f -2913 -2912 -2911
f -2911 -2912 -2910
f -2911 -2910 -2909
f -2909 -2910 -2908
f -2909 -2908 -2907
f -2907 -2908 -2906
f -2628 -2629 -2630
f -2630 -2629 -2631
f -2103 -2105 -2104
f -2104 -2105 -2106
f -2082 -2081 -2080
f -2080 -2081 -2079
f -2080 -2079 -2078
f -2078 -2079 -2077
f -2078 -2077 -2076
f -2076 -2077 -2075
f -2076 -2075 -2074
f -2074 -2075 -2073
f -2074 -2073 -2072
f -2072 -2073 -2071
f -2072 -2071 -2070
f -2070 -2071 -2069
f -2070 -2069 -2068
f -2068 -2069 -2067
f -2068 -2067 -2066
f -2066 -2067 -2065
f -2066 -2065 -2064
f -2064 -2065 -2063
f -2064 -2063 -2062
f -2062 -2063 -2061
f -2062 -2061 -2060
f -2060 -2061 -2059
f -2060 -2059 -2058
f -3827 -3829 -3828
f -3828 -3829 -3830
f -3963 -3964 -3965
f -3965 -3964 -3966
f -3374 -3376 -3375
f -3375 -3376 -3377
f -3381 -3383 -3382
f -3382 -3383 -3384
f -3433 -3435 -3434
f -3434 -3435 -3436
f -4376 -4375 -4374
f -4374 -4375 -4373
f -4374 -4373 -4372
f -4372 -4373 -4371
f -4372 -4371 -4370
f -4370 -4371 -4369
f -4370 -4369 -4368
f -4368 -4369 -4367
f -4368 -4367 -4366
f -4375 -4339 -4340
f -4340 -4339 -4341
f -4340 -4341 -4342
f -4342 -4341 -4343
f -4342 -4343 -4344
f -4344 -4343 -4345
f -4344 -4345 -4346
f -4346 -4345 -4347
f -4346 -4347 -4348
f -4348 -4347 -4349
f -4348 -4349 -4350
f -4350 -4349 -4351
f -4350 -4351 -4352
f -4352 -4351 -4353
f -4352 -4353 -4354
f -4354 -4353 -4355
f -4354 -4355 -4356
f -4356 -4355 -4357
f -4356 -4357 -4358
f -4358 -4357 -4359
f -4358 -4359 -4360
f -4360 -4359 -4361
f -4360 -4361 -4362
f -4362 -4361 -4363
f -4362 -4363 -4364
f -4304 -4306 -4305
f -4305 -4306 -4307
f -4279 -4281 -4280
f -4280 -4281 -4282
f -1456 -1455 -1772
f -1772 -1455 -1453
f -1772 -1453 -1761
f -1761 -1453 -1452
f -1761 -1452 -1750
f -1750 -1452 -1451
f -1750 -1451 -1739
f -1739 -1451 -1449
f -1739 -1449 -1448
f -1772 -1783 -1456
f -1456 -1783 -1457
f -1783 -1794 -1457
f -1457 -1794 -1458
f -1920 -1921 -1831
f -1831 -1921 -2010
f -1831 -2010 -1832
f -1832 -2010 -2009
f -1832 -2009 -1833
f -1833 -2009 -2008
f -1833 -2008 -1834
f -1834 -2008 -2007
f -1834 -2007 -1835
f -1835 -2007 -2006
f -1835 -2006 -1836
f -1836 -2006 -2005
f -1836 -2005 -1837
f -1837 -2005 -2004
f -1837 -2004 -1838
f -1838 -2004 -2003
f -1838 -2003 -1839
f -1839 -2003 -2002
f -1839 -2002 -1840
f -1840 -2002 -2001
f -1840 -2001 -1841
f -1841 -2001 -2000
f -1841 -2000 -1842
f -1842 -2000 -1999
f -1842 -1999 -1843
f -4852 -4854 -4853
f -4853 -4854 -4855
f -5551 -5550 -5549
f -5549 -5550 -5548
f -5549 -5548 -5547
f -5547 -5548 -5546
f -5547 -5546 -5545
f -5545 -5546 -5544
f -5545 -5544 -5543
f -5543 -5544 -5542
f -5543 -5542 -5541
f -5541 -5542 -5540
f -5541 -5540 -5539
f -5539 -5540 -5538
f -5539 -5538 -5537
f -5727 -5631 -5719
f -5719 -5631 -5630
f -5719 -5630 -5628
f -5719 -5628 -5711
f -5711 -5628 -5627
f -5711 -5627 -6129
f -6129 -5627 -6127
f -6129 -6127 -6128
f -6128 -6127 -6126
f -3412 -3417 -3418
f -1404 -1463 -1461
f -1398 -1464 -1465
f -1770 -1454 -1771
f -583 -126 -582
f -2082 -2083 -2081
f -3720 -3722 -3721
f -3712 -3714 -3713
f -3435 -3437 -3436
f -4376 -4339 -4375
f -1141 -1140 -797
f -4935 -4937 -4936
f -1794 -1805 -1458
f -1920 -1922 -1921
f -5727 -5633 -5631
f -971 -1250 -972
f -1156 -1155 -1249
f -795 -797 -796
f -247 -546 -336
f -2202 -2208 -2209
f -2209 -2208 -2277
f -2209 -2277 -2267
f -2267 -2277 -2276
f -2267 -2276 -2268
f -2268 -2276 -2275
f -2268 -2275 -2266
f -2266 -2275 -2274
f -2266 -2274 -2203
f -2203 -2274 -2273
f -2203 -2273 -2204
f -2204 -2273 -2272
f -2204 -2272 -2205
f -2205 -2272 -2271
f -2205 -2271 -2206
f -2206 -2271 -2270
f -2206 -2270 -2207
f -2207 -2270 -2269
f -2207 -2269 -2623
f -2623 -2269 -2625
f -2623 -2625 -2624
f -2624 -2625 -2626
f -3656 -3655 -3697
f -3697 -3655 -3696
f -3697 -3696 -3695
f -3695 -3696 -3694
f -3695 -3694 -3693
f -3693 -3694 -3692
f -3693 -3692 -3691
f -3691 -3692 -3690
f -3691 -3690 -3689
f -3689 -3690 -3701
f -3689 -3701 -3702
f -3702 -3701 -3703
f -3702 -3703 -3704
f -3704 -3703 -3705
f -3704 -3705 -3700
f -3700 -3705 -3699
f -3700 -3699 -3698
f -3698 -3699 -3706
f -3698 -3706 -3707
f -3707 -3706 -3708
f -3707 -3708 -3709
f -3709 -3708 -3710
f -3709 -3710 -3711
f -3711 -3710 -3712
f -3711 -3712 -3713
f -4049 -4047 -4048
f -4048 -4047 -4046
f -4048 -4046 -3983
f -3983 -4046 -3986
f -3983 -3986 -3987
f -3987 -3986 -3985
f -3987 -3985 -3984
f -3984 -3985 -3988
f -3984 -3988 -3989
f -3989 -3988 -3990
f -3989 -3990 -3991
f -3991 -3990 -3994
f -3991 -3994 -3995
f -3995 -3994 -3993
f -3995 -3993 -3992
f -3992 -3993 -3996
f -3992 -3996 -3997
f -4009 -4008 -4013
f -4013 -4008 -4015
f -4013 -4015 -4014
f -4014 -4015 -4016
f -4016 -4017 -4026
f -4026 -4017 -4025
f -4026 -4025 -4024
f -4024 -4025 -4023
f -4024 -4023 -4022
f -4022 -4023 -4021
f -4022 -4021 -4020
f -4020 -4021 -4019
f -4020 -4019 -4027
f -4027 -4019 -4018
f -4027 -4018 -4029
f -4033 -4032 -4041
f -4041 -4032 -4043
f -4041 -4043 -4042
f -4042 -4043 -4044
f -4028 -4029 -4030
f -4030 -4029 -4031
f -4030 -4031 -4040
f -4040 -4031 -4039
f -4040 -4039 -4038
f -4038 -4039 -4037
f -4038 -4037 -4036
f -4036 -4037 -4035
f -4036 -4035 -4034
f -4034 -4035 -4033
f -4034 -4033 -4041
f -4044 -4045 -4056
f -4056 -4045 -4055
f -4056 -4055 -4054
f -4054 -4055 -4053
f -4054 -4053 -4052
f -4052 -4053 -4051
f -4052 -4051 -4050
f -4050 -4051 -4049
f -4050 -4049 -4048
f -3268 -3267 -3269
f -3269 -3267 -3233
f -3269 -3233 -3276
f -3276 -3233 -3275
f -3276 -3275 -3274
f -3274 -3275 -3273
f -3274 -3273 -3272
f -3272 -3273 -3271
f -3272 -3271 -3270
f -3301 -3296 -3295
f -3295 -3296 -3294
f -3295 -3294 -3293
f -3293 -3294 -3292
f -3293 -3292 -3291
f -3291 -3292 -3290
f -3291 -3290 -3289
f -3289 -3290 -3286
f -3289 -3286 -3287
f -3287 -3286 -3288
f -3287 -3288 -3284
f -3284 -3288 -3335
f -3284 -3335 -3333
f -3333 -3335 -3334
f -3333 -3334 -3332
f -3314 -3309 -3308
f -3308 -3309 -3307
f -3308 -3307 -3306
f -3306 -3307 -3305
f -3306 -3305 -3304
f -3304 -3305 -3303
f -3304 -3303 -3302
f -3302 -3303 -3297
f -3302 -3297 -3298
f -3298 -3297 -3299
f -3298 -3299 -3300
f -3300 -3299 -3301
f -3300 -3301 -3295
f -3321 -3320 -3319
f -3319 -3320 -3318
f -3319 -3318 -3317
f -3317 -3318 -3316
f -3317 -3316 -3315
f -3315 -3316 -3310
f -3315 -3310 -3311
f -3311 -3310 -3312
f -3311 -3312 -3313
f -3313 -3312 -3314
f -3313 -3314 -3308
f -3262 -3257 -3256
f -3256 -3257 -3255
f -3256 -3255 -3254
f -3254 -3255 -3253
f -3254 -3253 -3252
f -3252 -3253 -3251
f -3252 -3251 -3250
f -3250 -3251 -3245
f -3250 -3245 -3246
f -3246 -3245 -3247
f -3246 -3247 -3248
f -3248 -3247 -3249
f -3248 -3249 -3243
f -3243 -3249 -3244
f -3243 -3244 -3242
f -3262 -3261 -3260
f -3260 -3261 -3259
f -3260 -3259 -3258
f -3258 -3259 -3263
f -3258 -3263 -3264
f -3264 -3263 -3265
f -3264 -3265 -3266
f -3266 -3265 -3267
f -3266 -3267 -3268
f -3243 -3242 -3241
f -3241 -3242 -3240
f -3241 -3240 -3239
f -3239 -3240 -3238
f -3239 -3238 -3237
f -3237 -3238 -3234
f -3237 -3234 -3235
f -3235 -3234 -3236
f -3235 -3236 -3232
f -3232 -3236 -3283
f -3232 -3283 -3281
f -3281 -3283 -3282
f -3281 -3282 -3280
f -3321 -3285 -3328
f -3328 -3285 -3327
f -3328 -3327 -3326
f -3326 -3327 -3325
f -3326 -3325 -3324
f -3324 -3325 -3323
f -3324 -3323 -3322
f -1184 -1183 -785
f -785 -1183 -1182
f -785 -1182 -1142
f -1142 -1182 -1235
f -1142 -1235 -1234
f -1234 -1233 -1142
f -1142 -1233 -1232
f -1142 -1232 -1231
f -1231 -1230 -1142
f -1142 -1230 -1229
f -1142 -1229 -1228
f -1228 -1227 -1142
f -1142 -1227 -1226
f -1142 -1226 -1225
f -1152 -1151 -1223
f -1223 -1151 -1150
f -1223 -1150 -1149
f -1225 -1224 -1142
f -1142 -1224 -1223
f -1142 -1223 -1143
f -1143 -1223 -1144
f -1155 -1154 -1223
f -1223 -1154 -1153
f -1223 -1153 -1152
f -1147 -1146 -1223
f -1223 -1146 -1145
f -1223 -1145 -1144
f -1149 -1148 -1223
f -1223 -1148 -1147
f -1216 -996 -1217
f -1217 -996 -995
f -1217 -995 -994
f -973 -972 -1222
f -1222 -972 -1250
f -1222 -1250 -1223
f -1223 -1250 -1249
f -1223 -1249 -1155
f -994 -993 -1217
f -1217 -993 -1218
f -976 -975 -1222
f -1222 -975 -974
f -1222 -974 -973
f -979 -978 -1222
f -1222 -978 -977
f -1222 -977 -976
f -982 -981 -1222
f -1222 -981 -980
f -1222 -980 -979
f -1216 -1215 -996
f -996 -1215 -1214
f -996 -1214 -1213
f -985 -984 -1222
f -1222 -984 -983
f -1222 -983 -982
f -988 -987 -1222
f -1222 -987 -986
f -1222 -986 -985
f -989 -1222 -990
f -990 -1222 -1221
f -990 -1221 -1220
f -1220 -1219 -990
f -990 -1219 -991
f -913 -912 -1203
f -1203 -912 -911
f -1203 -911 -996
f -1212 -1211 -996
f -996 -1211 -1210
f -996 -1210 -1209
f -872 -1196 -778
f -778 -1196 -1195
f -778 -1195 -779
f -779 -1195 -783
f -779 -783 -780
f -780 -783 -782
f -780 -782 -781
f -1209 -1208 -996
f -996 -1208 -1207
f -996 -1207 -1206
f -1199 -1198 -917
f -917 -1198 -1197
f -917 -1197 -1196
f -1206 -1205 -996
f -996 -1205 -1204
f -996 -1204 -1203
f -920 -919 -1196
f -1196 -919 -918
f -1196 -918 -917
f -923 -922 -1196
f -1196 -922 -921
f -1196 -921 -920
f -788 -787 -797
f -797 -787 -786
f -797 -786 -1141
f -1141 -786 -785
f -1141 -785 -1142
f -1194 -1193 -784
f -784 -1193 -1192
f -784 -1192 -785
f -785 -1192 -1191
f -785 -1191 -1190
f -783 -1195 -784
f -784 -1195 -1194
f -4159 -4160 -4161
f -4161 -4160 -4162
f -4161 -4162 -4163
f -4163 -4162 -4164
f -4163 -4164 -4169
f -4169 -4164 -4168
f -4169 -4168 -4167
f -4167 -4168 -4166
f -4167 -4166 -4165
f -4165 -4166 -4150
f -4165 -4150 -4151
f -4151 -4150 -4152
f -4151 -4152 -4157
f -4157 -4152 -4156
f -4157 -4156 -4155
f -4155 -4156 -4154
f -4155 -4154 -4153
f -4153 -4154 -4147
f -4153 -4147 -4148
f -4148 -4147 -4149
f -4148 -4149 -4134
f -4134 -4149 -4135
f -4134 -4135 -4132
f -4132 -4135 -4133
f -4132 -4133 -4128
f -1188 -1187 -785
f -785 -1187 -1186
f -785 -1186 -1185
f -1190 -1189 -785
f -785 -1189 -1188
f -4924 -4923 -4922
f -4922 -4923 -4911
f -4922 -4911 -4912
f -4912 -4911 -4913
f -4912 -4913 -4918
f -4918 -4913 -4917
f -4918 -4917 -4916
f -4916 -4917 -4915
f -4916 -4915 -4914
f -4914 -4915 -4904
f -4914 -4904 -4905
f -4905 -4904 -4906
f -4905 -4906 -4907
f -4907 -4906 -4908
f -4907 -4908 -4909
f -4909 -4908 -4910
f -4909 -4910 -4874
f -4874 -4910 -4873
f -4874 -4873 -4871
f -4871 -4873 -4872
f -4871 -4872 -4869
f -4869 -4872 -4870
f -4869 -4870 -4865
f -1647 -1648 -1658
f -1658 -1648 -1438
f -1658 -1438 -1659
f -1638 -1639 -1649
f -1649 -1639 -1650
f -1649 -1650 -1660
f -1660 -1650 -1661
f -1660 -1661 -1671
f -1671 -1661 -1672
f -1671 -1672 -1682
f -1682 -1672 -1683
f -1682 -1683 -1693
f -1693 -1683 -1694
f -1693 -1694 -1706
f -1706 -1694 -1707
f -1706 -1707 -1717
f -1717 -1707 -1718
f -1717 -1718 -1728
f -1728 -1718 -1729
f -1728 -1729 -1739
f -1739 -1729 -1740
f -1641 -1642 -1652
f -1652 -1642 -1653
f -1652 -1653 -1663
f -1663 -1653 -1664
f -1663 -1664 -1674
f -1674 -1664 -1675
f -1674 -1675 -1685
f -1685 -1675 -1686
f -1685 -1686 -1696
f -1696 -1686 -1697
f -1696 -1697 -1709
f -1709 -1697 -1710
f -1709 -1710 -1720
f -1720 -1710 -1721
f -1720 -1721 -1731
f -1731 -1721 -1732
f -1731 -1732 -1742
f -1742 -1732 -1743
f -1642 -1643 -1653
f -1653 -1643 -1654
f -1653 -1654 -1664
f -1664 -1654 -1665
f -1664 -1665 -1675
f -1675 -1665 -1676
f -1675 -1676 -1686
f -1686 -1676 -1687
f -1686 -1687 -1697
f -1697 -1687 -1698
f -1697 -1698 -1710
f -1710 -1698 -1711
f -1710 -1711 -1721
f -1721 -1711 -1722
f -1721 -1722 -1732
f -1732 -1722 -1733
f -1732 -1733 -1743
f -1743 -1733 -1744
f -1639 -1640 -1650
f -1650 -1640 -1651
f -1650 -1651 -1661
f -1661 -1651 -1662
f -1661 -1662 -1672
f -1672 -1662 -1673
f -1672 -1673 -1683
f -1683 -1673 -1684
f -1683 -1684 -1694
f -1694 -1684 -1695
f -1694 -1695 -1707
f -1707 -1695 -1708
f -1707 -1708 -1718
f -1718 -1708 -1719
f -1718 -1719 -1729
f -1729 -1719 -1730
f -1729 -1730 -1740
f -1740 -1730 -1741
f -1640 -1641 -1651
f -1651 -1641 -1652
f -1651 -1652 -1662
f -1662 -1652 -1663
f -1662 -1663 -1673
f -1673 -1663 -1674
f -1673 -1674 -1684
f -1684 -1674 -1685
f -1684 -1685 -1695
f -1695 -1685 -1696
f -1695 -1696 -1708
f -1708 -1696 -1709
f -1708 -1709 -1719
f -1719 -1709 -1720
f -1719 -1720 -1730
f -1730 -1720 -1731
f -1730 -1731 -1741
f -1741 -1731 -1742
f -1644 -1645 -1655
f -1655 -1645 -1656
f -1655 -1656 -1666
f -1666 -1656 -1667
f -1666 -1667 -1677
f -1677 -1667 -1678
f -1677 -1678 -1688
f -1688 -1678 -1689
f -1688 -1689 -1699
f -1699 -1689 -1700
f -1699 -1700 -1712
f -1712 -1700 -1713
f -1712 -1713 -1723
f -1723 -1713 -1724
f -1723 -1724 -1734
f -1734 -1724 -1735
f -1734 -1735 -1745
f -1745 -1735 -1746
f -1643 -1644 -1654
f -1654 -1644 -1655
f -1654 -1655 -1665
f -1665 -1655 -1666
f -1665 -1666 -1676
f -1676 -1666 -1677
f -1676 -1677 -1687
f -1687 -1677 -1688
f -1687 -1688 -1698
f -1698 -1688 -1699
f -1698 -1699 -1711
f -1711 -1699 -1712
f -1711 -1712 -1722
f -1722 -1712 -1723
f -1722 -1723 -1733
f -1733 -1723 -1734
f -1733 -1734 -1744
f -1744 -1734 -1745
f -1646 -1647 -1657
f -1657 -1647 -1658
f -1657 -1658 -1668
f -1668 -1658 -1669
f -1668 -1669 -1679
f -1679 -1669 -1680
f -1679 -1680 -1690
f -1690 -1680 -1691
f -1690 -1691 -1701
f -1701 -1691 -1702
f -1701 -1702 -1714
f -1714 -1702 -1715
f -1714 -1715 -1725
f -1725 -1715 -1726
f -1725 -1726 -1736
f -1736 -1726 -1737
f -1736 -1737 -1747
f -1747 -1737 -1748
f -1645 -1646 -1656
f -1656 -1646 -1657
f -1656 -1657 -1667
f -1667 -1657 -1668
f -1667 -1668 -1678
f -1678 -1668 -1679
f -1678 -1679 -1689
f -1689 -1679 -1690
f -1689 -1690 -1700
f -1700 -1690 -1701
f -1700 -1701 -1713
f -1713 -1701 -1714
f -1713 -1714 -1724
f -1724 -1714 -1725
f -1724 -1725 -1735
f -1735 -1725 -1736
f -1735 -1736 -1746
f -1746 -1736 -1747
f -1703 -1446 -1715
f -1715 -1446 -1716
f -1715 -1716 -1726
f -1726 -1716 -1727
f -1726 -1727 -1737
f -1737 -1727 -1738
f -1737 -1738 -1748
f -1748 -1738 -1450
f -1658 -1659 -1669
f -1669 -1659 -1670
f -1669 -1670 -1680
f -1680 -1670 -1681
f -1680 -1681 -1691
f -1691 -1681 -1443
f -1691 -1443 -1692
f -1715 -1702 -1703
f -1703 -1702 -1692
f -1739 -1448 -1728
f -1728 -1448 -1447
f -1728 -1447 -1717
f -1717 -1447 -1705
f -1717 -1705 -1706
f -1706 -1705 -1704
f -1706 -1704 -1445
f -4657 -4659 -4658
f -4658 -4659 -4628
f -4658 -4628 -4629
f -4629 -4628 -4630
f -4629 -4630 -4631
f -4631 -4630 -4632
f -4631 -4632 -4627
f -4627 -4632 -4626
f -4627 -4626 -4625
f -4625 -4626 -4624
f -4625 -4624 -4623
f -4623 -4624 -4622
f -4623 -4622 -4621
f -4574 -4575 -4576
f -4576 -4575 -4577
f -4576 -4577 -4578
f -4578 -4577 -4579
f -4578 -4579 -4580
f -4580 -4579 -4581
f -4580 -4581 -4582
f -4582 -4581 -4583
f -4582 -4583 -4584
f -4584 -4583 -4585
f -4584 -4585 -4586
f -4586 -4585 -4587
f -4586 -4587 -4588
f -4588 -4587 -4589
f -4588 -4589 -4590
f -4590 -4589 -4591
f -4590 -4591 -4592
f -4592 -4591 -4593
f -4592 -4593 -4594
f -4594 -4593 -4595
f -4594 -4595 -4596
f -4596 -4595 -4597
f -4596 -4597 -4620
f -4620 -4597 -4619
f -4620 -4619 -4618
f -4618 -4619 -4617
f -4618 -4617 -4616
f -4616 -4617 -4615
f -4616 -4615 -4614
f -4614 -4615 -4613
f -4614 -4613 -4612
f -4612 -4613 -4611
f -4612 -4611 -4610
f -4610 -4611 -4609
f -4610 -4609 -4608
f -4608 -4609 -4607
f -4608 -4607 -4606
f -4606 -4607 -4605
f -4606 -4605 -4604
f -4604 -4605 -4603
f -4604 -4603 -4602
f -4602 -4603 -4601
f -4602 -4601 -4600
f -4600 -4601 -4599
f -4600 -4599 -4598
f -414 -415 -269
f -269 -415 -416
f -269 -416 -417
f -417 -418 -269
f -269 -418 -419
f -269 -419 -420
f -545 -546 -421
f -421 -546 -247
f -421 -247 -248
f -254 -255 -421
f -421 -255 -256
f -421 -256 -257
f -257 -258 -421
f -421 -258 -259
f -421 -259 -260
f -260 -261 -421
f -421 -261 -262
f -421 -262 -263
f -248 -249 -421
f -421 -249 -250
f -421 -250 -251
f -251 -252 -421
f -421 -252 -253
f -421 -253 -254
f -263 -264 -421
f -421 -264 -265
f -421 -265 -266
f -266 -267 -421
f -421 -267 -268
f -421 -268 -269
f -270 -445 -269
f -269 -445 -446
f -269 -446 -410
f -410 -446 -409
f -399 -446 -398
f -398 -446 -447
f -398 -447 -448
f -399 -400 -446
f -446 -400 -401
f -446 -401 -402
f -402 -403 -446
f -446 -403 -404
f -446 -404 -405
f -405 -406 -446
f -446 -406 -407
f -446 -407 -408
f -411 -412 -269
f -269 -412 -413
f -269 -413 -414
f -385 -386 -106
f -106 -386 -387
f -106 -387 -105
f -105 -387 -388
f -105 -388 -389
f -389 -390 -105
f -105 -390 -391
f -105 -391 -392
f -392 -393 -105
f -105 -393 -104
f -393 -394 -104
f -104 -394 -395
f -104 -395 -103
f -103 -395 -396
f -103 -396 -397
f -457 -458 -398
f -398 -458 -102
f -398 -102 -103
f -450 -451 -398
f -398 -451 -452
f -398 -452 -453
f -453 -454 -398
f -398 -454 -455
f -398 -455 -456
f -448 -449 -398
f -398 -449 -450
f -468 -469 -102
f -102 -469 -470
f -102 -470 -101
f -101 -470 -471
f -101 -471 -472
f -461 -462 -102
f -102 -462 -463
f -102 -463 -464
f -464 -465 -102
f -102 -465 -466
f -102 -466 -467
f -458 -459 -102
f -102 -459 -460
f -102 -460 -461
f -5605 -5607 -5606
f -5606 -5607 -5578
f -5606 -5578 -5579
f -5579 -5578 -5580
f -5579 -5580 -5581
f -5581 -5580 -5582
f -5581 -5582 -5577
f -5577 -5582 -5576
f -5577 -5576 -5575
f -5575 -5576 -5574
f -5575 -5574 -5573
f -5573 -5574 -5572
f -5573 -5572 -5571
f -94 -95 -101
f -101 -95 -96
f -101 -96 -97
f -97 -98 -101
f -101 -98 -99
f -101 -99 -100
f -472 -90 -101
f -101 -90 -91
f -101 -91 -92
f -92 -93 -101
f -101 -93 -94
f -112 -113 -123
f -123 -113 -114
f -123 -114 -115
f -115 -116 -123
f -123 -116 -117
f -123 -117 -118
f -118 -119 -123
f -123 -119 -120
f -109 -110 -123
f -123 -110 -111
f -123 -111 -112
f -26 -27 -52
f -52 -27 -51
f -52 -51 -50
f -50 -51 -49
f -50 -49 -48
f -48 -49 -47
f -48 -47 -46
f -46 -47 -45
f -46 -45 -44
f -44 -45 -43
f -44 -43 -42
f -42 -43 -41
f -42 -41 -40
f -40 -41 -39
f -40 -39 -38
f -38 -39 -37
f -38 -37 -36
f -36 -37 -35
f -36 -35 -34
f -34 -35 -33
f -34 -33 -32
f -32 -33 -31
f -32 -31 -30
f -30 -31 -29
f -30 -29 -28
f -5730 -5731 -5738
f -5738 -5731 -5739
f -5738 -5739 -5746
f -5746 -5739 -5747
f -5746 -5747 -5754
f -5754 -5747 -5755
f -5754 -5755 -5762
f -5762 -5755 -5763
f -5762 -5763 -5770
f -5770 -5763 -5771
f -5770 -5771 -5778
f -5778 -5771 -5779
f -5778 -5779 -5786
f -5786 -5779 -5787
f -5786 -5787 -5794
f -5794 -5787 -5795
f -5794 -5795 -5804
f -5804 -5795 -5805
f -5804 -5805 -5812
f -5812 -5805 -5813
f -5812 -5813 -5820
f -5820 -5813 -5821
f -5820 -5821 -5828
f -5828 -5821 -5829
f -5828 -5829 -5836
f -5836 -5829 -5837
f -5836 -5837 -5844
f -5844 -5837 -5845
f -5844 -5845 -5852
f -5852 -5845 -5853
f -5852 -5853 -5860
f -5860 -5853 -5861
f -5860 -5861 -5868
f -5868 -5861 -5869
f -5868 -5869 -5876
f -5876 -5869 -5877
f -5876 -5877 -5884
f -5884 -5877 -5885
f -5884 -5885 -5892
f -5892 -5885 -5893
f -5892 -5893 -5900
f -5900 -5893 -5901
f -5900 -5901 -5910
f -5910 -5901 -5911
f -5731 -5732 -5739
f -5739 -5732 -5740
f -5739 -5740 -5747
f -5747 -5740 -5748
f -5747 -5748 -5755
f -5755 -5748 -5756
f -5755 -5756 -5763
f -5763 -5756 -5764
f -5763 -5764 -5771
f -5771 -5764 -5772
f -5771 -5772 -5779
f -5779 -5772 -5780
f -5779 -5780 -5787
f -5787 -5780 -5788
f -5787 -5788 -5795
f -5795 -5788 -5796
f -5795 -5796 -5805
f -5805 -5796 -5806
f -5805 -5806 -5813
f -5813 -5806 -5814
f -5813 -5814 -5821
f -5821 -5814 -5822
f -5821 -5822 -5829
f -5829 -5822 -5830
f -5829 -5830 -5837
f -5837 -5830 -5838
f -5837 -5838 -5845
f -5845 -5838 -5846
f -5845 -5846 -5853
f -5853 -5846 -5854
f -5853 -5854 -5861
f -5861 -5854 -5862
f -5861 -5862 -5869
f -5869 -5862 -5870
f -5869 -5870 -5877
f -5877 -5870 -5878
f -5877 -5878 -5885
f -5885 -5878 -5886
f -5885 -5886 -5893
f -5893 -5886 -5894
f -5893 -5894 -5901
f -5901 -5894 -5902
f -5901 -5902 -5911
f -5911 -5902 -5912
f -5732 -5733 -5740
f -5740 -5733 -5741
f -5740 -5741 -5748
f -5748 -5741 -5749
f -5748 -5749 -5756
f -5756 -5749 -5757
f -5756 -5757 -5764
f -5764 -5757 -5765
f -5764 -5765 -5772
f -5772 -5765 -5773
f -5772 -5773 -5780
f -5780 -5773 -5781
f -5780 -5781 -5788
f -5788 -5781 -5789
f -5788 -5789 -5796
f -5796 -5789 -5797
f -5796 -5797 -5806
f -5806 -5797 -5807
f -5806 -5807 -5814
f -5814 -5807 -5815
f -5814 -5815 -5822
f -5822 -5815 -5823
f -5822 -5823 -5830
f -5830 -5823 -5831
f -5830 -5831 -5838
f -5838 -5831 -5839
f -5838 -5839 -5846
f -5846 -5839 -5847
f -5846 -5847 -5854
f -5854 -5847 -5855
f -5854 -5855 -5862
f -5862 -5855 -5863
f -5862 -5863 -5870
f -5870 -5863 -5871
f -5870 -5871 -5878
f -5878 -5871 -5879
f -5878 -5879 -5886
f -5886 -5879 -5887
f -5886 -5887 -5894
f -5894 -5887 -5895
f -5894 -5895 -5902
f -5902 -5895 -5903
f -5902 -5903 -5912
f -5912 -5903 -5913
f -5733 -5734 -5741
f -5741 -5734 -5742
f -5741 -5742 -5749
f -5749 -5742 -5750
f -5749 -5750 -5757
f -5757 -5750 -5638
f -5757 -5638 -5758
f -5727 -5728 -5735
f -5735 -5728 -5736
f -5735 -5736 -5743
f -5743 -5736 -5744
f -5743 -5744 -5751
f -5751 -5744 -5752
f -5751 -5752 -5759
f -5759 -5752 -5760
f -5759 -5760 -5767
f -5767 -5760 -5768
f -5767 -5768 -5775
f -5775 -5768 -5776
f -5775 -5776 -5783
f -5783 -5776 -5784
f -5783 -5784 -5791
f -5791 -5784 -5792
f -5791 -5792 -5801
f -5801 -5792 -5802
f -5801 -5802 -5809
f -5809 -5802 -5810
f -5809 -5810 -5817
f -5817 -5810 -5818
f -5817 -5818 -5825
f -5825 -5818 -5826
f -5825 -5826 -5833
f -5833 -5826 -5834
f -5833 -5834 -5841
f -5841 -5834 -5842
f -5841 -5842 -5849
f -5849 -5842 -5850
f -5849 -5850 -5857
f -5857 -5850 -5858
f -5857 -5858 -5865
f -5865 -5858 -5866
f -5865 -5866 -5873
f -5873 -5866 -5874
f -5873 -5874 -5881
f -5881 -5874 -5882
f -5881 -5882 -5889
f -5889 -5882 -5890
f -5889 -5890 -5897
f -5897 -5890 -5898
f -5897 -5898 -5907
f -5907 -5898 -5908
f -5729 -5730 -5737
f -5737 -5730 -5738
f -5737 -5738 -5745
f -5745 -5738 -5746
f -5745 -5746 -5753
f -5753 -5746 -5754
f -5753 -5754 -5761
f -5761 -5754 -5762
f -5761 -5762 -5769
f -5769 -5762 -5770
f -5769 -5770 -5777
f -5777 -5770 -5778
f -5777 -5778 -5785
f -5785 -5778 -5786
f -5785 -5786 -5793
f -5793 -5786 -5794
f -5793 -5794 -5803
f -5803 -5794 -5804
f -5803 -5804 -5811
f -5811 -5804 -5812
f -5811 -5812 -5819
f -5819 -5812 -5820
f -5819 -5820 -5827
f -5827 -5820 -5828
f -5827 -5828 -5835
f -5835 -5828 -5836
f -5835 -5836 -5843
f -5843 -5836 -5844
f -5843 -5844 -5851
f -5851 -5844 -5852
f -5851 -5852 -5859
f -5859 -5852 -5860
f -5859 -5860 -5867
f -5867 -5860 -5868
f -5867 -5868 -5875
f -5875 -5868 -5876
f -5875 -5876 -5883
f -5883 -5876 -5884
f -5883 -5884 -5891
f -5891 -5884 -5892
f -5891 -5892 -5899
f -5899 -5892 -5900
f -5899 -5900 -5909
f -5909 -5900 -5910
f -5728 -5729 -5736
f -5736 -5729 -5737
f -5736 -5737 -5744
f -5744 -5737 -5745
f -5744 -5745 -5752
f -5752 -5745 -5753
f -5752 -5753 -5760
f -5760 -5753 -5761
f -5760 -5761 -5768
f -5768 -5761 -5769
f -5768 -5769 -5776
f -5776 -5769 -5777
f -5776 -5777 -5784
f -5784 -5777 -5785
f -5784 -5785 -5792
f -5792 -5785 -5793
f -5792 -5793 -5802
f -5802 -5793 -5803
f -5802 -5803 -5810
f -5810 -5803 -5811
f -5810 -5811 -5818
f -5818 -5811 -5819
f -5818 -5819 -5826
f -5826 -5819 -5827
f -5826 -5827 -5834
f -5834 -5827 -5835
f -5834 -5835 -5842
f -5842 -5835 -5843
f -5842 -5843 -5850
f -5850 -5843 -5851
f -5850 -5851 -5858
f -5858 -5851 -5859
f -5858 -5859 -5866
f -5866 -5859 -5867
f -5866 -5867 -5874
f -5874 -5867 -5875
f -5874 -5875 -5882
f -5882 -5875 -5883
f -5882 -5883 -5890
f -5890 -5883 -5891
f -5890 -5891 -5898
f -5898 -5891 -5899
f -5898 -5899 -5908
f -5908 -5899 -5909
f -794 -793 -797
f -797 -793 -792
f -797 -792 -791
f -791 -790 -797
f -797 -790 -789
f -797 -789 -788
f -883 -882 -775
f -775 -882 -881
f -775 -881 -776
f -776 -881 -880
f -776 -880 -879
f -884 -775 -885
f -885 -775 -774
f -885 -774 -773
f -770 -769 -885
f -885 -769 -768
f -885 -768 -767
f -773 -772 -885
f -885 -772 -771
f -885 -771 -770
f -767 -766 -885
f -885 -766 -765
f -875 -874 -778
f -778 -874 -873
f -778 -873 -872
f -879 -878 -777
f -777 -878 -877
f -777 -877 -778
f -778 -877 -876
f -778 -876 -875
f -5832 -5653 -5839
f -5839 -5653 -5840
f -5839 -5840 -5847
f -5847 -5840 -5848
f -5847 -5848 -5855
f -5855 -5848 -5657
f -5855 -5657 -5856
f -5839 -5831 -5832
f -5832 -5831 -5824
f -5831 -5823 -5824
f -5824 -5823 -5816
f -5855 -5856 -5863
f -5863 -5856 -5864
f -5863 -5864 -5871
f -5871 -5864 -5872
f -5871 -5872 -5879
f -5879 -5872 -5662
f -5879 -5662 -5880
f -5766 -5641 -5773
f -5773 -5641 -5774
f -5773 -5774 -5781
f -5781 -5774 -5782
f -5781 -5782 -5789
f -5789 -5782 -5790
f -5789 -5790 -5797
f -5797 -5790 -5647
f -5797 -5647 -5798
f -5773 -5765 -5766
f -5766 -5765 -5758
f -5797 -5798 -5807
f -5807 -5798 -5808
f -5807 -5808 -5815
f -5815 -5808 -5648
f -5815 -5648 -5816
f -5652 -5651 -5825
f -5825 -5651 -5650
f -5825 -5650 -5817
f -5817 -5650 -5649
f -5817 -5649 -5809
f -5809 -5649 -5800
f -5809 -5800 -5801
f -5801 -5800 -5799
f -5801 -5799 -5646
f -605 -606 -422
f -422 -606 -607
f -422 -607 -608
f -602 -603 -422
f -422 -603 -604
f -422 -604 -605
f -599 -600 -422
f -422 -600 -601
f -422 -601 -602
f -5888 -5666 -5895
f -5895 -5666 -5896
f -5895 -5896 -5903
f -5903 -5896 -5904
f -5903 -5904 -5913
f -5913 -5904 -5914
f -425 -426 -594
f -594 -426 -427
f -594 -427 -428
f -428 -429 -594
f -594 -429 -430
f -594 -430 -431
f -431 -432 -594
f -594 -432 -385
f -594 -385 -106
f -5895 -5887 -5888
f -5888 -5887 -5880
f -421 -422 -545
f -545 -422 -608
f -423 -594 -422
f -422 -594 -595
f -422 -595 -596
f -425 -594 -424
f -424 -594 -423
f -596 -597 -422
f -422 -597 -598
f -422 -598 -599
f -694 -693 -695
f -695 -693 -690
f -695 -690 -689
f -106 -107 -594
f -594 -107 -108
f -594 -108 -593
f -593 -108 -109
f -593 -109 -123
f -681 -682 -677
f -677 -682 -680
f -677 -680 -678
f -678 -680 -679
f -678 -679 -692
f -692 -679 -691
f -692 -691 -693
f -2846 -2847 -2848
f -2848 -2847 -2849
f -2848 -2849 -2850
f -2850 -2849 -2851
f -2850 -2851 -2852
f -2852 -2851 -2853
f -2852 -2853 -2854
f -2854 -2853 -2855
f -2854 -2855 -2856
f -2856 -2855 -2857
f -2856 -2857 -2858
f -2858 -2857 -2859
f -2858 -2859 -2860
f -2860 -2859 -2861
f -2860 -2861 -2862
f -2862 -2861 -2863
f -2862 -2863 -2864
f -2864 -2863 -2865
f -2864 -2865 -2866
f -2866 -2865 -2867
f -2866 -2867 -2868
f -2868 -2867 -2869
f -2868 -2869 -2870
f -2870 -2869 -2871
f -2870 -2871 -2872
f -2872 -2871 -2873
f -2872 -2873 -2874
f -2874 -2873 -2875
f -2874 -2875 -2876
f -2876 -2875 -2877
f -2876 -2877 -2878
f -2878 -2877 -2879
f -2878 -2879 -2880
f -2880 -2879 -2881
f -2880 -2881 -2882
f -2882 -2881 -2883
f -2882 -2883 -2884
f -2884 -2883 -2885
f -2884 -2885 -2886
f -2886 -2885 -2887
f -2886 -2887 -2888
f -2888 -2887 -2889
f -2888 -2889 -2890
f -2890 -2889 -2891
f -2890 -2891 -2892
f -2892 -2891 -2893
f -2892 -2893 -2894
f -2894 -2893 -2895
f -2894 -2895 -2896
f -2896 -2895 -2897
f -2896 -2897 -2898
f -2898 -2897 -2899
f -2898 -2899 -2900
f -2900 -2899 -2901
f -2900 -2901 -2902
f -2902 -2901 -2903
f -2902 -2903 -2904
f -2904 -2903 -2905
f -2904 -2905 -2906
f -2906 -2905 -2907
f -3281 -3280 -3279
f -3279 -3280 -3278
f -3279 -3278 -3277
f -3329 -3331 -3330
f -3330 -3331 -3332
f -1219 -1218 -991
f -991 -1218 -992
f -913 -1202 -914
f -914 -1202 -1201
f -914 -1201 -915
f -915 -1201 -1200
f -915 -1200 -916
f -916 -1200 -1199
f -916 -1199 -917
f -1444 -1442 -1682
f -1682 -1442 -1441
f -1682 -1441 -1671
f -1671 -1441 -1440
f -1671 -1440 -1660
f -1660 -1440 -1439
f -1660 -1439 -1649
f -1649 -1439 -1437
f -1649 -1437 -1436
f -1682 -1693 -1444
f -1444 -1693 -1445
f -4668 -4670 -4669
f -4669 -4670 -4633
f -4669 -4633 -4634
f -4634 -4633 -4635
f -4634 -4635 -4636
f -4636 -4635 -4637
f -4636 -4637 -4638
f -4638 -4637 -4639
f -4638 -4639 -4640
f -4640 -4639 -4641
f -4640 -4641 -4642
f -4642 -4641 -4643
f -4642 -4643 -4644
f -4644 -4643 -4645
f -4644 -4645 -4646
f -4646 -4645 -4647
f -4646 -4647 -4648
f -4648 -4647 -4649
f -4648 -4649 -4650
f -4650 -4649 -4651
f -4650 -4651 -4652
f -4652 -4651 -4653
f -4652 -4653 -4654
f -4654 -4653 -4655
f -4654 -4655 -4656
f -4656 -4655 -4657
f -4656 -4657 -4658
f -4660 -4662 -4661
f -4661 -4662 -4663
f -4662 -4664 -4663
f -4663 -4664 -4665
f -4664 -4666 -4665
f -4665 -4666 -4667
f -4666 -4668 -4667
f -4667 -4668 -4669
f -1843 -1998 -1844
f -1844 -1998 -1997
f -1844 -1997 -1845
f -1845 -1997 -1996
f -1845 -1996 -1846
f -1846 -1996 -1995
f -1846 -1995 -1847
f -1847 -1995 -1994
f -1847 -1994 -1848
f -1848 -1994 -1993
f -1848 -1993 -1992
f -1853 -1852 -1989
f -1989 -1852 -1851
f -1989 -1851 -1990
f -1990 -1851 -1850
f -1990 -1850 -1991
f -1991 -1850 -1849
f -1991 -1849 -1992
f -1992 -1849 -1848
f -1853 -1989 -1854
f -1854 -1989 -1988
f -5592 -5593 -5594
f -5594 -5593 -5595
f -5594 -5595 -5596
f -5596 -5595 -5597
f -5596 -5597 -5598
f -5598 -5597 -5599
f -5598 -5599 -5600
f -5600 -5599 -5601
f -5600 -5601 -5602
f -5602 -5601 -5603
f -5602 -5603 -5604
f -5604 -5603 -5605
f -5604 -5605 -5606
f -5636 -5635 -5743
f -5743 -5635 -5634
f -5743 -5634 -5735
f -5735 -5634 -5633
f -5735 -5633 -5727
f -5743 -5751 -5636
f -5636 -5751 -5637
f -5661 -5660 -5865
f -5865 -5660 -5659
f -5865 -5659 -5857
f -5857 -5659 -5658
f -5857 -5658 -5849
f -5849 -5658 -5656
f -5849 -5656 -5655
f -5667 -5665 -5889
f -5889 -5665 -5664
f -5889 -5664 -5881
f -5881 -5664 -5663
f -5881 -5663 -5873
f -5873 -5663 -5661
f -5873 -5661 -5865
f -5825 -5833 -5652
f -5652 -5833 -5654
f -5833 -5841 -5654
f -5654 -5841 -5655
f -5801 -5646 -5791
f -5791 -5646 -5645
f -5791 -5645 -5783
f -5783 -5645 -5644
f -5783 -5644 -5643
f -5783 -5643 -5775
f -5775 -5643 -5642
f -5775 -5642 -5767
f -5767 -5642 -5640
f -5767 -5640 -5759
f -5759 -5640 -5639
f -5759 -5639 -5637
f -5907 -5668 -5897
f -5897 -5668 -5667
f -5897 -5667 -5889
f -729 -728 -727
f -727 -728 -726
f -727 -726 -725
f -725 -726 -724
f -725 -724 -723
f -723 -724 -722
f -723 -722 -721
f -721 -722 -720
f -721 -720 -719
f -727 -685 -729
f -729 -685 -686
f -729 -686 -687
f -687 -686 -688
f -687 -688 -689
f -689 -688 -695
f -4027 -4029 -4028
f -3256 -3261 -3262
f -988 -1222 -989
f -913 -1203 -1202
f -923 -1196 -872
f -1212 -996 -1213
f -1184 -785 -1185
f -421 -269 -420
f -409 -446 -408
f -411 -269 -410
f -397 -398 -103
f -457 -398 -456
f -468 -102 -467
f -794 -797 -795
f -883 -775 -884
f -2055 -2057 -2056
f -3653 -3655 -3656
f -4015 -4017 -4016
f -4013 -4010 -4009
f -4043 -4045 -4044
f -3319 -3285 -3321
f -3331 -3333 -3332
f -1218 -993 -992
f -4573 -4575 -4574
f -4158 -4160 -4159
f -4924 -4925 -4923
f -1638 -1649 -1436
f -1691 -1692 -1702
f -1693 -1706 -1445
f -1843 -1999 -1998
f -90 -472 -89
f -5591 -5593 -5592
f -25 -27 -26
f -5733 -5632 -5734
f -5751 -5759 -5637
f -5757 -5758 -5765
f -777 -776 -879
f -5815 -5816 -5823
f -5841 -5849 -5655
f -5879 -5880 -5887
f -5907 -5905 -5668
f -693 -694 -692
