mtllib U.mtl
usemtl AXIS
v 0.094400 0.035600 0.890000
v 0.094400 0.044400 0.890000
v 0.093321 0.039269 0.890000
v 0.093222 0.038914 0.890000
v 0.093086 0.038572 0.890000
v 0.092913 0.038247 0.890000
v 0.092707 0.037942 0.890000
v 0.092468 0.037662 0.890000
v 0.092201 0.037409 0.890000
v 0.091908 0.037186 0.890000
v 0.091593 0.036996 0.890000
v 0.091259 0.036842 0.890000
v 0.090910 0.036724 0.890000
v 0.090550 0.036645 0.890000
v 0.090184 0.036605 0.890000
v 0.089816 0.036605 0.890000
v 0.085600 0.035600 0.890000
v 0.085600 0.044400 0.890000
v 0.089816 0.043395 0.890000
v 0.090184 0.043395 0.890000
v 0.090550 0.043355 0.890000
v 0.090910 0.043276 0.890000
v 0.091259 0.043159 0.890000
v 0.091593 0.043004 0.890000
v 0.091908 0.042814 0.890000
v 0.092201 0.042591 0.890000
v 0.092468 0.042338 0.890000
v 0.092707 0.042058 0.890000
v 0.092913 0.041753 0.890000
v 0.093086 0.041428 0.890000
v 0.093222 0.041086 0.890000
v 0.093321 0.040731 0.890000
v 0.093380 0.040368 0.890000
v 0.093400 0.040000 0.890000
v 0.093380 0.039632 0.890000
v 0.086680 0.039269 0.890000
v 0.086620 0.039632 0.890000
v 0.086600 0.040000 0.890000
v 0.086620 0.040368 0.890000
v 0.086680 0.040731 0.890000
v 0.086778 0.041086 0.890000
v 0.086914 0.041428 0.890000
v 0.087087 0.041753 0.890000
v 0.087293 0.042058 0.890000
v 0.087532 0.042338 0.890000
v 0.087799 0.042591 0.890000
v 0.088092 0.042814 0.890000
v 0.088407 0.043004 0.890000
v 0.088742 0.043159 0.890000
v 0.089090 0.043276 0.890000
v 0.089450 0.043355 0.890000
v 0.089450 0.036645 0.890000
v 0.089090 0.036724 0.890000
v 0.088742 0.036842 0.890000
v 0.088407 0.036996 0.890000
v 0.088092 0.037186 0.890000
v 0.087799 0.037409 0.890000
v 0.087532 0.037662 0.890000
v 0.087293 0.037942 0.890000
v 0.087087 0.038247 0.890000
v 0.086914 0.038572 0.890000
v 0.086778 0.038914 0.890000
v 0.085600 0.044400 0.870500
v 0.094400 0.044400 0.870500
v 0.090184 0.043395 0.870500
v 0.089816 0.043395 0.870500
v 0.089450 0.043355 0.870500
v 0.089090 0.043276 0.870500
v 0.088742 0.043159 0.870500
v 0.088407 0.043004 0.870500
v 0.088092 0.042814 0.870500
v 0.087799 0.042591 0.870500
v 0.087532 0.042338 0.870500
v 0.087293 0.042058 0.870500
v 0.087087 0.041753 0.870500
v 0.086914 0.041428 0.870500
v 0.086778 0.041086 0.870500
v 0.086680 0.040731 0.870500
v 0.085600 0.035600 0.870500
v 0.086620 0.040368 0.870500
v 0.086600 0.040000 0.870500
v 0.086620 0.039632 0.870500
v 0.086680 0.039269 0.870500
v 0.086778 0.038914 0.870500
v 0.086914 0.038572 0.870500
v 0.087087 0.038247 0.870500
v 0.087293 0.037942 0.870500
v 0.087532 0.037662 0.870500
v 0.087799 0.037409 0.870500
v 0.088092 0.037186 0.870500
v 0.088407 0.036996 0.870500
v 0.088742 0.036842 0.870500
v 0.089090 0.036724 0.870500
v 0.089450 0.036645 0.870500
v 0.089816 0.036605 0.870500
v 0.090184 0.036605 0.870500
v 0.094400 0.035600 0.870500
v 0.090550 0.036645 0.870500
v 0.090910 0.036724 0.870500
v 0.091259 0.036842 0.870500
v 0.091593 0.036996 0.870500
v 0.091908 0.037186 0.870500
v 0.092201 0.037409 0.870500
v 0.092468 0.037662 0.870500
v 0.092707 0.037942 0.870500
v 0.092913 0.038247 0.870500
v 0.093086 0.038572 0.870500
v 0.093222 0.038914 0.870500
v 0.093321 0.039269 0.870500
v 0.093380 0.039632 0.870500
v 0.093400 0.040000 0.870500
v 0.093380 0.040368 0.870500
v 0.093321 0.040731 0.870500
v 0.093222 0.041086 0.870500
v 0.093086 0.041428 0.870500
v 0.092913 0.041753 0.870500
v 0.092707 0.042058 0.870500
v 0.092468 0.042338 0.870500
v 0.092201 0.042591 0.870500
v 0.091908 0.042814 0.870500
v 0.091593 0.043004 0.870500
v 0.091259 0.043159 0.870500
v 0.090910 0.043276 0.870500
v 0.090550 0.043355 0.870500
v 0.085600 0.035600 0.890000
v 0.085600 0.044400 0.890000
v 0.085600 0.035600 0.870500
v 0.085600 0.044400 0.870500
v 0.094400 0.035600 0.890000
v 0.085600 0.035600 0.890000
v 0.094400 0.035600 0.870500
v 0.085600 0.035600 0.870500
v 0.094400 0.044400 0.890000
v 0.094400 0.035600 0.890000
v 0.094400 0.044400 0.870500
v 0.094400 0.035600 0.870500
v 0.085600 0.044400 0.890000
v 0.094400 0.044400 0.890000
v 0.085600 0.044400 0.870500
v 0.094400 0.044400 0.870500
v 0.089816 0.043395 0.870500
v 0.089450 0.043355 0.890000
v 0.089450 0.043355 0.870500
v 0.089090 0.043276 0.890000
v 0.089090 0.043276 0.870500
v 0.088742 0.043159 0.890000
v 0.088742 0.043159 0.870500
v 0.088407 0.043004 0.890000
v 0.088407 0.043004 0.870500
v 0.088092 0.042814 0.890000
v 0.088092 0.042814 0.870500
v 0.087799 0.042591 0.890000
v 0.087799 0.042591 0.870500
v 0.087532 0.042338 0.890000
v 0.087532 0.042338 0.870500
v 0.087293 0.042058 0.890000
v 0.087293 0.042058 0.870500
v 0.087087 0.041753 0.890000
v 0.087087 0.041753 0.870500
v 0.086914 0.041428 0.890000
v 0.086914 0.041428 0.870500
v 0.086778 0.041086 0.890000
v 0.086778 0.041086 0.870500
v 0.086680 0.040731 0.890000
v 0.086680 0.040731 0.870500
v 0.086620 0.040368 0.890000
v 0.086620 0.040368 0.870500
v 0.086600 0.040000 0.890000
v 0.086600 0.040000 0.870500
v 0.089816 0.043395 0.890000
v 0.090184 0.043395 0.870500
v 0.090184 0.043395 0.890000
v 0.090550 0.043355 0.870500
v 0.090550 0.043355 0.890000
v 0.090910 0.043276 0.870500
v 0.090910 0.043276 0.890000
v 0.091259 0.043159 0.870500
v 0.091259 0.043159 0.890000
v 0.091593 0.043004 0.870500
v 0.091593 0.043004 0.890000
v 0.091908 0.042814 0.870500
v 0.091908 0.042814 0.890000
v 0.092201 0.042591 0.870500
v 0.092201 0.042591 0.890000
v 0.092468 0.042338 0.870500
v 0.092468 0.042338 0.890000
v 0.092707 0.042058 0.870500
v 0.092707 0.042058 0.890000
v 0.092913 0.041753 0.870500
v 0.092913 0.041753 0.890000
v 0.093086 0.041428 0.870500
v 0.093086 0.041428 0.890000
v 0.093222 0.041086 0.870500
v 0.093222 0.041086 0.890000
v 0.093321 0.040731 0.870500
v 0.093321 0.040731 0.890000
v 0.093380 0.040368 0.870500
v 0.093380 0.040368 0.890000
v 0.093400 0.040000 0.870500
v 0.093400 0.040000 0.890000
v 0.090184 0.036605 0.870500
v 0.090550 0.036645 0.890000
v 0.090550 0.036645 0.870500
v 0.090910 0.036724 0.890000
v 0.090910 0.036724 0.870500
v 0.091259 0.036842 0.890000
v 0.091259 0.036842 0.870500
v 0.091593 0.036996 0.890000
v 0.091593 0.036996 0.870500
v 0.091908 0.037186 0.890000
v 0.091908 0.037186 0.870500
v 0.092201 0.037409 0.890000
v 0.092201 0.037409 0.870500
v 0.092468 0.037662 0.890000
v 0.092468 0.037662 0.870500
v 0.092707 0.037942 0.890000
v 0.092707 0.037942 0.870500
v 0.092913 0.038247 0.890000
v 0.092913 0.038247 0.870500
v 0.093086 0.038572 0.890000
v 0.093086 0.038572 0.870500
v 0.093222 0.038914 0.890000
v 0.093222 0.038914 0.870500
v 0.093321 0.039269 0.890000
v 0.093321 0.039269 0.870500
v 0.093380 0.039632 0.890000
v 0.093380 0.039632 0.870500
v 0.093400 0.040000 0.890000
v 0.093400 0.040000 0.870500
v 0.090184 0.036605 0.890000
v 0.089816 0.036605 0.870500
v 0.089816 0.036605 0.890000
v 0.089450 0.036645 0.870500
v 0.089450 0.036645 0.890000
v 0.089090 0.036724 0.870500
v 0.089090 0.036724 0.890000
v 0.088742 0.036842 0.870500
v 0.088742 0.036842 0.890000
v 0.088407 0.036996 0.870500
v 0.088407 0.036996 0.890000
v 0.088092 0.037186 0.870500
v 0.088092 0.037186 0.890000
v 0.087799 0.037409 0.870500
v 0.087799 0.037409 0.890000
v 0.087532 0.037662 0.870500
v 0.087532 0.037662 0.890000
v 0.087293 0.037942 0.870500
v 0.087293 0.037942 0.890000
v 0.087087 0.038247 0.870500
v 0.087087 0.038247 0.890000
v 0.086914 0.038572 0.870500
v 0.086914 0.038572 0.890000
v 0.086778 0.038914 0.870500
v 0.086778 0.038914 0.890000
v 0.086680 0.039269 0.870500
v 0.086680 0.039269 0.890000
v 0.086620 0.039632 0.870500
v 0.086620 0.039632 0.890000
v 0.086600 0.040000 0.870500
v 0.086600 0.040000 0.890000
v 0.085600 -0.044400 0.870500
v 0.086680 -0.039269 0.870500
v 0.086620 -0.039632 0.870500
v 0.086600 -0.040000 0.870500
v 0.086620 -0.040368 0.870500
v 0.086680 -0.040731 0.870500
v 0.086778 -0.041086 0.870500
v 0.086914 -0.041428 0.870500
v 0.087087 -0.041753 0.870500
v 0.087293 -0.042058 0.870500
v 0.087532 -0.042338 0.870500
v 0.087799 -0.042591 0.870500
v 0.088092 -0.042814 0.870500
v 0.088407 -0.043004 0.870500
v 0.088742 -0.043159 0.870500
v 0.089090 -0.043276 0.870500
v 0.089450 -0.043355 0.870500
v 0.089816 -0.043395 0.870500
v 0.090184 -0.043395 0.870500
v 0.094400 -0.044400 0.870500
v 0.085600 -0.035600 0.870500
v 0.094400 -0.035600 0.870500
v 0.090184 -0.036605 0.870500
v 0.089816 -0.036605 0.870500
v 0.089450 -0.036645 0.870500
v 0.089090 -0.036724 0.870500
v 0.088742 -0.036842 0.870500
v 0.088407 -0.036996 0.870500
v 0.088092 -0.037186 0.870500
v 0.087799 -0.037409 0.870500
v 0.087532 -0.037662 0.870500
v 0.087293 -0.037942 0.870500
v 0.087087 -0.038247 0.870500
v 0.086914 -0.038572 0.870500
v 0.086778 -0.038914 0.870500
v 0.090550 -0.043355 0.870500
v 0.090910 -0.043276 0.870500
v 0.091259 -0.043159 0.870500
v 0.091593 -0.043004 0.870500
v 0.091908 -0.042814 0.870500
v 0.092201 -0.042591 0.870500
v 0.092468 -0.042338 0.870500
v 0.092707 -0.042058 0.870500
v 0.092913 -0.041753 0.870500
v 0.093086 -0.041428 0.870500
v 0.093222 -0.041086 0.870500
v 0.093321 -0.040731 0.870500
v 0.093380 -0.040368 0.870500
v 0.093400 -0.040000 0.870500
v 0.093380 -0.039632 0.870500
v 0.093321 -0.039269 0.870500
v 0.093222 -0.038914 0.870500
v 0.093086 -0.038572 0.870500
v 0.092913 -0.038247 0.870500
v 0.092707 -0.037942 0.870500
v 0.092468 -0.037662 0.870500
v 0.092201 -0.037409 0.870500
v 0.091908 -0.037186 0.870500
v 0.091593 -0.036996 0.870500
v 0.091259 -0.036842 0.870500
v 0.090910 -0.036724 0.870500
v 0.090550 -0.036645 0.870500
v 0.094400 -0.044400 0.890000
v 0.094400 -0.035600 0.890000
v 0.093321 -0.040731 0.890000
v 0.093222 -0.041086 0.890000
v 0.093086 -0.041428 0.890000
v 0.092913 -0.041753 0.890000
v 0.092707 -0.042058 0.890000
v 0.092468 -0.042338 0.890000
v 0.092201 -0.042591 0.890000
v 0.091908 -0.042814 0.890000
v 0.091593 -0.043004 0.890000
v 0.091259 -0.043159 0.890000
v 0.090910 -0.043276 0.890000
v 0.090550 -0.043355 0.890000
v 0.090184 -0.043395 0.890000
v 0.089816 -0.043395 0.890000
v 0.085600 -0.044400 0.890000
v 0.085600 -0.035600 0.890000
v 0.089816 -0.036605 0.890000
v 0.090184 -0.036605 0.890000
v 0.090550 -0.036645 0.890000
v 0.090910 -0.036724 0.890000
v 0.091259 -0.036842 0.890000
v 0.091593 -0.036996 0.890000
v 0.091908 -0.037186 0.890000
v 0.092201 -0.037409 0.890000
v 0.092468 -0.037662 0.890000
v 0.092707 -0.037942 0.890000
v 0.092913 -0.038247 0.890000
v 0.093086 -0.038572 0.890000
v 0.093222 -0.038914 0.890000
v 0.093321 -0.039269 0.890000
v 0.093380 -0.039632 0.890000
v 0.093400 -0.040000 0.890000
v 0.093380 -0.040368 0.890000
v 0.086680 -0.040731 0.890000
v 0.086620 -0.040368 0.890000
v 0.086600 -0.040000 0.890000
v 0.086620 -0.039632 0.890000
v 0.086680 -0.039269 0.890000
v 0.086778 -0.038914 0.890000
v 0.086914 -0.038572 0.890000
v 0.087087 -0.038247 0.890000
v 0.087293 -0.037942 0.890000
v 0.087532 -0.037662 0.890000
v 0.087799 -0.037409 0.890000
v 0.088092 -0.037186 0.890000
v 0.088407 -0.036996 0.890000
v 0.088742 -0.036842 0.890000
v 0.089090 -0.036724 0.890000
v 0.089450 -0.036645 0.890000
v 0.089450 -0.043355 0.890000
v 0.089090 -0.043276 0.890000
v 0.088742 -0.043159 0.890000
v 0.088407 -0.043004 0.890000
v 0.088092 -0.042814 0.890000
v 0.087799 -0.042591 0.890000
v 0.087532 -0.042338 0.890000
v 0.087293 -0.042058 0.890000
v 0.087087 -0.041753 0.890000
v 0.086914 -0.041428 0.890000
v 0.086778 -0.041086 0.890000
v 0.085600 -0.044400 0.890000
v 0.085600 -0.035600 0.890000
v 0.085600 -0.044400 0.870500
v 0.085600 -0.035600 0.870500
v 0.094400 -0.044400 0.890000
v 0.085600 -0.044400 0.890000
v 0.094400 -0.044400 0.870500
v 0.085600 -0.044400 0.870500
v 0.094400 -0.035600 0.890000
v 0.094400 -0.044400 0.890000
v 0.094400 -0.035600 0.870500
v 0.094400 -0.044400 0.870500
v 0.085600 -0.035600 0.890000
v 0.094400 -0.035600 0.890000
v 0.085600 -0.035600 0.870500
v 0.094400 -0.035600 0.870500
v 0.089816 -0.036605 0.870500
v 0.089450 -0.036645 0.890000
v 0.089450 -0.036645 0.870500
v 0.089090 -0.036724 0.890000
v 0.089090 -0.036724 0.870500
v 0.088742 -0.036842 0.890000
v 0.088742 -0.036842 0.870500
v 0.088407 -0.036996 0.890000
v 0.088407 -0.036996 0.870500
v 0.088092 -0.037186 0.890000
v 0.088092 -0.037186 0.870500
v 0.087799 -0.037409 0.890000
v 0.087799 -0.037409 0.870500
v 0.087532 -0.037662 0.890000
v 0.087532 -0.037662 0.870500
v 0.087293 -0.037942 0.890000
v 0.087293 -0.037942 0.870500
v 0.087087 -0.038247 0.890000
v 0.087087 -0.038247 0.870500
v 0.086914 -0.038572 0.890000
v 0.086914 -0.038572 0.870500
v 0.086778 -0.038914 0.890000
v 0.086778 -0.038914 0.870500
v 0.086680 -0.039269 0.890000
v 0.086680 -0.039269 0.870500
v 0.086620 -0.039632 0.890000
v 0.086620 -0.039632 0.870500
v 0.086600 -0.040000 0.890000
v 0.086600 -0.040000 0.870500
v 0.089816 -0.036605 0.890000
v 0.090184 -0.036605 0.870500
v 0.090184 -0.036605 0.890000
v 0.090550 -0.036645 0.870500
v 0.090550 -0.036645 0.890000
v 0.090910 -0.036724 0.870500
v 0.090910 -0.036724 0.890000
v 0.091259 -0.036842 0.870500
v 0.091259 -0.036842 0.890000
v 0.091593 -0.036996 0.870500
v 0.091593 -0.036996 0.890000
v 0.091908 -0.037186 0.870500
v 0.091908 -0.037186 0.890000
v 0.092201 -0.037409 0.870500
v 0.092201 -0.037409 0.890000
v 0.092468 -0.037662 0.870500
v 0.092468 -0.037662 0.890000
v 0.092707 -0.037942 0.870500
v 0.092707 -0.037942 0.890000
v 0.092913 -0.038247 0.870500
v 0.092913 -0.038247 0.890000
v 0.093086 -0.038572 0.870500
v 0.093086 -0.038572 0.890000
v 0.093222 -0.038914 0.870500
v 0.093222 -0.038914 0.890000
v 0.093321 -0.039269 0.870500
v 0.093321 -0.039269 0.890000
v 0.093380 -0.039632 0.870500
v 0.093380 -0.039632 0.890000
v 0.093400 -0.040000 0.870500
v 0.093400 -0.040000 0.890000
v 0.090184 -0.043395 0.870500
v 0.090550 -0.043355 0.890000
v 0.090550 -0.043355 0.870500
v 0.090910 -0.043276 0.890000
v 0.090910 -0.043276 0.870500
v 0.091259 -0.043159 0.890000
v 0.091259 -0.043159 0.870500
v 0.091593 -0.043004 0.890000
v 0.091593 -0.043004 0.870500
v 0.091908 -0.042814 0.890000
v 0.091908 -0.042814 0.870500
v 0.092201 -0.042591 0.890000
v 0.092201 -0.042591 0.870500
v 0.092468 -0.042338 0.890000
v 0.092468 -0.042338 0.870500
v 0.092707 -0.042058 0.890000
v 0.092707 -0.042058 0.870500
v 0.092913 -0.041753 0.890000
v 0.092913 -0.041753 0.870500
v 0.093086 -0.041428 0.890000
v 0.093086 -0.041428 0.870500
v 0.093222 -0.041086 0.890000
v 0.093222 -0.041086 0.870500
v 0.093321 -0.040731 0.890000
v 0.093321 -0.040731 0.870500
v 0.093380 -0.040368 0.890000
v 0.093380 -0.040368 0.870500
v 0.093400 -0.040000 0.890000
v 0.093400 -0.040000 0.870500
v 0.090184 -0.043395 0.890000
v 0.089816 -0.043395 0.870500
v 0.089816 -0.043395 0.890000
v 0.089450 -0.043355 0.870500
v 0.089450 -0.043355 0.890000
v 0.089090 -0.043276 0.870500
v 0.089090 -0.043276 0.890000
v 0.088742 -0.043159 0.870500
v 0.088742 -0.043159 0.890000
v 0.088407 -0.043004 0.870500
v 0.088407 -0.043004 0.890000
v 0.088092 -0.042814 0.870500
v 0.088092 -0.042814 0.890000
v 0.087799 -0.042591 0.870500
v 0.087799 -0.042591 0.890000
v 0.087532 -0.042338 0.870500
v 0.087532 -0.042338 0.890000
v 0.087293 -0.042058 0.870500
v 0.087293 -0.042058 0.890000
v 0.087087 -0.041753 0.870500
v 0.087087 -0.041753 0.890000
v 0.086914 -0.041428 0.870500
v 0.086914 -0.041428 0.890000
v 0.086778 -0.041086 0.870500
v 0.086778 -0.041086 0.890000
v 0.086680 -0.040731 0.870500
v 0.086680 -0.040731 0.890000
v 0.086620 -0.040368 0.870500
v 0.086620 -0.040368 0.890000
v 0.086600 -0.040000 0.870500
v 0.086600 -0.040000 0.890000
v 0.030600 -0.035600 0.870500
v 0.039400 -0.035600 0.870500
v 0.035184 -0.036605 0.870500
v 0.034816 -0.036605 0.870500
v 0.034450 -0.036645 0.870500
v 0.034090 -0.036724 0.870500
v 0.033742 -0.036842 0.870500
v 0.033407 -0.036996 0.870500
v 0.033092 -0.037186 0.870500
v 0.032799 -0.037409 0.870500
v 0.032532 -0.037662 0.870500
v 0.032293 -0.037942 0.870500
v 0.032087 -0.038247 0.870500
v 0.031914 -0.038572 0.870500
v 0.031778 -0.038914 0.870500
v 0.031680 -0.039269 0.870500
v 0.030600 -0.044400 0.870500
v 0.031620 -0.039632 0.870500
v 0.031600 -0.040000 0.870500
v 0.031620 -0.040368 0.870500
v 0.031680 -0.040731 0.870500
v 0.031778 -0.041086 0.870500
v 0.031914 -0.041428 0.870500
v 0.032087 -0.041753 0.870500
v 0.032293 -0.042058 0.870500
v 0.032532 -0.042338 0.870500
v 0.032799 -0.042591 0.870500
v 0.033092 -0.042814 0.870500
v 0.033407 -0.043004 0.870500
v 0.033742 -0.043159 0.870500
v 0.034090 -0.043276 0.870500
v 0.034450 -0.043355 0.870500
v 0.034816 -0.043395 0.870500
v 0.035184 -0.043395 0.870500
v 0.039400 -0.044400 0.870500
v 0.035550 -0.043355 0.870500
v 0.035910 -0.043276 0.870500
v 0.036259 -0.043159 0.870500
v 0.036593 -0.043004 0.870500
v 0.036908 -0.042814 0.870500
v 0.037201 -0.042591 0.870500
v 0.037468 -0.042338 0.870500
v 0.037707 -0.042058 0.870500
v 0.037913 -0.041753 0.870500
v 0.038086 -0.041428 0.870500
v 0.038222 -0.041086 0.870500
v 0.038321 -0.040731 0.870500
v 0.038380 -0.040368 0.870500
v 0.038400 -0.040000 0.870500
v 0.038380 -0.039632 0.870500
v 0.038321 -0.039269 0.870500
v 0.038222 -0.038914 0.870500
v 0.038086 -0.038572 0.870500
v 0.037913 -0.038247 0.870500
v 0.037707 -0.037942 0.870500
v 0.037468 -0.037662 0.870500
v 0.037201 -0.037409 0.870500
v 0.036908 -0.037186 0.870500
v 0.036593 -0.036996 0.870500
v 0.036259 -0.036842 0.870500
v 0.035910 -0.036724 0.870500
v 0.035550 -0.036645 0.870500
v 0.039400 -0.044400 0.890000
v 0.039400 -0.035600 0.890000
v 0.038321 -0.040731 0.890000
v 0.038222 -0.041086 0.890000
v 0.038086 -0.041428 0.890000
v 0.037913 -0.041753 0.890000
v 0.037707 -0.042058 0.890000
v 0.037468 -0.042338 0.890000
v 0.037201 -0.042591 0.890000
v 0.036908 -0.042814 0.890000
v 0.036593 -0.043004 0.890000
v 0.036259 -0.043159 0.890000
v 0.035910 -0.043276 0.890000
v 0.035550 -0.043355 0.890000
v 0.035184 -0.043395 0.890000
v 0.034816 -0.043395 0.890000
v 0.030600 -0.044400 0.890000
v 0.030600 -0.035600 0.890000
v 0.034816 -0.036605 0.890000
v 0.035184 -0.036605 0.890000
v 0.035550 -0.036645 0.890000
v 0.035910 -0.036724 0.890000
v 0.036259 -0.036842 0.890000
v 0.036593 -0.036996 0.890000
v 0.036908 -0.037186 0.890000
v 0.037201 -0.037409 0.890000
v 0.037468 -0.037662 0.890000
v 0.037707 -0.037942 0.890000
v 0.037913 -0.038247 0.890000
v 0.038086 -0.038572 0.890000
v 0.038222 -0.038914 0.890000
v 0.038321 -0.039269 0.890000
v 0.038380 -0.039632 0.890000
v 0.038400 -0.040000 0.890000
v 0.038380 -0.040368 0.890000
v 0.031680 -0.040731 0.890000
v 0.031620 -0.040368 0.890000
v 0.031600 -0.040000 0.890000
v 0.031620 -0.039632 0.890000
v 0.031680 -0.039269 0.890000
v 0.031778 -0.038914 0.890000
v 0.031914 -0.038572 0.890000
v 0.032087 -0.038247 0.890000
v 0.032293 -0.037942 0.890000
v 0.032532 -0.037662 0.890000
v 0.032799 -0.037409 0.890000
v 0.033092 -0.037186 0.890000
v 0.033407 -0.036996 0.890000
v 0.033742 -0.036842 0.890000
v 0.034090 -0.036724 0.890000
v 0.034450 -0.036645 0.890000
v 0.034450 -0.043355 0.890000
v 0.034090 -0.043276 0.890000
v 0.033742 -0.043159 0.890000
v 0.033407 -0.043004 0.890000
v 0.033092 -0.042814 0.890000
v 0.032799 -0.042591 0.890000
v 0.032532 -0.042338 0.890000
v 0.032293 -0.042058 0.890000
v 0.032087 -0.041753 0.890000
v 0.031914 -0.041428 0.890000
v 0.031778 -0.041086 0.890000
v 0.030600 -0.044400 0.890000
v 0.030600 -0.035600 0.890000
v 0.030600 -0.044400 0.870500
v 0.030600 -0.035600 0.870500
v 0.039400 -0.044400 0.890000
v 0.030600 -0.044400 0.890000
v 0.039400 -0.044400 0.870500
v 0.030600 -0.044400 0.870500
v 0.039400 -0.035600 0.890000
v 0.039400 -0.044400 0.890000
v 0.039400 -0.035600 0.870500
v 0.039400 -0.044400 0.870500
v 0.030600 -0.035600 0.890000
v 0.039400 -0.035600 0.890000
v 0.030600 -0.035600 0.870500
v 0.039400 -0.035600 0.870500
v 0.034816 -0.036605 0.870500
v 0.034450 -0.036645 0.890000
v 0.034450 -0.036645 0.870500
v 0.034090 -0.036724 0.890000
v 0.034090 -0.036724 0.870500
v 0.033742 -0.036842 0.890000
v 0.033742 -0.036842 0.870500
v 0.033407 -0.036996 0.890000
v 0.033407 -0.036996 0.870500
v 0.033092 -0.037186 0.890000
v 0.033092 -0.037186 0.870500
v 0.032799 -0.037409 0.890000
v 0.032799 -0.037409 0.870500
v 0.032532 -0.037662 0.890000
v 0.032532 -0.037662 0.870500
v 0.032293 -0.037942 0.890000
v 0.032293 -0.037942 0.870500
v 0.032087 -0.038247 0.890000
v 0.032087 -0.038247 0.870500
v 0.031914 -0.038572 0.890000
v 0.031914 -0.038572 0.870500
v 0.031778 -0.038914 0.890000
v 0.031778 -0.038914 0.870500
v 0.031680 -0.039269 0.890000
v 0.031680 -0.039269 0.870500
v 0.031620 -0.039632 0.890000
v 0.031620 -0.039632 0.870500
v 0.031600 -0.040000 0.890000
v 0.031600 -0.040000 0.870500
v 0.034816 -0.036605 0.890000
v 0.035184 -0.036605 0.870500
v 0.035184 -0.036605 0.890000
v 0.035550 -0.036645 0.870500
v 0.035550 -0.036645 0.890000
v 0.035910 -0.036724 0.870500
v 0.035910 -0.036724 0.890000
v 0.036259 -0.036842 0.870500
v 0.036259 -0.036842 0.890000
v 0.036593 -0.036996 0.870500
v 0.036593 -0.036996 0.890000
v 0.036908 -0.037186 0.870500
v 0.036908 -0.037186 0.890000
v 0.037201 -0.037409 0.870500
v 0.037201 -0.037409 0.890000
v 0.037468 -0.037662 0.870500
v 0.037468 -0.037662 0.890000
v 0.037707 -0.037942 0.870500
v 0.037707 -0.037942 0.890000
v 0.037913 -0.038247 0.870500
v 0.037913 -0.038247 0.890000
v 0.038086 -0.038572 0.870500
v 0.038086 -0.038572 0.890000
v 0.038222 -0.038914 0.870500
v 0.038222 -0.038914 0.890000
v 0.038321 -0.039269 0.870500
v 0.038321 -0.039269 0.890000
v 0.038380 -0.039632 0.870500
v 0.038380 -0.039632 0.890000
v 0.038400 -0.040000 0.870500
v 0.038400 -0.040000 0.890000
v 0.035184 -0.043395 0.870500
v 0.035550 -0.043355 0.890000
v 0.035550 -0.043355 0.870500
v 0.035910 -0.043276 0.890000
v 0.035910 -0.043276 0.870500
v 0.036259 -0.043159 0.890000
v 0.036259 -0.043159 0.870500
v 0.036593 -0.043004 0.890000
v 0.036593 -0.043004 0.870500
v 0.036908 -0.042814 0.890000
v 0.036908 -0.042814 0.870500
v 0.037201 -0.042591 0.890000
v 0.037201 -0.042591 0.870500
v 0.037468 -0.042338 0.890000
v 0.037468 -0.042338 0.870500
v 0.037707 -0.042058 0.890000
v 0.037707 -0.042058 0.870500
v 0.037913 -0.041753 0.890000
v 0.037913 -0.041753 0.870500
v 0.038086 -0.041428 0.890000
v 0.038086 -0.041428 0.870500
v 0.038222 -0.041086 0.890000
v 0.038222 -0.041086 0.870500
v 0.038321 -0.040731 0.890000
v 0.038321 -0.040731 0.870500
v 0.038380 -0.040368 0.890000
v 0.038380 -0.040368 0.870500
v 0.038400 -0.040000 0.890000
v 0.038400 -0.040000 0.870500
v 0.035184 -0.043395 0.890000
v 0.034816 -0.043395 0.870500
v 0.034816 -0.043395 0.890000
v 0.034450 -0.043355 0.870500
v 0.034450 -0.043355 0.890000
v 0.034090 -0.043276 0.870500
v 0.034090 -0.043276 0.890000
v 0.033742 -0.043159 0.870500
v 0.033742 -0.043159 0.890000
v 0.033407 -0.043004 0.870500
v 0.033407 -0.043004 0.890000
v 0.033092 -0.042814 0.870500
v 0.033092 -0.042814 0.890000
v 0.032799 -0.042591 0.870500
v 0.032799 -0.042591 0.890000
v 0.032532 -0.042338 0.870500
v 0.032532 -0.042338 0.890000
v 0.032293 -0.042058 0.870500
v 0.032293 -0.042058 0.890000
v 0.032087 -0.041753 0.870500
v 0.032087 -0.041753 0.890000
v 0.031914 -0.041428 0.870500
v 0.031914 -0.041428 0.890000
v 0.031778 -0.041086 0.870500
v 0.031778 -0.041086 0.890000
v 0.031680 -0.040731 0.870500
v 0.031680 -0.040731 0.890000
v 0.031620 -0.040368 0.870500
v 0.031620 -0.040368 0.890000
v 0.031600 -0.040000 0.870500
v 0.031600 -0.040000 0.890000
v 0.030600 0.044400 0.870500
v 0.039400 0.044400 0.870500
v 0.035184 0.043395 0.870500
v 0.034816 0.043395 0.870500
v 0.034450 0.043355 0.870500
v 0.034090 0.043276 0.870500
v 0.033742 0.043159 0.870500
v 0.033407 0.043004 0.870500
v 0.033092 0.042814 0.870500
v 0.032799 0.042591 0.870500
v 0.032532 0.042338 0.870500
v 0.032293 0.042058 0.870500
v 0.032087 0.041753 0.870500
v 0.031914 0.041428 0.870500
v 0.031778 0.041086 0.870500
v 0.031680 0.040731 0.870500
v 0.030600 0.035600 0.870500
v 0.031620 0.040368 0.870500
v 0.031600 0.040000 0.870500
v 0.031620 0.039632 0.870500
v 0.031680 0.039269 0.870500
v 0.031778 0.038914 0.870500
v 0.031914 0.038572 0.870500
v 0.032087 0.038247 0.870500
v 0.032293 0.037942 0.870500
v 0.032532 0.037662 0.870500
v 0.032799 0.037409 0.870500
v 0.033092 0.037186 0.870500
v 0.033407 0.036996 0.870500
v 0.033742 0.036842 0.870500
v 0.034090 0.036724 0.870500
v 0.034450 0.036645 0.870500
v 0.034816 0.036605 0.870500
v 0.035184 0.036605 0.870500
v 0.039400 0.035600 0.870500
v 0.035550 0.036645 0.870500
v 0.035910 0.036724 0.870500
v 0.036259 0.036842 0.870500
v 0.036593 0.036996 0.870500
v 0.036908 0.037186 0.870500
v 0.037201 0.037409 0.870500
v 0.037468 0.037662 0.870500
v 0.037707 0.037942 0.870500
v 0.037913 0.038247 0.870500
v 0.038086 0.038572 0.870500
v 0.038222 0.038914 0.870500
v 0.038321 0.039269 0.870500
v 0.038380 0.039632 0.870500
v 0.038400 0.040000 0.870500
v 0.038380 0.040368 0.870500
v 0.038321 0.040731 0.870500
v 0.038222 0.041086 0.870500
v 0.038086 0.041428 0.870500
v 0.037913 0.041753 0.870500
v 0.037707 0.042058 0.870500
v 0.037468 0.042338 0.870500
v 0.037201 0.042591 0.870500
v 0.036908 0.042814 0.870500
v 0.036593 0.043004 0.870500
v 0.036259 0.043159 0.870500
v 0.035910 0.043276 0.870500
v 0.035550 0.043355 0.870500
v 0.039400 0.035600 0.890000
v 0.039400 0.044400 0.890000
v 0.038321 0.039269 0.890000
v 0.038222 0.038914 0.890000
v 0.038086 0.038572 0.890000
v 0.037913 0.038247 0.890000
v 0.037707 0.037942 0.890000
v 0.037468 0.037662 0.890000
v 0.037201 0.037409 0.890000
v 0.036908 0.037186 0.890000
v 0.036593 0.036996 0.890000
v 0.036259 0.036842 0.890000
v 0.035910 0.036724 0.890000
v 0.035550 0.036645 0.890000
v 0.035184 0.036605 0.890000
v 0.034816 0.036605 0.890000
v 0.030600 0.035600 0.890000
v 0.030600 0.044400 0.890000
v 0.034816 0.043395 0.890000
v 0.035184 0.043395 0.890000
v 0.035550 0.043355 0.890000
v 0.035910 0.043276 0.890000
v 0.036259 0.043159 0.890000
v 0.036593 0.043004 0.890000
v 0.036908 0.042814 0.890000
v 0.037201 0.042591 0.890000
v 0.037468 0.042338 0.890000
v 0.037707 0.042058 0.890000
v 0.037913 0.041753 0.890000
v 0.038086 0.041428 0.890000
v 0.038222 0.041086 0.890000
v 0.038321 0.040731 0.890000
v 0.038380 0.040368 0.890000
v 0.038400 0.040000 0.890000
v 0.038380 0.039632 0.890000
v 0.031680 0.039269 0.890000
v 0.031620 0.039632 0.890000
v 0.031600 0.040000 0.890000
v 0.031620 0.040368 0.890000
v 0.031680 0.040731 0.890000
v 0.031778 0.041086 0.890000
v 0.031914 0.041428 0.890000
v 0.032087 0.041753 0.890000
v 0.032293 0.042058 0.890000
v 0.032532 0.042338 0.890000
v 0.032799 0.042591 0.890000
v 0.033092 0.042814 0.890000
v 0.033407 0.043004 0.890000
v 0.033742 0.043159 0.890000
v 0.034090 0.043276 0.890000
v 0.034450 0.043355 0.890000
v 0.034450 0.036645 0.890000
v 0.034090 0.036724 0.890000
v 0.033742 0.036842 0.890000
v 0.033407 0.036996 0.890000
v 0.033092 0.037186 0.890000
v 0.032799 0.037409 0.890000
v 0.032532 0.037662 0.890000
v 0.032293 0.037942 0.890000
v 0.032087 0.038247 0.890000
v 0.031914 0.038572 0.890000
v 0.031778 0.038914 0.890000
v 0.030600 0.035600 0.890000
v 0.030600 0.044400 0.890000
v 0.030600 0.035600 0.870500
v 0.030600 0.044400 0.870500
v 0.039400 0.035600 0.890000
v 0.030600 0.035600 0.890000
v 0.039400 0.035600 0.870500
v 0.030600 0.035600 0.870500
v 0.039400 0.044400 0.890000
v 0.039400 0.035600 0.890000
v 0.039400 0.044400 0.870500
v 0.039400 0.035600 0.870500
v 0.030600 0.044400 0.890000
v 0.039400 0.044400 0.890000
v 0.030600 0.044400 0.870500
v 0.039400 0.044400 0.870500
v 0.034816 0.043395 0.870500
v 0.034450 0.043355 0.890000
v 0.034450 0.043355 0.870500
v 0.034090 0.043276 0.890000
v 0.034090 0.043276 0.870500
v 0.033742 0.043159 0.890000
v 0.033742 0.043159 0.870500
v 0.033407 0.043004 0.890000
v 0.033407 0.043004 0.870500
v 0.033092 0.042814 0.890000
v 0.033092 0.042814 0.870500
v 0.032799 0.042591 0.890000
v 0.032799 0.042591 0.870500
v 0.032532 0.042338 0.890000
v 0.032532 0.042338 0.870500
v 0.032293 0.042058 0.890000
v 0.032293 0.042058 0.870500
v 0.032087 0.041753 0.890000
v 0.032087 0.041753 0.870500
v 0.031914 0.041428 0.890000
v 0.031914 0.041428 0.870500
v 0.031778 0.041086 0.890000
v 0.031778 0.041086 0.870500
v 0.031680 0.040731 0.890000
v 0.031680 0.040731 0.870500
v 0.031620 0.040368 0.890000
v 0.031620 0.040368 0.870500
v 0.031600 0.040000 0.890000
v 0.031600 0.040000 0.870500
v 0.034816 0.043395 0.890000
v 0.035184 0.043395 0.870500
v 0.035184 0.043395 0.890000
v 0.035550 0.043355 0.870500
v 0.035550 0.043355 0.890000
v 0.035910 0.043276 0.870500
v 0.035910 0.043276 0.890000
v 0.036259 0.043159 0.870500
v 0.036259 0.043159 0.890000
v 0.036593 0.043004 0.870500
v 0.036593 0.043004 0.890000
v 0.036908 0.042814 0.870500
v 0.036908 0.042814 0.890000
v 0.037201 0.042591 0.870500
v 0.037201 0.042591 0.890000
v 0.037468 0.042338 0.870500
v 0.037468 0.042338 0.890000
v 0.037707 0.042058 0.870500
v 0.037707 0.042058 0.890000
v 0.037913 0.041753 0.870500
v 0.037913 0.041753 0.890000
v 0.038086 0.041428 0.870500
v 0.038086 0.041428 0.890000
v 0.038222 0.041086 0.870500
v 0.038222 0.041086 0.890000
v 0.038321 0.040731 0.870500
v 0.038321 0.040731 0.890000
v 0.038380 0.040368 0.870500
v 0.038380 0.040368 0.890000
v 0.038400 0.040000 0.870500
v 0.038400 0.040000 0.890000
v 0.035184 0.036605 0.870500
v 0.035550 0.036645 0.890000
v 0.035550 0.036645 0.870500
v 0.035910 0.036724 0.890000
v 0.035910 0.036724 0.870500
v 0.036259 0.036842 0.890000
v 0.036259 0.036842 0.870500
v 0.036593 0.036996 0.890000
v 0.036593 0.036996 0.870500
v 0.036908 0.037186 0.890000
v 0.036908 0.037186 0.870500
v 0.037201 0.037409 0.890000
v 0.037201 0.037409 0.870500
v 0.037468 0.037662 0.890000
v 0.037468 0.037662 0.870500
v 0.037707 0.037942 0.890000
v 0.037707 0.037942 0.870500
v 0.037913 0.038247 0.890000
v 0.037913 0.038247 0.870500
v 0.038086 0.038572 0.890000
v 0.038086 0.038572 0.870500
v 0.038222 0.038914 0.890000
v 0.038222 0.038914 0.870500
v 0.038321 0.039269 0.890000
v 0.038321 0.039269 0.870500
v 0.038380 0.039632 0.890000
v 0.038380 0.039632 0.870500
v 0.038400 0.040000 0.890000
v 0.038400 0.040000 0.870500
v 0.035184 0.036605 0.890000
v 0.034816 0.036605 0.870500
v 0.034816 0.036605 0.890000
v 0.034450 0.036645 0.870500
v 0.034450 0.036645 0.890000
v 0.034090 0.036724 0.870500
v 0.034090 0.036724 0.890000
v 0.033742 0.036842 0.870500
v 0.033742 0.036842 0.890000
v 0.033407 0.036996 0.870500
v 0.033407 0.036996 0.890000
v 0.033092 0.037186 0.870500
v 0.033092 0.037186 0.890000
v 0.032799 0.037409 0.870500
v 0.032799 0.037409 0.890000
v 0.032532 0.037662 0.870500
v 0.032532 0.037662 0.890000
v 0.032293 0.037942 0.870500
v 0.032293 0.037942 0.890000
v 0.032087 0.038247 0.870500
v 0.032087 0.038247 0.890000
v 0.031914 0.038572 0.870500
v 0.031914 0.038572 0.890000
v 0.031778 0.038914 0.870500
v 0.031778 0.038914 0.890000
v 0.031680 0.039269 0.870500
v 0.031680 0.039269 0.890000
v 0.031620 0.039632 0.870500
v 0.031620 0.039632 0.890000
v 0.031600 0.040000 0.870500
v 0.031600 0.040000 0.890000
v 0.086100 0.043900 0.870500
v 0.093900 0.043900 0.870500
v 0.086100 0.043900 0.890000
v 0.093900 0.043900 0.890000
v 0.086100 0.043900 0.870500
v 0.086100 0.036100 0.870500
v 0.086600 0.040000 0.870500
v 0.087055 0.041700 0.870500
v 0.088300 0.042945 0.870500
v 0.090000 0.043400 0.870500
v 0.093900 0.043900 0.870500
v 0.093900 0.036100 0.870500
v 0.090000 0.036600 0.870500
v 0.088300 0.037056 0.870500
v 0.087055 0.038300 0.870500
v 0.093400 0.040000 0.870500
v 0.092945 0.038300 0.870500
v 0.091700 0.037056 0.870500
v 0.091700 0.042945 0.870500
v 0.092945 0.041700 0.870500
v 0.086100 0.036100 0.870500
v 0.086100 0.043900 0.870500
v 0.086100 0.036100 0.890000
v 0.086100 0.043900 0.890000
v 0.093900 0.043900 0.870500
v 0.093900 0.036100 0.870500
v 0.093900 0.043900 0.890000
v 0.093900 0.036100 0.890000
v 0.093900 0.036100 0.870500
v 0.086100 0.036100 0.870500
v 0.093900 0.036100 0.890000
v 0.086100 0.036100 0.890000
v 0.031100 0.043900 0.870500
v 0.038900 0.043900 0.870500
v 0.031100 0.043900 0.890000
v 0.038900 0.043900 0.890000
v 0.031100 0.043900 0.870500
v 0.031100 0.036100 0.870500
v 0.031600 0.040000 0.870500
v 0.032056 0.041700 0.870500
v 0.033300 0.042945 0.870500
v 0.035000 0.043400 0.870500
v 0.038900 0.043900 0.870500
v 0.038900 0.036100 0.870500
v 0.035000 0.036600 0.870500
v 0.033300 0.037056 0.870500
v 0.032056 0.038300 0.870500
v 0.038400 0.040000 0.870500
v 0.037945 0.038300 0.870500
v 0.036700 0.037056 0.870500
v 0.036700 0.042945 0.870500
v 0.037945 0.041700 0.870500
v 0.031100 0.036100 0.870500
v 0.031100 0.043900 0.870500
v 0.031100 0.036100 0.890000
v 0.031100 0.043900 0.890000
v 0.038900 0.043900 0.870500
v 0.038900 0.036100 0.870500
v 0.038900 0.043900 0.890000
v 0.038900 0.036100 0.890000
v 0.038900 0.036100 0.870500
v 0.031100 0.036100 0.870500
v 0.038900 0.036100 0.890000
v 0.031100 0.036100 0.890000
v 0.086100 -0.036100 0.870500
v 0.093900 -0.036100 0.870500
v 0.086100 -0.036100 0.890000
v 0.093900 -0.036100 0.890000
v 0.086100 -0.036100 0.870500
v 0.086100 -0.043900 0.870500
v 0.086600 -0.040000 0.870500
v 0.087055 -0.038300 0.870500
v 0.088300 -0.037056 0.870500
v 0.090000 -0.036600 0.870500
v 0.093900 -0.036100 0.870500
v 0.093900 -0.043900 0.870500
v 0.090000 -0.043400 0.870500
v 0.088300 -0.042945 0.870500
v 0.087055 -0.041700 0.870500
v 0.093400 -0.040000 0.870500
v 0.092945 -0.041700 0.870500
v 0.091700 -0.042945 0.870500
v 0.091700 -0.037056 0.870500
v 0.092945 -0.038300 0.870500
v 0.086100 -0.043900 0.870500
v 0.086100 -0.036100 0.870500
v 0.086100 -0.043900 0.890000
v 0.086100 -0.036100 0.890000
v 0.093900 -0.036100 0.870500
v 0.093900 -0.043900 0.870500
v 0.093900 -0.036100 0.890000
v 0.093900 -0.043900 0.890000
v 0.093900 -0.043900 0.870500
v 0.086100 -0.043900 0.870500
v 0.093900 -0.043900 0.890000
v 0.086100 -0.043900 0.890000
v 0.031100 -0.036100 0.870500
v 0.038900 -0.036100 0.870500
v 0.031100 -0.036100 0.890000
v 0.038900 -0.036100 0.890000
v 0.031100 -0.036100 0.870500
v 0.031100 -0.043900 0.870500
v 0.031600 -0.040000 0.870500
v 0.032056 -0.038300 0.870500
v 0.033300 -0.037056 0.870500
v 0.035000 -0.036600 0.870500
v 0.038900 -0.036100 0.870500
v 0.038900 -0.043900 0.870500
v 0.035000 -0.043400 0.870500
v 0.033300 -0.042945 0.870500
v 0.032056 -0.041700 0.870500
v 0.038400 -0.040000 0.870500
v 0.037945 -0.041700 0.870500
v 0.036700 -0.042945 0.870500
v 0.036700 -0.037056 0.870500
v 0.037945 -0.038300 0.870500
v 0.031100 -0.043900 0.870500
v 0.031100 -0.036100 0.870500
v 0.031100 -0.043900 0.890000
v 0.031100 -0.036100 0.890000
v 0.038900 -0.036100 0.870500
v 0.038900 -0.043900 0.870500
v 0.038900 -0.036100 0.890000
v 0.038900 -0.043900 0.890000
v 0.038900 -0.043900 0.870500
v 0.031100 -0.043900 0.870500
v 0.038900 -0.043900 0.890000
v 0.031100 -0.043900 0.890000
v -0.062300 0.024750 0.776750
v -0.062300 0.023134 0.777275
v -0.062300 0.026366 0.777275
v -0.062300 0.022135 0.778650
v -0.062300 0.027365 0.778650
v -0.062300 0.022135 0.780350
v -0.062300 0.027365 0.780350
v -0.062300 0.023134 0.781725
v -0.062300 0.026366 0.781725
v -0.062300 0.024750 0.782250
v -0.062300 0.024750 0.782250
v -0.059300 0.024750 0.782250
v -0.062300 0.026366 0.781725
v -0.059300 0.026366 0.781725
v -0.062300 0.026366 0.781725
v -0.059300 0.026366 0.781725
v -0.062300 0.027365 0.780350
v -0.059300 0.027365 0.780350
v -0.062300 0.027365 0.780350
v -0.059300 0.027365 0.780350
v -0.062300 0.027365 0.778650
v -0.059300 0.027365 0.778650
v -0.062300 0.027365 0.778650
v -0.059300 0.027365 0.778650
v -0.062300 0.026366 0.777275
v -0.059300 0.026366 0.777275
v -0.062300 0.026366 0.777275
v -0.059300 0.026366 0.777275
v -0.062300 0.024750 0.776750
v -0.059300 0.024750 0.776750
v -0.062300 0.024750 0.776750
v -0.059300 0.024750 0.776750
v -0.062300 0.023134 0.777275
v -0.059300 0.023134 0.777275
v -0.062300 0.023134 0.777275
v -0.059300 0.023134 0.777275
v -0.062300 0.022135 0.778650
v -0.059300 0.022135 0.778650
v -0.062300 0.022135 0.778650
v -0.059300 0.022135 0.778650
v -0.062300 0.022135 0.780350
v -0.059300 0.022135 0.780350
v -0.062300 0.022135 0.780350
v -0.059300 0.022135 0.780350
v -0.062300 0.023134 0.781725
v -0.059300 0.023134 0.781725
v -0.062300 0.023134 0.781725
v -0.059300 0.023134 0.781725
v -0.062300 0.024750 0.782250
v -0.059300 0.024750 0.782250
v -0.059300 0.026413 0.783869
v -0.059300 0.028036 0.782786
v -0.059300 0.024500 0.784250
v -0.059300 0.024750 0.782250
v -0.059300 -0.024500 0.784250
v -0.059300 -0.024750 0.782250
v -0.059300 -0.026413 0.783869
v -0.059300 -0.028036 0.782786
v -0.059300 -0.024500 0.753250
v -0.059300 -0.026413 0.753631
v -0.059300 0.024500 0.753250
v -0.059300 -0.024750 0.755250
v -0.059300 0.026413 0.753631
v -0.059300 0.024750 0.755250
v -0.059300 0.028036 0.754714
v -0.059300 -0.028036 0.754714
v -0.059300 -0.026366 0.755775
v -0.059300 -0.029119 0.756337
v -0.059300 -0.027365 0.757150
v -0.059300 -0.029500 0.758250
v -0.059300 -0.027365 0.758850
v -0.059300 -0.029119 0.781163
v -0.059300 -0.026366 0.781725
v -0.059300 -0.027365 0.780350
v -0.059300 0.023134 0.755775
v -0.059300 -0.023134 0.755775
v -0.059300 0.022135 0.757150
v -0.059300 -0.022135 0.757150
v -0.059300 0.022135 0.758850
v -0.059300 -0.022135 0.758850
v -0.059300 0.023134 0.760225
v -0.059300 -0.023134 0.760225
v -0.059300 0.024750 0.760750
v -0.059300 -0.024750 0.760750
v -0.059300 0.024750 0.776750
v -0.059300 -0.024750 0.776750
v -0.059300 0.023134 0.777275
v -0.059300 -0.023134 0.777275
v -0.059300 0.022135 0.778650
v -0.059300 -0.022135 0.778650
v -0.059300 0.022135 0.780350
v -0.059300 -0.022135 0.780350
v -0.059300 0.023134 0.781725
v -0.059300 -0.023134 0.781725
v -0.059300 0.026366 0.755775
v -0.059300 0.029119 0.756337
v -0.059300 0.026366 0.781725
v -0.059300 0.029119 0.781163
v -0.059300 0.027365 0.780350
v -0.059300 0.029500 0.758250
v -0.059300 0.027365 0.757150
v -0.059300 0.027365 0.758850
v -0.059300 0.029500 0.779250
v -0.059300 -0.029500 0.779250
v -0.059300 -0.027365 0.778650
v -0.059300 -0.026366 0.777275
v -0.059300 -0.026366 0.760225
v -0.059300 0.026366 0.760225
v -0.059300 0.026366 0.777275
v -0.059300 0.027365 0.778650
v -0.055300 0.024500 0.753250
v -0.055300 -0.024500 0.753250
v -0.059300 0.024500 0.753250
v -0.059300 -0.024500 0.753250
v -0.059300 -0.024500 0.753250
v -0.055300 -0.024500 0.753250
v -0.059300 -0.026413 0.753631
v -0.055300 -0.026413 0.753631
v -0.059300 -0.028036 0.754714
v -0.055300 -0.028036 0.754714
v -0.059300 -0.029119 0.756337
v -0.055300 -0.029119 0.756337
v -0.059300 -0.029500 0.758250
v -0.055300 -0.029500 0.758250
v -0.055300 -0.029500 0.758250
v -0.055300 -0.029500 0.779250
v -0.059300 -0.029500 0.758250
v -0.059300 -0.029500 0.779250
v -0.059300 -0.029500 0.779250
v -0.055300 -0.029500 0.779250
v -0.059300 -0.029119 0.781163
v -0.055300 -0.029119 0.781163
v -0.059300 -0.028036 0.782786
v -0.055300 -0.028036 0.782786
v -0.059300 -0.026413 0.783869
v -0.055300 -0.026413 0.783869
v -0.059300 -0.024500 0.784250
v -0.055300 -0.024500 0.784250
v -0.055300 -0.024500 0.784250
v -0.055300 0.024500 0.784250
v -0.059300 -0.024500 0.784250
v -0.059300 0.024500 0.784250
v -0.059300 0.024500 0.784250
v -0.055300 0.024500 0.784250
v -0.059300 0.026413 0.783869
v -0.055300 0.026413 0.783869
v -0.059300 0.028036 0.782786
v -0.055300 0.028036 0.782786
v -0.059300 0.029119 0.781163
v -0.055300 0.029119 0.781163
v -0.059300 0.029500 0.779250
v -0.055300 0.029500 0.779250
v -0.055300 0.029500 0.779250
v -0.055300 0.029500 0.758250
v -0.059300 0.029500 0.779250
v -0.059300 0.029500 0.758250
v -0.059300 0.029500 0.758250
v -0.055300 0.029500 0.758250
v -0.059300 0.029119 0.756337
v -0.055300 0.029119 0.756337
v -0.059300 0.028036 0.754714
v -0.055300 0.028036 0.754714
v -0.059300 0.026413 0.753631
v -0.055300 0.026413 0.753631
v -0.059300 0.024500 0.753250
v -0.055300 0.024500 0.753250
v -0.062300 0.024750 0.755250
v -0.059300 0.024750 0.755250
v -0.062300 0.023134 0.755775
v -0.059300 0.023134 0.755775
v -0.062300 0.023134 0.755775
v -0.059300 0.023134 0.755775
v -0.062300 0.022135 0.757150
v -0.059300 0.022135 0.757150
v -0.062300 0.022135 0.757150
v -0.059300 0.022135 0.757150
v -0.062300 0.022135 0.758850
v -0.059300 0.022135 0.758850
v -0.062300 0.022135 0.758850
v -0.059300 0.022135 0.758850
v -0.062300 0.023134 0.760225
v -0.059300 0.023134 0.760225
v -0.062300 0.023134 0.760225
v -0.059300 0.023134 0.760225
v -0.062300 0.024750 0.760750
v -0.059300 0.024750 0.760750
v -0.062300 0.024750 0.760750
v -0.059300 0.024750 0.760750
v -0.062300 0.026366 0.760225
v -0.059300 0.026366 0.760225
v -0.062300 0.026366 0.760225
v -0.059300 0.026366 0.760225
v -0.062300 0.027365 0.758850
v -0.059300 0.027365 0.758850
v -0.062300 0.027365 0.758850
v -0.059300 0.027365 0.758850
v -0.062300 0.027365 0.757150
v -0.059300 0.027365 0.757150
v -0.062300 0.027365 0.757150
v -0.059300 0.027365 0.757150
v -0.062300 0.026366 0.755775
v -0.059300 0.026366 0.755775
v -0.062300 0.026366 0.755775
v -0.059300 0.026366 0.755775
v -0.062300 0.024750 0.755250
v -0.059300 0.024750 0.755250
v -0.062300 -0.024750 0.755250
v -0.059300 -0.024750 0.755250
v -0.062300 -0.026366 0.755775
v -0.059300 -0.026366 0.755775
v -0.062300 -0.026366 0.755775
v -0.059300 -0.026366 0.755775
v -0.062300 -0.027365 0.757150
v -0.059300 -0.027365 0.757150
v -0.062300 -0.027365 0.757150
v -0.059300 -0.027365 0.757150
v -0.062300 -0.027365 0.758850
v -0.059300 -0.027365 0.758850
v -0.062300 -0.027365 0.758850
v -0.059300 -0.027365 0.758850
v -0.062300 -0.026366 0.760225
v -0.059300 -0.026366 0.760225
v -0.062300 -0.026366 0.760225
v -0.059300 -0.026366 0.760225
v -0.062300 -0.024750 0.760750
v -0.059300 -0.024750 0.760750
v -0.062300 -0.024750 0.760750
v -0.059300 -0.024750 0.760750
v -0.062300 -0.023134 0.760225
v -0.059300 -0.023134 0.760225
v -0.062300 -0.023134 0.760225
v -0.059300 -0.023134 0.760225
v -0.062300 -0.022135 0.758850
v -0.059300 -0.022135 0.758850
v -0.062300 -0.022135 0.758850
v -0.059300 -0.022135 0.758850
v -0.062300 -0.022135 0.757150
v -0.059300 -0.022135 0.757150
v -0.062300 -0.022135 0.757150
v -0.059300 -0.022135 0.757150
v -0.062300 -0.023134 0.755775
v -0.059300 -0.023134 0.755775
v -0.062300 -0.023134 0.755775
v -0.059300 -0.023134 0.755775
v -0.062300 -0.024750 0.755250
v -0.059300 -0.024750 0.755250
v -0.062300 -0.024750 0.776750
v -0.059300 -0.024750 0.776750
v -0.062300 -0.026366 0.777275
v -0.059300 -0.026366 0.777275
v -0.062300 -0.026366 0.777275
v -0.059300 -0.026366 0.777275
v -0.062300 -0.027365 0.778650
v -0.059300 -0.027365 0.778650
v -0.062300 -0.027365 0.778650
v -0.059300 -0.027365 0.778650
v -0.062300 -0.027365 0.780350
v -0.059300 -0.027365 0.780350
v -0.062300 -0.027365 0.780350
v -0.059300 -0.027365 0.780350
v -0.062300 -0.026366 0.781725
v -0.059300 -0.026366 0.781725
v -0.062300 -0.026366 0.781725
v -0.059300 -0.026366 0.781725
v -0.062300 -0.024750 0.782250
v -0.059300 -0.024750 0.782250
v -0.062300 -0.024750 0.782250
v -0.059300 -0.024750 0.782250
v -0.062300 -0.023134 0.781725
v -0.059300 -0.023134 0.781725
v -0.062300 -0.023134 0.781725
v -0.059300 -0.023134 0.781725
v -0.062300 -0.022135 0.780350
v -0.059300 -0.022135 0.780350
v -0.062300 -0.022135 0.780350
v -0.059300 -0.022135 0.780350
v -0.062300 -0.022135 0.778650
v -0.059300 -0.022135 0.778650
v -0.062300 -0.022135 0.778650
v -0.059300 -0.022135 0.778650
v -0.062300 -0.023134 0.777275
v -0.059300 -0.023134 0.777275
v -0.062300 -0.023134 0.777275
v -0.059300 -0.023134 0.777275
v -0.062300 -0.024750 0.776750
v -0.059300 -0.024750 0.776750
v -0.055300 0.026000 0.751750
v -0.055300 0.029536 0.753214
v -0.055300 0.027913 0.752131
v -0.055300 0.024500 0.753250
v -0.055300 -0.026000 0.751750
v -0.055300 -0.024500 0.753250
v -0.055300 -0.027913 0.752131
v -0.055300 -0.029536 0.753214
v -0.055300 0.024500 0.784250
v -0.055300 0.027913 0.785369
v -0.055300 0.029536 0.784286
v -0.055300 0.026000 0.785750
v -0.055300 -0.024500 0.784250
v -0.055300 -0.026000 0.785750
v -0.055300 -0.029536 0.784286
v -0.055300 -0.027913 0.785369
v -0.055300 -0.026413 0.783869
v -0.055300 -0.028036 0.782786
v -0.055300 -0.030619 0.782663
v -0.055300 -0.029119 0.781163
v -0.055300 -0.031000 0.780750
v -0.055300 -0.029500 0.779250
v -0.055300 -0.029500 0.758250
v -0.055300 -0.031000 0.756750
v -0.055300 -0.029119 0.756337
v -0.055300 -0.028036 0.754714
v -0.055300 -0.030619 0.754837
v -0.055300 0.029500 0.779250
v -0.055300 0.029119 0.781163
v -0.055300 0.031000 0.780750
v -0.055300 0.028036 0.782786
v -0.055300 0.030619 0.782663
v -0.055300 0.026413 0.783869
v -0.055300 0.029119 0.756337
v -0.055300 0.029500 0.758250
v -0.055300 0.031000 0.756750
v -0.055300 0.026413 0.753631
v -0.055300 0.028036 0.754714
v -0.055300 0.030619 0.754837
v -0.055300 -0.026413 0.753631
v -0.062300 0.024750 0.755250
v -0.062300 0.023134 0.755775
v -0.062300 0.026366 0.755775
v -0.062300 0.022135 0.757150
v -0.062300 0.027365 0.757150
v -0.062300 0.022135 0.758850
v -0.062300 0.027365 0.758850
v -0.062300 0.023134 0.760225
v -0.062300 0.026366 0.760225
v -0.062300 0.024750 0.760750
v -0.062300 -0.024750 0.755250
v -0.062300 -0.026366 0.755775
v -0.062300 -0.023134 0.755775
v -0.062300 -0.027365 0.757150
v -0.062300 -0.022135 0.757150
v -0.062300 -0.027365 0.758850
v -0.062300 -0.022135 0.758850
v -0.062300 -0.026366 0.760225
v -0.062300 -0.023134 0.760225
v -0.062300 -0.024750 0.760750
v -0.062300 -0.024750 0.776750
v -0.062300 -0.026366 0.777275
v -0.062300 -0.023134 0.777275
v -0.062300 -0.027365 0.778650
v -0.062300 -0.022135 0.778650
v -0.062300 -0.027365 0.780350
v -0.062300 -0.022135 0.780350
v -0.062300 -0.026366 0.781725
v -0.062300 -0.023134 0.781725
v -0.062300 -0.024750 0.782250
v -0.064893 -0.026000 0.785917
v -0.055300 -0.026000 0.785750
v -0.064885 -0.027066 0.785806
v -0.055300 -0.027913 0.785369
v -0.064841 -0.028613 0.785207
v -0.055300 -0.029536 0.784286
v -0.064759 -0.029890 0.784148
v -0.055300 -0.030619 0.782663
v -0.064623 -0.030834 0.782564
v -0.055300 -0.031000 0.780750
v -0.064448 -0.031160 0.780750
v -0.062762 -0.031130 0.768671
v -0.064448 -0.031160 0.780750
v -0.060189 -0.031085 0.756750
v -0.055300 -0.031000 0.780750
v -0.055300 -0.031000 0.756750
v -0.060189 -0.031085 0.756750
v -0.055300 -0.031000 0.756750
v -0.059803 -0.030857 0.755267
v -0.055300 -0.030619 0.754837
v -0.059411 -0.030134 0.753812
v -0.055300 -0.029536 0.753214
v -0.059091 -0.028991 0.752661
v -0.055300 -0.027913 0.752131
v -0.058885 -0.027572 0.751938
v -0.055300 -0.026000 0.751750
v -0.058813 -0.026000 0.751689
v -0.055300 0.026000 0.751750
v -0.058813 0.026000 0.751689
v -0.055300 -0.026000 0.751750
v -0.058813 -0.026000 0.751689
v -0.055300 0.029536 0.753214
v -0.058920 0.027913 0.752062
v -0.055300 0.027913 0.752131
v -0.058813 0.026000 0.751689
v -0.055300 0.026000 0.751750
v -0.059222 0.029546 0.753129
v -0.055300 0.030619 0.754837
v -0.059675 0.030680 0.754783
v -0.055300 0.031000 0.756750
v -0.060189 0.031085 0.756750
v -0.062762 0.031130 0.768671
v -0.060189 0.031085 0.756750
v -0.064448 0.031160 0.780750
v -0.055300 0.031000 0.756750
v -0.055300 0.031000 0.780750
v -0.064682 0.030525 0.783237
v -0.055300 0.029536 0.784286
v -0.064800 0.029365 0.784669
v -0.055300 0.027913 0.785369
v -0.064870 0.027795 0.785595
v -0.055300 0.026000 0.785750
v -0.064893 0.026000 0.785917
v -0.064521 0.031108 0.781489
v -0.064521 0.031108 0.781489
v -0.055300 0.030619 0.782663
v -0.064448 0.031160 0.780750
v -0.055300 0.031000 0.780750
v -0.055300 -0.026000 0.785750
v -0.064893 -0.026000 0.785917
v -0.055300 0.026000 0.785750
v -0.064893 0.026000 0.785917
v -0.063889 0.028000 0.819036
v -0.063923 0.026763 0.818774
v -0.063526 0.035147 0.821628
v -0.063417 0.032271 0.822355
v -0.060189 -0.031085 0.756750
v -0.060411 -0.057648 0.757631
v -0.062762 -0.031130 0.768671
v -0.062709 -0.057608 0.768371
v -0.057324 0.039209 0.848181
v -0.056545 0.049814 0.850533
v -0.057587 0.042436 0.847357
v -0.057907 0.057691 0.846337
v -0.057989 0.044726 0.846071
v -0.063923 0.038237 0.818774
v -0.063931 0.050315 0.818713
v -0.064018 0.039260 0.818031
v -0.064158 0.049401 0.816877
v -0.064133 0.039839 0.817088
v -0.064364 0.049115 0.815051
v -0.064260 0.040043 0.816000
v -0.064893 -0.026000 0.785917
v -0.064885 -0.027066 0.785806
v -0.065140 -0.057566 0.790243
v -0.065017 -0.000000 0.787842
v -0.064893 0.026000 0.785917
v -0.063889 0.037000 0.819036
v -0.063538 0.038114 0.821546
v -0.063606 0.053596 0.821081
v -0.063736 0.051763 0.820164
v -0.056527 0.057715 0.850586
v -0.056415 0.051939 0.850915
v -0.056039 0.053804 0.852001
v -0.055153 0.056721 0.854469
v -0.055545 0.057217 0.853392
v -0.064365 0.057579 0.779963
v -0.062552 0.057611 0.767513
v -0.062572 0.032500 0.767621
v -0.065017 0.032500 0.787842
v -0.065078 0.037000 0.788943
v -0.065108 0.038817 0.789541
v -0.065157 0.039731 0.790622
v -0.065208 0.040060 0.792000
v -0.065225 0.057565 0.792515
v -0.050339 -0.043860 0.728847
v -0.054581 -0.043786 0.739000
v -0.057655 -0.000000 0.747856
v -0.057655 0.032500 0.747856
v -0.051742 0.043835 0.732000
v -0.050339 0.043860 0.728847
v -0.053601 -0.053836 0.858522
v -0.051318 -0.049132 0.863974
v -0.052667 -0.046516 0.860820
v -0.053248 -0.044826 0.859402
v -0.053533 -0.042879 0.858695
v -0.053541 -0.040805 0.858674
v -0.049897 -0.000000 0.867111
v -0.050019 -0.036001 0.866850
v -0.049135 -0.037094 0.868726
v -0.047506 -0.039906 0.872034
v -0.045691 -0.034623 0.875516
v -0.043699 -0.027689 0.879120
v -0.042565 -0.022826 0.881081
v -0.041620 -0.017796 0.882669
v -0.040616 -0.010002 0.884312
v -0.040181 -0.002497 0.885012
v -0.040320 0.006020 0.884789
v -0.040816 0.011960 0.883989
v -0.041853 0.019157 0.882281
v -0.043317 0.026151 0.879788
v -0.045435 0.033812 0.875991
v -0.049897 0.032500 0.867111
v -0.057334 0.032500 0.848149
v -0.057334 -0.000000 0.848149
v -0.057478 0.032611 0.847702
v -0.057587 0.031564 0.847357
v -0.058010 0.029178 0.846003
v -0.062378 -0.000000 0.828415
v -0.062390 -0.057614 0.828351
v -0.058491 -0.057681 0.844410
v -0.056527 -0.057715 0.850586
v -0.055853 -0.057484 0.852530
v -0.054929 -0.056346 0.855076
v -0.053226 -0.038642 0.859457
v -0.052601 -0.036919 0.860978
v -0.051855 -0.035967 0.862738
v -0.050994 -0.035630 0.864705
v -0.064952 -0.000000 0.808210
v -0.062521 0.025672 0.827657
v -0.062895 0.027340 0.825570
v -0.063208 0.029624 0.823693
v -0.064018 0.025740 0.818031
v -0.064133 0.025161 0.817088
v -0.064260 0.024957 0.816000
v -0.065171 0.024941 0.804017
v -0.065208 0.024941 0.792000
v -0.065300 -0.057563 0.797500
v -0.064926 -0.057570 0.808605
v -0.064926 -0.055500 0.808605
v -0.064921 -0.054528 0.808680
v -0.064862 -0.052218 0.809513
v -0.064734 -0.050393 0.811156
v -0.064573 -0.049441 0.812975
v -0.064369 -0.049115 0.815000
v -0.063471 -0.049131 0.822000
v -0.063282 -0.049253 0.823227
v -0.062937 -0.050078 0.825324
v -0.062641 -0.051579 0.827001
v -0.062456 -0.053427 0.828004
v -0.062390 -0.055500 0.828351
v -0.064290 -0.057581 0.779267
v -0.064841 -0.028613 0.785207
v -0.064759 -0.029890 0.784148
v -0.064623 -0.030834 0.782564
v -0.064448 -0.031160 0.780750
v -0.056810 -0.057710 0.745253
v -0.059803 -0.030857 0.755267
v -0.059411 -0.030134 0.753812
v -0.059091 -0.028991 0.752661
v -0.058885 -0.027572 0.751938
v -0.058813 -0.026000 0.751689
v -0.056810 -0.050000 0.745253
v -0.058611 0.026942 0.844005
v -0.059303 0.025213 0.841581
v -0.060118 0.023969 0.838528
v -0.060921 0.023503 0.835263
v -0.061523 0.023715 0.832601
v -0.062063 0.024452 0.830021
v -0.064521 0.031108 0.781489
v -0.064682 0.030525 0.783237
v -0.064800 0.029365 0.784669
v -0.064870 0.027795 0.785595
v -0.065078 0.028000 0.788943
v -0.058813 0.026000 0.751689
v -0.058920 0.027913 0.752062
v -0.059222 0.029546 0.753129
v -0.059675 0.030680 0.754783
v -0.060189 0.031085 0.756750
v -0.061291 0.057633 0.761349
v -0.059796 0.057658 0.755237
v -0.055795 0.057727 0.742307
v -0.053927 0.046783 0.737303
v -0.053310 0.045074 0.735751
v -0.052581 0.044145 0.733975
v -0.047506 0.039906 0.872034
v -0.049135 0.037094 0.868726
v -0.049502 0.036535 0.867955
v -0.050364 0.035781 0.866099
v -0.051265 0.035665 0.864094
v -0.057285 0.035884 0.848300
v -0.052226 0.036344 0.861870
v -0.052983 0.037805 0.860054
v -0.054364 0.041571 0.856570
v -0.055767 0.045017 0.852773
v -0.056144 0.046168 0.851700
v -0.056444 0.047898 0.850829
v -0.061170 0.057635 0.834186
v -0.061481 0.050319 0.832796
v -0.060793 0.050476 0.835800
v -0.060059 0.049967 0.838754
v -0.059253 0.048686 0.841760
v -0.058501 0.046710 0.844379
v -0.063564 0.055500 0.821371
v -0.063454 0.041029 0.822115
v -0.063270 0.043745 0.823306
v -0.062981 0.046142 0.825067
v -0.062587 0.048089 0.827300
v -0.062081 0.049513 0.829932
v -0.063564 0.057593 0.821371
v -0.065171 0.040059 0.804017
v -0.064550 0.049365 0.813219
v -0.064730 0.050361 0.811199
v -0.064852 0.051998 0.809651
v -0.064908 0.053672 0.808872
v -0.064926 0.055500 0.808605
v -0.064926 0.057570 0.808605
v -0.065300 0.057563 0.797500
v -0.054279 0.050000 0.738209
v -0.054279 0.057753 0.738209
v -0.054244 0.048946 0.738118
v -0.056665 -0.047725 0.744822
v -0.062762 0.031130 0.768671
v -0.064448 0.031160 0.780750
v -0.064448 0.031160 0.780750
v -0.064521 0.031108 0.781489
v -0.062572 0.032500 0.767621
v -0.055569 -0.044372 0.741675
v -0.056244 -0.045766 0.743589
v -0.065138 0.025541 0.790182
v -0.065095 0.026623 0.789270
v -0.042300 -0.055500 0.809000
v -0.064926 -0.055500 0.808605
v -0.064926 -0.057570 0.808605
v -0.064580 -0.058693 0.808611
v -0.063581 -0.059458 0.808629
v -0.062954 -0.059570 0.808639
v -0.042300 -0.059930 0.809000
v -0.064926 -0.055500 0.808605
v -0.042300 -0.055500 0.809000
v -0.064921 -0.054528 0.808680
v -0.042300 -0.053204 0.809457
v -0.064862 -0.052218 0.809513
v -0.042300 -0.051257 0.810757
v -0.064734 -0.050393 0.811156
v -0.042300 -0.049957 0.812704
v -0.064573 -0.049441 0.812975
v -0.042300 -0.049500 0.815000
v -0.064369 -0.049115 0.815000
v -0.042300 -0.049500 0.822000
v -0.063471 -0.049131 0.822000
v -0.042300 -0.049500 0.815000
v -0.064369 -0.049115 0.815000
v -0.063471 -0.049131 0.822000
v -0.042300 -0.049500 0.822000
v -0.063282 -0.049253 0.823227
v -0.042300 -0.049957 0.824296
v -0.062937 -0.050078 0.825324
v -0.042300 -0.051257 0.826243
v -0.062641 -0.051579 0.827001
v -0.042300 -0.053204 0.827543
v -0.062456 -0.053427 0.828004
v -0.042300 -0.055500 0.828000
v -0.062390 -0.055500 0.828351
v -0.042300 -0.055500 0.828000
v -0.042300 -0.059930 0.828000
v -0.060396 -0.059614 0.828316
v -0.061132 -0.059464 0.828329
v -0.062071 -0.058691 0.828345
v -0.062390 -0.057614 0.828351
v -0.062390 -0.055500 0.828351
v -0.054668 -0.059714 0.849943
v -0.055356 -0.059565 0.850178
v -0.057721 -0.059661 0.839911
v -0.059709 -0.059489 0.835004
v -0.060396 -0.059614 0.828316
v -0.061132 -0.059464 0.828329
v -0.062071 -0.058691 0.828345
v -0.060356 -0.059041 0.835159
v -0.055986 -0.059117 0.850394
v -0.056398 -0.058444 0.850538
v -0.056527 -0.057715 0.850586
v -0.060780 -0.058368 0.835261
v -0.058491 -0.057681 0.844410
v -0.060780 -0.058368 0.835261
v -0.058491 -0.057681 0.844410
v -0.062071 -0.058691 0.828345
v -0.062390 -0.057614 0.828351
v -0.054715 -0.056873 0.855360
v -0.055853 -0.057484 0.852530
v -0.054297 -0.057381 0.855555
v -0.055849 -0.058305 0.852126
v -0.054297 -0.057381 0.855555
v -0.055849 -0.058305 0.852126
v -0.053720 -0.057773 0.855611
v -0.055399 -0.058968 0.852090
v -0.053720 -0.057773 0.855611
v -0.055399 -0.058968 0.852090
v -0.053089 -0.057985 0.855523
v -0.054746 -0.059409 0.851943
v -0.053089 -0.057985 0.855523
v -0.054746 -0.059409 0.851943
v -0.053474 -0.058750 0.854210
v -0.054668 -0.059714 0.849943
v -0.054298 -0.059626 0.851299
v -0.055356 -0.059565 0.850178
v -0.055986 -0.059117 0.850394
v -0.056398 -0.058444 0.850538
v -0.056527 -0.057715 0.850586
v -0.054929 -0.056346 0.855076
v -0.053474 -0.058750 0.854210
v -0.054929 -0.056346 0.855076
v -0.054715 -0.056873 0.855360
v -0.053601 -0.053836 0.858522
v -0.052913 -0.053491 0.859937
v -0.051318 -0.049132 0.863974
v -0.050778 -0.049663 0.864622
v -0.054297 -0.057381 0.855555
v -0.053720 -0.057773 0.855611
v -0.052458 -0.053978 0.860151
v -0.051877 -0.054336 0.860208
v -0.049835 -0.049991 0.865038
v -0.049291 -0.050034 0.865104
v -0.053089 -0.057985 0.855523
v -0.051709 -0.055260 0.859206
v -0.050778 -0.049663 0.864622
v -0.042300 -0.046378 0.860936
v -0.052667 -0.046516 0.860820
v -0.051318 -0.049132 0.863974
v -0.050778 -0.049663 0.864622
v -0.049835 -0.049991 0.865038
v -0.049291 -0.050034 0.865104
v -0.042300 -0.050026 0.865284
v -0.053541 -0.040805 0.858674
v -0.053533 -0.042879 0.858695
v -0.042300 -0.041632 0.858795
v -0.053248 -0.044826 0.859402
v -0.042300 -0.041632 0.858795
v -0.042300 -0.044249 0.859324
v -0.052667 -0.046516 0.860820
v -0.042300 -0.046378 0.860936
v -0.052601 -0.036919 0.860978
v -0.042300 -0.036998 0.861170
v -0.051855 -0.035967 0.862738
v -0.042300 -0.035900 0.863604
v -0.050994 -0.035630 0.864705
v -0.042300 -0.035967 0.866273
v -0.050019 -0.036001 0.866850
v -0.042300 -0.037185 0.868650
v -0.049135 -0.037094 0.868726
v -0.042300 -0.039044 0.859454
v -0.053226 -0.038642 0.859457
v -0.042300 -0.037185 0.868650
v -0.042300 -0.040833 0.872998
v -0.045645 -0.040748 0.872986
v -0.045833 -0.040738 0.872979
v -0.046942 -0.040421 0.872632
v -0.047506 -0.039906 0.872034
v -0.049135 -0.037094 0.868726
v -0.045645 0.040748 0.872986
v -0.046786 0.040499 0.872721
v -0.043338 0.033525 0.877487
v -0.046786 0.040499 0.872721
v -0.043779 0.031356 0.878303
v -0.041424 0.026060 0.880986
v -0.043699 -0.027689 0.879120
v -0.045691 -0.034623 0.875516
v -0.042801 -0.027732 0.880016
v -0.044938 -0.035170 0.876210
v -0.042274 -0.029607 0.879456
v -0.043290 -0.033359 0.877576
v -0.040704 -0.017623 0.883536
v -0.041620 -0.017796 0.882669
v -0.042565 -0.022826 0.881081
v -0.040320 0.006020 0.884789
v -0.039306 0.002402 0.885778
v -0.040816 0.011960 0.883989
v -0.039962 0.012187 0.884737
v -0.041853 0.019157 0.882281
v -0.041468 0.021849 0.882277
v -0.043317 0.026151 0.879788
v -0.045645 -0.040748 0.872986
v -0.045833 -0.040738 0.872979
v -0.044938 -0.035170 0.876210
v -0.046942 -0.040421 0.872632
v -0.039540 -0.007534 0.885408
v -0.038627 -0.005599 0.885773
v -0.038519 0.002501 0.885952
v -0.039306 0.002402 0.885778
v -0.038887 0.009560 0.885343
v -0.039845 0.017689 0.883733
v -0.045435 0.033812 0.875991
v -0.046942 -0.040421 0.872632
v -0.047506 -0.039906 0.872034
v -0.040616 -0.010002 0.884312
v -0.039540 -0.007534 0.885408
v -0.040181 -0.002497 0.885012
v -0.047506 0.039906 0.872034
v -0.040528 -0.021706 0.882560
v -0.039330 -0.013920 0.884604
v -0.042300 0.037185 0.868650
v -0.049135 0.037094 0.868726
v -0.047506 0.039906 0.872034
v -0.046786 0.040499 0.872721
v -0.045645 0.040748 0.872986
v -0.042300 0.040833 0.872998
v -0.050364 0.035781 0.866099
v -0.042300 0.035804 0.864270
v -0.051265 0.035665 0.864094
v -0.042300 0.036459 0.862022
v -0.052226 0.036344 0.861870
v -0.042300 0.037925 0.860197
v -0.052983 0.037805 0.860054
v -0.049502 0.036535 0.867955
v -0.049502 0.036535 0.867955
v -0.042300 0.036059 0.866597
v -0.049135 0.037094 0.868726
v -0.042300 0.037185 0.868650
v -0.052983 0.037805 0.860054
v -0.042300 0.037925 0.860197
v -0.054364 0.041571 0.856570
v -0.042300 0.041719 0.856719
v -0.055767 0.045017 0.852773
v -0.042300 0.045197 0.852924
v -0.056545 0.049814 0.850533
v -0.042300 0.051597 0.851059
v -0.056415 0.051939 0.850915
v -0.042300 0.053650 0.852185
v -0.056039 0.053804 0.852001
v -0.056444 0.047898 0.850829
v -0.056444 0.047898 0.850829
v -0.042300 0.049270 0.850804
v -0.056144 0.046168 0.851700
v -0.042300 0.047022 0.851459
v -0.055767 0.045017 0.852773
v -0.042300 0.045197 0.852924
v -0.042300 0.053650 0.852185
v -0.042300 0.057998 0.855833
v -0.053078 0.057962 0.855557
v -0.053206 0.057961 0.855554
v -0.053574 0.057917 0.855509
v -0.054264 0.057686 0.855299
v -0.055039 0.056983 0.854692
v -0.055153 0.056721 0.854469
v -0.056039 0.053804 0.852001
v -0.055153 0.056721 0.854469
v -0.055039 0.056983 0.854692
v -0.055545 0.057217 0.853392
v -0.055155 0.057705 0.854064
v -0.056527 0.057715 0.850586
v -0.056398 0.058444 0.850538
v -0.053206 0.057961 0.855554
v -0.053431 0.058676 0.854359
v -0.053574 0.057917 0.855509
v -0.054291 0.058585 0.854146
v -0.054264 0.057686 0.855299
v -0.055986 0.059117 0.850394
v -0.056398 0.058444 0.850538
v -0.054264 0.057686 0.855299
v -0.053089 0.057985 0.855523
v -0.053078 0.057962 0.855557
v -0.053937 0.059360 0.852591
v -0.055286 0.059593 0.850154
v -0.054668 0.059714 0.849943
v -0.062314 0.059444 0.821349
v -0.063247 0.058671 0.821366
v -0.059778 0.059487 0.834707
v -0.060426 0.059040 0.834860
v -0.055986 0.059117 0.850394
v -0.063564 0.057593 0.821371
v -0.060850 0.058366 0.834961
v -0.061170 0.057635 0.834186
v -0.057907 0.057691 0.846337
v -0.056398 0.058444 0.850538
v -0.056527 0.057715 0.850586
v -0.057907 0.057691 0.846337
v -0.056527 0.057715 0.850586
v -0.055286 0.059593 0.850154
v -0.057673 0.059662 0.840087
v -0.054668 0.059714 0.849943
v -0.060196 0.059618 0.829336
v -0.061583 0.059594 0.821337
v -0.042300 0.055500 0.821000
v -0.063564 0.055500 0.821371
v -0.063564 0.057593 0.821371
v -0.063247 0.058671 0.821366
v -0.062314 0.059444 0.821349
v -0.061583 0.059594 0.821337
v -0.042300 0.059930 0.821000
v -0.063931 0.050315 0.818713
v -0.063736 0.051763 0.820164
v -0.042300 0.050809 0.818741
v -0.063606 0.053596 0.821081
v -0.042300 0.050809 0.818741
v -0.063606 0.053596 0.821081
v -0.042300 0.052897 0.820406
v -0.063564 0.055500 0.821371
v -0.042300 0.055500 0.821000
v -0.064364 0.049115 0.815051
v -0.042300 0.049650 0.813665
v -0.064550 0.049365 0.813219
v -0.042300 0.049650 0.813665
v -0.042300 0.050809 0.811259
v -0.064730 0.050361 0.811199
v -0.042300 0.052897 0.809594
v -0.042300 0.052897 0.809594
v -0.064852 0.051998 0.809651
v -0.042300 0.049650 0.816335
v -0.064158 0.049401 0.816877
v -0.042300 0.055500 0.809000
v -0.064926 0.055500 0.808605
v -0.064908 0.053672 0.808872
v -0.064852 0.051998 0.809651
v -0.042300 0.055500 0.809000
v -0.042300 0.059930 0.809000
v -0.062954 0.059570 0.808639
v -0.064031 0.059235 0.808621
v -0.064789 0.058296 0.808607
v -0.064926 0.057570 0.808605
v -0.064926 0.055500 0.808605
v -0.065225 0.057565 0.792515
v -0.065300 0.057563 0.797500
v -0.065130 0.058291 0.794201
v -0.064789 0.058296 0.808607
v -0.064694 0.058965 0.794210
v -0.064031 0.059235 0.808621
v -0.064031 0.059235 0.808621
v -0.064029 0.059413 0.794223
v -0.053324 0.059416 0.738192
v -0.054197 0.058301 0.738208
v -0.056838 0.059102 0.747182
v -0.057252 0.058429 0.747045
v -0.061018 0.059029 0.762776
v -0.061444 0.058356 0.762682
v -0.063617 0.058984 0.778424
v -0.064050 0.058310 0.778372
v -0.062954 0.059570 0.808639
v -0.063329 0.059563 0.798866
v -0.063114 0.059567 0.789011
v -0.052155 0.059758 0.738172
v -0.054170 0.059723 0.743614
v -0.056205 0.059550 0.747388
v -0.057015 0.059673 0.752551
v -0.062956 0.059432 0.778503
v -0.062045 0.059586 0.777032
v -0.060368 0.059477 0.762918
v -0.060000 0.059621 0.764695
v -0.054279 0.057753 0.738209
v -0.055795 0.057727 0.742307
v -0.059796 0.057658 0.755237
v -0.061291 0.057633 0.761349
v -0.061291 0.057633 0.761349
v -0.062552 0.057611 0.767513
v -0.062552 0.057611 0.767513
v -0.064365 0.057579 0.779963
v -0.064926 0.057570 0.808605
v -0.042300 0.050000 0.738000
v -0.054279 0.050000 0.738209
v -0.054279 0.057753 0.738209
v -0.054197 0.058301 0.738208
v -0.053324 0.059416 0.738192
v -0.052155 0.059758 0.738172
v -0.042300 0.059930 0.738000
v -0.054279 0.050000 0.738209
v -0.042300 0.050000 0.738000
v -0.054244 0.048946 0.738118
v -0.042300 0.047704 0.737543
v -0.053927 0.046783 0.737303
v -0.042300 0.045757 0.736243
v -0.053310 0.045074 0.735751
v -0.042300 0.044457 0.734296
v -0.052581 0.044145 0.733975
v -0.042300 0.044000 0.732000
v -0.051742 0.043835 0.732000
v -0.042300 0.044000 0.732000
v -0.042300 0.044000 0.727570
v -0.048555 0.043891 0.727679
v -0.049510 0.043874 0.727940
v -0.050339 0.043860 0.728847
v -0.051742 0.043835 0.732000
v -0.050339 -0.043860 0.728847
v -0.050339 0.043860 0.728847
v -0.049510 -0.043874 0.727940
v -0.049510 0.043874 0.727940
v -0.049510 -0.043874 0.727940
v -0.049510 0.043874 0.727940
v -0.048555 -0.043891 0.727679
v -0.048555 0.043891 0.727679
v -0.042300 -0.044000 0.739000
v -0.054581 -0.043786 0.739000
v -0.050339 -0.043860 0.728847
v -0.049510 -0.043874 0.727940
v -0.048555 -0.043891 0.727679
v -0.042300 -0.044000 0.727570
v -0.042300 -0.045757 0.743243
v -0.055569 -0.044372 0.741675
v -0.042300 -0.044457 0.741296
v -0.054581 -0.043786 0.739000
v -0.042300 -0.044000 0.739000
v -0.056244 -0.045766 0.743589
v -0.042300 -0.047704 0.744543
v -0.056665 -0.047725 0.744822
v -0.042300 -0.050000 0.745000
v -0.056810 -0.050000 0.745253
v -0.042300 -0.050000 0.745000
v -0.042300 -0.059930 0.745000
v -0.054722 -0.059713 0.745217
v -0.055870 -0.059372 0.745237
v -0.056729 -0.058257 0.745252
v -0.056810 -0.057710 0.745253
v -0.056810 -0.050000 0.745253
v -0.064926 -0.057570 0.808605
v -0.065300 -0.057563 0.797500
v -0.064580 -0.058693 0.808611
v -0.065090 -0.058292 0.792606
v -0.064580 -0.058693 0.808611
v -0.064655 -0.058966 0.792619
v -0.063424 -0.058987 0.776845
v -0.063857 -0.058314 0.776789
v -0.060684 -0.059035 0.761262
v -0.061108 -0.058362 0.761163
v -0.061108 -0.058362 0.761163
v -0.055870 -0.059372 0.745237
v -0.056729 -0.058257 0.745252
v -0.054722 -0.059713 0.745217
v -0.060035 -0.059483 0.761410
v -0.058091 -0.059655 0.756488
v -0.060397 -0.059614 0.766692
v -0.063581 -0.059458 0.808629
v -0.063990 -0.059414 0.792639
v -0.062765 -0.059435 0.776930
v -0.062044 -0.059586 0.777022
v -0.063024 -0.059568 0.787436
v -0.063334 -0.059563 0.797891
v -0.065140 -0.057566 0.790243
v -0.064290 -0.057581 0.779267
v -0.062709 -0.057608 0.768371
v -0.060411 -0.057648 0.757631
v -0.062954 -0.059570 0.808639
v -0.056810 -0.057710 0.745253
v -0.056800 0.042436 0.847357
v -0.057587 0.042436 0.847357
v -0.056800 0.045030 0.845852
v -0.057989 0.044726 0.846071
v -0.056800 0.047228 0.843811
v -0.058501 0.046710 0.844379
v -0.056800 0.048921 0.841335
v -0.059253 0.048686 0.841760
v -0.056800 0.050026 0.838546
v -0.060059 0.049967 0.838754
v -0.056800 0.050487 0.835582
v -0.060793 0.050476 0.835800
v -0.056800 0.050283 0.832589
v -0.061481 0.050319 0.832796
v -0.056800 0.049423 0.829716
v -0.062081 0.049513 0.829932
v -0.056800 0.047949 0.827103
v -0.062587 0.048089 0.827300
v -0.056800 0.045935 0.824880
v -0.062981 0.046142 0.825067
v -0.056800 0.043480 0.823157
v -0.063270 0.043745 0.823306
v -0.056800 0.040704 0.822018
v -0.063454 0.041029 0.822115
v -0.056800 0.037746 0.821521
v -0.063538 0.038114 0.821546
v -0.056800 0.034751 0.821689
v -0.063526 0.035147 0.821628
v -0.056800 0.031868 0.822514
v -0.063417 0.032271 0.822355
v -0.056800 0.029237 0.823955
v -0.063208 0.029624 0.823693
v -0.056800 0.026990 0.825942
v -0.062895 0.027340 0.825570
v -0.056800 0.025237 0.828376
v -0.062521 0.025672 0.827657
v -0.056800 0.024064 0.831138
v -0.062063 0.024452 0.830021
v -0.056800 0.023531 0.834089
v -0.061523 0.023715 0.832601
v -0.060921 0.023503 0.835263
v -0.056800 0.023662 0.837086
v -0.060118 0.023969 0.838528
v -0.056800 0.024452 0.839980
v -0.059303 0.025213 0.841581
v -0.056800 0.025862 0.842628
v -0.056800 0.027821 0.844899
v -0.058611 0.026942 0.844005
v -0.056800 0.030234 0.846682
v -0.058010 0.029178 0.846003
v -0.057090 0.031254 0.847216
v -0.057587 0.031564 0.847357
v -0.057126 0.031564 0.847357
v -0.057041 0.031299 0.847237
v -0.056800 0.031564 0.847357
v -0.056800 0.036056 0.848312
v -0.057285 0.035884 0.848300
v -0.056800 0.039777 0.848087
v -0.057324 0.039209 0.848181
v -0.056800 0.042436 0.847357
v -0.057587 0.042436 0.847357
v -0.057478 0.032611 0.847702
v -0.056800 0.031818 0.847447
v -0.056909 0.031826 0.847450
v -0.057027 0.031761 0.847428
v -0.057064 0.031704 0.847407
v -0.057126 0.031564 0.847357
v -0.057587 0.031564 0.847357
v -0.065171 0.024941 0.804017
v -0.064260 0.024957 0.816000
v -0.065208 0.024941 0.792000
v -0.063300 0.024974 0.816000
v -0.063300 0.024974 0.792000
v -0.063300 0.025379 0.790487
v -0.065208 0.024941 0.792000
v -0.063300 0.024974 0.792000
v -0.063300 0.025379 0.790487
v -0.065138 0.025541 0.790182
v -0.063300 0.026487 0.789379
v -0.065138 0.025541 0.790182
v -0.063300 0.026487 0.789379
v -0.065095 0.026623 0.789270
v -0.063300 0.028000 0.788974
v -0.065078 0.028000 0.788943
v -0.063300 0.037000 0.788974
v -0.065078 0.037000 0.788943
v -0.063300 0.028000 0.788974
v -0.065078 0.028000 0.788943
v -0.065157 0.039731 0.790622
v -0.063300 0.040026 0.792000
v -0.065208 0.040060 0.792000
v -0.063300 0.039621 0.790487
v -0.065108 0.038817 0.789541
v -0.063300 0.039621 0.790487
v -0.065108 0.038817 0.789541
v -0.063300 0.038513 0.789379
v -0.065078 0.037000 0.788943
v -0.063300 0.038513 0.789379
v -0.063300 0.037000 0.788974
v -0.065171 0.040059 0.804017
v -0.065208 0.040060 0.792000
v -0.064260 0.040043 0.816000
v -0.063300 0.040026 0.792000
v -0.063300 0.040026 0.816000
v -0.063300 0.039621 0.817513
v -0.063300 0.038513 0.818621
v -0.064018 0.039260 0.818031
v -0.063300 0.038513 0.818621
v -0.063923 0.038237 0.818774
v -0.064018 0.039260 0.818031
v -0.063300 0.037000 0.819026
v -0.063889 0.037000 0.819036
v -0.063300 0.040026 0.816000
v -0.063300 0.039621 0.817513
v -0.064018 0.039260 0.818031
v -0.063300 0.040026 0.816000
v -0.064133 0.039839 0.817088
v -0.064133 0.039839 0.817088
v -0.064260 0.040043 0.816000
v -0.063300 0.028000 0.819026
v -0.063889 0.028000 0.819036
v -0.063300 0.037000 0.819026
v -0.063889 0.037000 0.819036
v -0.064018 0.025740 0.818031
v -0.063923 0.026763 0.818774
v -0.063300 0.025379 0.817513
v -0.063923 0.026763 0.818774
v -0.063300 0.026487 0.818621
v -0.063889 0.028000 0.819036
v -0.063300 0.026487 0.818621
v -0.063300 0.028000 0.819026
v -0.063300 0.024974 0.816000
v -0.064260 0.024957 0.816000
v -0.064133 0.025161 0.817088
v -0.063300 0.024974 0.816000
v -0.064133 0.025161 0.817088
v -0.064018 0.025740 0.818031
v -0.063300 0.025379 0.817513
v -0.042300 -0.053750 0.818031
v -0.042300 -0.049500 0.822000
v -0.042300 -0.052469 0.816750
v -0.042300 -0.049500 0.815000
v -0.042300 -0.052000 0.815000
v -0.042300 -0.052469 0.813250
v -0.042300 -0.049957 0.812704
v -0.042300 -0.053750 0.811969
v -0.042300 -0.051257 0.810757
v -0.042300 -0.055500 0.811500
v -0.042300 -0.053204 0.809457
v -0.042300 -0.055500 0.809000
v -0.042300 -0.055500 0.818500
v -0.042300 -0.059930 0.828000
v -0.042300 -0.055500 0.828000
v -0.042300 -0.053204 0.827543
v -0.042300 -0.051257 0.826243
v -0.042300 -0.049957 0.824296
v -0.042300 -0.059930 0.809000
v -0.042300 -0.059000 0.815000
v -0.042300 -0.058531 0.813250
v -0.042300 -0.057250 0.811969
v -0.042300 -0.057250 0.818031
v -0.042300 -0.058531 0.816750
v -0.042300 -0.059930 0.828000
v -0.038300 -0.060000 0.849943
v -0.060396 -0.059614 0.828316
v -0.054668 -0.059714 0.849943
v -0.057721 -0.059661 0.839911
v -0.062954 -0.059570 0.808639
v -0.063334 -0.059563 0.797891
v -0.063024 -0.059568 0.787436
v -0.062044 -0.059586 0.777022
v -0.060397 -0.059614 0.766692
v -0.058091 -0.059655 0.756488
v -0.054722 -0.059713 0.745217
v -0.042300 -0.059930 0.745000
v -0.042300 -0.059930 0.809000
v -0.038300 -0.060000 0.737500
v -0.042300 -0.059930 0.737500
v -0.038300 -0.058197 0.855671
v -0.053089 -0.057985 0.855523
v -0.038300 -0.059539 0.852946
v -0.053474 -0.058750 0.854210
v -0.038300 -0.060000 0.849943
v -0.054298 -0.059626 0.851299
v -0.054668 -0.059714 0.849943
v -0.042300 0.040833 0.872998
v -0.038300 0.038702 0.874525
v -0.042300 0.047200 0.867946
v -0.038300 0.045990 0.869092
v -0.042300 0.052946 0.862200
v -0.038300 0.052524 0.862773
v -0.042300 0.057998 0.855833
v -0.039845 0.017689 0.883733
v -0.038300 0.013560 0.884693
v -0.041424 0.026060 0.880986
v -0.038300 0.013560 0.884693
v -0.038300 0.022353 0.882389
v -0.043338 0.033525 0.877487
v -0.038300 0.030780 0.878981
v -0.045645 0.040748 0.872986
v -0.038627 -0.005599 0.885773
v -0.038300 -0.004545 0.885854
v -0.038519 0.002501 0.885952
v -0.038300 0.004545 0.885854
v -0.038519 0.002501 0.885952
v -0.038887 0.009560 0.885343
v -0.039845 0.017689 0.883733
v -0.038300 -0.013560 0.884693
v -0.039330 -0.013920 0.884604
v -0.038300 -0.022353 0.882389
v -0.040528 -0.021706 0.882560
v -0.042274 -0.029607 0.879456
v -0.043290 -0.033359 0.877576
v -0.038300 -0.038702 0.874525
v -0.038300 -0.030780 0.878981
v -0.053089 -0.057985 0.855523
v -0.038300 -0.058197 0.855671
v -0.051709 -0.055260 0.859206
v -0.038300 -0.052524 0.862773
v -0.049291 -0.050034 0.865104
v -0.042300 -0.050026 0.865284
v -0.038300 -0.045990 0.869092
v -0.042300 -0.045593 0.869336
v -0.038300 0.058197 0.855671
v -0.053089 0.057985 0.855523
v -0.053078 0.057962 0.855557
v -0.042300 -0.040833 0.872998
v -0.045645 -0.040748 0.872986
v -0.042300 -0.044249 0.859324
v -0.042300 -0.046378 0.860936
v -0.042300 -0.041632 0.858795
v -0.042300 -0.041781 0.861293
v -0.042300 -0.039044 0.859454
v -0.042300 -0.036998 0.861170
v -0.042300 -0.045593 0.869336
v -0.042300 -0.040833 0.872998
v -0.042300 -0.041781 0.868293
v -0.042300 -0.037185 0.868650
v -0.042300 -0.040031 0.867824
v -0.042300 -0.038750 0.866543
v -0.042300 -0.035967 0.866273
v -0.042300 -0.038281 0.864793
v -0.042300 -0.035900 0.863604
v -0.042300 -0.038750 0.863043
v -0.042300 -0.050026 0.865284
v -0.042300 -0.043531 0.867824
v -0.042300 -0.044812 0.866543
v -0.042300 -0.045281 0.864793
v -0.042300 -0.040031 0.861762
v -0.042300 -0.044812 0.863043
v -0.042300 -0.043531 0.861762
v -0.042300 0.037185 0.868650
v -0.042300 0.040833 0.872998
v -0.042300 0.041781 0.868293
v -0.042300 0.047200 0.867946
v -0.042300 0.043531 0.867824
v -0.042300 0.040031 0.867824
v -0.042300 0.036059 0.866597
v -0.042300 0.038750 0.866543
v -0.042300 0.035804 0.864270
v -0.042300 0.038281 0.864793
v -0.042300 0.036459 0.862022
v -0.042300 0.038750 0.863043
v -0.042300 0.040031 0.861762
v -0.042300 0.037925 0.860197
v -0.042300 0.041781 0.861293
v -0.042300 0.041719 0.856719
v -0.042300 0.053650 0.852185
v -0.042300 0.051597 0.851059
v -0.042300 0.049270 0.850804
v -0.042300 0.047022 0.851459
v -0.042300 0.045197 0.852924
v -0.042300 0.057998 0.855833
v -0.042300 0.052946 0.862200
v -0.042300 0.043531 0.861762
v -0.042300 0.044812 0.863043
v -0.042300 0.045281 0.864793
v -0.042300 0.044812 0.866543
v -0.038300 0.060000 0.849943
v -0.054668 0.059714 0.849943
v -0.038300 0.059539 0.852946
v -0.053937 0.059360 0.852591
v -0.038300 0.058197 0.855671
v -0.053431 0.058676 0.854359
v -0.053089 0.057985 0.855523
v -0.038300 0.060000 0.849943
v -0.042300 0.059930 0.821000
v -0.054668 0.059714 0.849943
v -0.061583 0.059594 0.821337
v -0.057673 0.059662 0.840087
v -0.060196 0.059618 0.829336
v -0.062954 0.059570 0.808639
v -0.042300 0.059930 0.809000
v -0.042300 0.059930 0.738000
v -0.052155 0.059758 0.738172
v -0.054170 0.059723 0.743614
v -0.057015 0.059673 0.752551
v -0.060000 0.059621 0.764695
v -0.062045 0.059586 0.777032
v -0.063114 0.059567 0.789011
v -0.063329 0.059563 0.798866
v -0.038300 0.060000 0.737500
v -0.042300 0.059930 0.737500
v -0.042300 0.052897 0.820406
v -0.042300 0.055500 0.821000
v -0.042300 0.050809 0.818741
v -0.042300 0.055500 0.818500
v -0.042300 0.053750 0.818031
v -0.042300 0.049650 0.816335
v -0.042300 0.052469 0.816750
v -0.042300 0.049650 0.813665
v -0.042300 0.052000 0.815000
v -0.042300 0.052469 0.813250
v -0.042300 0.050809 0.811259
v -0.042300 0.053750 0.811969
v -0.042300 0.055500 0.811500
v -0.042300 0.055500 0.809000
v -0.042300 0.052897 0.809594
v -0.042300 0.059930 0.809000
v -0.042300 0.057250 0.811969
v -0.042300 0.058531 0.813250
v -0.042300 0.059000 0.815000
v -0.042300 0.059930 0.821000
v -0.042300 0.058531 0.816750
v -0.042300 0.057250 0.818031
v -0.042300 0.050000 0.738000
v -0.042300 0.059930 0.738000
v -0.042300 0.050000 0.735500
v -0.042300 0.059930 0.737500
v -0.042300 0.051750 0.735031
v -0.042300 0.059444 0.734431
v -0.042300 0.053031 0.733750
v -0.042300 0.058034 0.731663
v -0.042300 0.053500 0.732000
v -0.042300 0.053031 0.730250
v -0.042300 0.055837 0.729466
v -0.042300 0.051750 0.728969
v -0.042300 0.050000 0.728500
v -0.042300 0.053069 0.728056
v -0.042300 0.050000 0.727570
v -0.042300 0.047704 0.737543
v -0.042300 0.045757 0.736243
v -0.042300 0.044457 0.734296
v -0.042300 0.048250 0.735031
v -0.042300 0.046969 0.733750
v -0.042300 0.046500 0.732000
v -0.042300 0.044000 0.732000
v -0.042300 0.044000 0.727570
v -0.042300 0.046969 0.730250
v -0.042300 0.048250 0.728969
v -0.048555 -0.043891 0.727679
v -0.048555 0.043891 0.727679
v -0.042300 -0.044000 0.727570
v -0.042300 0.044000 0.727570
v -0.038300 0.050000 0.727500
v -0.038300 -0.050000 0.727500
v -0.042300 -0.050000 0.727570
v -0.042300 0.050000 0.727570
v -0.042300 -0.059444 0.734431
v -0.042300 -0.051750 0.735031
v -0.042300 -0.058034 0.731663
v -0.042300 -0.053031 0.733750
v -0.042300 -0.053500 0.732000
v -0.042300 -0.055837 0.729466
v -0.042300 -0.053031 0.730250
v -0.042300 -0.051750 0.728969
v -0.042300 -0.050000 0.728500
v -0.042300 -0.053069 0.728056
v -0.042300 -0.050000 0.735500
v -0.042300 -0.059930 0.737500
v -0.042300 -0.059930 0.745000
v -0.042300 -0.050000 0.745000
v -0.042300 -0.047704 0.744543
v -0.042300 -0.045757 0.743243
v -0.042300 -0.044457 0.741296
v -0.042300 -0.044000 0.739000
v -0.042300 -0.044000 0.727570
v -0.042300 -0.050000 0.727570
v -0.042300 -0.048250 0.728969
v -0.042300 -0.046969 0.730250
v -0.042300 -0.046500 0.732000
v -0.042300 -0.046969 0.733750
v -0.042300 -0.048250 0.735031
v -0.056800 0.031564 0.847357
v -0.056800 0.031818 0.847447
v -0.056800 0.042436 0.847357
v -0.056800 0.036056 0.848312
v -0.056800 0.039777 0.848087
v -0.056800 0.027821 0.844899
v -0.056800 0.030234 0.846682
v -0.056800 0.045030 0.845852
v -0.056800 0.047228 0.843811
v -0.056800 0.025862 0.842628
v -0.056800 0.048921 0.841335
v -0.056800 0.024452 0.839980
v -0.056800 0.050026 0.838546
v -0.056800 0.023662 0.837086
v -0.056800 0.050487 0.835582
v -0.056800 0.023531 0.834089
v -0.056800 0.049423 0.829716
v -0.056800 0.024064 0.831138
v -0.056800 0.050283 0.832589
v -0.056800 0.045935 0.824880
v -0.056800 0.025237 0.828376
v -0.056800 0.047949 0.827103
v -0.056800 0.026990 0.825942
v -0.056800 0.043480 0.823157
v -0.056800 0.029237 0.823955
v -0.056800 0.040704 0.822018
v -0.056800 0.031868 0.822514
v -0.056800 0.037746 0.821521
v -0.056800 0.034751 0.821689
v -0.057090 0.031254 0.847216
v -0.057126 0.031564 0.847357
v -0.057041 0.031299 0.847237
v -0.057064 0.031704 0.847407
v -0.056800 0.031818 0.847447
v -0.056800 0.031564 0.847357
v -0.056909 0.031826 0.847450
v -0.057027 0.031761 0.847428
v -0.063300 0.040026 0.792000
v -0.063300 0.036542 0.797000
v -0.063300 0.040026 0.816000
v -0.063300 0.036542 0.812000
v -0.063300 0.039621 0.817513
v -0.063300 0.037000 0.819026
v -0.063300 0.038513 0.818621
v -0.063300 0.025379 0.817513
v -0.063300 0.026487 0.818621
v -0.063300 0.028459 0.812000
v -0.063300 0.028000 0.819026
v -0.063300 0.030479 0.815500
v -0.063300 0.034521 0.815500
v -0.063300 0.030479 0.800500
v -0.063300 0.030479 0.808500
v -0.063300 0.034521 0.800500
v -0.063300 0.034521 0.808500
v -0.063300 0.034521 0.793500
v -0.063300 0.037000 0.788974
v -0.063300 0.030479 0.793500
v -0.063300 0.028000 0.788974
v -0.063300 0.039621 0.790487
v -0.063300 0.038513 0.789379
v -0.063300 0.028459 0.797000
v -0.063300 0.026487 0.789379
v -0.063300 0.025379 0.790487
v -0.063300 0.024974 0.792000
v -0.063300 0.024974 0.816000
v -0.046300 -0.055500 0.818500
v -0.042300 -0.055500 0.818500
v -0.046300 -0.053750 0.818031
v -0.042300 -0.053750 0.818031
v -0.046300 -0.053750 0.818031
v -0.042300 -0.053750 0.818031
v -0.046300 -0.052469 0.816750
v -0.042300 -0.052469 0.816750
v -0.046300 -0.052469 0.816750
v -0.042300 -0.052469 0.816750
v -0.046300 -0.052000 0.815000
v -0.042300 -0.052000 0.815000
v -0.046300 -0.052000 0.815000
v -0.042300 -0.052000 0.815000
v -0.046300 -0.052469 0.813250
v -0.042300 -0.052469 0.813250
v -0.046300 -0.052469 0.813250
v -0.042300 -0.052469 0.813250
v -0.046300 -0.053750 0.811969
v -0.042300 -0.053750 0.811969
v -0.046300 -0.053750 0.811969
v -0.042300 -0.053750 0.811969
v -0.046300 -0.055500 0.811500
v -0.042300 -0.055500 0.811500
v -0.046300 -0.055500 0.811500
v -0.042300 -0.055500 0.811500
v -0.046300 -0.057250 0.811969
v -0.042300 -0.057250 0.811969
v -0.046300 -0.057250 0.811969
v -0.042300 -0.057250 0.811969
v -0.046300 -0.058531 0.813250
v -0.042300 -0.058531 0.813250
v -0.046300 -0.058531 0.813250
v -0.042300 -0.058531 0.813250
v -0.046300 -0.059000 0.815000
v -0.042300 -0.059000 0.815000
v -0.046300 -0.059000 0.815000
v -0.042300 -0.059000 0.815000
v -0.046300 -0.058531 0.816750
v -0.042300 -0.058531 0.816750
v -0.046300 -0.058531 0.816750
v -0.042300 -0.058531 0.816750
v -0.046300 -0.057250 0.818031
v -0.042300 -0.057250 0.818031
v -0.046300 -0.057250 0.818031
v -0.042300 -0.057250 0.818031
v -0.046300 -0.055500 0.818500
v -0.042300 -0.055500 0.818500
v -0.038300 -0.060000 0.737500
v -0.042300 -0.059930 0.737500
v -0.038300 -0.059511 0.734410
v -0.042300 -0.059444 0.734431
v -0.038300 -0.058090 0.731622
v -0.042300 -0.058034 0.731663
v -0.038300 -0.055878 0.729410
v -0.042300 -0.055837 0.729466
v -0.038300 -0.053090 0.727989
v -0.042300 -0.053069 0.728056
v -0.038300 -0.050000 0.727500
v -0.042300 -0.050000 0.727570
v -0.038300 -0.060000 0.737500
v -0.020022 -0.060000 0.737500
v -0.023246 -0.060000 0.743239
v -0.026498 -0.060000 0.750775
v -0.028866 -0.060000 0.758681
v -0.030295 -0.060000 0.766786
v -0.030774 -0.060000 0.775000
v -0.038300 -0.060000 0.849943
v 0.039552 -0.060000 0.849943
v 0.013508 -0.060000 0.840628
v 0.021633 -0.060000 0.843349
v 0.030029 -0.060000 0.845068
v 0.038566 -0.060000 0.845759
v 0.038996 -0.060000 0.845766
v -0.030442 -0.060000 0.781844
v -0.029099 -0.060000 0.790307
v -0.026742 -0.060000 0.798545
v -0.023408 -0.060000 0.806438
v -0.019144 -0.060000 0.813870
v -0.014013 -0.060000 0.820732
v -0.008091 -0.060000 0.826925
v -0.001463 -0.060000 0.832356
v 0.005772 -0.060000 0.836946
v -0.038300 -0.060000 0.849943
v 0.039552 -0.060000 0.849943
v -0.038300 -0.059539 0.852946
v 0.039552 -0.059539 0.852946
v -0.038300 -0.058197 0.855671
v 0.039552 -0.058197 0.855671
v 0.022810 0.037867 0.875059
v -0.038300 0.038702 0.874525
v 0.022862 0.032922 0.877906
v -0.038300 0.030780 0.878981
v 0.022914 0.026871 0.880719
v -0.038300 0.022353 0.882389
v 0.022945 0.022431 0.882364
v 0.022974 0.016954 0.883946
v -0.038300 0.013560 0.884693
v 0.022995 0.011368 0.885084
v 0.023011 0.002791 0.885945
v -0.038300 0.004545 0.885854
v 0.023007 -0.005685 0.885772
v -0.038300 -0.004545 0.885854
v 0.022995 -0.011342 0.885088
v -0.038300 -0.013560 0.884693
v 0.022974 -0.016927 0.883953
v -0.038300 -0.022353 0.882389
v 0.022945 -0.022406 0.882372
v 0.022907 -0.027755 0.880350
v -0.038300 -0.030780 0.878981
v 0.022862 -0.032925 0.877904
v -0.038300 -0.038702 0.874525
v 0.022810 -0.037867 0.875059
v -0.038300 0.045990 0.869092
v 0.024593 0.044020 0.870707
v 0.026674 0.046447 0.868700
v 0.028377 0.047710 0.867581
v 0.031407 0.049053 0.866330
v 0.033564 0.049487 0.865912
v -0.038300 0.052524 0.862773
v 0.035363 0.049563 0.865839
v 0.039998 0.053658 0.861496
v 0.040000 0.058189 0.855682
v 0.039994 0.058190 0.855681
v 0.039552 0.058197 0.855671
v -0.038300 0.058197 0.855671
v -0.038300 -0.045990 0.869092
v -0.038300 -0.052524 0.862773
v 0.027802 -0.047334 0.867919
v 0.026012 -0.045812 0.869243
v 0.024505 -0.043881 0.870817
v 0.023498 -0.041829 0.872370
v 0.022959 -0.039804 0.873793
v -0.038300 -0.058197 0.855671
v 0.039993 -0.058190 0.855681
v 0.040000 -0.058189 0.855682
v 0.039998 -0.053658 0.861496
v 0.035153 -0.049567 0.865834
v 0.031929 -0.049194 0.866195
v 0.029841 -0.048480 0.866872
v 0.039552 -0.058197 0.855671
v 0.039993 -0.058201 0.855665
v 0.039996 -0.048551 0.866806
v 0.038154 -0.049174 0.866215
v 0.039993 0.058201 0.855665
v 0.023376 0.041480 0.872623
v 0.037160 0.049385 0.866011
v 0.039996 0.048551 0.866806
v -0.046300 -0.041781 0.868293
v -0.042300 -0.041781 0.868293
v -0.046300 -0.040031 0.867824
v -0.042300 -0.040031 0.867824
v -0.046300 -0.040031 0.867824
v -0.042300 -0.040031 0.867824
v -0.046300 -0.038750 0.866543
v -0.042300 -0.038750 0.866543
v -0.046300 -0.038750 0.866543
v -0.042300 -0.038750 0.866543
v -0.046300 -0.038281 0.864793
v -0.042300 -0.038281 0.864793
v -0.046300 -0.038281 0.864793
v -0.042300 -0.038281 0.864793
v -0.046300 -0.038750 0.863043
v -0.042300 -0.038750 0.863043
v -0.046300 -0.038750 0.863043
v -0.042300 -0.038750 0.863043
v -0.046300 -0.040031 0.861762
v -0.042300 -0.040031 0.861762
v -0.046300 -0.040031 0.861762
v -0.042300 -0.040031 0.861762
v -0.046300 -0.041781 0.861293
v -0.042300 -0.041781 0.861293
v -0.046300 -0.041781 0.861293
v -0.042300 -0.041781 0.861293
v -0.046300 -0.043531 0.861762
v -0.042300 -0.043531 0.861762
v -0.046300 -0.043531 0.861762
v -0.042300 -0.043531 0.861762
v -0.046300 -0.044812 0.863043
v -0.042300 -0.044812 0.863043
v -0.046300 -0.044812 0.863043
v -0.042300 -0.044812 0.863043
v -0.046300 -0.045281 0.864793
v -0.042300 -0.045281 0.864793
v -0.046300 -0.045281 0.864793
v -0.042300 -0.045281 0.864793
v -0.046300 -0.044812 0.866543
v -0.042300 -0.044812 0.866543
v -0.046300 -0.044812 0.866543
v -0.042300 -0.044812 0.866543
v -0.046300 -0.043531 0.867824
v -0.042300 -0.043531 0.867824
v -0.046300 -0.043531 0.867824
v -0.042300 -0.043531 0.867824
v -0.046300 -0.041781 0.868293
v -0.042300 -0.041781 0.868293
v -0.046300 0.041781 0.868293
v -0.042300 0.041781 0.868293
v -0.046300 0.043531 0.867824
v -0.042300 0.043531 0.867824
v -0.046300 0.043531 0.867824
v -0.042300 0.043531 0.867824
v -0.046300 0.044812 0.866543
v -0.042300 0.044812 0.866543
v -0.046300 0.044812 0.866543
v -0.042300 0.044812 0.866543
v -0.046300 0.045281 0.864793
v -0.042300 0.045281 0.864793
v -0.046300 0.045281 0.864793
v -0.042300 0.045281 0.864793
v -0.046300 0.044812 0.863043
v -0.042300 0.044812 0.863043
v -0.046300 0.044812 0.863043
v -0.042300 0.044812 0.863043
v -0.046300 0.043531 0.861762
v -0.042300 0.043531 0.861762
v -0.046300 0.043531 0.861762
v -0.042300 0.043531 0.861762
v -0.046300 0.041781 0.861293
v -0.042300 0.041781 0.861293
v -0.046300 0.041781 0.861293
v -0.042300 0.041781 0.861293
v -0.046300 0.040031 0.861762
v -0.042300 0.040031 0.861762
v -0.046300 0.040031 0.861762
v -0.042300 0.040031 0.861762
v -0.046300 0.038750 0.863043
v -0.042300 0.038750 0.863043
v -0.046300 0.038750 0.863043
v -0.042300 0.038750 0.863043
v -0.046300 0.038281 0.864793
v -0.042300 0.038281 0.864793
v -0.046300 0.038281 0.864793
v -0.042300 0.038281 0.864793
v -0.046300 0.038750 0.866543
v -0.042300 0.038750 0.866543
v -0.046300 0.038750 0.866543
v -0.042300 0.038750 0.866543
v -0.046300 0.040031 0.867824
v -0.042300 0.040031 0.867824
v -0.046300 0.040031 0.867824
v -0.042300 0.040031 0.867824
v -0.046300 0.041781 0.868293
v -0.042300 0.041781 0.868293
v 0.039552 0.060000 0.849943
v -0.038300 0.060000 0.849943
v 0.039552 0.059539 0.852946
v -0.038300 0.059539 0.852946
v 0.039552 0.058197 0.855671
v -0.038300 0.058197 0.855671
v 0.039552 0.060000 0.849943
v 0.038996 0.060000 0.845766
v 0.038566 0.060000 0.845759
v 0.031729 0.060000 0.845289
v 0.023296 0.060000 0.843774
v 0.015107 0.060000 0.841251
v -0.038300 0.060000 0.849943
v 0.007284 0.060000 0.837758
v -0.000061 0.060000 0.833344
v -0.006818 0.060000 0.828075
v -0.012889 0.060000 0.822028
v -0.018184 0.060000 0.815292
v -0.022627 0.060000 0.807966
v -0.026152 0.060000 0.800156
v -0.028707 0.060000 0.791978
v -0.030255 0.060000 0.783549
v -0.038300 0.060000 0.737500
v -0.030774 0.060000 0.775000
v -0.030467 0.060000 0.768425
v -0.029232 0.060000 0.760310
v -0.027052 0.060000 0.752351
v -0.023969 0.060000 0.744719
v -0.020022 0.060000 0.737500
v -0.038300 0.050000 0.727500
v -0.042300 0.050000 0.727570
v -0.038300 0.053090 0.727989
v -0.042300 0.053069 0.728056
v -0.038300 0.055878 0.729410
v -0.042300 0.055837 0.729466
v -0.038300 0.058090 0.731622
v -0.042300 0.058034 0.731663
v -0.038300 0.059511 0.734410
v -0.042300 0.059444 0.734431
v -0.038300 0.060000 0.737500
v -0.042300 0.059930 0.737500
v -0.046300 0.055500 0.818500
v -0.042300 0.055500 0.818500
v -0.046300 0.057250 0.818031
v -0.042300 0.057250 0.818031
v -0.046300 0.057250 0.818031
v -0.042300 0.057250 0.818031
v -0.046300 0.058531 0.816750
v -0.042300 0.058531 0.816750
v -0.046300 0.058531 0.816750
v -0.042300 0.058531 0.816750
v -0.046300 0.059000 0.815000
v -0.042300 0.059000 0.815000
v -0.046300 0.059000 0.815000
v -0.042300 0.059000 0.815000
v -0.046300 0.058531 0.813250
v -0.042300 0.058531 0.813250
v -0.046300 0.058531 0.813250
v -0.042300 0.058531 0.813250
v -0.046300 0.057250 0.811969
v -0.042300 0.057250 0.811969
v -0.046300 0.057250 0.811969
v -0.042300 0.057250 0.811969
v -0.046300 0.055500 0.811500
v -0.042300 0.055500 0.811500
v -0.046300 0.055500 0.811500
v -0.042300 0.055500 0.811500
v -0.046300 0.053750 0.811969
v -0.042300 0.053750 0.811969
v -0.046300 0.053750 0.811969
v -0.042300 0.053750 0.811969
v -0.046300 0.052469 0.813250
v -0.042300 0.052469 0.813250
v -0.046300 0.052469 0.813250
v -0.042300 0.052469 0.813250
v -0.046300 0.052000 0.815000
v -0.042300 0.052000 0.815000
v -0.046300 0.052000 0.815000
v -0.042300 0.052000 0.815000
v -0.046300 0.052469 0.816750
v -0.042300 0.052469 0.816750
v -0.046300 0.052469 0.816750
v -0.042300 0.052469 0.816750
v -0.046300 0.053750 0.818031
v -0.042300 0.053750 0.818031
v -0.046300 0.053750 0.818031
v -0.042300 0.053750 0.818031
v -0.046300 0.055500 0.818500
v -0.042300 0.055500 0.818500
v -0.046300 0.050000 0.735500
v -0.042300 0.050000 0.735500
v -0.046300 0.051750 0.735031
v -0.042300 0.051750 0.735031
v -0.046300 0.051750 0.735031
v -0.042300 0.051750 0.735031
v -0.046300 0.053031 0.733750
v -0.042300 0.053031 0.733750
v -0.046300 0.053031 0.733750
v -0.042300 0.053031 0.733750
v -0.046300 0.053500 0.732000
v -0.042300 0.053500 0.732000
v -0.046300 0.053500 0.732000
v -0.042300 0.053500 0.732000
v -0.046300 0.053031 0.730250
v -0.042300 0.053031 0.730250
v -0.046300 0.053031 0.730250
v -0.042300 0.053031 0.730250
v -0.046300 0.051750 0.728969
v -0.042300 0.051750 0.728969
v -0.046300 0.051750 0.728969
v -0.042300 0.051750 0.728969
v -0.046300 0.050000 0.728500
v -0.042300 0.050000 0.728500
v -0.046300 0.050000 0.728500
v -0.042300 0.050000 0.728500
v -0.046300 0.048250 0.728969
v -0.042300 0.048250 0.728969
v -0.046300 0.048250 0.728969
v -0.042300 0.048250 0.728969
v -0.046300 0.046969 0.730250
v -0.042300 0.046969 0.730250
v -0.046300 0.046969 0.730250
v -0.042300 0.046969 0.730250
v -0.046300 0.046500 0.732000
v -0.042300 0.046500 0.732000
v -0.046300 0.046500 0.732000
v -0.042300 0.046500 0.732000
v -0.046300 0.046969 0.733750
v -0.042300 0.046969 0.733750
v -0.046300 0.046969 0.733750
v -0.042300 0.046969 0.733750
v -0.046300 0.048250 0.735031
v -0.042300 0.048250 0.735031
v -0.046300 0.048250 0.735031
v -0.042300 0.048250 0.735031
v -0.046300 0.050000 0.735500
v -0.042300 0.050000 0.735500
v -0.009907 0.050000 0.727500
v -0.009907 -0.050000 0.727500
v -0.038300 0.050000 0.727500
v -0.038300 -0.050000 0.727500
v -0.046300 -0.050000 0.735500
v -0.042300 -0.050000 0.735500
v -0.046300 -0.048250 0.735031
v -0.042300 -0.048250 0.735031
v -0.046300 -0.048250 0.735031
v -0.042300 -0.048250 0.735031
v -0.046300 -0.046969 0.733750
v -0.042300 -0.046969 0.733750
v -0.046300 -0.046969 0.733750
v -0.042300 -0.046969 0.733750
v -0.046300 -0.046500 0.732000
v -0.042300 -0.046500 0.732000
v -0.046300 -0.046500 0.732000
v -0.042300 -0.046500 0.732000
v -0.046300 -0.046969 0.730250
v -0.042300 -0.046969 0.730250
v -0.046300 -0.046969 0.730250
v -0.042300 -0.046969 0.730250
v -0.046300 -0.048250 0.728969
v -0.042300 -0.048250 0.728969
v -0.046300 -0.048250 0.728969
v -0.042300 -0.048250 0.728969
v -0.046300 -0.050000 0.728500
v -0.042300 -0.050000 0.728500
v -0.046300 -0.050000 0.728500
v -0.042300 -0.050000 0.728500
v -0.046300 -0.051750 0.728969
v -0.042300 -0.051750 0.728969
v -0.046300 -0.051750 0.728969
v -0.042300 -0.051750 0.728969
v -0.046300 -0.053031 0.730250
v -0.042300 -0.053031 0.730250
v -0.046300 -0.053031 0.730250
v -0.042300 -0.053031 0.730250
v -0.046300 -0.053500 0.732000
v -0.042300 -0.053500 0.732000
v -0.046300 -0.053500 0.732000
v -0.042300 -0.053500 0.732000
v -0.046300 -0.053031 0.733750
v -0.042300 -0.053031 0.733750
v -0.046300 -0.053031 0.733750
v -0.042300 -0.053031 0.733750
v -0.046300 -0.051750 0.735031
v -0.042300 -0.051750 0.735031
v -0.046300 -0.051750 0.735031
v -0.042300 -0.051750 0.735031
v -0.046300 -0.050000 0.735500
v -0.042300 -0.050000 0.735500
v -0.064800 0.034521 0.800500
v -0.064800 0.030479 0.800500
v -0.063300 0.034521 0.800500
v -0.063300 0.030479 0.800500
v -0.063300 0.030479 0.800500
v -0.064800 0.030479 0.800500
v -0.063300 0.028459 0.797000
v -0.064800 0.028459 0.797000
v -0.063300 0.028459 0.797000
v -0.064800 0.028459 0.797000
v -0.063300 0.030479 0.793500
v -0.064800 0.030479 0.793500
v -0.063300 0.030479 0.793500
v -0.064800 0.030479 0.793500
v -0.063300 0.034521 0.793500
v -0.064800 0.034521 0.793500
v -0.063300 0.034521 0.793500
v -0.064800 0.034521 0.793500
v -0.063300 0.036542 0.797000
v -0.064800 0.036542 0.797000
v -0.063300 0.036542 0.797000
v -0.064800 0.036542 0.797000
v -0.063300 0.034521 0.800500
v -0.064800 0.034521 0.800500
v -0.063300 0.030479 0.808500
v -0.064800 0.030479 0.808500
v -0.063300 0.034521 0.808500
v -0.064800 0.034521 0.808500
v -0.063300 0.034521 0.808500
v -0.064800 0.034521 0.808500
v -0.063300 0.036542 0.812000
v -0.064800 0.036542 0.812000
v -0.063300 0.036542 0.812000
v -0.064800 0.036542 0.812000
v -0.063300 0.034521 0.815500
v -0.064800 0.034521 0.815500
v -0.064800 0.034521 0.815500
v -0.064800 0.030479 0.815500
v -0.063300 0.034521 0.815500
v -0.063300 0.030479 0.815500
v -0.063300 0.030479 0.815500
v -0.064800 0.030479 0.815500
v -0.063300 0.028459 0.812000
v -0.064800 0.028459 0.812000
v -0.063300 0.028459 0.812000
v -0.064800 0.028459 0.812000
v -0.063300 0.030479 0.808500
v -0.064800 0.030479 0.808500
v -0.046300 -0.055500 0.811500
v -0.046300 -0.057250 0.811969
v -0.046300 -0.053750 0.811969
v -0.046300 -0.058531 0.813250
v -0.046300 -0.052469 0.813250
v -0.046300 -0.059000 0.815000
v -0.046300 -0.052000 0.815000
v -0.046300 -0.058531 0.816750
v -0.046300 -0.052469 0.816750
v -0.046300 -0.057250 0.818031
v -0.046300 -0.053750 0.818031
v -0.046300 -0.055500 0.818500
v -0.038300 -0.050000 0.727500
v -0.009907 -0.050000 0.727500
v -0.038300 -0.053090 0.727989
v -0.010141 -0.052137 0.727731
v -0.038300 -0.055878 0.729410
v -0.011139 -0.054509 0.728574
v -0.013221 -0.057025 0.730383
v -0.015881 -0.058883 0.732908
v -0.038300 -0.058090 0.731622
v -0.018766 -0.059888 0.736007
v -0.020022 -0.060000 0.737500
v -0.038300 -0.060000 0.737500
v -0.038300 -0.059511 0.734410
v -0.026090 -0.062948 0.759987
v -0.024423 -0.061858 0.753239
v -0.024005 -0.062948 0.752714
v -0.020042 -0.061858 0.743080
v -0.020042 -0.061858 0.743080
v -0.021123 -0.062948 0.745719
v -0.017669 -0.061858 0.738970
v -0.017478 -0.062948 0.739089
v -0.027352 -0.062948 0.767446
v -0.027100 -0.061858 0.763973
v -0.027774 -0.062948 0.775000
v -0.028000 -0.061858 0.775000
v -0.028866 -0.060000 0.758681
v -0.026498 -0.060000 0.750775
v -0.026015 -0.060206 0.752701
v -0.023246 -0.060000 0.743239
v -0.021526 -0.060206 0.742291
v -0.020022 -0.060000 0.737500
v -0.019095 -0.060206 0.738079
v -0.028758 -0.060206 0.763701
v -0.030295 -0.060000 0.766786
v -0.029680 -0.060206 0.775000
v -0.030774 -0.060000 0.775000
v -0.025059 -0.060860 0.753024
v -0.020635 -0.060860 0.742765
v -0.018239 -0.060860 0.738614
v -0.027762 -0.060860 0.763865
v -0.028671 -0.060860 0.775000
v -0.024423 -0.061858 0.753239
v -0.027100 -0.061858 0.763973
v -0.022746 -0.062948 0.800618
v -0.025146 -0.061858 0.794491
v -0.025524 -0.062948 0.792320
v -0.027397 -0.061858 0.784034
v -0.027397 -0.061858 0.784034
v -0.027209 -0.062948 0.783733
v -0.028000 -0.061858 0.775000
v -0.027774 -0.062948 0.775000
v -0.014115 -0.062948 0.815803
v -0.008407 -0.062948 0.822435
v -0.009141 -0.061858 0.822001
v -0.001891 -0.062948 0.828277
v -0.001162 -0.061858 0.829126
v 0.021356 -0.062948 0.840159
v 0.029907 -0.062948 0.842018
v 0.027977 -0.061858 0.841928
v 0.038626 -0.062948 0.842760
v 0.038622 -0.061858 0.842986
v -0.029099 -0.060000 0.790307
v -0.030442 -0.060000 0.781844
v -0.029062 -0.060206 0.784257
v -0.030774 -0.060000 0.775000
v -0.029680 -0.060206 0.775000
v -0.014013 -0.060000 0.820732
v -0.019144 -0.060000 0.813870
v -0.017285 -0.060206 0.814670
v -0.023408 -0.060000 0.806438
v -0.022798 -0.060206 0.805195
v 0.013508 -0.060000 0.840628
v 0.005772 -0.060000 0.836946
v 0.007041 -0.060206 0.836392
v -0.001463 -0.060000 0.832356
v -0.002179 -0.060206 0.830464
v 0.021633 -0.060000 0.843349
v 0.027680 -0.060206 0.843582
v 0.030029 -0.060000 0.845068
v 0.038588 -0.060206 0.844666
v 0.038566 -0.060000 0.845759
v -0.009626 -0.060860 0.822465
v -0.016456 -0.060860 0.814095
v -0.021888 -0.060860 0.804758
v -0.026756 -0.060206 0.794973
v -0.025789 -0.060860 0.794684
v -0.028062 -0.060860 0.784123
v -0.028671 -0.060860 0.775000
v -0.010355 -0.060206 0.823163
v -0.001568 -0.060860 0.829661
v 0.007519 -0.060860 0.835503
v 0.017409 -0.060860 0.839848
v 0.017077 -0.060206 0.840801
v 0.027858 -0.060860 0.842589
v 0.038608 -0.060860 0.843657
v -0.009141 -0.061858 0.822001
v -0.015904 -0.061858 0.813713
v -0.021283 -0.061858 0.804467
v -0.025146 -0.061858 0.794491
v -0.001162 -0.061858 0.829126
v 0.007836 -0.061858 0.834912
v 0.017630 -0.061858 0.839214
v 0.027977 -0.061858 0.841928
v -0.021283 -0.061858 0.804467
v -0.018922 -0.062948 0.808490
v -0.015904 -0.061858 0.813713
v 0.005323 -0.062948 0.833231
v 0.007836 -0.061858 0.834912
v 0.013115 -0.062948 0.837214
v 0.017630 -0.061858 0.839214
v -0.026742 -0.060000 0.798545
v -0.008091 -0.060000 0.826925
v 0.038608 -0.060860 0.843657
v 0.039006 -0.060206 0.844673
v 0.038588 -0.060206 0.844666
v 0.038996 -0.060000 0.845766
v 0.038566 -0.060000 0.845759
v 0.039002 -0.060860 0.843664
v 0.038622 -0.061858 0.842986
v 0.038985 -0.061857 0.842992
v 0.038626 -0.062948 0.842760
v 0.038958 -0.062946 0.842766
v 0.039702 -0.060001 0.849954
v 0.039552 -0.060000 0.849943
v 0.040447 -0.060027 0.849875
v 0.038996 -0.060000 0.845766
v 0.040962 -0.060128 0.845719
v 0.039552 -0.060000 0.849943
v 0.039702 -0.060001 0.849954
v 0.039552 -0.059539 0.852946
v 0.039815 -0.059730 0.852256
v 0.039552 -0.059539 0.852946
v 0.039815 -0.059730 0.852256
v 0.039552 -0.058197 0.855671
v 0.039963 -0.058563 0.855109
v 0.039993 -0.058201 0.855665
v 0.039702 -0.060001 0.849954
v 0.040447 -0.060027 0.849875
v 0.039815 -0.059730 0.852256
v 0.040931 -0.059574 0.852826
v 0.039963 -0.058563 0.855109
v 0.041425 -0.058249 0.855500
v 0.040000 -0.058189 0.855682
v 0.039993 -0.058201 0.855665
v 0.039993 -0.058190 0.855681
v 0.077868 0.040225 0.871772
v 0.046662 0.040867 0.872749
v 0.077632 0.037827 0.873409
v 0.047045 0.037860 0.874748
v 0.077683 0.033186 0.876163
v 0.046993 0.032991 0.877571
v 0.077737 0.027011 0.879127
v 0.046929 0.025340 0.881044
v 0.077787 0.019306 0.881851
v 0.077836 0.002950 0.884518
v 0.046844 0.002311 0.885705
v 0.077834 -0.004947 0.884405
v 0.046844 -0.002939 0.885682
v 0.046859 -0.011097 0.884866
v 0.043989 -0.045652 0.869178
v 0.079889 -0.044669 0.868249
v 0.045601 -0.043451 0.870882
v 0.079413 -0.043982 0.868840
v 0.046571 -0.041182 0.872529
v 0.078061 -0.041001 0.871205
v 0.047045 -0.037860 0.874748
v 0.077632 -0.037827 0.873409
v 0.046995 -0.033183 0.877470
v 0.077655 -0.035838 0.874649
v 0.046953 -0.028460 0.879760
v 0.077729 -0.028048 0.878681
v 0.046917 -0.023552 0.881703
v 0.077765 -0.023016 0.880666
v 0.046888 -0.018490 0.883282
v 0.077794 -0.017974 0.882221
v 0.077814 -0.013057 0.883345
v 0.060671 -0.059537 0.852215
v 0.077361 -0.060146 0.850015
v 0.041425 -0.058249 0.855500
v 0.079916 -0.060188 0.849758
v 0.079887 -0.055889 0.856318
v 0.040000 -0.058189 0.855682
v 0.039998 -0.053658 0.861496
v 0.079886 0.055823 0.856406
v 0.079910 0.060188 0.849759
v 0.064477 0.059726 0.851639
v 0.044711 0.058494 0.854919
v 0.041425 0.058249 0.855500
v 0.040000 0.058189 0.855682
v 0.039998 0.053658 0.861496
v 0.079904 0.050745 0.862494
v 0.079890 0.044670 0.868248
v 0.039996 0.048551 0.866806
v 0.039980 0.048493 0.866861
v 0.041018 0.047977 0.867285
v 0.043719 0.045933 0.868954
v 0.045623 0.043411 0.870911
v 0.078629 0.042544 0.870020
v 0.079906 -0.050483 0.862772
v 0.041919 -0.047422 0.867742
v 0.039980 -0.048493 0.866861
v 0.040000 -0.048537 0.866818
v 0.039996 -0.048551 0.866806
v 0.046885 0.017893 0.883441
v 0.077820 0.011344 0.883650
v 0.046855 0.009422 0.885112
v 0.024505 -0.043881 0.870817
v 0.023709 -0.042106 0.872169
v 0.023498 -0.041829 0.872370
v 0.024270 -0.038025 0.875286
v 0.022810 -0.037867 0.875059
v 0.026763 -0.044938 0.870296
v 0.026012 -0.045812 0.869243
v 0.027802 -0.047334 0.867919
v 0.025870 -0.045222 0.869754
v 0.025640 -0.041989 0.873009
v 0.024696 -0.041959 0.872479
v 0.025617 -0.038502 0.876019
v 0.024696 -0.041959 0.872479
v 0.025617 -0.038502 0.876019
v 0.026436 -0.042203 0.873711
v 0.027008 -0.042570 0.874505
v 0.026512 -0.039221 0.877143
v 0.027333 -0.043031 0.875301
v 0.026809 -0.040000 0.878373
v 0.027901 -0.045350 0.870513
v 0.028213 -0.045017 0.871825
v 0.027901 -0.045350 0.870513
v 0.029872 -0.047279 0.868455
v 0.030425 -0.047137 0.869330
v 0.032623 -0.048577 0.867045
v 0.030425 -0.047137 0.869330
v 0.032914 -0.048233 0.867988
v 0.035930 -0.048849 0.866749
v 0.035813 -0.048457 0.867710
v 0.038891 -0.048008 0.867664
v 0.038442 -0.047758 0.868573
v 0.039347 -0.047879 0.867731
v 0.038792 -0.047590 0.868778
v 0.029710 -0.046414 0.871275
v 0.031245 -0.047445 0.869906
v 0.033521 -0.048225 0.868820
v 0.035718 -0.048329 0.868673
v 0.038090 -0.047753 0.869483
v 0.038432 -0.047604 0.869689
v 0.028341 -0.044925 0.873132
v 0.028763 -0.047304 0.868035
v 0.026763 -0.044938 0.870296
v 0.037737 -0.049173 0.866218
v 0.039980 -0.048493 0.866861
v 0.034428 -0.049544 0.865857
v 0.035153 -0.049567 0.865834
v 0.038154 -0.049174 0.866215
v 0.039996 -0.048551 0.866806
v 0.040000 -0.048537 0.866818
v 0.022959 -0.039804 0.873793
v 0.031929 -0.049194 0.866195
v 0.035153 -0.049567 0.865834
v 0.034428 -0.049544 0.865857
v 0.031247 -0.048817 0.866566
v 0.031929 -0.049194 0.866195
v 0.029841 -0.048480 0.866872
v 0.026476 -0.005846 0.887774
v 0.024914 -0.017051 0.884439
v 0.026443 -0.017416 0.885901
v 0.024848 -0.027961 0.880808
v 0.026376 -0.028559 0.882191
v 0.025617 -0.038502 0.876019
v 0.026376 -0.028559 0.882191
v 0.026512 -0.039221 0.877143
v 0.024948 -0.005723 0.886273
v 0.026476 0.005880 0.887771
v 0.024948 0.005756 0.886270
v 0.026443 0.017451 0.885892
v 0.024914 0.017085 0.884431
v 0.026376 0.028574 0.882184
v 0.024848 0.027975 0.880802
v 0.025617 0.038502 0.876019
v 0.024848 0.027975 0.880802
v 0.024270 0.038025 0.875286
v 0.026922 -0.027168 0.884836
v 0.026871 -0.033742 0.881911
v 0.026809 -0.040000 0.878373
v 0.026977 -0.017045 0.887968
v 0.026443 -0.017416 0.885901
v 0.026953 -0.022162 0.886581
v 0.027010 -0.003408 0.889853
v 0.026476 -0.005846 0.887774
v 0.026999 -0.010339 0.889214
v 0.026999 0.010344 0.889213
v 0.026476 0.005880 0.887771
v 0.027010 0.002379 0.889892
v 0.026970 0.018663 0.887571
v 0.026443 0.017451 0.885892
v 0.026925 0.026743 0.885000
v 0.026376 0.028574 0.882184
v 0.022862 -0.032925 0.877904
v 0.024848 -0.027961 0.880808
v 0.022907 -0.027755 0.880350
v 0.024914 -0.017051 0.884439
v 0.022945 -0.022406 0.882372
v 0.022974 -0.016927 0.883953
v 0.024948 -0.005723 0.886273
v 0.022995 -0.011342 0.885088
v 0.023007 -0.005685 0.885772
v 0.023011 0.002791 0.885945
v 0.022914 0.026871 0.880719
v 0.022945 0.022431 0.882364
v 0.022974 0.016954 0.883946
v 0.024914 0.017085 0.884431
v 0.022995 0.011368 0.885084
v 0.022862 0.032922 0.877906
v 0.024270 -0.038025 0.875286
v 0.026873 0.033509 0.882029
v 0.026512 0.039221 0.877143
v 0.026809 0.040000 0.878373
v 0.022810 -0.037867 0.875059
v 0.022810 0.037867 0.875059
v 0.023376 0.041480 0.872623
v 0.023604 0.039069 0.874368
v 0.024593 0.044020 0.870707
v 0.024591 0.041185 0.873105
v 0.025523 0.044556 0.870320
v 0.025530 0.041284 0.873635
v 0.026438 0.044339 0.870857
v 0.026755 0.043243 0.872680
v 0.028275 0.045821 0.870016
v 0.028394 0.046975 0.868353
v 0.028377 0.047710 0.867581
v 0.026674 0.046447 0.868700
v 0.025617 0.038502 0.876019
v 0.025617 0.038502 0.876019
v 0.024270 0.038025 0.875286
v 0.035363 0.049563 0.865839
v 0.037087 0.049338 0.866058
v 0.037160 0.049385 0.866011
v 0.037087 0.049338 0.866058
v 0.036360 0.048794 0.866809
v 0.037160 0.049385 0.866011
v 0.036360 0.048794 0.866809
v 0.039980 0.048493 0.866861
v 0.036190 0.048412 0.867767
v 0.039000 0.047665 0.868346
v 0.036789 0.048162 0.868910
v 0.038431 0.047604 0.869689
v 0.027005 0.041926 0.876476
v 0.026652 0.040347 0.876740
v 0.026809 0.040000 0.878373
v 0.026199 0.040424 0.875411
v 0.026809 0.040000 0.878373
v 0.026512 0.039221 0.877143
v 0.032254 0.047885 0.869300
v 0.030573 0.047231 0.869216
v 0.030576 0.047057 0.870430
v 0.028546 0.045452 0.871326
v 0.028995 0.045729 0.872147
v 0.027157 0.043018 0.874031
v 0.027744 0.043951 0.874273
v 0.033564 0.049487 0.865912
v 0.033835 0.049492 0.865908
v 0.031407 0.049053 0.866330
v 0.031057 0.048736 0.866645
v 0.034587 0.048350 0.868643
v 0.033247 0.048312 0.867891
v 0.033001 0.048672 0.866942
v 0.022810 0.037867 0.875059
v 0.039996 0.048551 0.866806
v 0.027157 0.043018 0.874031
v 0.030528 0.047700 0.867999
v 0.040000 0.058189 0.855682
v 0.041425 0.058249 0.855500
v 0.039871 0.059397 0.853367
v 0.040931 0.059574 0.852826
v 0.039871 0.059397 0.853367
v 0.039702 0.060001 0.849954
v 0.040447 0.060027 0.849875
v 0.039993 0.058201 0.855665
v 0.039994 0.058190 0.855681
v 0.039702 0.060001 0.849954
v 0.039552 0.060000 0.849943
v 0.039871 0.059397 0.853367
v 0.039552 0.059539 0.852946
v 0.039871 0.059397 0.853367
v 0.039993 0.058201 0.855665
v 0.039552 0.058197 0.855671
v -0.046300 -0.041781 0.861293
v -0.046300 -0.043531 0.861762
v -0.046300 -0.040031 0.861762
v -0.046300 -0.044812 0.863043
v -0.046300 -0.038750 0.863043
v -0.046300 -0.045281 0.864793
v -0.046300 -0.038281 0.864793
v -0.046300 -0.044812 0.866543
v -0.046300 -0.038750 0.866543
v -0.046300 -0.043531 0.867824
v -0.046300 -0.040031 0.867824
v -0.046300 -0.041781 0.868293
v -0.046300 0.041781 0.861293
v -0.046300 0.040031 0.861762
v -0.046300 0.043531 0.861762
v -0.046300 0.038750 0.863043
v -0.046300 0.044812 0.863043
v -0.046300 0.038281 0.864793
v -0.046300 0.045281 0.864793
v -0.046300 0.038750 0.866543
v -0.046300 0.044812 0.866543
v -0.046300 0.040031 0.867824
v -0.046300 0.043531 0.867824
v -0.046300 0.041781 0.868293
v 0.038996 0.060000 0.845766
v 0.039552 0.060000 0.849943
v 0.040962 0.060128 0.845719
v 0.039702 0.060001 0.849954
v 0.040447 0.060027 0.849875
v 0.039002 0.060860 0.843664
v 0.038588 0.060206 0.844666
v 0.039006 0.060206 0.844673
v 0.038566 0.060000 0.845759
v 0.038996 0.060000 0.845766
v 0.038608 0.060860 0.843657
v 0.038985 0.061857 0.842992
v 0.038622 0.061858 0.842986
v 0.038958 0.062946 0.842766
v 0.038626 0.062948 0.842760
v 0.013115 0.062948 0.837214
v 0.019192 0.061858 0.839738
v 0.021356 0.062948 0.840159
v 0.029602 0.061858 0.842200
v 0.029602 0.061858 0.842200
v 0.029907 0.062948 0.842018
v 0.038622 0.061858 0.842986
v 0.038626 0.062948 0.842760
v -0.001891 0.062948 0.828277
v -0.008407 0.062948 0.822435
v -0.007988 0.061858 0.823178
v -0.014115 0.062948 0.815803
v -0.014949 0.061858 0.815056
v -0.025524 0.062948 0.792320
v -0.027209 0.062948 0.783733
v -0.027158 0.061858 0.785664
v -0.027774 0.062948 0.775000
v -0.028000 0.061858 0.775000
v 0.023296 0.060000 0.843774
v 0.031729 0.060000 0.845289
v 0.029345 0.060206 0.843860
v 0.038566 0.060000 0.845759
v 0.038588 0.060206 0.844666
v -0.006818 0.060000 0.828075
v -0.000061 0.060000 0.833344
v -0.000823 0.060206 0.831469
v 0.007284 0.060000 0.837758
v 0.008538 0.060206 0.837173
v -0.026152 0.060000 0.800156
v -0.022627 0.060000 0.807966
v -0.022048 0.060206 0.806708
v -0.018184 0.060000 0.815292
v -0.016307 0.060206 0.816046
v -0.028707 0.060000 0.791978
v -0.028818 0.060206 0.785927
v -0.030255 0.060000 0.783549
v -0.029680 0.060206 0.775000
v -0.030774 0.060000 0.775000
v -0.008461 0.060860 0.823654
v -0.000232 0.060860 0.830652
v 0.008994 0.060860 0.836272
v 0.018678 0.060206 0.841337
v 0.018987 0.060860 0.840377
v 0.029499 0.060860 0.842863
v 0.038608 0.060860 0.843657
v -0.009174 0.060206 0.824369
v -0.015492 0.060860 0.815452
v -0.021149 0.060860 0.806248
v -0.025293 0.060860 0.796272
v -0.026253 0.060206 0.796585
v -0.027821 0.060860 0.785769
v -0.028671 0.060860 0.775000
v -0.007988 0.061858 0.823178
v 0.000162 0.061858 0.830108
v 0.009297 0.061858 0.835673
v 0.019192 0.061858 0.839738
v -0.014949 0.061858 0.815056
v -0.020551 0.061858 0.805943
v -0.024655 0.061858 0.796064
v -0.027158 0.061858 0.785664
v 0.009297 0.061858 0.835673
v 0.005323 0.062948 0.833231
v 0.000162 0.061858 0.830108
v -0.018922 0.062948 0.808490
v -0.020551 0.061858 0.805943
v -0.022746 0.062948 0.800618
v -0.024655 0.061858 0.796064
v 0.015107 0.060000 0.841251
v -0.012889 0.060000 0.822028
v -0.024005 0.062948 0.752714
v -0.026167 0.061858 0.759320
v -0.026090 0.062948 0.759987
v -0.027834 0.061858 0.770257
v -0.027834 0.061858 0.770257
v -0.027352 0.062948 0.767446
v -0.028000 0.061858 0.775000
v -0.027774 0.062948 0.775000
v -0.021123 0.062948 0.745719
v -0.022749 0.061858 0.748798
v -0.017478 0.062948 0.739089
v -0.017669 0.061858 0.738970
v -0.027052 0.060000 0.752351
v -0.029232 0.060000 0.760310
v -0.027802 0.060206 0.758933
v -0.030467 0.060000 0.768425
v -0.029510 0.060206 0.770140
v -0.030774 0.060000 0.775000
v -0.029680 0.060206 0.775000
v -0.024299 0.060206 0.748151
v -0.023969 0.060000 0.744719
v -0.019095 0.060206 0.738079
v -0.020022 0.060000 0.737500
v -0.026820 0.060860 0.759165
v -0.028504 0.060860 0.770210
v -0.028671 0.060860 0.775000
v -0.023368 0.060860 0.748539
v -0.018239 0.060860 0.738614
v -0.026167 0.061858 0.759320
v -0.022749 0.061858 0.748798
v -0.038300 0.060000 0.737500
v -0.020022 0.060000 0.737500
v -0.038300 0.059511 0.734410
v -0.018766 0.059888 0.736007
v -0.016500 0.059182 0.733538
v -0.038300 0.058090 0.731622
v -0.013777 0.057503 0.730889
v -0.038300 0.055878 0.729410
v -0.011527 0.055107 0.728903
v -0.038300 0.053090 0.727989
v -0.010233 0.052472 0.727810
v -0.038300 0.050000 0.727500
v -0.009907 0.050000 0.727500
v -0.046300 0.055500 0.811500
v -0.046300 0.053750 0.811969
v -0.046300 0.057250 0.811969
v -0.046300 0.052469 0.813250
v -0.046300 0.058531 0.813250
v -0.046300 0.052000 0.815000
v -0.046300 0.059000 0.815000
v -0.046300 0.052469 0.816750
v -0.046300 0.058531 0.816750
v -0.046300 0.053750 0.818031
v -0.046300 0.057250 0.818031
v -0.046300 0.055500 0.818500
v -0.046300 0.050000 0.728500
v -0.046300 0.048250 0.728969
v -0.046300 0.051750 0.728969
v -0.046300 0.046969 0.730250
v -0.046300 0.053031 0.730250
v -0.046300 0.046500 0.732000
v -0.046300 0.053500 0.732000
v -0.046300 0.046969 0.733750
v -0.046300 0.053031 0.733750
v -0.046300 0.048250 0.735031
v -0.046300 0.051750 0.735031
v -0.046300 0.050000 0.735500
v -0.007799 -0.050000 0.726634
v -0.008768 -0.050000 0.727275
v -0.007799 0.050000 0.726634
v -0.009907 -0.050000 0.727500
v -0.008805 0.050000 0.727290
v -0.009907 0.050000 0.727500
v -0.046300 -0.050000 0.728500
v -0.046300 -0.051750 0.728969
v -0.046300 -0.048250 0.728969
v -0.046300 -0.053031 0.730250
v -0.046300 -0.046969 0.730250
v -0.046300 -0.053500 0.732000
v -0.046300 -0.046500 0.732000
v -0.046300 -0.053031 0.733750
v -0.046300 -0.046969 0.733750
v -0.046300 -0.051750 0.735031
v -0.046300 -0.048250 0.735031
v -0.046300 -0.050000 0.735500
v -0.064800 0.030479 0.800500
v -0.064800 0.034521 0.800500
v -0.064800 0.028459 0.797000
v -0.064800 0.036542 0.797000
v -0.064800 0.030479 0.793500
v -0.064800 0.034521 0.793500
v -0.064800 0.030479 0.815500
v -0.064800 0.034521 0.815500
v -0.064800 0.028459 0.812000
v -0.064800 0.036542 0.812000
v -0.064800 0.030479 0.808500
v -0.064800 0.034521 0.808500
v -0.009531 -0.054531 0.728193
v -0.008573 -0.051257 0.727237
v -0.007975 -0.052458 0.726870
v -0.008573 -0.051257 0.727237
v -0.008768 -0.050000 0.727275
v -0.007799 -0.050000 0.726634
v -0.017149 -0.060827 0.737080
v -0.014459 -0.059415 0.733154
v -0.013600 -0.060655 0.733297
v -0.014459 -0.059415 0.733154
v -0.011524 -0.057297 0.730140
v -0.010742 -0.058592 0.729951
v -0.008761 -0.055286 0.727736
v -0.010428 -0.058358 0.729600
v -0.017914 -0.060161 0.736572
v -0.015881 -0.058883 0.732908
v -0.010141 -0.052137 0.727731
v -0.014109 -0.061871 0.734158
v -0.016646 -0.061787 0.737414
v -0.012480 -0.060662 0.732052
v -0.016475 -0.062825 0.737527
v -0.009907 -0.050000 0.727500
v -0.011139 -0.054509 0.728574
v -0.009531 -0.054531 0.728193
v -0.011524 -0.057297 0.730140
v -0.013221 -0.057025 0.730383
v -0.018766 -0.059888 0.736007
v -0.018239 -0.060860 0.738614
v -0.016646 -0.061787 0.737414
v -0.017669 -0.061858 0.738970
v -0.016475 -0.062825 0.737527
v -0.017478 -0.062948 0.739089
v -0.017149 -0.060827 0.737080
v -0.019095 -0.060206 0.738079
v -0.017914 -0.060161 0.736572
v -0.020022 -0.060000 0.737500
v -0.018766 -0.059888 0.736007
v 0.107633 -0.071000 0.775000
v 0.107480 -0.064160 0.781072
v 0.107117 -0.071000 0.783340
v 0.106597 -0.067117 0.787176
v 0.105577 -0.071000 0.791553
v 0.104781 -0.069741 0.794511
v 0.103035 -0.071000 0.799513
v 0.105125 -0.071000 0.756753
v 0.102034 -0.071000 0.748055
v 0.106386 -0.050148 0.760270
v 0.103745 -0.050000 0.751324
v 0.106322 -0.050000 0.759985
v 0.100043 -0.050000 0.743082
v 0.097787 -0.071000 0.739859
v 0.095281 -0.050000 0.735403
v 0.092464 -0.071000 0.732317
v 0.089543 -0.050000 0.728422
v 0.044616 -0.071000 0.707524
v 0.041249 -0.050000 0.707011
v 0.053760 -0.071000 0.708781
v 0.050253 -0.050000 0.707777
v 0.062649 -0.071000 0.711272
v 0.059075 -0.050000 0.709730
v 0.071116 -0.071000 0.714949
v 0.067561 -0.050000 0.712836
v 0.075559 -0.050000 0.717039
v 0.032224 -0.050000 0.707446
v 0.035384 -0.071000 0.707524
v 0.023336 -0.050000 0.709073
v 0.026240 -0.071000 0.708781
v 0.017351 -0.071000 0.711272
v 0.000997 -0.071000 0.719745
v -0.000964 -0.050000 0.720723
v 0.008884 -0.071000 0.714949
v 0.006594 -0.050000 0.715771
v 0.014742 -0.050000 0.711865
v -0.016475 -0.062825 0.737527
v -0.012464 -0.071000 0.732317
v -0.017478 -0.062948 0.739089
v -0.017787 -0.071000 0.739859
v -0.021123 -0.062948 0.745719
v -0.022034 -0.071000 0.748055
v -0.024005 -0.062948 0.752714
v -0.025125 -0.071000 0.756753
v -0.026090 -0.062948 0.759987
v -0.027352 -0.062948 0.767446
v -0.027004 -0.071000 0.765791
v -0.018655 -0.071000 0.808672
v -0.018922 -0.062948 0.808490
v -0.022533 -0.071000 0.800767
v -0.022746 -0.062948 0.800618
v -0.025350 -0.071000 0.792424
v -0.025524 -0.062948 0.792320
v -0.027060 -0.071000 0.783787
v -0.027209 -0.062948 0.783733
v -0.001404 -0.071000 0.828479
v -0.001891 -0.062948 0.828277
v -0.008001 -0.071000 0.822647
v -0.008407 -0.062948 0.822435
v -0.013784 -0.071000 0.816007
v -0.014115 -0.062948 0.815803
v 0.005323 -0.062948 0.833231
v 0.005895 -0.071000 0.833405
v 0.013115 -0.062948 0.837214
v 0.013772 -0.071000 0.837341
v 0.021356 -0.062948 0.840159
v 0.022093 -0.071000 0.840220
v 0.029907 -0.062948 0.842018
v 0.030718 -0.071000 0.841993
v 0.038626 -0.062948 0.842760
v 0.039500 -0.071000 0.842632
v 0.039500 -0.068000 0.842684
v 0.039616 -0.067680 0.842690
v 0.039909 -0.067508 0.842694
v 0.040472 -0.063038 0.842771
v 0.038958 -0.062946 0.842766
v 0.075617 -0.071000 0.832495
v 0.078178 -0.070094 0.830847
v 0.067443 -0.071000 0.836816
v 0.070930 -0.068191 0.835202
v 0.058756 -0.071000 0.839981
v 0.063455 -0.066532 0.838519
v 0.055739 -0.065138 0.840882
v -0.027633 -0.071000 0.775000
v -0.027774 -0.062948 0.775000
v 0.040767 -0.063075 0.842767
v 0.040244 -0.067564 0.842693
v 0.040473 -0.067838 0.842687
v 0.040500 -0.068000 0.842684
v 0.040500 -0.071000 0.842632
v 0.049719 -0.071000 0.841932
v 0.047816 -0.063995 0.842303
v 0.107004 -0.071000 0.765791
v 0.106510 -0.050543 0.760840
v 0.106945 -0.052097 0.763281
v 0.107049 -0.052477 0.763930
v 0.107062 -0.052525 0.764013
v 0.107125 -0.052765 0.764435
v 0.107285 -0.053416 0.765587
v 0.107624 -0.055663 0.768876
v 0.107644 -0.055890 0.769142
v 0.107818 -0.060415 0.775000
v -0.006163 -0.071000 0.725571
v -0.014109 -0.061871 0.734158
v -0.012480 -0.060662 0.732052
v -0.010428 -0.058358 0.729600
v -0.008761 -0.055286 0.727736
v -0.007975 -0.052458 0.726870
v -0.007799 -0.050000 0.726634
v 0.086163 -0.071000 0.725571
v 0.082930 -0.050000 0.722265
v 0.079003 -0.071000 0.719745
v 0.083125 -0.071000 0.827101
v 0.039006 -0.060206 0.844673
v 0.040962 -0.060128 0.845719
v 0.038996 -0.060000 0.845766
v 0.040911 -0.060345 0.844636
v 0.039002 -0.060860 0.843664
v 0.040797 -0.060995 0.843645
v 0.038985 -0.061857 0.842992
v 0.040638 -0.061973 0.842990
v 0.040472 -0.063038 0.842771
v 0.038958 -0.062946 0.842766
v 0.062421 -0.061327 0.847938
v 0.067488 -0.060361 0.850266
v 0.053631 -0.060758 0.849017
v 0.055424 -0.060493 0.850229
v 0.049476 -0.060922 0.846848
v 0.040447 -0.060027 0.849875
v 0.041343 -0.060178 0.845694
v 0.040962 -0.060128 0.845719
v 0.080000 -0.065642 0.837835
v 0.080000 -0.063666 0.842873
v 0.067853 -0.064313 0.839348
v 0.069253 -0.063159 0.843469
v 0.059290 -0.062687 0.842472
v 0.058505 -0.061936 0.845302
v 0.051100 -0.061439 0.844466
v 0.042793 -0.060364 0.845586
v 0.079916 -0.060188 0.849758
v 0.080000 -0.062972 0.844407
v 0.074776 -0.065878 0.835909
v 0.080000 -0.067219 0.832658
v 0.067488 -0.060361 0.850266
v 0.041425 -0.058249 0.855500
v 0.055424 -0.060493 0.850229
v 0.040931 -0.059574 0.852826
v 0.040447 -0.060027 0.849875
v 0.060671 -0.059537 0.852215
v 0.079916 -0.060188 0.849758
v 0.077361 -0.060146 0.850015
v 0.043007 0.010646 0.888907
v 0.043300 0.013187 0.887057
v 0.043029 0.017274 0.887645
v 0.043349 0.023720 0.884305
v 0.043067 0.024638 0.885489
v 0.043429 0.034175 0.879788
v 0.043123 0.032445 0.882254
v 0.043481 0.039234 0.876852
v 0.043196 0.040000 0.878054
v 0.042996 -0.004125 0.889556
v 0.043280 0.002358 0.888217
v 0.042996 0.004326 0.889545
v 0.043016 -0.013939 0.888358
v 0.043050 -0.021797 0.886419
v 0.043325 -0.019214 0.885688
v 0.043080 -0.026798 0.884696
v 0.043389 -0.029486 0.882053
v 0.043133 -0.033573 0.881698
v 0.043196 -0.040000 0.878054
v 0.043481 -0.039234 0.876852
v 0.046885 0.017893 0.883441
v 0.046929 0.025340 0.881044
v 0.045495 0.022998 0.882232
v 0.046993 0.032991 0.877571
v 0.045575 0.033135 0.877854
v 0.047045 0.037860 0.874748
v 0.045627 0.038041 0.875009
v 0.046859 -0.011097 0.884866
v 0.046844 -0.002939 0.885682
v 0.045433 -0.008262 0.885578
v 0.046844 0.002311 0.885705
v 0.045433 -0.008262 0.885578
v 0.045425 0.002286 0.886024
v 0.046855 0.009422 0.885112
v 0.045425 0.002286 0.886024
v 0.045446 0.012785 0.884900
v 0.046953 -0.028460 0.879760
v 0.046917 -0.023552 0.881703
v 0.045534 -0.028589 0.880050
v 0.046888 -0.018490 0.883282
v 0.045534 -0.028589 0.880050
v 0.045470 -0.018629 0.883573
v 0.045470 -0.018629 0.883573
v 0.047045 -0.037860 0.874748
v 0.046995 -0.033183 0.877470
v 0.045627 -0.038041 0.875009
v 0.045627 -0.038041 0.875009
v 0.044134 0.002315 0.886907
v 0.044154 0.012948 0.885768
v 0.045495 0.022998 0.882232
v 0.044203 0.023291 0.883066
v 0.044283 0.033557 0.878631
v 0.044335 0.038525 0.875749
v 0.044142 -0.008367 0.886455
v 0.044178 -0.018866 0.884424
v 0.044243 -0.028953 0.880855
v 0.044335 -0.038525 0.875749
v 0.043288 -0.008522 0.887757
v 0.043989 -0.045652 0.869178
v 0.044507 -0.044253 0.870351
v 0.041919 -0.047422 0.867742
v 0.041648 -0.045869 0.869840
v 0.039347 -0.047879 0.867731
v 0.040005 -0.046649 0.870851
v 0.039347 -0.047879 0.867731
v 0.038792 -0.047590 0.868778
v 0.044335 -0.038525 0.875749
v 0.043481 -0.039234 0.876852
v 0.043779 -0.039886 0.875639
v 0.043196 -0.040000 0.878054
v 0.043779 -0.039886 0.875639
v 0.043007 -0.041897 0.876189
v 0.045601 -0.043451 0.870882
v 0.046571 -0.041182 0.872529
v 0.045361 -0.040497 0.873388
v 0.045627 -0.038041 0.875009
v 0.043278 -0.043085 0.872606
v 0.041839 -0.044669 0.873190
v 0.041648 -0.045869 0.869840
v 0.038432 -0.047604 0.869689
v 0.047045 -0.037860 0.874748
v 0.043278 -0.043085 0.872606
v 0.039980 -0.048493 0.866861
v 0.080000 -0.062972 0.844407
v 0.080089 -0.059708 0.850570
v 0.079916 -0.060188 0.849758
v 0.080089 -0.059708 0.850570
v 0.080068 -0.055181 0.857254
v 0.079916 -0.060188 0.849758
v 0.080068 -0.055181 0.857254
v 0.079887 -0.055889 0.856318
v 0.080091 -0.049919 0.863357
v 0.079887 -0.055889 0.856318
v 0.080091 -0.049919 0.863357
v 0.079906 -0.050483 0.862772
v 0.080074 -0.044716 0.868205
v 0.079889 -0.044669 0.868249
v 0.079413 -0.043982 0.868840
v 0.078521 -0.042027 0.870423
v 0.078061 -0.041001 0.871205
v 0.078521 -0.042027 0.870423
v 0.079132 -0.037965 0.873596
v 0.078061 -0.041001 0.871205
v 0.077632 -0.037827 0.873409
v 0.081909 -0.044256 0.869413
v 0.080522 -0.041899 0.871229
v 0.080916 -0.044337 0.868701
v 0.079539 -0.041867 0.870711
v 0.080535 -0.038446 0.874314
v 0.079413 -0.043982 0.868840
v 0.079889 -0.044669 0.868249
v 0.082293 -0.043013 0.873521
v 0.081953 -0.042522 0.872724
v 0.083272 -0.044887 0.871242
v 0.081354 -0.042129 0.871928
v 0.082726 -0.044454 0.870302
v 0.081470 -0.039190 0.875448
v 0.081780 -0.040000 0.876694
v 0.081431 -0.002412 0.886505
v 0.079814 -0.012911 0.883831
v 0.081410 -0.013195 0.885319
v 0.079764 -0.023164 0.881091
v 0.081360 -0.023673 0.882518
v 0.079683 -0.033247 0.876642
v 0.081279 -0.033977 0.877970
v 0.080535 -0.038446 0.874314
v 0.081279 -0.033977 0.877970
v 0.081470 -0.039190 0.875448
v 0.079835 -0.002359 0.884991
v 0.081423 0.008426 0.886048
v 0.079827 0.008244 0.884544
v 0.081386 0.019071 0.883959
v 0.079789 0.018660 0.882501
v 0.081320 0.029283 0.880283
v 0.079724 0.028653 0.878905
v 0.080535 0.038446 0.874314
v 0.079724 0.028653 0.878905
v 0.079132 0.037965 0.873596
v 0.081870 -0.030590 0.881852
v 0.081785 -0.039539 0.876990
v 0.081780 -0.040000 0.876694
v 0.081974 -0.010201 0.887798
v 0.081410 -0.013195 0.885319
v 0.081954 -0.016398 0.886659
v 0.081360 -0.023673 0.882518
v 0.081915 -0.024176 0.884425
v 0.081985 0.003200 0.888439
v 0.081431 -0.002412 0.886505
v 0.081983 -0.005020 0.888337
v 0.081844 0.033650 0.880368
v 0.081906 0.025639 0.883899
v 0.081386 0.019071 0.883959
v 0.081943 0.018969 0.886023
v 0.081423 0.008426 0.886048
v 0.081970 0.011616 0.887586
v 0.077814 -0.013057 0.883345
v 0.077794 -0.017974 0.882221
v 0.079814 -0.012911 0.883831
v 0.077765 -0.023016 0.880666
v 0.079764 -0.023164 0.881091
v 0.077729 -0.028048 0.878681
v 0.077655 -0.035838 0.874649
v 0.079132 -0.037965 0.873596
v 0.077836 0.002950 0.884518
v 0.077834 -0.004947 0.884405
v 0.079835 -0.002359 0.884991
v 0.077683 0.033186 0.876163
v 0.077737 0.027011 0.879127
v 0.077787 0.019306 0.881851
v 0.079789 0.018660 0.882501
v 0.077820 0.011344 0.883650
v 0.081470 0.039190 0.875448
v 0.081780 0.040000 0.876694
v 0.077632 -0.037827 0.873409
v 0.077632 0.037827 0.873409
v 0.079459 0.041256 0.871227
v 0.080385 0.040750 0.872289
v 0.080964 0.044328 0.868727
v 0.081181 0.041073 0.872994
v 0.080964 0.044328 0.868727
v 0.081181 0.041073 0.872994
v 0.081965 0.044261 0.869462
v 0.081828 0.042044 0.873245
v 0.081828 0.042044 0.873245
v 0.082758 0.044470 0.870344
v 0.082002 0.042049 0.874598
v 0.083273 0.044888 0.871240
v 0.079132 0.037965 0.873596
v 0.078434 0.041356 0.870938
v 0.079890 0.044670 0.868248
v 0.078629 0.042544 0.870020
v 0.077868 0.040225 0.871772
v 0.077632 0.037827 0.873409
v 0.080535 0.038446 0.874314
v 0.081470 0.039190 0.875448
v 0.081470 0.039190 0.875448
v 0.081780 0.040000 0.876694
v 0.079886 0.055823 0.856406
v 0.079904 0.050745 0.862494
v 0.080068 0.054699 0.857875
v 0.080087 0.050641 0.862599
v 0.080068 0.054699 0.857875
v 0.079890 0.044670 0.868248
v 0.080075 0.044717 0.868204
v 0.079910 0.060188 0.849759
v 0.079886 0.055823 0.856406
v 0.080068 0.054699 0.857875
v 0.079910 0.060188 0.849759
v 0.080089 0.059451 0.850998
v 0.080089 0.059451 0.850998
v 0.080019 0.062747 0.844885
v 0.080019 0.062747 0.844885
v 0.080000 0.062971 0.844407
v 0.041425 0.058249 0.855500
v 0.044711 0.058494 0.854919
v 0.040931 0.059574 0.852826
v 0.054947 0.060458 0.850343
v 0.040447 0.060027 0.849875
v 0.054947 0.060458 0.850343
v 0.047488 0.060350 0.850055
v 0.040447 0.060027 0.849875
v 0.062645 0.060445 0.850305
v 0.047488 0.060350 0.850055
v 0.054947 0.060458 0.850343
v 0.064477 0.059726 0.851639
v 0.062645 0.060445 0.850305
v 0.079910 0.060188 0.849759
v 0.039324 0.047122 0.870275
v 0.040237 0.047165 0.868542
v 0.039000 0.047665 0.868346
v 0.041018 0.047977 0.867285
v 0.039980 0.048493 0.866861
v 0.043481 0.039234 0.876852
v 0.043586 0.042005 0.873652
v 0.042745 0.042830 0.875217
v 0.042342 0.044957 0.870754
v 0.042745 0.042830 0.875217
v 0.042342 0.044957 0.870754
v 0.041314 0.045380 0.872367
v 0.040237 0.047165 0.868542
v 0.044335 0.038525 0.875749
v 0.045250 0.041708 0.872421
v 0.044277 0.044738 0.869952
v 0.043586 0.042005 0.873652
v 0.045627 0.038041 0.875009
v 0.046662 0.040867 0.872749
v 0.043719 0.045933 0.868954
v 0.038431 0.047604 0.869689
v 0.043196 0.040000 0.878054
v 0.045623 0.043411 0.870911
v 0.047045 0.037860 0.874748
v 0.043196 -0.040000 0.878054
v 0.042988 -0.040000 0.890000
v 0.043007 -0.041897 0.876189
v 0.042380 -0.043057 0.890000
v 0.041839 -0.044669 0.873190
v 0.040648 -0.045648 0.890000
v 0.040005 -0.046649 0.870851
v 0.027012 -0.040000 0.890000
v 0.026809 -0.040000 0.878373
v 0.027620 -0.043057 0.890000
v 0.027333 -0.043031 0.875301
v 0.029352 -0.045648 0.890000
v 0.028341 -0.044925 0.873132
v 0.031943 -0.047380 0.890000
v 0.029710 -0.046414 0.871275
v 0.031943 -0.047380 0.890000
v 0.031245 -0.047445 0.869906
v 0.035718 -0.048329 0.868673
v 0.038090 -0.047753 0.869483
v 0.033521 -0.048225 0.868820
v 0.038090 -0.047753 0.869483
v 0.035000 -0.047988 0.890000
v 0.033521 -0.048225 0.868820
v 0.035000 -0.047988 0.890000
v 0.038432 -0.047604 0.869689
v 0.038057 -0.047380 0.890000
v 0.027012 0.040000 0.890000
v 0.026809 0.040000 0.878373
v 0.026873 0.033509 0.882029
v 0.026925 0.026743 0.885000
v 0.026970 0.018663 0.887571
v 0.026999 0.010344 0.889213
v 0.027010 0.002379 0.889892
v 0.027012 -0.040000 0.890000
v 0.027010 -0.003408 0.889853
v 0.026999 -0.010339 0.889214
v 0.026977 -0.017045 0.887968
v 0.026953 -0.022162 0.886581
v 0.026922 -0.027168 0.884836
v 0.026871 -0.033742 0.881911
v 0.026809 -0.040000 0.878373
v 0.039324 0.047122 0.870275
v 0.038057 0.047380 0.890000
v 0.041314 0.045380 0.872367
v 0.040648 0.045648 0.890000
v 0.042745 0.042830 0.875217
v 0.042380 0.043057 0.890000
v 0.043196 0.040000 0.878054
v 0.042988 0.040000 0.890000
v 0.026809 0.040000 0.878373
v 0.027012 0.040000 0.890000
v 0.027005 0.041926 0.876476
v 0.027620 0.043057 0.890000
v 0.027744 0.043951 0.874273
v 0.028995 0.045729 0.872147
v 0.029352 0.045648 0.890000
v 0.030576 0.047057 0.870430
v 0.031943 0.047380 0.890000
v 0.032254 0.047885 0.869300
v 0.036789 0.048162 0.868910
v 0.034587 0.048350 0.868643
v 0.035000 0.047988 0.890000
v 0.038431 0.047604 0.869689
v 0.039002 0.060860 0.843664
v 0.040638 0.061973 0.842990
v 0.038985 0.061857 0.842992
v 0.040472 0.063038 0.842771
v 0.038958 0.062946 0.842766
v 0.040797 0.060995 0.843645
v 0.039006 0.060206 0.844673
v 0.040911 0.060345 0.844636
v 0.038996 0.060000 0.845766
v 0.040962 0.060128 0.845719
v 0.041343 0.060178 0.845694
v 0.040962 0.060128 0.845719
v 0.049476 0.060922 0.846848
v 0.040447 0.060027 0.849875
v 0.053631 0.060758 0.849018
v 0.047488 0.060350 0.850055
v 0.062421 0.061327 0.847938
v 0.062645 0.060445 0.850305
v 0.079910 0.060188 0.849759
v 0.080000 0.062971 0.844407
v 0.080000 0.063666 0.842873
v 0.069253 0.063159 0.843469
v 0.058505 0.061936 0.845302
v 0.080000 0.065642 0.837835
v 0.073622 0.065601 0.836547
v 0.065768 0.063885 0.840215
v 0.057624 0.062411 0.842952
v 0.049648 0.061243 0.844726
v 0.080000 0.067219 0.832658
v -0.018922 0.062948 0.808490
v -0.017787 0.071000 0.810141
v -0.022746 0.062948 0.800618
v -0.022034 0.071000 0.801945
v -0.025524 0.062948 0.792320
v -0.025125 0.071000 0.793247
v -0.027209 0.062948 0.783733
v -0.027004 0.071000 0.784209
v -0.027774 0.062948 0.775000
v -0.027633 0.071000 0.775000
v 0.106645 0.063717 0.787245
v 0.107004 0.071000 0.784209
v 0.105277 0.065937 0.793032
v 0.105125 0.071000 0.793247
v 0.103794 0.067302 0.797658
v 0.097787 0.071000 0.810141
v 0.097638 0.069350 0.810441
v 0.102034 0.071000 0.801945
v 0.100516 0.068818 0.805286
v 0.102279 0.068176 0.801501
v 0.094570 0.069500 0.815000
v 0.092464 0.071000 0.817683
v 0.093533 0.069486 0.816377
v 0.017351 0.071000 0.838728
v 0.021356 0.062948 0.840159
v 0.026240 0.071000 0.841219
v 0.029907 0.062948 0.842018
v 0.035384 0.071000 0.842476
v 0.038626 0.062948 0.842760
v 0.044616 0.071000 0.842476
v 0.040472 0.063038 0.842771
v 0.040767 0.063075 0.842767
v 0.013115 0.062948 0.837214
v 0.005323 0.062948 0.833231
v 0.008884 0.071000 0.835051
v 0.000997 0.071000 0.830255
v -0.012464 0.071000 0.817683
v -0.014115 0.062948 0.815803
v -0.006163 0.071000 0.824429
v -0.008407 0.062948 0.822435
v -0.001891 0.062948 0.828277
v 0.107633 0.071000 0.775000
v 0.107611 0.060237 0.780334
v 0.107881 0.056835 0.775000
v 0.086163 0.071000 0.824429
v 0.079003 0.071000 0.830255
v 0.080216 0.067983 0.829443
v 0.081373 0.068163 0.828566
v 0.082638 0.068356 0.827560
v 0.083883 0.068538 0.826521
v 0.085890 0.068815 0.824735
v 0.087133 0.068971 0.823555
v 0.088583 0.069136 0.822099
v 0.089980 0.069273 0.820611
v 0.091242 0.069374 0.819186
v 0.071116 0.071000 0.835051
v 0.062649 0.071000 0.838728
v 0.063933 0.065456 0.838361
v 0.066468 0.065813 0.837338
v 0.067975 0.066035 0.836672
v 0.069448 0.066259 0.835978
v 0.070814 0.066471 0.835295
v 0.073017 0.066821 0.834110
v 0.074967 0.067136 0.832972
v 0.076469 0.067380 0.832034
v 0.077631 0.067569 0.831270
v 0.078935 0.067779 0.830371
v 0.053760 0.071000 0.841219
v 0.054281 0.064361 0.841227
v 0.058289 0.064760 0.840227
v 0.060510 0.065017 0.839558
v 0.062013 0.065203 0.839058
v 0.046825 0.063865 0.842413
v 0.049123 0.063982 0.842139
v 0.051414 0.064131 0.841785
v 0.052574 0.064219 0.841575
v 0.092458 0.069446 0.817733
v 0.058289 0.064760 0.840227
v 0.054281 0.064361 0.841227
v 0.055980 0.064520 0.840835
v 0.038958 0.062946 0.842766
v -0.017139 0.060841 0.737087
v -0.017669 0.061858 0.738970
v -0.016642 0.061799 0.737417
v -0.017669 0.061858 0.738970
v -0.017478 0.062948 0.739089
v -0.016475 0.062825 0.737527
v -0.020022 0.060000 0.737500
v -0.019095 0.060206 0.738079
v -0.018766 0.059888 0.736007
v -0.018239 0.060860 0.738614
v -0.018239 0.060860 0.738614
v -0.017904 0.060166 0.736579
v -0.017904 0.060166 0.736579
v -0.027774 0.062948 0.775000
v -0.027633 0.071000 0.775000
v -0.027352 0.062948 0.767446
v -0.027004 0.071000 0.765791
v -0.026090 0.062948 0.759987
v -0.025125 0.071000 0.756753
v -0.024005 0.062948 0.752714
v -0.021123 0.062948 0.745719
v -0.022034 0.071000 0.748055
v -0.017787 0.071000 0.739859
v 0.044616 0.071000 0.707524
v 0.043216 0.050000 0.707076
v 0.035384 0.071000 0.707524
v 0.033855 0.050000 0.707278
v 0.026240 0.071000 0.708781
v 0.024611 0.050000 0.708764
v 0.017351 0.071000 0.711272
v 0.015658 0.050000 0.711506
v 0.008884 0.071000 0.714949
v 0.007167 0.050000 0.715452
v 0.000997 0.071000 0.719745
v -0.000702 0.050000 0.720526
v 0.079003 0.071000 0.719745
v 0.078313 0.050000 0.718820
v 0.071116 0.071000 0.714949
v 0.070232 0.050000 0.714090
v 0.062649 0.071000 0.711272
v 0.061579 0.050000 0.710515
v 0.053760 0.071000 0.708781
v 0.052516 0.050000 0.708162
v 0.102034 0.071000 0.748055
v 0.102060 0.050000 0.747206
v 0.097787 0.071000 0.739859
v 0.097654 0.050000 0.738944
v 0.092464 0.071000 0.732317
v 0.092155 0.050000 0.731366
v 0.086163 0.071000 0.725571
v 0.085666 0.050000 0.724616
v 0.105290 0.050000 0.755994
v 0.105125 0.071000 0.756753
v 0.107881 0.056835 0.775000
v 0.107799 0.053511 0.770651
v 0.107004 0.071000 0.765791
v 0.107464 0.050744 0.766582
v 0.107351 0.050260 0.765661
v 0.107282 0.050000 0.765143
v -0.006163 0.071000 0.725571
v -0.007799 0.050000 0.726634
v -0.007945 0.052266 0.726835
v -0.008664 0.055035 0.727631
v -0.010041 0.057784 0.729158
v -0.011995 0.060207 0.731454
v -0.012464 0.071000 0.732317
v -0.016475 0.062825 0.737527
v -0.014127 0.061882 0.734181
v -0.017478 0.062948 0.739089
v 0.107633 0.071000 0.775000
v -0.017139 0.060841 0.737087
v -0.016564 0.060172 0.735489
v -0.017904 0.060166 0.736579
v -0.016500 0.059182 0.733538
v -0.018766 0.059888 0.736007
v -0.008664 0.055035 0.727631
v -0.007945 0.052266 0.726835
v -0.009109 0.053551 0.727781
v -0.007799 0.050000 0.726634
v -0.008805 0.050000 0.727290
v -0.010041 0.057784 0.729158
v -0.012054 0.059726 0.731461
v -0.011995 0.060207 0.731454
v -0.015136 0.061220 0.735195
v -0.014127 0.061882 0.734181
v -0.016642 0.061799 0.737417
v -0.016475 0.062825 0.737527
v -0.010233 0.052472 0.727810
v -0.010763 0.056448 0.729391
v -0.013386 0.058806 0.732025
v -0.016564 0.060172 0.735489
v -0.013386 0.058806 0.732025
v -0.013777 0.057503 0.730889
v -0.010763 0.056448 0.729391
v -0.011527 0.055107 0.728903
v -0.009109 0.053551 0.727781
v -0.009907 0.050000 0.727500
v 0.104075 0.040953 0.752231
v 0.102060 0.050000 0.747206
v 0.105881 0.045807 0.758157
v 0.105290 0.050000 0.755994
v 0.107180 0.049662 0.764473
v 0.101556 0.034595 0.746106
v 0.097654 0.050000 0.738944
v 0.098622 0.027507 0.740541
v 0.092155 0.050000 0.731366
v 0.095086 0.019179 0.735132
v 0.092434 0.012793 0.731703
v 0.078313 0.050000 0.718820
v 0.075559 -0.050000 0.717039
v 0.070232 0.050000 0.714090
v 0.067561 -0.050000 0.712836
v 0.061579 0.050000 0.710515
v 0.059075 -0.050000 0.709730
v 0.052516 0.050000 0.708162
v 0.050253 -0.050000 0.707777
v 0.043216 0.050000 0.707076
v 0.041249 -0.050000 0.707011
v 0.033855 0.050000 0.707278
v 0.032224 -0.050000 0.707446
v 0.024611 0.050000 0.708764
v 0.023336 -0.050000 0.709073
v 0.015658 0.050000 0.711506
v 0.014742 -0.050000 0.711865
v 0.007167 0.050000 0.715452
v 0.006594 -0.050000 0.715771
v -0.000702 0.050000 0.720526
v -0.000964 -0.050000 0.720723
v -0.007799 0.050000 0.726634
v -0.007799 -0.050000 0.726634
v 0.103288 -0.041227 0.750128
v 0.103745 -0.050000 0.751324
v 0.101401 -0.036157 0.745779
v 0.100043 -0.050000 0.743082
v 0.098464 -0.028539 0.740273
v 0.095281 -0.050000 0.735403
v 0.095311 -0.020539 0.735444
v 0.085666 0.050000 0.724616
v 0.092048 0.011660 0.731240
v 0.090717 0.005749 0.729703
v 0.090253 0.000396 0.729189
v 0.090251 0.000000 0.729186
v 0.089543 -0.050000 0.728422
v 0.082930 -0.050000 0.722265
v 0.090251 -0.000051 0.729186
v 0.090303 -0.001906 0.729244
v 0.090668 -0.005512 0.729649
v 0.092001 -0.011693 0.731183
v 0.092051 -0.011877 0.731243
v 0.093071 -0.014802 0.732486
v 0.107282 0.050000 0.765143
v 0.106322 -0.050000 0.759985
v 0.105255 -0.046777 0.755873
v 0.090560 -0.071000 0.819922
v 0.092464 -0.071000 0.732317
v 0.095607 -0.071000 0.813498
v 0.097787 -0.071000 0.739859
v 0.099749 -0.071000 0.806692
v 0.102034 -0.071000 0.748055
v 0.103035 -0.071000 0.799513
v 0.105125 -0.071000 0.756753
v 0.105577 -0.071000 0.791553
v 0.107004 -0.071000 0.765791
v 0.107117 -0.071000 0.783340
v 0.075617 -0.071000 0.832495
v 0.079003 -0.071000 0.719745
v 0.083125 -0.071000 0.827101
v 0.086163 -0.071000 0.725571
v 0.086658 -0.071000 0.823962
v 0.039500 -0.071000 0.842632
v 0.035384 -0.071000 0.707524
v 0.039500 -0.071000 0.842500
v 0.044616 -0.071000 0.707524
v 0.040500 -0.071000 0.842500
v 0.053760 -0.071000 0.708781
v 0.049719 -0.071000 0.841932
v 0.062649 -0.071000 0.711272
v 0.058756 -0.071000 0.839981
v 0.071116 -0.071000 0.714949
v 0.067443 -0.071000 0.836816
v 0.022093 -0.071000 0.840220
v 0.026240 -0.071000 0.708781
v 0.030718 -0.071000 0.841993
v -0.027633 -0.071000 0.775000
v -0.027004 -0.071000 0.765791
v -0.027060 -0.071000 0.783787
v -0.025125 -0.071000 0.756753
v -0.025350 -0.071000 0.792424
v -0.022034 -0.071000 0.748055
v -0.022533 -0.071000 0.800767
v -0.017787 -0.071000 0.739859
v -0.018655 -0.071000 0.808672
v -0.012464 -0.071000 0.732317
v -0.013784 -0.071000 0.816007
v -0.006163 -0.071000 0.725571
v -0.008001 -0.071000 0.822647
v 0.000997 -0.071000 0.719745
v -0.001404 -0.071000 0.828479
v 0.008884 -0.071000 0.714949
v 0.005895 -0.071000 0.833405
v 0.017351 -0.071000 0.711272
v 0.013772 -0.071000 0.837341
v 0.107633 -0.071000 0.775000
v 0.040500 -0.071000 0.842632
v 0.039500 -0.068000 0.842500
v 0.039500 -0.068000 0.842684
v 0.039500 -0.071000 0.842500
v 0.039500 -0.071000 0.842632
v 0.039909 -0.067508 0.842694
v 0.039616 -0.067680 0.842690
v 0.039646 -0.067646 0.842500
v 0.039616 -0.067680 0.842690
v 0.039500 -0.068000 0.842684
v 0.039646 -0.067646 0.842500
v 0.039500 -0.068000 0.842500
v 0.040244 -0.067564 0.842693
v 0.040354 -0.067646 0.842500
v 0.040473 -0.067838 0.842687
v 0.040500 -0.068000 0.842500
v 0.040473 -0.067838 0.842687
v 0.040500 -0.068000 0.842684
v 0.040000 -0.067500 0.842500
v 0.040244 -0.067564 0.842693
v 0.039909 -0.067508 0.842694
v 0.040000 -0.067500 0.842500
v 0.040354 -0.067646 0.842500
v 0.040500 -0.071000 0.842500
v 0.040500 -0.071000 0.842632
v 0.040500 -0.068000 0.842500
v 0.040500 -0.068000 0.842684
v 0.085003 -0.068107 0.828843
v 0.079963 -0.067260 0.832504
v 0.084359 -0.068426 0.828131
v 0.079313 -0.067684 0.831699
v 0.083761 -0.069093 0.827533
v 0.078713 -0.068500 0.831097
v 0.083328 -0.070012 0.827177
v 0.078178 -0.070094 0.830847
v 0.083125 -0.071000 0.827101
v 0.080006 -0.067220 0.832656
v 0.080000 -0.067219 0.832658
v 0.079987 -0.067249 0.832545
v 0.074776 -0.065878 0.835909
v 0.079963 -0.067260 0.832504
v 0.069830 -0.065172 0.837440
v 0.079313 -0.067684 0.831699
v 0.069145 -0.066270 0.836529
v 0.078713 -0.068500 0.831097
v 0.063455 -0.066532 0.838519
v 0.070930 -0.068191 0.835202
v 0.069145 -0.066270 0.836529
v 0.078178 -0.070094 0.830847
v 0.041281 -0.060398 0.844619
v 0.041145 -0.061044 0.843636
v 0.049190 -0.061580 0.843649
v 0.040959 -0.062016 0.842985
v 0.040959 -0.062016 0.842985
v 0.048868 -0.062687 0.842565
v 0.040767 -0.063075 0.842767
v 0.048868 -0.062687 0.842565
v 0.047816 -0.063995 0.842303
v 0.067853 -0.064313 0.839348
v 0.059290 -0.062687 0.842472
v 0.059711 -0.063153 0.841369
v 0.051100 -0.061439 0.844466
v 0.042793 -0.060364 0.845586
v 0.049190 -0.061580 0.843649
v 0.059203 -0.064256 0.840354
v 0.055739 -0.065138 0.840882
v 0.059203 -0.064256 0.840354
v 0.041343 -0.060178 0.845694
v 0.040797 -0.060995 0.843645
v 0.041281 -0.060398 0.844619
v 0.040911 -0.060345 0.844636
v 0.041343 -0.060178 0.845694
v 0.040962 -0.060128 0.845719
v 0.041145 -0.061044 0.843636
v 0.040638 -0.061973 0.842990
v 0.040959 -0.062016 0.842985
v 0.040472 -0.063038 0.842771
v 0.040767 -0.063075 0.842767
v 0.107551 -0.048388 0.761232
v 0.106895 -0.046095 0.758187
v 0.108249 -0.047856 0.761172
v 0.106928 -0.042965 0.755088
v 0.109005 -0.047519 0.760990
v 0.098464 -0.028539 0.740273
v 0.100482 -0.032279 0.743690
v 0.101401 -0.036157 0.745779
v 0.103207 -0.040690 0.749903
v 0.103288 -0.041227 0.750128
v 0.105886 -0.046887 0.757488
v 0.105255 -0.046777 0.755873
v 0.106386 -0.050148 0.760270
v 0.106322 -0.050000 0.759985
v 0.106993 -0.049080 0.761172
v 0.106510 -0.050543 0.760840
v 0.100223 -0.028953 0.742193
v 0.095311 -0.020539 0.735444
v 0.096378 -0.021012 0.736636
v 0.093071 -0.014802 0.732486
v 0.093169 -0.014222 0.732563
v 0.092051 -0.011877 0.731243
v 0.092155 -0.011803 0.731359
v 0.095311 -0.020539 0.735444
v 0.104074 -0.039973 0.750881
v 0.106895 -0.046095 0.758187
v 0.104074 -0.039973 0.750881
v 0.103848 -0.036459 0.748440
v 0.100482 -0.032279 0.743690
v 0.107551 -0.048388 0.761232
v 0.108249 -0.047856 0.761172
v 0.108812 -0.049738 0.764179
v 0.109005 -0.047519 0.760990
v 0.109827 -0.049488 0.764146
v 0.107221 -0.051179 0.763701
v 0.106993 -0.049080 0.761172
v 0.107875 -0.050331 0.764027
v 0.106510 -0.050543 0.760840
v 0.106945 -0.052097 0.763281
v 0.107875 -0.050331 0.764027
v 0.107326 -0.051549 0.764358
v 0.107221 -0.051179 0.763701
v 0.107049 -0.052477 0.763930
v 0.106945 -0.052097 0.763281
v 0.107993 -0.050694 0.764693
v 0.108812 -0.049738 0.764179
v 0.108950 -0.050104 0.764854
v 0.109827 -0.049488 0.764146
v 0.109982 -0.049868 0.764826
v 0.108968 -0.050152 0.764945
v 0.109982 -0.049868 0.764826
v 0.110003 -0.049920 0.764920
v 0.108950 -0.050104 0.764854
v 0.108008 -0.050740 0.764780
v 0.107993 -0.050694 0.764693
v 0.107339 -0.051595 0.764442
v 0.107326 -0.051549 0.764358
v 0.107049 -0.052477 0.763930
v 0.107062 -0.052525 0.764013
v 0.108077 -0.050971 0.765211
v 0.108968 -0.050152 0.764945
v 0.109046 -0.050384 0.765379
v 0.110003 -0.049920 0.764920
v 0.110089 -0.050158 0.765357
v 0.108008 -0.050740 0.764780
v 0.107402 -0.051830 0.764868
v 0.107339 -0.051595 0.764442
v 0.107125 -0.052765 0.764435
v 0.107062 -0.052525 0.764013
v 0.108077 -0.050971 0.765211
v 0.107569 -0.052494 0.766084
v 0.107402 -0.051830 0.764868
v 0.107285 -0.053416 0.765587
v 0.107125 -0.052765 0.764435
v 0.108266 -0.051651 0.766491
v 0.109046 -0.050384 0.765379
v 0.109264 -0.051087 0.766705
v 0.110089 -0.050158 0.765357
v 0.110330 -0.050889 0.766702
v 0.108266 -0.051651 0.766491
v 0.107893 -0.054852 0.769535
v 0.107569 -0.052494 0.766084
v 0.107624 -0.055663 0.768876
v 0.107285 -0.053416 0.765587
v 0.108574 -0.054112 0.770114
v 0.109264 -0.051087 0.766705
v 0.109559 -0.053618 0.770475
v 0.110330 -0.050889 0.766702
v 0.110620 -0.053445 0.770566
v 0.108574 -0.054112 0.770114
v 0.107914 -0.055068 0.769804
v 0.107893 -0.054852 0.769535
v 0.107644 -0.055890 0.769142
v 0.107624 -0.055663 0.768876
v 0.108598 -0.054325 0.770382
v 0.109559 -0.053618 0.770475
v 0.109582 -0.053833 0.770741
v 0.110620 -0.053445 0.770566
v 0.110635 -0.053662 0.770833
v 0.108598 -0.054325 0.770382
v 0.109582 -0.053833 0.770741
v 0.109709 -0.058157 0.776562
v 0.110635 -0.053662 0.770833
v 0.110816 -0.057999 0.776706
v 0.108036 -0.059518 0.775601
v 0.107914 -0.055068 0.769804
v 0.108698 -0.058695 0.776170
v 0.107818 -0.060415 0.775000
v 0.107644 -0.055890 0.769142
v 0.103788 -0.068883 0.800268
v 0.103184 -0.069888 0.799804
v 0.105785 -0.067538 0.792629
v 0.103035 -0.071000 0.799513
v 0.104781 -0.069741 0.794511
v 0.106597 -0.067117 0.787176
v 0.107542 -0.064075 0.784219
v 0.108717 -0.063059 0.784891
v 0.105785 -0.067538 0.792629
v 0.108717 -0.063059 0.784891
v 0.106902 -0.066460 0.793304
v 0.109775 -0.063887 0.787638
v 0.106902 -0.066460 0.793304
v 0.108324 -0.066236 0.793953
v 0.107542 -0.064075 0.784219
v 0.108698 -0.058695 0.776170
v 0.109709 -0.058157 0.776562
v 0.110596 -0.060807 0.781344
v 0.104752 -0.068262 0.800793
v 0.107480 -0.064160 0.781072
v 0.108036 -0.059518 0.775601
v 0.107818 -0.060415 0.775000
v 0.105808 -0.068126 0.801249
v 0.110816 -0.057999 0.776706
v 0.097728 -0.069500 0.815000
v 0.140000 -0.069500 0.815000
v 0.115000 -0.068317 0.827771
v 0.140800 -0.068905 0.824072
v 0.115000 -0.068317 0.827771
v 0.140800 -0.067132 0.832988
v 0.052574 0.064219 0.841575
v 0.052956 0.064233 0.841539
v 0.054281 0.064361 0.841227
v 0.054971 0.064397 0.841138
v 0.055980 0.064520 0.840835
v 0.057812 0.064663 0.840475
v 0.058289 0.064760 0.840227
v 0.060510 0.065017 0.839558
v 0.060755 0.064976 0.839664
v 0.062013 0.065203 0.839058
v 0.062954 0.065233 0.838977
v 0.063933 0.065456 0.838361
v 0.064866 0.065469 0.838324
v 0.066468 0.065813 0.837338
v 0.067901 0.065865 0.837184
v 0.067975 0.066035 0.836672
v 0.070867 0.066265 0.835956
v 0.069448 0.066259 0.835978
v 0.070814 0.066471 0.835295
v 0.073296 0.066595 0.834884
v 0.073017 0.066821 0.834110
v 0.075614 0.066899 0.833835
v 0.074967 0.067136 0.832972
v 0.077031 0.067071 0.833212
v 0.080000 -0.065642 0.837835
v 0.080000 -0.067219 0.832658
v 0.115000 -0.064807 0.840106
v 0.140800 -0.064210 0.841596
v 0.140800 -0.060189 0.849750
v 0.115000 -0.059090 0.851587
v 0.080000 -0.063666 0.842873
v 0.080000 -0.062972 0.844407
v 0.102080 -0.021911 0.880956
v 0.102142 -0.030161 0.877615
v 0.115000 -0.019020 0.881847
v 0.115000 -0.030979 0.877214
v 0.140800 -0.026597 0.879209
v 0.115000 -0.013900 0.883096
v 0.101574 -0.014948 0.882874
v 0.102056 -0.017512 0.882257
v 0.112638 -0.013717 0.883133
v 0.100027 -0.012487 0.883369
v 0.109287 -0.012784 0.883314
v 0.097612 -0.009295 0.883876
v 0.105980 -0.010880 0.883643
v 0.104134 -0.009160 0.883894
v 0.095968 -0.005752 0.884262
v 0.102052 -0.006050 0.884236
v 0.095126 -0.001991 0.884471
v 0.100891 -0.002481 0.884456
v 0.095110 0.001844 0.884476
v 0.100672 0.000228 0.884500
v 0.095928 0.005634 0.884271
v 0.101330 0.004247 0.884370
v 0.097571 0.009225 0.883885
v 0.102736 0.007292 0.884116
v 0.104847 0.009901 0.883791
v 0.100027 0.012487 0.883369
v 0.106254 0.011086 0.883610
v 0.109877 0.013011 0.883271
v 0.101478 0.014712 0.882925
v 0.111542 0.013503 0.883176
v 0.115000 0.013900 0.883096
v 0.102056 0.017512 0.882257
v 0.115000 0.019020 0.881847
v 0.102106 0.025761 0.879549
v 0.140800 0.060189 0.849750
v 0.140800 0.064210 0.841596
v 0.115000 0.059090 0.851587
v 0.115000 0.064807 0.840106
v 0.080000 0.062971 0.844407
v 0.080000 0.063666 0.842873
v 0.085003 -0.068107 0.828843
v 0.088728 -0.068691 0.825575
v 0.080006 -0.067220 0.832656
v 0.079987 -0.067249 0.832545
v 0.079963 -0.067260 0.832504
v 0.140800 -0.000000 0.884500
v 0.140800 0.009072 0.883905
v 0.129109 0.002481 0.884456
v 0.129328 -0.000228 0.884500
v 0.128670 -0.004247 0.884370
v 0.127264 -0.007292 0.884116
v 0.125153 -0.009901 0.883791
v 0.140800 -0.009072 0.883905
v 0.115000 0.068317 0.827771
v 0.094570 0.069500 0.815000
v 0.093533 0.069486 0.816377
v 0.092458 0.069446 0.817733
v 0.091242 0.069374 0.819186
v 0.089980 0.069273 0.820611
v 0.088583 0.069136 0.822099
v 0.087133 0.068971 0.823555
v 0.085890 0.068815 0.824735
v 0.083883 0.068538 0.826521
v 0.082638 0.068356 0.827560
v 0.081373 0.068163 0.828566
v 0.080216 0.067983 0.829443
v 0.078935 0.067779 0.830371
v 0.077631 0.067569 0.831270
v 0.076469 0.067380 0.832034
v 0.079666 0.067290 0.832388
v 0.079906 0.067273 0.832451
v 0.079999 0.067240 0.832581
v 0.080007 0.067229 0.832623
v 0.080000 0.067219 0.832658
v 0.080000 0.065642 0.837835
v 0.140800 0.067132 0.832988
v 0.140800 0.068905 0.824072
v 0.140000 0.069500 0.815000
v 0.078250 0.067202 0.832726
v 0.078897 0.067257 0.832514
v 0.079381 0.067285 0.832406
v 0.080087 0.050641 0.862599
v 0.080075 0.044717 0.868204
v 0.080379 0.045102 0.867878
v 0.082764 0.047295 0.865926
v 0.085950 0.048891 0.864396
v 0.088430 0.049450 0.863836
v 0.090618 0.049531 0.863753
v 0.115000 -0.041883 0.870462
v 0.115000 -0.051361 0.861822
v 0.140800 -0.049144 0.864144
v 0.140800 -0.042309 0.870138
v 0.140800 -0.034750 0.875189
v 0.102190 -0.038794 0.872665
v 0.101354 -0.042244 0.870188
v 0.099947 -0.044688 0.868228
v 0.098541 -0.046245 0.866881
v 0.096363 -0.047851 0.865404
v 0.093824 -0.048964 0.864323
v 0.090712 -0.049527 0.863758
v 0.080091 -0.049919 0.863357
v 0.080068 -0.055181 0.857254
v 0.140800 -0.055138 0.857309
v 0.115000 0.041883 0.870462
v 0.101535 0.041784 0.870537
v 0.102071 0.039770 0.871996
v 0.102221 0.037823 0.873307
v 0.102178 0.033920 0.875660
v 0.115000 0.030979 0.877214
v 0.140800 0.034750 0.875189
v 0.140800 0.042309 0.870138
v 0.140800 0.049144 0.864144
v 0.115000 0.051361 0.861822
v 0.100515 0.043861 0.868911
v 0.140800 0.055138 0.857309
v 0.080068 0.054699 0.857875
v 0.093074 0.049173 0.864114
v 0.095161 0.048462 0.864817
v 0.097203 0.047318 0.865904
v 0.099000 0.045796 0.867278
v 0.088708 -0.049481 0.863804
v 0.085745 -0.048821 0.864465
v 0.084387 -0.048251 0.865021
v 0.081768 -0.046521 0.866633
v 0.080074 -0.044716 0.868205
v 0.123746 -0.011086 0.883610
v 0.120123 -0.013011 0.883271
v 0.118458 -0.013503 0.883176
v 0.140800 -0.017988 0.882132
v 0.140800 0.017988 0.882132
v 0.140800 0.026597 0.879210
v 0.117362 0.013717 0.883133
v 0.120713 0.012784 0.883314
v 0.124020 0.010880 0.883643
v 0.125866 0.009160 0.883894
v 0.102221 -0.037823 0.873307
v 0.046825 0.063865 0.842413
v 0.048896 0.063967 0.842175
v 0.049123 0.063982 0.842139
v 0.050931 0.064090 0.841884
v 0.051414 0.064131 0.841785
v 0.092613 -0.069197 0.821479
v 0.080089 -0.059708 0.850570
v 0.080089 0.059451 0.850998
v 0.080019 0.062747 0.844885
v 0.140800 -0.069500 0.815000
v 0.127948 0.006050 0.884236
v 0.140800 0.069500 0.815000
v 0.042988 -0.040000 0.890000
v 0.043196 -0.040000 0.878054
v 0.043133 -0.033573 0.881698
v 0.043080 -0.026798 0.884696
v 0.043050 -0.021797 0.886419
v 0.043016 -0.013939 0.888358
v 0.042996 -0.004125 0.889556
v 0.042988 0.040000 0.890000
v 0.042996 0.004326 0.889545
v 0.043007 0.010646 0.888907
v 0.043029 0.017274 0.887645
v 0.043067 0.024638 0.885489
v 0.043123 0.032445 0.882254
v 0.043196 0.040000 0.878054
v 0.081909 -0.044256 0.869413
v 0.082807 -0.044529 0.870311
v 0.082726 -0.044454 0.870302
v 0.081909 -0.044256 0.869413
v 0.082056 -0.044334 0.869439
v 0.080916 -0.044337 0.868701
v 0.080916 -0.044337 0.868701
v 0.081104 -0.044397 0.868703
v 0.079889 -0.044669 0.868249
v 0.080074 -0.044716 0.868205
v 0.083272 -0.044887 0.871242
v 0.083297 -0.044922 0.871197
v 0.098222 -0.040000 0.876593
v 0.097988 -0.040000 0.890000
v 0.097979 -0.042134 0.874418
v 0.097380 -0.043057 0.890000
v 0.097201 -0.044125 0.872165
v 0.082012 -0.040000 0.890000
v 0.081780 -0.040000 0.876694
v 0.082620 -0.043057 0.890000
v 0.082293 -0.043013 0.873521
v 0.084352 -0.045648 0.890000
v 0.083272 -0.044887 0.871242
v 0.083297 -0.044922 0.871197
v 0.088364 -0.048233 0.866718
v 0.090484 -0.048384 0.866495
v 0.090000 -0.047988 0.890000
v 0.092737 -0.047927 0.867166
v 0.090000 -0.047988 0.890000
v 0.093057 -0.047380 0.890000
v 0.094372 -0.047134 0.868293
v 0.095648 -0.045648 0.890000
v 0.095935 -0.045855 0.870013
v 0.086943 -0.047380 0.890000
v 0.084642 -0.046404 0.869289
v 0.086943 -0.047380 0.890000
v 0.086146 -0.047434 0.867872
v 0.082012 0.040000 0.890000
v 0.081780 0.040000 0.876694
v 0.081844 0.033650 0.880368
v 0.081906 0.025639 0.883899
v 0.081943 0.018969 0.886023
v 0.081970 0.011616 0.887586
v 0.081985 0.003200 0.888439
v 0.082012 -0.040000 0.890000
v 0.081983 -0.005020 0.888337
v 0.081974 -0.010201 0.887798
v 0.081954 -0.016398 0.886659
v 0.081915 -0.024176 0.884425
v 0.081870 -0.030590 0.881852
v 0.081785 -0.039539 0.876990
v 0.081780 -0.040000 0.876694
v 0.082758 0.044470 0.870344
v 0.082010 0.044332 0.869395
v 0.081965 0.044261 0.869462
v 0.081065 0.044406 0.868678
v 0.080964 0.044328 0.868727
v 0.080075 0.044717 0.868204
v 0.079890 0.044670 0.868248
v 0.083273 0.044888 0.871240
v 0.083298 0.044923 0.871196
v 0.082782 0.044518 0.870274
v 0.083273 0.044888 0.871240
v 0.082782 0.044518 0.870274
v 0.082010 0.044332 0.869395
v 0.083273 0.044888 0.871240
v 0.082010 0.044332 0.869395
v 0.082758 0.044470 0.870344
v 0.081780 0.040000 0.876694
v 0.082012 0.040000 0.890000
v 0.082002 0.042049 0.874598
v 0.082620 0.043057 0.890000
v 0.083273 0.044888 0.871240
v 0.084352 0.045648 0.890000
v 0.083298 0.044923 0.871196
v 0.097988 0.040000 0.890000
v 0.098222 0.040000 0.876593
v 0.097380 0.043057 0.890000
v 0.097983 0.042118 0.874436
v 0.095648 0.045648 0.890000
v 0.097209 0.044112 0.872181
v 0.095648 0.045648 0.890000
v 0.095996 0.045790 0.870097
v 0.086943 0.047380 0.890000
v 0.085533 0.047073 0.868377
v 0.083980 0.045764 0.870131
v 0.092847 0.047887 0.867224
v 0.090856 0.048354 0.866540
v 0.090000 0.047988 0.890000
v 0.088710 0.048296 0.866625
v 0.087173 0.047895 0.867213
v 0.093057 0.047380 0.890000
v 0.094540 0.047025 0.868444
v 0.031100 0.036100 0.890000
v 0.031100 -0.036100 0.890000
v 0.038900 0.036100 0.890000
v 0.038900 -0.036100 0.890000
v 0.042988 -0.040000 0.890000
v 0.035000 -0.047988 0.890000
v 0.038057 -0.047380 0.890000
v 0.031943 -0.047380 0.890000
v 0.038900 -0.043900 0.890000
v 0.029352 -0.045648 0.890000
v 0.031100 -0.043900 0.890000
v 0.027620 -0.043057 0.890000
v 0.027012 -0.040000 0.890000
v 0.040648 -0.045648 0.890000
v 0.042380 -0.043057 0.890000
v 0.038900 0.043900 0.890000
v 0.042988 0.040000 0.890000
v 0.042380 0.043057 0.890000
v 0.040648 0.045648 0.890000
v 0.035000 0.047988 0.890000
v 0.029352 0.045648 0.890000
v 0.031100 0.043900 0.890000
v 0.027012 0.040000 0.890000
v 0.027620 0.043057 0.890000
v 0.038057 0.047380 0.890000
v 0.031943 0.047380 0.890000
v 0.041145 0.061044 0.843636
v 0.040911 0.060345 0.844636
v 0.041281 0.060398 0.844619
v 0.040962 0.060128 0.845719
v 0.041343 0.060178 0.845694
v 0.040797 0.060995 0.843645
v 0.040959 0.062016 0.842985
v 0.040638 0.061973 0.842990
v 0.040767 0.063075 0.842767
v 0.040472 0.063038 0.842771
v 0.040767 0.063075 0.842767
v 0.040959 0.062016 0.842985
v 0.046825 0.063865 0.842413
v 0.040959 0.062016 0.842985
v 0.048896 0.063967 0.842175
v 0.073296 0.066595 0.834884
v 0.070867 0.066265 0.835956
v 0.072410 0.065772 0.836129
v 0.067901 0.065865 0.837184
v 0.072410 0.065772 0.836129
v 0.062309 0.063621 0.840533
v 0.064866 0.065469 0.838324
v 0.062309 0.063621 0.840533
v 0.062534 0.064871 0.839271
v 0.079999 0.067240 0.832581
v 0.079906 0.067273 0.832451
v 0.080007 0.067229 0.832623
v 0.079666 0.067290 0.832388
v 0.077031 0.067071 0.833212
v 0.075614 0.066899 0.833835
v 0.052199 0.063146 0.842036
v 0.052956 0.064233 0.841539
v 0.050931 0.064090 0.841884
v 0.041145 0.061044 0.843636
v 0.052199 0.063146 0.842036
v 0.051749 0.061924 0.843252
v 0.062954 0.065233 0.838977
v 0.052199 0.063146 0.842036
v 0.062954 0.065233 0.838977
v 0.060755 0.064976 0.839664
v 0.057812 0.064663 0.840475
v 0.054971 0.064397 0.841138
v 0.073622 0.065601 0.836547
v 0.080000 0.067219 0.832658
v 0.079381 0.067285 0.832406
v 0.078897 0.067257 0.832514
v 0.078250 0.067202 0.832726
v 0.065768 0.063885 0.840215
v 0.041281 0.060398 0.844619
v 0.049648 0.061243 0.844726
v 0.057624 0.062411 0.842952
v 0.041343 0.060178 0.845694
v 0.140800 0.068853 0.805536
v 0.100516 0.068818 0.805286
v 0.140800 0.069500 0.815000
v 0.097638 0.069350 0.810441
v 0.140000 0.069500 0.815000
v 0.140800 0.059382 0.778889
v 0.107611 0.060237 0.780334
v 0.140800 0.063746 0.787311
v 0.106645 0.063717 0.787245
v 0.105277 0.065937 0.793032
v 0.140800 0.040079 0.758221
v 0.127197 0.045029 0.762060
v 0.140800 0.047437 0.764207
v 0.127199 0.049144 0.765856
v 0.140800 0.053912 0.771139
v 0.127202 0.053512 0.770653
v 0.118022 0.053818 0.771024
v 0.127197 0.035748 0.755399
v 0.127197 0.028587 0.751651
v 0.140800 0.031975 0.753292
v 0.127199 0.026592 0.750789
v 0.140800 0.023274 0.749513
v 0.127190 0.018884 0.748115
v 0.140800 0.014140 0.746954
v 0.127198 0.013561 0.746836
v 0.127199 -0.017988 0.747868
v 0.140800 -0.014140 0.746954
v 0.127199 -0.026597 0.750790
v 0.140800 -0.023274 0.749513
v 0.127199 -0.034750 0.754811
v 0.140800 -0.031975 0.753292
v 0.127199 -0.042309 0.759862
v 0.140800 -0.040079 0.758221
v 0.127199 -0.049144 0.765856
v 0.140800 -0.047437 0.764207
v 0.127200 -0.053512 0.770652
v 0.140800 -0.053912 0.771139
v 0.120010 -0.053801 0.771003
v 0.110816 -0.057999 0.776706
v 0.140800 -0.059382 0.778889
v 0.110596 -0.060807 0.781344
v 0.140800 -0.063746 0.787311
v 0.109775 -0.063887 0.787638
v 0.108324 -0.066236 0.793953
v 0.140800 -0.066923 0.796249
v 0.105808 -0.068126 0.801249
v 0.140800 -0.068853 0.805536
v 0.102294 -0.069158 0.808109
v 0.098000 -0.069499 0.814622
v 0.140800 -0.069500 0.815000
v 0.140000 -0.069500 0.815000
v 0.107881 0.056835 0.775000
v 0.107799 0.053511 0.770651
v 0.140800 0.066923 0.796249
v 0.103794 0.067302 0.797658
v 0.102279 0.068176 0.801501
v 0.140800 0.004743 0.745662
v 0.140800 -0.004743 0.745662
v 0.127199 0.000000 0.745500
v 0.127197 0.000045 0.745500
v 0.127132 0.000787 0.745504
v 0.127127 0.005717 0.745736
v 0.127199 -0.009072 0.746095
v 0.094570 0.069500 0.815000
v 0.097728 -0.069500 0.815000
v 0.110635 -0.053662 0.770833
v 0.127198 0.039769 0.758003
v -0.027633 0.071000 0.775000
v -0.027004 0.071000 0.784209
v -0.027004 0.071000 0.765791
v -0.025125 0.071000 0.793247
v -0.025125 0.071000 0.756753
v -0.022034 0.071000 0.801945
v -0.022034 0.071000 0.748055
v -0.017787 0.071000 0.810141
v -0.017787 0.071000 0.739859
v -0.012464 0.071000 0.817683
v -0.012464 0.071000 0.732317
v -0.006163 0.071000 0.824429
v -0.006163 0.071000 0.725571
v 0.000997 0.071000 0.830255
v 0.000997 0.071000 0.719745
v 0.008884 0.071000 0.835051
v 0.008884 0.071000 0.714949
v 0.017351 0.071000 0.838728
v 0.017351 0.071000 0.711272
v 0.026240 0.071000 0.841219
v 0.026240 0.071000 0.708781
v 0.035384 0.071000 0.842476
v 0.035384 0.071000 0.707524
v 0.044616 0.071000 0.842476
v 0.044616 0.071000 0.707524
v 0.053760 0.071000 0.841219
v 0.053760 0.071000 0.708781
v 0.062649 0.071000 0.838728
v 0.062649 0.071000 0.711272
v 0.071116 0.071000 0.835051
v 0.071116 0.071000 0.714949
v 0.079003 0.071000 0.830255
v 0.079003 0.071000 0.719745
v 0.086163 0.071000 0.824429
v 0.086163 0.071000 0.725571
v 0.092464 0.071000 0.817683
v 0.092464 0.071000 0.732317
v 0.097787 0.071000 0.810141
v 0.097787 0.071000 0.739859
v 0.102034 0.071000 0.801945
v 0.102034 0.071000 0.748055
v 0.105125 0.071000 0.793247
v 0.105125 0.071000 0.756753
v 0.107004 0.071000 0.784209
v 0.107004 0.071000 0.765791
v 0.107633 0.071000 0.775000
v 0.118022 0.053818 0.771024
v 0.116275 0.051995 0.768487
v 0.107799 0.053511 0.770651
v 0.107464 0.050744 0.766582
v 0.124608 0.053212 0.770272
v 0.127202 0.053512 0.770653
v 0.107351 0.050260 0.765661
v 0.127202 0.053512 0.770653
v 0.127199 0.049144 0.765856
v 0.124608 0.053212 0.770272
v 0.122050 0.051769 0.768326
v 0.116275 0.051995 0.768487
v 0.117159 0.050422 0.766126
v 0.112274 0.050041 0.765196
v 0.107282 0.050000 0.765143
v 0.107180 0.049662 0.764473
v 0.107351 0.050260 0.765661
v 0.119734 0.049911 0.765689
v 0.112274 0.050041 0.765196
v 0.119734 0.049911 0.765689
v 0.111306 0.049745 0.764649
v 0.110660 0.046265 0.759639
v 0.105881 0.045807 0.758157
v 0.101556 0.034595 0.746106
v 0.104075 0.040953 0.752231
v 0.106877 0.038621 0.751281
v 0.104996 0.041101 0.752671
v 0.112432 0.044064 0.757732
v 0.118581 0.048616 0.763909
v 0.127199 0.049144 0.765856
v 0.119714 0.046966 0.762340
v 0.113695 0.042217 0.756523
v 0.108188 0.036597 0.750474
v 0.101131 0.031634 0.744079
v 0.102414 0.029464 0.743744
v 0.098622 0.027507 0.740541
v 0.095086 0.019179 0.735132
v 0.098810 0.020829 0.738532
v 0.093732 0.013917 0.733096
v 0.092434 0.012793 0.731703
v 0.092048 0.011660 0.731240
v 0.104783 0.028817 0.744932
v 0.110009 0.035171 0.750527
v 0.115804 0.041091 0.756422
v 0.120747 0.045119 0.760924
v 0.107180 0.049662 0.764473
v 0.127199 -0.049144 0.765856
v 0.121878 -0.045917 0.761870
v 0.127199 -0.042309 0.759862
v 0.120836 -0.042712 0.759065
v 0.121192 -0.037332 0.755507
v 0.094657 -0.015166 0.734097
v 0.092155 -0.011803 0.731359
v 0.093683 -0.009825 0.732819
v 0.092103 -0.011626 0.731297
v 0.090881 -0.006609 0.729887
v 0.109756 -0.034883 0.750260
v 0.104392 -0.028312 0.744511
v 0.110492 -0.029257 0.748079
v 0.105936 -0.022614 0.743660
v 0.111048 -0.023649 0.746328
v 0.115994 -0.041263 0.756606
v 0.115522 -0.036052 0.753233
v 0.109823 -0.034666 0.750184
v 0.116050 -0.030488 0.750621
v 0.116490 -0.024685 0.748448
v 0.116836 -0.018686 0.746737
v 0.111486 -0.017880 0.744949
v 0.117086 -0.012540 0.745502
v 0.111803 -0.011989 0.743954
v 0.117236 -0.006295 0.744757
v 0.127197 0.045029 0.762060
v 0.127198 0.039769 0.758003
v 0.120836 0.042712 0.759065
v 0.121192 0.037332 0.755507
v 0.115804 0.041091 0.756422
v 0.115522 0.036052 0.753233
v 0.110009 0.035171 0.750527
v 0.109823 0.034666 0.750184
v 0.104783 0.028817 0.744932
v 0.127197 0.028587 0.751651
v 0.121755 0.025641 0.749883
v 0.127197 0.035748 0.755399
v 0.121499 0.031625 0.752437
v 0.127127 0.005717 0.745736
v 0.122189 0.006554 0.745544
v 0.127198 0.013561 0.746836
v 0.122101 0.013050 0.746420
v 0.127190 0.018884 0.748115
v 0.121956 0.019431 0.747872
v 0.127199 0.026592 0.750789
v 0.121956 -0.019431 0.747872
v 0.127199 -0.017988 0.747868
v 0.121755 -0.025641 0.749883
v 0.127199 -0.026597 0.750790
v 0.121499 -0.031625 0.752437
v 0.127199 -0.034750 0.754811
v 0.090303 -0.001906 0.729244
v 0.090251 -0.000051 0.729186
v 0.093683 0.009825 0.732819
v 0.090251 0.000000 0.729186
v 0.092048 0.011660 0.731240
v 0.090717 0.005749 0.729703
v 0.101208 0.021578 0.740489
v 0.105936 0.022614 0.743660
v 0.101940 0.010885 0.739222
v 0.106735 0.011437 0.741851
v 0.102187 0.000000 0.738794
v 0.107004 0.000000 0.741240
v 0.101940 -0.010885 0.739222
v 0.106735 -0.011437 0.741851
v 0.101208 -0.021578 0.740489
v 0.111486 0.017880 0.744949
v 0.111803 0.011989 0.743954
v 0.112057 0.000000 0.743152
v 0.110492 0.029257 0.748079
v 0.116050 0.030488 0.750621
v 0.111048 0.023649 0.746328
v 0.116490 0.024685 0.748448
v 0.116836 0.018686 0.746737
v 0.117086 0.012540 0.745502
v 0.117236 0.006295 0.744757
v 0.117287 0.000000 0.744508
v 0.122218 0.000000 0.745251
v 0.122189 -0.006554 0.745544
v 0.122101 -0.013050 0.746420
v 0.127132 0.000787 0.745504
v 0.127197 0.000045 0.745500
v 0.127199 0.000000 0.745500
v 0.127199 -0.009072 0.746095
v 0.097615 0.005175 0.735908
v 0.097238 0.015461 0.736422
v 0.098810 0.020829 0.738532
v 0.093732 0.013917 0.733096
v 0.097473 -0.010334 0.736102
v 0.099830 -0.022220 0.739619
v 0.120747 0.045119 0.760924
v 0.127199 0.049144 0.765856
v 0.090253 0.000396 0.729189
v 0.090668 -0.005512 0.729649
v 0.090881 -0.006609 0.729887
v 0.092001 -0.011693 0.731183
v 0.090881 -0.006609 0.729887
v 0.092103 -0.011626 0.731297
v 0.092001 -0.011693 0.731183
v 0.090668 -0.005512 0.729649
v 0.090303 -0.001906 0.729244
v 0.092103 -0.011626 0.731297
v 0.092155 -0.011803 0.731359
v 0.092001 -0.011693 0.731183
v 0.092051 -0.011877 0.731243
v 0.039500 -0.071000 0.842500
v 0.040500 -0.071000 0.842500
v 0.039500 -0.068000 0.842500
v 0.040500 -0.068000 0.842500
v 0.039646 -0.067646 0.842500
v 0.040354 -0.067646 0.842500
v 0.040000 -0.067500 0.842500
v 0.088728 -0.068691 0.825575
v 0.092017 -0.069246 0.821412
v 0.092613 -0.069197 0.821479
v 0.097079 -0.069606 0.814548
v 0.097728 -0.069500 0.815000
v 0.087598 -0.068872 0.825394
v 0.084359 -0.068426 0.828131
v 0.083761 -0.069093 0.827533
v 0.086658 -0.071000 0.823962
v 0.083328 -0.070012 0.827177
v 0.083125 -0.071000 0.827101
v 0.086960 -0.069771 0.824468
v 0.090560 -0.071000 0.819922
v 0.086960 -0.069771 0.824468
v 0.091213 -0.069905 0.820401
v 0.095607 -0.071000 0.813498
v 0.091213 -0.069905 0.820401
v 0.096472 -0.069921 0.814120
v 0.085003 -0.068107 0.828843
v 0.096472 -0.069921 0.814120
v 0.100978 -0.069490 0.807333
v 0.097079 -0.069606 0.814548
v 0.101644 -0.069215 0.807721
v 0.104752 -0.068262 0.800793
v 0.105808 -0.068126 0.801249
v 0.102294 -0.069158 0.808109
v 0.098000 -0.069499 0.814622
v 0.097728 -0.069500 0.815000
v 0.100279 -0.070006 0.807154
v 0.099850 -0.070674 0.806845
v 0.103788 -0.068883 0.800268
v 0.099749 -0.071000 0.806692
v 0.103788 -0.068883 0.800268
v 0.103184 -0.069888 0.799804
v 0.095607 -0.071000 0.813498
v 0.103035 -0.071000 0.799513
v 0.121878 -0.045917 0.761870
v 0.127199 -0.049144 0.765856
v 0.118887 -0.048194 0.763473
v 0.119665 -0.049916 0.765687
v 0.110485 -0.046454 0.759833
v 0.109982 -0.049868 0.764826
v 0.109827 -0.049488 0.764146
v 0.112241 -0.050040 0.765193
v 0.093169 -0.014222 0.732563
v 0.094657 -0.015166 0.734097
v 0.096378 -0.021012 0.736636
v 0.099830 -0.022220 0.739619
v 0.100223 -0.028953 0.742193
v 0.104392 -0.028312 0.744511
v 0.101480 -0.031057 0.743963
v 0.107231 -0.038088 0.751040
v 0.109756 -0.034883 0.750260
v 0.112773 -0.043584 0.757387
v 0.109005 -0.047519 0.760990
v 0.106928 -0.042965 0.755088
v 0.103848 -0.036459 0.748440
v 0.100223 -0.028953 0.742193
v 0.110003 -0.049920 0.764920
v 0.092155 -0.011803 0.731359
v 0.115994 -0.041263 0.756606
v 0.119665 -0.049916 0.765687
v 0.118546 -0.050551 0.766429
v 0.112241 -0.050040 0.765193
v 0.110330 -0.050889 0.766702
v 0.110089 -0.050158 0.765357
v 0.127199 -0.049144 0.765856
v 0.127200 -0.053512 0.770652
v 0.118919 -0.052424 0.769147
v 0.110003 -0.049920 0.764920
v 0.127200 -0.053512 0.770652
v 0.120010 -0.053801 0.771003
v 0.118919 -0.052424 0.769147
v 0.110635 -0.053662 0.770833
v 0.110620 -0.053445 0.770566
v 0.110330 -0.050889 0.766702
v 0.140800 -0.069500 0.815000
v 0.141700 -0.069500 0.815000
v 0.140800 -0.068905 0.824072
v 0.141700 -0.068905 0.824072
v 0.140800 -0.067132 0.832988
v 0.141700 -0.067132 0.832988
v 0.140800 -0.064210 0.841596
v 0.141700 -0.064210 0.841596
v 0.140800 -0.060189 0.849750
v 0.141700 -0.060189 0.849750
v 0.140800 -0.055138 0.857309
v 0.141700 -0.055138 0.857309
v 0.140800 -0.049144 0.864144
v 0.141700 -0.049144 0.864144
v 0.140800 -0.042309 0.870138
v 0.141700 -0.042309 0.870138
v 0.140800 -0.034750 0.875189
v 0.141700 -0.034750 0.875189
v 0.140800 -0.026597 0.879209
v 0.141700 -0.026597 0.879209
v 0.140800 -0.017988 0.882132
v 0.141700 -0.017988 0.882132
v 0.140800 -0.009072 0.883905
v 0.141700 -0.009072 0.883905
v 0.140800 -0.000000 0.884500
v 0.141700 0.000000 0.884500
v 0.140800 -0.000000 0.884500
v 0.141700 0.000000 0.884500
v 0.140800 0.009072 0.883905
v 0.141700 0.009072 0.883905
v 0.140800 0.017988 0.882132
v 0.141700 0.017988 0.882132
v 0.140800 0.026597 0.879210
v 0.141700 0.026597 0.879210
v 0.140800 0.034750 0.875189
v 0.141700 0.034750 0.875189
v 0.140800 0.042309 0.870138
v 0.141700 0.042309 0.870138
v 0.140800 0.049144 0.864144
v 0.141700 0.049144 0.864144
v 0.140800 0.055138 0.857309
v 0.141700 0.055138 0.857309
v 0.140800 0.060189 0.849750
v 0.141700 0.060189 0.849750
v 0.140800 0.064210 0.841596
v 0.141700 0.064210 0.841596
v 0.140800 0.067132 0.832988
v 0.141700 0.067132 0.832988
v 0.140800 0.068905 0.824072
v 0.141700 0.068905 0.824072
v 0.140800 0.069500 0.815000
v 0.141700 0.069500 0.815000
v 0.100327 0.042060 0.870517
v 0.100761 0.037985 0.873531
v 0.101422 0.041480 0.870771
v 0.102221 0.037823 0.873307
v 0.102071 0.039770 0.871996
v 0.101535 0.041784 0.870537
v 0.100515 0.043861 0.868911
v 0.098247 0.044999 0.868271
v 0.099000 0.045796 0.867278
v 0.097203 0.047318 0.865904
v 0.099144 0.045284 0.867735
v 0.099380 0.042086 0.871041
v 0.099414 0.038472 0.874258
v 0.100327 0.042060 0.870517
v 0.099414 0.038472 0.874258
v 0.082782 0.044518 0.870274
v 0.082526 0.044870 0.869051
v 0.082010 0.044332 0.869395
v 0.082453 0.046011 0.867279
v 0.081065 0.044406 0.868678
v 0.082764 0.047295 0.865926
v 0.080379 0.045102 0.867878
v 0.098698 0.041740 0.872299
v 0.098247 0.044999 0.868271
v 0.097433 0.044934 0.868983
v 0.096273 0.047326 0.865972
v 0.095579 0.046987 0.866730
v 0.093845 0.048821 0.864471
v 0.092923 0.048448 0.865091
v 0.093074 0.049173 0.864114
v 0.090618 0.049531 0.863753
v 0.088430 0.049450 0.863836
v 0.089732 0.048930 0.864547
v 0.087542 0.049290 0.863998
v 0.086880 0.048378 0.865170
v 0.098222 0.040000 0.876593
v 0.098519 0.039205 0.875372
v 0.097983 0.042118 0.874436
v 0.098143 0.042146 0.873085
v 0.085533 0.047073 0.868377
v 0.084664 0.046623 0.867925
v 0.083980 0.045764 0.870131
v 0.084664 0.046623 0.867925
v 0.083298 0.044923 0.871196
v 0.090856 0.048354 0.866540
v 0.089767 0.048531 0.865512
v 0.088710 0.048296 0.866625
v 0.086835 0.047917 0.866298
v 0.087173 0.047895 0.867213
v 0.097209 0.044112 0.872181
v 0.097079 0.044648 0.870298
v 0.095996 0.045790 0.870097
v 0.094987 0.046895 0.867587
v 0.094987 0.046895 0.867587
v 0.094540 0.047025 0.868444
v 0.092565 0.048134 0.866021
v 0.092847 0.047887 0.867224
v 0.080075 0.044717 0.868204
v 0.085950 0.048891 0.864396
v 0.087542 0.049290 0.863998
v 0.088430 0.049450 0.863836
v 0.084842 0.048139 0.865157
v 0.085950 0.048891 0.864396
v 0.095161 0.048462 0.864817
v 0.084502 0.047051 0.866659
v 0.098653 0.028657 0.880515
v 0.098130 0.030380 0.881858
v 0.098096 0.025669 0.883802
v 0.098357 0.018153 0.884652
v 0.099252 0.017813 0.883365
v 0.098653 0.028657 0.880515
v 0.100598 0.017588 0.882522
v 0.100598 0.017588 0.882522
v 0.100182 0.028044 0.879139
v 0.099414 0.038472 0.874258
v 0.098519 0.039205 0.875372
v 0.098222 0.040000 0.876593
v 0.098207 0.038677 0.877431
v 0.102106 0.025761 0.879549
v 0.100761 0.037985 0.873531
v 0.102178 0.033920 0.875660
v 0.098057 0.018520 0.886059
v 0.102221 0.037823 0.873307
v 0.102056 0.017512 0.882257
v 0.099180 0.016793 0.883585
v 0.099252 0.017813 0.883365
v 0.098520 0.017292 0.884388
v 0.098357 0.018153 0.884652
v 0.098141 0.017756 0.885314
v 0.098057 0.018520 0.886059
v 0.098141 0.017756 0.885314
v 0.097938 0.017580 0.886519
v 0.101478 0.014712 0.882925
v 0.100118 0.016454 0.882969
v 0.098855 0.013548 0.883495
v 0.097789 0.014643 0.884316
v 0.097144 0.015467 0.885700
v 0.102056 0.017512 0.882257
v 0.100598 0.017588 0.882522
v 0.097027 0.015851 0.887234
v 0.100027 0.012487 0.883369
v 0.095126 -0.001991 0.884471
v 0.095110 0.001844 0.884476
v 0.092975 0.000994 0.885067
v 0.095928 0.005634 0.884271
v 0.093958 0.006296 0.884793
v 0.097571 0.009225 0.883885
v 0.096366 0.011253 0.884173
v 0.100027 0.012487 0.883369
v 0.098855 0.013548 0.883495
v 0.097789 0.014643 0.884316
v 0.097144 0.015467 0.885700
v 0.095049 0.012321 0.885756
v 0.097027 0.015851 0.887234
v 0.095141 0.013423 0.887574
v 0.091725 0.005778 0.888272
v 0.091021 0.000508 0.888429
v 0.091423 0.001090 0.886787
v 0.091123 -0.002271 0.888406
v 0.091904 -0.004765 0.886640
v 0.091819 -0.006143 0.888252
v 0.091904 -0.004765 0.886640
v 0.093143 -0.009857 0.887970
v 0.093890 -0.010320 0.886068
v 0.097789 -0.014643 0.884316
v 0.095282 -0.009423 0.884443
v 0.093890 -0.010320 0.886068
v 0.093425 -0.004348 0.884940
v 0.092975 0.000994 0.885067
v 0.093958 0.006296 0.884793
v 0.092475 0.006898 0.886471
v 0.096366 0.011253 0.884173
v 0.092475 0.006898 0.886471
v 0.098855 -0.013548 0.883495
v 0.095282 -0.009423 0.884443
v 0.097612 -0.009295 0.883876
v 0.094859 -0.012998 0.887628
v 0.097144 -0.015467 0.885700
v 0.093583 0.010776 0.887880
v 0.097027 -0.015851 0.887234
v 0.093425 -0.004348 0.884940
v 0.095968 -0.005752 0.884262
v 0.100027 -0.012487 0.883369
v 0.098433 -0.015378 0.884083
v 0.097789 -0.014643 0.884316
v 0.097762 -0.015768 0.885008
v 0.097144 -0.015467 0.885700
v 0.097374 -0.016029 0.886070
v 0.097027 -0.015851 0.887234
v 0.097571 -0.016629 0.886934
v 0.101574 -0.014948 0.882874
v 0.099352 -0.014956 0.883414
v 0.100571 -0.017591 0.882533
v 0.099352 -0.014956 0.883414
v 0.099223 -0.017821 0.883392
v 0.098346 -0.018159 0.884678
v 0.098057 -0.018520 0.886059
v 0.098855 -0.013548 0.883495
v 0.100027 -0.012487 0.883369
v 0.102056 -0.017512 0.882257
v 0.098519 -0.039205 0.875372
v 0.099414 -0.038472 0.874258
v 0.098656 -0.029004 0.880362
v 0.100761 -0.037985 0.873531
v 0.098656 -0.029004 0.880362
v 0.100761 -0.037985 0.873531
v 0.100184 -0.028384 0.878990
v 0.100571 -0.017591 0.882533
v 0.099223 -0.017821 0.883392
v 0.098346 -0.018159 0.884678
v 0.100184 -0.028384 0.878990
v 0.098346 -0.018159 0.884678
v 0.098064 -0.020053 0.885642
v 0.098119 -0.028898 0.882511
v 0.102142 -0.030161 0.877615
v 0.102080 -0.021911 0.880956
v 0.098156 -0.033508 0.880348
v 0.098057 -0.018520 0.886059
v 0.098222 -0.040000 0.876593
v 0.102056 -0.017512 0.882257
v 0.102221 -0.037823 0.873307
v 0.100483 -0.040738 0.871616
v 0.099735 -0.044076 0.868793
v 0.101458 -0.039309 0.872386
v 0.099947 -0.044688 0.868228
v 0.101354 -0.042244 0.870188
v 0.099572 -0.040271 0.872690
v 0.099414 -0.038472 0.874258
v 0.099414 -0.038472 0.874258
v 0.100761 -0.037985 0.873531
v 0.102190 -0.038794 0.872665
v 0.102221 -0.037823 0.873307
v 0.098413 -0.042872 0.871153
v 0.097044 -0.045486 0.868385
v 0.098804 -0.043911 0.869321
v 0.097014 -0.046625 0.866671
v 0.098804 -0.043911 0.869321
v 0.096363 -0.047851 0.865404
v 0.098541 -0.046245 0.866881
v 0.086523 -0.048237 0.865329
v 0.085745 -0.048821 0.864465
v 0.088708 -0.049481 0.863804
v 0.085559 -0.048543 0.864750
v 0.083925 -0.046556 0.867209
v 0.083189 -0.046833 0.866464
v 0.082056 -0.044334 0.869439
v 0.081104 -0.044397 0.868703
v 0.090712 -0.049527 0.863758
v 0.089245 -0.048903 0.864578
v 0.091789 -0.049436 0.863850
v 0.092518 -0.048577 0.864946
v 0.097979 -0.042134 0.874418
v 0.098138 -0.042163 0.873067
v 0.098222 -0.040000 0.876593
v 0.098138 -0.042163 0.873067
v 0.098838 -0.040059 0.873934
v 0.098519 -0.039205 0.875372
v 0.086146 -0.047434 0.867872
v 0.084642 -0.046404 0.869289
v 0.084936 -0.046838 0.867658
v 0.083297 -0.044922 0.871197
v 0.082807 -0.044529 0.870311
v 0.087352 -0.048107 0.866055
v 0.088364 -0.048233 0.866718
v 0.090146 -0.048533 0.865509
v 0.090484 -0.048384 0.866495
v 0.093066 -0.047956 0.866248
v 0.092737 -0.047927 0.867166
v 0.095240 -0.046701 0.867829
v 0.094372 -0.047134 0.868293
v 0.097057 -0.044683 0.870258
v 0.097057 -0.044683 0.870258
v 0.095935 -0.045855 0.870013
v 0.081768 -0.046521 0.866633
v 0.084387 -0.048251 0.865021
v 0.080074 -0.044716 0.868205
v 0.093824 -0.048964 0.864323
v 0.091789 -0.049436 0.863850
v 0.090712 -0.049527 0.863758
v 0.097201 -0.044125 0.872165
v 0.094514 -0.048506 0.864788
v 0.093824 -0.048964 0.864323
v 0.094940 -0.047454 0.866208
v 0.115000 -0.010088 0.886636
v 0.115000 -0.010622 0.885406
v 0.117908 -0.009667 0.886648
v 0.115000 -0.011501 0.884328
v 0.119708 -0.010586 0.884451
v 0.118458 -0.013503 0.883176
v 0.119708 -0.010586 0.884451
v 0.120123 -0.013011 0.883271
v 0.121194 0.007997 0.886689
v 0.121017 0.009992 0.884504
v 0.118902 0.009316 0.886657
v 0.121017 0.009992 0.884504
v 0.116918 0.011319 0.884381
v 0.116333 0.010001 0.886638
v 0.115000 0.011501 0.884328
v 0.115000 0.010622 0.885406
v 0.124020 0.010880 0.883643
v 0.125866 0.009160 0.883894
v 0.124433 0.007316 0.884714
v 0.124433 0.007316 0.884714
v 0.123056 0.006139 0.886724
v 0.127948 0.006050 0.884236
v 0.126649 0.003482 0.884909
v 0.126649 0.003482 0.884909
v 0.124372 0.003861 0.886754
v 0.128670 -0.004247 0.884370
v 0.127208 -0.000504 0.884966
v 0.126081 -0.004860 0.884855
v 0.125053 -0.001315 0.886771
v 0.126081 -0.004860 0.884855
v 0.124373 -0.003859 0.886754
v 0.116918 0.011319 0.884381
v 0.117362 0.013717 0.883133
v 0.120713 0.012784 0.883314
v 0.129328 -0.000228 0.884500
v 0.129109 0.002481 0.884456
v 0.115000 0.010088 0.886636
v 0.125047 0.001364 0.886770
v 0.123057 -0.006137 0.886724
v 0.123404 -0.008348 0.884640
v 0.123404 -0.008348 0.884640
v 0.120813 -0.008275 0.886683
v 0.115000 0.012640 0.883535
v 0.115000 0.013900 0.883096
v 0.127264 -0.007292 0.884116
v 0.125153 -0.009901 0.883791
v 0.123746 -0.011086 0.883610
v 0.115000 -0.012640 0.883535
v 0.115000 -0.013900 0.883096
v 0.115000 0.010088 0.886636
v 0.115000 0.010622 0.885406
v 0.112370 0.009745 0.886646
v 0.115000 0.011501 0.884328
v 0.115000 0.011501 0.884328
v 0.110293 0.010586 0.884451
v 0.111542 0.013503 0.883176
v 0.110293 0.010586 0.884451
v 0.109877 0.013011 0.883271
v 0.106211 -0.005043 0.886740
v 0.105568 -0.007316 0.884715
v 0.107813 -0.007128 0.886707
v 0.108984 -0.009991 0.884505
v 0.109910 -0.008733 0.886672
v 0.113082 -0.011318 0.884382
v 0.112369 -0.009745 0.886646
v 0.115000 -0.010622 0.885406
v 0.115000 -0.010088 0.886636
v 0.100891 -0.002481 0.884456
v 0.103352 -0.003482 0.884910
v 0.100672 0.000228 0.884500
v 0.102793 0.000504 0.884966
v 0.103352 -0.003482 0.884910
v 0.105204 -0.002611 0.886764
v 0.102793 0.000504 0.884966
v 0.104861 -0.000001 0.886773
v 0.109907 0.008731 0.886672
v 0.106597 0.008347 0.884641
v 0.107812 0.007127 0.886707
v 0.103920 0.004859 0.884855
v 0.106065 0.004781 0.886744
v 0.115000 -0.011501 0.884328
v 0.112638 -0.013717 0.883133
v 0.108984 -0.009991 0.884505
v 0.109287 -0.012784 0.883314
v 0.105980 -0.010880 0.883643
v 0.105568 -0.007316 0.884715
v 0.104134 -0.009160 0.883894
v 0.105204 0.002610 0.886764
v 0.115000 -0.012640 0.883535
v 0.115000 -0.013900 0.883096
v 0.102052 -0.006050 0.884236
v 0.101330 0.004247 0.884370
v 0.103920 0.004859 0.884855
v 0.102736 0.007292 0.884116
v 0.106597 0.008347 0.884641
v 0.104847 0.009901 0.883791
v 0.106254 0.011086 0.883610
v 0.115000 0.012640 0.883535
v 0.115000 0.013900 0.883096
v 0.097988 -0.018520 0.890000
v 0.097988 -0.040000 0.890000
v 0.098222 -0.040000 0.876593
v 0.098156 -0.033508 0.880348
v 0.098119 -0.028898 0.882511
v 0.098064 -0.020053 0.885642
v 0.098057 -0.018520 0.886059
v 0.091116 0.002475 0.890000
v 0.086100 0.036100 0.890000
v 0.091116 -0.002475 0.890000
v 0.086100 -0.036100 0.890000
v 0.092131 -0.007319 0.890000
v 0.093900 -0.036100 0.890000
v 0.094117 -0.011853 0.890000
v 0.090000 -0.047988 0.890000
v 0.093057 -0.047380 0.890000
v 0.086943 -0.047380 0.890000
v 0.093900 -0.043900 0.890000
v 0.084352 -0.045648 0.890000
v 0.086100 -0.043900 0.890000
v 0.082620 -0.043057 0.890000
v 0.082012 -0.040000 0.890000
v 0.095648 -0.045648 0.890000
v 0.097380 -0.043057 0.890000
v 0.097988 -0.040000 0.890000
v 0.093900 0.036100 0.890000
v 0.092131 0.007319 0.890000
v 0.094117 0.011853 0.890000
v 0.096991 0.015883 0.890000
v 0.097988 0.018520 0.890000
v 0.097988 0.040000 0.890000
v 0.093900 0.043900 0.890000
v 0.097380 0.043057 0.890000
v 0.095648 0.045648 0.890000
v 0.090000 0.047988 0.890000
v 0.084352 0.045648 0.890000
v 0.086100 0.043900 0.890000
v 0.097988 -0.018520 0.890000
v 0.097730 -0.017110 0.890000
v 0.096991 -0.015883 0.890000
v 0.082012 0.040000 0.890000
v 0.082620 0.043057 0.890000
v 0.097730 0.017110 0.890000
v 0.093057 0.047380 0.890000
v 0.086943 0.047380 0.890000
v 0.097988 0.040000 0.890000
v 0.097988 0.018520 0.890000
v 0.098057 0.018520 0.886059
v 0.098096 0.025669 0.883802
v 0.098130 0.030380 0.881858
v 0.098207 0.038677 0.877431
v 0.098222 0.040000 0.876593
v 0.140800 0.069500 0.815000
v 0.141700 0.069500 0.815000
v 0.140800 0.068853 0.805536
v 0.141700 0.068853 0.805536
v 0.140800 0.066923 0.796249
v 0.141700 0.066923 0.796249
v 0.140800 0.063746 0.787311
v 0.141700 0.063746 0.787311
v 0.140800 0.059382 0.778889
v 0.141700 0.059382 0.778889
v 0.140800 0.053912 0.771139
v 0.141700 0.053912 0.771139
v 0.140800 0.047437 0.764207
v 0.141700 0.047437 0.764207
v 0.140800 0.040079 0.758221
v 0.141700 0.040079 0.758221
v 0.140800 0.031975 0.753292
v 0.141700 0.031975 0.753292
v 0.140800 0.023274 0.749513
v 0.141700 0.023274 0.749513
v 0.140800 0.014140 0.746954
v 0.141700 0.014140 0.746954
v 0.140800 0.004743 0.745662
v 0.141700 0.004743 0.745662
v 0.140800 -0.004743 0.745662
v 0.141700 -0.004743 0.745662
v 0.140800 -0.014140 0.746954
v 0.141700 -0.014140 0.746954
v 0.140800 -0.023274 0.749513
v 0.141700 -0.023274 0.749513
v 0.140800 -0.031975 0.753292
v 0.141700 -0.031975 0.753292
v 0.140800 -0.040079 0.758221
v 0.141700 -0.040079 0.758221
v 0.140800 -0.047437 0.764207
v 0.141700 -0.047437 0.764207
v 0.140800 -0.053912 0.771139
v 0.141700 -0.053912 0.771139
v 0.140800 -0.059382 0.778889
v 0.141700 -0.059382 0.778889
v 0.140800 -0.063746 0.787311
v 0.141700 -0.063746 0.787311
v 0.140800 -0.066923 0.796249
v 0.141700 -0.066923 0.796249
v 0.140800 -0.068853 0.805536
v 0.141700 -0.068853 0.805536
v 0.140800 -0.069500 0.815000
v 0.141700 -0.069500 0.815000
v 0.141700 -0.067132 0.832988
v 0.160300 -0.066798 0.834190
v 0.141700 -0.064210 0.841596
v 0.160300 -0.063572 0.843087
v 0.141700 -0.060189 0.849750
v 0.160300 -0.059167 0.851463
v 0.141700 -0.055138 0.857309
v 0.160300 -0.053664 0.859163
v 0.141700 -0.049144 0.864144
v 0.160300 -0.047167 0.866045
v 0.141700 -0.042309 0.870138
v 0.160300 -0.039795 0.871979
v 0.141700 -0.034750 0.875189
v 0.160300 -0.031685 0.876857
v 0.141700 -0.026597 0.879209
v 0.160300 -0.022987 0.880588
v 0.141700 -0.017988 0.882132
v 0.160300 -0.013863 0.883103
v 0.141700 -0.009072 0.883905
v 0.141700 0.009072 0.883905
v 0.160300 0.004981 0.884321
v 0.141700 0.017988 0.882132
v 0.160300 0.014353 0.883002
v 0.141700 0.026597 0.879210
v 0.160300 0.023458 0.880421
v 0.141700 0.034750 0.875189
v 0.160300 0.032129 0.876628
v 0.141700 0.042309 0.870138
v 0.160300 0.040204 0.871692
v 0.141700 0.049144 0.864144
v 0.160300 0.047533 0.865704
v 0.141700 0.055138 0.857309
v 0.160300 0.053981 0.858776
v 0.141700 0.060189 0.849750
v 0.160300 0.059427 0.851037
v 0.141700 0.064210 0.841596
v 0.160300 0.063772 0.842629
v 0.141700 0.067132 0.832988
v 0.160300 0.066935 0.833709
v 0.141700 0.000000 0.884500
v 0.160300 -0.004483 0.884355
v 0.141700 -0.068905 0.824072
v 0.141700 -0.069500 0.815000
v 0.142000 -0.069500 0.815000
v 0.155825 -0.069500 0.815155
v 0.156007 -0.069499 0.815405
v 0.156300 -0.069498 0.815500
v 0.160300 -0.069498 0.815500
v 0.160300 -0.068786 0.824937
v 0.141700 0.068905 0.824072
v 0.160300 0.068856 0.824442
v 0.160300 0.069500 0.815000
v 0.158300 0.069500 0.815000
v 0.142000 0.069500 0.815000
v 0.141700 0.069500 0.815000
v 0.155800 -0.069500 0.815000
v 0.096991 0.015883 0.890000
v 0.097027 0.015851 0.887234
v 0.097730 0.017110 0.890000
v 0.097938 0.017580 0.886519
v 0.097988 0.018520 0.890000
v 0.098057 0.018520 0.886059
v 0.093583 0.010776 0.887880
v 0.095141 0.013423 0.887574
v 0.094117 0.011853 0.890000
v 0.097027 0.015851 0.887234
v 0.096991 0.015883 0.890000
v 0.091021 0.000508 0.888429
v 0.091116 -0.002475 0.890000
v 0.091123 -0.002271 0.888406
v 0.091116 0.002475 0.890000
v 0.091725 0.005778 0.888272
v 0.092131 0.007319 0.890000
v 0.093143 -0.009857 0.887970
v 0.091819 -0.006143 0.888252
v 0.092131 -0.007319 0.890000
v 0.097027 -0.015851 0.887234
v 0.094859 -0.012998 0.887628
v 0.096991 -0.015883 0.890000
v 0.094117 -0.011853 0.890000
v 0.097027 -0.015851 0.887234
v 0.096991 -0.015883 0.890000
v 0.097571 -0.016629 0.886934
v 0.097730 -0.017110 0.890000
v 0.098057 -0.018520 0.886059
v 0.097988 -0.018520 0.890000
v 0.125047 0.001364 0.886770
v 0.124372 0.003861 0.886754
v 0.124232 0.003012 0.887000
v 0.123056 0.006139 0.886724
v 0.122697 0.005872 0.887000
v 0.121194 0.007997 0.886689
v 0.120903 0.007637 0.887000
v 0.118902 0.009316 0.886657
v 0.118710 0.008882 0.887000
v 0.116333 0.010001 0.886638
v 0.116265 0.009526 0.887000
v 0.115000 0.010088 0.886636
v 0.115000 0.009607 0.887000
v 0.119862 -0.008322 0.887000
v 0.117520 -0.009280 0.887000
v 0.117908 -0.009667 0.886648
v 0.115000 -0.009607 0.887000
v 0.115000 -0.010088 0.886636
v 0.124720 0.000008 0.887000
v 0.125053 -0.001315 0.886771
v 0.124389 -0.002491 0.887000
v 0.124373 -0.003859 0.886754
v 0.123415 -0.004814 0.887000
v 0.123057 -0.006137 0.886724
v 0.121871 -0.006801 0.887000
v 0.120813 -0.008275 0.886683
v 0.105280 -0.000001 0.887000
v 0.105204 -0.002611 0.886764
v 0.105614 -0.002501 0.887000
v 0.106211 -0.005043 0.886740
v 0.106590 -0.004822 0.887000
v 0.107813 -0.007128 0.886707
v 0.108133 -0.006804 0.887000
v 0.109910 -0.008733 0.886672
v 0.110139 -0.008323 0.887000
v 0.112369 -0.009745 0.886646
v 0.112481 -0.009280 0.887000
v 0.115000 -0.010088 0.886636
v 0.115000 -0.009607 0.887000
v 0.104861 -0.000001 0.886773
v 0.105613 0.002498 0.887000
v 0.105204 0.002610 0.886764
v 0.106589 0.004820 0.887000
v 0.106065 0.004781 0.886744
v 0.108132 0.006803 0.887000
v 0.107812 0.007127 0.886707
v 0.110137 0.008322 0.887000
v 0.109907 0.008731 0.886672
v 0.112479 0.009279 0.887000
v 0.112370 0.009745 0.886646
v 0.115000 0.009607 0.887000
v 0.115000 0.010088 0.886636
v 0.141700 0.066923 0.796249
v 0.160300 0.066935 0.796291
v 0.141700 0.063746 0.787311
v 0.160300 0.063772 0.787371
v 0.141700 0.059382 0.778889
v 0.160300 0.059427 0.778963
v 0.141700 0.053912 0.771139
v 0.160300 0.053981 0.771224
v 0.141700 0.047437 0.764207
v 0.160300 0.047533 0.764296
v 0.141700 0.040079 0.758221
v 0.160300 0.040204 0.758308
v 0.141700 0.031975 0.753292
v 0.160300 0.032129 0.753372
v 0.141700 0.023274 0.749513
v 0.160300 0.023458 0.749579
v 0.141700 0.014140 0.746954
v 0.160300 0.014353 0.746998
v 0.141700 0.004743 0.745662
v 0.160300 0.004981 0.745679
v 0.141700 -0.004743 0.745662
v 0.160300 -0.004483 0.745645
v 0.141700 -0.014140 0.746954
v 0.160300 -0.013863 0.746897
v 0.141700 -0.023274 0.749513
v 0.160300 -0.022987 0.749412
v 0.141700 -0.031975 0.753292
v 0.160300 -0.031685 0.753143
v 0.141700 -0.040079 0.758221
v 0.160300 -0.039795 0.758021
v 0.141700 -0.047437 0.764207
v 0.160300 -0.047167 0.763955
v 0.141700 -0.053912 0.771139
v 0.160300 -0.053664 0.770837
v 0.141700 -0.059382 0.778889
v 0.160300 -0.059167 0.778537
v 0.141700 -0.063746 0.787311
v 0.160300 -0.063572 0.786913
v 0.141700 -0.066923 0.796249
v 0.160300 -0.066798 0.795810
v 0.141700 -0.068853 0.805536
v 0.160300 -0.068786 0.805063
v 0.156300 -0.069498 0.814500
v 0.160300 -0.069498 0.814500
v 0.160300 0.068856 0.805558
v 0.141700 0.068853 0.805536
v 0.141700 0.069500 0.815000
v 0.142000 0.069500 0.815000
v 0.158300 0.069500 0.815000
v 0.160300 0.069500 0.815000
v 0.142000 -0.069500 0.815000
v 0.141700 -0.069500 0.815000
v 0.156145 -0.069498 0.814525
v 0.155895 -0.069499 0.814707
v 0.155800 -0.069500 0.815000
v 0.156300 -0.069000 0.815500
v 0.160300 -0.069000 0.815500
v 0.156300 -0.069498 0.815500
v 0.160300 -0.069498 0.815500
v 0.160300 0.004981 0.884321
v 0.160300 -0.004483 0.884355
v 0.160300 0.014353 0.883002
v 0.160300 -0.013863 0.883103
v 0.160300 0.023458 0.880421
v 0.160300 -0.022987 0.880588
v 0.160300 0.032129 0.876628
v 0.160300 -0.031685 0.876857
v 0.160300 0.040204 0.871692
v 0.160300 -0.039795 0.871979
v 0.160300 0.047533 0.865704
v 0.160300 -0.047167 0.866045
v 0.160300 0.053981 0.858776
v 0.160300 -0.053664 0.859163
v 0.160300 0.059427 0.851037
v 0.160300 -0.059167 0.851463
v 0.160300 0.063772 0.842629
v 0.160300 -0.063572 0.843087
v 0.160300 0.066935 0.833709
v 0.160300 -0.066798 0.834190
v 0.160300 0.068856 0.824442
v 0.160300 -0.068786 0.824937
v 0.160300 -0.069000 0.815500
v 0.160300 -0.069498 0.815500
v 0.160300 -0.069000 0.814500
v 0.160300 -0.069498 0.814500
v 0.160300 0.068856 0.805558
v 0.160300 -0.068786 0.805063
v 0.160300 0.066935 0.796291
v 0.160300 -0.066798 0.795810
v 0.160300 0.063772 0.787371
v 0.160300 -0.063572 0.786913
v 0.160300 0.059427 0.778963
v 0.160300 -0.059167 0.778537
v 0.160300 0.053981 0.771224
v 0.160300 -0.053664 0.770837
v 0.160300 0.047533 0.764296
v 0.160300 -0.047167 0.763955
v 0.160300 0.040204 0.758308
v 0.160300 -0.039795 0.758021
v 0.160300 0.032129 0.753372
v 0.160300 -0.031685 0.753143
v 0.160300 0.023458 0.749579
v 0.160300 -0.022987 0.749412
v 0.160300 0.014353 0.746998
v 0.160300 -0.013863 0.746897
v 0.160300 0.004981 0.745679
v 0.160300 -0.004483 0.745645
v 0.160300 0.069500 0.815000
v 0.155895 -0.069499 0.814707
v 0.156145 -0.069498 0.814525
v 0.155946 -0.069000 0.814646
v 0.156145 -0.069498 0.814525
v 0.156300 -0.069498 0.814500
v 0.155946 -0.069000 0.814646
v 0.156300 -0.069000 0.814500
v 0.156007 -0.069499 0.815405
v 0.155825 -0.069500 0.815155
v 0.155946 -0.069000 0.815354
v 0.155825 -0.069500 0.815155
v 0.155800 -0.069500 0.815000
v 0.155946 -0.069000 0.815354
v 0.155800 -0.069000 0.815000
v 0.155800 -0.069500 0.815000
v 0.155895 -0.069499 0.814707
v 0.155800 -0.069000 0.815000
v 0.155946 -0.069000 0.814646
v 0.156007 -0.069499 0.815405
v 0.155946 -0.069000 0.815354
v 0.156300 -0.069498 0.815500
v 0.156300 -0.069000 0.815500
v 0.105613 0.002498 0.887000
v 0.105614 -0.002501 0.887000
v 0.106589 0.004820 0.887000
v 0.106590 -0.004822 0.887000
v 0.108132 0.006803 0.887000
v 0.108133 -0.006804 0.887000
v 0.110137 0.008322 0.887000
v 0.110139 -0.008323 0.887000
v 0.112479 0.009279 0.887000
v 0.112481 -0.009280 0.887000
v 0.115000 0.009607 0.887000
v 0.115000 -0.009607 0.887000
v 0.116265 0.009526 0.887000
v 0.117520 -0.009280 0.887000
v 0.118710 0.008882 0.887000
v 0.119862 -0.008322 0.887000
v 0.120903 0.007637 0.887000
v 0.121871 -0.006801 0.887000
v 0.122697 0.005872 0.887000
v 0.123415 -0.004814 0.887000
v 0.124232 0.003012 0.887000
v 0.124389 -0.002491 0.887000
v 0.124720 0.000008 0.887000
v 0.105280 -0.000001 0.887000
v 0.156300 -0.069000 0.814500
v 0.156300 -0.069498 0.814500
v 0.160300 -0.069000 0.814500
v 0.160300 -0.069498 0.814500
v 0.160300 -0.069000 0.815500
v 0.156300 -0.069000 0.815500
v 0.155946 -0.069000 0.815354
v 0.155800 -0.069000 0.815000
v 0.155946 -0.069000 0.814646
v 0.156300 -0.069000 0.814500
v 0.160300 -0.069000 0.814500
v 0.035000 -0.040000 0.868457
v 0.038400 -0.040000 0.870500
v 0.037945 -0.038300 0.870500
v 0.036700 -0.037056 0.870500
v 0.035000 -0.040000 0.868457
v 0.035000 -0.036600 0.870500
v 0.033300 -0.037056 0.870500
v 0.035000 -0.040000 0.868457
v 0.032056 -0.038300 0.870500
v 0.031600 -0.040000 0.870500
v 0.035000 -0.040000 0.868457
v 0.031600 -0.040000 0.870500
v 0.032056 -0.041700 0.870500
v 0.033300 -0.042945 0.870500
v 0.035000 -0.040000 0.868457
v 0.035000 -0.043400 0.870500
v 0.036700 -0.042945 0.870500
v 0.035000 -0.040000 0.868457
v 0.037945 -0.041700 0.870500
v 0.038400 -0.040000 0.870500
v 0.035000 0.040000 0.868457
v 0.038400 0.040000 0.870500
v 0.037945 0.041700 0.870500
v 0.036700 0.042945 0.870500
v 0.035000 0.040000 0.868457
v 0.035000 0.043400 0.870500
v 0.033300 0.042945 0.870500
v 0.035000 0.040000 0.868457
v 0.032056 0.041700 0.870500
v 0.031600 0.040000 0.870500
v 0.035000 0.040000 0.868457
v 0.031600 0.040000 0.870500
v 0.032056 0.038300 0.870500
v 0.033300 0.037056 0.870500
v 0.035000 0.040000 0.868457
v 0.035000 0.036600 0.870500
v 0.036700 0.037056 0.870500
v 0.035000 0.040000 0.868457
v 0.037945 0.038300 0.870500
v 0.038400 0.040000 0.870500
v 0.090000 0.040000 0.868457
v 0.093400 0.040000 0.870500
v 0.092945 0.041700 0.870500
v 0.091700 0.042945 0.870500
v 0.090000 0.040000 0.868457
v 0.090000 0.043400 0.870500
v 0.088300 0.042945 0.870500
v 0.090000 0.040000 0.868457
v 0.087055 0.041700 0.870500
v 0.086600 0.040000 0.870500
v 0.090000 0.040000 0.868457
v 0.086600 0.040000 0.870500
v 0.087055 0.038300 0.870500
v 0.088300 0.037056 0.870500
v 0.090000 0.040000 0.868457
v 0.090000 0.036600 0.870500
v 0.091700 0.037056 0.870500
v 0.090000 0.040000 0.868457
v 0.092945 0.038300 0.870500
v 0.093400 0.040000 0.870500
v 0.090000 -0.040000 0.868457
v 0.093400 -0.040000 0.870500
v 0.092945 -0.038300 0.870500
v 0.091700 -0.037056 0.870500
v 0.090000 -0.040000 0.868457
v 0.090000 -0.036600 0.870500
v 0.088300 -0.037056 0.870500
v 0.090000 -0.040000 0.868457
v 0.087055 -0.038300 0.870500
v 0.086600 -0.040000 0.870500
v 0.090000 -0.040000 0.868457
v 0.086600 -0.040000 0.870500
v 0.087055 -0.041700 0.870500
v 0.088300 -0.042945 0.870500
v 0.090000 -0.040000 0.868457
v 0.090000 -0.043400 0.870500
v 0.091700 -0.042945 0.870500
v 0.090000 -0.040000 0.868457
v 0.092945 -0.041700 0.870500
v 0.093400 -0.040000 0.870500
v 0.140000 0.067500 0.815000
v 0.139866 0.067500 0.815000
v 0.140000 0.067436 0.817944
v 0.139866 0.067500 0.815000
v 0.139866 0.066923 0.823811
v 0.140000 0.067436 0.817944
v 0.140000 0.067243 0.820883
v 0.139866 0.065200 0.832470
v 0.140000 0.066475 0.826721
v 0.140000 0.066475 0.826721
v 0.140000 0.066923 0.823811
v 0.139866 0.066923 0.823811
v 0.140000 0.067243 0.820883
v 0.139866 0.062362 0.840831
v 0.140000 0.064376 0.835298
v 0.140000 0.064376 0.835298
v 0.140000 0.065200 0.832470
v 0.139866 0.065200 0.832470
v 0.140000 0.065900 0.829610
v 0.139866 0.058457 0.848750
v 0.140000 0.061176 0.843527
v 0.140000 0.061176 0.843527
v 0.140000 0.062362 0.840831
v 0.139866 0.062362 0.840831
v 0.140000 0.063429 0.838086
v 0.139866 0.053551 0.856091
v 0.140000 0.056929 0.851268
v 0.140000 0.056929 0.851268
v 0.140000 0.058457 0.848750
v 0.139866 0.058457 0.848750
v 0.140000 0.059873 0.846168
v 0.139866 0.047730 0.862730
v 0.140000 0.051708 0.858388
v 0.140000 0.051708 0.858388
v 0.140000 0.053551 0.856091
v 0.139866 0.053551 0.856091
v 0.140000 0.055293 0.853716
v 0.139866 0.041091 0.868551
v 0.140000 0.045602 0.864766
v 0.140000 0.045602 0.864766
v 0.140000 0.047730 0.862730
v 0.139866 0.047730 0.862730
v 0.140000 0.049766 0.860602
v 0.139866 0.033750 0.873457
v 0.140000 0.038716 0.870293
v 0.140000 0.038716 0.870293
v 0.140000 0.041091 0.868551
v 0.139866 0.041091 0.868551
v 0.140000 0.043388 0.866708
v 0.139866 0.025831 0.877362
v 0.140000 0.031168 0.874873
v 0.140000 0.031168 0.874873
v 0.140000 0.033750 0.873457
v 0.139866 0.033750 0.873457
v 0.140000 0.036268 0.871929
v 0.139866 0.017470 0.880200
v 0.140000 0.023086 0.878429
v 0.140000 0.023086 0.878429
v 0.140000 0.025831 0.877362
v 0.139866 0.025831 0.877362
v 0.140000 0.028527 0.876176
v 0.139866 0.008811 0.881923
v 0.140000 0.014610 0.880900
v 0.140000 0.014610 0.880900
v 0.140000 0.017470 0.880200
v 0.139866 0.017470 0.880200
v 0.140000 0.020298 0.879376
v 0.139866 0.000000 0.882500
v 0.140000 0.000000 0.882500
v 0.140000 0.002944 0.882436
v 0.139866 0.000000 0.882500
v 0.140000 0.002944 0.882436
v 0.140000 0.005883 0.882243
v 0.140000 0.008811 0.881923
v 0.140000 0.008811 0.881923
v 0.139866 0.008811 0.881923
v 0.139866 0.067500 0.814847
v 0.140000 0.067436 0.812056
v 0.139866 0.067500 0.814847
v 0.140000 0.067436 0.812056
v 0.140000 0.067243 0.809117
v 0.140000 0.066923 0.806189
v 0.140000 0.066923 0.806189
v 0.139866 0.066904 0.806050
v 0.139866 0.008798 0.748076
v 0.140000 0.008811 0.748077
v 0.140000 0.005883 0.747757
v 0.139866 0.008798 0.748076
v 0.140000 0.005883 0.747757
v 0.140000 0.002944 0.747564
v 0.140000 0.000000 0.747500
v 0.140000 0.000000 0.747500
v 0.139866 0.000000 0.747500
v 0.139866 0.017446 0.749793
v 0.140000 0.017470 0.749800
v 0.140000 0.014610 0.749100
v 0.139866 0.017446 0.749793
v 0.140000 0.014610 0.749100
v 0.140000 0.011721 0.748525
v 0.140000 0.008811 0.748077
v 0.139866 0.025796 0.752623
v 0.140000 0.025831 0.752638
v 0.140000 0.023086 0.751571
v 0.139866 0.025796 0.752623
v 0.140000 0.023086 0.751571
v 0.140000 0.020298 0.750624
v 0.140000 0.017470 0.749800
v 0.139866 0.033706 0.756518
v 0.140000 0.033750 0.756543
v 0.140000 0.031168 0.755127
v 0.139866 0.033706 0.756518
v 0.140000 0.031168 0.755127
v 0.140000 0.028527 0.753824
v 0.140000 0.025831 0.752638
v 0.139866 0.041041 0.761410
v 0.140000 0.041091 0.761449
v 0.140000 0.038716 0.759707
v 0.139866 0.041041 0.761410
v 0.140000 0.038716 0.759707
v 0.140000 0.036268 0.758071
v 0.140000 0.033750 0.756543
v 0.139866 0.047676 0.767216
v 0.140000 0.047730 0.767270
v 0.140000 0.045602 0.765234
v 0.139866 0.047676 0.767216
v 0.140000 0.045602 0.765234
v 0.140000 0.043388 0.763292
v 0.140000 0.041091 0.761449
v 0.139866 0.053497 0.773838
v 0.140000 0.053551 0.773909
v 0.140000 0.051708 0.771612
v 0.139866 0.053497 0.773838
v 0.140000 0.051708 0.771612
v 0.140000 0.049766 0.769398
v 0.140000 0.047730 0.767270
v 0.139866 0.058406 0.781162
v 0.140000 0.058457 0.781250
v 0.140000 0.056929 0.778732
v 0.139866 0.058406 0.781162
v 0.140000 0.056929 0.778732
v 0.140000 0.055293 0.776284
v 0.140000 0.053551 0.773909
v 0.139866 0.062318 0.789063
v 0.140000 0.062362 0.789169
v 0.140000 0.061176 0.786473
v 0.139866 0.062318 0.789063
v 0.140000 0.061176 0.786473
v 0.140000 0.059873 0.783832
v 0.140000 0.058457 0.781250
v 0.139866 0.065167 0.797406
v 0.140000 0.065200 0.797530
v 0.140000 0.064376 0.794702
v 0.139866 0.065167 0.797406
v 0.140000 0.064376 0.794702
v 0.140000 0.063429 0.791914
v 0.140000 0.062362 0.789169
v 0.140000 0.066475 0.803279
v 0.139866 0.066904 0.806050
v 0.140000 0.066475 0.803279
v 0.140000 0.065900 0.800390
v 0.140000 0.065200 0.797530
v 0.140000 0.065900 0.829610
v 0.140000 0.063429 0.838086
v 0.140000 0.059873 0.846168
v 0.140000 0.055293 0.853716
v 0.140000 0.049766 0.860602
v 0.140000 0.043388 0.866708
v 0.140000 0.036268 0.871929
v 0.140000 0.028527 0.876176
v 0.140000 0.020298 0.879376
v 0.140000 0.011721 0.881475
v 0.140000 0.011721 0.881475
v 0.140000 -0.067500 0.815000
v 0.139866 -0.067500 0.815000
v 0.140000 -0.067436 0.812056
v 0.139866 -0.067500 0.815000
v 0.139866 -0.066923 0.806189
v 0.140000 -0.067436 0.812056
v 0.140000 -0.067243 0.809117
v 0.139866 -0.065200 0.797530
v 0.140000 -0.066475 0.803279
v 0.140000 -0.066475 0.803279
v 0.140000 -0.066923 0.806189
v 0.139866 -0.066923 0.806189
v 0.140000 -0.067243 0.809117
v 0.139866 -0.062362 0.789169
v 0.140000 -0.064376 0.794702
v 0.140000 -0.064376 0.794702
v 0.140000 -0.065200 0.797530
v 0.139866 -0.065200 0.797530
v 0.140000 -0.065900 0.800390
v 0.139866 -0.058457 0.781250
v 0.140000 -0.061176 0.786473
v 0.140000 -0.061176 0.786473
v 0.140000 -0.062362 0.789169
v 0.139866 -0.062362 0.789169
v 0.140000 -0.063429 0.791914
v 0.139866 -0.053551 0.773909
v 0.140000 -0.056929 0.778732
v 0.140000 -0.056929 0.778732
v 0.140000 -0.058457 0.781250
v 0.139866 -0.058457 0.781250
v 0.140000 -0.059873 0.783832
v 0.139866 -0.047730 0.767270
v 0.140000 -0.051708 0.771612
v 0.140000 -0.051708 0.771612
v 0.140000 -0.053551 0.773909
v 0.139866 -0.053551 0.773909
v 0.140000 -0.055293 0.776284
v 0.139866 -0.041091 0.761449
v 0.140000 -0.045602 0.765234
v 0.140000 -0.045602 0.765234
v 0.140000 -0.047730 0.767270
v 0.139866 -0.047730 0.767270
v 0.140000 -0.049766 0.769398
v 0.139866 -0.033750 0.756543
v 0.140000 -0.038716 0.759707
v 0.140000 -0.038716 0.759707
v 0.140000 -0.041091 0.761449
v 0.139866 -0.041091 0.761449
v 0.140000 -0.043388 0.763292
v 0.139866 -0.025831 0.752638
v 0.140000 -0.031168 0.755127
v 0.140000 -0.031168 0.755127
v 0.140000 -0.033750 0.756543
v 0.139866 -0.033750 0.756543
v 0.140000 -0.036268 0.758071
v 0.139866 -0.017470 0.749800
v 0.140000 -0.023086 0.751571
v 0.140000 -0.023086 0.751571
v 0.140000 -0.025831 0.752638
v 0.139866 -0.025831 0.752638
v 0.140000 -0.028527 0.753824
v 0.139866 -0.008811 0.748077
v 0.140000 -0.014610 0.749100
v 0.140000 -0.014610 0.749100
v 0.140000 -0.017470 0.749800
v 0.139866 -0.017470 0.749800
v 0.140000 -0.020298 0.750624
v 0.139866 0.000000 0.747500
v 0.140000 0.000000 0.747500
v 0.140000 -0.002944 0.747564
v 0.139866 0.000000 0.747500
v 0.140000 -0.002944 0.747564
v 0.140000 -0.005883 0.747757
v 0.140000 -0.008811 0.748077
v 0.140000 -0.008811 0.748077
v 0.139866 -0.008811 0.748077
v 0.139866 -0.067500 0.815153
v 0.140000 -0.067436 0.817944
v 0.139866 -0.067500 0.815153
v 0.140000 -0.067436 0.817944
v 0.140000 -0.067243 0.820883
v 0.140000 -0.066923 0.823811
v 0.140000 -0.066923 0.823811
v 0.139866 -0.066904 0.823950
v 0.139866 -0.008798 0.881924
v 0.140000 -0.008811 0.881923
v 0.140000 -0.005883 0.882243
v 0.139866 -0.008798 0.881924
v 0.140000 -0.005883 0.882243
v 0.140000 -0.002944 0.882436
v 0.140000 0.000000 0.882500
v 0.140000 0.000000 0.882500
v 0.139866 0.000000 0.882500
v 0.139866 -0.017446 0.880207
v 0.140000 -0.017470 0.880200
v 0.140000 -0.014610 0.880900
v 0.139866 -0.017446 0.880207
v 0.140000 -0.014610 0.880900
v 0.140000 -0.011721 0.881475
v 0.140000 -0.008811 0.881923
v 0.139866 -0.025796 0.877377
v 0.140000 -0.025831 0.877362
v 0.140000 -0.023086 0.878429
v 0.139866 -0.025796 0.877377
v 0.140000 -0.023086 0.878429
v 0.140000 -0.020298 0.879376
v 0.140000 -0.017470 0.880200
v 0.139866 -0.033706 0.873482
v 0.140000 -0.033750 0.873457
v 0.140000 -0.031168 0.874873
v 0.139866 -0.033706 0.873482
v 0.140000 -0.031168 0.874873
v 0.140000 -0.028527 0.876176
v 0.140000 -0.025831 0.877362
v 0.139866 -0.041041 0.868590
v 0.140000 -0.041091 0.868551
v 0.140000 -0.038716 0.870293
v 0.139866 -0.041041 0.868590
v 0.140000 -0.038716 0.870293
v 0.140000 -0.036268 0.871929
v 0.140000 -0.033750 0.873457
v 0.139866 -0.047676 0.862784
v 0.140000 -0.047730 0.862730
v 0.140000 -0.045602 0.864766
v 0.139866 -0.047676 0.862784
v 0.140000 -0.045602 0.864766
v 0.140000 -0.043388 0.866708
v 0.140000 -0.041091 0.868551
v 0.139866 -0.053497 0.856162
v 0.140000 -0.053551 0.856091
v 0.140000 -0.051708 0.858388
v 0.139866 -0.053497 0.856162
v 0.140000 -0.051708 0.858388
v 0.140000 -0.049766 0.860602
v 0.140000 -0.047730 0.862730
v 0.139866 -0.058406 0.848838
v 0.140000 -0.058457 0.848750
v 0.140000 -0.056929 0.851268
v 0.139866 -0.058406 0.848838
v 0.140000 -0.056929 0.851268
v 0.140000 -0.055293 0.853716
v 0.140000 -0.053551 0.856091
v 0.139866 -0.062318 0.840937
v 0.140000 -0.062362 0.840831
v 0.140000 -0.061176 0.843527
v 0.139866 -0.062318 0.840937
v 0.140000 -0.061176 0.843527
v 0.140000 -0.059873 0.846168
v 0.140000 -0.058457 0.848750
v 0.139866 -0.065167 0.832594
v 0.140000 -0.065200 0.832470
v 0.140000 -0.064376 0.835298
v 0.139866 -0.065167 0.832594
v 0.140000 -0.064376 0.835298
v 0.140000 -0.063429 0.838086
v 0.140000 -0.062362 0.840831
v 0.140000 -0.066475 0.826721
v 0.139866 -0.066904 0.823950
v 0.140000 -0.066475 0.826721
v 0.140000 -0.065900 0.829610
v 0.140000 -0.065200 0.832470
v 0.140000 -0.065900 0.800390
v 0.140000 -0.063429 0.791914
v 0.140000 -0.059873 0.783832
v 0.140000 -0.055293 0.776284
v 0.140000 -0.049766 0.769398
v 0.140000 -0.043388 0.763292
v 0.140000 -0.036268 0.758071
v 0.140000 -0.028527 0.753824
v 0.140000 -0.020298 0.750624
v 0.140000 -0.011721 0.748525
v 0.140000 -0.011721 0.748525
v 0.139866 -0.067500 0.815000
v 0.140000 -0.067518 0.815000
v 0.139866 -0.066923 0.806189
v 0.140000 -0.067518 0.815000
v 0.140000 -0.067454 0.812055
v 0.139866 -0.066923 0.806189
v 0.140000 -0.067261 0.809115
v 0.140000 -0.066493 0.803276
v 0.139866 -0.065200 0.797530
v 0.140000 -0.065918 0.800386
v 0.139866 -0.065200 0.797530
v 0.140000 -0.065918 0.800386
v 0.140000 -0.065218 0.797525
v 0.140000 -0.063446 0.791907
v 0.139866 -0.062362 0.789169
v 0.140000 -0.063446 0.791907
v 0.140000 -0.062379 0.789162
v 0.139866 -0.062362 0.789169
v 0.139866 -0.058457 0.781250
v 0.140000 -0.058473 0.781241
v 0.139866 -0.053551 0.773909
v 0.140000 -0.058473 0.781241
v 0.140000 -0.056944 0.778722
v 0.139866 -0.053551 0.773909
v 0.140000 -0.055308 0.776273
v 0.140000 -0.049780 0.769385
v 0.139866 -0.047730 0.767270
v 0.140000 -0.051722 0.771600
v 0.140000 -0.051722 0.771600
v 0.140000 -0.053566 0.773897
v 0.139866 -0.033750 0.756543
v 0.140000 -0.031177 0.755111
v 0.139866 -0.025831 0.752638
v 0.140000 -0.028535 0.753808
v 0.139866 -0.025831 0.752638
v 0.140000 -0.028535 0.753808
v 0.140000 -0.025838 0.752621
v 0.140000 -0.020303 0.750607
v 0.139866 -0.017470 0.749800
v 0.140000 -0.020303 0.750607
v 0.140000 -0.017475 0.749782
v 0.139866 -0.017470 0.749800
v 0.139866 -0.008811 0.748077
v 0.139866 0.017446 0.749793
v 0.140000 0.017475 0.749782
v 0.139866 0.025796 0.752623
v 0.140000 0.017475 0.749782
v 0.140000 0.020303 0.750607
v 0.139866 0.025796 0.752623
v 0.140000 0.023093 0.751554
v 0.140000 0.028535 0.753808
v 0.139866 0.033706 0.756518
v 0.140000 0.031177 0.755111
v 0.139866 0.033706 0.756518
v 0.140000 0.031177 0.755111
v 0.140000 0.033759 0.756527
v 0.140000 0.038727 0.759692
v 0.139866 0.041041 0.761410
v 0.140000 0.038727 0.759692
v 0.140000 0.041103 0.761434
v 0.139866 0.041041 0.761410
v 0.139866 0.047676 0.767216
v 0.140000 0.041103 0.761434
v 0.140000 0.043400 0.763278
v 0.139866 0.047676 0.767216
v 0.140000 0.045615 0.765220
v 0.140000 0.049780 0.769385
v 0.139866 0.053497 0.773838
v 0.140000 0.051722 0.771600
v 0.139866 0.053497 0.773838
v 0.140000 0.051722 0.771600
v 0.140000 0.053566 0.773897
v 0.140000 0.056944 0.778722
v 0.139866 0.058406 0.781162
v 0.140000 0.056944 0.778722
v 0.140000 0.058473 0.781241
v 0.139866 0.058406 0.781162
v 0.139866 0.062318 0.789063
v 0.140000 0.058473 0.781241
v 0.140000 0.059890 0.783824
v 0.139866 0.062318 0.789063
v 0.140000 0.061192 0.786466
v 0.140000 0.062379 0.789162
v 0.139866 0.065167 0.797406
v 0.140000 0.062379 0.789162
v 0.140000 0.063446 0.791907
v 0.139866 0.065167 0.797406
v 0.140000 0.064393 0.794697
v 0.140000 0.065918 0.800386
v 0.139866 0.066904 0.806050
v 0.140000 0.066493 0.803276
v 0.139866 0.066904 0.806050
v 0.140000 0.066493 0.803276
v 0.139866 0.067500 0.814847
v 0.139866 0.000000 0.747500
v 0.140000 -0.008813 0.748059
v 0.139866 0.000000 0.747500
v 0.140000 -0.008813 0.748059
v 0.140000 -0.005885 0.747739
v 0.140000 -0.002945 0.747546
v 0.140000 -0.002945 0.747546
v 0.140000 0.000000 0.747482
v 0.140000 0.002945 0.747546
v 0.140000 0.002945 0.747546
v 0.140000 0.005885 0.747739
v 0.140000 0.008813 0.748059
v 0.140000 0.008813 0.748059
v 0.139866 0.008798 0.748076
v 0.139866 -0.041091 0.761449
v 0.139866 -0.047730 0.767270
v 0.140000 -0.049780 0.769385
v 0.139866 -0.041091 0.761449
v 0.140000 -0.049780 0.769385
v 0.140000 -0.047743 0.767257
v 0.139866 -0.041091 0.761449
v 0.140000 -0.045615 0.765220
v 0.140000 -0.043400 0.763278
v 0.139866 -0.041091 0.761449
v 0.140000 -0.043400 0.763278
v 0.140000 -0.041103 0.761434
v 0.140000 -0.038727 0.759692
v 0.140000 -0.038727 0.759692
v 0.139866 0.067500 0.815000
v 0.139866 0.067500 0.815000
v 0.140000 0.066493 0.803276
v 0.140000 0.066941 0.806187
v 0.139866 0.067500 0.815000
v 0.140000 0.067261 0.809115
v 0.140000 0.067454 0.812055
v 0.139866 0.067500 0.815000
v 0.140000 0.067454 0.812055
v 0.140000 0.067518 0.815000
v 0.140000 -0.066493 0.803276
v 0.140000 -0.066941 0.806187
v 0.140000 -0.067261 0.809115
v 0.140000 -0.064393 0.794697
v 0.140000 -0.064393 0.794697
v 0.140000 -0.059890 0.783824
v 0.140000 -0.061192 0.786466
v 0.140000 -0.059890 0.783824
v 0.139866 -0.058457 0.781250
v 0.140000 -0.062379 0.789162
v 0.140000 -0.055308 0.776273
v 0.140000 -0.031177 0.755111
v 0.139866 -0.033750 0.756543
v 0.140000 -0.033759 0.756527
v 0.140000 -0.036278 0.758056
v 0.140000 -0.036278 0.758056
v 0.140000 -0.023093 0.751554
v 0.140000 -0.023093 0.751554
v 0.140000 -0.011724 0.748507
v 0.140000 -0.014614 0.749082
v 0.140000 -0.011724 0.748507
v 0.139866 -0.008811 0.748077
v 0.140000 -0.017475 0.749782
v 0.140000 0.014614 0.749082
v 0.140000 0.011724 0.748507
v 0.140000 0.014614 0.749082
v 0.139866 0.017446 0.749793
v 0.140000 0.025838 0.752621
v 0.140000 0.028535 0.753808
v 0.140000 0.023093 0.751554
v 0.140000 0.036278 0.758056
v 0.140000 0.036278 0.758056
v 0.140000 0.047743 0.767257
v 0.140000 0.049780 0.769385
v 0.140000 0.045615 0.765220
v 0.140000 0.055308 0.776273
v 0.140000 0.055308 0.776273
v 0.140000 0.061192 0.786466
v 0.140000 0.065218 0.797525
v 0.140000 0.065918 0.800386
v 0.140000 0.064393 0.794697
v 0.139866 0.067500 0.815000
v 0.140000 0.067518 0.815000
v 0.139866 0.066923 0.823811
v 0.140000 0.067518 0.815000
v 0.140000 0.067454 0.817945
v 0.139866 0.066923 0.823811
v 0.140000 0.067261 0.820885
v 0.140000 0.066493 0.826724
v 0.139866 0.065200 0.832470
v 0.140000 0.065918 0.829614
v 0.139866 0.065200 0.832470
v 0.140000 0.065918 0.829614
v 0.140000 0.065218 0.832475
v 0.140000 0.063446 0.838093
v 0.139866 0.062362 0.840831
v 0.140000 0.063446 0.838093
v 0.140000 0.062379 0.840838
v 0.139866 0.062362 0.840831
v 0.139866 0.058457 0.848750
v 0.140000 0.058473 0.848759
v 0.139866 0.053551 0.856091
v 0.140000 0.058473 0.848759
v 0.140000 0.056944 0.851278
v 0.139866 0.053551 0.856091
v 0.140000 0.055308 0.853727
v 0.140000 0.049780 0.860615
v 0.139866 0.047730 0.862730
v 0.140000 0.051722 0.858400
v 0.140000 0.051722 0.858400
v 0.140000 0.053566 0.856103
v 0.139866 0.033750 0.873457
v 0.140000 0.031177 0.874889
v 0.139866 0.025831 0.877362
v 0.140000 0.028535 0.876192
v 0.139866 0.025831 0.877362
v 0.140000 0.028535 0.876192
v 0.140000 0.025838 0.877379
v 0.140000 0.020303 0.879393
v 0.139866 0.017470 0.880200
v 0.140000 0.020303 0.879393
v 0.140000 0.017475 0.880218
v 0.139866 0.017470 0.880200
v 0.139866 0.008811 0.881923
v 0.139866 -0.017446 0.880207
v 0.140000 -0.017475 0.880218
v 0.139866 -0.025796 0.877377
v 0.140000 -0.017475 0.880218
v 0.140000 -0.020303 0.879393
v 0.139866 -0.025796 0.877377
v 0.140000 -0.023093 0.878446
v 0.140000 -0.028535 0.876192
v 0.139866 -0.033706 0.873482
v 0.140000 -0.031177 0.874889
v 0.139866 -0.033706 0.873482
v 0.140000 -0.031177 0.874889
v 0.140000 -0.033759 0.873473
v 0.140000 -0.038727 0.870308
v 0.139866 -0.041041 0.868590
v 0.140000 -0.038727 0.870308
v 0.140000 -0.041103 0.868566
v 0.139866 -0.041041 0.868590
v 0.139866 -0.047676 0.862784
v 0.140000 -0.041103 0.868566
v 0.140000 -0.043400 0.866722
v 0.139866 -0.047676 0.862784
v 0.140000 -0.045615 0.864780
v 0.140000 -0.049780 0.860615
v 0.139866 -0.053497 0.856162
v 0.140000 -0.051722 0.858400
v 0.139866 -0.053497 0.856162
v 0.140000 -0.051722 0.858400
v 0.140000 -0.053566 0.856103
v 0.140000 -0.056944 0.851278
v 0.139866 -0.058406 0.848838
v 0.140000 -0.056944 0.851278
v 0.140000 -0.058473 0.848759
v 0.139866 -0.058406 0.848838
v 0.139866 -0.062318 0.840937
v 0.140000 -0.058473 0.848759
v 0.140000 -0.059890 0.846176
v 0.139866 -0.062318 0.840937
v 0.140000 -0.061192 0.843534
v 0.140000 -0.062379 0.840838
v 0.139866 -0.065167 0.832594
v 0.140000 -0.062379 0.840838
v 0.140000 -0.063446 0.838093
v 0.139866 -0.065167 0.832594
v 0.140000 -0.064393 0.835303
v 0.140000 -0.065918 0.829614
v 0.139866 -0.066904 0.823950
v 0.140000 -0.066493 0.826724
v 0.139866 -0.066904 0.823950
v 0.140000 -0.066493 0.826724
v 0.139866 -0.067500 0.815153
v 0.139866 0.000000 0.882500
v 0.140000 0.008813 0.881941
v 0.139866 0.000000 0.882500
v 0.140000 0.008813 0.881941
v 0.140000 0.005885 0.882261
v 0.140000 0.002945 0.882454
v 0.140000 0.002945 0.882454
v 0.140000 -0.000000 0.882518
v 0.140000 -0.002945 0.882454
v 0.140000 -0.002945 0.882454
v 0.140000 -0.005885 0.882261
v 0.140000 -0.008813 0.881941
v 0.140000 -0.008813 0.881941
v 0.139866 -0.008798 0.881924
v 0.139866 0.041091 0.868551
v 0.139866 0.047730 0.862730
v 0.140000 0.049780 0.860615
v 0.139866 0.041091 0.868551
v 0.140000 0.049780 0.860615
v 0.140000 0.047743 0.862743
v 0.139866 0.041091 0.868551
v 0.140000 0.045615 0.864780
v 0.140000 0.043400 0.866722
v 0.139866 0.041091 0.868551
v 0.140000 0.043400 0.866722
v 0.140000 0.041103 0.868566
v 0.140000 0.038727 0.870308
v 0.140000 0.038727 0.870308
v 0.139866 -0.067500 0.815000
v 0.139866 -0.067500 0.815000
v 0.140000 -0.066493 0.826724
v 0.140000 -0.066941 0.823813
v 0.139866 -0.067500 0.815000
v 0.140000 -0.067261 0.820885
v 0.140000 -0.067454 0.817945
v 0.139866 -0.067500 0.815000
v 0.140000 -0.067454 0.817945
v 0.140000 -0.067518 0.815000
v 0.140000 0.066493 0.826724
v 0.140000 0.066941 0.823813
v 0.140000 0.067261 0.820885
v 0.140000 0.064393 0.835303
v 0.140000 0.064393 0.835303
v 0.140000 0.059890 0.846176
v 0.140000 0.061192 0.843534
v 0.140000 0.059890 0.846176
v 0.139866 0.058457 0.848750
v 0.140000 0.062379 0.840838
v 0.140000 0.055308 0.853727
v 0.140000 0.031177 0.874889
v 0.139866 0.033750 0.873457
v 0.140000 0.033759 0.873473
v 0.140000 0.036278 0.871944
v 0.140000 0.036278 0.871944
v 0.140000 0.023093 0.878446
v 0.140000 0.023093 0.878446
v 0.140000 0.011724 0.881493
v 0.140000 0.014614 0.880918
v 0.140000 0.011724 0.881493
v 0.139866 0.008811 0.881923
v 0.140000 0.017475 0.880218
v 0.140000 -0.014614 0.880918
v 0.140000 -0.011724 0.881493
v 0.140000 -0.014614 0.880918
v 0.139866 -0.017446 0.880207
v 0.140000 -0.025838 0.877379
v 0.140000 -0.028535 0.876192
v 0.140000 -0.023093 0.878446
v 0.140000 -0.036278 0.871944
v 0.140000 -0.036278 0.871944
v 0.140000 -0.047743 0.862743
v 0.140000 -0.049780 0.860615
v 0.140000 -0.045615 0.864780
v 0.140000 -0.055308 0.853727
v 0.140000 -0.055308 0.853727
v 0.140000 -0.061192 0.843534
v 0.140000 -0.065218 0.832475
v 0.140000 -0.065918 0.829614
v 0.140000 -0.064393 0.835303
v 0.140000 0.000000 0.747500
v 0.140000 -0.002945 0.747546
v 0.140000 -0.002944 0.747564
v 0.140000 -0.005885 0.747739
v 0.140000 -0.005883 0.747757
v 0.140000 -0.008813 0.748059
v 0.140000 -0.008811 0.748077
v 0.140000 -0.011724 0.748507
v 0.140000 -0.011721 0.748525
v 0.140000 -0.014614 0.749082
v 0.140000 -0.014610 0.749100
v 0.140000 -0.017475 0.749782
v 0.140000 -0.017470 0.749800
v 0.140000 -0.020303 0.750607
v 0.140000 -0.020298 0.750624
v 0.140000 -0.023093 0.751554
v 0.140000 -0.023086 0.751571
v 0.140000 -0.025838 0.752621
v 0.140000 -0.025831 0.752638
v 0.140000 -0.028535 0.753808
v 0.140000 -0.028527 0.753824
v 0.140000 -0.031177 0.755111
v 0.140000 -0.031168 0.755127
v 0.140000 -0.033759 0.756527
v 0.140000 -0.033750 0.756543
v 0.140000 -0.036278 0.758056
v 0.140000 -0.036268 0.758071
v 0.140000 -0.038727 0.759692
v 0.140000 -0.038716 0.759707
v 0.140000 -0.041103 0.761434
v 0.140000 -0.041091 0.761449
v 0.140000 -0.043400 0.763278
v 0.140000 -0.043388 0.763292
v 0.140000 -0.045615 0.765220
v 0.140000 -0.045602 0.765234
v 0.140000 -0.047743 0.767257
v 0.140000 -0.047730 0.767270
v 0.140000 -0.049780 0.769385
v 0.140000 -0.049766 0.769398
v 0.140000 -0.051722 0.771600
v 0.140000 -0.051708 0.771612
v 0.140000 -0.053566 0.773897
v 0.140000 -0.053551 0.773909
v 0.140000 -0.055308 0.776273
v 0.140000 -0.055293 0.776284
v 0.140000 -0.056944 0.778722
v 0.140000 -0.056929 0.778732
v 0.140000 -0.058473 0.781241
v 0.140000 -0.058457 0.781250
v 0.140000 -0.059890 0.783824
v 0.140000 -0.059873 0.783832
v 0.140000 -0.061192 0.786466
v 0.140000 -0.061176 0.786473
v 0.140000 -0.062379 0.789162
v 0.140000 -0.062362 0.789169
v 0.140000 -0.063446 0.791907
v 0.140000 -0.063429 0.791914
v 0.140000 -0.064393 0.794697
v 0.140000 -0.064376 0.794702
v 0.140000 -0.065218 0.797525
v 0.140000 -0.065200 0.797530
v 0.140000 -0.065918 0.800386
v 0.140000 -0.065900 0.800390
v 0.140000 -0.066493 0.803276
v 0.140000 -0.066475 0.803279
v 0.140000 -0.066941 0.806187
v 0.140000 -0.066923 0.806189
v 0.140000 -0.067261 0.809115
v 0.140000 -0.067243 0.809117
v 0.140000 -0.067454 0.812055
v 0.140000 -0.067436 0.812056
v 0.140000 -0.067518 0.815000
v 0.140000 -0.067500 0.815000
v 0.140000 -0.067454 0.817945
v 0.140000 -0.067436 0.817944
v 0.140000 -0.067261 0.820885
v 0.140000 -0.067243 0.820883
v 0.140000 -0.066941 0.823813
v 0.140000 -0.066923 0.823811
v 0.140000 -0.066493 0.826724
v 0.140000 -0.066475 0.826721
v 0.140000 -0.065918 0.829614
v 0.140000 -0.065900 0.829610
v 0.140000 -0.065218 0.832475
v 0.140000 -0.065200 0.832470
v 0.140000 -0.064393 0.835303
v 0.140000 -0.064376 0.835298
v 0.140000 -0.063446 0.838093
v 0.140000 -0.063429 0.838086
v 0.140000 -0.062379 0.840838
v 0.140000 -0.062362 0.840831
v 0.140000 -0.061192 0.843534
v 0.140000 -0.061176 0.843527
v 0.140000 -0.059890 0.846176
v 0.140000 -0.059873 0.846168
v 0.140000 -0.058473 0.848759
v 0.140000 -0.058457 0.848750
v 0.140000 -0.056944 0.851278
v 0.140000 -0.056929 0.851268
v 0.140000 -0.055308 0.853727
v 0.140000 -0.055293 0.853716
v 0.140000 -0.053566 0.856103
v 0.140000 -0.053551 0.856091
v 0.140000 -0.051722 0.858400
v 0.140000 -0.051708 0.858388
v 0.140000 -0.049780 0.860615
v 0.140000 -0.049766 0.860602
v 0.140000 -0.047743 0.862743
v 0.140000 -0.047730 0.862730
v 0.140000 -0.045615 0.864780
v 0.140000 -0.045602 0.864766
v 0.140000 -0.043400 0.866722
v 0.140000 -0.043388 0.866708
v 0.140000 -0.041103 0.868566
v 0.140000 -0.041091 0.868551
v 0.140000 -0.038727 0.870308
v 0.140000 -0.038716 0.870293
v 0.140000 -0.036278 0.871944
v 0.140000 -0.036268 0.871929
v 0.140000 -0.033759 0.873473
v 0.140000 -0.033750 0.873457
v 0.140000 -0.031177 0.874889
v 0.140000 -0.031168 0.874873
v 0.140000 -0.028535 0.876192
v 0.140000 -0.028527 0.876176
v 0.140000 -0.025838 0.877379
v 0.140000 -0.025831 0.877362
v 0.140000 -0.023093 0.878446
v 0.140000 -0.023086 0.878429
v 0.140000 -0.020303 0.879393
v 0.140000 -0.020298 0.879376
v 0.140000 -0.017475 0.880218
v 0.140000 -0.017470 0.880200
v 0.140000 -0.014614 0.880918
v 0.140000 -0.014610 0.880900
v 0.140000 -0.011724 0.881493
v 0.140000 -0.011721 0.881475
v 0.140000 -0.008813 0.881941
v 0.140000 -0.008811 0.881923
v 0.140000 -0.005885 0.882261
v 0.140000 -0.005883 0.882243
v 0.140000 -0.002945 0.882454
v 0.140000 -0.002944 0.882436
v 0.140000 -0.000000 0.882518
v 0.140000 0.000000 0.882500
v 0.140000 0.000000 0.747482
v 0.140000 0.002944 0.747564
v 0.140000 0.002945 0.747546
v 0.140000 0.005883 0.747757
v 0.140000 0.005885 0.747739
v 0.140000 0.008811 0.748077
v 0.140000 0.008813 0.748059
v 0.140000 0.011721 0.748525
v 0.140000 0.011724 0.748507
v 0.140000 0.014610 0.749100
v 0.140000 0.014614 0.749082
v 0.140000 0.017470 0.749800
v 0.140000 0.017475 0.749782
v 0.140000 0.020298 0.750624
v 0.140000 0.020303 0.750607
v 0.140000 0.023086 0.751571
v 0.140000 0.023093 0.751554
v 0.140000 0.025831 0.752638
v 0.140000 0.025838 0.752621
v 0.140000 0.028527 0.753824
v 0.140000 0.028535 0.753808
v 0.140000 0.031168 0.755127
v 0.140000 0.031177 0.755111
v 0.140000 0.033750 0.756543
v 0.140000 0.033759 0.756527
v 0.140000 0.036268 0.758071
v 0.140000 0.036278 0.758056
v 0.140000 0.038716 0.759707
v 0.140000 0.038727 0.759692
v 0.140000 0.041091 0.761449
v 0.140000 0.041103 0.761434
v 0.140000 0.043388 0.763292
v 0.140000 0.043400 0.763278
v 0.140000 0.045602 0.765234
v 0.140000 0.045615 0.765220
v 0.140000 0.047730 0.767270
v 0.140000 0.047743 0.767257
v 0.140000 0.049766 0.769398
v 0.140000 0.049780 0.769385
v 0.140000 0.051708 0.771612
v 0.140000 0.051722 0.771600
v 0.140000 0.053551 0.773909
v 0.140000 0.053566 0.773897
v 0.140000 0.055293 0.776284
v 0.140000 0.055308 0.776273
v 0.140000 0.056929 0.778732
v 0.140000 0.056944 0.778722
v 0.140000 0.058457 0.781250
v 0.140000 0.058473 0.781241
v 0.140000 0.059873 0.783832
v 0.140000 0.059890 0.783824
v 0.140000 0.061176 0.786473
v 0.140000 0.061192 0.786466
v 0.140000 0.062362 0.789169
v 0.140000 0.062379 0.789162
v 0.140000 0.063429 0.791914
v 0.140000 0.063446 0.791907
v 0.140000 0.064376 0.794702
v 0.140000 0.064393 0.794697
v 0.140000 0.065200 0.797530
v 0.140000 0.065218 0.797525
v 0.140000 0.065900 0.800390
v 0.140000 0.065918 0.800386
v 0.140000 0.066475 0.803279
v 0.140000 0.066493 0.803276
v 0.140000 0.066923 0.806189
v 0.140000 0.066941 0.806187
v 0.140000 0.067243 0.809117
v 0.140000 0.067261 0.809115
v 0.140000 0.067436 0.812056
v 0.140000 0.067454 0.812055
v 0.140000 0.067500 0.815000
v 0.140000 0.067518 0.815000
v 0.140000 0.067436 0.817944
v 0.140000 0.067454 0.817945
v 0.140000 0.067243 0.820883
v 0.140000 0.067261 0.820885
v 0.140000 0.066923 0.823811
v 0.140000 0.066941 0.823813
v 0.140000 0.066475 0.826721
v 0.140000 0.066493 0.826724
v 0.140000 0.065900 0.829610
v 0.140000 0.065918 0.829614
v 0.140000 0.065200 0.832470
v 0.140000 0.065218 0.832475
v 0.140000 0.064376 0.835298
v 0.140000 0.064393 0.835303
v 0.140000 0.063429 0.838086
v 0.140000 0.063446 0.838093
v 0.140000 0.062362 0.840831
v 0.140000 0.062379 0.840838
v 0.140000 0.061176 0.843527
v 0.140000 0.061192 0.843534
v 0.140000 0.059873 0.846168
v 0.140000 0.059890 0.846176
v 0.140000 0.058457 0.848750
v 0.140000 0.058473 0.848759
v 0.140000 0.056929 0.851268
v 0.140000 0.056944 0.851278
v 0.140000 0.055293 0.853716
v 0.140000 0.055308 0.853727
v 0.140000 0.053551 0.856091
v 0.140000 0.053566 0.856103
v 0.140000 0.051708 0.858388
v 0.140000 0.051722 0.858400
v 0.140000 0.049766 0.860602
v 0.140000 0.049780 0.860615
v 0.140000 0.047730 0.862730
v 0.140000 0.047743 0.862743
v 0.140000 0.045602 0.864766
v 0.140000 0.045615 0.864780
v 0.140000 0.043388 0.866708
v 0.140000 0.043400 0.866722
v 0.140000 0.041091 0.868551
v 0.140000 0.041103 0.868566
v 0.140000 0.038716 0.870293
v 0.140000 0.038727 0.870308
v 0.140000 0.036268 0.871929
v 0.140000 0.036278 0.871944
v 0.140000 0.033750 0.873457
v 0.140000 0.033759 0.873473
v 0.140000 0.031168 0.874873
v 0.140000 0.031177 0.874889
v 0.140000 0.028527 0.876176
v 0.140000 0.028535 0.876192
v 0.140000 0.025831 0.877362
v 0.140000 0.025838 0.877379
v 0.140000 0.023086 0.878429
v 0.140000 0.023093 0.878446
v 0.140000 0.020298 0.879376
v 0.140000 0.020303 0.879393
v 0.140000 0.017470 0.880200
v 0.140000 0.017475 0.880218
v 0.140000 0.014610 0.880900
v 0.140000 0.014614 0.880918
v 0.140000 0.011721 0.881475
v 0.140000 0.011724 0.881493
v 0.140000 0.008811 0.881923
v 0.140000 0.008813 0.881941
v 0.140000 0.005883 0.882243
v 0.140000 0.005885 0.882261
v 0.140000 0.002944 0.882436
v 0.140000 0.002945 0.882454
f -4091 -4092 -4104
f -4104 -4092 -4106
f -4104 -4106 -4105
f -4105 -4106 -4119
f -4105 -4119 -4079
f -907 -906 -908
f -908 -906 -905
f -971 -965 -964
f -964 -965 -816
f -901 -902 -978
f -978 -902 -977
f -978 -977 -976
f -974 -971 -970
f -970 -971 -817
f -959 -953 -952
f -952 -953 -814
f -953 -947 -946
f -946 -947 -813
f -965 -959 -958
f -958 -959 -815
f -947 -941 -940
f -940 -941 -812
f -941 -935 -934
f -934 -935 -811
f -935 -929 -928
f -928 -929 -810
f -929 -923 -922
f -922 -923 -809
f -923 -917 -916
f -916 -917 -808
f -1017 -1016 -1018
f -1018 -1016 -1015
f -1015 -1013 -1014
f -1014 -1013 -1012
f -1012 -1010 -1011
f -1011 -1010 -1009
f -1005 -1003 -1004
f -1004 -1003 -1002
f -1007 -1006 -1008
f -1008 -1006 -1005
f -1002 -1000 -1001
f -1001 -1000 -999
f -348 -346 -347
f -347 -346 -345
f -343 -342 -344
f -344 -342 -341
f -364 -363 -365
f -365 -363 -362
f -322 -321 -323
f -323 -321 -320
f -309 -308 -310
f -310 -308 -307
f -441 -443 -442
f -442 -443 -324
f -3237 -3245 -3274
f -3274 -3245 -3275
f -3274 -3275 -3276
f -509 -507 -508
f -508 -507 -506
f -3276 -3278 -3240
f -3240 -3278 -3262
f -3240 -3262 -3239
f -3234 -3236 -3235
f -3235 -3236 -3218
f -3235 -3218 -3217
f -3219 -3224 -3223
f -3223 -3224 -3236
f -3223 -3236 -3222
f -3222 -3236 -3234
f -3232 -3235 -3233
f -3233 -3235 -3216
f -3217 -3215 -3233
f -3233 -3215 -3229
f -3233 -3229 -3230
f -3222 -3221 -3223
f -3223 -3221 -3220
f -3223 -3220 -3219
f -2403 -2402 -2406
f -2406 -2402 -2401
f -2406 -2401 -2489
f -2489 -2401 -2389
f -2489 -2389 -2488
f -2502 -2504 -2503
f -2503 -2504 -2505
f -2503 -2505 -2406
f -2406 -2505 -2404
f -2406 -2404 -2403
f -2418 -2417 -2423
f -2423 -2417 -2416
f -2423 -2416 -2422
f -2425 -2424 -2432
f -2432 -2424 -2423
f -2432 -2423 -2422
f -2405 -2426 -2427
f -2427 -2426 -2432
f -2427 -2432 -2428
f -2428 -2432 -2429
f -2429 -2432 -2430
f -2430 -2432 -2431
f -2333 -2332 -2336
f -2336 -2332 -2331
f -2336 -2331 -2330
f -2335 -2334 -2336
f -2336 -2334 -2333
f -2298 -2297 -2296
f -2296 -2297 -2295
f -2296 -2295 -2294
f -2293 -2291 -2294
f -2294 -2291 -2282
f -2289 -2288 -2300
f -2300 -2288 -2299
f -2300 -2299 -2301
f -2287 -2286 -2285
f -2285 -2286 -2284
f -2285 -2284 -2283
f -2208 -2226 -2212
f -2212 -2226 -2237
f -2212 -2237 -2207
f -2207 -2237 -2232
f -2207 -2232 -2204
f -2204 -2232 -2219
f -2204 -2219 -2205
f -2218 -2224 -2231
f -2231 -2224 -2232
f -2231 -2232 -2233
f -2229 -2227 -2228
f -2228 -2227 -2212
f -2228 -2212 -2211
f -2226 -2239 -2237
f -2237 -2239 -2238
f -2237 -2238 -2236
f -2215 -2214 -2224
f -2224 -2214 -2213
f -2224 -2213 -2223
f -2223 -2222 -2224
f -2224 -2222 -2240
f -2227 -2210 -2212
f -2212 -2210 -2209
f -2212 -2209 -2208
f -2500 -2498 -2499
f -2499 -2498 -2497
f -2499 -2497 -2391
f -2406 -2405 -2503
f -2503 -2405 -2427
f -2503 -2427 -2502
f -2502 -2427 -2428
f -2508 -2506 -2507
f -2507 -2506 -2505
f -2507 -2505 -2504
f -2392 -2420 -2499
f -2499 -2420 -2423
f -2499 -2423 -2421
f -2421 -2423 -2424
f -2514 -2512 -2513
f -2513 -2512 -2511
f -2513 -2511 -2510
f -2510 -2511 -2509
f -2510 -2509 -2508
f -2388 -2458 -2459
f -2459 -2458 -2482
f -2459 -2482 -2460
f -2460 -2482 -2498
f -2460 -2498 -2500
f -2464 -2463 -2482
f -2482 -2463 -2462
f -2482 -2462 -2461
f -2456 -2455 -2467
f -2467 -2455 -2466
f -2467 -2466 -2482
f -2482 -2466 -2465
f -2482 -2465 -2464
f -2470 -2469 -2482
f -2482 -2469 -2468
f -2482 -2468 -2467
f -2473 -2472 -2482
f -2482 -2472 -2471
f -2482 -2471 -2470
f -2476 -2475 -2482
f -2482 -2475 -2474
f -2482 -2474 -2473
f -2479 -2478 -2482
f -2482 -2478 -2477
f -2482 -2477 -2476
f -2458 -2481 -2482
f -2482 -2481 -2480
f -2482 -2480 -2479
f -2451 -2450 -2454
f -2454 -2450 -2449
f -2454 -2449 -2448
f -2453 -2452 -2454
f -2454 -2452 -2451
f -2420 -2454 -2423
f -2423 -2454 -2448
f -2423 -2448 -2419
f -2550 -2551 -2549
f -2549 -2551 -2548
f -2549 -2548 -2547
f -2547 -2548 -2546
f -2547 -2546 -2545
f -2545 -2546 -2544
f -2545 -2544 -2467
f -2467 -2544 -2457
f -2467 -2457 -2456
f -2561 -2562 -2560
f -2560 -2562 -2559
f -2560 -2559 -2558
f -2558 -2559 -2557
f -2558 -2557 -2556
f -2556 -2557 -2555
f -2556 -2555 -2554
f -2554 -2555 -2553
f -2554 -2553 -2552
f -2552 -2553 -2551
f -2552 -2551 -2550
f -6256 -6255 -6264
f -6264 -6255 -6259
f -6264 -6259 -6263
f -6263 -6259 -6258
f -6263 -6258 -6257
f -6262 -6261 -6269
f -6269 -6261 -6260
f -6269 -6260 -6268
f -6269 -6268 -6270
f -6270 -6268 -6267
f -6270 -6267 -6266
f -3010 -3009 -3013
f -3013 -3009 -3008
f -3013 -3008 -3007
f -2999 -2998 -3012
f -3012 -2998 -2997
f -3012 -2997 -3011
f -3004 -3003 -3013
f -3013 -3003 -3002
f -3013 -3002 -3022
f -3007 -3006 -3013
f -3013 -3006 -3005
f -3013 -3005 -3004
f -3017 -3016 -3024
f -3024 -3016 -3015
f -3024 -3015 -3014
f -3020 -3019 -3024
f -3024 -3019 -3018
f -3024 -3018 -3017
f -3021 -3024 -3022
f -3022 -3024 -3023
f -3022 -3023 -3013
f -2995 -2994 -3001
f -3001 -2994 -2993
f -3001 -2993 -3000
f -3070 -3085 -3071
f -3071 -3085 -3075
f -3071 -3075 -3072
f -3072 -3075 -3076
f -3072 -3076 -3073
f -3073 -3076 -3074
f -3073 -3074 -3069
f -3085 -3083 -3075
f -3075 -3083 -3081
f -3075 -3081 -3076
f -3076 -3081 -3077
f -3076 -3077 -3074
f -3080 -3079 -3081
f -3081 -3079 -3078
f -3081 -3078 -3077
f -2992 -3046 -3047
f -3047 -3046 -3048
f -3047 -3048 -3053
f -3053 -3048 -3052
f -3053 -3052 -3051
f -3051 -3052 -3050
f -3210 -3213 -3211
f -3211 -3213 -3209
f -3211 -3209 -3208
f -1487 -1473 -1482
f -1482 -1473 -1481
f -1482 -1481 -1483
f -1453 -1454 -1436
f -1436 -1454 -1435
f -1436 -1435 -1434
f -1429 -1430 -1431
f -1431 -1430 -1436
f -1431 -1436 -1432
f -1432 -1436 -1433
f -1432 -1433 -1419
f -1428 -1427 -1430
f -1430 -1427 -1426
f -1430 -1426 -1425
f -1425 -1426 -1420
f -1425 -1420 -1421
f -1517 -1518 -1528
f -1528 -1518 -1546
f -1528 -1546 -1529
f -1550 -1548 -1547
f -1547 -1548 -1546
f -1547 -1546 -1545
f -1544 -1551 -1543
f -1543 -1551 -1542
f -1543 -1542 -1539
f -1539 -1542 -1538
f -1539 -1538 -1525
f -1503 -1504 -1505
f -1505 -1504 -1508
f -1505 -1508 -1463
f -1482 -1483 -1484
f -1484 -1483 -1485
f -1484 -1485 -1506
f -1506 -1485 -1509
f -1506 -1509 -1507
f -1413 -1412 -1416
f -1416 -1412 -1411
f -1416 -1411 -1410
f -1415 -1414 -1416
f -1416 -1414 -1413
f -1310 -1309 -1312
f -1312 -1309 -1308
f -1312 -1308 -1307
f -1342 -1341 -1340
f -1340 -1341 -1339
f -1340 -1339 -1338
f -1338 -1339 -1337
f -1338 -1337 -1336
f -1336 -1337 -1335
f -1336 -1335 -1334
f -1334 -1335 -1333
f -1334 -1333 -1332
f -1332 -1333 -1331
f -1332 -1331 -1330
f -1330 -1331 -1329
f -1330 -1329 -1328
f -1328 -1329 -1327
f -1328 -1327 -1326
f -1326 -1327 -1325
f -1326 -1325 -1324
f -1324 -1325 -1323
f -1324 -1323 -1312
f -1312 -1323 -1311
f -1312 -1311 -1310
f -1298 -1297 -1299
f -1299 -1297 -1289
f -1299 -1289 -1290
f -1290 -1289 -1291
f -1290 -1291 -1294
f -1177 -1176 -1179
f -1179 -1176 -1175
f -1179 -1175 -1174
f -1788 -1763 -1787
f -1787 -1763 -1739
f -1787 -1739 -1785
f -1785 -1739 -1742
f -1785 -1742 -1783
f -1783 -1742 -1741
f -1785 -1783 -1784
f -1784 -1783 -1782
f -1784 -1782 -1746
f -1794 -1778 -1796
f -1796 -1778 -1779
f -1796 -1779 -1781
f -1781 -1779 -1753
f -1781 -1753 -1765
f -1765 -1753 -1754
f -1765 -1754 -1766
f -7056 -7057 -7058
f -7058 -7057 -7059
f -7058 -7059 -7060
f -7060 -7059 -7061
f -7060 -7061 -7062
f -7062 -7061 -7063
f -7062 -7063 -7064
f -7064 -7063 -7065
f -7064 -7065 -7066
f -7066 -7065 -7067
f -7066 -7067 -7068
f -7068 -7067 -7069
f -7068 -7069 -7070
f -7070 -7069 -7071
f -7070 -7071 -7072
f -7072 -7071 -7073
f -7072 -7073 -7074
f -7074 -7073 -7075
f -7074 -7075 -7076
f -7076 -7075 -7077
f -7076 -7077 -7078
f -7078 -7077 -7079
f -7078 -7079 -7080
f -7080 -7079 -7081
f -7080 -7081 -7082
f -7082 -7081 -7083
f -7082 -7083 -7084
f -7084 -7083 -7085
f -7084 -7085 -7114
f -7114 -7085 -7113
f -7114 -7113 -7112
f -7112 -7113 -7111
f -7112 -7111 -7110
f -7110 -7111 -7109
f -7110 -7109 -7108
f -7108 -7109 -7107
f -7108 -7107 -7106
f -7106 -7107 -7105
f -7106 -7105 -7104
f -7104 -7105 -7103
f -7104 -7103 -7102
f -7102 -7103 -7101
f -7102 -7101 -7100
f -7100 -7101 -7099
f -7100 -7099 -7098
f -7098 -7099 -7097
f -7098 -7097 -7096
f -7096 -7097 -7095
f -7096 -7095 -7094
f -7094 -7095 -7093
f -7094 -7093 -7092
f -7092 -7093 -7091
f -7092 -7091 -7090
f -7090 -7091 -7089
f -7090 -7089 -7088
f -7088 -7089 -7087
f -7088 -7087 -7086
f -1792 -1781 -1789
f -1789 -1781 -1765
f -1789 -1765 -1767
f -1767 -1765 -1766
f -1767 -1766 -1768
f -1753 -1779 -1777
f -1777 -1779 -1778
f -1777 -1778 -1776
f -1776 -1778 -1740
f -1776 -1740 -1774
f -1791 -1803 -1792
f -1792 -1803 -1793
f -1792 -1793 -1796
f -1796 -1793 -1795
f -1796 -1795 -1794
f -1799 -1798 -1801
f -1801 -1798 -1797
f -1801 -1797 -1803
f -1803 -1797 -1793
f -1803 -1802 -1801
f -1801 -1802 -1800
f -1801 -1800 -1799
f -1774 -1773 -1775
f -1775 -1773 -1771
f -1775 -1771 -1748
f -1748 -1771 -1758
f -1748 -1758 -1759
f -1759 -1758 -1757
f -1772 -1770 -1771
f -1771 -1770 -1769
f -1771 -1769 -1758
f -1758 -1769 -1756
f -1758 -1756 -1757
f -1757 -1756 -1755
f -1747 -1749 -1748
f -1748 -1749 -1750
f -1748 -1750 -1775
f -1775 -1750 -1777
f -1775 -1777 -1776
f -1764 -1755 -1763
f -1763 -1755 -1756
f -1763 -1756 -1739
f -1739 -1756 -1769
f -1739 -1769 -1742
f -1742 -1769 -1770
f -1742 -1770 -1741
f -1724 -1729 -1730
f -1730 -1729 -1733
f -1730 -1733 -1731
f -1727 -1726 -1738
f -1738 -1726 -1737
f -1738 -1737 -1736
f -1729 -1728 -1738
f -1738 -1728 -1727
f -1734 -1738 -1735
f -1735 -1738 -1736
f -1735 -1736 -1722
f -1721 -1724 -1723
f -1723 -1724 -1730
f -1723 -1730 -1725
f -1725 -1730 -1732
f -1725 -1732 -1720
f -7116 -7117 -7118
f -7118 -7117 -7119
f -7118 -7119 -7120
f -7120 -7119 -7121
f -7120 -7121 -7122
f -7122 -7121 -7123
f -7122 -7123 -7124
f -7124 -7123 -7125
f -7124 -7125 -7126
f -7126 -7125 -7127
f -7126 -7127 -7128
f -7128 -7127 -7129
f -7128 -7129 -7130
f -7130 -7129 -7131
f -7130 -7131 -7132
f -7132 -7131 -7133
f -7132 -7133 -7134
f -7134 -7133 -7135
f -7134 -7135 -7136
f -7136 -7135 -7137
f -7136 -7137 -7138
f -7138 -7137 -7139
f -7138 -7139 -7140
f -7140 -7139 -7141
f -7140 -7141 -7142
f -7142 -7141 -7143
f -7142 -7143 -7144
f -7144 -7143 -7145
f -7144 -7145 -7174
f -7174 -7145 -7173
f -7174 -7173 -7172
f -7172 -7173 -7171
f -7172 -7171 -7170
f -7170 -7171 -7169
f -7170 -7169 -7168
f -7168 -7169 -7167
f -7168 -7167 -7166
f -7166 -7167 -7165
f -7166 -7165 -7164
f -7164 -7165 -7163
f -7164 -7163 -7162
f -7162 -7163 -7161
f -7162 -7161 -7160
f -7160 -7161 -7159
f -7160 -7159 -7158
f -7158 -7159 -7157
f -7158 -7157 -7156
f -7156 -7157 -7155
f -7156 -7155 -7154
f -7154 -7155 -7153
f -7154 -7153 -7152
f -7152 -7153 -7151
f -7152 -7151 -7150
f -7150 -7151 -7149
f -7150 -7149 -7148
f -7148 -7149 -7147
f -7148 -7147 -7146
f -1708 -1709 -1719
f -1719 -1709 -1710
f -1719 -1710 -1718
f -1718 -1710 -1705
f -1708 -1719 -1717
f -1717 -1719 -1718
f -1717 -1718 -1716
f -1706 -1705 -1711
f -1711 -1705 -1710
f -1711 -1710 -1709
f -1672 -1693 -1691
f -1691 -1693 -1692
f -1691 -1692 -1690
f -1675 -1674 -1686
f -1686 -1674 -1673
f -1686 -1673 -1688
f -1688 -1673 -1665
f -7205 -7204 -7218
f -7218 -7204 -7203
f -7218 -7203 -7202
f -7208 -7207 -7218
f -7218 -7207 -7206
f -7218 -7206 -7205
f -7211 -7210 -7218
f -7218 -7210 -7209
f -7218 -7209 -7208
f -7214 -7213 -7218
f -7218 -7213 -7212
f -7218 -7212 -7211
f -7217 -7216 -7218
f -7218 -7216 -7215
f -7218 -7215 -7214
f -7235 -7234 -7236
f -7236 -7234 -7233
f -7236 -7233 -7232
f -7222 -7221 -7236
f -7236 -7221 -7220
f -7236 -7220 -7219
f -7225 -7224 -7236
f -7236 -7224 -7223
f -7236 -7223 -7222
f -7228 -7227 -7236
f -7236 -7227 -7226
f -7236 -7226 -7225
f -7231 -7230 -7236
f -7236 -7230 -7229
f -7236 -7229 -7228
f -7192 -7191 -7251
f -7251 -7191 -7250
f -7251 -7250 -7252
f -7252 -7250 -7249
f -7252 -7249 -7248
f -7240 -7239 -7252
f -7252 -7239 -7238
f -7252 -7238 -7237
f -7243 -7242 -7252
f -7252 -7242 -7241
f -7252 -7241 -7240
f -7246 -7245 -7252
f -7252 -7245 -7244
f -7252 -7244 -7243
f -7248 -7247 -7252
f -7252 -7247 -7246
f -7196 -7195 -7251
f -7251 -7195 -7194
f -7251 -7194 -7193
f -7199 -7198 -7251
f -7251 -7198 -7197
f -7251 -7197 -7196
f -7202 -7201 -7251
f -7251 -7201 -7200
f -7251 -7200 -7199
f -7255 -7254 -7298
f -7298 -7254 -7253
f -7298 -7253 -7279
f -7258 -7257 -7298
f -7298 -7257 -7256
f -7298 -7256 -7255
f -7266 -7265 -7297
f -7297 -7265 -7264
f -7297 -7264 -7296
f -7269 -7268 -7297
f -7297 -7268 -7267
f -7297 -7267 -7266
f -7261 -7260 -7298
f -7298 -7260 -7259
f -7298 -7259 -7258
f -7299 -7263 -7298
f -7298 -7263 -7262
f -7298 -7262 -7261
f -7278 -7277 -7297
f -7297 -7277 -7276
f -7297 -7276 -7275
f -7272 -7271 -7297
f -7297 -7271 -7270
f -7297 -7270 -7269
f -7275 -7274 -7297
f -7297 -7274 -7273
f -7297 -7273 -7272
f -7282 -7281 -7313
f -7313 -7281 -7280
f -7313 -7280 -7312
f -7285 -7284 -7313
f -7313 -7284 -7283
f -7313 -7283 -7282
f -7294 -7293 -7313
f -7313 -7293 -7292
f -7313 -7292 -7291
f -7297 -7296 -7313
f -7313 -7296 -7295
f -7313 -7295 -7294
f -7288 -7287 -7313
f -7313 -7287 -7286
f -7313 -7286 -7285
f -7291 -7290 -7313
f -7313 -7290 -7289
f -7313 -7289 -7288
f -7302 -7301 -7314
f -7314 -7301 -7300
f -7314 -7300 -7299
f -7305 -7304 -7314
f -7314 -7304 -7303
f -7314 -7303 -7302
f -7308 -7307 -7314
f -7314 -7307 -7306
f -7314 -7306 -7305
f -7311 -7310 -7314
f -7314 -7310 -7309
f -7314 -7309 -7308
f -822 -895 -896
f -896 -895 -902
f -912 -913 -914
f -914 -913 -915
f -966 -967 -968
f -968 -967 -969
f -972 -973 -974
f -974 -973 -975
f -948 -949 -950
f -950 -949 -951
f -960 -961 -962
f -962 -961 -963
f -954 -955 -956
f -956 -955 -957
f -942 -943 -944
f -944 -943 -945
f -930 -931 -932
f -932 -931 -933
f -936 -937 -938
f -938 -937 -939
f -924 -925 -926
f -926 -925 -927
f -918 -919 -920
f -920 -919 -921
f -315 -316 -317
f -317 -316 -318
f -452 -453 -454
f -454 -453 -456
f -447 -453 -448
f -448 -453 -326
f -455 -456 -457
f -457 -456 -458
f -450 -449 -451
f -451 -449 -325
f -319 -432 -441
f -441 -432 -433
f -437 -438 -439
f -439 -438 -440
f -438 -434 -435
f -435 -434 -436
f -443 -444 -445
f -445 -444 -446
f -428 -429 -430
f -430 -429 -431
f -426 -425 -427
f -427 -425 -312
f -423 -429 -424
f -424 -429 -313
f -419 -420 -421
f -421 -420 -422
f -3265 -3257 -3258
f -3258 -3257 -3259
f -3258 -3259 -3260
f -3260 -3259 -3261
f -3260 -3261 -3278
f -3278 -3261 -3262
f -3276 -3277 -3278
f -3278 -3277 -3279
f -3278 -3279 -3280
f -3280 -3279 -3281
f -3280 -3281 -3282
f -3245 -3244 -3275
f -3275 -3244 -3243
f -3275 -3243 -3242
f -3242 -3243 -3241
f -3242 -3241 -3281
f -3281 -3241 -3248
f -311 -366 -419
f -419 -366 -367
f -314 -431 -340
f -340 -431 -347
f -3225 -3227 -3226
f -3226 -3227 -3229
f -3226 -3229 -3215
f -327 -328 -459
f -459 -328 -329
f -144 -1 -2
f -2 -1 -3
f -2 -3 -4
f -4 -3 -5
f -4 -5 -6
f -6 -5 -7
f -6 -7 -8
f -8 -7 -9
f -8 -9 -10
f -10 -9 -11
f -10 -11 -12
f -12 -11 -13
f -12 -13 -14
f -14 -13 -15
f -14 -15 -16
f -16 -15 -17
f -16 -17 -18
f -18 -17 -19
f -18 -19 -20
f -20 -19 -21
f -20 -21 -22
f -22 -21 -23
f -22 -23 -24
f -24 -23 -25
f -24 -25 -26
f -26 -25 -27
f -26 -27 -28
f -28 -27 -29
f -28 -29 -30
f -30 -29 -31
f -30 -31 -32
f -32 -31 -33
f -32 -33 -34
f -34 -33 -35
f -34 -35 -36
f -36 -35 -37
f -36 -37 -38
f -38 -37 -39
f -38 -39 -40
f -40 -39 -41
f -40 -41 -42
f -42 -41 -43
f -42 -43 -44
f -44 -43 -45
f -44 -45 -46
f -46 -45 -47
f -46 -47 -48
f -48 -47 -49
f -48 -49 -50
f -50 -49 -51
f -50 -51 -52
f -52 -51 -53
f -52 -53 -54
f -54 -53 -55
f -54 -55 -56
f -56 -55 -57
f -56 -57 -58
f -58 -57 -59
f -58 -59 -60
f -60 -59 -61
f -60 -61 -62
f -62 -61 -63
f -62 -63 -64
f -64 -63 -65
f -64 -65 -66
f -66 -65 -67
f -66 -67 -68
f -68 -67 -69
f -68 -69 -70
f -70 -69 -71
f -70 -71 -72
f -72 -71 -73
f -72 -73 -74
f -74 -73 -75
f -74 -75 -76
f -76 -75 -77
f -76 -77 -78
f -78 -77 -79
f -78 -79 -80
f -80 -79 -81
f -80 -81 -82
f -2565 -2567 -2566
f -2566 -2567 -2395
f -2566 -2395 -2396
f -2396 -2395 -2397
f -2396 -2397 -2398
f -2305 -2304 -2303
f -2303 -2304 -2302
f -2303 -2302 -2301
f -2301 -2302 -2300
f -2321 -2320 -2319
f -2319 -2320 -2318
f -2319 -2318 -2317
f -2317 -2318 -2316
f -2317 -2316 -2315
f -2291 -2281 -2282
f -2282 -2281 -2287
f -2282 -2287 -2285
f -2285 -2283 -2290
f -2290 -2283 -2289
f -2290 -2289 -2300
f -2233 -2234 -2236
f -2236 -2234 -2235
f -2139 -2198 -2199
f -2199 -2198 -2200
f -2199 -2200 -2201
f -2201 -2200 -2202
f -2500 -2499 -2501
f -2501 -2499 -2421
f -2482 -2461 -2498
f -2498 -2461 -2496
f -2498 -2496 -2497
f -2565 -2564 -2563
f -2563 -2564 -2562
f -2563 -2562 -2561
f -2517 -2516 -2515
f -2515 -2516 -2514
f -2515 -2514 -2513
f -6251 -6252 -6253
f -6253 -6252 -6254
f -6243 -6244 -6245
f -6245 -6244 -6246
f -6247 -6248 -6249
f -6249 -6248 -6250
f -6256 -6264 -6265
f -6265 -6264 -6270
f -6265 -6270 -6266
f -6257 -6262 -6263
f -6263 -6262 -6269
f -6271 -6272 -6273
f -6273 -6272 -6274
f -3012 -3011 -3013
f -3013 -3011 -3010
f -3001 -3000 -3012
f -3012 -3000 -2999
f -2992 -3047 -3014
f -3014 -3047 -3024
f -3185 -3186 -3187
f -3187 -3186 -3195
f -1464 -1465 -1466
f -1466 -1465 -1467
f -1466 -1467 -1468
f -1468 -1467 -1469
f -1468 -1469 -1490
f -1490 -1469 -1491
f -1549 -1552 -1541
f -1541 -1552 -1540
f -1541 -1540 -1537
f -1537 -1540 -1536
f -1544 -1527 -1551
f -1551 -1527 -1528
f -1551 -1528 -1529
f -1508 -1509 -1510
f -1510 -1509 -1511
f -1466 -1504 -1464
f -1464 -1504 -1503
f -1406 -1407 -1408
f -1408 -1407 -1409
f -1305 -1304 -1303
f -1303 -1304 -1302
f -1303 -1302 -1301
f -1301 -1302 -1300
f -1275 -1274 -1273
f -1273 -1274 -1272
f -1273 -1272 -1271
f -1271 -1272 -1270
f -1271 -1270 -1269
f -1269 -1270 -1268
f -1269 -1268 -1267
f -1267 -1268 -1266
f -1267 -1266 -1265
f -1265 -1266 -1264
f -1265 -1264 -1263
f -1295 -1297 -1296
f -1296 -1297 -1298
f -1224 -1226 -1225
f -1225 -1226 -1227
f -1226 -1228 -1227
f -1227 -1228 -1229
f -1228 -1230 -1229
f -1229 -1230 -1231
f -1230 -1232 -1231
f -1231 -1232 -1233
f -1232 -1234 -1233
f -1233 -1234 -1235
f -1760 -1762 -1788
f -1788 -1762 -1761
f -1784 -1786 -1785
f -1785 -1786 -1787
f -1804 -1805 -1806
f -1806 -1805 -1807
f -1806 -1807 -1808
f -1808 -1807 -1809
f -1808 -1809 -1810
f -1810 -1809 -1811
f -1810 -1811 -1812
f -1812 -1811 -1813
f -1812 -1813 -1814
f -1814 -1813 -1815
f -1814 -1815 -1816
f -1816 -1815 -1817
f -1816 -1817 -1818
f -1818 -1817 -1819
f -1818 -1819 -1820
f -1820 -1819 -1821
f -1820 -1821 -1822
f -1822 -1821 -1823
f -1822 -1823 -1824
f -1824 -1823 -1825
f -1824 -1825 -1826
f -1826 -1825 -1827
f -1826 -1827 -1828
f -1754 -1753 -1752
f -1752 -1753 -1751
f -7175 -7176 -7177
f -7177 -7176 -7178
f -1714 -1712 -1713
f -1713 -1712 -1707
f -1713 -1707 -1717
f -1717 -1707 -1708
f -7179 -7180 -7181
f -7181 -7180 -7182
f -7183 -7184 -7185
f -7185 -7184 -7186
f -1700 -1699 -1698
f -1698 -1699 -1697
f -1698 -1697 -1696
f -1696 -1697 -1695
f -1696 -1695 -1694
f -1690 -1689 -1691
f -1691 -1689 -1665
f -1691 -1665 -1673
f -7187 -7188 -7189
f -7189 -7188 -7190
f -7235 -7236 -7237
f -7237 -7236 -7252
f -7217 -7218 -7219
f -7219 -7218 -7236
f -7298 -7279 -7297
f -7297 -7279 -7278
f -7313 -7312 -7314
f -7314 -7312 -7311
f -911 -904 -903
f -903 -904 -807
f -543 -542 -541
f -541 -542 -512
f -2418 -2423 -2419
f -2422 -2431 -2432
f -2239 -2226 -2225
f -2224 -2219 -2232
f -3020 -3024 -3021
f -1417 -1426 -1427
f -1524 -1547 -1545
f -1462 -1505 -1463
f -1177 -1179 -1178
f -1781 -1792 -1780
f -1703 -1711 -1709
f -1694 -1693 -1672
f -7231 -7236 -7232
f -7192 -7251 -7193
f -3236 -3224 -3218
f -2432 -2426 -2425
f -2218 -2231 -2233
f -2228 -2230 -2229
f -2507 -2510 -2508
f -2565 -2566 -2564
f -2392 -2499 -2391
f -1673 -1674 -1672
f -1436 -1434 -1433
f -1430 -1429 -1428
f -1427 -1428 -1418
f -1421 -1453 -1425
f -1342 -1322 -1341
f -1273 -1257 -1275
f -7055 -7057 -7056
f -1778 -1794 -1740
f -7115 -7117 -7116
f -1786 -1788 -1787
f -1793 -1797 -1795
f -1748 -1759 -1747
f -1749 -1752 -1750
f -1771 -1773 -1772
f -1775 -1776 -1774
f -1750 -1753 -1777
f -1763 -1762 -1764
f -1715 -1717 -1716
f -1707 -1712 -1704
f -1713 -1716 -1714
f -1700 -1701 -1699
f -1686 -1688 -1687
f -7251 -7218 -7202
f -7298 -7314 -7299
f -4004 -4006 -4005
f -909 -911 -910
f -819 -821 -820
f -351 -353 -352
f -348 -350 -349
f -545 -546 -544
f -459 -461 -460
f -503 -505 -504
f -509 -511 -510
f -3230 -3234 -3231
f -3227 -3230 -3228
f -2292 -2295 -2293
f -2306 -2308 -2307
f -2312 -2314 -2313
f -2309 -2311 -2310
f -2215 -2217 -2216
f -2989 -2991 -2990
f -3203 -3204 -3212
f -3199 -3204 -3200
f -3205 -3207 -3206
f -3201 -3207 -3202
f -3212 -3214 -3213
f -1691 -1671 -1672
f -1536 -1523 -1538
f -1550 -1549 -1548
f -1550 -1552 -1551
f -1802 -1790 -1789
f -1732 -1733 -1734
f -1743 -1745 -1744
f -899 -898 -900
f -900 -898 -897
f -709 -708 -710
f -710 -708 -707
f -718 -717 -719
f -719 -717 -716
f -695 -694 -696
f -696 -694 -693
f -702 -701 -703
f -703 -701 -700
f -688 -687 -689
f -689 -687 -686
f -674 -673 -675
f -675 -673 -672
f -681 -680 -682
f -682 -680 -679
f -667 -666 -668
f -668 -666 -665
f -660 -659 -661
f -661 -659 -658
f -729 -730 -806
f -806 -730 -805
f -806 -805 -804
f -992 -990 -991
f -991 -990 -989
f -995 -993 -994
f -994 -993 -992
f -987 -986 -988
f -988 -986 -985
f -985 -983 -984
f -984 -983 -982
f -982 -980 -981
f -981 -980 -979
f -997 -996 -998
f -998 -996 -995
f -1062 -1061 -1065
f -1065 -1061 -1060
f -1065 -1060 -1059
f -1064 -1063 -1065
f -1065 -1063 -1062
f -1093 -1092 -1091
f -1091 -1092 -1090
f -1091 -1090 -1089
f -1089 -1090 -1088
f -1089 -1088 -1087
f -1087 -1088 -1086
f -1087 -1086 -1085
f -1085 -1086 -1084
f -1085 -1084 -1083
f -1083 -1084 -1082
f -1083 -1082 -1081
f -1081 -1082 -1080
f -1081 -1080 -1079
f -1079 -1080 -1078
f -1079 -1078 -1077
f -1077 -1078 -1076
f -1077 -1076 -1075
f -1075 -1076 -1074
f -1075 -1074 -1073
f -1073 -1074 -1072
f -1073 -1072 -1071
f -1145 -1143 -1144
f -1144 -1143 -1142
f -1144 -1142 -1116
f -1116 -1142 -1140
f -1116 -1140 -1138
f -1138 -1140 -1139
f -1138 -1139 -1137
f -358 -357 -365
f -365 -357 -356
f -361 -360 -367
f -367 -360 -359
f -378 -384 -379
f -379 -384 -292
f -296 -400 -297
f -297 -400 -295
f -290 -378 -291
f -291 -378 -289
f -391 -390 -392
f -392 -390 -293
f -304 -303 -305
f -305 -303 -356
f -336 -334 -335
f -335 -334 -333
f -3486 -3485 -3484
f -3484 -3485 -3483
f -3484 -3483 -3482
f -3482 -3483 -3481
f -3482 -3481 -3480
f -3430 -3422 -3439
f -3439 -3422 -3438
f -3439 -3438 -3437
f -3437 -3438 -3436
f -3437 -3436 -3435
f -3437 -3435 -3439
f -3439 -3435 -3426
f -3439 -3426 -3428
f -3428 -3426 -3427
f -3428 -3427 -3429
f -3439 -3428 -3430
f -3430 -3428 -3429
f -3430 -3429 -3431
f -3431 -3429 -3421
f -3431 -3421 -3420
f -648 -647 -649
f -649 -647 -646
f -653 -652 -654
f -654 -652 -651
f -3286 -3287 -3288
f -3288 -3287 -3289
f -3288 -3289 -3290
f -3290 -3289 -3291
f -3290 -3291 -3292
f -3292 -3291 -3293
f -3292 -3293 -3283
f -3283 -3293 -3282
f -3283 -3282 -3281
f -3271 -3272 -3284
f -3284 -3272 -3285
f -3284 -3285 -3286
f -3308 -3309 -3310
f -3310 -3309 -3311
f -3310 -3311 -3304
f -3304 -3311 -3302
f -3304 -3302 -3301
f -416 -418 -417
f -417 -418 -306
f -3251 -3250 -3288
f -3288 -3250 -3249
f -3288 -3249 -3286
f -3294 -3295 -3300
f -3300 -3295 -3299
f -3300 -3299 -3298
f -3298 -3299 -3297
f -3298 -3297 -3296
f -3296 -3297 -3306
f -3296 -3306 -3307
f -3307 -3306 -3305
f -407 -406 -408
f -408 -406 -298
f -3301 -3305 -3304
f -3304 -3305 -3306
f -3304 -3306 -3303
f -3303 -3306 -3297
f -3303 -3297 -3295
f -3295 -3297 -3299
f -3268 -3270 -3269
f -3269 -3270 -3263
f -3269 -3263 -3264
f -3264 -3263 -3265
f -3264 -3265 -3258
f -301 -416 -302
f -302 -416 -300
f -3281 -3248 -3246
f -3246 -3248 -3247
f -3246 -3247 -3256
f -2414 -2413 -2435
f -2435 -2413 -2412
f -2435 -2412 -2411
f -2437 -2436 -2446
f -2446 -2436 -2435
f -2446 -2435 -2434
f -2438 -2437 -2447
f -2447 -2437 -2446
f -2447 -2446 -2445
f -2445 -2446 -2433
f -2438 -2447 -2439
f -2439 -2447 -2440
f -2534 -2400 -2532
f -2532 -2400 -2442
f -2532 -2442 -2447
f -2447 -2442 -2441
f -2447 -2441 -2440
f -2445 -2444 -2447
f -2447 -2444 -2443
f -2447 -2443 -2532
f -2532 -2443 -2531
f -2532 -2531 -2533
f -2533 -2531 -2407
f -2533 -2407 -2530
f -2530 -2407 -2408
f -2349 -2347 -2337
f -2337 -2347 -2340
f -2337 -2340 -2339
f -2353 -2351 -2352
f -2352 -2351 -2350
f -2352 -2350 -2340
f -2326 -2325 -2329
f -2329 -2325 -2324
f -2329 -2324 -2323
f -2330 -2328 -2329
f -2329 -2328 -2327
f -2329 -2327 -2326
f -2362 -2363 -2372
f -2372 -2363 -2371
f -2372 -2371 -2373
f -2487 -2486 -2490
f -2490 -2486 -2485
f -2490 -2485 -2484
f -2537 -2543 -2541
f -2541 -2543 -2542
f -2541 -2542 -2569
f -2569 -2542 -2493
f -2569 -2493 -2495
f -2495 -2493 -2492
f -2495 -2492 -2491
f -2569 -2568 -2541
f -2541 -2568 -2540
f -2541 -2540 -2539
f -2433 -2446 -2538
f -2538 -2446 -2434
f -2538 -2434 -2393
f -2530 -2529 -2533
f -2533 -2529 -2528
f -2533 -2528 -2535
f -2516 -2517 -2518
f -2518 -2517 -2519
f -2518 -2519 -2520
f -2520 -2519 -2521
f -2520 -2521 -2522
f -2522 -2521 -2524
f -2522 -2524 -2523
f -2523 -2524 -2525
f -2393 -2536 -2538
f -2538 -2536 -2537
f -2538 -2537 -2541
f -2744 -2745 -2743
f -2743 -2745 -2726
f -2743 -2726 -2724
f -2724 -2726 -2725
f -2724 -2725 -2723
f -2730 -2720 -2733
f -2733 -2720 -2724
f -2733 -2724 -2723
f -2738 -2737 -2739
f -2739 -2737 -2718
f -2739 -2718 -2719
f -2719 -2718 -2728
f -2719 -2728 -2727
f -6192 -6191 -6200
f -6200 -6191 -6195
f -6200 -6195 -6199
f -6199 -6195 -6194
f -6199 -6194 -6193
f -6198 -6197 -6205
f -6205 -6197 -6196
f -6205 -6196 -6204
f -6205 -6204 -6206
f -6206 -6204 -6203
f -6206 -6203 -6202
f -1573 -1574 -1575
f -1575 -1574 -1576
f -1575 -1576 -1577
f -1577 -1576 -1578
f -1577 -1578 -1579
f -1579 -1578 -1580
f -1579 -1580 -1581
f -1581 -1580 -1586
f -1581 -1586 -1584
f -1584 -1586 -1585
f -1584 -1585 -1583
f -1587 -1590 -1588
f -1588 -1590 -1589
f -1588 -1589 -1611
f -1611 -1589 -1573
f -1611 -1573 -1610
f -1610 -1573 -1575
f -1610 -1575 -1561
f -1561 -1575 -1577
f -1561 -1577 -1593
f -1593 -1577 -1579
f -1593 -1579 -1595
f -1595 -1579 -1581
f -1595 -1581 -1604
f -1604 -1581 -1584
f -1604 -1584 -1600
f -1600 -1584 -1582
f -1600 -1582 -1598
f -1560 -1559 -1558
f -1558 -1559 -1557
f -1558 -1557 -1556
f -1557 -1555 -1554
f -1554 -1555 -1553
f -1554 -1553 -1514
f -1596 -1595 -1602
f -1602 -1595 -1604
f -1602 -1604 -1603
f -1603 -1604 -1601
f -1603 -1601 -1599
f -1599 -1601 -1600
f -1599 -1600 -1598
f -1587 -1588 -1617
f -1617 -1588 -1611
f -1617 -1611 -1609
f -1609 -1611 -1610
f -1609 -1610 -1608
f -1608 -1610 -1561
f -1608 -1561 -1563
f -1563 -1561 -1593
f -1563 -1593 -1594
f -1594 -1593 -1595
f -1594 -1595 -1596
f -1512 -1555 -1513
f -1513 -1555 -1557
f -1597 -1570 -1599
f -1599 -1570 -1569
f -1599 -1569 -1603
f -1592 -1564 -1589
f -1589 -1564 -1572
f -1634 -1631 -1641
f -1641 -1631 -1630
f -1641 -1630 -1627
f -1609 -1622 -1617
f -1617 -1622 -1616
f -1617 -1616 -1587
f -1609 -1621 -1622
f -1622 -1621 -1620
f -1622 -1620 -1615
f -1606 -1605 -1621
f -1621 -1605 -1619
f -1621 -1619 -1620
f -1620 -1619 -1618
f -1620 -1618 -1613
f -1642 -1641 -1643
f -1643 -1641 -1627
f -1643 -1627 -1625
f -1648 -1649 -1658
f -1658 -1649 -1660
f -1658 -1660 -1659
f -1659 -1660 -1650
f -1659 -1650 -1646
f -1646 -1650 -1653
f -1646 -1653 -1645
f -1629 -1628 -1637
f -1637 -1628 -1636
f -1637 -1636 -1635
f -1637 -1640 -1629
f -1629 -1640 -1623
f -1638 -1637 -1639
f -1639 -1637 -1632
f -1659 -1657 -1658
f -1658 -1657 -1656
f -1658 -1656 -1648
f -1648 -1656 -1654
f -1648 -1654 -1647
f -1652 -1651 -1653
f -1653 -1651 -1644
f -1701 -1700 -1702
f -1702 -1700 -1663
f -1702 -1663 -1662
f -1662 -1663 -1669
f -1662 -1669 -1668
f -1668 -1669 -1670
f -1668 -1670 -1661
f -1470 -1474 -1475
f -1475 -1474 -1476
f -1475 -1476 -1478
f -1478 -1476 -1477
f -1478 -1477 -1479
f -1471 -1472 -1479
f -1479 -1472 -1480
f -1479 -1480 -1497
f -1497 -1480 -1495
f -1497 -1495 -1496
f -1496 -1495 -1494
f -1458 -1457 -1461
f -1461 -1457 -1456
f -1461 -1456 -1455
f -1460 -1459 -1461
f -1461 -1459 -1458
f -1450 -1452 -1451
f -1451 -1452 -1453
f -1451 -1453 -1421
f -1443 -1445 -1444
f -1444 -1445 -1446
f -1444 -1446 -1439
f -1514 -1515 -1520
f -1520 -1515 -1516
f -1520 -1516 -1533
f -1533 -1516 -1535
f -1533 -1535 -1534
f -1534 -1535 -1526
f -1534 -1526 -1525
f -1537 -1523 -1534
f -1534 -1523 -1532
f -1534 -1532 -1531
f -1531 -1532 -1530
f -1531 -1530 -1522
f -1502 -1501 -1500
f -1500 -1501 -1499
f -1500 -1499 -1498
f -1498 -1499 -1497
f -1498 -1497 -1496
f -1475 -1492 -1470
f -1470 -1492 -1493
f -1315 -1314 -1320
f -1320 -1314 -1313
f -1320 -1313 -1360
f -1316 -1320 -1317
f -1317 -1320 -1318
f -1317 -1318 -1306
f -1287 -1286 -1288
f -1288 -1286 -1282
f -1288 -1282 -1283
f -1235 -1236 -1249
f -1249 -1236 -1248
f -1249 -1248 -1247
f -1247 -1248 -1246
f -1247 -1246 -1245
f -1245 -1246 -1244
f -1245 -1244 -1243
f -1243 -1244 -1242
f -1243 -1242 -1241
f -1241 -1242 -1240
f -1241 -1240 -1239
f -1239 -1240 -1238
f -1239 -1238 -1237
f -1275 -1257 -1256
f -1256 -1257 -1255
f -1256 -1255 -1254
f -1254 -1255 -1253
f -1254 -1253 -1252
f -1252 -1253 -1251
f -1252 -1251 -1250
f -1250 -1251 -1262
f -1250 -1262 -1260
f -1260 -1262 -1261
f -1260 -1261 -1259
f -1172 -1183 -1173
f -1173 -1183 -1181
f -1173 -1181 -1171
f -1171 -1170 -1173
f -1173 -1170 -1169
f -6856 -6857 -6858
f -6858 -6857 -6859
f -6858 -6859 -6860
f -6860 -6859 -6861
f -6860 -6861 -6862
f -6862 -6861 -6863
f -6862 -6863 -6864
f -6864 -6863 -6865
f -6864 -6865 -6866
f -6866 -6865 -6867
f -6866 -6867 -6868
f -6868 -6867 -6869
f -6868 -6869 -6870
f -6870 -6869 -6871
f -6870 -6871 -6872
f -6872 -6871 -6873
f -6872 -6873 -6874
f -6874 -6873 -6875
f -6874 -6875 -6876
f -6876 -6875 -6877
f -6876 -6877 -6878
f -6878 -6877 -6879
f -6878 -6879 -6880
f -6880 -6879 -6881
f -6880 -6881 -6882
f -6882 -6881 -6883
f -6882 -6883 -6884
f -6884 -6883 -6885
f -6884 -6885 -6914
f -6914 -6885 -6913
f -6914 -6913 -6912
f -6912 -6913 -6911
f -6912 -6911 -6910
f -6910 -6911 -6909
f -6910 -6909 -6908
f -6908 -6909 -6907
f -6908 -6907 -6906
f -6906 -6907 -6905
f -6906 -6905 -6904
f -6904 -6905 -6903
f -6904 -6903 -6902
f -6902 -6903 -6901
f -6902 -6901 -6900
f -6900 -6901 -6899
f -6900 -6899 -6898
f -6898 -6899 -6897
f -6898 -6897 -6896
f -6896 -6897 -6895
f -6896 -6895 -6894
f -6894 -6895 -6893
f -6894 -6893 -6892
f -6892 -6893 -6891
f -6892 -6891 -6890
f -6890 -6891 -6889
f -6890 -6889 -6888
f -6888 -6889 -6887
f -6888 -6887 -6886
f -6796 -6797 -6798
f -6798 -6797 -6799
f -6798 -6799 -6800
f -6800 -6799 -6801
f -6800 -6801 -6802
f -6802 -6801 -6803
f -6802 -6803 -6804
f -6804 -6803 -6805
f -6804 -6805 -6806
f -6806 -6805 -6807
f -6806 -6807 -6808
f -6808 -6807 -6809
f -6808 -6809 -6810
f -6810 -6809 -6811
f -6810 -6811 -6812
f -6812 -6811 -6813
f -6812 -6813 -6814
f -6814 -6813 -6815
f -6814 -6815 -6816
f -6816 -6815 -6817
f -6816 -6817 -6818
f -6818 -6817 -6819
f -6818 -6819 -6820
f -6820 -6819 -6821
f -6820 -6821 -6822
f -6822 -6821 -6823
f -6822 -6823 -6824
f -6824 -6823 -6825
f -6824 -6825 -6854
f -6854 -6825 -6853
f -6854 -6853 -6852
f -6852 -6853 -6851
f -6852 -6851 -6850
f -6850 -6851 -6849
f -6850 -6849 -6848
f -6848 -6849 -6847
f -6848 -6847 -6846
f -6846 -6847 -6845
f -6846 -6845 -6844
f -6844 -6845 -6843
f -6844 -6843 -6842
f -6842 -6843 -6841
f -6842 -6841 -6840
f -6840 -6841 -6839
f -6840 -6839 -6838
f -6838 -6839 -6837
f -6838 -6837 -6836
f -6836 -6837 -6835
f -6836 -6835 -6834
f -6834 -6835 -6833
f -6834 -6833 -6832
f -6832 -6833 -6831
f -6832 -6831 -6830
f -6830 -6831 -6829
f -6830 -6829 -6828
f -6828 -6829 -6827
f -6828 -6827 -6826
f -7012 -7011 -7035
f -7035 -7011 -7010
f -7035 -7010 -7009
f -7022 -7021 -7034
f -7034 -7021 -7020
f -7034 -7020 -7053
f -7015 -7014 -7035
f -7035 -7014 -7013
f -7035 -7013 -7012
f -7025 -7024 -7034
f -7034 -7024 -7023
f -7034 -7023 -7022
f -7018 -7017 -7035
f -7035 -7017 -7016
f -7035 -7016 -7015
f -7028 -7027 -7034
f -7034 -7027 -7026
f -7034 -7026 -7025
f -7031 -7030 -7034
f -7034 -7030 -7029
f -7034 -7029 -7028
f -7007 -7006 -7035
f -7035 -7006 -7005
f -7035 -7005 -7004
f -7009 -7008 -7035
f -7035 -7008 -7007
f -6998 -6997 -7033
f -7033 -6997 -6996
f -7033 -6996 -6995
f -7001 -7000 -7033
f -7033 -7000 -6999
f -7033 -6999 -6998
f -7004 -7003 -7033
f -7033 -7003 -7002
f -7033 -7002 -7001
f -6995 -6994 -7033
f -7033 -6994 -6993
f -7033 -6993 -7032
f -7039 -7038 -7054
f -7054 -7038 -7037
f -7054 -7037 -7036
f -7042 -7041 -7054
f -7054 -7041 -7040
f -7054 -7040 -7039
f -7045 -7044 -7054
f -7054 -7044 -7043
f -7054 -7043 -7042
f -7048 -7047 -7054
f -7054 -7047 -7046
f -7054 -7046 -7045
f -7051 -7050 -7054
f -7054 -7050 -7049
f -7054 -7049 -7048
f -7034 -7053 -7054
f -7054 -7053 -7052
f -7054 -7052 -7051
f -2155 -2156 -2154
f -2154 -2156 -2153
f -2154 -2153 -2152
f -6960 -6959 -6991
f -6991 -6959 -6958
f -6991 -6958 -6990
f -6963 -6962 -6991
f -6991 -6962 -6961
f -6991 -6961 -6960
f -6966 -6965 -6991
f -6991 -6965 -6964
f -6991 -6964 -6963
f -6983 -6982 -6992
f -6992 -6982 -6981
f -6992 -6981 -6980
f -6986 -6985 -6992
f -6992 -6985 -6984
f -6992 -6984 -6983
f -6989 -6988 -6992
f -6992 -6988 -6987
f -6992 -6987 -6986
f -6969 -6968 -6991
f -6991 -6968 -6967
f -6991 -6967 -6966
f -6972 -6971 -6991
f -6991 -6971 -6970
f -6991 -6970 -6969
f -6980 -6979 -6992
f -6992 -6979 -6978
f -6992 -6978 -6977
f -6943 -6942 -6975
f -6975 -6942 -6974
f -6975 -6974 -6991
f -6991 -6974 -6973
f -6991 -6973 -6972
f -6935 -6934 -6976
f -6976 -6934 -6933
f -6976 -6933 -6932
f -6946 -6945 -6975
f -6975 -6945 -6944
f -6975 -6944 -6943
f -6938 -6937 -6976
f -6976 -6937 -6936
f -6976 -6936 -6935
f -6949 -6948 -6975
f -6975 -6948 -6947
f -6975 -6947 -6946
f -6941 -6940 -6976
f -6976 -6940 -6939
f -6976 -6939 -6938
f -6952 -6951 -6975
f -6975 -6951 -6950
f -6975 -6950 -6949
f -6955 -6954 -6975
f -6975 -6954 -6953
f -6975 -6953 -6952
f -6932 -6931 -6976
f -6976 -6931 -6957
f -6976 -6957 -6975
f -6975 -6957 -6956
f -6975 -6956 -6955
f -1687 -1685 -1686
f -1686 -1685 -1684
f -1686 -1684 -1675
f -1675 -1684 -1676
f -1900 -1902 -1897
f -1897 -1902 -1903
f -1897 -1903 -1911
f -1911 -1903 -1901
f -1911 -1901 -1908
f -1904 -1910 -1909
f -1909 -1910 -1911
f -1909 -1911 -1908
f -1907 -1906 -1909
f -1909 -1906 -1905
f -1909 -1905 -1904
f -1921 -1923 -1922
f -1922 -1923 -1920
f -1922 -1920 -1924
f -1924 -1926 -1925
f -1925 -1926 -1931
f -1925 -1931 -1913
f -1914 -1928 -1915
f -1915 -1928 -1930
f -1915 -1930 -1918
f -1918 -1930 -1926
f -1918 -1926 -1924
f -1928 -1929 -1930
f -1930 -1929 -1931
f -1930 -1931 -1926
f -650 -723 -724
f -724 -723 -730
f -711 -713 -712
f -712 -713 -706
f -720 -722 -721
f -721 -722 -713
f -690 -692 -691
f -691 -692 -685
f -704 -706 -705
f -705 -706 -699
f -697 -699 -698
f -698 -699 -692
f -683 -685 -684
f -684 -685 -678
f -676 -678 -677
f -677 -678 -671
f -669 -671 -670
f -670 -671 -664
f -662 -664 -663
f -663 -664 -657
f -800 -801 -802
f -802 -801 -803
f -794 -795 -796
f -796 -795 -797
f -1066 -1067 -1068
f -1068 -1067 -1069
f -1094 -1095 -1096
f -1096 -1095 -1097
f -1098 -1099 -1100
f -1100 -1099 -1101
f -1144 -1146 -1145
f -1145 -1146 -1147
f -1164 -1163 -1162
f -1162 -1163 -1161
f -1162 -1161 -1160
f -1160 -1161 -1159
f -1160 -1159 -1158
f -1158 -1159 -1157
f -1158 -1157 -1156
f -1156 -1157 -1155
f -1156 -1155 -1154
f -1154 -1155 -1153
f -1154 -1153 -1152
f -1152 -1153 -1151
f -1152 -1151 -1150
f -1150 -1151 -1149
f -1150 -1149 -1148
f -1148 -1149 -1147
f -1148 -1147 -1146
f -1165 -1166 -1167
f -1167 -1166 -1168
f -418 -354 -355
f -355 -354 -367
f -374 -375 -376
f -376 -375 -377
f -371 -372 -373
f -373 -372 -375
f -384 -385 -386
f -386 -385 -387
f -380 -381 -382
f -382 -381 -383
f -388 -394 -389
f -389 -394 -294
f -393 -394 -395
f -395 -394 -397
f -396 -397 -398
f -398 -397 -399
f -400 -401 -402
f -402 -401 -403
f -1 -144 -145
f -145 -144 -146
f -145 -146 -147
f -147 -146 -148
f -147 -148 -149
f -149 -148 -150
f -149 -150 -151
f -151 -150 -152
f -151 -152 -153
f -153 -152 -154
f -153 -154 -155
f -155 -154 -156
f -155 -156 -157
f -157 -156 -158
f -157 -158 -159
f -159 -158 -160
f -159 -160 -161
f -161 -160 -162
f -161 -162 -163
f -163 -162 -164
f -163 -164 -165
f -165 -164 -166
f -165 -166 -167
f -167 -166 -168
f -167 -168 -169
f -169 -168 -170
f -169 -170 -171
f -171 -170 -172
f -171 -172 -173
f -173 -172 -174
f -173 -174 -175
f -175 -174 -176
f -175 -176 -177
f -177 -176 -178
f -177 -178 -179
f -179 -178 -180
f -179 -180 -181
f -181 -180 -182
f -181 -182 -183
f -183 -182 -184
f -183 -184 -185
f -185 -184 -186
f -185 -186 -187
f -187 -186 -188
f -187 -188 -189
f -189 -188 -190
f -189 -190 -191
f -191 -190 -192
f -191 -192 -193
f -193 -192 -194
f -193 -194 -195
f -195 -194 -196
f -195 -196 -197
f -197 -196 -198
f -197 -198 -199
f -199 -198 -200
f -199 -200 -201
f -201 -200 -202
f -201 -202 -203
f -203 -202 -204
f -203 -204 -205
f -205 -204 -206
f -205 -206 -207
f -207 -206 -208
f -207 -208 -209
f -209 -208 -210
f -209 -210 -211
f -211 -210 -212
f -211 -212 -213
f -213 -212 -214
f -213 -214 -215
f -215 -214 -216
f -215 -216 -217
f -217 -216 -218
f -217 -218 -219
f -219 -218 -220
f -219 -220 -221
f -221 -220 -222
f -221 -222 -223
f -223 -222 -224
f -223 -224 -225
f -225 -224 -226
f -225 -226 -227
f -3471 -3472 -3480
f -3480 -3472 -3482
f -3435 -3425 -3426
f -3426 -3425 -3427
f -3414 -3419 -3412
f -3412 -3419 -3413
f -628 -629 -630
f -630 -629 -631
f -500 -501 -632
f -632 -501 -502
f -655 -657 -656
f -656 -657 -723
f -3315 -3317 -3316
f -3316 -3317 -3320
f -3272 -3273 -3285
f -3285 -3273 -3266
f -3285 -3266 -3267
f -3267 -3266 -3268
f -3267 -3268 -3269
f -409 -410 -411
f -411 -410 -413
f -412 -413 -414
f -414 -413 -415
f -404 -410 -405
f -405 -410 -299
f -3256 -3255 -3254
f -3254 -3255 -3253
f -3254 -3253 -3252
f -3252 -3253 -3251
f -3252 -3251 -3288
f -2414 -2435 -2415
f -2415 -2435 -2436
f -2352 -2354 -2353
f -2353 -2354 -2355
f -2345 -2346 -2344
f -2344 -2346 -2343
f -2344 -2343 -2342
f -2342 -2343 -2341
f -2342 -2341 -2358
f -2358 -2341 -2357
f -2358 -2357 -2359
f -2358 -2359 -2360
f -2360 -2359 -2361
f -2364 -2366 -2365
f -2365 -2366 -2368
f -2489 -2488 -2490
f -2490 -2488 -2487
f -2490 -2484 -2483
f -2483 -2484 -2410
f -2483 -2410 -2409
f -2390 -2570 -2572
f -2572 -2570 -2571
f -2572 -2571 -2573
f -2573 -2571 -2394
f -2394 -2569 -2494
f -2494 -2569 -2495
f -2525 -2526 -2527
f -2527 -2526 -2529
f -2527 -2529 -2530
f -2409 -2408 -2483
f -2483 -2408 -2407
f -2541 -2539 -2538
f -2538 -2539 -2433
f -2532 -2533 -2534
f -2534 -2533 -2535
f -2757 -2756 -2755
f -2755 -2756 -2754
f -2755 -2754 -2753
f -2753 -2754 -2752
f -2753 -2752 -2751
f -2751 -2752 -2750
f -2751 -2750 -2749
f -2748 -2747 -2746
f -2746 -2747 -2745
f -2746 -2745 -2744
f -2742 -2743 -2741
f -2741 -2743 -2724
f -2741 -2724 -2720
f -2740 -2737 -2736
f -2736 -2737 -2738
f -6187 -6188 -6189
f -6189 -6188 -6190
f -6179 -6180 -6181
f -6181 -6180 -6182
f -6183 -6184 -6185
f -6185 -6184 -6186
f -6192 -6200 -6201
f -6201 -6200 -6206
f -6201 -6206 -6202
f -6193 -6198 -6199
f -6199 -6198 -6205
f -6207 -6208 -6209
f -6209 -6208 -6210
f -1594 -1562 -1563
f -1563 -1562 -1606
f -1563 -1606 -1608
f -1608 -1606 -1621
f -1608 -1621 -1607
f -1612 -1614 -1613
f -1613 -1614 -1620
f -1654 -1656 -1655
f -1655 -1656 -1657
f -1649 -1651 -1660
f -1660 -1651 -1650
f -1664 -1666 -1667
f -1667 -1666 -1680
f -1667 -1680 -1681
f -1681 -1680 -1684
f -1681 -1684 -1683
f -1679 -1678 -1677
f -1677 -1678 -1676
f -1677 -1676 -1684
f -1486 -1487 -1488
f -1488 -1487 -1489
f -1451 -1440 -1442
f -1442 -1440 -1441
f -1442 -1441 -1443
f -1423 -1422 -1424
f -1424 -1422 -1448
f -1424 -1448 -1449
f -1449 -1448 -1450
f -1449 -1450 -1451
f -1424 -1449 -1437
f -1437 -1449 -1444
f -1437 -1444 -1438
f -1438 -1444 -1439
f -1490 -1491 -1492
f -1492 -1491 -1493
f -1362 -1363 -1364
f -1364 -1363 -1365
f -1341 -1322 -1321
f -1321 -1322 -1343
f -1321 -1343 -1344
f -1344 -1343 -1345
f -1344 -1345 -1346
f -1346 -1345 -1347
f -1346 -1347 -1348
f -1348 -1347 -1349
f -1348 -1349 -1350
f -1350 -1349 -1351
f -1350 -1351 -1352
f -1352 -1351 -1353
f -1352 -1353 -1354
f -1354 -1353 -1355
f -1354 -1355 -1356
f -1356 -1355 -1357
f -1356 -1357 -1358
f -1358 -1357 -1359
f -1358 -1359 -1360
f -1360 -1359 -1361
f -1360 -1361 -1320
f -1281 -1280 -1279
f -1279 -1280 -1278
f -1279 -1278 -1277
f -1277 -1278 -1276
f -1288 -1283 -1284
f -1284 -1283 -1285
f -1294 -1293 -1292
f -1292 -1293 -1286
f -1292 -1286 -1287
f -1180 -1181 -1182
f -1182 -1181 -1183
f -6915 -6916 -6917
f -6917 -6916 -6918
f -6919 -6920 -6921
f -6921 -6920 -6922
f -6923 -6924 -6925
f -6925 -6924 -6926
f -6927 -6928 -6929
f -6929 -6928 -6930
f -7033 -7032 -7034
f -7034 -7032 -7031
f -7054 -7036 -7035
f -7035 -7036 -7019
f -7035 -7019 -7018
f -6991 -6990 -6992
f -6992 -6990 -6989
f -6941 -6976 -6977
f -6977 -6976 -6992
f -1896 -1898 -1900
f -1900 -1898 -1901
f -1910 -1912 -1911
f -1911 -1912 -1897
f -1916 -1917 -1919
f -1919 -1917 -1918
f -1830 -1831 -1832
f -1832 -1831 -1833
f -1832 -1833 -1834
f -1834 -1833 -1835
f -1834 -1835 -1836
f -1836 -1835 -1837
f -1836 -1837 -1838
f -1838 -1837 -1839
f -1838 -1839 -1840
f -1840 -1839 -1841
f -1840 -1841 -1842
f -1842 -1841 -1843
f -1842 -1843 -1844
f -1844 -1843 -1845
f -1844 -1845 -1846
f -1846 -1845 -1847
f -1846 -1847 -1848
f -1848 -1847 -1849
f -1848 -1849 -1850
f -1850 -1849 -1851
f -1850 -1851 -1852
f -1852 -1851 -1853
f -1852 -1853 -1854
f -1854 -1853 -1855
f -370 -369 -368
f -368 -369 -339
f -1070 -1092 -1093
f -3450 -3485 -3486
f -2348 -2347 -2349
f -2322 -2329 -2323
f -1568 -1570 -1597
f -1626 -1631 -1634
f -1679 -1670 -1669
f -1451 -1421 -1440
f -1531 -1522 -1521
f -1501 -1502 -1489
f -1315 -1320 -1316
f -1318 -1320 -1319
f -2138 -2154 -2152
f -1899 -1902 -1900
f -1927 -1929 -1928
f -1142 -1143 -1141
f -3422 -3423 -3438
f -3303 -3310 -3304
f -3254 -3246 -3256
f -3249 -3250 -3238
f -2345 -2348 -2346
f -2329 -2336 -2330
f -2354 -2356 -2355
f -2569 -2570 -2568
f -2524 -2526 -2525
f -2742 -2744 -2743
f -2740 -2742 -2741
f -1584 -1583 -1582
f -1601 -1604 -1600
f -1597 -1599 -1598
f -1614 -1616 -1620
f -1636 -1628 -1624
f -1666 -1679 -1680
f -1479 -1497 -1478
f -1452 -1454 -1453
f -1445 -1447 -1446
f -1443 -1444 -1442
f -1525 -1538 -1534
f -1520 -1554 -1514
f -6795 -6797 -6796
f -1294 -1291 -1293
f -1234 -1236 -1235
f -1258 -1260 -1259
f -6855 -6857 -6856
f -7033 -7035 -7004
f -2155 -2157 -2156
f -1902 -1901 -1903
f -1908 -1907 -1909
f -1914 -1915 -1916
f -1920 -1923 -1919
f -714 -722 -715
f -1103 -1105 -1104
f -1102 -1106 -1104
f -1113 -1115 -1114
f -1109 -1113 -1111
f -1110 -1112 -1111
f -1106 -1108 -1107
f -330 -332 -331
f -336 -338 -337
f -632 -634 -633
f -3317 -3321 -3318
f -3326 -3328 -3327
f -3321 -3326 -3322
f -3323 -3325 -3324
f -3319 -3324 -3320
f -3312 -3314 -3313
f -2338 -2350 -2339
f -2369 -2373 -2368
f -2369 -2372 -2370
f -2366 -2369 -2367
f -1571 -1574 -1572
f -1564 -1571 -1573
f -1565 -1567 -1566
f -1519 -1558 -1554
f -1521 -1519 -1556
f -1590 -1592 -1591
f -1633 -1635 -1634
f -1639 -1642 -1640
f -1473 -1490 -1486
f -1502 -1488 -1492
f -1519 -1520 -1522
f -1682 -1685 -1683
f -1827 -1829 -1828
f -727 -726 -728
f -728 -726 -725
f -775 -769 -768
f -768 -769 -640
f -769 -763 -762
f -762 -763 -639
f -781 -775 -774
f -774 -775 -641
f -787 -781 -780
f -780 -781 -642
f -735 -734 -736
f -736 -734 -733
f -757 -751 -750
f -750 -751 -637
f -751 -745 -744
f -744 -745 -636
f -860 -859 -861
f -861 -859 -858
f -853 -852 -854
f -854 -852 -851
f -874 -873 -875
f -875 -873 -872
f -881 -880 -882
f -882 -880 -879
f -867 -866 -868
f -868 -866 -865
f -890 -889 -891
f -891 -889 -888
f -802 -799 -798
f -798 -799 -645
f -799 -793 -792
f -792 -793 -644
f -793 -787 -786
f -786 -787 -643
f -839 -838 -840
f -840 -838 -837
f -846 -845 -847
f -847 -845 -844
f -825 -824 -826
f -826 -824 -823
f -832 -831 -833
f -833 -831 -830
f -3555 -3553 -3470
f -3470 -3553 -3469
f -3470 -3469 -3468
f -551 -557 -552
f -552 -557 -465
f -469 -573 -470
f -470 -573 -468
f -534 -533 -540
f -540 -533 -532
f -531 -530 -538
f -538 -530 -529
f -537 -536 -538
f -538 -536 -535
f -580 -579 -581
f -581 -579 -471
f -474 -589 -475
f -475 -589 -473
f -589 -591 -590
f -590 -591 -479
f -463 -551 -464
f -464 -551 -462
f -564 -563 -565
f -565 -563 -466
f -3464 -3463 -3470
f -3470 -3463 -3462
f -3470 -3462 -3461
f -3467 -3466 -3470
f -3470 -3466 -3465
f -3470 -3465 -3464
f -614 -616 -615
f -615 -616 -497
f -516 -515 -517
f -517 -515 -514
f -521 -519 -520
f -520 -519 -518
f -477 -476 -478
f -478 -476 -529
f -495 -494 -496
f -496 -494 -493
f -482 -481 -483
f -483 -481 -480
f -2148 -2147 -2149
f -2149 -2147 -2201
f -2149 -2201 -2202
f -2606 -2605 -2607
f -2607 -2605 -2600
f -2607 -2600 -2601
f -2601 -2600 -2602
f -2601 -2602 -2599
f -2187 -2186 -2188
f -2188 -2186 -2151
f -2188 -2151 -2197
f -2197 -2151 -2196
f -2197 -2196 -2195
f -2195 -2196 -2194
f -2195 -2194 -2193
f -2596 -2595 -2597
f -2597 -2595 -2587
f -2597 -2587 -2579
f -2582 -2581 -2590
f -2590 -2581 -2580
f -2590 -2580 -2586
f -2634 -2635 -2636
f -2636 -2635 -2637
f -2636 -2637 -2632
f -2632 -2637 -2631
f -2632 -2631 -2630
f -2630 -2631 -2629
f -2630 -2629 -2628
f -2614 -2615 -2616
f -2616 -2615 -2617
f -2616 -2617 -2612
f -2612 -2617 -2611
f -2612 -2611 -2610
f -2610 -2611 -2609
f -2610 -2609 -2608
f -2624 -2625 -2626
f -2626 -2625 -2627
f -2626 -2627 -2622
f -2622 -2627 -2621
f -2622 -2621 -2620
f -2620 -2621 -2619
f -2620 -2619 -2618
f -2656 -2657 -2654
f -2654 -2657 -2653
f -2654 -2653 -2652
f -2652 -2653 -2651
f -2652 -2651 -2650
f -2650 -2651 -2648
f -2650 -2648 -2649
f -2644 -2645 -2646
f -2646 -2645 -2647
f -2646 -2647 -2642
f -2642 -2647 -2641
f -2642 -2641 -2640
f -2640 -2641 -2639
f -2640 -2639 -2638
f -2664 -2665 -2666
f -2666 -2665 -2667
f -2666 -2667 -2662
f -2662 -2667 -2661
f -2662 -2661 -2660
f -2660 -2661 -2659
f -2660 -2659 -2658
f -2668 -2669 -2672
f -2672 -2669 -2671
f -2672 -2671 -2670
f -2670 -2671 -2677
f -2670 -2677 -2675
f -2675 -2677 -2676
f -2675 -2676 -2674
f -2679 -2700 -2690
f -2690 -2700 -2689
f -2690 -2689 -2688
f -2688 -2689 -2687
f -2688 -2687 -2686
f -2686 -2687 -2685
f -2686 -2685 -2684
f -2695 -2697 -2696
f -2696 -2697 -2698
f -2696 -2698 -2680
f -2680 -2698 -2700
f -2706 -2692 -2696
f -2696 -2692 -2691
f -2696 -2691 -2694
f -2698 -2699 -2700
f -2700 -2699 -2701
f -2700 -2701 -2683
f -2706 -2705 -2704
f -2704 -2705 -2703
f -2704 -2703 -2702
f -2931 -2930 -2935
f -2935 -2930 -2936
f -2935 -2936 -2943
f -2918 -2934 -2932
f -2932 -2934 -2933
f -2932 -2933 -2931
f -2945 -2946 -2947
f -2947 -2946 -2948
f -2947 -2948 -2949
f -2949 -2948 -2950
f -2949 -2950 -2951
f -2951 -2950 -2952
f -2951 -2952 -2937
f -2937 -2952 -2938
f -2937 -2938 -2939
f -2939 -2938 -2940
f -2939 -2940 -2941
f -2941 -2940 -2942
f -2941 -2942 -2943
f -2943 -2942 -2944
f -2943 -2944 -2935
f -2844 -2850 -2845
f -2845 -2850 -2846
f -2845 -2846 -2843
f -2849 -2848 -2850
f -2850 -2848 -2847
f -2850 -2847 -2846
f -2840 -2839 -2845
f -2845 -2839 -2838
f -2845 -2838 -2851
f -2843 -2842 -2845
f -2845 -2842 -2841
f -2845 -2841 -2840
f -2837 -2886 -2887
f -2887 -2886 -2888
f -2887 -2888 -2889
f -2889 -2888 -2890
f -2889 -2890 -2885
f -2877 -2879 -2878
f -2878 -2879 -2850
f -2878 -2850 -2844
f -2883 -2881 -2882
f -2882 -2881 -2880
f -2882 -2880 -2850
f -2850 -2880 -2849
f -3049 -3054 -3055
f -3055 -3054 -3056
f -3055 -3056 -3057
f -3057 -3056 -3058
f -3057 -3058 -3027
f -3027 -3058 -3026
f -3027 -3026 -3025
f -1182 -1183 -1184
f -1184 -1183 -1185
f -1184 -1185 -1186
f -1186 -1185 -1187
f -1186 -1187 -1188
f -1188 -1187 -1189
f -1188 -1189 -1190
f -1190 -1189 -1191
f -1190 -1191 -1192
f -1192 -1191 -1193
f -1192 -1193 -1194
f -1194 -1193 -1195
f -1194 -1195 -1196
f -1196 -1195 -1197
f -1196 -1197 -1198
f -1198 -1197 -1199
f -1198 -1199 -1200
f -1200 -1199 -1201
f -1200 -1201 -1202
f -1202 -1201 -1203
f -1202 -1203 -1204
f -1204 -1203 -1205
f -1204 -1205 -1206
f -1206 -1205 -1207
f -1206 -1207 -1208
f -1208 -1207 -1209
f -1208 -1209 -1210
f -1210 -1209 -1211
f -1210 -1211 -1212
f -1212 -1211 -1213
f -1212 -1213 -1214
f -1214 -1213 -1215
f -1214 -1215 -1216
f -1216 -1215 -1217
f -1216 -1217 -1218
f -1218 -1217 -1219
f -1218 -1219 -1220
f -1220 -1219 -1221
f -1220 -1221 -1222
f -1222 -1221 -1223
f -1222 -1223 -1179
f -1179 -1223 -1178
f -1951 -1987 -1989
f -1989 -1987 -1988
f -1989 -1988 -1990
f -1990 -1988 -1956
f -1990 -1956 -1959
f -1959 -1956 -1958
f -1959 -1958 -1984
f -1984 -1958 -1957
f -1984 -1957 -1986
f -1986 -1957 -2010
f -1986 -2010 -1985
f -1985 -2010 -1974
f -1985 -1974 -1972
f -1972 -1974 -1973
f -1972 -1973 -1971
f -1971 -1973 -2006
f -1971 -2006 -2008
f -2008 -2006 -2007
f -2008 -2007 -2009
f -1991 -1990 -2036
f -2036 -1990 -1959
f -2036 -1959 -1955
f -1955 -1959 -1982
f -1955 -1982 -1980
f -1980 -1982 -1981
f -1980 -1981 -1979
f -1979 -1981 -1975
f -1979 -1975 -2020
f -2020 -1975 -2019
f -2020 -2019 -2021
f -2021 -2019 -1965
f -2021 -1965 -1964
f -1964 -1965 -1960
f -1964 -1960 -1997
f -1997 -1995 -1996
f -1996 -1995 -1994
f -1996 -1994 -2025
f -2025 -1994 -2027
f -2025 -2027 -2026
f -2026 -2027 -2033
f -2026 -2033 -2031
f -2031 -2033 -2032
f -2031 -2032 -2030
f -2030 -2032 -1978
f -2030 -1978 -1979
f -1979 -1978 -1980
f -1964 -1997 -1998
f -1998 -1997 -1996
f -1998 -1996 -2024
f -2024 -1996 -2025
f -2024 -2025 -2031
f -2031 -2025 -2026
f -1999 -2001 -2000
f -2000 -2001 -2002
f -2000 -2002 -1969
f -1969 -2002 -1968
f -1969 -1968 -1976
f -1976 -1968 -1975
f -1976 -1975 -1981
f -1972 -1977 -1985
f -1985 -1977 -1983
f -1985 -1983 -1984
f -1984 -1983 -1982
f -1984 -1982 -1959
f -1971 -1970 -1977
f -1977 -1970 -1976
f -1977 -1976 -1983
f -1983 -1976 -1981
f -1983 -1981 -1982
f -2005 -1963 -1966
f -1966 -1963 -1962
f -1966 -1962 -1961
f -1960 -1965 -1966
f -1966 -1965 -2019
f -1966 -2019 -1967
f -1967 -2019 -1975
f -1967 -1975 -1968
f -2009 -1999 -2008
f -2008 -1999 -2000
f -2008 -2000 -1970
f -1970 -2000 -1969
f -1970 -1969 -1976
f -2037 -2036 -2038
f -2038 -2036 -1955
f -2038 -1955 -1954
f -1954 -1955 -1978
f -1954 -1978 -2032
f -2037 -2035 -2036
f -2036 -2035 -2034
f -2036 -2034 -1992
f -1995 -1993 -1994
f -1994 -1993 -2039
f -1994 -2039 -2027
f -2027 -2039 -2040
f -2027 -2040 -2028
f -2028 -2040 -2042
f -2047 -2048 -2055
f -2055 -2048 -2052
f -2055 -2052 -2053
f -2053 -2052 -2051
f -2053 -2051 -2049
f -2046 -2047 -2057
f -2057 -2047 -2055
f -2057 -2055 -2056
f -2056 -2055 -2054
f -2056 -2054 -2066
f -2045 -2046 -2058
f -2058 -2046 -2057
f -2058 -2057 -2064
f -2064 -2057 -2056
f -2064 -2056 -2066
f -2060 -2045 -2059
f -2059 -2045 -2058
f -2059 -2058 -2062
f -2062 -2058 -2064
f -2062 -2064 -2063
f -2063 -2064 -2065
f -2063 -2065 -2067
f -2060 -2059 -2061
f -2061 -2059 -2062
f -2061 -2062 -2068
f -2068 -2062 -2063
f -2068 -2063 -2067
f -1952 -2018 -1953
f -1953 -2018 -2016
f -1953 -2016 -2014
f -2014 -2016 -2015
f -2014 -2015 -2013
f -2013 -2015 -1973
f -2013 -1973 -1974
f -1973 -2015 -2006
f -2006 -2015 -2007
f -1974 -2010 -2011
f -2011 -2010 -2012
f -2011 -2012 -2013
f -2013 -2012 -2014
f -2001 -2003 -2002
f -2002 -2003 -2004
f -2002 -2004 -1968
f -1968 -2004 -1967
f -1979 -2020 -2030
f -2030 -2020 -2022
f -2030 -2022 -2029
f -2029 -2022 -2023
f -2029 -2023 -2024
f -2024 -2023 -1998
f -1967 -2004 -1966
f -1966 -2004 -2005
f -1964 -2023 -2021
f -2021 -2023 -2022
f -2021 -2022 -2020
f -2083 -2086 -2088
f -2088 -2086 -2087
f -2088 -2087 -2089
f -2078 -2080 -2079
f -2079 -2080 -2081
f -2079 -2081 -2072
f -2074 -2075 -2076
f -2076 -2075 -2073
f -2076 -2073 -2078
f -2079 -2072 -2077
f -2077 -2072 -2076
f -2077 -2076 -2078
f -2060 -2061 -2070
f -2070 -2061 -2068
f -2070 -2068 -2069
f -2069 -2068 -2067
f -2069 -2067 -2044
f -2143 -2142 -2146
f -2146 -2142 -2141
f -2146 -2141 -2178
f -2156 -2157 -2158
f -2158 -2157 -2159
f -2158 -2159 -2161
f -2161 -2159 -2160
f -2161 -2160 -2162
f -2137 -2165 -2164
f -2164 -2165 -2166
f -2164 -2166 -2163
f -2185 -2136 -2192
f -2192 -2136 -2191
f -2192 -2191 -2190
f -2190 -2191 -2189
f -2190 -2189 -2188
f -2188 -2189 -2187
f -1882 -1880 -1881
f -1881 -1880 -1875
f -1881 -1875 -1874
f -1879 -1878 -1880
f -1880 -1878 -1876
f -1880 -1876 -1875
f -1878 -1871 -1893
f -1893 -1871 -1895
f -1893 -1895 -1894
f -1892 -1888 -1891
f -1891 -1888 -1889
f -1891 -1889 -1877
f -1877 -1876 -1891
f -1891 -1876 -1878
f -1891 -1878 -1893
f -1861 -1860 -1859
f -1859 -1860 -1858
f -1859 -1858 -1857
f -1864 -1863 -1869
f -1869 -1863 -1867
f -1869 -1867 -1868
f -1868 -1867 -1866
f -1868 -1866 -1862
f -1868 -1870 -1869
f -1869 -1870 -1865
f -1869 -1865 -1864
f -758 -759 -760
f -760 -759 -761
f -764 -765 -766
f -766 -765 -767
f -770 -771 -772
f -772 -771 -773
f -776 -777 -778
f -778 -777 -779
f -782 -783 -784
f -784 -783 -785
f -746 -747 -748
f -748 -747 -749
f -752 -753 -754
f -754 -753 -755
f -740 -741 -742
f -742 -741 -743
f -862 -864 -863
f -863 -864 -857
f -855 -857 -856
f -856 -857 -850
f -876 -878 -877
f -877 -878 -871
f -869 -871 -870
f -870 -871 -864
f -883 -885 -884
f -884 -885 -878
f -892 -894 -893
f -893 -894 -885
f -788 -789 -790
f -790 -789 -791
f -834 -836 -835
f -835 -836 -829
f -841 -843 -842
f -842 -843 -836
f -848 -850 -849
f -849 -850 -843
f -827 -829 -828
f -828 -829 -895
f -1117 -1118 -1119
f -1119 -1118 -1120
f -1119 -1120 -1121
f -1121 -1120 -1122
f -1121 -1122 -1123
f -1123 -1122 -1124
f -1123 -1124 -1125
f -1125 -1124 -1126
f -1125 -1126 -1127
f -1127 -1126 -1128
f -1127 -1128 -1129
f -1129 -1128 -1130
f -1129 -1130 -1131
f -1131 -1130 -1132
f -1131 -1132 -1133
f -1133 -1132 -1134
f -1133 -1134 -1135
f -1135 -1134 -1136
f -1135 -1136 -1137
f -1137 -1136 -1138
f -227 -228 -229
f -229 -228 -230
f -229 -230 -231
f -231 -230 -232
f -231 -232 -233
f -233 -232 -234
f -233 -234 -235
f -235 -234 -236
f -235 -236 -237
f -237 -236 -238
f -237 -238 -239
f -239 -238 -240
f -239 -240 -241
f -241 -240 -242
f -241 -242 -243
f -243 -242 -244
f -243 -244 -245
f -245 -244 -246
f -245 -246 -247
f -247 -246 -248
f -247 -248 -249
f -249 -248 -250
f -249 -250 -251
f -251 -250 -252
f -251 -252 -253
f -253 -252 -254
f -253 -254 -255
f -255 -254 -256
f -255 -256 -257
f -257 -256 -258
f -257 -258 -259
f -259 -258 -260
f -259 -260 -261
f -261 -260 -262
f -261 -262 -263
f -263 -262 -264
f -263 -264 -265
f -265 -264 -266
f -265 -266 -267
f -267 -266 -268
f -267 -268 -269
f -269 -268 -270
f -269 -270 -271
f -271 -270 -272
f -271 -272 -273
f -273 -272 -274
f -273 -274 -275
f -275 -274 -276
f -275 -276 -277
f -277 -276 -278
f -277 -278 -279
f -279 -278 -280
f -279 -280 -281
f -281 -280 -282
f -281 -282 -283
f -283 -282 -284
f -283 -284 -285
f -285 -284 -286
f -285 -286 -287
f -287 -286 -288
f -287 -288 -143
f -143 -288 -142
f -143 -142 -141
f -141 -142 -140
f -141 -140 -139
f -139 -140 -138
f -139 -138 -137
f -137 -138 -136
f -137 -136 -135
f -135 -136 -134
f -135 -134 -133
f -133 -134 -132
f -133 -132 -131
f -131 -132 -130
f -131 -130 -129
f -129 -130 -128
f -129 -128 -127
f -127 -128 -126
f -127 -126 -125
f -125 -126 -124
f -125 -124 -123
f -123 -124 -122
f -123 -122 -121
f -121 -122 -120
f -121 -120 -119
f -119 -120 -118
f -119 -118 -117
f -117 -118 -116
f -117 -116 -115
f -115 -116 -114
f -115 -114 -113
f -113 -114 -112
f -113 -112 -111
f -111 -112 -110
f -111 -110 -109
f -109 -110 -108
f -109 -108 -107
f -107 -108 -106
f -107 -106 -105
f -105 -106 -104
f -105 -104 -103
f -103 -104 -102
f -103 -102 -101
f -101 -102 -100
f -101 -100 -99
f -99 -100 -98
f -99 -98 -97
f -97 -98 -96
f -97 -96 -95
f -95 -96 -94
f -95 -94 -93
f -93 -94 -92
f -93 -92 -91
f -91 -92 -90
f -91 -90 -89
f -89 -90 -88
f -89 -88 -87
f -87 -88 -86
f -87 -86 -85
f -85 -86 -84
f -85 -84 -83
f -83 -84 -82
f -83 -82 -81
f -3540 -3538 -3539
f -3539 -3538 -3537
f -3539 -3537 -3451
f -3451 -3537 -3452
f -3451 -3452 -3453
f -3453 -3452 -3546
f -3453 -3546 -3547
f -3547 -3546 -3548
f -3547 -3548 -3549
f -3549 -3548 -3550
f -3549 -3550 -3554
f -3554 -3550 -3552
f -3554 -3552 -3553
f -3553 -3552 -3551
f -3470 -3461 -3562
f -3562 -3461 -3561
f -3562 -3561 -3560
f -3560 -3561 -3559
f -3560 -3559 -3558
f -3558 -3559 -3557
f -3558 -3557 -3556
f -3543 -3542 -3541
f -3541 -3542 -3540
f -3541 -3540 -3539
f -553 -554 -555
f -555 -554 -556
f -557 -558 -559
f -559 -558 -560
f -547 -548 -549
f -549 -548 -550
f -582 -583 -584
f -584 -583 -586
f -577 -583 -578
f -578 -583 -472
f -585 -586 -587
f -587 -586 -588
f -484 -539 -592
f -592 -539 -540
f -592 -593 -594
f -594 -593 -595
f -566 -567 -568
f -568 -567 -570
f -561 -567 -562
f -562 -567 -467
f -573 -574 -575
f -575 -574 -576
f -569 -570 -571
f -571 -570 -572
f -611 -607 -608
f -608 -607 -609
f -601 -602 -603
f -603 -602 -604
f -596 -602 -597
f -597 -602 -486
f -599 -598 -600
f -600 -598 -485
f -487 -604 -513
f -513 -604 -520
f -623 -622 -624
f -624 -622 -498
f -620 -626 -621
f -621 -626 -499
f -610 -611 -612
f -612 -611 -613
f -616 -617 -618
f -618 -617 -619
f -492 -605 -614
f -614 -605 -606
f -625 -626 -627
f -627 -626 -629
f -591 -527 -528
f -528 -527 -540
f -488 -489 -490
f -490 -489 -491
f -2603 -2605 -2604
f -2604 -2605 -2606
f -2596 -2594 -2595
f -2595 -2594 -2593
f -2595 -2593 -2592
f -2576 -2577 -2578
f -2578 -2577 -2591
f -2578 -2591 -2592
f -2592 -2591 -2595
f -2590 -2586 -2585
f -2585 -2586 -2584
f -2585 -2584 -2579
f -2579 -2584 -2575
f -2693 -2695 -2694
f -2694 -2695 -2696
f -2680 -2705 -2696
f -2696 -2705 -2706
f -2821 -2823 -2822
f -2822 -2823 -2808
f -2822 -2808 -2809
f -2809 -2808 -2810
f -2809 -2810 -2811
f -2811 -2810 -2812
f -2811 -2812 -2813
f -2832 -2834 -2833
f -2833 -2834 -2819
f -2833 -2819 -2820
f -2820 -2819 -2821
f -2820 -2821 -2822
f -2785 -2824 -2825
f -2825 -2824 -2826
f -2825 -2826 -2827
f -2827 -2826 -2828
f -2827 -2828 -2829
f -2829 -2828 -2830
f -2829 -2830 -2831
f -2831 -2830 -2832
f -2831 -2832 -2833
f -2855 -2857 -2856
f -2856 -2857 -2835
f -2856 -2835 -2836
f -2845 -2851 -2852
f -2852 -2851 -2853
f -2852 -2853 -2854
f -2854 -2853 -2855
f -2854 -2855 -2856
f -2889 -2885 -2884
f -2884 -2885 -2883
f -2884 -2883 -2882
f -2872 -2873 -2874
f -2874 -2873 -2875
f -2874 -2875 -2876
f -2876 -2875 -2877
f -2876 -2877 -2878
f -3049 -3055 -3050
f -3050 -3055 -3051
f -1407 -1406 -1405
f -1405 -1406 -1404
f -1405 -1404 -1403
f -1403 -1404 -1402
f -1403 -1402 -1401
f -1401 -1402 -1400
f -1401 -1400 -1399
f -1399 -1400 -1398
f -1399 -1398 -1397
f -1397 -1398 -1396
f -1397 -1396 -1395
f -1395 -1396 -1394
f -1395 -1394 -1393
f -1393 -1394 -1392
f -1393 -1392 -1391
f -1391 -1392 -1390
f -1391 -1390 -1389
f -1389 -1390 -1388
f -1389 -1388 -1387
f -1387 -1388 -1386
f -1387 -1386 -1385
f -1385 -1386 -1384
f -1385 -1384 -1383
f -1383 -1384 -1382
f -1383 -1382 -1381
f -1381 -1382 -1380
f -1381 -1380 -1379
f -1379 -1380 -1378
f -1379 -1378 -1377
f -1377 -1378 -1376
f -1377 -1376 -1375
f -1375 -1376 -1374
f -1375 -1374 -1373
f -1373 -1374 -1372
f -1373 -1372 -1371
f -1371 -1372 -1370
f -1371 -1370 -1369
f -1369 -1370 -1368
f -1369 -1368 -1367
f -1367 -1368 -1366
f -1367 -1366 -1365
f -1365 -1366 -1364
f -1939 -1940 -1941
f -1941 -1940 -1942
f -2042 -2040 -2041
f -2041 -2040 -2039
f -2041 -2039 -1993
f -2007 -2015 -2017
f -2017 -2015 -2016
f -2017 -2016 -2018
f -2024 -2031 -2029
f -2029 -2031 -2030
f -2090 -2091 -2092
f -2092 -2091 -2093
f -2092 -2093 -2094
f -2094 -2093 -2095
f -2094 -2095 -2096
f -2096 -2095 -2097
f -2096 -2097 -2098
f -2098 -2097 -2099
f -2098 -2099 -2100
f -2100 -2099 -2101
f -2100 -2101 -2102
f -2102 -2101 -2103
f -2102 -2103 -2104
f -2104 -2103 -2105
f -2104 -2105 -2106
f -2106 -2105 -2107
f -2106 -2107 -2108
f -2108 -2107 -2109
f -2108 -2109 -2110
f -2084 -2085 -2089
f -2089 -2085 -2088
f -2070 -2069 -2071
f -2071 -2069 -2044
f -2175 -2177 -2176
f -2176 -2177 -2140
f -2176 -2140 -2145
f -2145 -2140 -2144
f -2145 -2144 -2146
f -2146 -2144 -2143
f -2175 -2174 -2173
f -2173 -2174 -2172
f -2173 -2172 -2171
f -2171 -2172 -2170
f -2171 -2170 -2169
f -2169 -2170 -2168
f -2169 -2168 -2167
f -2167 -2168 -2166
f -2167 -2166 -2165
f -2161 -2162 -2163
f -2163 -2162 -2164
f -2185 -2192 -2184
f -2184 -2192 -2183
f -2184 -2183 -2182
f -2182 -2183 -2181
f -2182 -2181 -2180
f -2180 -2181 -2179
f -2180 -2179 -2178
f -2178 -2179 -2146
f -2148 -2149 -2193
f -2193 -2149 -2195
f -1887 -1886 -1885
f -1885 -1886 -1884
f -1885 -1884 -1883
f -1883 -1884 -1882
f -1883 -1882 -1881
f -1889 -1888 -1890
f -1890 -1888 -1873
f -1891 -1893 -1892
f -1892 -1893 -1894
f -739 -732 -731
f -731 -732 -635
f -3467 -3470 -3468
f -2601 -2599 -2598
f -2633 -2635 -2634
f -2613 -2615 -2614
f -2623 -2625 -2624
f -2655 -2657 -2656
f -2643 -2645 -2644
f -2663 -2665 -2664
f -2697 -2699 -2698
f -1990 -1991 -1989
f -1964 -1998 -2023
f -1977 -1972 -1971
f -2008 -1970 -1971
f -1986 -1985 -1984
f -1991 -2036 -1992
f -2027 -2028 -2033
f -2011 -2013 -1974
f -2150 -2151 -2186
f -1880 -1882 -1879
f -1871 -1878 -1879
f -1856 -1859 -1857
f -226 -228 -227
f -3553 -3555 -3554
f -2587 -2595 -2588
f -2577 -2582 -2591
f -2590 -2583 -2582
f -2580 -2581 -2574
f -2673 -2675 -2674
f -2936 -2930 -2929
f -2935 -2932 -2931
f -1955 -1980 -1978
f -1966 -1961 -1960
f -1956 -1957 -1958
f -2041 -2043 -2042
f -2049 -2050 -2053
f -2053 -2054 -2055
f -2066 -2065 -2064
f -2004 -2003 -2005
f -2078 -2079 -2077
f -2080 -2082 -2081
f -2175 -2176 -2174
f -1887 -1872 -1886
f -737 -739 -738
f -886 -894 -887
f -818 -821 -819
f -545 -548 -546
f -521 -523 -522
f -524 -526 -525
f -2589 -2591 -2590
f -2678 -2679 -2682
f -2681 -2682 -2703
f -2703 -2680 -2679
f -1945 -1947 -1946
f -1948 -1950 -1949
f -1943 -1947 -1944
f -763 -757 -756
f -756 -757 -638
f -4045 -4046 -4047
f -4047 -4046 -4049
f -4047 -4049 -4048
f -4048 -4049 -4050
f -4014 -4031 -4015
f -4015 -4031 -4016
f -4015 -4016 -4017
f -4017 -4016 -4018
f -4017 -4018 -4019
f -4019 -4018 -4020
f -4019 -4020 -4021
f -4021 -4020 -4022
f -4021 -4022 -4023
f -4023 -4022 -4024
f -4023 -4024 -4025
f -4025 -4024 -4026
f -4025 -4026 -4027
f -4027 -4026 -4028
f -4027 -4028 -4029
f -4029 -4028 -4030
f -4029 -4030 -3991
f -3991 -4030 -3990
f -3991 -3990 -3989
f -4003 -4002 -4006
f -4006 -4002 -4001
f -4006 -4001 -4000
f -3995 -3994 -3998
f -3998 -3994 -3993
f -3998 -3993 -4043
f -3989 -3988 -3991
f -3991 -3988 -3987
f -3991 -3987 -4007
f -4097 -4098 -4096
f -4096 -4098 -4087
f -4096 -4087 -4129
f -4129 -4095 -4096
f -4096 -4095 -4112
f -4096 -4112 -4097
f -4097 -4112 -4113
f -4097 -4113 -4118
f -4113 -4112 -4111
f -4111 -4112 -4110
f -4111 -4110 -4109
f -4067 -4066 -4065
f -4065 -4066 -4064
f -4065 -4064 -4063
f -4074 -4075 -4076
f -4076 -4075 -4077
f -4076 -4077 -4072
f -4072 -4077 -4071
f -4072 -4071 -4070
f -4070 -4071 -4069
f -4070 -4069 -4068
f -4133 -4132 -4131
f -4131 -4132 -4130
f -4131 -4130 -4129
f -3831 -3829 -3830
f -3830 -3829 -3828
f -3830 -3828 -3825
f -3825 -3828 -3821
f -3825 -3821 -3826
f -3826 -3821 -3837
f -3826 -3837 -3838
f -3838 -3837 -3836
f -3842 -3841 -3839
f -3839 -3841 -3866
f -3839 -3866 -3858
f -3829 -3861 -3828
f -3828 -3861 -3862
f -3828 -3862 -3821
f -3821 -3862 -3863
f -3821 -3863 -3837
f -3837 -3863 -3835
f -3837 -3835 -3836
f -3836 -3835 -3834
f -3832 -3834 -3833
f -3833 -3834 -3835
f -3833 -3835 -3864
f -3864 -3835 -3863
f -3864 -3863 -3865
f -3865 -3863 -3862
f -3865 -3862 -3867
f -3867 -3862 -3861
f -3867 -3861 -3860
f -3823 -3854 -3849
f -3849 -3854 -3850
f -3849 -3850 -3848
f -3848 -3850 -3826
f -3848 -3826 -3827
f -3827 -3826 -3838
f -3842 -3844 -3843
f -3843 -3844 -3822
f -3854 -3856 -3855
f -3855 -3856 -3830
f -3855 -3830 -3850
f -3850 -3830 -3825
f -3850 -3825 -3826
f -3819 -3818 -3820
f -3820 -3818 -3813
f -3820 -3813 -3812
f -3780 -3779 -3778
f -3778 -3779 -3777
f -3778 -3777 -3776
f -1025 -1023 -1024
f -1024 -1023 -1022
f -1022 -1020 -1021
f -1021 -1020 -1019
f -1027 -1026 -1028
f -1028 -1026 -1025
f -1035 -1033 -1034
f -1034 -1033 -1032
f -1032 -1030 -1031
f -1031 -1030 -1029
f -1037 -1036 -1038
f -1038 -1036 -1035
f -1042 -1040 -1041
f -1041 -1040 -1039
f -3772 -3773 -3774
f -3774 -3773 -3775
f -3774 -3775 -3770
f -3770 -3775 -3769
f -3770 -3769 -3768
f -3768 -3769 -3767
f -3768 -3767 -3766
f -3761 -3710 -3722
f -3722 -3710 -3723
f -3722 -3723 -3745
f -3745 -3723 -3724
f -3745 -3724 -3747
f -3747 -3724 -3698
f -3747 -3746 -3745
f -3745 -3746 -3744
f -3745 -3744 -3743
f -3698 -3724 -3738
f -3738 -3724 -3725
f -3929 -3930 -3928
f -3928 -3930 -3943
f -3928 -3943 -3976
f -3976 -3943 -3978
f -3976 -3978 -3977
f -3977 -3978 -3975
f -3977 -3975 -3983
f -3983 -3975 -3973
f -3983 -3973 -3982
f -3982 -3973 -3980
f -3982 -3980 -3981
f -3981 -3980 -3979
f -3981 -3979 -3934
f -3912 -3913 -3914
f -3914 -3913 -3915
f -3914 -3915 -3916
f -3916 -3915 -3917
f -3916 -3917 -3918
f -3918 -3917 -3919
f -3918 -3919 -3927
f -3927 -3919 -3926
f -3927 -3926 -3925
f -3925 -3926 -3924
f -3925 -3924 -3923
f -3923 -3924 -3922
f -1057 -1056 -1058
f -1058 -1056 -1055
f -3935 -3940 -3941
f -3941 -3940 -3952
f -3941 -3952 -3954
f -3954 -3952 -3953
f -3954 -3953 -3955
f -3955 -3953 -3947
f -3955 -3947 -3948
f -1052 -1050 -1051
f -1051 -1050 -1049
f -3952 -3951 -3953
f -3953 -3951 -3946
f -3953 -3946 -3947
f -1055 -1053 -1054
f -1054 -1053 -1052
f -3938 -3937 -3941
f -3941 -3937 -3936
f -3941 -3936 -3935
f -3939 -3941 -3956
f -3956 -3941 -3954
f -3956 -3954 -3955
f -1047 -1046 -1048
f -1048 -1046 -1045
f -1045 -1043 -1044
f -1044 -1043 -1042
f -3965 -3967 -3966
f -3966 -3967 -3968
f -3966 -3968 -3944
f -3944 -3968 -3963
f -3944 -3963 -3950
f -3950 -3963 -3960
f -3950 -3960 -3949
f -3949 -3960 -3957
f -3949 -3957 -3948
f -3948 -3957 -3955
f -3943 -3930 -3961
f -3961 -3930 -3959
f -3961 -3959 -3958
f -3958 -3959 -3957
f -3955 -3957 -3956
f -3956 -3957 -3959
f -3956 -3959 -3939
f -3939 -3959 -3930
f -3939 -3930 -3929
f -3964 -3963 -3969
f -3969 -3963 -3968
f -3969 -3968 -3970
f -3970 -3968 -3967
f -3972 -3973 -3974
f -3974 -3973 -3975
f -3974 -3975 -3978
f -3969 -3978 -3962
f -3962 -3978 -3943
f -3962 -3943 -3961
f -3885 -3886 -3887
f -3887 -3886 -3888
f -3887 -3888 -3890
f -3890 -3888 -3889
f -3890 -3889 -3891
f -3864 -3865 -3866
f -3866 -3865 -3867
f -3866 -3867 -3868
f -3868 -3867 -3869
f -3868 -3869 -3870
f -3870 -3869 -3871
f -3870 -3871 -3824
f -3824 -3857 -3870
f -3870 -3857 -3858
f -3912 -3910 -3911
f -3911 -3910 -3878
f -3911 -3878 -3883
f -3907 -3908 -3920
f -3920 -3908 -3921
f -3920 -3921 -3922
f -3874 -3875 -3876
f -3876 -3875 -3894
f -3876 -3894 -3895
f -3895 -3894 -3896
f -3895 -3896 -3897
f -3897 -3896 -3900
f -3922 -3892 -3877
f -3877 -3892 -3893
f -3877 -3893 -3873
f -3904 -3906 -3905
f -3905 -3906 -3901
f -3905 -3901 -3902
f -3902 -3901 -3903
f -3902 -3903 -3898
f -3724 -3723 -3725
f -3725 -3723 -3711
f -3490 -3489 -3493
f -3493 -3489 -3488
f -3493 -3488 -3487
f -3494 -3492 -3493
f -3493 -3492 -3491
f -3493 -3491 -3490
f -3488 -3489 -3477
f -3477 -3489 -3476
f -3477 -3476 -3475
f -3475 -3474 -3477
f -3477 -3474 -3473
f -3477 -3473 -3472
f -3416 -3417 -3418
f -3418 -3417 -3419
f -3418 -3419 -3414
f -3436 -3434 -3435
f -3435 -3434 -3433
f -3435 -3433 -3424
f -3448 -3449 -3446
f -3446 -3449 -3445
f -3446 -3445 -3444
f -3444 -3445 -3443
f -3444 -3443 -3442
f -3442 -3443 -3440
f -3442 -3440 -3441
f -3392 -3355 -3356
f -3356 -3355 -3373
f -3356 -3373 -3370
f -3370 -3373 -3372
f -3370 -3372 -3384
f -3355 -3366 -3373
f -3373 -3366 -3375
f -3373 -3375 -3374
f -3377 -3378 -3376
f -3376 -3378 -3391
f -3376 -3391 -3389
f -3389 -3391 -3390
f -3389 -3390 -3388
f -3356 -3370 -3357
f -3357 -3370 -3382
f -3357 -3382 -3358
f -3358 -3382 -3379
f -3358 -3379 -3364
f -3364 -3379 -3376
f -3364 -3376 -3363
f -3363 -3376 -3362
f -3363 -3362 -3361
f -3361 -3362 -3387
f -3361 -3387 -3360
f -3360 -3387 -3385
f -3360 -3385 -3359
f -3392 -3356 -3395
f -3395 -3356 -3357
f -3395 -3357 -3397
f -3397 -3357 -3358
f -3397 -3358 -3354
f -3354 -3358 -3364
f -3354 -3364 -3401
f -3401 -3364 -3363
f -3401 -3363 -3410
f -3410 -3363 -3361
f -3410 -3361 -3408
f -3408 -3361 -3360
f -3408 -3360 -3406
f -3406 -3360 -3359
f -3406 -3359 -3404
f -3351 -3353 -3352
f -3352 -3353 -3339
f -3352 -3339 -3338
f -3349 -3351 -3350
f -3350 -3351 -3352
f -3350 -3352 -3330
f -3330 -3352 -3337
f -3330 -3337 -3343
f -3343 -3337 -3345
f -3343 -3345 -3344
f -3347 -3350 -3348
f -3348 -3350 -3334
f -3409 -3411 -3410
f -3410 -3411 -3400
f -3410 -3400 -3401
f -3401 -3400 -3402
f -3401 -3402 -3354
f -3354 -3402 -3399
f -3354 -3399 -3397
f -3397 -3399 -3398
f -3397 -3398 -3396
f -3396 -3394 -3395
f -3395 -3394 -3393
f -3395 -3393 -3392
f -3382 -3381 -3379
f -3379 -3381 -3378
f -3345 -3337 -3336
f -3336 -3337 -3338
f -3336 -3338 -3331
f -4430 -4429 -4432
f -4432 -4429 -4428
f -4432 -4428 -4427
f -4612 -4611 -4614
f -4614 -4611 -4610
f -4614 -4610 -4609
f -2384 -2383 -2387
f -2387 -2383 -2382
f -2387 -2382 -2381
f -2386 -2385 -2387
f -2387 -2385 -2384
f -2379 -2378 -2380
f -2380 -2378 -2377
f -2380 -2377 -2376
f -2376 -2375 -2380
f -2380 -2375 -2374
f -2274 -2267 -2272
f -2272 -2267 -2266
f -2272 -2266 -2276
f -2262 -2261 -2265
f -2265 -2261 -2260
f -2265 -2260 -2259
f -2259 -2260 -2257
f -2259 -2257 -2258
f -2276 -2264 -2265
f -2265 -2264 -2263
f -2265 -2263 -2262
f -2278 -2280 -2279
f -2279 -2280 -2258
f -2279 -2258 -2268
f -2240 -2243 -2224
f -2224 -2243 -2221
f -2251 -2252 -2253
f -2253 -2252 -2254
f -2253 -2254 -2249
f -2249 -2254 -2248
f -2249 -2248 -2247
f -2247 -2248 -2246
f -2247 -2246 -2245
f -2713 -2714 -2715
f -2715 -2714 -2716
f -2715 -2716 -2711
f -2711 -2716 -2710
f -2711 -2710 -2709
f -2709 -2710 -2708
f -2709 -2708 -2707
f -6166 -6165 -6173
f -6173 -6165 -6164
f -6173 -6164 -6172
f -6173 -6172 -6174
f -6174 -6172 -6171
f -6174 -6171 -6170
f -6160 -6159 -6168
f -6168 -6159 -6163
f -6168 -6163 -6167
f -6167 -6163 -6162
f -6167 -6162 -6161
f -6230 -6229 -6237
f -6237 -6229 -6228
f -6237 -6228 -6236
f -6237 -6236 -6238
f -6238 -6236 -6235
f -6238 -6235 -6234
f -6224 -6223 -6232
f -6232 -6223 -6227
f -6232 -6227 -6231
f -6231 -6227 -6226
f -6231 -6226 -6225
f -3038 -3037 -3039
f -3039 -3037 -2996
f -3039 -2996 -3001
f -3001 -2996 -2995
f -3070 -3087 -3085
f -3085 -3087 -3086
f -3085 -3086 -3084
f -2988 -3038 -3040
f -3040 -3038 -3039
f -3040 -3039 -3041
f -3040 -3041 -3042
f -3042 -3041 -3043
f -3042 -3043 -3044
f -3044 -3043 -3045
f -3044 -3045 -3036
f -3117 -3119 -3118
f -3118 -3119 -3098
f -3118 -3098 -3099
f -3099 -3098 -3101
f -3099 -3101 -3100
f -3107 -3108 -3106
f -3106 -3108 -3105
f -3106 -3105 -3104
f -3104 -3105 -3103
f -3104 -3103 -3102
f -3102 -3103 -3099
f -3102 -3099 -3100
f -3094 -3095 -3096
f -3096 -3095 -3097
f -3096 -3097 -3092
f -3092 -3097 -3091
f -3092 -3091 -3090
f -3090 -3091 -3089
f -3090 -3089 -3088
f -3138 -3137 -3144
f -3144 -3137 -3147
f -3144 -3147 -3146
f -3123 -3122 -3127
f -3127 -3122 -3121
f -3127 -3121 -3120
f -3126 -3125 -3127
f -3127 -3125 -3124
f -3127 -3124 -3123
f -3131 -3130 -3134
f -3134 -3130 -3129
f -3134 -3129 -3128
f -3133 -3132 -3134
f -3134 -3132 -3131
f -3165 -3169 -3162
f -3162 -3169 -3170
f -3162 -3170 -3166
f -3166 -3170 -3167
f -3166 -3167 -3161
f -3183 -3174 -3181
f -3181 -3174 -3169
f -3181 -3169 -3165
f -3181 -3182 -3183
f -3183 -3182 -3184
f -3183 -3184 -3173
f -3154 -3155 -3136
f -3136 -3155 -3135
f -3136 -3135 -3139
f -3167 -3170 -3171
f -3171 -3170 -3178
f -3171 -3178 -3179
f -3179 -3178 -3177
f -3179 -3177 -3163
f -3198 -3197 -3196
f -3196 -3197 -3195
f -3196 -3195 -3194
f -6499 -6498 -6500
f -6500 -6498 -6497
f -6500 -6497 -6496
f -6487 -6486 -6500
f -6500 -6486 -6485
f -6500 -6485 -6484
f -6490 -6489 -6500
f -6500 -6489 -6488
f -6500 -6488 -6487
f -6493 -6492 -6500
f -6500 -6492 -6491
f -6500 -6491 -6490
f -6496 -6495 -6500
f -6500 -6495 -6494
f -6500 -6494 -6493
f -6513 -6512 -6518
f -6518 -6512 -6511
f -6518 -6511 -6510
f -6516 -6515 -6518
f -6518 -6515 -6514
f -6518 -6514 -6513
f -6504 -6503 -6518
f -6518 -6503 -6502
f -6518 -6502 -6501
f -6507 -6506 -6518
f -6518 -6506 -6505
f -6518 -6505 -6504
f -6510 -6509 -6518
f -6518 -6509 -6508
f -6518 -6508 -6507
f -6529 -6528 -6534
f -6534 -6528 -6527
f -6534 -6527 -6526
f -6532 -6531 -6534
f -6534 -6531 -6530
f -6534 -6530 -6529
f -6522 -6521 -6534
f -6534 -6521 -6520
f -6534 -6520 -6519
f -6525 -6524 -6534
f -6534 -6524 -6523
f -6534 -6523 -6522
f -6475 -6474 -6533
f -6533 -6474 -6473
f -6533 -6473 -6532
f -6478 -6477 -6533
f -6533 -6477 -6476
f -6533 -6476 -6475
f -6481 -6480 -6533
f -6533 -6480 -6479
f -6533 -6479 -6478
f -6484 -6483 -6533
f -6533 -6483 -6482
f -6533 -6482 -6481
f -6448 -6447 -6471
f -6471 -6447 -6446
f -6471 -6446 -6445
f -6451 -6450 -6471
f -6471 -6450 -6449
f -6471 -6449 -6448
f -6460 -6459 -6472
f -6472 -6459 -6458
f -6472 -6458 -6457
f -6454 -6453 -6471
f -6471 -6453 -6452
f -6471 -6452 -6451
f -6440 -6439 -6471
f -6471 -6439 -6438
f -6471 -6438 -6470
f -6443 -6442 -6471
f -6471 -6442 -6441
f -6471 -6441 -6440
f -6445 -6444 -6471
f -6471 -6444 -6443
f -6463 -6462 -6472
f -6472 -6462 -6461
f -6472 -6461 -6460
f -6466 -6465 -6472
f -6472 -6465 -6464
f -6472 -6464 -6463
f -6469 -6468 -6472
f -6472 -6468 -6467
f -6472 -6467 -6466
f -6413 -6412 -6456
f -6456 -6412 -6411
f -6456 -6411 -6437
f -6432 -6431 -6455
f -6455 -6431 -6430
f -6455 -6430 -6429
f -6435 -6434 -6455
f -6455 -6434 -6433
f -6455 -6433 -6432
f -6456 -6437 -6455
f -6455 -6437 -6436
f -6455 -6436 -6435
f -6416 -6415 -6456
f -6456 -6415 -6414
f -6456 -6414 -6413
f -6424 -6423 -6455
f -6455 -6423 -6422
f -6455 -6422 -6454
f -6427 -6426 -6455
f -6455 -6426 -6425
f -6455 -6425 -6424
f -6419 -6418 -6456
f -6456 -6418 -6417
f -6456 -6417 -6416
f -6429 -6428 -6455
f -6455 -6428 -6427
f -6457 -6421 -6456
f -6456 -6421 -6420
f -6456 -6420 -6419
f -6336 -6337 -6338
f -6338 -6337 -6339
f -6338 -6339 -6340
f -6340 -6339 -6341
f -6340 -6341 -6342
f -6342 -6341 -6343
f -6342 -6343 -6344
f -6344 -6343 -6345
f -6344 -6345 -6346
f -6346 -6345 -6347
f -6346 -6347 -6348
f -6348 -6347 -6349
f -6348 -6349 -6350
f -6350 -6349 -6351
f -6350 -6351 -6352
f -6352 -6351 -6353
f -6352 -6353 -6354
f -6354 -6353 -6355
f -6354 -6355 -6356
f -6356 -6355 -6357
f -6356 -6357 -6358
f -6358 -6357 -6359
f -6358 -6359 -6360
f -6360 -6359 -6361
f -6360 -6361 -6362
f -6362 -6361 -6363
f -6362 -6363 -6364
f -6364 -6363 -6365
f -6364 -6365 -6394
f -6394 -6365 -6393
f -6394 -6393 -6392
f -6392 -6393 -6391
f -6392 -6391 -6390
f -6390 -6391 -6389
f -6390 -6389 -6388
f -6388 -6389 -6387
f -6388 -6387 -6386
f -6386 -6387 -6385
f -6386 -6385 -6384
f -6384 -6385 -6383
f -6384 -6383 -6382
f -6382 -6383 -6381
f -6382 -6381 -6380
f -6380 -6381 -6379
f -6380 -6379 -6378
f -6378 -6379 -6377
f -6378 -6377 -6376
f -6376 -6377 -6375
f -6376 -6375 -6374
f -6374 -6375 -6373
f -6374 -6373 -6372
f -6372 -6373 -6371
f -6372 -6371 -6370
f -6370 -6371 -6369
f -6370 -6369 -6368
f -6368 -6369 -6367
f -6368 -6367 -6366
f -6276 -6277 -6278
f -6278 -6277 -6279
f -6278 -6279 -6280
f -6280 -6279 -6281
f -6280 -6281 -6282
f -6282 -6281 -6283
f -6282 -6283 -6284
f -6284 -6283 -6285
f -6284 -6285 -6286
f -6286 -6285 -6287
f -6286 -6287 -6288
f -6288 -6287 -6289
f -6288 -6289 -6290
f -6290 -6289 -6291
f -6290 -6291 -6292
f -6292 -6291 -6293
f -6292 -6293 -6294
f -6294 -6293 -6295
f -6294 -6295 -6296
f -6296 -6295 -6297
f -6296 -6297 -6298
f -6298 -6297 -6299
f -6298 -6299 -6300
f -6300 -6299 -6301
f -6300 -6301 -6302
f -6302 -6301 -6303
f -6302 -6303 -6304
f -6304 -6303 -6305
f -6304 -6305 -6334
f -6334 -6305 -6333
f -6334 -6333 -6332
f -6332 -6333 -6331
f -6332 -6331 -6330
f -6330 -6331 -6329
f -6330 -6329 -6328
f -6328 -6329 -6327
f -6328 -6327 -6326
f -6326 -6327 -6325
f -6326 -6325 -6324
f -6324 -6325 -6323
f -6324 -6323 -6322
f -6322 -6323 -6321
f -6322 -6321 -6320
f -6320 -6321 -6319
f -6320 -6319 -6318
f -6318 -6319 -6317
f -6318 -6317 -6316
f -6316 -6317 -6315
f -6316 -6315 -6314
f -6314 -6315 -6313
f -6314 -6313 -6312
f -6312 -6313 -6311
f -6312 -6311 -6310
f -6310 -6311 -6309
f -6310 -6309 -6308
f -6308 -6309 -6307
f -6308 -6307 -6306
f -6699 -6698 -6731
f -6731 -6698 -6730
f -6731 -6730 -6732
f -6732 -6730 -6729
f -6732 -6729 -6728
f -6720 -6719 -6732
f -6732 -6719 -6718
f -6732 -6718 -6717
f -6723 -6722 -6732
f -6732 -6722 -6721
f -6732 -6721 -6720
f -6726 -6725 -6732
f -6732 -6725 -6724
f -6732 -6724 -6723
f -6728 -6727 -6732
f -6732 -6727 -6726
f -6708 -6707 -6731
f -6731 -6707 -6706
f -6731 -6706 -6705
f -6711 -6710 -6731
f -6731 -6710 -6709
f -6731 -6709 -6708
f -6714 -6713 -6731
f -6731 -6713 -6712
f -6731 -6712 -6711
f -6702 -6701 -6731
f -6731 -6701 -6700
f -6731 -6700 -6699
f -6705 -6704 -6731
f -6731 -6704 -6703
f -6731 -6703 -6702
f -6692 -6691 -6715
f -6715 -6691 -6690
f -6715 -6690 -6689
f -6695 -6694 -6715
f -6715 -6694 -6693
f -6715 -6693 -6692
f -6672 -6671 -6716
f -6716 -6671 -6697
f -6716 -6697 -6715
f -6715 -6697 -6696
f -6715 -6696 -6695
f -6684 -6683 -6715
f -6715 -6683 -6682
f -6715 -6682 -6714
f -6687 -6686 -6715
f -6715 -6686 -6685
f -6715 -6685 -6684
f -6689 -6688 -6715
f -6715 -6688 -6687
f -6675 -6674 -6716
f -6716 -6674 -6673
f -6716 -6673 -6672
f -6678 -6677 -6716
f -6716 -6677 -6676
f -6716 -6676 -6675
f -6681 -6680 -6716
f -6716 -6680 -6679
f -6716 -6679 -6678
f -6747 -6746 -6760
f -6760 -6746 -6745
f -6760 -6745 -6744
f -6750 -6749 -6760
f -6760 -6749 -6748
f -6760 -6748 -6747
f -6753 -6752 -6760
f -6760 -6752 -6751
f -6760 -6751 -6750
f -6756 -6755 -6760
f -6760 -6755 -6754
f -6760 -6754 -6753
f -6759 -6758 -6760
f -6760 -6758 -6757
f -6760 -6757 -6756
f -6764 -6763 -6778
f -6778 -6763 -6762
f -6778 -6762 -6761
f -6767 -6766 -6778
f -6778 -6766 -6765
f -6778 -6765 -6764
f -6770 -6769 -6778
f -6778 -6769 -6768
f -6778 -6768 -6767
f -6773 -6772 -6778
f -6778 -6772 -6771
f -6778 -6771 -6770
f -6776 -6775 -6778
f -6778 -6775 -6774
f -6778 -6774 -6773
f -6782 -6781 -6794
f -6794 -6781 -6780
f -6794 -6780 -6779
f -6785 -6784 -6794
f -6794 -6784 -6783
f -6794 -6783 -6782
f -6788 -6787 -6794
f -6794 -6787 -6786
f -6794 -6786 -6785
f -6791 -6790 -6794
f -6794 -6790 -6789
f -6794 -6789 -6788
f -6742 -6741 -6793
f -6793 -6741 -6740
f -6793 -6740 -6739
f -6735 -6734 -6793
f -6793 -6734 -6733
f -6793 -6733 -6792
f -6738 -6737 -6793
f -6793 -6737 -6736
f -6793 -6736 -6735
f -6536 -6537 -6538
f -6538 -6537 -6539
f -6538 -6539 -6540
f -6540 -6539 -6541
f -6540 -6541 -6542
f -6542 -6541 -6543
f -6542 -6543 -6544
f -6544 -6543 -6545
f -6544 -6545 -6546
f -6546 -6545 -6547
f -6546 -6547 -6548
f -6548 -6547 -6549
f -6548 -6549 -6550
f -6550 -6549 -6551
f -6550 -6551 -6552
f -6552 -6551 -6553
f -6552 -6553 -6554
f -6554 -6553 -6555
f -6554 -6555 -6556
f -6556 -6555 -6557
f -6556 -6557 -6558
f -6558 -6557 -6559
f -6558 -6559 -6560
f -6560 -6559 -6561
f -6560 -6561 -6562
f -6562 -6561 -6563
f -6562 -6563 -6564
f -6564 -6563 -6565
f -6564 -6565 -6594
f -6594 -6565 -6593
f -6594 -6593 -6592
f -6592 -6593 -6591
f -6592 -6591 -6590
f -6590 -6591 -6589
f -6590 -6589 -6588
f -6588 -6589 -6587
f -6588 -6587 -6586
f -6586 -6587 -6585
f -6586 -6585 -6584
f -6584 -6585 -6583
f -6584 -6583 -6582
f -6582 -6583 -6581
f -6582 -6581 -6580
f -6580 -6581 -6579
f -6580 -6579 -6578
f -6578 -6579 -6577
f -6578 -6577 -6576
f -6576 -6577 -6575
f -6576 -6575 -6574
f -6574 -6575 -6573
f -6574 -6573 -6572
f -6572 -6573 -6571
f -6572 -6571 -6570
f -6570 -6571 -6569
f -6570 -6569 -6568
f -6568 -6569 -6567
f -6568 -6567 -6566
f -6596 -6597 -6598
f -6598 -6597 -6599
f -6598 -6599 -6600
f -6600 -6599 -6601
f -6600 -6601 -6602
f -6602 -6601 -6603
f -6602 -6603 -6604
f -6604 -6603 -6605
f -6604 -6605 -6606
f -6606 -6605 -6607
f -6606 -6607 -6608
f -6608 -6607 -6609
f -6608 -6609 -6610
f -6610 -6609 -6611
f -6610 -6611 -6612
f -6612 -6611 -6613
f -6612 -6613 -6614
f -6614 -6613 -6615
f -6614 -6615 -6616
f -6616 -6615 -6617
f -6616 -6617 -6618
f -6618 -6617 -6619
f -6618 -6619 -6620
f -6620 -6619 -6621
f -6620 -6621 -6622
f -6622 -6621 -6623
f -6622 -6623 -6624
f -6624 -6623 -6625
f -6624 -6625 -6654
f -6654 -6625 -6653
f -6654 -6653 -6652
f -6652 -6653 -6651
f -6652 -6651 -6650
f -6650 -6651 -6649
f -6650 -6649 -6648
f -6648 -6649 -6647
f -6648 -6647 -6646
f -6646 -6647 -6645
f -6646 -6645 -6644
f -6644 -6645 -6643
f -6644 -6643 -6642
f -6642 -6643 -6641
f -6642 -6641 -6640
f -6640 -6641 -6639
f -6640 -6639 -6638
f -6638 -6639 -6637
f -6638 -6637 -6636
f -6636 -6637 -6635
f -6636 -6635 -6634
f -6634 -6635 -6633
f -6634 -6633 -6632
f -6632 -6633 -6631
f -6632 -6631 -6630
f -6630 -6631 -6629
f -6630 -6629 -6628
f -6628 -6629 -6627
f -6628 -6627 -6626
f -3998 -4043 -3992
f -3992 -4043 -4044
f -4013 -4012 -4011
f -4011 -4012 -4010
f -4011 -4010 -4009
f -4008 -4011 -4007
f -4007 -4011 -4009
f -4007 -4009 -3991
f -4006 -4000 -3999
f -3999 -4000 -3997
f -3999 -3997 -3998
f -3998 -3997 -3996
f -3998 -3996 -3995
f -4087 -4098 -4088
f -4088 -4098 -4099
f -4088 -4099 -4089
f -4059 -4060 -4061
f -4061 -4060 -4062
f -4054 -4056 -4055
f -4055 -4056 -4059
f -4053 -4052 -4051
f -4051 -4052 -4050
f -4051 -4050 -4049
f -4082 -4081 -4080
f -4080 -4081 -4133
f -4080 -4133 -4131
f -3843 -3833 -3841
f -3841 -3833 -3864
f -3841 -3864 -3866
f -3845 -3847 -3846
f -3846 -3847 -3848
f -3846 -3848 -3827
f -3805 -3806 -3808
f -3808 -3806 -3809
f -3814 -3815 -3817
f -3817 -3815 -3816
f -3705 -3764 -3765
f -3765 -3764 -3763
f -3745 -3743 -3722
f -3722 -3743 -3721
f -3722 -3721 -3761
f -3761 -3721 -3759
f -3761 -3759 -3760
f -3760 -3759 -3758
f -3960 -3963 -3961
f -3961 -3963 -3962
f -3970 -3974 -3969
f -3969 -3974 -3942
f -3883 -3882 -3911
f -3911 -3882 -3881
f -3911 -3881 -3880
f -3880 -3881 -3879
f -3880 -3879 -3917
f -3917 -3879 -3884
f -3917 -3884 -3885
f -3870 -3859 -3868
f -3868 -3859 -3866
f -3905 -3921 -3904
f -3904 -3921 -3909
f -3890 -3891 -3892
f -3892 -3891 -3893
f -3896 -3899 -3900
f -3900 -3899 -3898
f -3499 -3498 -3497
f -3497 -3498 -3496
f -3497 -3496 -3495
f -3495 -3496 -3494
f -3495 -3494 -3493
f -3332 -3346 -3348
f -3348 -3346 -3349
f -3404 -3405 -3406
f -3406 -3405 -3407
f -3406 -3407 -3408
f -3408 -3407 -3409
f -3408 -3409 -3410
f -3383 -3382 -3384
f -3384 -3382 -3369
f -3389 -3388 -3387
f -3387 -3388 -3386
f -3387 -3386 -3385
f -3333 -3335 -3334
f -3334 -3335 -3340
f -3344 -3342 -3341
f -3341 -3342 -3340
f -3341 -3340 -3335
f -4535 -4561 -4536
f -4536 -4561 -4562
f -4545 -4546 -4539
f -4539 -4546 -4540
f -2379 -2380 -2381
f -2381 -2380 -2387
f -2275 -2274 -2273
f -2273 -2274 -2272
f -2273 -2272 -2271
f -2271 -2272 -2270
f -2271 -2270 -2269
f -2269 -2270 -2268
f -2279 -2277 -2278
f -2278 -2277 -2276
f -2278 -2276 -2265
f -2203 -2205 -2206
f -2206 -2205 -2219
f -2206 -2219 -2221
f -2221 -2219 -2220
f -2780 -2781 -2782
f -2782 -2781 -2783
f -2778 -2777 -2779
f -2779 -2777 -2766
f -2773 -2774 -2775
f -2775 -2774 -2776
f -2758 -2759 -2760
f -2760 -2759 -2761
f -2764 -2763 -2765
f -2765 -2763 -2762
f -2767 -2768 -2769
f -2769 -2768 -2771
f -6147 -6148 -6149
f -6149 -6148 -6150
f -6151 -6152 -6153
f -6153 -6152 -6154
f -6155 -6156 -6157
f -6157 -6156 -6158
f -2732 -2733 -2734
f -2734 -2733 -2735
f -2717 -2735 -2722
f -2722 -2735 -2721
f -2727 -2728 -2729
f -2729 -2728 -2732
f -6175 -6176 -6177
f -6177 -6176 -6178
f -6160 -6168 -6169
f -6169 -6168 -6174
f -6169 -6174 -6170
f -6161 -6166 -6167
f -6167 -6166 -6173
f -6211 -6212 -6213
f -6213 -6212 -6214
f -6215 -6216 -6217
f -6217 -6216 -6218
f -6219 -6220 -6221
f -6221 -6220 -6222
f -6239 -6240 -6241
f -6241 -6240 -6242
f -6224 -6232 -6233
f -6233 -6232 -6238
f -6233 -6238 -6234
f -6225 -6230 -6231
f -6231 -6230 -6237
f -3080 -3081 -3082
f -3082 -3081 -3083
f -3082 -3083 -3084
f -3084 -3083 -3085
f -3112 -3113 -3114
f -3114 -3113 -3115
f -3114 -3115 -3116
f -3116 -3115 -3117
f -3116 -3117 -3118
f -3111 -3110 -3109
f -3109 -3110 -3108
f -3109 -3108 -3107
f -3136 -3139 -3140
f -3140 -3139 -3138
f -3153 -3152 -3151
f -3151 -3152 -3150
f -3151 -3150 -3149
f -3149 -3150 -3148
f -3149 -3148 -3147
f -3126 -3127 -3128
f -3128 -3127 -3134
f -3160 -3159 -3158
f -3158 -3159 -3157
f -3158 -3157 -3156
f -3156 -3157 -3155
f -3156 -3155 -3154
f -3172 -3173 -3174
f -3174 -3173 -3175
f -6499 -6500 -6501
f -6501 -6500 -6518
f -6534 -6519 -6518
f -6518 -6519 -6517
f -6518 -6517 -6516
f -6471 -6470 -6472
f -6472 -6470 -6469
f -6399 -6400 -6401
f -6401 -6400 -6402
f -6395 -6396 -6397
f -6397 -6396 -6398
f -6403 -6404 -6405
f -6405 -6404 -6406
f -6407 -6408 -6409
f -6409 -6408 -6410
f -6681 -6716 -6717
f -6717 -6716 -6732
f -6759 -6760 -6761
f -6761 -6760 -6778
f -6776 -6778 -6777
f -6777 -6778 -6779
f -6793 -6792 -6794
f -6794 -6792 -6791
f -6742 -6793 -6743
f -6743 -6793 -6744
f -6655 -6656 -6657
f -6657 -6656 -6658
f -6659 -6660 -6661
f -6661 -6660 -6662
f -6663 -6664 -6665
f -6665 -6664 -6666
f -6667 -6668 -6669
f -6669 -6668 -6670
f -1932 -1934 -1933
f -1933 -1934 -1935
f -1934 -1936 -1935
f -1935 -1936 -1937
f -4033 -4031 -4014
f -4003 -4006 -4004
f -4073 -4075 -4074
f -3771 -3773 -3772
f -3938 -3941 -3939
f -3860 -3869 -3867
f -3415 -3417 -3416
f -3447 -3449 -3448
f -3329 -3351 -3349
f -3395 -3397 -3396
f -3337 -3352 -3338
f -4430 -4432 -4431
f -4613 -4612 -4614
f -2255 -2260 -2261
f -2250 -2252 -2251
f -2712 -2714 -2713
f -3093 -3095 -3094
f -3170 -3169 -3178
f -3180 -3182 -3181
f -3164 -3184 -3182
f -3177 -3178 -3176
f -6525 -6534 -6526
f -6738 -6793 -6739
f -4095 -4110 -4112
f -3832 -3833 -3844
f -3831 -3830 -3856
f -3847 -3849 -3848
f -3841 -3840 -3843
f -3818 -3819 -3817
f -3764 -3762 -3763
f -3760 -3763 -3761
f -3945 -3946 -3951
f -3982 -3981 -3983
f -3885 -3887 -3917
f -3872 -3878 -3910
f -3921 -3908 -3909
f -3875 -3912 -3894
f -3899 -3902 -3898
f -3710 -3711 -3723
f -3471 -3477 -3472
f -3424 -3425 -3435
f -3433 -3434 -3432
f -3403 -3405 -3404
f -2270 -2279 -2268
f -2261 -2262 -2256
f -2258 -2280 -2259
f -2276 -2277 -2272
f -6275 -6277 -6276
f -3169 -3174 -3168
f -3195 -3197 -3187
f -6533 -6500 -6484
f -6532 -6534 -6533
f -6535 -6537 -6536
f -6454 -6471 -6455
f -6456 -6472 -6457
f -6335 -6337 -6336
f -6714 -6731 -6715
f -6793 -6760 -6744
f -6778 -6794 -6779
f -6595 -6597 -6596
f -1936 -1938 -1937
f -4056 -4058 -4057
f -3851 -3853 -3852
f -3807 -3810 -3808
f -3809 -3811 -3810
f -3931 -3933 -3932
f -3980 -3971 -3970
f -3371 -3374 -3372
f -3365 -3367 -3375
f -3366 -3368 -3367
f -3380 -3383 -3381
f -4541 -4548 -4542
f -4558 -4559 -4538
f -2397 -2399 -2398
f -2242 -2244 -2243
f -2242 -2241 -2240
f -2784 -2814 -2812
f -2770 -2772 -2771
f -2733 -2723 -2722
f -2733 -2731 -2730
f -3141 -3143 -3142
f -3145 -3148 -3146
f -3191 -3193 -3192
f -3188 -3190 -3189
f -4044 -4043 -4042
f -4042 -4043 -4041
f -4042 -4041 -4040
f -4040 -4041 -4039
f -4040 -4039 -4038
f -4038 -4039 -4037
f -4038 -4037 -4036
f -4036 -4037 -3986
f -4036 -3986 -3985
f -3985 -3986 -3984
f -3985 -3984 -4035
f -4035 -3984 -4034
f -4035 -4034 -4033
f -4033 -4034 -4032
f -4033 -4032 -4031
f -4093 -4094 -4107
f -4107 -4094 -4108
f -4107 -4108 -4121
f -4121 -4108 -4101
f -4121 -4101 -4123
f -4123 -4101 -4078
f -4092 -4093 -4106
f -4106 -4093 -4107
f -4106 -4107 -4119
f -4119 -4107 -4121
f -4119 -4121 -4120
f -4120 -4121 -4122
f -4094 -4090 -4108
f -4108 -4090 -4100
f -4108 -4100 -4101
f -4101 -4100 -4114
f -4101 -4114 -4078
f -4078 -4114 -4115
f -4081 -4082 -4083
f -4083 -4082 -4134
f -4083 -4134 -4135
f -4135 -4134 -4136
f -4135 -4136 -4137
f -4137 -4136 -4138
f -4099 -4098 -4116
f -4116 -4098 -4097
f -4116 -4097 -4118
f -3700 -3701 -3702
f -3702 -3701 -3753
f -3702 -3753 -3754
f -3754 -3753 -3755
f -3754 -3755 -3756
f -3756 -3755 -3757
f -3711 -3712 -3725
f -3725 -3712 -3726
f -3725 -3726 -3738
f -3738 -3726 -3740
f -3738 -3740 -3739
f -3739 -3740 -3741
f -3712 -3713 -3726
f -3726 -3713 -3727
f -3726 -3727 -3740
f -3740 -3727 -3720
f -3740 -3720 -3742
f -3742 -3720 -3697
f -3709 -3708 -3719
f -3719 -3708 -3718
f -3719 -3718 -3733
f -3733 -3718 -3735
f -3733 -3735 -3734
f -3734 -3735 -3736
f -3713 -3709 -3727
f -3727 -3709 -3719
f -3727 -3719 -3720
f -3720 -3719 -3733
f -3720 -3733 -3697
f -3697 -3733 -3734
f -3498 -3499 -3500
f -3500 -3499 -3501
f -3500 -3501 -3507
f -3507 -3501 -3506
f -3507 -3506 -3505
f -3505 -3506 -3504
f -3505 -3504 -3503
f -3503 -3504 -3502
f -3503 -3502 -3515
f -3515 -3502 -3514
f -3515 -3514 -3513
f -3513 -3514 -3512
f -4855 -4854 -4857
f -4857 -4854 -4853
f -4857 -4853 -4875
f -4855 -4857 -4856
f -4856 -4857 -4858
f -4856 -4858 -4865
f -4865 -4858 -4864
f -4865 -4864 -4866
f -4862 -4861 -4863
f -4863 -4861 -4860
f -4863 -4860 -4859
f -4865 -4866 -4867
f -4867 -4866 -4869
f -4867 -4869 -4868
f -4868 -4869 -4870
f -4878 -4877 -4879
f -4879 -4877 -4874
f -4879 -4874 -4873
f -4873 -4874 -4872
f -4873 -4872 -4871
f -4871 -4872 -4870
f -4871 -4870 -4869
f -4821 -4819 -4820
f -4820 -4819 -4818
f -4820 -4818 -4817
f -4817 -4818 -4816
f -4817 -4816 -4815
f -4840 -4841 -4842
f -4842 -4841 -4843
f -4842 -4843 -4844
f -4844 -4843 -4845
f -4844 -4845 -4838
f -4807 -4806 -4808
f -4808 -4806 -4824
f -4808 -4824 -4826
f -4826 -4824 -4825
f -4826 -4825 -4827
f -4815 -4811 -4812
f -4812 -4811 -4810
f -4812 -4810 -4809
f -4973 -4972 -4974
f -4974 -4972 -4971
f -4974 -4971 -4983
f -4968 -4967 -4966
f -4966 -4967 -4965
f -4966 -4965 -4964
f -4979 -4978 -4980
f -4980 -4978 -4977
f -4980 -4977 -4976
f -4980 -4970 -4979
f -4979 -4970 -4969
f -4979 -4969 -4973
f -4976 -4975 -4980
f -4980 -4975 -4991
f -4980 -4991 -4992
f -4992 -4991 -4990
f -4988 -4989 -4987
f -4987 -4989 -4986
f -4987 -4986 -4985
f -4985 -4986 -4984
f -4985 -4984 -4983
f -4983 -4984 -4982
f -4983 -4982 -4981
f -4910 -4911 -4912
f -4912 -4911 -4913
f -4912 -4913 -4914
f -4914 -4913 -4915
f -4881 -4880 -4901
f -4901 -4880 -4899
f -4901 -4899 -4900
f -4900 -4899 -4898
f -4898 -4899 -4897
f -4897 -4899 -4882
f -4897 -4882 -4887
f -4895 -4894 -4896
f -4896 -4894 -4885
f -4896 -4885 -4886
f -4886 -4885 -4884
f -4886 -4884 -4883
f -4897 -4887 -4888
f -4888 -4887 -4889
f -4888 -4889 -4890
f -4890 -4889 -4891
f -4890 -4891 -4893
f -4893 -4891 -4892
f -4893 -4892 -4894
f -4928 -4927 -4925
f -4925 -4927 -4935
f -4925 -4935 -4924
f -4917 -4916 -4919
f -4919 -4916 -4921
f -4919 -4921 -4920
f -4920 -4921 -4922
f -4909 -4917 -4904
f -4904 -4917 -4918
f -4904 -4918 -4903
f -4929 -4930 -4923
f -4923 -4930 -4922
f -4923 -4922 -4921
f -5066 -5065 -5069
f -5069 -5065 -5064
f -5069 -5064 -5063
f -5075 -5068 -5069
f -5069 -5068 -5067
f -5069 -5067 -5066
f -5021 -5023 -5022
f -5022 -5023 -5020
f -5022 -5020 -5019
f -5085 -5086 -5084
f -5084 -5086 -5083
f -5084 -5083 -5082
f -5082 -5083 -5081
f -5082 -5081 -5080
f -5080 -5081 -5079
f -5080 -5079 -5078
f -5093 -5091 -5092
f -5092 -5091 -5090
f -5092 -5090 -5089
f -5089 -5090 -5088
f -5089 -5088 -5087
f -5087 -5088 -5086
f -5087 -5086 -5085
f -5254 -5253 -5257
f -5257 -5253 -5252
f -5257 -5252 -5251
f -5256 -5255 -5257
f -5257 -5255 -5254
f -5260 -5259 -5261
f -5261 -5259 -5258
f -5261 -5258 -5266
f -4422 -4421 -4426
f -4426 -4421 -4420
f -4426 -4420 -4419
f -4425 -4424 -4426
f -4426 -4424 -4423
f -4426 -4423 -4422
f -4699 -4700 -4698
f -4698 -4700 -4705
f -4698 -4705 -4707
f -4707 -4705 -4706
f -4707 -4706 -4708
f -4729 -4731 -4730
f -4730 -4731 -4726
f -4730 -4726 -4727
f -4727 -4726 -4728
f -4727 -4728 -4725
f -4725 -4728 -4724
f -4725 -4724 -4723
f -4723 -4724 -4722
f -4723 -4722 -4721
f -4721 -4722 -4720
f -4721 -4720 -4719
f -4741 -4740 -4742
f -4742 -4740 -4739
f -4742 -4739 -4738
f -4738 -4739 -4737
f -4738 -4737 -4736
f -4736 -4737 -4735
f -4736 -4735 -4734
f -4734 -4735 -4733
f -4734 -4733 -4732
f -4732 -4733 -4729
f -4732 -4729 -4730
f -4746 -4745 -4747
f -4747 -4745 -4740
f -4747 -4740 -4741
f -4549 -4548 -4555
f -4555 -4548 -4547
f -4555 -4547 -4546
f -4544 -4543 -4555
f -4555 -4543 -4554
f -4555 -4554 -4556
f -4556 -4554 -4553
f -4556 -4553 -4552
f -4552 -4551 -4556
f -4556 -4551 -4550
f -4556 -4550 -4570
f -4546 -4545 -4555
f -4555 -4545 -4544
f -4602 -4601 -4615
f -4615 -4601 -4600
f -4615 -4600 -4613
f -4605 -4604 -4615
f -4615 -4604 -4603
f -4615 -4603 -4602
f -4570 -4572 -4573
f -4573 -4572 -4574
f -4573 -4574 -4576
f -4576 -4574 -4575
f -4576 -4575 -4577
f -4567 -4566 -4569
f -4569 -4566 -4565
f -4569 -4565 -4564
f -4583 -4584 -4585
f -4585 -4584 -4586
f -4585 -4586 -4588
f -4588 -4586 -4587
f -4588 -4587 -4589
f -4560 -4559 -4563
f -4563 -4559 -4558
f -4563 -4558 -4557
f -4564 -4562 -4563
f -4563 -4562 -4561
f -4563 -4561 -4560
f -4588 -4589 -4590
f -4590 -4589 -4591
f -4590 -4591 -4592
f -4592 -4591 -4593
f -4592 -4593 -4537
f -5677 -5676 -5679
f -5679 -5676 -5675
f -5679 -5675 -5674
f -5647 -5679 -5656
f -5656 -5679 -5674
f -5656 -5674 -5646
f -5643 -5672 -5656
f -5656 -5672 -5673
f -5656 -5673 -5657
f -5657 -5673 -5658
f -5657 -5658 -5580
f -5580 -5658 -5581
f -5580 -5581 -5579
f -5670 -5669 -5673
f -5673 -5669 -5668
f -5673 -5668 -5667
f -5672 -5671 -5673
f -5673 -5671 -5670
f -5662 -5661 -5673
f -5673 -5661 -5660
f -5673 -5660 -5659
f -5665 -5664 -5673
f -5673 -5664 -5663
f -5673 -5663 -5662
f -5667 -5666 -5673
f -5673 -5666 -5665
f -5700 -5703 -5701
f -5701 -5703 -5702
f -5701 -5702 -5567
f -5567 -5702 -5566
f -5567 -5566 -5565
f -5709 -5710 -5560
f -5560 -5710 -5559
f -5560 -5559 -5558
f -5646 -5645 -5656
f -5656 -5645 -5644
f -5656 -5644 -5643
f -5650 -5649 -5656
f -5656 -5649 -5648
f -5656 -5648 -5647
f -5620 -5651 -5652
f -5652 -5651 -5656
f -5652 -5656 -5653
f -5653 -5656 -5654
f -5654 -5656 -5655
f -5655 -5656 -5657
f -5655 -5657 -5580
f -5584 -5583 -5658
f -5658 -5583 -5582
f -5658 -5582 -5581
f -5622 -5621 -5642
f -5642 -5621 -5652
f -5642 -5652 -5641
f -5641 -5652 -5602
f -5716 -5718 -5717
f -5717 -5718 -5719
f -5717 -5719 -5699
f -5699 -5719 -5698
f -5699 -5698 -5697
f -5602 -5652 -5603
f -5603 -5652 -5604
f -5607 -5606 -5652
f -5652 -5606 -5605
f -5652 -5605 -5604
f -5697 -5696 -5699
f -5699 -5696 -5695
f -5713 -5715 -5714
f -5714 -5715 -5703
f -5714 -5703 -5700
f -5702 -5703 -5726
f -5726 -5703 -5728
f -5726 -5728 -5727
f -5639 -5725 -5642
f -5642 -5725 -5727
f -5642 -5727 -5638
f -5718 -5720 -5719
f -5719 -5720 -5580
f -5719 -5580 -5574
f -5574 -5580 -5575
f -5716 -5717 -5568
f -5568 -5717 -5573
f -5568 -5573 -5569
f -5569 -5573 -5570
f -5563 -5562 -5567
f -5567 -5562 -5572
f -5567 -5572 -5573
f -5573 -5572 -5571
f -5573 -5571 -5570
f -5579 -5578 -5580
f -5580 -5578 -5577
f -5580 -5577 -5576
f -5557 -5556 -5560
f -5560 -5556 -5555
f -5560 -5555 -5554
f -5565 -5564 -5567
f -5567 -5564 -5563
f -5536 -5535 -5539
f -5539 -5535 -5534
f -5539 -5534 -5533
f -5538 -5537 -5539
f -5539 -5537 -5536
f -5625 -5624 -5642
f -5642 -5624 -5623
f -5642 -5623 -5622
f -5628 -5627 -5642
f -5642 -5627 -5626
f -5642 -5626 -5625
f -5631 -5630 -5642
f -5642 -5630 -5629
f -5642 -5629 -5628
f -5635 -5642 -5636
f -5636 -5642 -5637
f -5639 -5642 -5640
f -5640 -5642 -5641
f -5489 -5488 -5490
f -5490 -5488 -5492
f -5490 -5492 -5491
f -5491 -5492 -5496
f -5491 -5496 -5498
f -5498 -5496 -5497
f -5498 -5497 -5499
f -5478 -5481 -5479
f -5479 -5481 -5462
f -5479 -5462 -5463
f -5463 -5464 -5475
f -5475 -5464 -5471
f -5475 -5471 -5470
f -5463 -5475 -5479
f -5479 -5475 -5474
f -5488 -5493 -5492
f -5492 -5493 -5494
f -5492 -5494 -5496
f -5496 -5494 -5495
f -5496 -5495 -5497
f -5503 -5502 -5506
f -5506 -5502 -5501
f -5506 -5501 -5500
f -5505 -5504 -5506
f -5506 -5504 -5503
f -5415 -5414 -5418
f -5418 -5414 -5413
f -5418 -5413 -5412
f -5417 -5416 -5418
f -5418 -5416 -5415
f -5406 -5409 -5407
f -5407 -5409 -5408
f -5407 -5408 -5379
f -5379 -5408 -5373
f -5379 -5390 -5407
f -5407 -5390 -5391
f -5407 -5391 -5406
f -5406 -5391 -5380
f -5377 -5378 -5404
f -5404 -5378 -5402
f -5404 -5402 -5403
f -5403 -5402 -5401
f -5403 -5401 -5372
f -5394 -5396 -5395
f -5395 -5396 -5374
f -5395 -5374 -5375
f -5375 -5374 -5376
f -5375 -5376 -5399
f -5399 -5376 -5398
f -5399 -5398 -5403
f -5403 -5398 -5397
f -5403 -5397 -5405
f -5443 -5442 -5444
f -5444 -5442 -5441
f -5444 -5441 -5440
f -5452 -5447 -5450
f -5450 -5447 -5446
f -5450 -5446 -5448
f -5440 -5439 -5444
f -5444 -5439 -5438
f -5452 -5450 -5451
f -5451 -5450 -5449
f -5451 -5449 -5445
f -5452 -5451 -5453
f -5453 -5451 -5456
f -5453 -5456 -5458
f -5458 -5456 -5457
f -5458 -5457 -5459
f -5435 -5434 -5432
f -5432 -5434 -5431
f -5432 -5431 -5430
f -5429 -5428 -5427
f -5427 -5428 -5426
f -5427 -5426 -5425
f -5425 -5426 -5424
f -5425 -5424 -5423
f -5423 -5424 -5422
f -5423 -5422 -5421
f -5368 -5367 -5370
f -5370 -5367 -5366
f -5370 -5366 -5365
f -5364 -5363 -5362
f -5362 -5363 -5361
f -5362 -5361 -5360
f -5360 -5361 -5359
f -5360 -5359 -5358
f -5390 -5392 -5391
f -5391 -5392 -5393
f -5391 -5393 -5380
f -5380 -5393 -5381
f -5343 -5344 -5345
f -5345 -5344 -5346
f -5345 -5346 -5341
f -5336 -5337 -5338
f -5338 -5337 -5339
f -5338 -5339 -5341
f -5329 -5328 -5334
f -5334 -5328 -5327
f -5334 -5327 -5326
f -5332 -5331 -5334
f -5334 -5331 -5330
f -5334 -5330 -5329
f -5315 -5317 -5316
f -5316 -5317 -5318
f -5316 -5318 -5309
f -5308 -5314 -5316
f -5316 -5314 -5313
f -5316 -5313 -5322
f -5321 -5323 -5322
f -5322 -5323 -5324
f -5322 -5324 -5312
f -5301 -5300 -5305
f -5305 -5300 -5303
f -5305 -5303 -5304
f -5304 -5303 -5302
f -5304 -5302 -5293
f -5305 -5304 -5306
f -5306 -5304 -5290
f -5306 -5290 -5289
f -5296 -5297 -5300
f -5300 -5297 -5303
f -5298 -5300 -5299
f -5299 -5300 -5301
f -5285 -5284 -5288
f -5288 -5284 -5283
f -5288 -5283 -5282
f -5287 -5286 -5288
f -5288 -5286 -5285
f -5266 -5267 -5268
f -5268 -5267 -5270
f -5268 -5270 -5269
f -3065 -3066 -3067
f -3067 -3066 -3068
f -3067 -3068 -3032
f -3032 -3068 -3031
f -3032 -3031 -3030
f -3030 -3031 -3029
f -3030 -3029 -3033
f -3033 -3029 -3028
f -3033 -3028 -3035
f -4086 -4085 -4084
f -4084 -4085 -4138
f -4084 -4138 -4136
f -4190 -4191 -4192
f -4192 -4191 -4193
f -4192 -4193 -4194
f -4194 -4193 -4195
f -4194 -4195 -4196
f -4196 -4195 -4197
f -4196 -4197 -4198
f -4198 -4197 -4199
f -4198 -4199 -4200
f -4200 -4199 -4201
f -4202 -4203 -4204
f -4204 -4203 -4205
f -4206 -4207 -4208
f -4208 -4207 -4209
f -4214 -4215 -4216
f -4216 -4215 -4217
f -4210 -4211 -4212
f -4212 -4211 -4213
f -4222 -4223 -4224
f -4224 -4223 -4225
f -4218 -4219 -4220
f -4220 -4219 -4221
f -3793 -3794 -3795
f -3795 -3794 -3796
f -3795 -3796 -3797
f -3797 -3796 -3798
f -3797 -3798 -3799
f -3799 -3798 -3800
f -3799 -3800 -3801
f -3801 -3800 -3802
f -3801 -3802 -3803
f -3803 -3802 -3804
f -3781 -3782 -3783
f -3783 -3782 -3784
f -3783 -3784 -3785
f -3785 -3784 -3786
f -3785 -3786 -3787
f -3787 -3786 -3788
f -3787 -3788 -3789
f -3789 -3788 -3790
f -3789 -3790 -3791
f -3791 -3790 -3792
f -3755 -3703 -3757
f -3757 -3703 -3704
f -3600 -3601 -3602
f -3602 -3601 -3603
f -3602 -3603 -3604
f -3604 -3603 -3605
f -3642 -3643 -3644
f -3644 -3643 -3645
f -3644 -3645 -3646
f -3646 -3645 -3647
f -3646 -3647 -3648
f -3648 -3647 -3649
f -3648 -3649 -3650
f -3650 -3649 -3651
f -3650 -3651 -3652
f -3652 -3651 -3653
f -3703 -3705 -3704
f -3704 -3705 -3765
f -4852 -4851 -4850
f -4850 -4851 -4849
f -4850 -4849 -4848
f -4848 -4849 -4847
f -4848 -4847 -4846
f -4863 -4859 -4858
f -4858 -4859 -4864
f -4857 -4875 -4876
f -4876 -4875 -4877
f -4876 -4877 -4878
f -4825 -4823 -4822
f -4822 -4823 -4821
f -4822 -4821 -4820
f -4807 -4808 -4809
f -4809 -4808 -4812
f -4812 -4814 -4815
f -4815 -4814 -4813
f -4815 -4813 -4817
f -4952 -4951 -4950
f -4950 -4951 -4949
f -4950 -4949 -4948
f -4948 -4949 -4947
f -4948 -4947 -4946
f -4991 -4989 -4990
f -4990 -4989 -4988
f -5000 -5001 -5002
f -5002 -5001 -5006
f -5008 -5009 -5010
f -5010 -5009 -5011
f -4906 -4905 -4907
f -4907 -4905 -4939
f -4907 -4939 -4940
f -4940 -4939 -4941
f -4940 -4941 -4942
f -4942 -4941 -4943
f -4942 -4943 -4944
f -4944 -4943 -4945
f -4944 -4945 -4931
f -4910 -4912 -4908
f -4908 -4912 -4909
f -4908 -4909 -4904
f -4881 -4901 -4883
f -4883 -4901 -4886
f -4944 -4931 -4932
f -4932 -4931 -4933
f -4932 -4933 -4934
f -4934 -4933 -4936
f -4934 -4936 -4935
f -5070 -5071 -5072
f -5072 -5071 -5073
f -5072 -5073 -5074
f -5074 -5073 -5075
f -5074 -5075 -5069
f -5130 -5129 -5128
f -5128 -5129 -5127
f -5128 -5127 -5126
f -5126 -5127 -5125
f -5126 -5125 -5124
f -5124 -5125 -5123
f -5124 -5123 -5122
f -5122 -5123 -5121
f -5122 -5121 -5120
f -5120 -5121 -5119
f -5120 -5119 -5118
f -5118 -5119 -5117
f -5118 -5117 -5116
f -5116 -5117 -5115
f -5116 -5115 -5114
f -5114 -5115 -5113
f -5114 -5113 -5112
f -5112 -5113 -5111
f -5112 -5111 -5110
f -5110 -5111 -5109
f -5110 -5109 -5108
f -5108 -5109 -5107
f -5108 -5107 -5106
f -5106 -5107 -5105
f -5106 -5105 -5104
f -5104 -5105 -5103
f -5104 -5103 -5102
f -5102 -5103 -5101
f -5102 -5101 -5100
f -5100 -5101 -5099
f -5100 -5099 -5098
f -5098 -5099 -5097
f -5098 -5097 -5096
f -5096 -5097 -5095
f -5096 -5095 -5094
f -5094 -5095 -5093
f -5094 -5093 -5092
f -5080 -5077 -5082
f -5082 -5077 -5076
f -5270 -5272 -5271
f -5271 -5272 -5262
f -5271 -5262 -5263
f -5263 -5262 -5281
f -5263 -5281 -5279
f -5279 -5281 -5280
f -4447 -4448 -4449
f -4449 -4448 -4450
f -4443 -4444 -4445
f -4445 -4444 -4446
f -4439 -4440 -4441
f -4441 -4440 -4442
f -4433 -4434 -4435
f -4435 -4434 -4436
f -4435 -4436 -4437
f -4437 -4436 -4438
f -4459 -4460 -4461
f -4461 -4460 -4462
f -4463 -4464 -4465
f -4465 -4464 -4466
f -4451 -4452 -4453
f -4453 -4452 -4454
f -4455 -4456 -4457
f -4457 -4456 -4458
f -4471 -4472 -4473
f -4473 -4472 -4474
f -4467 -4468 -4469
f -4469 -4468 -4470
f -4479 -4480 -4481
f -4481 -4480 -4482
f -4475 -4476 -4477
f -4477 -4476 -4478
f -4483 -4484 -4485
f -4485 -4484 -4486
f -4487 -4488 -4489
f -4489 -4488 -4490
f -4491 -4492 -4493
f -4493 -4492 -4494
f -4495 -4496 -4497
f -4497 -4496 -4498
f -4394 -4395 -4396
f -4396 -4395 -4397
f -4386 -4387 -4388
f -4388 -4387 -4389
f -4390 -4391 -4392
f -4392 -4391 -4393
f -4382 -4383 -4384
f -4384 -4383 -4385
f -4378 -4379 -4380
f -4380 -4379 -4381
f -4374 -4375 -4376
f -4376 -4375 -4377
f -4370 -4371 -4372
f -4372 -4371 -4373
f -4425 -4426 -4427
f -4427 -4426 -4432
f -4350 -4351 -4352
f -4352 -4351 -4353
f -4354 -4355 -4356
f -4356 -4355 -4357
f -4358 -4359 -4360
f -4360 -4359 -4361
f -4362 -4363 -4364
f -4364 -4363 -4365
f -4366 -4367 -4368
f -4368 -4367 -4369
f -4246 -4247 -4248
f -4248 -4247 -4249
f -4651 -4652 -4653
f -4653 -4652 -4654
f -4655 -4656 -4657
f -4657 -4656 -4658
f -4643 -4644 -4645
f -4645 -4644 -4646
f -4647 -4648 -4649
f -4649 -4648 -4650
f -4639 -4640 -4641
f -4641 -4640 -4642
f -4635 -4636 -4637
f -4637 -4636 -4638
f -4675 -4676 -4677
f -4677 -4676 -4678
f -4679 -4680 -4681
f -4681 -4680 -4682
f -4663 -4664 -4665
f -4665 -4664 -4666
f -4659 -4660 -4661
f -4661 -4660 -4662
f -4671 -4672 -4673
f -4673 -4672 -4674
f -4667 -4668 -4669
f -4669 -4668 -4670
f -4683 -4703 -4701
f -4701 -4703 -4702
f -4701 -4702 -4700
f -4694 -4695 -4696
f -4696 -4695 -4697
f -4717 -4715 -4716
f -4716 -4715 -4711
f -4716 -4711 -4712
f -4716 -4712 -4713
f -4713 -4712 -4714
f -4743 -4745 -4744
f -4744 -4745 -4746
f -4531 -4532 -4533
f -4533 -4532 -4534
f -4523 -4524 -4525
f -4525 -4524 -4526
f -4527 -4528 -4529
f -4529 -4528 -4530
f -4515 -4516 -4517
f -4517 -4516 -4518
f -4519 -4520 -4521
f -4521 -4520 -4522
f -4511 -4512 -4513
f -4513 -4512 -4514
f -4507 -4508 -4509
f -4509 -4508 -4510
f -4503 -4504 -4505
f -4505 -4504 -4506
f -4499 -4500 -4501
f -4501 -4500 -4502
f -4594 -4595 -4596
f -4596 -4595 -4597
f -4596 -4597 -4598
f -4598 -4597 -4599
f -4576 -4577 -4578
f -4578 -4577 -4579
f -4578 -4579 -4580
f -4580 -4579 -4581
f -4580 -4581 -4582
f -4582 -4581 -4583
f -4582 -4583 -4585
f -4556 -4570 -4571
f -4571 -4570 -4573
f -4567 -4569 -4568
f -4568 -4569 -4592
f -4568 -4592 -4537
f -5673 -5659 -5658
f -5658 -5659 -5585
f -5658 -5585 -5584
f -5710 -5711 -5712
f -5712 -5711 -5713
f -5712 -5713 -5714
f -5532 -5531 -5530
f -5530 -5531 -5529
f -5530 -5529 -5528
f -5528 -5529 -5527
f -5528 -5527 -5526
f -5526 -5527 -5525
f -5526 -5525 -5524
f -5524 -5525 -5523
f -5524 -5523 -5522
f -5464 -5465 -5471
f -5471 -5465 -5466
f -5471 -5466 -5460
f -5480 -5482 -5481
f -5481 -5482 -5461
f -5517 -5516 -5515
f -5515 -5516 -5514
f -5515 -5514 -5513
f -5513 -5514 -5512
f -5513 -5512 -5511
f -5511 -5512 -5510
f -5511 -5510 -5509
f -5509 -5510 -5508
f -5509 -5508 -5507
f -5518 -5519 -5520
f -5520 -5519 -5521
f -5436 -5435 -5437
f -5437 -5435 -5420
f -5437 -5420 -5419
f -5419 -5420 -5428
f -5419 -5428 -5429
f -5387 -5388 -5400
f -5400 -5388 -5389
f -5403 -5372 -5399
f -5399 -5372 -5371
f -5399 -5371 -5385
f -5385 -5371 -5384
f -5385 -5384 -5395
f -5454 -5455 -5456
f -5456 -5455 -5457
f -5381 -5393 -5383
f -5383 -5393 -5382
f -5383 -5382 -5384
f -5392 -5394 -5393
f -5393 -5394 -5395
f -5353 -5355 -5354
f -5354 -5355 -5357
f -5352 -5351 -5350
f -5350 -5351 -5349
f -5350 -5349 -5348
f -5348 -5349 -5347
f -5310 -5311 -5319
f -5319 -5311 -5318
f -5319 -5318 -5317
f -5290 -5304 -5292
f -5292 -5304 -5293
f -5292 -5293 -5291
f -5273 -5275 -5274
f -5274 -5275 -5278
f -3033 -3035 -3034
f -3034 -3035 -3045
f -5316 -5309 -5308
f -5308 -5309 -5307
f -4981 -4974 -4983
f -4917 -4919 -4918
f -4928 -4930 -4929
f -4542 -4548 -4549
f -4605 -4615 -4606
f -5677 -5679 -5678
f -5651 -5650 -5656
f -5561 -5567 -5573
f -5575 -5580 -5576
f -5557 -5560 -5558
f -5631 -5642 -5632
f -5637 -5642 -5638
f -5403 -5405 -5404
f -5449 -5450 -5448
f -5368 -5370 -5369
f -5363 -5364 -5357
f -5342 -5344 -5343
f -5335 -5337 -5336
f -5332 -5334 -5333
f -4086 -4146 -4085
f -4122 -4121 -4123
f -4120 -4079 -4119
f -4116 -4118 -4117
f -3739 -3698 -3738
f -3741 -3740 -3742
f -3735 -3737 -3736
f -4825 -4824 -4823
f -4973 -4974 -4979
f -4900 -4902 -4901
f -4894 -4895 -4893
f -4704 -4706 -4705
f -4699 -4701 -4700
f -4716 -4718 -4717
f -4613 -4614 -4615
f -4563 -4569 -4564
f -5652 -5653 -5607
f -5620 -5652 -5621
f -5709 -5711 -5710
f -5725 -5726 -5727
f -5465 -5467 -5466
f -5488 -5489 -5487
f -5401 -5402 -5400
f -5445 -5456 -5451
f -5312 -5316 -5322
f -5321 -5322 -5320
f -5323 -5325 -5324
f -5302 -5303 -5297
f -3035 -3036 -3045
f -5007 -4996 -4995
f -4997 -4999 -4998
f -4993 -4999 -4994
f -5005 -5004 -5003
f -5005 -5007 -5006
f -4936 -4938 -4937
f -4926 -4929 -4927
f -5014 -5015 -5024
f -5024 -5026 -5025
f -5012 -5018 -5013
f -5016 -5018 -5017
f -5468 -5470 -5469
f -5484 -5486 -5485
f -5493 -5487 -5483
f -5472 -5476 -5473
f -5476 -5480 -5477
f -5409 -5411 -5410
f -5386 -5388 -5402
f -5433 -5436 -5434
f -5363 -5356 -5355
f -5339 -5345 -5340
f -5294 -5300 -5295
f -5277 -5280 -5278
f -5275 -5279 -5276
f -5264 -5267 -5265
f -4090 -4089 -4100
f -4100 -4089 -4099
f -4100 -4099 -4114
f -4114 -4099 -4116
f -4114 -4116 -4115
f -4115 -4116 -4117
f -4142 -4091 -4103
f -4103 -4091 -4104
f -4103 -4104 -4126
f -4126 -4104 -4105
f -4126 -4105 -4128
f -4128 -4105 -4079
f -4128 -4127 -4126
f -4126 -4127 -4125
f -4126 -4125 -4124
f -4163 -4162 -4164
f -4164 -4162 -4157
f -4164 -4157 -4156
f -4156 -4157 -4155
f -4156 -4155 -4154
f -4176 -4168 -4167
f -4167 -4168 -4166
f -4167 -4166 -4165
f -4158 -4151 -4152
f -4152 -4151 -4173
f -4152 -4173 -4148
f -4159 -4158 -4160
f -4160 -4158 -4152
f -4160 -4152 -4153
f -4153 -4152 -4148
f -4153 -4148 -4147
f -4147 -4150 -4153
f -4153 -4150 -4162
f -4153 -4162 -4160
f -4160 -4162 -4161
f -4160 -4161 -4159
f -4162 -4150 -4157
f -4157 -4150 -4149
f -4157 -4149 -4155
f -4186 -4184 -4185
f -4185 -4184 -4183
f -4185 -4183 -4182
f -4179 -4178 -4180
f -4180 -4178 -4177
f -4180 -4177 -4181
f -3752 -3751 -3750
f -3750 -3751 -3749
f -3750 -3749 -3748
f -3737 -3716 -3732
f -3732 -3716 -3731
f -3732 -3731 -3730
f -3730 -3731 -3729
f -3730 -3729 -3728
f -3735 -3717 -3716
f -3716 -3717 -3715
f -3716 -3715 -3731
f -3731 -3715 -3714
f -3731 -3714 -3729
f -3679 -3678 -3680
f -3680 -3678 -3672
f -3680 -3672 -3673
f -3673 -3672 -3668
f -3673 -3668 -3667
f -3679 -3680 -3681
f -3681 -3680 -3682
f -3681 -3682 -3683
f -3683 -3682 -3684
f -3680 -3673 -3682
f -3682 -3673 -3670
f -3682 -3670 -3677
f -3677 -3670 -3669
f -3677 -3669 -3675
f -3673 -3667 -3670
f -3670 -3667 -3685
f -3670 -3685 -3669
f -3678 -3671 -3672
f -3672 -3671 -3693
f -3672 -3693 -3668
f -3696 -3688 -3687
f -3687 -3688 -3686
f -3687 -3686 -3685
f -3708 -3707 -3718
f -3718 -3707 -3717
f -3718 -3717 -3735
f -3717 -3706 -3715
f -3715 -3706 -3748
f -3715 -3748 -3714
f -3517 -3518 -3519
f -3519 -3518 -3520
f -3519 -3520 -3521
f -3521 -3520 -3522
f -3521 -3522 -3523
f -3523 -3522 -3524
f -3523 -3524 -3525
f -3525 -3524 -3526
f -3525 -3526 -3459
f -3528 -3527 -3532
f -3532 -3527 -3534
f -3532 -3534 -3533
f -3533 -3534 -3535
f -3529 -3531 -3530
f -3530 -3531 -3460
f -3530 -3460 -3454
f -3454 -3460 -3455
f -3585 -3584 -3590
f -3590 -3584 -3574
f -3590 -3574 -3575
f -3575 -3574 -3577
f -3575 -3577 -3576
f -3580 -3582 -3591
f -3591 -3582 -3581
f -3591 -3581 -3593
f -3586 -3588 -3587
f -3587 -3588 -3589
f -3587 -3589 -3599
f -3590 -3589 -3591
f -3591 -3589 -3588
f -3591 -3588 -3580
f -3580 -3588 -3586
f -3578 -3595 -3583
f -3583 -3595 -3598
f -3583 -3598 -3599
f -3599 -3598 -3597
f -3599 -3597 -3587
f -3542 -3543 -3544
f -3544 -3543 -3545
f -3544 -3545 -3536
f -3536 -3545 -3535
f -3536 -3535 -3534
f -3569 -3570 -3571
f -3571 -3570 -3572
f -3571 -3572 -3567
f -3567 -3572 -3566
f -3567 -3566 -3565
f -3565 -3566 -3564
f -3565 -3564 -3563
f -3459 -3458 -3460
f -3460 -3458 -3457
f -3460 -3457 -3456
f -4833 -4832 -4839
f -4839 -4832 -4831
f -4839 -4831 -4830
f -4836 -4835 -4839
f -4839 -4835 -4834
f -4839 -4834 -4833
f -4836 -4839 -4837
f -4837 -4839 -4838
f -4837 -4838 -4845
f -4804 -4803 -4805
f -4805 -4803 -4789
f -4805 -4789 -4790
f -4787 -4786 -4788
f -4788 -4786 -4785
f -4788 -4785 -4784
f -4784 -4785 -4783
f -4793 -4794 -4795
f -4795 -4794 -4796
f -4795 -4796 -4798
f -4798 -4796 -4797
f -4798 -4797 -4799
f -4785 -4782 -4783
f -4783 -4782 -4781
f -4783 -4781 -4793
f -4769 -4770 -4771
f -4771 -4770 -4772
f -4771 -4772 -4762
f -4762 -4772 -4761
f -4762 -4761 -4760
f -4775 -4774 -4776
f -4776 -4774 -4778
f -4776 -4778 -4777
f -4777 -4778 -4779
f -4768 -4766 -4767
f -4767 -4766 -4765
f -4767 -4765 -4764
f -4767 -4764 -4763
f -4763 -4764 -4754
f -4763 -4754 -4753
f -4758 -4757 -4762
f -4762 -4757 -4756
f -4762 -4756 -4755
f -4760 -4759 -4762
f -4762 -4759 -4758
f -4968 -4955 -4954
f -4954 -4955 -4956
f -4954 -4956 -4953
f -4959 -4958 -4963
f -4963 -4958 -4957
f -4963 -4957 -4956
f -4962 -4961 -4963
f -4963 -4961 -4960
f -4963 -4960 -4959
f -5062 -5061 -5060
f -5060 -5061 -5059
f -5060 -5059 -5058
f -5051 -5050 -5049
f -5049 -5050 -5048
f -5049 -5048 -5047
f -5040 -5042 -5041
f -5041 -5042 -5039
f -5031 -5030 -5029
f -5029 -5030 -5028
f -5029 -5028 -5027
f -5163 -5162 -5166
f -5166 -5162 -5161
f -5166 -5161 -5160
f -5165 -5164 -5166
f -5166 -5164 -5163
f -5136 -5152 -5156
f -5156 -5152 -5153
f -5156 -5153 -5154
f -5154 -5153 -5140
f -5154 -5140 -5141
f -5141 -5140 -5139
f -5141 -5139 -5138
f -5156 -5154 -5155
f -5155 -5154 -5141
f -5155 -5141 -5142
f -5142 -5141 -5137
f -5142 -5137 -5132
f -5135 -5134 -5152
f -5152 -5134 -5150
f -5152 -5150 -5151
f -5151 -5148 -5145
f -5145 -5148 -5146
f -5145 -5146 -5144
f -5152 -5151 -5153
f -5153 -5151 -5145
f -5153 -5145 -5140
f -5140 -5145 -5143
f -5140 -5143 -5139
f -5195 -5194 -5196
f -5196 -5194 -5193
f -5196 -5193 -5192
f -5173 -5174 -5175
f -5175 -5174 -5176
f -5175 -5176 -5171
f -5171 -5176 -5170
f -5171 -5170 -5169
f -5169 -5170 -5168
f -5169 -5168 -5167
f -5180 -5179 -5182
f -5182 -5179 -5178
f -5182 -5178 -5177
f -5211 -5210 -5214
f -5214 -5210 -5209
f -5214 -5209 -5208
f -5213 -5212 -5214
f -5214 -5212 -5211
f -5231 -5242 -5230
f -5230 -5242 -5229
f -5230 -5229 -5228
f -5228 -5229 -5224
f -5232 -5226 -5227
f -5227 -5226 -5225
f -5227 -5225 -5238
f -5238 -5225 -5240
f -5238 -5240 -5239
f -5239 -5240 -5241
f -5239 -5241 -5223
f -5226 -5224 -5225
f -5225 -5224 -5229
f -5225 -5229 -5240
f -5240 -5229 -5242
f -5240 -5242 -5241
f -5222 -5221 -5239
f -5239 -5221 -5237
f -5239 -5237 -5238
f -5238 -5237 -5236
f -5238 -5236 -5227
f -5227 -5236 -5243
f -5227 -5243 -5232
f -5232 -5243 -5233
f -5215 -5247 -5249
f -5249 -5247 -5248
f -5249 -5248 -5250
f -5250 -5248 -5235
f -5250 -5235 -5216
f -5216 -5235 -5217
f -5221 -5220 -5237
f -5237 -5220 -5235
f -5237 -5235 -5236
f -5236 -5235 -5246
f -5236 -5246 -5243
f -5243 -5246 -5244
f -5243 -5244 -5234
f -4413 -4412 -4416
f -4416 -4412 -4411
f -4416 -4411 -4410
f -4417 -4415 -4416
f -4416 -4415 -4414
f -4416 -4414 -4413
f -4690 -4686 -4687
f -4687 -4686 -4685
f -4687 -4685 -4684
f -4684 -4683 -4687
f -4687 -4683 -4701
f -4687 -4701 -4696
f -4707 -4708 -4709
f -4709 -4708 -4710
f -4709 -4710 -4689
f -4689 -4688 -4709
f -4709 -4688 -4692
f -4709 -4692 -4693
f -4693 -4692 -4691
f -4751 -4750 -4754
f -4754 -4750 -4749
f -4754 -4749 -4755
f -4755 -4749 -4748
f -4755 -4748 -4762
f -4764 -4752 -4754
f -4754 -4752 -4751
f -4616 -4608 -4615
f -4615 -4608 -4607
f -4615 -4607 -4606
f -4619 -4618 -4622
f -4622 -4618 -4617
f -4622 -4617 -4616
f -4621 -4620 -4622
f -4622 -4620 -4619
f -5549 -5608 -5683
f -5683 -5608 -5614
f -5683 -5614 -5609
f -5609 -5614 -5610
f -5684 -5543 -5683
f -5683 -5543 -5542
f -5683 -5542 -5549
f -5600 -5599 -5691
f -5691 -5599 -5598
f -5691 -5598 -5704
f -5601 -5691 -5692
f -5692 -5691 -5694
f -5692 -5694 -5693
f -5592 -5692 -5682
f -5682 -5692 -5693
f -5682 -5693 -5591
f -5704 -5705 -5691
f -5691 -5705 -5597
f -5691 -5597 -5690
f -5705 -5708 -5706
f -5706 -5708 -5707
f -5706 -5707 -5619
f -5619 -5707 -5618
f -5619 -5618 -5617
f -5635 -5634 -5642
f -5642 -5634 -5705
f -5642 -5705 -5706
f -5681 -5685 -5682
f -5682 -5685 -5683
f -5682 -5683 -5609
f -5681 -5682 -5586
f -5586 -5682 -5587
f -5590 -5589 -5682
f -5682 -5589 -5588
f -5682 -5588 -5587
f -5592 -5682 -5593
f -5593 -5682 -5594
f -5609 -5596 -5682
f -5682 -5596 -5595
f -5682 -5595 -5594
f -5691 -5690 -5694
f -5694 -5690 -5689
f -5694 -5689 -5688
f -5721 -5722 -5723
f -5723 -5722 -5724
f -5723 -5724 -5614
f -5614 -5724 -5613
f -5614 -5613 -5612
f -5744 -5743 -5742
f -5742 -5743 -5741
f -5742 -5741 -5740
f -5740 -5741 -5739
f -5740 -5739 -5738
f -5749 -5748 -5747
f -5747 -5748 -5746
f -5747 -5746 -5745
f -5756 -5757 -5758
f -5758 -5757 -5759
f -5758 -5759 -5754
f -5754 -5759 -5753
f -5754 -5753 -5752
f -5752 -5753 -5751
f -5752 -5751 -5750
f -5779 -5778 -5777
f -5777 -5778 -5776
f -5777 -5776 -5775
f -5554 -5553 -5560
f -5560 -5553 -5687
f -5617 -5616 -5619
f -5619 -5616 -5615
f -5619 -5615 -5722
f -5706 -5633 -5642
f -5642 -5633 -5632
f -5551 -5552 -5589
f -5589 -5552 -5550
f -5589 -5550 -5588
f -5610 -5614 -5611
f -5611 -5614 -5612
f -6063 -6040 -6043
f -6043 -6040 -6076
f -6043 -6076 -6077
f -6077 -6076 -6078
f -6077 -6078 -6079
f -6079 -6078 -6080
f -6079 -6080 -6081
f -6081 -6080 -6085
f -6081 -6085 -6087
f -6087 -6085 -6086
f -6087 -6086 -6088
f -6090 -6092 -6091
f -6091 -6092 -6093
f -6091 -6093 -6053
f -6053 -6093 -6054
f -6053 -6054 -6055
f -6055 -6054 -6056
f -6055 -6056 -6057
f -6057 -6056 -6058
f -6057 -6058 -6059
f -6059 -6058 -6060
f -6059 -6060 -6061
f -6061 -6060 -6062
f -6061 -6062 -6063
f -6063 -6062 -6064
f -6063 -6064 -6065
f -6065 -6064 -6066
f -6065 -6066 -6067
f -6067 -6066 -6068
f -6067 -6068 -6069
f -6069 -6068 -6070
f -6069 -6070 -6071
f -6071 -6070 -6072
f -6071 -6072 -6085
f -6085 -6072 -6083
f -6085 -6083 -6084
f -6084 -6083 -6082
f -2816 -2818 -2817
f -2817 -2818 -2805
f -2817 -2805 -2806
f -2806 -2805 -2807
f -2806 -2807 -2786
f -6090 -6091 -6089
f -6089 -6091 -6075
f -6038 -6037 -6044
f -6044 -6037 -6048
f -6044 -6048 -6049
f -6049 -6048 -6050
f -6049 -6050 -6095
f -6095 -6050 -6093
f -6095 -6093 -6094
f -6094 -6093 -6092
f -6062 -6038 -6064
f -6064 -6038 -6044
f -6064 -6044 -6039
f -6039 -6044 -6045
f -6051 -6052 -6047
f -6047 -6052 -6046
f -6047 -6046 -6045
f -6061 -6063 -6041
f -6041 -6063 -6043
f -6041 -6043 -6042
f -6042 -6043 -6073
f -2911 -2910 -2912
f -2912 -2910 -2899
f -2912 -2899 -2907
f -2907 -2899 -2906
f -2907 -2906 -2905
f -2905 -2906 -2904
f -2905 -2904 -2903
f -2903 -2904 -2902
f -2903 -2902 -2901
f -2909 -2908 -2910
f -2910 -2908 -2900
f -2910 -2900 -2893
f -2926 -2925 -2928
f -2928 -2925 -2924
f -2928 -2924 -2923
f -2902 -2904 -2917
f -2917 -2904 -2916
f -2917 -2916 -2915
f -2915 -2916 -2914
f -2915 -2914 -2913
f -2892 -2893 -2894
f -2894 -2893 -2895
f -2894 -2895 -2898
f -5835 -5821 -5853
f -5853 -5821 -5855
f -5853 -5855 -5854
f -5854 -5855 -5856
f -5845 -5847 -5846
f -5846 -5847 -5848
f -5846 -5848 -5844
f -2968 -2969 -2967
f -2967 -2969 -2966
f -2967 -2966 -2965
f -5859 -5860 -5857
f -5857 -5860 -5856
f -5857 -5856 -5855
f -5841 -5839 -5840
f -5840 -5839 -5838
f -5840 -5838 -5837
f -5837 -5838 -5836
f -5837 -5836 -5835
f -5857 -5824 -5859
f -5859 -5824 -5823
f -5859 -5823 -5822
f -5822 -5823 -5827
f -5822 -5827 -5825
f -5825 -5827 -5826
f -5825 -5826 -5833
f -4139 -4141 -4140
f -4140 -4141 -4142
f -4140 -4142 -4102
f -4102 -4142 -4103
f -4102 -4103 -4124
f -4124 -4103 -4126
f -4143 -4144 -4145
f -4145 -4144 -4146
f -4145 -4146 -4086
f -4149 -4150 -4165
f -4165 -4150 -4147
f -4169 -4171 -4170
f -4170 -4171 -4173
f -4170 -4173 -4151
f -4173 -4174 -4175
f -4175 -4174 -4176
f -4175 -4176 -4167
f -4189 -4188 -4187
f -4187 -4188 -4186
f -4187 -4186 -4185
f -4180 -4181 -4182
f -4182 -4181 -4185
f -4226 -4227 -4228
f -4228 -4227 -4229
f -4230 -4231 -4232
f -4232 -4231 -4233
f -4234 -4235 -4236
f -4236 -4235 -4237
f -4238 -4239 -4240
f -4240 -4239 -4241
f -3750 -3699 -3752
f -3752 -3699 -3700
f -3624 -3625 -3626
f -3626 -3625 -3627
f -3626 -3627 -3628
f -3628 -3627 -3629
f -3630 -3631 -3632
f -3632 -3631 -3633
f -3632 -3633 -3634
f -3634 -3633 -3635
f -3634 -3635 -3636
f -3636 -3635 -3637
f -3636 -3637 -3638
f -3638 -3637 -3639
f -3638 -3639 -3640
f -3640 -3639 -3641
f -3612 -3613 -3614
f -3614 -3613 -3615
f -3614 -3615 -3616
f -3616 -3615 -3617
f -3616 -3617 -3618
f -3618 -3617 -3619
f -3618 -3619 -3620
f -3620 -3619 -3621
f -3620 -3621 -3622
f -3622 -3621 -3623
f -3611 -3610 -3609
f -3609 -3610 -3608
f -3609 -3608 -3607
f -3607 -3608 -3606
f -3665 -3663 -3664
f -3664 -3663 -3662
f -3664 -3662 -3661
f -3661 -3662 -3660
f -3661 -3660 -3659
f -3659 -3660 -3658
f -3659 -3658 -3657
f -3657 -3658 -3656
f -3657 -3656 -3655
f -3655 -3656 -3654
f -3674 -3676 -3675
f -3675 -3676 -3677
f -3689 -3691 -3690
f -3690 -3691 -3693
f -3690 -3693 -3671
f -3693 -3694 -3695
f -3695 -3694 -3696
f -3695 -3696 -3687
f -3676 -3684 -3677
f -3677 -3684 -3682
f -3532 -3529 -3528
f -3528 -3529 -3530
f -3519 -3516 -3517
f -3517 -3516 -3479
f -3517 -3479 -3478
f -3478 -3479 -3508
f -3513 -3512 -3511
f -3511 -3512 -3510
f -3511 -3510 -3509
f -3509 -3510 -3508
f -3509 -3508 -3479
f -3594 -3597 -3595
f -3595 -3597 -3596
f -4829 -4828 -4845
f -4845 -4828 -4837
f -4798 -4799 -4800
f -4800 -4799 -4801
f -4800 -4801 -4802
f -4802 -4801 -4803
f -4802 -4803 -4804
f -4787 -4788 -4803
f -4803 -4788 -4789
f -4783 -4793 -4791
f -4791 -4793 -4792
f -4767 -4770 -4768
f -4768 -4770 -4769
f -5043 -5044 -5045
f -5045 -5044 -5046
f -5032 -5033 -5034
f -5034 -5033 -5036
f -5136 -5156 -5158
f -5158 -5156 -5157
f -5158 -5157 -5159
f -5131 -5147 -5133
f -5133 -5147 -5150
f -5133 -5150 -5134
f -5147 -5148 -5149
f -5149 -5148 -5151
f -5187 -5188 -5189
f -5189 -5188 -5190
f -5197 -5199 -5198
f -5198 -5199 -5200
f -5199 -5201 -5200
f -5200 -5201 -5202
f -5183 -5184 -5185
f -5185 -5184 -5186
f -5207 -5206 -5205
f -5205 -5206 -5204
f -5205 -5204 -5203
f -5203 -5204 -5202
f -5203 -5202 -5201
f -5245 -5246 -5247
f -5247 -5246 -5248
f -4398 -4399 -4400
f -4400 -4399 -4401
f -4400 -4401 -4402
f -4402 -4401 -4403
f -4402 -4403 -4404
f -4404 -4403 -4405
f -4404 -4405 -4406
f -4406 -4405 -4407
f -4406 -4407 -4408
f -4408 -4407 -4409
f -4416 -4426 -4417
f -4417 -4426 -4418
f -4342 -4343 -4344
f -4344 -4343 -4345
f -4338 -4339 -4340
f -4340 -4339 -4341
f -4346 -4347 -4348
f -4348 -4347 -4349
f -4318 -4319 -4320
f -4320 -4319 -4321
f -4314 -4315 -4316
f -4316 -4315 -4317
f -4310 -4311 -4312
f -4312 -4311 -4313
f -4306 -4307 -4308
f -4308 -4307 -4309
f -4330 -4331 -4332
f -4332 -4331 -4333
f -4334 -4335 -4336
f -4336 -4335 -4337
f -4322 -4323 -4324
f -4324 -4323 -4325
f -4326 -4327 -4328
f -4328 -4327 -4329
f -4290 -4291 -4292
f -4292 -4291 -4293
f -4294 -4295 -4296
f -4296 -4295 -4297
f -4298 -4299 -4300
f -4300 -4299 -4301
f -4302 -4303 -4304
f -4304 -4303 -4305
f -4278 -4279 -4280
f -4280 -4279 -4281
f -4274 -4275 -4276
f -4276 -4275 -4277
f -4286 -4287 -4288
f -4288 -4287 -4289
f -4282 -4283 -4284
f -4284 -4283 -4285
f -4266 -4267 -4268
f -4268 -4267 -4269
f -4270 -4271 -4272
f -4272 -4271 -4273
f -4258 -4259 -4260
f -4260 -4259 -4261
f -4262 -4263 -4264
f -4264 -4263 -4265
f -4254 -4255 -4256
f -4256 -4255 -4257
f -4250 -4251 -4252
f -4252 -4251 -4253
f -4242 -4243 -4244
f -4244 -4243 -4245
f -4623 -4624 -4625
f -4625 -4624 -4626
f -4625 -4626 -4627
f -4627 -4626 -4628
f -4627 -4628 -4629
f -4629 -4628 -4630
f -4629 -4630 -4631
f -4631 -4630 -4632
f -4631 -4632 -4633
f -4633 -4632 -4634
f -4687 -4691 -4690
f -4690 -4691 -4692
f -4707 -4709 -4694
f -4694 -4709 -4695
f -5634 -5541 -5705
f -5705 -5541 -5540
f -5705 -5540 -5597
f -5553 -5686 -5687
f -5687 -5686 -5694
f -5687 -5694 -5688
f -5729 -5730 -5731
f -5731 -5730 -5732
f -5733 -5735 -5734
f -5734 -5735 -5737
f -5760 -5761 -5762
f -5762 -5761 -5763
f -5764 -5766 -5765
f -5765 -5766 -5767
f -5774 -5773 -5772
f -5772 -5773 -5771
f -5772 -5771 -5770
f -5770 -5771 -5769
f -5770 -5769 -5768
f -5768 -5769 -5767
f -5768 -5767 -5766
f -2804 -2803 -2802
f -2802 -2803 -2801
f -2802 -2801 -2800
f -2800 -2801 -2799
f -2800 -2799 -2798
f -2798 -2799 -2797
f -2798 -2797 -2796
f -2796 -2797 -2795
f -2796 -2795 -2794
f -2794 -2795 -2793
f -2794 -2793 -2792
f -2792 -2793 -2791
f -2792 -2791 -2790
f -2790 -2791 -2789
f -2790 -2789 -2788
f -2788 -2789 -2787
f -2788 -2787 -2786
f -2786 -2787 -2806
f -2813 -2814 -2815
f -2815 -2814 -2816
f -2815 -2816 -2817
f -6083 -6052 -6082
f -6082 -6052 -6051
f -6091 -6074 -6075
f -6075 -6074 -6073
f -6075 -6073 -6043
f -6033 -6034 -6035
f -6035 -6034 -6036
f -6133 -6134 -6135
f -6135 -6134 -6136
f -6129 -6130 -6131
f -6131 -6130 -6132
f -6137 -6138 -6139
f -6139 -6138 -6140
f -6139 -6140 -6141
f -6141 -6140 -6142
f -6141 -6142 -6143
f -6143 -6142 -6144
f -6143 -6144 -6145
f -6145 -6144 -6146
f -6109 -6110 -6111
f -6111 -6110 -6112
f -6105 -6106 -6107
f -6107 -6106 -6108
f -6101 -6102 -6103
f -6103 -6102 -6104
f -6097 -6098 -6099
f -6099 -6098 -6100
f -6121 -6122 -6123
f -6123 -6122 -6124
f -6125 -6126 -6127
f -6127 -6126 -6128
f -6113 -6114 -6115
f -6115 -6114 -6116
f -6117 -6118 -6119
f -6119 -6118 -6120
f -2899 -2896 -2906
f -2906 -2896 -2904
f -2928 -2923 -2922
f -2922 -2923 -2920
f -2922 -2920 -2921
f -2926 -2928 -2927
f -2927 -2928 -2953
f -2921 -2919 -2922
f -2922 -2919 -2965
f -2928 -2954 -2953
f -2953 -2954 -2955
f -2954 -2956 -2955
f -2955 -2956 -2957
f -2956 -2958 -2957
f -2957 -2958 -2959
f -2958 -2960 -2959
f -2959 -2960 -2961
f -2960 -2962 -2961
f -2961 -2962 -2963
f -2858 -2859 -2860
f -2860 -2859 -2861
f -2860 -2861 -2862
f -2862 -2861 -2863
f -2862 -2863 -2864
f -2864 -2863 -2865
f -2864 -2865 -2866
f -2866 -2865 -2867
f -2866 -2867 -2868
f -2868 -2867 -2869
f -2868 -2869 -2870
f -2870 -2869 -2871
f -2870 -2871 -2872
f -2872 -2871 -2873
f -5877 -5878 -5879
f -5879 -5878 -5880
f -5873 -5874 -5875
f -5875 -5874 -5876
f -5885 -5886 -5887
f -5887 -5886 -5888
f -5881 -5882 -5883
f -5883 -5882 -5884
f -5889 -5890 -5891
f -5891 -5890 -5892
f -5893 -5894 -5895
f -5895 -5894 -5896
f -5897 -5898 -5899
f -5899 -5898 -5900
f -5901 -5902 -5903
f -5903 -5902 -5904
f -2985 -2987 -2986
f -2986 -2987 -2976
f -5848 -5849 -5852
f -5852 -5849 -5851
f -5852 -5851 -5850
f -2978 -2979 -2980
f -2980 -2979 -2981
f -2982 -2985 -2983
f -2983 -2985 -2984
f -5846 -5843 -5842
f -5842 -5843 -5841
f -5842 -5841 -5840
f -5865 -5866 -5867
f -5867 -5866 -5868
f -5869 -5870 -5871
f -5871 -5870 -5872
f -2974 -2973 -2972
f -2972 -2973 -2971
f -2972 -2971 -2970
f -2970 -2971 -2969
f -2970 -2969 -2968
f -5852 -5850 -5828
f -5828 -5850 -5829
f -5828 -5829 -5830
f -5830 -5829 -5831
f -5830 -5831 -5832
f -5832 -5831 -5833
f -5861 -5862 -5863
f -5863 -5862 -5864
f -2962 -2964 -2963
f -2963 -2964 -2945
f -3059 -3060 -3061
f -3061 -3060 -3062
f -3061 -3062 -3063
f -3063 -3062 -3064
f -3063 -3064 -3065
f -3065 -3064 -3066
f -5853 -5834 -5835
f -5835 -5834 -5837
f -5811 -5812 -5813
f -5813 -5812 -5814
f -5813 -5814 -5815
f -5815 -5814 -5816
f -5815 -5816 -5817
f -5817 -5816 -5818
f -5817 -5818 -5819
f -5819 -5818 -5820
f -5810 -5809 -5808
f -5808 -5809 -5807
f -5808 -5807 -5806
f -5806 -5807 -5805
f -5806 -5805 -5804
f -5804 -5805 -5803
f -5804 -5803 -5802
f -5802 -5803 -5801
f -5800 -5799 -5798
f -5798 -5799 -5797
f -5798 -5797 -5796
f -5796 -5797 -5795
f -5796 -5795 -5794
f -5794 -5795 -5793
f -5794 -5793 -5792
f -5792 -5793 -5791
f -5790 -5789 -5788
f -5788 -5789 -5787
f -5788 -5787 -5786
f -5786 -5787 -5785
f -5786 -5785 -5784
f -5784 -5785 -5783
f -5784 -5783 -5782
f -5782 -5783 -5781
f -5782 -5781 -5780
f -5981 -5982 -5983
f -5983 -5982 -5984
f -5983 -5984 -5985
f -5985 -5984 -5986
f -5985 -5986 -5987
f -5987 -5986 -5988
f -5987 -5988 -5989
f -5989 -5988 -5990
f -5977 -5978 -5979
f -5979 -5978 -5980
f -5973 -5974 -5975
f -5975 -5974 -5976
f -5969 -5970 -5971
f -5971 -5970 -5972
f -6004 -6003 -6002
f -6002 -6003 -6001
f -6002 -6001 -6000
f -6000 -6001 -5999
f -6000 -5999 -5998
f -5998 -5999 -5997
f -5998 -5997 -5996
f -5996 -5997 -5995
f -5991 -5992 -5993
f -5993 -5992 -5994
f -6005 -6006 -6007
f -6007 -6006 -6008
f -6009 -6010 -6011
f -6011 -6010 -6012
f -6011 -6012 -6013
f -6013 -6012 -6014
f -6013 -6014 -6015
f -6015 -6014 -6016
f -6015 -6016 -6017
f -6017 -6016 -6018
f -6019 -6020 -6021
f -6021 -6020 -6022
f -6023 -6024 -6025
f -6025 -6024 -6026
f -6025 -6026 -6027
f -6027 -6026 -6028
f -6027 -6028 -6029
f -6029 -6028 -6030
f -6029 -6030 -6031
f -6031 -6030 -6032
f -5929 -5930 -5931
f -5931 -5930 -5932
f -5933 -5934 -5935
f -5935 -5934 -5936
f -5921 -5922 -5923
f -5923 -5922 -5924
f -5925 -5926 -5927
f -5927 -5926 -5928
f -5917 -5918 -5919
f -5919 -5918 -5920
f -5913 -5914 -5915
f -5915 -5914 -5916
f -5909 -5910 -5911
f -5911 -5910 -5912
f -5905 -5906 -5907
f -5907 -5906 -5908
f -5953 -5954 -5955
f -5955 -5954 -5956
f -5957 -5958 -5959
f -5959 -5958 -5960
f -5961 -5962 -5963
f -5963 -5962 -5964
f -5965 -5966 -5967
f -5967 -5966 -5968
f -5941 -5942 -5943
f -5943 -5942 -5944
f -5937 -5938 -5939
f -5939 -5938 -5940
f -5949 -5950 -5951
f -5951 -5950 -5952
f -5945 -5946 -5947
f -5947 -5946 -5948
f -2135 -2134 -2133
f -2133 -2134 -2132
f -2133 -2132 -2131
f -2131 -2132 -2130
f -2131 -2130 -2129
f -2129 -2130 -2128
f -2129 -2128 -2127
f -2127 -2128 -2126
f -2127 -2126 -2125
f -2125 -2126 -2124
f -2125 -2124 -2123
f -2123 -2124 -2122
f -2123 -2122 -2121
f -2121 -2122 -2120
f -2121 -2120 -2119
f -2119 -2120 -2118
f -2119 -2118 -2117
f -2117 -2118 -2116
f -2117 -2116 -2115
f -2115 -2116 -2114
f -2115 -2114 -2113
f -2113 -2114 -2112
f -2113 -2112 -2111
f -2111 -2112 -2110
f -2111 -2110 -2109
f -5547 -5692 -5548
f -5548 -5692 -5592
f -4162 -4163 -4161
f -3735 -3716 -3737
f -3573 -3584 -3585
f -3593 -3585 -3590
f -3592 -3591 -3593
f -3577 -3583 -3599
f -3568 -3570 -3569
f -3459 -3460 -3525
f -3455 -3460 -3456
f -4793 -4795 -4792
f -5191 -5196 -5192
f -5172 -5174 -5173
f -5180 -5182 -5181
f -5246 -5235 -5248
f -5222 -5239 -5223
f -4697 -4687 -4696
f -5600 -5691 -5601
f -5680 -5685 -5681
f -5685 -5684 -5683
f -5682 -5591 -5590
f -5743 -5744 -5737
f -5755 -5757 -5756
f -5858 -5860 -5859
f -4141 -4144 -4142
f -3664 -3666 -3665
f -3699 -3701 -3700
f -3706 -3717 -3707
f -3579 -3581 -3582
f -4778 -4780 -4779
f -4776 -4777 -4773
f -4956 -4955 -4963
f -4954 -4967 -4968
f -5152 -5136 -5135
f -5143 -5145 -5144
f -5141 -5138 -5137
f -5243 -5234 -5233
f -4426 -4419 -4418
f -4615 -4622 -4616
f -5704 -5708 -5705
f -5722 -5721 -5619
f -6084 -6086 -6085
f -6094 -6096 -6095
f -2812 -2814 -2813
f -6044 -6047 -6045
f -2910 -2911 -2909
f -2900 -2908 -2891
f -2896 -2916 -2904
f -5847 -5849 -5848
f -5846 -5844 -5843
f -2919 -2967 -2965
f -2964 -2946 -2945
f -5831 -5825 -5833
f -4171 -4174 -4172
f -3691 -3694 -3692
f -5053 -5056 -5054
f -5055 -5057 -5056
f -5051 -5054 -5052
f -5035 -5037 -5036
f -5037 -5042 -5038
f -5235 -5219 -5218
f -5743 -5736 -5735
f -5544 -5546 -5545
f -2914 -2896 -2895
f -2897 -2898 -2914
f -2976 -2979 -2977
f -2975 -2978 -2984
usemtl U_SUB1
v -0.059520 0.027182 0.836480
v -0.059933 0.027386 0.836449
v -0.060264 0.027704 0.836401
v -0.059520 0.027512 0.837927
v -0.059933 0.027709 0.837866
v -0.060264 0.028017 0.837771
v -0.059520 0.028054 0.839308
v -0.059933 0.028240 0.839219
v -0.060264 0.028530 0.839079
v -0.059520 0.028796 0.840593
v -0.059933 0.028967 0.840477
v -0.060264 0.029233 0.840296
v -0.059520 0.029721 0.841754
v -0.059933 0.029873 0.841613
v -0.060264 0.030109 0.841394
v -0.059520 0.030809 0.842763
v -0.059933 0.030938 0.842602
v -0.060264 0.031139 0.842350
v -0.059520 0.032035 0.843599
v -0.059933 0.032139 0.843420
v -0.060264 0.032300 0.843141
v -0.059520 0.033372 0.844243
v -0.059933 0.033448 0.844051
v -0.060264 0.033565 0.843751
v -0.059520 0.034791 0.844680
v -0.059933 0.034836 0.844479
v -0.060264 0.034908 0.844165
v -0.059520 0.036258 0.844902
v -0.059933 0.036273 0.844696
v -0.060264 0.036298 0.844374
v -0.059520 0.037742 0.844902
v -0.059933 0.037727 0.844696
v -0.060264 0.037703 0.844374
v -0.059520 0.039209 0.844680
v -0.059933 0.039164 0.844479
v -0.060264 0.039092 0.844165
v -0.059520 0.040628 0.844243
v -0.059933 0.040552 0.844051
v -0.060264 0.040435 0.843751
v -0.059520 0.041965 0.843599
v -0.059933 0.041862 0.843420
v -0.060264 0.041700 0.843141
v -0.059520 0.043191 0.842763
v -0.059933 0.043062 0.842602
v -0.060264 0.042861 0.842350
v -0.059520 0.044279 0.841754
v -0.059933 0.044127 0.841613
v -0.060264 0.043891 0.841394
v -0.059520 0.045204 0.840593
v -0.059933 0.045034 0.840477
v -0.060264 0.044767 0.840296
v -0.059520 0.045946 0.839308
v -0.059933 0.045760 0.839219
v -0.060264 0.045470 0.839079
v -0.059520 0.046488 0.837927
v -0.059933 0.046291 0.837866
v -0.060264 0.045983 0.837771
v -0.059520 0.046819 0.836480
v -0.059933 0.046614 0.836449
v -0.060264 0.046296 0.836401
v -0.060317 0.046325 0.835000
v -0.060077 0.046606 0.835000
v -0.059776 0.046821 0.835000
v -0.059431 0.046955 0.835000
v -0.059064 0.047000 0.835000
v -0.059064 0.046942 0.836081
v -0.059064 0.046767 0.837150
v -0.059064 0.046477 0.838193
v -0.059064 0.046076 0.839199
v -0.059064 0.045569 0.840156
v -0.059064 0.044961 0.841052
v -0.059064 0.044260 0.841877
v -0.059064 0.043474 0.842622
v -0.059064 0.042612 0.843277
v -0.059064 0.041684 0.843836
v -0.059064 0.040702 0.844290
v -0.059064 0.039675 0.844636
v -0.059064 0.038618 0.844869
v -0.059064 0.037541 0.844986
v -0.059064 0.036459 0.844986
v -0.059064 0.035382 0.844869
v -0.059064 0.034325 0.844636
v -0.059064 0.033298 0.844290
v -0.059064 0.032316 0.843836
v -0.059064 0.031388 0.843277
v -0.059064 0.030526 0.842622
v -0.059064 0.029740 0.841877
v -0.059064 0.029039 0.841052
v -0.059064 0.028431 0.840156
v -0.059064 0.027924 0.839199
v -0.059064 0.027523 0.838193
v -0.059064 0.027233 0.837150
v -0.059064 0.027058 0.836081
v -0.059064 0.027000 0.835000
v -0.059431 0.027045 0.835000
v -0.059776 0.027179 0.835000
v -0.060077 0.027394 0.835000
v -0.060317 0.027675 0.835000
v -0.060481 0.028007 0.835000
v -0.060481 0.028063 0.836007
v -0.060481 0.028232 0.837001
v -0.060481 0.028511 0.837970
v -0.060481 0.028897 0.838902
v -0.060481 0.029385 0.839785
v -0.060481 0.029969 0.840607
v -0.060481 0.030641 0.841359
v -0.060481 0.031393 0.842031
v -0.060481 0.032215 0.842615
v -0.060481 0.033098 0.843103
v -0.060481 0.034030 0.843489
v -0.060481 0.034999 0.843768
v -0.060481 0.035993 0.843937
v -0.060481 0.037000 0.843993
v -0.060481 0.038007 0.843937
v -0.060481 0.039001 0.843768
v -0.060481 0.039970 0.843489
v -0.060481 0.040902 0.843103
v -0.060481 0.041785 0.842615
v -0.060481 0.042607 0.842031
v -0.060481 0.043359 0.841359
v -0.060481 0.044031 0.840607
v -0.060481 0.044615 0.839785
v -0.060481 0.045103 0.838902
v -0.060481 0.045488 0.837970
v -0.060481 0.045768 0.837001
v -0.060481 0.045937 0.836007
v -0.060481 0.045993 0.835000
v -0.056800 0.046942 0.833919
v -0.056800 0.046767 0.832850
v -0.056800 0.046477 0.831807
v -0.056800 0.046076 0.830801
v -0.056800 0.045569 0.829844
v -0.056800 0.044961 0.828948
v -0.056800 0.044260 0.828123
v -0.056800 0.043474 0.827378
v -0.056800 0.042612 0.826723
v -0.056800 0.041684 0.826164
v -0.056800 0.040702 0.825710
v -0.056800 0.039675 0.825364
v -0.056800 0.038618 0.825131
v -0.056800 0.037541 0.825014
v -0.056800 0.036459 0.825014
v -0.056800 0.035382 0.825131
v -0.056800 0.034325 0.825364
v -0.056800 0.033298 0.825710
v -0.056800 0.032316 0.826164
v -0.056800 0.031388 0.826723
v -0.056800 0.030526 0.827378
v -0.056800 0.029740 0.828123
v -0.056800 0.029039 0.828948
v -0.056800 0.028431 0.829844
v -0.056800 0.027924 0.830801
v -0.056800 0.027523 0.831807
v -0.056800 0.027233 0.832850
v -0.056800 0.027058 0.833919
v -0.056800 0.027000 0.835000
v -0.056800 0.027058 0.836081
v -0.056800 0.027233 0.837150
v -0.056800 0.027523 0.838193
v -0.056800 0.027924 0.839199
v -0.056800 0.028431 0.840156
v -0.056800 0.029039 0.841052
v -0.056800 0.029740 0.841877
v -0.056800 0.030526 0.842622
v -0.056800 0.031388 0.843277
v -0.056800 0.032316 0.843836
v -0.056800 0.033298 0.844290
v -0.056800 0.034325 0.844636
v -0.056800 0.035382 0.844869
v -0.056800 0.036459 0.844986
v -0.056800 0.037541 0.844986
v -0.056800 0.038618 0.844869
v -0.056800 0.039675 0.844636
v -0.056800 0.040702 0.844290
v -0.056800 0.041684 0.843836
v -0.056800 0.042612 0.843277
v -0.056800 0.043474 0.842622
v -0.056800 0.044260 0.841877
v -0.056800 0.044961 0.841052
v -0.056800 0.045569 0.840156
v -0.056800 0.046076 0.839199
v -0.056800 0.046477 0.838193
v -0.056800 0.046767 0.837150
v -0.056800 0.046942 0.836081
v -0.056800 0.047000 0.835000
v -0.061078 0.037502 0.842027
v -0.061530 0.037360 0.840040
v -0.061832 0.037216 0.838024
v -0.061078 0.038016 0.841972
v -0.061530 0.037729 0.840000
v -0.061832 0.037437 0.838000
v -0.061078 0.038530 0.841877
v -0.061530 0.038098 0.839932
v -0.061832 0.037659 0.837960
v -0.061078 0.039048 0.841741
v -0.061530 0.038469 0.839834
v -0.061832 0.037881 0.837901
v -0.061078 0.039826 0.841454
v -0.061530 0.039027 0.839628
v -0.061832 0.038216 0.837777
v -0.061078 0.040582 0.841067
v -0.061530 0.039569 0.839351
v -0.061832 0.038541 0.837611
v -0.061078 0.041298 0.840583
v -0.061530 0.040082 0.839004
v -0.061832 0.038849 0.837403
v -0.061078 0.041955 0.840008
v -0.061530 0.040553 0.838592
v -0.061832 0.039132 0.837155
v -0.061078 0.042597 0.839279
v -0.061530 0.041014 0.838069
v -0.061832 0.039409 0.836842
v -0.061078 0.043129 0.838474
v -0.061530 0.041396 0.837492
v -0.061832 0.039638 0.836495
v -0.061078 0.043540 0.837619
v -0.061530 0.041691 0.836878
v -0.061832 0.039815 0.836127
v -0.061078 0.043827 0.836738
v -0.061530 0.041896 0.836247
v -0.061078 0.043993 0.835858
v -0.061981 0.037146 0.836000
v -0.061979 0.037407 0.836000
v -0.061974 0.037651 0.836000
v -0.061955 0.038216 0.836000
v -0.061895 0.039178 0.836000
v -0.061788 0.040249 0.836000
v -0.061631 0.041369 0.836000
v -0.061423 0.042500 0.836000
v -0.061401 0.042611 0.835994
v -0.061352 0.042848 0.835937
v -0.061308 0.043061 0.835828
v -0.061270 0.043244 0.835669
v -0.061241 0.043385 0.835466
v -0.061223 0.043471 0.835240
v -0.061217 0.043500 0.835000
v -0.060878 0.044757 0.835000
v -0.060481 0.045993 0.835000
v -0.060481 0.045937 0.836007
v -0.060481 0.045768 0.837001
v -0.060481 0.045488 0.837970
v -0.060481 0.045103 0.838902
v -0.060481 0.044615 0.839785
v -0.060481 0.044031 0.840607
v -0.060481 0.043359 0.841359
v -0.060481 0.042607 0.842031
v -0.060481 0.041785 0.842615
v -0.060481 0.040902 0.843103
v -0.060481 0.039970 0.843489
v -0.060481 0.039001 0.843768
v -0.060481 0.038007 0.843937
v -0.060481 0.037000 0.843993
v -0.060895 0.037000 0.842700
v -0.061245 0.037000 0.841385
v -0.061530 0.037000 0.840053
v -0.061748 0.037000 0.838708
v -0.061898 0.037000 0.837355
v -0.061982 0.037000 0.836000
v -0.061078 0.030007 0.835858
v -0.061078 0.030173 0.836738
v -0.061530 0.032104 0.836247
v -0.061078 0.030460 0.837619
v -0.061530 0.032309 0.836878
v -0.061832 0.034185 0.836127
v -0.061078 0.030871 0.838474
v -0.061530 0.032605 0.837492
v -0.061832 0.034362 0.836495
v -0.061078 0.031403 0.839279
v -0.061530 0.032986 0.838069
v -0.061832 0.034591 0.836842
v -0.061078 0.032045 0.840008
v -0.061530 0.033447 0.838592
v -0.061832 0.034868 0.837155
v -0.061078 0.032703 0.840583
v -0.061530 0.033918 0.839004
v -0.061832 0.035151 0.837403
v -0.061078 0.033418 0.841067
v -0.061530 0.034431 0.839351
v -0.061832 0.035459 0.837611
v -0.061078 0.034174 0.841454
v -0.061530 0.034974 0.839628
v -0.061832 0.035784 0.837777
v -0.061078 0.034952 0.841741
v -0.061530 0.035531 0.839834
v -0.061832 0.036119 0.837901
v -0.061078 0.035470 0.841877
v -0.061530 0.035903 0.839932
v -0.061832 0.036341 0.837960
v -0.061078 0.035984 0.841972
v -0.061530 0.036272 0.840000
v -0.061832 0.036563 0.838000
v -0.061078 0.036498 0.842027
v -0.061530 0.036640 0.840040
v -0.061832 0.036784 0.838024
v -0.060481 0.035993 0.843937
v -0.060481 0.034999 0.843768
v -0.060481 0.034030 0.843489
v -0.060481 0.033098 0.843103
v -0.060481 0.032215 0.842615
v -0.060481 0.031393 0.842031
v -0.060481 0.030641 0.841359
v -0.060481 0.029969 0.840607
v -0.060481 0.029385 0.839785
v -0.060481 0.028897 0.838902
v -0.060481 0.028511 0.837970
v -0.060481 0.028232 0.837001
v -0.060481 0.028063 0.836007
v -0.060481 0.028007 0.835000
v -0.060878 0.029243 0.835000
v -0.061217 0.030500 0.835000
v -0.061219 0.030506 0.835111
v -0.061230 0.030562 0.835347
v -0.061253 0.030672 0.835561
v -0.061287 0.030839 0.835750
v -0.061328 0.031036 0.835886
v -0.061373 0.031256 0.835970
v -0.061423 0.031500 0.836000
v -0.061584 0.032353 0.836000
v -0.061774 0.033632 0.836000
v -0.061868 0.034504 0.836000
v -0.061924 0.035221 0.836000
v -0.061958 0.035855 0.836000
v -0.061974 0.036342 0.836000
v -0.061979 0.036596 0.836000
v -0.061981 0.036811 0.836000
v -0.061982 0.037000 0.836000
v -0.061898 0.037000 0.837355
v -0.061748 0.037000 0.838708
v -0.061530 0.037000 0.840053
v -0.061245 0.037000 0.841385
v -0.060895 0.037000 0.842700
v -0.060481 0.037000 0.843993
v -0.059520 0.046819 0.833520
v -0.059933 0.046614 0.833551
v -0.060264 0.046296 0.833599
v -0.059520 0.046488 0.832073
v -0.059933 0.046291 0.832134
v -0.060264 0.045983 0.832229
v -0.059520 0.045946 0.830692
v -0.059933 0.045760 0.830781
v -0.060264 0.045470 0.830921
v -0.059520 0.045204 0.829407
v -0.059933 0.045034 0.829523
v -0.060264 0.044767 0.829704
v -0.059520 0.044279 0.828246
v -0.059933 0.044127 0.828387
v -0.060264 0.043891 0.828606
v -0.059520 0.043191 0.827237
v -0.059933 0.043062 0.827398
v -0.060264 0.042861 0.827650
v -0.059520 0.041965 0.826401
v -0.059933 0.041862 0.826580
v -0.060264 0.041700 0.826859
v -0.059520 0.040628 0.825757
v -0.059933 0.040552 0.825949
v -0.060264 0.040435 0.826249
v -0.059520 0.039209 0.825320
v -0.059933 0.039164 0.825521
v -0.060264 0.039092 0.825835
v -0.059520 0.037742 0.825098
v -0.059933 0.037727 0.825304
v -0.060264 0.037703 0.825626
v -0.059520 0.036258 0.825098
v -0.059933 0.036273 0.825304
v -0.060264 0.036298 0.825626
v -0.059520 0.034791 0.825320
v -0.059933 0.034836 0.825521
v -0.060264 0.034908 0.825835
v -0.059520 0.033372 0.825757
v -0.059933 0.033448 0.825949
v -0.060264 0.033565 0.826249
v -0.059520 0.032035 0.826401
v -0.059933 0.032139 0.826580
v -0.060264 0.032300 0.826859
v -0.059520 0.030809 0.827237
v -0.059933 0.030938 0.827398
v -0.060264 0.031139 0.827650
v -0.059520 0.029721 0.828246
v -0.059933 0.029873 0.828387
v -0.060264 0.030109 0.828606
v -0.059520 0.028796 0.829407
v -0.059933 0.028967 0.829523
v -0.060264 0.029233 0.829704
v -0.059520 0.028054 0.830692
v -0.059933 0.028240 0.830781
v -0.060264 0.028530 0.830921
v -0.059520 0.027512 0.832073
v -0.059933 0.027709 0.832134
v -0.060264 0.028017 0.832229
v -0.059520 0.027182 0.833520
v -0.059933 0.027386 0.833551
v -0.060264 0.027704 0.833599
v -0.059431 0.046955 0.835000
v -0.059776 0.046821 0.835000
v -0.060077 0.046606 0.835000
v -0.060317 0.046325 0.835000
v -0.060481 0.045993 0.835000
v -0.060481 0.045937 0.833993
v -0.060481 0.045768 0.832999
v -0.060481 0.045488 0.832030
v -0.060481 0.045103 0.831098
v -0.060481 0.044615 0.830215
v -0.060481 0.044031 0.829393
v -0.060481 0.043359 0.828641
v -0.060481 0.042607 0.827969
v -0.060481 0.041785 0.827385
v -0.060481 0.040902 0.826897
v -0.060481 0.039970 0.826511
v -0.060481 0.039001 0.826232
v -0.060481 0.038007 0.826063
v -0.060481 0.037000 0.826007
v -0.060481 0.035993 0.826063
v -0.060481 0.034999 0.826232
v -0.060481 0.034030 0.826511
v -0.060481 0.033098 0.826897
v -0.060481 0.032215 0.827385
v -0.060481 0.031393 0.827969
v -0.060481 0.030641 0.828641
v -0.060481 0.029969 0.829393
v -0.060481 0.029385 0.830215
v -0.060481 0.028897 0.831098
v -0.060481 0.028511 0.832030
v -0.060481 0.028232 0.832999
v -0.060481 0.028063 0.833993
v -0.060481 0.028007 0.835000
v -0.060317 0.027675 0.835000
v -0.060077 0.027394 0.835000
v -0.059776 0.027179 0.835000
v -0.059431 0.027045 0.835000
v -0.059064 0.027000 0.835000
v -0.059064 0.027058 0.833919
v -0.059064 0.027233 0.832850
v -0.059064 0.027523 0.831807
v -0.059064 0.027924 0.830801
v -0.059064 0.028431 0.829844
v -0.059064 0.029039 0.828948
v -0.059064 0.029740 0.828123
v -0.059064 0.030526 0.827378
v -0.059064 0.031388 0.826723
v -0.059064 0.032316 0.826164
v -0.059064 0.033298 0.825710
v -0.059064 0.034325 0.825364
v -0.059064 0.035382 0.825131
v -0.059064 0.036459 0.825014
v -0.059064 0.037541 0.825014
v -0.059064 0.038618 0.825131
v -0.059064 0.039675 0.825364
v -0.059064 0.040702 0.825710
v -0.059064 0.041684 0.826164
v -0.059064 0.042612 0.826723
v -0.059064 0.043474 0.827378
v -0.059064 0.044260 0.828123
v -0.059064 0.044961 0.828948
v -0.059064 0.045569 0.829844
v -0.059064 0.046076 0.830801
v -0.059064 0.046477 0.831807
v -0.059064 0.046767 0.832850
v -0.059064 0.046942 0.833919
v -0.059064 0.047000 0.835000
v -0.061078 0.043993 0.834142
v -0.061078 0.043827 0.833262
v -0.061530 0.041896 0.833753
v -0.061078 0.043540 0.832381
v -0.061530 0.041691 0.833122
v -0.061832 0.039815 0.833873
v -0.061078 0.043129 0.831526
v -0.061530 0.041396 0.832508
v -0.061832 0.039638 0.833505
v -0.061078 0.042597 0.830721
v -0.061530 0.041014 0.831931
v -0.061832 0.039409 0.833158
v -0.061078 0.041955 0.829992
v -0.061530 0.040553 0.831408
v -0.061832 0.039132 0.832845
v -0.061078 0.041298 0.829417
v -0.061530 0.040082 0.830996
v -0.061832 0.038849 0.832597
v -0.061078 0.040582 0.828933
v -0.061530 0.039569 0.830649
v -0.061832 0.038541 0.832389
v -0.061078 0.039826 0.828546
v -0.061530 0.039027 0.830372
v -0.061832 0.038216 0.832223
v -0.061078 0.039048 0.828259
v -0.061530 0.038469 0.830166
v -0.061832 0.037881 0.832099
v -0.061078 0.038530 0.828123
v -0.061530 0.038098 0.830068
v -0.061832 0.037659 0.832040
v -0.061078 0.038016 0.828028
v -0.061530 0.037729 0.830000
v -0.061832 0.037437 0.832000
v -0.061078 0.037502 0.827973
v -0.061530 0.037360 0.829960
v -0.061832 0.037216 0.831976
v -0.060481 0.038007 0.826063
v -0.060481 0.039001 0.826232
v -0.060481 0.039970 0.826511
v -0.060481 0.040902 0.826897
v -0.060481 0.041785 0.827385
v -0.060481 0.042607 0.827969
v -0.060481 0.043359 0.828641
v -0.060481 0.044031 0.829393
v -0.060481 0.044615 0.830215
v -0.060481 0.045103 0.831098
v -0.060481 0.045488 0.832030
v -0.060481 0.045768 0.832999
v -0.060481 0.045937 0.833993
v -0.060481 0.045993 0.835000
v -0.060878 0.044757 0.835000
v -0.061217 0.043500 0.835000
v -0.061219 0.043494 0.834888
v -0.061230 0.043439 0.834657
v -0.061252 0.043332 0.834445
v -0.061286 0.043168 0.834255
v -0.061327 0.042969 0.834117
v -0.061374 0.042741 0.834030
v -0.061423 0.042500 0.834000
v -0.061584 0.041647 0.834000
v -0.061774 0.040368 0.834000
v -0.061868 0.039496 0.834000
v -0.061924 0.038779 0.834000
v -0.061958 0.038145 0.834000
v -0.061974 0.037658 0.834000
v -0.061979 0.037404 0.834000
v -0.061981 0.037189 0.834000
v -0.061982 0.037000 0.834000
v -0.061898 0.037000 0.832645
v -0.061748 0.037000 0.831292
v -0.061530 0.037000 0.829947
v -0.061245 0.037000 0.828615
v -0.060895 0.037000 0.827300
v -0.060481 0.037000 0.826007
v -0.061219 0.043494 0.834888
v -0.061230 0.043439 0.834657
v -0.061252 0.043332 0.834445
v -0.061286 0.043168 0.834255
v -0.061327 0.042969 0.834117
v -0.061374 0.042741 0.834030
v -0.061423 0.042500 0.834000
v -0.059200 0.042500 0.834000
v -0.059200 0.042809 0.834049
v -0.059200 0.043088 0.834191
v -0.059200 0.043309 0.834412
v -0.059200 0.043451 0.834691
v -0.059200 0.043500 0.835000
v -0.059200 0.043451 0.835309
v -0.059200 0.043309 0.835588
v -0.059200 0.043088 0.835809
v -0.059200 0.042809 0.835951
v -0.059200 0.042500 0.836000
v -0.061423 0.042500 0.836000
v -0.061401 0.042611 0.835994
v -0.061352 0.042848 0.835937
v -0.061308 0.043061 0.835828
v -0.061270 0.043244 0.835669
v -0.061241 0.043385 0.835466
v -0.061223 0.043471 0.835240
v -0.061217 0.043500 0.835000
v -0.059200 0.042500 0.836000
v -0.059200 0.031500 0.836000
v -0.061423 0.031500 0.836000
v -0.061584 0.032353 0.836000
v -0.061774 0.033632 0.836000
v -0.061868 0.034504 0.836000
v -0.061924 0.035221 0.836000
v -0.061958 0.035855 0.836000
v -0.061974 0.036342 0.836000
v -0.061979 0.036596 0.836000
v -0.061981 0.036811 0.836000
v -0.061982 0.037000 0.836000
v -0.061981 0.037146 0.836000
v -0.061979 0.037407 0.836000
v -0.061974 0.037651 0.836000
v -0.061955 0.038216 0.836000
v -0.061895 0.039178 0.836000
v -0.061788 0.040249 0.836000
v -0.061631 0.041369 0.836000
v -0.061423 0.042500 0.836000
v -0.059200 0.031500 0.836000
v -0.059200 0.031191 0.835951
v -0.059200 0.030912 0.835809
v -0.059200 0.030691 0.835588
v -0.059200 0.030549 0.835309
v -0.059200 0.030500 0.835000
v -0.059200 0.030549 0.834691
v -0.059200 0.030691 0.834412
v -0.059200 0.030912 0.834191
v -0.059200 0.031191 0.834049
v -0.059200 0.031500 0.834000
v -0.061423 0.031500 0.834000
v -0.061402 0.031397 0.834005
v -0.061351 0.031150 0.834063
v -0.061306 0.030932 0.834177
v -0.061269 0.030748 0.834340
v -0.061240 0.030610 0.834543
v -0.061223 0.030528 0.834765
v -0.061217 0.030500 0.835000
v -0.061219 0.030506 0.835111
v -0.061230 0.030562 0.835347
v -0.061253 0.030672 0.835561
v -0.061287 0.030839 0.835750
v -0.061328 0.031036 0.835886
v -0.061373 0.031256 0.835970
v -0.061423 0.031500 0.836000
v -0.061078 0.036498 0.827973
v -0.061530 0.036640 0.829960
v -0.061832 0.036784 0.831976
v -0.061078 0.035984 0.828028
v -0.061530 0.036272 0.830000
v -0.061832 0.036563 0.832000
v -0.061078 0.035470 0.828123
v -0.061530 0.035903 0.830068
v -0.061832 0.036341 0.832040
v -0.061078 0.034952 0.828259
v -0.061530 0.035531 0.830166
v -0.061832 0.036119 0.832099
v -0.061078 0.034174 0.828546
v -0.061530 0.034974 0.830372
v -0.061832 0.035784 0.832223
v -0.061078 0.033418 0.828933
v -0.061530 0.034431 0.830649
v -0.061832 0.035459 0.832389
v -0.061078 0.032703 0.829417
v -0.061530 0.033918 0.830996
v -0.061832 0.035151 0.832597
v -0.061078 0.032045 0.829992
v -0.061530 0.033447 0.831408
v -0.061832 0.034868 0.832845
v -0.061078 0.031403 0.830721
v -0.061530 0.032986 0.831931
v -0.061832 0.034591 0.833158
v -0.061078 0.030871 0.831526
v -0.061530 0.032605 0.832508
v -0.061832 0.034362 0.833505
v -0.061078 0.030460 0.832381
v -0.061530 0.032309 0.833122
v -0.061832 0.034185 0.833873
v -0.061078 0.030173 0.833262
v -0.061530 0.032104 0.833753
v -0.061078 0.030007 0.834142
v -0.061981 0.036854 0.834000
v -0.061979 0.036593 0.834000
v -0.061974 0.036349 0.834000
v -0.061955 0.035785 0.834000
v -0.061895 0.034822 0.834000
v -0.061788 0.033751 0.834000
v -0.061631 0.032631 0.834000
v -0.061423 0.031500 0.834000
v -0.061402 0.031397 0.834005
v -0.061351 0.031150 0.834063
v -0.061306 0.030932 0.834177
v -0.061269 0.030748 0.834340
v -0.061240 0.030610 0.834543
v -0.061223 0.030528 0.834765
v -0.061217 0.030500 0.835000
v -0.060878 0.029243 0.835000
v -0.060481 0.028007 0.835000
v -0.060481 0.028063 0.833993
v -0.060481 0.028232 0.832999
v -0.060481 0.028511 0.832030
v -0.060481 0.028897 0.831098
v -0.060481 0.029385 0.830215
v -0.060481 0.029969 0.829393
v -0.060481 0.030641 0.828641
v -0.060481 0.031393 0.827969
v -0.060481 0.032215 0.827385
v -0.060481 0.033098 0.826897
v -0.060481 0.034030 0.826511
v -0.060481 0.034999 0.826232
v -0.060481 0.035993 0.826063
v -0.060481 0.037000 0.826007
v -0.060895 0.037000 0.827300
v -0.061245 0.037000 0.828615
v -0.061530 0.037000 0.829947
v -0.061748 0.037000 0.831292
v -0.061898 0.037000 0.832645
v -0.061982 0.037000 0.834000
v -0.059200 0.031500 0.834000
v -0.059200 0.042500 0.834000
v -0.061423 0.042500 0.834000
v -0.061584 0.041647 0.834000
v -0.061774 0.040368 0.834000
v -0.061868 0.039496 0.834000
v -0.061924 0.038779 0.834000
v -0.061958 0.038145 0.834000
v -0.061974 0.037658 0.834000
v -0.061979 0.037404 0.834000
v -0.061981 0.037189 0.834000
v -0.061982 0.037000 0.834000
v -0.061981 0.036854 0.834000
v -0.061979 0.036593 0.834000
v -0.061974 0.036349 0.834000
v -0.061955 0.035785 0.834000
v -0.061895 0.034822 0.834000
v -0.061788 0.033751 0.834000
v -0.061631 0.032631 0.834000
v -0.061423 0.031500 0.834000
v -0.059200 0.042809 0.834049
v -0.059200 0.043088 0.834191
v -0.059200 0.043309 0.834412
v -0.059200 0.043451 0.834691
v -0.059200 0.043500 0.835000
v -0.059200 0.043451 0.835309
v -0.059200 0.043309 0.835588
v -0.059200 0.043088 0.835809
v -0.059200 0.042809 0.835951
v -0.059200 0.042500 0.836000
v -0.059200 0.031500 0.836000
v -0.059200 0.031191 0.835951
v -0.059200 0.030912 0.835809
v -0.059200 0.030691 0.835588
v -0.059200 0.030549 0.835309
v -0.059200 0.030500 0.835000
v -0.059200 0.030549 0.834691
v -0.059200 0.030691 0.834412
v -0.059200 0.030912 0.834191
v -0.059200 0.031191 0.834049
v -0.059200 0.031500 0.834000
v -0.059200 0.042500 0.834000
v -0.059064 0.027058 0.836081
v -0.059064 0.027233 0.837150
v -0.059064 0.027523 0.838193
v -0.059064 0.027924 0.839199
v -0.059064 0.028431 0.840156
v -0.059064 0.029039 0.841052
v -0.059064 0.029740 0.841877
v -0.059064 0.030526 0.842622
v -0.059064 0.031388 0.843277
v -0.059064 0.032316 0.843836
v -0.059064 0.033298 0.844290
v -0.059064 0.034325 0.844636
v -0.059064 0.035382 0.844869
v -0.059064 0.036459 0.844986
v -0.059064 0.037541 0.844986
v -0.059064 0.038618 0.844869
v -0.059064 0.039675 0.844636
v -0.059064 0.040702 0.844290
v -0.059064 0.041684 0.843836
v -0.059064 0.042612 0.843277
v -0.059064 0.043474 0.842622
v -0.059064 0.044260 0.841877
v -0.059064 0.044961 0.841052
v -0.059064 0.045569 0.840156
v -0.059064 0.046076 0.839199
v -0.059064 0.046477 0.838193
v -0.059064 0.046767 0.837150
v -0.059064 0.046942 0.836081
v -0.059064 0.047000 0.835000
v -0.056800 0.047000 0.835000
v -0.056800 0.046942 0.836081
v -0.056800 0.046767 0.837150
v -0.056800 0.046477 0.838193
v -0.056800 0.046076 0.839199
v -0.056800 0.045569 0.840156
v -0.056800 0.044961 0.841052
v -0.056800 0.044260 0.841877
v -0.056800 0.043474 0.842622
v -0.056800 0.042612 0.843277
v -0.056800 0.041684 0.843836
v -0.056800 0.040702 0.844290
v -0.056800 0.039675 0.844636
v -0.056800 0.038618 0.844869
v -0.056800 0.037541 0.844986
v -0.056800 0.036459 0.844986
v -0.056800 0.035382 0.844869
v -0.056800 0.034325 0.844636
v -0.056800 0.033298 0.844290
v -0.056800 0.032316 0.843836
v -0.056800 0.031388 0.843277
v -0.056800 0.030526 0.842622
v -0.056800 0.029740 0.841877
v -0.056800 0.029039 0.841052
v -0.056800 0.028431 0.840156
v -0.056800 0.027924 0.839199
v -0.056800 0.027523 0.838193
v -0.056800 0.027233 0.837150
v -0.056800 0.027058 0.836081
v -0.056800 0.027000 0.835000
v -0.059064 0.027000 0.835000
v -0.059064 0.046942 0.833919
v -0.059064 0.046767 0.832850
v -0.059064 0.046477 0.831807
v -0.059064 0.046076 0.830801
v -0.059064 0.045569 0.829844
v -0.059064 0.044961 0.828948
v -0.059064 0.044260 0.828123
v -0.059064 0.043474 0.827378
v -0.059064 0.042612 0.826723
v -0.059064 0.041684 0.826164
v -0.059064 0.040702 0.825710
v -0.059064 0.039675 0.825364
v -0.059064 0.038618 0.825131
v -0.059064 0.037541 0.825014
v -0.059064 0.036459 0.825014
v -0.059064 0.035382 0.825131
v -0.059064 0.034325 0.825364
v -0.059064 0.033298 0.825710
v -0.059064 0.032316 0.826164
v -0.059064 0.031388 0.826723
v -0.059064 0.030526 0.827378
v -0.059064 0.029740 0.828123
v -0.059064 0.029039 0.828948
v -0.059064 0.028431 0.829844
v -0.059064 0.027924 0.830801
v -0.059064 0.027523 0.831807
v -0.059064 0.027233 0.832850
v -0.059064 0.027058 0.833919
v -0.059064 0.027000 0.835000
v -0.056800 0.027000 0.835000
v -0.056800 0.027058 0.833919
v -0.056800 0.027233 0.832850
v -0.056800 0.027523 0.831807
v -0.056800 0.027924 0.830801
v -0.056800 0.028431 0.829844
v -0.056800 0.029039 0.828948
v -0.056800 0.029740 0.828123
v -0.056800 0.030526 0.827378
v -0.056800 0.031388 0.826723
v -0.056800 0.032316 0.826164
v -0.056800 0.033298 0.825710
v -0.056800 0.034325 0.825364
v -0.056800 0.035382 0.825131
v -0.056800 0.036459 0.825014
v -0.056800 0.037541 0.825014
v -0.056800 0.038618 0.825131
v -0.056800 0.039675 0.825364
v -0.056800 0.040702 0.825710
v -0.056800 0.041684 0.826164
v -0.056800 0.042612 0.826723
v -0.056800 0.043474 0.827378
v -0.056800 0.044260 0.828123
v -0.056800 0.044961 0.828948
v -0.056800 0.045569 0.829844
v -0.056800 0.046076 0.830801
v -0.056800 0.046477 0.831807
v -0.056800 0.046767 0.832850
v -0.056800 0.046942 0.833919
v -0.056800 0.047000 0.835000
v -0.059064 0.047000 0.835000
f -413 -414 -450
f -450 -414 -449
f -450 -449 -452
f -452 -449 -418
f -452 -418 -419
f -182 -183 -184
f -532 -533 -534
f -151 -153 -152
f -731 -732 -817
f -744 -745 -839
f -161 -160 -162
f -732 -733 -820
f -716 -717 -784
f -775 -776 -777
f -720 -721 -793
f -746 -747 -748
f -296 -295 -306
f -280 -279 -281
f -270 -272 -271
f -175 -217 -174
f -255 -254 -244
f -446 -447 -507
f -549 -546 -509
f -316 -317 -361
f -415 -416 -417
f -412 -413 -450
f -448 -382 -383
f -138 -139 -137
f -763 -810 -762
f -787 -718 -719
f -797 -796 -799
f -767 -801 -766
f -805 -803 -802
f -233 -234 -231
f -178 -211 -177
f -632 -616 -617
f -212 -196 -197
f -647 -648 -645
f -594 -640 -593
f -579 -578 -580
f -571 -519 -520
f -318 -364 -317
f -320 -373 -319
f -370 -318 -319
f -313 -346 -312
f -312 -346 -311
f -154 -147 -155
f -155 -147 -146
f -151 -150 -153
f -153 -150 -149
f -153 -149 -154
f -154 -149 -148
f -154 -148 -147
f -714 -715 -780
f -780 -715 -781
f -780 -781 -779
f -779 -781 -782
f -774 -775 -783
f -783 -775 -777
f -783 -777 -782
f -782 -777 -778
f -782 -778 -779
f -91 -92 -90
f -90 -92 -93
f -90 -93 -89
f -89 -93 -94
f -89 -94 -88
f -88 -94 -95
f -88 -95 -87
f -87 -95 -96
f -87 -96 -86
f -86 -96 -97
f -86 -97 -85
f -85 -97 -98
f -85 -98 -84
f -84 -98 -99
f -84 -99 -83
f -83 -99 -100
f -83 -100 -82
f -82 -100 -101
f -82 -101 -81
f -81 -101 -102
f -81 -102 -80
f -80 -102 -103
f -80 -103 -79
f -79 -103 -104
f -79 -104 -78
f -78 -104 -105
f -78 -105 -77
f -77 -105 -106
f -77 -106 -76
f -76 -106 -107
f -76 -107 -75
f -75 -107 -108
f -75 -108 -74
f -74 -108 -109
f -74 -109 -73
f -73 -109 -110
f -73 -110 -72
f -72 -110 -111
f -72 -111 -71
f -71 -111 -112
f -71 -112 -70
f -70 -112 -113
f -70 -113 -69
f -69 -113 -114
f -69 -114 -68
f -68 -114 -115
f -68 -115 -67
f -67 -115 -116
f -67 -116 -66
f -66 -116 -117
f -66 -117 -65
f -65 -117 -118
f -65 -118 -64
f -64 -118 -119
f -64 -119 -63
f -63 -119 -120
f -63 -120 -62
f -62 -120 -61
f -832 -739 -835
f -835 -739 -740
f -835 -740 -838
f -838 -740 -741
f -838 -741 -743
f -743 -741 -742
f -297 -296 -305
f -305 -296 -306
f -298 -297 -304
f -304 -297 -305
f -304 -303 -298
f -298 -303 -302
f -298 -302 -299
f -299 -302 -301
f -299 -301 -300
f -293 -283 -294
f -294 -283 -282
f -294 -282 -295
f -295 -282 -307
f -295 -307 -306
f -289 -288 -290
f -290 -288 -287
f -290 -287 -291
f -291 -287 -286
f -291 -286 -292
f -292 -286 -285
f -292 -285 -293
f -293 -285 -284
f -293 -284 -283
f -270 -269 -272
f -272 -269 -268
f -272 -268 -273
f -699 -700 -698
f -698 -700 -701
f -698 -701 -697
f -697 -701 -702
f -697 -702 -696
f -696 -702 -703
f -696 -703 -695
f -695 -703 -704
f -695 -704 -694
f -694 -704 -705
f -694 -705 -693
f -693 -705 -706
f -693 -706 -692
f -692 -706 -707
f -692 -707 -691
f -691 -707 -708
f -691 -708 -690
f -690 -708 -709
f -690 -709 -689
f -689 -709 -710
f -689 -710 -688
f -688 -710 -711
f -688 -711 -687
f -687 -711 -712
f -687 -712 -686
f -686 -712 -713
f -686 -713 -685
f -685 -713 -656
f -685 -656 -684
f -684 -656 -657
f -684 -657 -683
f -683 -657 -658
f -683 -658 -682
f -682 -658 -659
f -682 -659 -681
f -681 -659 -660
f -681 -660 -680
f -680 -660 -661
f -680 -661 -679
f -679 -661 -662
f -679 -662 -678
f -678 -662 -663
f -678 -663 -677
f -677 -663 -664
f -677 -664 -676
f -676 -664 -665
f -676 -665 -675
f -675 -665 -666
f -675 -666 -674
f -674 -666 -667
f -674 -667 -673
f -673 -667 -668
f -673 -668 -672
f -672 -668 -669
f -672 -669 -671
f -671 -669 -670
f -265 -274 -266
f -266 -274 -273
f -266 -273 -267
f -267 -273 -268
f -586 -587 -655
f -655 -587 -588
f -655 -588 -590
f -590 -588 -589
f -259 -237 -260
f -260 -237 -236
f -260 -236 -261
f -256 -255 -243
f -243 -255 -244
f -243 -242 -256
f -256 -242 -241
f -256 -241 -257
f -257 -241 -240
f -257 -240 -258
f -258 -240 -239
f -258 -239 -259
f -259 -239 -238
f -259 -238 -237
f -190 -191 -201
f -201 -191 -192
f -250 -249 -251
f -251 -249 -248
f -251 -248 -252
f -252 -248 -247
f -252 -247 -253
f -253 -247 -246
f -253 -246 -254
f -254 -246 -245
f -254 -245 -244
f -218 -221 -219
f -219 -221 -222
f -219 -222 -220
f -220 -222 -223
f -220 -223 -173
f -173 -223 -172
f -198 -199 -227
f -227 -199 -230
f -227 -230 -228
f -464 -425 -467
f -467 -425 -426
f -467 -426 -470
f -470 -426 -427
f -470 -427 -473
f -482 -433 -485
f -485 -433 -434
f -485 -434 -488
f -488 -434 -435
f -488 -435 -491
f -536 -581 -535
f -535 -581 -582
f -567 -566 -569
f -569 -566 -568
f -542 -543 -564
f -564 -543 -561
f -564 -561 -563
f -563 -561 -560
f -309 -348 -308
f -308 -348 -345
f -548 -547 -550
f -550 -547 -514
f -550 -514 -515
f -357 -356 -359
f -359 -356 -358
f -414 -415 -449
f -449 -415 -417
f -449 -417 -418
f -500 -441 -503
f -503 -441 -442
f -503 -442 -506
f -506 -442 -443
f -506 -443 -445
f -445 -443 -444
f -31 -32 -30
f -30 -32 -33
f -30 -33 -29
f -29 -33 -34
f -29 -34 -28
f -28 -34 -35
f -28 -35 -27
f -27 -35 -36
f -27 -36 -26
f -26 -36 -37
f -26 -37 -25
f -25 -37 -38
f -25 -38 -24
f -24 -38 -39
f -24 -39 -23
f -23 -39 -40
f -23 -40 -22
f -22 -40 -41
f -22 -41 -21
f -21 -41 -42
f -21 -42 -20
f -20 -42 -43
f -20 -43 -19
f -19 -43 -44
f -19 -44 -18
f -18 -44 -45
f -18 -45 -17
f -17 -45 -46
f -17 -46 -16
f -16 -46 -47
f -16 -47 -15
f -15 -47 -48
f -15 -48 -14
f -14 -48 -49
f -14 -49 -13
f -13 -49 -50
f -13 -50 -12
f -12 -50 -51
f -12 -51 -11
f -11 -51 -52
f -11 -52 -10
f -10 -52 -53
f -10 -53 -9
f -9 -53 -54
f -9 -54 -8
f -8 -54 -55
f -8 -55 -7
f -7 -55 -56
f -7 -56 -6
f -6 -56 -57
f -6 -57 -5
f -5 -57 -58
f -5 -58 -4
f -4 -58 -59
f -4 -59 -3
f -3 -59 -60
f -3 -60 -2
f -2 -60 -1
f -162 -160 -143
f -143 -160 -159
f -143 -159 -144
f -144 -159 -158
f -144 -158 -145
f -145 -158 -157
f -145 -157 -146
f -146 -157 -156
f -146 -156 -155
f -746 -748 -840
f -840 -748 -749
f -840 -749 -837
f -837 -749 -750
f -837 -750 -834
f -750 -751 -834
f -834 -751 -752
f -834 -752 -831
f -831 -752 -753
f -831 -753 -828
f -828 -753 -754
f -828 -754 -825
f -137 -139 -136
f -136 -139 -140
f -136 -140 -135
f -135 -140 -141
f -135 -141 -134
f -134 -141 -142
f -134 -142 -133
f -133 -142 -121
f -133 -121 -132
f -132 -121 -122
f -132 -122 -131
f -131 -122 -123
f -131 -123 -130
f -130 -123 -124
f -130 -124 -129
f -129 -124 -125
f -129 -125 -128
f -128 -125 -126
f -128 -126 -127
f -821 -823 -824
f -824 -823 -826
f -824 -826 -827
f -827 -826 -829
f -827 -829 -830
f -830 -829 -832
f -830 -832 -833
f -833 -832 -835
f -833 -835 -836
f -836 -835 -838
f -836 -838 -839
f -839 -838 -743
f -839 -743 -744
f -819 -821 -822
f -822 -821 -824
f -822 -824 -825
f -825 -824 -827
f -825 -827 -828
f -828 -827 -830
f -828 -830 -831
f -831 -830 -833
f -831 -833 -834
f -834 -833 -836
f -834 -836 -837
f -837 -836 -839
f -837 -839 -840
f -840 -839 -745
f -840 -745 -746
f -811 -809 -808
f -808 -809 -806
f -808 -806 -805
f -732 -820 -817
f -817 -820 -818
f -817 -818 -815
f -815 -818 -816
f -815 -816 -813
f -813 -816 -760
f -813 -760 -761
f -733 -734 -823
f -823 -734 -735
f -823 -735 -826
f -826 -735 -736
f -826 -736 -829
f -829 -736 -737
f -829 -737 -832
f -832 -737 -738
f -832 -738 -739
f -733 -823 -820
f -820 -823 -821
f -820 -821 -818
f -818 -821 -819
f -818 -819 -816
f -816 -819 -759
f -816 -759 -760
f -754 -755 -825
f -825 -755 -756
f -825 -756 -822
f -822 -756 -757
f -822 -757 -819
f -819 -757 -758
f -819 -758 -759
f -731 -817 -814
f -814 -817 -815
f -814 -815 -812
f -812 -815 -813
f -812 -813 -810
f -810 -813 -761
f -810 -761 -762
f -185 -186 -200
f -200 -186 -187
f -200 -187 -188
f -768 -795 -798
f -798 -795 -797
f -798 -797 -800
f -800 -797 -799
f -800 -799 -802
f -181 -182 -200
f -200 -182 -184
f -200 -184 -185
f -785 -784 -787
f -787 -784 -717
f -787 -717 -718
f -770 -795 -769
f -769 -795 -768
f -796 -797 -794
f -794 -797 -795
f -794 -795 -792
f -792 -795 -770
f -792 -770 -771
f -804 -806 -807
f -807 -806 -809
f -765 -804 -764
f -764 -804 -807
f -764 -807 -763
f -763 -807 -810
f -810 -807 -809
f -810 -809 -812
f -812 -809 -811
f -812 -811 -814
f -805 -806 -803
f -803 -806 -804
f -803 -804 -801
f -801 -804 -765
f -801 -765 -766
f -802 -803 -800
f -800 -803 -801
f -800 -801 -798
f -798 -801 -767
f -798 -767 -768
f -805 -727 -808
f -808 -727 -728
f -808 -728 -811
f -811 -728 -729
f -811 -729 -814
f -814 -729 -730
f -814 -730 -731
f -721 -722 -796
f -796 -722 -723
f -796 -723 -799
f -799 -723 -724
f -799 -724 -802
f -802 -724 -725
f -802 -725 -805
f -805 -725 -726
f -805 -726 -727
f -786 -785 -788
f -788 -785 -787
f -788 -787 -790
f -790 -787 -719
f -790 -719 -720
f -773 -774 -786
f -786 -774 -783
f -786 -783 -785
f -785 -783 -782
f -785 -782 -784
f -784 -782 -781
f -784 -781 -716
f -716 -781 -715
f -721 -796 -793
f -793 -796 -794
f -793 -794 -791
f -791 -794 -792
f -791 -792 -789
f -789 -792 -771
f -789 -771 -772
f -720 -793 -790
f -790 -793 -791
f -790 -791 -788
f -788 -791 -789
f -788 -789 -786
f -786 -789 -772
f -786 -772 -773
f -648 -650 -651
f -651 -650 -653
f -585 -586 -654
f -654 -586 -655
f -654 -655 -652
f -652 -655 -590
f -652 -590 -591
f -281 -279 -262
f -262 -279 -278
f -262 -278 -263
f -263 -278 -277
f -263 -277 -264
f -264 -277 -276
f -264 -276 -265
f -265 -276 -275
f -265 -275 -274
f -216 -217 -214
f -214 -217 -175
f -214 -175 -176
f -616 -629 -626
f -626 -629 -627
f -626 -627 -624
f -188 -189 -200
f -200 -189 -202
f -200 -202 -181
f -622 -624 -625
f -625 -624 -627
f -189 -190 -202
f -202 -190 -201
f -202 -201 -204
f -204 -201 -203
f -204 -203 -206
f -607 -608 -620
f -620 -608 -609
f -620 -609 -622
f -604 -605 -620
f -620 -605 -606
f -620 -606 -607
f -196 -206 -195
f -195 -206 -203
f -195 -203 -194
f -194 -203 -201
f -194 -201 -193
f -193 -201 -192
f -616 -632 -629
f -629 -632 -630
f -629 -630 -627
f -627 -630 -628
f -627 -628 -625
f -196 -209 -206
f -206 -209 -207
f -206 -207 -204
f -204 -207 -205
f -204 -205 -202
f -202 -205 -180
f -202 -180 -181
f -196 -212 -209
f -209 -212 -210
f -209 -210 -207
f -207 -210 -208
f -207 -208 -205
f -205 -208 -179
f -205 -179 -180
f -615 -623 -614
f -614 -623 -621
f -614 -621 -613
f -610 -611 -621
f -621 -611 -612
f -621 -612 -613
f -609 -610 -622
f -622 -610 -621
f -622 -621 -624
f -624 -621 -623
f -624 -623 -626
f -626 -623 -615
f -626 -615 -616
f -215 -216 -213
f -213 -216 -214
f -213 -214 -211
f -211 -214 -176
f -211 -176 -177
f -603 -604 -602
f -602 -604 -620
f -602 -620 -601
f -601 -620 -622
f -601 -622 -600
f -600 -622 -625
f -600 -625 -599
f -599 -625 -628
f -648 -647 -650
f -650 -647 -619
f -650 -619 -653
f -653 -619 -583
f -653 -583 -584
f -643 -645 -646
f -646 -645 -648
f -646 -648 -649
f -649 -648 -651
f -593 -643 -592
f -592 -643 -646
f -592 -646 -591
f -591 -646 -649
f -591 -649 -652
f -652 -649 -651
f -652 -651 -654
f -654 -651 -653
f -654 -653 -585
f -585 -653 -584
f -173 -174 -220
f -220 -174 -217
f -220 -217 -219
f -219 -217 -216
f -219 -216 -218
f -218 -216 -215
f -229 -231 -232
f -232 -231 -234
f -232 -234 -235
f -229 -228 -231
f -231 -228 -230
f -231 -230 -233
f -233 -230 -199
f -233 -199 -163
f -642 -640 -639
f -639 -640 -637
f -639 -637 -636
f -636 -637 -634
f -644 -642 -641
f -641 -642 -639
f -641 -639 -638
f -638 -639 -636
f -638 -636 -635
f -635 -636 -633
f -633 -636 -634
f -633 -634 -631
f -644 -641 -618
f -618 -641 -638
f -618 -638 -617
f -617 -638 -635
f -617 -635 -632
f -632 -635 -633
f -632 -633 -630
f -630 -633 -631
f -630 -631 -628
f -628 -631 -598
f -628 -598 -599
f -163 -164 -233
f -233 -164 -165
f -233 -165 -234
f -234 -165 -166
f -234 -166 -235
f -235 -166 -167
f -235 -167 -168
f -168 -169 -235
f -235 -169 -170
f -235 -170 -232
f -232 -170 -171
f -232 -171 -229
f -229 -171 -226
f -229 -226 -228
f -228 -226 -225
f -228 -225 -227
f -227 -225 -224
f -227 -224 -198
f -640 -594 -637
f -637 -594 -595
f -637 -595 -634
f -634 -595 -596
f -634 -596 -631
f -631 -596 -597
f -631 -597 -598
f -171 -172 -226
f -226 -172 -223
f -226 -223 -225
f -225 -223 -222
f -225 -222 -224
f -224 -222 -221
f -224 -221 -198
f -198 -221 -218
f -198 -218 -197
f -197 -218 -215
f -197 -215 -212
f -212 -215 -213
f -212 -213 -210
f -210 -213 -211
f -210 -211 -208
f -208 -211 -178
f -208 -178 -179
f -593 -640 -643
f -643 -640 -642
f -643 -642 -645
f -645 -642 -644
f -645 -644 -647
f -647 -644 -618
f -647 -618 -619
f -487 -394 -484
f -484 -394 -395
f -484 -395 -481
f -481 -395 -396
f -481 -396 -478
f -435 -436 -491
f -491 -436 -437
f -491 -437 -494
f -494 -437 -438
f -494 -438 -497
f -497 -438 -439
f -497 -439 -500
f -500 -439 -440
f -500 -440 -441
f -396 -397 -478
f -478 -397 -398
f -478 -398 -475
f -475 -398 -399
f -475 -399 -472
f -472 -399 -400
f -472 -400 -469
f -400 -401 -469
f -469 -401 -402
f -469 -402 -466
f -466 -402 -403
f -466 -403 -463
f -403 -404 -463
f -463 -404 -405
f -463 -405 -460
f -460 -405 -406
f -460 -406 -457
f -457 -406 -407
f -457 -407 -454
f -448 -383 -508
f -508 -383 -384
f -508 -384 -505
f -505 -384 -385
f -505 -385 -502
f -385 -386 -502
f -502 -386 -387
f -502 -387 -499
f -499 -387 -388
f -499 -388 -496
f -496 -388 -389
f -496 -389 -493
f -427 -428 -473
f -473 -428 -429
f -473 -429 -476
f -476 -429 -430
f -476 -430 -479
f -479 -430 -431
f -479 -431 -482
f -482 -431 -432
f -482 -432 -433
f -389 -390 -493
f -493 -390 -391
f -493 -391 -490
f -490 -391 -392
f -490 -392 -487
f -487 -392 -393
f -487 -393 -394
f -572 -571 -574
f -574 -571 -520
f -574 -520 -521
f -578 -579 -576
f -576 -579 -537
f -576 -537 -538
f -531 -532 -582
f -582 -532 -534
f -582 -534 -535
f -528 -529 -582
f -582 -529 -530
f -582 -530 -531
f -525 -526 -582
f -582 -526 -527
f -582 -527 -528
f -525 -582 -580
f -580 -582 -581
f -580 -581 -579
f -579 -581 -536
f -579 -536 -537
f -541 -570 -540
f -540 -570 -539
f -522 -580 -577
f -577 -580 -578
f -577 -578 -575
f -575 -578 -576
f -575 -576 -573
f -573 -576 -538
f -573 -572 -575
f -575 -572 -574
f -575 -574 -577
f -577 -574 -521
f -577 -521 -522
f -522 -523 -580
f -580 -523 -524
f -580 -524 -525
f -563 -566 -564
f -564 -566 -567
f -564 -567 -542
f -569 -570 -567
f -567 -570 -541
f -567 -541 -542
f -568 -566 -565
f -565 -566 -563
f -565 -563 -562
f -562 -563 -560
f -562 -560 -559
f -552 -551 -554
f -554 -551 -553
f -554 -553 -556
f -538 -539 -573
f -573 -539 -570
f -573 -570 -572
f -572 -570 -569
f -572 -569 -571
f -571 -569 -568
f -571 -568 -519
f -519 -568 -565
f -519 -565 -518
f -518 -565 -562
f -518 -562 -517
f -517 -562 -559
f -517 -559 -516
f -545 -552 -555
f -555 -552 -554
f -555 -554 -557
f -557 -554 -556
f -557 -558 -555
f -555 -558 -544
f -555 -544 -545
f -543 -544 -561
f -561 -544 -558
f -561 -558 -560
f -560 -558 -557
f -560 -557 -559
f -559 -557 -556
f -559 -556 -516
f -516 -556 -553
f -545 -546 -552
f -552 -546 -549
f -552 -549 -551
f -549 -548 -551
f -551 -548 -550
f -551 -550 -553
f -553 -550 -515
f -553 -515 -516
f -509 -510 -549
f -549 -510 -511
f -549 -511 -548
f -548 -511 -512
f -548 -512 -547
f -547 -512 -513
f -547 -513 -514
f -344 -345 -351
f -351 -345 -348
f -351 -348 -350
f -313 -349 -346
f -346 -349 -347
f -346 -347 -311
f -311 -347 -310
f -349 -350 -347
f -347 -350 -348
f -347 -348 -310
f -310 -348 -309
f -315 -358 -355
f -355 -358 -356
f -313 -314 -349
f -349 -314 -352
f -349 -352 -350
f -350 -352 -353
f -350 -353 -351
f -351 -353 -354
f -351 -354 -344
f -344 -354 -343
f -320 -376 -373
f -373 -376 -374
f -373 -374 -371
f -371 -374 -372
f -371 -372 -369
f -369 -372 -338
f -315 -316 -358
f -358 -316 -361
f -358 -361 -359
f -319 -373 -370
f -370 -373 -371
f -370 -371 -368
f -368 -371 -369
f -368 -369 -366
f -317 -364 -361
f -361 -364 -362
f -361 -362 -359
f -359 -362 -360
f -359 -360 -357
f -376 -377 -374
f -374 -377 -375
f -374 -375 -372
f -372 -375 -337
f -372 -337 -338
f -318 -367 -364
f -364 -367 -365
f -364 -365 -362
f -362 -365 -363
f -362 -363 -360
f -318 -370 -367
f -367 -370 -368
f -367 -368 -365
f -365 -368 -366
f -365 -366 -363
f -314 -315 -352
f -352 -315 -355
f -352 -355 -353
f -353 -355 -356
f -353 -356 -354
f -354 -356 -357
f -354 -357 -343
f -343 -357 -360
f -343 -360 -342
f -342 -360 -363
f -342 -363 -341
f -341 -363 -366
f -341 -366 -340
f -340 -366 -369
f -340 -369 -339
f -339 -369 -338
f -329 -330 -381
f -381 -330 -331
f -381 -331 -333
f -333 -331 -332
f -326 -327 -381
f -381 -327 -328
f -381 -328 -329
f -379 -324 -381
f -381 -324 -325
f -381 -325 -326
f -336 -378 -335
f -335 -378 -380
f -335 -380 -334
f -321 -322 -379
f -379 -322 -323
f -379 -323 -324
f -378 -379 -380
f -380 -379 -381
f -380 -381 -334
f -334 -381 -333
f -320 -321 -376
f -376 -321 -379
f -376 -379 -377
f -377 -379 -378
f -377 -378 -375
f -375 -378 -336
f -375 -336 -337
f -453 -455 -456
f -456 -455 -458
f -456 -458 -459
f -459 -458 -461
f -459 -461 -462
f -462 -461 -464
f -462 -464 -465
f -465 -464 -467
f -465 -467 -468
f -468 -467 -470
f -468 -470 -471
f -471 -470 -473
f -471 -473 -474
f -474 -473 -476
f -474 -476 -477
f -477 -476 -479
f -477 -479 -480
f -480 -479 -482
f -480 -482 -483
f -483 -482 -485
f -483 -485 -486
f -486 -485 -488
f -486 -488 -489
f -489 -488 -491
f -489 -491 -492
f -492 -491 -494
f -492 -494 -495
f -495 -494 -497
f -495 -497 -498
f -498 -497 -500
f -498 -500 -501
f -501 -500 -503
f -501 -503 -504
f -504 -503 -506
f -504 -506 -507
f -507 -506 -445
f -507 -445 -446
f -451 -453 -454
f -454 -453 -456
f -454 -456 -457
f -457 -456 -459
f -457 -459 -460
f -460 -459 -462
f -460 -462 -463
f -463 -462 -465
f -463 -465 -466
f -466 -465 -468
f -466 -468 -469
f -469 -468 -471
f -469 -471 -472
f -472 -471 -474
f -472 -474 -475
f -475 -474 -477
f -475 -477 -478
f -478 -477 -480
f -478 -480 -481
f -481 -480 -483
f -481 -483 -484
f -484 -483 -486
f -484 -486 -487
f -487 -486 -489
f -487 -489 -490
f -490 -489 -492
f -490 -492 -493
f -493 -492 -495
f -493 -495 -496
f -496 -495 -498
f -496 -498 -499
f -499 -498 -501
f -499 -501 -502
f -502 -501 -504
f -502 -504 -505
f -505 -504 -507
f -505 -507 -508
f -508 -507 -447
f -508 -447 -448
f -410 -451 -409
f -409 -451 -454
f -409 -454 -408
f -408 -454 -407
f -419 -420 -455
f -455 -420 -421
f -455 -421 -458
f -458 -421 -422
f -458 -422 -461
f -461 -422 -423
f -461 -423 -464
f -464 -423 -424
f -464 -424 -425
f -419 -455 -452
f -452 -455 -453
f -452 -453 -450
f -450 -453 -451
f -450 -451 -412
f -412 -451 -410
f -412 -410 -411

